symbol,buyable,score,fail_reasons,market_cap,trailing_pe,price_to_book,current_ratio,debt_to_equity,return_on_equity,gross_margin,operating_margin,free_cash_flow,dividend_yield,consecutive_positive_earnings_years
HCI,False,95.28161516666668,"graham_current_ratio,graham_earnings_stability",2287756288.0,7.809767,2.123763,0.865,0.05722000000000001,0.34974998,0.59726,0.45431,423198496.0,0.0087,3.0
EXEL,False,93.34617398836652,graham_pe_times_pb,12583592960.0,15.970125,6.855427,3.456,0.08999,0.44393003,0.96483004,0.39513,739715136.0,,4.0
INVA,False,91.61578393658242,graham_size,1520767488.0,4.883991,1.2398397,16.007,0.26859,0.36676,0.72670996,0.43277,110332496.0,,4.0
ADBE,False,90.78355000000002,"graham_current_ratio,graham_pe_times_pb",104957894656.0,14.436578,9.14695,0.751,0.61443,0.62953997,0.89404,0.35327998,9218374656.0,,4.0
YOU,False,88.03458979700977,"graham_current_ratio,graham_earnings_stability,graham_pe,graham_pe_times_pb",6151199744.0,30.608107,25.069174,1.04,0.45141,1.19174,0.66656,0.29865,418440384.0,0.0126,3.0
TDC,False,87.61760714285714,graham_current_ratio,2591910144.0,5.8673687,4.413302,0.915,0.16695000000000002,1.19116,0.61325,0.11951,348500000.0,,4.0
NFLX,False,86.91006446184174,"graham_current_ratio,graham_pe,graham_pe_times_pb",325203689472.0,24.559748,10.785803,1.142,0.55236,0.49541,0.49118,0.33381,25387552768.0,,4.0
QLYS,False,86.41738266910383,"graham_current_ratio,graham_pe,graham_pe_times_pb",6544335872.0,32.84201,11.659167,1.384,0.09498,0.38592,0.83417,0.33979,244382624.0,,4.0
PEGA,False,85.04549294285715,"graham_current_ratio,graham_earnings_stability,graham_pe_times_pb",5357957120.0,18.517046,9.557184,1.059,0.12851,0.54693,0.75573,0.046040002,507401984.0,0.0036,3.0
GEN,False,85.00000000000001,"graham_current_ratio,graham_debt_to_equity,graham_pe_times_pb",17263249408.0,16.865498,6.504285,0.466,3.07831,0.41944,0.78007007,0.35554,1547124992.0,0.0169,4.0
FHI,False,84.98408433213717,graham_pe_times_pb,4737195008.0,11.79368,3.618271,2.592,0.32354,0.31137,0.69044,0.27722,371463872.0,0.0229,4.0
NEM,False,84.82959024634333,"graham_earnings_stability,graham_pe_times_pb",124014313472.0,15.32487,3.5365086,2.546,0.15807000000000002,0.25905,0.68041,0.51569,8815875072.0,0.0091,2.0
DECK,False,84.75124912632305,graham_pe_times_pb,12790199296.0,13.359885,5.579185,2.747,0.20521,0.42558,0.57804,0.15233,871420352.0,,4.0
HRB,False,84.10428571428572,"graham_current_ratio,graham_debt_to_equity,graham_pe_times_pb",6744910336.0,9.351494,-277.1354,1.133,17.894190000000002,7.13542,0.60358,0.3291,624796864.0,0.0345,4.0
ALL,False,83.71084933333334,"graham_current_ratio,graham_earnings_stability",65760768000.0,5.208692,2.0840445,0.363,0.22261,0.46113998,0.36800998,0.22827,15158625280.0,0.0166,2.0
INCY,False,83.64796887165006,graham_pe_times_pb,24223393792.0,15.262452,3.7856371,4.593,0.00603,0.30667,0.55659,0.41899,1180664576.0,,4.0
CARG,False,83.51454249162222,graham_pe_times_pb,3317096448.0,19.195877,14.1167555,1.85,0.7003499999999999,0.53470004,0.92375,0.25275,241320752.0,,4.0
APAM,False,83.4094443809524,graham_pe_times_pb,3001019136.0,9.922535,7.1450305,3.007,0.57111,0.64552003,0.45593,0.27482998,291218624.0,0.08109999999999999,4.0
APA,False,82.66614999999999,graham_current_ratio,14217265152.0,8.561182,2.0267706,0.946,0.48854,0.26659,0.78255,0.56331,2146749952.0,0.025,4.0
HRMY,True,82.58763442857142,,2222883072.0,12.765885,2.2200894,3.479,0.16030999999999998,0.20456,0.75424004,0.34183997,182835504.0,,4.0
PRI,False,82.51435,graham_pe_times_pb,9652546560.0,12.600442,3.9010997,3.73,0.71521,0.32966,0.72097,0.31542,1038982144.0,0.0154,4.0
PTC,False,82.13677728034435,"graham_current_ratio,graham_pe_times_pb",16426220544.0,14.683316,4.830562,1.025,0.46335,0.35053003,0.84501,0.28232,1031425152.0,,4.0
IDCC,False,81.64984894859818,"graham_pe,graham_pe_times_pb",8910557184.0,40.622353,7.4120426,1.743,0.33401000000000003,0.26403,0.82498,0.53518003,600847744.0,0.008,4.0
GDDY,False,81.59585628571429,"data_invalid_outlier:debt_to_equity,graham_current_ratio,graham_debt_to_equity,graham_pe_times_pb",12236701696.0,14.356612,1823.0189,0.632,573.3433,4.42861,0.63802,0.27056998,1204950016.0,,4.0
KNSL,False,81.42671666666666,"graham_current_ratio,graham_pe_times_pb",8652611584.0,15.410142,4.251656,0.194,0.11033,0.30268,0.31142,0.40678,982102720.0,0.0027,4.0
ZTS,False,81.33579165015998,"data_missing:price_to_book,graham_debt_to_equity",30867802112.0,12.18597,,3.084,2.9399599999999997,0.64911,0.71738,0.40721,2016999936.0,0.027999999999999997,4.0
NVDA,False,81.13811340926688,"graham_pe,graham_pe_times_pb",5460624146432.0,34.525265,27.936804,3.441,0.06555,1.14288,0.74144995,0.65596,46335873024.0,0.0045000000000000005,4.0
WH,False,81.09973654182032,"graham_current_ratio,graham_debt_to_equity,graham_pe,graham_pe_times_pb",5481233408.0,26.66426,11.540625,0.988,5.57292,0.39429,0.62835,0.47733003,362375008.0,0.0227,4.0
AMP,False,80.69865331659275,graham_pe_times_pb,50545483776.0,13.831613,7.950285,2.182,0.67578,0.63432,0.54932,0.30719998,2903124992.0,0.011899999999999999,4.0
BMY,False,80.33819077990947,"graham_debt_to_equity,graham_earnings_stability,graham_pe_times_pb",130141347840.0,14.033039,5.8315787,1.532,2.01859,0.46598998,0.71661,0.34418,8114375168.0,0.039,1.0
IT,False,79.69557142857143,"data_missing:debt_to_equity,graham_current_ratio,graham_pe_times_pb",11252515840.0,16.009884,-68.58737,0.88,,1.13581,0.69629997,0.22623,1052553024.0,,4.0
CROX,False,79.53709523809525,"graham_current_ratio,graham_debt_to_equity,graham_earnings_stability,graham_pe_times_pb",6351284224.0,11.754214,4.605089,1.49,1.21993,0.42299998,0.5747,0.24221,533888736.0,,0.0
PLTR,False,79.52209042656624,"graham_earnings_stability,graham_pe,graham_pe_times_pb",424956854272.0,152.44827,43.470993,7.228,0.02139,0.38097,0.84796,0.47120997,2159104512.0,,3.0
RNR,False,79.39093333333334,"graham_current_ratio,graham_earnings_stability",13412950016.0,5.5973644,1.2191898,1.352,0.12211,0.21475,0.45349,0.41674,2787289856.0,0.0051,3.0
HLNE,False,79.25124505338074,graham_pe_times_pb,7078316032.0,16.092846,5.047983,4.111,0.21558,0.32416,0.6066,0.45933998,231402752.0,0.0232,4.0
NMIH,True,79.2073,,3432942592.0,8.984252,1.2715571,2.029,0.15753,0.15427,0.76384,0.76672995,329759616.0,,4.0
BLKB,False,79.15166666666667,"graham_current_ratio,graham_debt_to_equity,graham_earnings_stability,graham_pe_times_pb",2081816832.0,14.332813,30.67893,0.828,17.27037,1.94448,0.59618,0.21651,213775680.0,,1.0
ADSK,False,79.14657573626256,"graham_current_ratio,graham_pe,graham_pe_times_pb",53490483200.0,36.929302,16.761612,0.835,0.85419,0.50396,0.92434,0.29524,3060999936.0,,4.0
MU,False,79.0505,"data_missing:market_cap,graham_earnings_stability,graham_pe,graham_pe_times_pb",,21.753502,10.79202,3.425,0.0633,0.66638,0.72569,0.80370003,7639499776.0,0.0006,2.0
FTNT,False,78.75491348717236,"graham_current_ratio,graham_pe,graham_pe_times_pb",118340673536.0,55.426113,76.29611,1.282,0.36194000000000004,1.17442,0.80204004,0.33595002,2265587456.0,,4.0
CNX,False,78.56619999999998,"graham_current_ratio,graham_earnings_stability",5305258496.0,5.8119936,1.1033508,0.716,0.49137000000000003,0.21249,0.73616,0.62878,437116736.0,,1.0
MTG,False,78.50679999999998,munger_roe,6361946624.0,9.692187,1.2781258,4.964,0.12903,0.13923,0.92607003,0.80851996,518861888.0,0.0222,4.0
TROW,True,78.4942230595238,,23490342912.0,11.067337,2.19555,4.039,0.03702,0.19399999,0.51614,0.28688,2023912448.0,0.0467,4.0
CF,True,78.32864043352782,,17889679360.0,8.769288,3.117599,4.86,0.40503999999999996,0.29867,0.42486,0.49325,1276749952.0,0.020499999999999997,4.0
EXPE,False,78.13428571428571,"graham_current_ratio,graham_debt_to_equity,graham_pe,graham_pe_times_pb",39591682048.0,20.591135,32.74144,0.801,2.30271,0.89489,0.90433,0.1898,3434374912.0,0.0059,4.0
GOOG,False,78.10714059504343,graham_pe_times_pb,4195919593472.0,17.231844,6.7409225,2.724,0.18859,0.48676,0.60897,0.34033,22665000960.0,0.0026,4.0
GOOGL,False,78.09751131538044,graham_pe_times_pb,4226053832704.0,17.346888,6.789335,2.724,0.18859,0.48676,0.60897,0.34033,22665000960.0,0.0025,4.0
EOG,True,77.97504084802495,,74753277952.0,11.090661,2.4661696,1.851,0.25891,0.22507,0.62636,0.40717998,4478750208.0,0.028900000000000002,4.0
ESNT,False,77.69319999999999,munger_roe,6240989696.0,9.551582,1.1019949,1.791,0.08757,0.12009,0.76005995,0.6575,690249472.0,0.0202,4.0
SEZL,False,77.6784944272067,"graham_earnings_stability,graham_pe,graham_pe_times_pb",4536361472.0,29.541668,23.003757,4.017,0.52416,0.88851,0.74967,0.57167,100542000.0,,3.0
TER,False,77.62314787619354,"graham_pe,graham_pe_times_pb",62566789120.0,55.047455,19.927053,2.125,0.02883,0.36465,0.59242,0.33161,437381248.0,0.0013,4.0
PRDO,False,77.5382935,graham_size,1970864384.0,11.452727,1.9071697,4.692,0.11009000000000001,0.17554002,0.79890996,0.25722998,184656128.0,0.0213,4.0
INSW,True,77.39774641707231,,4756244480.0,6.1397057,2.1663847,5.944,0.28815,0.37412,0.725,0.64219004,69650376.0,0.086,4.0
V,False,77.32670290702688,"graham_current_ratio,graham_pe,graham_pe_times_pb",680146698240.0,30.950722,19.305246,0.985,0.67821,0.6119,0.97725,0.66130996,20404000768.0,0.0073,4.0
TPL,False,77.26295,"graham_pe,graham_pe_times_pb,munger_fcf",24506013696.0,45.317604,15.750067,4.552,0.01077,0.36566,0.93336,0.78177,-32836124.0,0.0069,4.0
LVS,False,76.9404979403618,"graham_current_ratio,graham_debt_to_equity,graham_pe_times_pb",29878456320.0,17.879847,51.42698,0.997,17.03902,1.22869,0.79335,0.19658001,2212875008.0,0.0262,4.0
DUOL,False,76.91742918441382,"graham_earnings_stability,graham_pe_times_pb",6248137216.0,15.851065,4.444518,2.719,0.0611,0.3442,0.72717005,0.11684,300198016.0,,3.0
LOPE,False,76.82730315102233,graham_pe_times_pb,3745806592.0,17.356281,5.5600266,2.818,0.15564999999999998,0.30979002,0.53271,0.22023001,205755248.0,,4.0
MEDP,False,76.81879067895963,"graham_current_ratio,graham_pe,graham_pe_times_pb",16140891136.0,33.93691,37.200706,0.732,0.33216,1.6215401,0.7235,0.20757,510396512.0,,4.0
MCRI,False,76.57351652713642,"graham_current_ratio,graham_pe,graham_pe_times_pb",2237983232.0,20.172844,3.8802369,1.207,0.02218,0.20544,0.68021005,0.27436,131950872.0,0.0098,4.0
ACT,False,76.47950640565682,"graham_current_ratio,munger_roe",6898930176.0,10.586498,1.2846574,0.922,0.13812,0.12869,0.73177004,0.73258,521546880.0,0.0194,4.0
CHH,False,76.16351359618267,"graham_current_ratio,graham_debt_to_equity,graham_pe_times_pb",4753823744.0,14.927142,32.910236,0.926,14.817260000000001,5.66362,0.90328,0.37729,212277504.0,0.0109,4.0
MANH,False,76.1513937785619,"graham_current_ratio,graham_pe,graham_pe_times_pb",11536514048.0,54.358517,73.229095,0.983,0.34209,0.96378,0.5581,0.25015,321116384.0,,4.0
SEIC,False,75.87077823760005,graham_pe_times_pb,12791645184.0,18.797178,5.1154313,5.059,0.02383,0.27587998,0.78388,0.30706,377482240.0,0.0098,4.0
MGY,True,75.79703840661124,,6372691456.0,11.475983,2.2242913,1.583,0.19243,0.20854001,0.8222,0.50688,332475744.0,0.025,4.0
LULU,True,75.74779285714285,,13434563584.0,9.681669,2.8053493,2.226,0.44264000000000003,0.32027,0.55695,0.11205,1133960960.0,,4.0
CINF,False,75.68008333333333,"graham_current_ratio,graham_earnings_stability",26641487872.0,8.1957035,1.5972561,1.151,0.05255,0.21484,0.31066,0.37202,2984875008.0,0.0218,3.0
INTU,False,75.56586600665167,"graham_current_ratio,graham_pe,graham_pe_times_pb",95397396480.0,21.30452,4.636775,1.453,0.33448,0.22496,0.80793,0.46974,5232000000.0,0.0134,4.0
IDXX,False,74.97729946414925,"graham_current_ratio,graham_pe,graham_pe_times_pb",43875553280.0,39.137726,27.240393,1.172,0.67971,0.74211,0.62446,0.3498,909368384.0,,4.0
VCTR,False,74.91794159503975,"graham_pe,graham_pe_times_pb",7261204992.0,21.424683,3.1289759,2.066,0.42615000000000003,0.19045,0.57335997,0.48994,520321760.0,0.0169,4.0
AMGN,False,74.68957460127075,"graham_current_ratio,graham_debt_to_equity,graham_pe,graham_pe_times_pb",223065128960.0,25.625854,19.07123,1.371,4.90281,0.91473,0.71891,0.35548002,8645624832.0,0.0241,4.0
FTDR,False,74.62511216588494,"graham_debt_to_equity,graham_pe,graham_pe_times_pb",5950315520.0,22.78892,21.070993,1.591,4.16901,1.01859,0.55544996,0.28217,333624992.0,,4.0
CPAY,False,74.6112297851538,"graham_current_ratio,graham_debt_to_equity,graham_pe,graham_pe_times_pb",27488391168.0,25.434387,7.887746,0.972,2.75291,0.29215,0.80539,0.4692,1946175872.0,,4.0
FSLR,False,74.57563647238108,"graham_earnings_stability,graham_pe,graham_pe_times_pb",24513859584.0,23.612837,2.3752747,2.518,0.018799999999999997,0.18509,0.44015998,0.42641997,1598684800.0,,3.0
WDC,False,74.50346666666667,"data_missing:market_cap,data_missing:price_to_book,graham_current_ratio,graham_earnings_stability,graham_pe",,20.416151,,1.329,0.11868000000000001,1.30853,0.48851,0.42861,2318500096.0,0.0013,1.0
PAYC,False,74.30022248785345,"graham_current_ratio,graham_debt_to_equity,graham_pe,graham_pe_times_pb",9895023616.0,23.207188,12.315027,1.074,1.71969,0.41089,0.88055,0.31721002,423724992.0,0.0067,4.0
WEX,False,74.18864285714287,"graham_current_ratio,graham_debt_to_equity,graham_pe_times_pb",6703512576.0,18.750238,5.017474,1.045,3.98423,0.3019,0.73232,0.26941,1331299968.0,,4.0
CRUS,False,73.89549619996232,graham_pe_times_pb,6047184896.0,14.841329,2.7804406,7.583,0.0596,0.20903999,0.52785,0.18367,450997248.0,,4.0
GFF,False,73.8752380952381,"graham_debt_to_equity,graham_earnings_stability,graham_pe,graham_pe_times_pb",4816455168.0,21.922756,36.975353,2.411,10.351759999999999,2.27544,0.41297,0.23589,444938752.0,0.0084,3.0
DXCM,False,73.73913552321123,"graham_pe,graham_pe_times_pb",34281338880.0,35.625492,13.078751,1.733,0.5334599999999999,0.38491002,0.62473,0.24327,1021162496.0,,4.0
LRCX,False,73.73544715164225,"graham_pe,graham_pe_times_pb",413211197440.0,57.32986,39.014652,2.629,0.33049,0.65066004,0.50469,0.37390998,3090484480.0,0.0031,4.0
RELY,False,73.69647583968361,"graham_earnings_stability,graham_pe_times_pb",5519858688.0,18.859713,4.9239297,3.181,0.03396,0.32246,0.61548,0.14324,196120992.0,,1.0
DAVE,False,73.63688924189978,"graham_debt_to_equity,graham_earnings_stability,graham_pe,graham_pe_times_pb",4391083520.0,22.181057,21.478039,4.223,1.29139,1.04779,0.71748,0.32945,167170368.0,,2.0
MA,False,73.52738422100677,"graham_current_ratio,graham_debt_to_equity,graham_pe,graham_pe_times_pb",497258299392.0,30.799784,88.74922,1.061,4.39583,2.41202,1.0,0.61108,16961250304.0,0.0060999999999999995,4.0
HL,False,73.42127517936237,"graham_earnings_stability,graham_pe,graham_pe_times_pb",12383916032.0,22.210602,4.624887,5.197,0.008020000000000001,0.22173999,0.61395,0.4427,342344736.0,0.0008,2.0
SNDK,False,73.14535118015061,"data_missing:debt_to_equity,graham_earnings_stability,graham_pe,graham_pe_times_pb",237708443648.0,22.058529,17.490332,2.29,,0.9164,0.71474,0.78494,7744875008.0,,0.0
LAMR,False,73.11854157948878,"graham_current_ratio,graham_debt_to_equity,graham_pe,graham_pe_times_pb",15943300096.0,28.702013,16.42775,0.627,5.0011399999999995,0.59433,0.67430997,0.33283,564673344.0,0.041299999999999996,4.0
APPF,False,73.08623359730706,"graham_earnings_stability,graham_pe,graham_pe_times_pb",7142898688.0,44.32527,13.575659,3.831,0.06799000000000001,0.3209,0.63532,0.18845,198919872.0,,3.0
QCOM,False,72.94868062892117,graham_pe_times_pb,171843010560.0,18.704,6.2544427,2.016,0.5521,0.33754003,0.54226,0.18528,10241000448.0,0.0223,4.0
TPR,False,72.90563449940223,"graham_debt_to_equity,graham_pe_times_pb",25793030144.0,17.559835,37.847614,1.752,5.7116,1.97135,0.77822,0.22578,1364899968.0,0.0125,4.0
CART,False,72.83883571428571,"graham_earnings_stability,graham_pe,graham_pe_times_pb",11218492416.0,26.480873,4.8635087,2.279,0.01348,0.16001,0.72577006,0.14094,917875008.0,,2.0
SPG,False,72.74824881156472,"graham_current_ratio,graham_debt_to_equity,graham_pe_times_pb",83737346048.0,15.56669,14.845875,0.266,5.03504,1.20508,0.81426,0.46023998,2595271168.0,0.04019999999999999,4.0
LNTH,False,72.72992377461419,"graham_pe,graham_pe_times_pb",6583697408.0,24.130383,5.4144077,3.06,0.47642,0.22215,0.60143,0.25817,451656000.0,,4.0
MCO,False,72.69145473963866,"graham_current_ratio,graham_debt_to_equity,graham_pe,graham_pe_times_pb",83830857728.0,30.028845,27.713118,1.19,2.4068199999999997,0.76932,0.74974996,0.49473998,2579124992.0,0.0084,4.0
HALO,False,72.54527948640703,"graham_debt_to_equity,graham_pe,graham_pe_times_pb",11176147968.0,28.876833,78.212875,2.709,15.17687,1.73674,0.76271003,0.59803003,337308640.0,,4.0
TRV,False,72.50983504761905,graham_current_ratio,77099753472.0,9.931488,2.3280933,0.323,0.27378,0.26511,0.34730998,0.23698,14775124992.0,0.013500000000000002,4.0
APP,False,72.37170576244458,"graham_debt_to_equity,graham_earnings_stability,graham_pe,graham_pe_times_pb",107843297280.0,24.674864,34.02798,4.3,1.1113,2.03686,0.88464,0.77678,3179956224.0,,3.0
LYFT,False,72.36834757619047,"graham_current_ratio,graham_earnings_stability",6552531456.0,2.5196507,2.170805,0.586,0.42738,1.52579,0.3802,0.025799999,1153134464.0,,2.0
ABNB,False,72.32953504750745,"graham_current_ratio,graham_pe,graham_pe_times_pb",111044796416.0,42.243736,14.029049,1.408,0.32004,0.34542,0.82901,0.21009001,3206874880.0,,4.0
MSFT,False,72.27993984549413,"graham_current_ratio,graham_pe,graham_pe_times_pb",3698516557824.0,27.763662,8.361959,1.23,0.29118,0.34039003,0.67944,0.45111,16545500160.0,0.0073,4.0
ADEA,False,72.26042278149346,"graham_earnings_stability,graham_pe,graham_pe_times_pb",3233414144.0,26.899082,6.7744913,3.247,0.82832,0.27878,1.0,0.31948,195100624.0,0.006999999999999999,3.0
CNS,False,72.13763557999282,"graham_pe,graham_pe_times_pb",4377000960.0,26.19077,7.4256306,6.638,0.19326000000000002,0.27329,0.47300997,0.34554002,156940496.0,0.0316,4.0
WLY,False,72.10858028717833,"graham_current_ratio,graham_earnings_stability,graham_pe_times_pb",2609590016.0,12.358173,3.0821342,0.539,0.9074899999999999,0.27694,0.74262,0.24714,202073248.0,0.0285,2.0
AMAT,False,72.08922197793963,"graham_pe,graham_pe_times_pb",401806983168.0,43.627583,16.805471,2.508,0.30399,0.39692003,0.48956,0.31896,3040375040.0,0.0039000000000000003,4.0
HAS,False,72.04590820797877,"graham_debt_to_equity,graham_earnings_stability,graham_pe_times_pb",13708111872.0,16.99126,19.46915,1.661,5.310420000000001,1.5956,0.63822,0.22157,688150016.0,0.028999999999999998,0.0
RMD,False,71.77217517970114,"graham_pe,graham_pe_times_pb",32848017408.0,21.607824,4.975939,3.1,0.12542,0.24269,0.61618,0.31041,939248256.0,0.011699999999999999,4.0
ACGL,False,71.58950465476191,graham_current_ratio,33645191168.0,7.6612277,1.4432507,0.589,0.17836,0.19936001,0.38758,0.26584998,4302125056.0,,4.0
DOCU,False,71.56460789285714,"graham_current_ratio,graham_earnings_stability,graham_pe,graham_pe_times_pb",11657167872.0,39.642857,6.4767666,0.665,0.10074999999999999,0.16440001,0.79541,0.13407,1250368768.0,,3.0
PGR,False,71.52014523809524,"graham_current_ratio,graham_pe_times_pb,munger_gross_margin",121681117184.0,10.501756,3.541875,0.293,0.24428,0.34943,0.18521,0.18208,15114500096.0,0.0019,4.0
RLI,False,71.51955867928513,"data_missing:price_to_book,graham_current_ratio",5837678592.0,13.363445,,1.06,0.18189,0.25164,0.35513002,0.36861,316104256.0,0.011399999999999999,4.0
GPOR,False,71.41813518199092,"graham_current_ratio,graham_earnings_stability",3024382976.0,6.505325,1.6551019,0.576,0.5047999999999999,0.27411,0.68134004,0.49495,102005000.0,,1.0
LAUR,False,71.3424075704999,"graham_current_ratio,graham_pe_times_pb",5135984640.0,16.645088,4.4997582,0.712,0.643,0.29318002,0.36800998,0.36278,343739264.0,,4.0
KTB,False,71.20804661904762,"graham_debt_to_equity,graham_pe,graham_pe_times_pb",4691517952.0,20.16152,7.565737,1.831,2.05768,0.49523997,0.49308997,0.11134,440592512.0,0.0252,4.0
YELP,False,71.20113646428572,graham_size,1325931520.0,11.418223,2.16488,1.749,0.19131,0.18190001,0.89647,0.12666,283744640.0,,4.0
COCO,False,71.11910700600951,"graham_pe,graham_pe_times_pb",3795309568.0,37.056496,9.390121,3.356,0.03508,0.31370002,0.41127998,0.29209998,104597248.0,,4.0
CPRI,False,71.11471432857144,"graham_size,graham_current_ratio,graham_debt_to_equity,graham_earnings_stability,graham_pe_times_pb",1761546240.0,19.673079,12.629629,1.189,9.73427,1.4461501,0.6271,0.026010001,192624992.0,,1.0
ULS,False,71.08728920617683,"graham_current_ratio,graham_pe,graham_pe_times_pb",15508808704.0,30.973791,9.723418,1.425,0.29383,0.38712,0.50413,0.18382,420500000.0,0.0076,4.0
GGG,False,71.04512675659109,"graham_pe,graham_pe_times_pb",13234867200.0,25.698112,5.2461963,2.992,0.0207,0.21240999,0.52642,0.29729,536623264.0,0.0143,4.0
CHRD,False,70.95208095238095,"graham_current_ratio,munger_roe",7518496256.0,9.499309,0.907845,1.221,0.17981999999999998,0.10312,0.4811,0.34717,961228032.0,0.0387,4.0
RRC,False,70.81652631591987,graham_current_ratio,9409105920.0,11.184722,1.9980646,0.649,0.21589,0.19475001,0.52119,0.36101002,454483360.0,0.01,4.0
ORI,False,70.77869242857142,graham_current_ratio,10340573184.0,9.392545,1.6914815,0.294,0.37518,0.18571,0.63918,0.17448999,1418687488.0,0.029500000000000002,4.0
CL,False,70.7302441549841,"graham_current_ratio,graham_debt_to_equity,graham_pe,graham_pe_times_pb",73614925824.0,36.3563,311.97635,1.026,13.88163,2.67367,0.60431,0.20966,3458374912.0,0.023,4.0
AVGO,False,70.485776707314,"graham_pe,graham_pe_times_pb",1875295469568.0,65.476746,21.387413,2.238,0.7401800000000001,0.37280998,0.76284,0.48988,27212249088.0,0.0062,4.0
MORN,False,70.39872763523478,"graham_current_ratio,graham_debt_to_equity,graham_pe_times_pb",7753680384.0,19.666033,7.573559,1.056,1.86052,0.3196,0.62240005,0.24215999,497800000.0,0.0097,4.0
AGX,False,70.34113767135362,"graham_pe,graham_pe_times_pb,munger_gross_margin",7915968000.0,50.77788,16.718979,1.53,0.02023,0.38521,0.20743999,0.15602,416462240.0,0.0036,4.0
STZ,False,70.34083333333334,"graham_current_ratio,graham_debt_to_equity,graham_earnings_stability,graham_pe_times_pb",23458269184.0,13.08,2.852514,0.913,1.23205,0.2369,0.5272,0.35931,2210487552.0,0.0302,1.0
BYD,False,70.32304638721585,"graham_current_ratio,graham_debt_to_equity",6087797248.0,3.7173913,2.45,0.774,1.3047,0.93084997,0.59126,0.20891,283961504.0,0.0091,4.0
DOCS,False,70.30243342676623,"graham_pe,graham_pe_times_pb",4497145856.0,30.035715,4.9528856,6.078,0.01056,0.17206,0.88068,0.21539,239703872.0,,4.0
RAMP,False,70.24948792618684,"graham_earnings_stability,graham_pe_times_pb",2307108864.0,15.8782425,2.3603063,2.657,0.03388,0.16055,0.70816004,0.1249,169467120.0,,1.0
UNP,False,70.18692050356208,"graham_current_ratio,graham_debt_to_equity,graham_pe,graham_pe_times_pb",177385013248.0,24.157768,9.128959,0.986,1.50772,0.39696,0.56285,0.40982,4720750080.0,0.019299999999999998,4.0
TTD,False,70.13915714285716,graham_pe_times_pb,6679347200.0,16.922619,2.7289307,1.724,0.16863,0.15441,0.76872003,0.14205,582992768.0,,4.0
NTAP,False,69.76655759332058,"graham_current_ratio,graham_debt_to_equity,graham_pe,graham_pe_times_pb",40055336960.0,32.144882,29.61265,1.436,2.02295,1.06734,0.70744,0.27259,1295250048.0,0.0103,4.0
ACAD,False,69.75869787875175,"graham_earnings_stability,graham_pe_times_pb",4856431104.0,13.109302,3.7129495,3.388,0.05652,0.35743,0.62061,0.12286,68647000.0,,2.0
MNST,False,69.73457689915972,"graham_pe,graham_pe_times_pb",91683618816.0,43.333332,9.790794,3.729,0.00992,0.25704,0.55546004,0.2918,1681231104.0,,4.0
THC,False,69.67218007142857,"graham_current_ratio,graham_debt_to_equity,graham_pe_times_pb",21496963072.0,10.308108,4.614401,1.406,1.5227600000000001,0.37337002,0.41661,0.18159,2247875072.0,,4.0
VRTX,False,69.62479422196019,"graham_earnings_stability,graham_pe,graham_pe_times_pb",128475545600.0,30.010956,6.3423257,3.185,0.09766999999999999,0.23542999,0.54957,0.38055,2627887616.0,,1.0
ADP,False,69.6200541965689,"graham_current_ratio,graham_pe,graham_pe_times_pb",108651364352.0,25.000002,18.039707,1.051,0.9143600000000001,0.72239,0.48653,0.23459,5243049984.0,0.0246,4.0
NBIX,False,69.56227293453384,"graham_pe,graham_pe_times_pb",15401375744.0,22.118979,4.167767,1.872,0.12497,0.22089,0.6448,0.2219,638237504.0,,4.0
AAPL,False,69.46985708995666,"graham_current_ratio,graham_pe,graham_pe_times_pb",4460419481600.0,34.651928,41.525814,1.003,0.78445,1.4875101,0.48653,0.32623002,107721875456.0,0.0034999999999999996,4.0
META,False,69.42409753769337,"graham_pe,graham_pe_times_pb",1512836431872.0,22.375658,5.792528,2.226,0.42997,0.29848,0.81747,0.34827,21553625088.0,0.0034999999999999996,4.0
JAZZ,False,69.34587142857143,"graham_earnings_stability,graham_pe_times_pb",15821629440.0,16.693834,3.371792,1.779,0.91828,0.22114,0.91353995,0.26914,1429392896.0,,0.0
AMT,False,69.34459841525312,"graham_current_ratio,graham_debt_to_equity,graham_pe,graham_pe_times_pb",81939079168.0,27.736593,22.02806,0.352,4.38721,0.33914003,0.73774004,0.45411,2920012544.0,0.0401,4.0
FDS,False,69.31321663938229,"graham_current_ratio,graham_pe_times_pb",10073939968.0,18.647137,4.9864445,0.683,0.7728400000000001,0.27032,0.51382,0.30542,621161344.0,0.016200000000000003,4.0
ENR,False,69.1000482857143,"graham_size,graham_debt_to_equity,graham_earnings_stability,graham_pe_times_pb",1565193600.0,19.205881,7.703067,2.072,16.88484,0.42183998,0.38998002,0.14235,234537504.0,0.0527,3.0
CNK,False,68.9871510983066,"graham_current_ratio,graham_debt_to_equity,graham_earnings_stability,graham_pe,graham_pe_times_pb",4306125824.0,20.75419,8.597547,0.845,5.87527,0.45816,0.49416,0.21705,227587504.0,0.0096,3.0
OXY,False,68.98400535550205,"graham_current_ratio,graham_pe_times_pb,munger_roe",58498781184.0,17.262537,1.7484835,1.411,0.34511000000000003,0.10629,0.73318,0.45443,3788124928.0,0.0194,4.0
PCTY,False,68.95183904093986,"graham_current_ratio,graham_pe,graham_pe_times_pb",8226833920.0,28.90856,6.967551,1.089,0.10887000000000001,0.21972999,0.69281995,0.19062,359865120.0,,4.0
RDN,False,68.92463498488047,munger_roe,4964944384.0,9.179011,1.0325528,1.588,0.27967,0.12026,0.69302005,0.31627,308735264.0,0.027999999999999997,4.0
KRYS,False,68.90754807742164,"graham_earnings_stability,graham_pe,graham_pe_times_pb",9696578560.0,41.05263,7.55326,8.318,0.00651,0.20124,0.94639,0.48999,151739744.0,,3.0
NXPI,False,68.90167622536548,"graham_pe,graham_pe_times_pb",58363396096.0,46.013912,5.1220484,2.04,0.93325,0.27921,0.56102,0.30406,3555000064.0,0.0175,4.0
CBOE,False,68.8916934948719,"graham_pe,graham_pe_times_pb",30757021696.0,22.937693,5.473637,1.565,0.2809,0.26297,0.54078996,0.34634,678249984.0,0.009899999999999999,4.0
AAMI,False,68.89049868300677,"graham_current_ratio,graham_debt_to_equity,graham_pe,graham_pe_times_pb",3308740864.0,32.597866,35.968323,1.048,1.9331800000000001,1.0676999,0.40853,0.17612,234587504.0,0.0043,4.0
CHTR,False,68.87087845238095,"graham_current_ratio,graham_debt_to_equity",21098067968.0,4.07338,1.101448,0.361,4.41578,0.27201998,0.55189997,0.23503,2198374912.0,,4.0
CTAS,False,68.72614066646165,"graham_current_ratio,graham_pe,graham_pe_times_pb",79911862272.0,40.588417,15.546516,1.434,0.52646,0.40714002,0.50668997,0.23688,1464424832.0,0.0104,4.0
MMM,False,68.63992570457005,"graham_current_ratio,graham_debt_to_equity,graham_earnings_stability,graham_pe,graham_pe_times_pb",94604124160.0,32.582592,32.04752,1.24,4.37937,0.81891996,0.39408,0.20354,6350125056.0,0.017,2.0
GRMN,False,68.41223495294085,"graham_pe,graham_pe_times_pb",60276060160.0,32.22165,6.677848,3.028,0.02513,0.21886998,0.60081,0.30438998,1043656256.0,0.013500000000000002,4.0
KO,False,68.39908701247295,"graham_current_ratio,graham_debt_to_equity,graham_pe,graham_pe_times_pb",377785319424.0,26.13244,10.451732,1.305,1.1551900000000002,0.42054,0.61888003,0.34873,5218749952.0,0.024300000000000002,4.0
HIG,True,68.36820313095238,,37827313664.0,9.496903,1.942126,1.772,0.22329999999999997,0.22061001,0.37868,0.17615,5507500032.0,0.0174,4.0
EQT,False,68.34734417088474,"graham_current_ratio,munger_roe",34253256704.0,12.705337,1.3560833,0.673,0.19594999999999999,0.11078,0.80748004,0.23372999,2460903936.0,0.012199999999999999,4.0
FANG,False,68.31805015,"graham_current_ratio,graham_pe,graham_pe_times_pb,munger_roe",56734806016.0,38.888676,1.4998927,0.467,0.28678000000000003,0.034930002,0.72353995,0.48466998,5035500032.0,0.022099999999999998,4.0
ANF,False,68.22639606713298,"graham_current_ratio,graham_pe_times_pb",4816842240.0,10.484527,3.594377,1.448,0.9546399999999999,0.39224,0.61657,0.07982,283367872.0,,4.0
RRR,False,68.0635938629145,"graham_current_ratio,graham_debt_to_equity,graham_pe,graham_pe_times_pb",6513955840.0,22.892473,17.88074,0.677,12.456679999999999,1.08938,0.67221,0.26652,173044752.0,0.0165,4.0
LQDA,False,67.95132718388503,"graham_earnings_stability,graham_pe,graham_pe_times_pb",6797761536.0,54.246502,61.74398,2.312,0.93738,1.3181599,0.92542,0.49812,54709124.0,,0.0
KLAC,False,67.94793521159751,"graham_pe,graham_pe_times_pb",264582266880.0,55.329235,45.39453,2.876,0.9688,0.87496,0.61301,0.42486,2624587520.0,0.0044,4.0
USLM,False,67.85737547279692,"graham_pe,graham_pe_times_pb",3385944320.0,25.713507,5.108202,27.543,0.0046700000000000005,0.21354,0.55302,0.41013,47104248.0,0.002,4.0
IPAR,False,67.8470780026429,"graham_pe,graham_pe_times_pb",3656703488.0,21.83174,4.1476264,3.31,0.1512,0.19105,0.58882,0.14351,219527504.0,0.0277,4.0
RMBS,False,67.84287293994868,"graham_earnings_stability,graham_pe,graham_pe_times_pb",10705702912.0,45.277523,7.299586,9.754,0.014870000000000001,0.17789,0.80357003,0.36671,202302368.0,,3.0
MAS,False,67.83111544729967,"data_missing:debt_to_equity,graham_pe_times_pb",14662856704.0,17.17321,-40.172882,1.865,,58.625,0.37205002,0.23645,897124992.0,0.0172,4.0
SM,False,67.82334999999999,graham_current_ratio,8044224512.0,5.996454,1.0280261,0.615,0.95136,0.16125,0.86457,0.60323,1472082944.0,0.0271,4.0
FIZZ,False,67.76908097459841,graham_pe_times_pb,2926876160.0,15.952041,4.5683813,4.386,0.09271000000000001,0.34018,0.37039003,0.16876,106155752.0,,4.0
EBAY,False,67.7527204684088,"graham_current_ratio,graham_debt_to_equity,graham_earnings_stability,graham_pe,graham_pe_times_pb",46413500416.0,21.911764,10.147889,1.019,1.53012,0.46611,0.72052,0.2157,1579624960.0,0.0121,3.0
DVA,False,67.67128571428572,"graham_current_ratio,graham_debt_to_equity,graham_pe_times_pb",11619255296.0,15.420829,-15.223605,1.467,12.419860000000002,0.88475,0.32364,0.16061,1042460032.0,,4.0
AFL,False,67.66305866666667,graham_current_ratio,60817952768.0,13.100431,2.010041,0.892,0.5336500000000001,0.16908,0.50888,0.25722998,5152249856.0,0.020099999999999996,4.0
TXN,False,67.63427508905352,"graham_pe,graham_pe_times_pb",252079177728.0,41.88543,13.995082,4.857,0.78036,0.35176,0.58325,0.42576998,3545250048.0,0.020499999999999997,4.0
LLY,False,67.62505471382696,"graham_current_ratio,graham_debt_to_equity,graham_pe,graham_pe_times_pb",1053873274880.0,40.061523,33.846405,1.355,1.6207099999999999,1.02286,0.83399004,0.54222,11065900032.0,0.005699999999999999,4.0
UPWK,False,67.55675671428573,"graham_size,graham_current_ratio,graham_earnings_stability",1072295424.0,11.006411,1.8622559,1.424,0.6206900000000001,0.16695,0.77242,0.21806999,156381744.0,,3.0
ACN,False,67.49053571428571,"graham_current_ratio,graham_pe_times_pb",108619718656.0,14.188649,3.4055371,1.339,0.25035,0.24406,0.32013,0.16964,12089380864.0,0.0365,4.0
CPRT,False,67.47400275296988,graham_pe_times_pb,29114456064.0,19.532608,3.318297,7.613,0.010589999999999999,0.17607,0.47522998,0.37530997,999977152.0,,4.0
WU,False,67.28571495238096,"graham_current_ratio,graham_debt_to_equity",2292622336.0,5.6546154,2.5054533,0.277,2.94873,0.43975,0.35094002,0.13038,357275008.0,0.1255,4.0
CME,False,67.20127417155356,"graham_current_ratio,graham_pe,graham_pe_times_pb",96480509952.0,22.322378,3.6349165,1.018,0.14587,0.15802,1.0,0.65036005,2909012480.0,0.0195,4.0
FFIV,False,67.19349143125034,"graham_pe,graham_pe_times_pb",23166181376.0,32.571655,6.0293884,1.665,0.06546,0.1983,0.81865996,0.24649,717135488.0,,4.0
WEN,False,67.16214285714285,"data_missing:price_to_book,graham_size,graham_debt_to_equity",1643308288.0,13.060605,,1.897,33.806149999999995,1.08042,0.33111,0.14292,173339744.0,0.0323,4.0
WRB,False,67.04367670238096,"data_missing:price_to_book,graham_current_ratio",26197526528.0,14.520576,,0.406,0.31527,0.20207001,0.43785998,0.16385001,3045504768.0,0.005699999999999999,4.0
FAST,False,66.95341877204989,"graham_pe,graham_pe_times_pb",58420707328.0,44.270782,14.357417,4.18,0.10851000000000001,0.34334,0.44701,0.21023001,916124992.0,0.0184,4.0
EXE,False,66.90814349523602,"graham_current_ratio,graham_earnings_stability,munger_roe",22018326528.0,8.342983,1.1483248,0.959,0.19207000000000002,0.14893,0.47069,0.26323998,1466249984.0,0.024300000000000002,1.0
WDFC,False,66.85180828559862,"graham_pe,graham_pe_times_pb",3084167936.0,34.92401,11.07897,2.654,0.41048,0.33306,0.55821997,0.20673001,68620496.0,0.0177,4.0
AON,False,66.64974514550238,"graham_current_ratio,graham_debt_to_equity,graham_pe_times_pb",75646050304.0,19.658766,7.876706,1.033,1.6348099999999999,0.44699,0.48154,0.23457001,3190874880.0,0.0092,4.0
SNA,False,66.64941670483404,"graham_pe,graham_pe_times_pb",20888446976.0,20.794027,3.4571855,3.433,0.21594999999999998,0.17932,0.5183,0.25397,1109474944.0,0.0241,4.0
GNTX,True,66.6162915694765,,4995301376.0,12.544973,1.9682882,3.038,0.00441,0.16354999,0.35018003,0.21757,368035744.0,0.0203,4.0
MC,False,66.48103657142858,"data_missing:free_cash_flow,graham_current_ratio,graham_earnings_stability,graham_pe,graham_pe_times_pb",5115286016.0,24.059235,10.112771,1.167,0.40954999999999997,0.41454,0.92286,0.17790002,,0.0369,2.0
PLMR,False,66.45355714285714,"graham_current_ratio,graham_pe_times_pb,munger_gross_margin",3416348928.0,17.325268,3.563628,0.541,0.30152,0.22226,0.27354,0.23774,569934144.0,0.0141,4.0
JKHY,False,66.41531961569618,"graham_pe,graham_pe_times_pb",10884625408.0,21.425875,5.1100774,1.744,0.06398,0.24892001,0.44057,0.24369,373407744.0,0.015300000000000001,4.0
PATH,False,66.3785815547404,"graham_earnings_stability,graham_pe,graham_pe_times_pb",8370233344.0,24.477272,4.418764,2.307,0.04362,0.18181999,0.8305,0.07274,511553632.0,,1.0
BR,False,66.37574742552773,"graham_current_ratio,graham_debt_to_equity,graham_pe_times_pb",19600347136.0,17.924921,7.055781,1.236,1.23939,0.40916002,0.31780002,0.24609,1194499968.0,0.0258,4.0
VEEV,False,66.33448760217262,"graham_pe,graham_pe_times_pb,munger_roe",40168976384.0,43.921844,5.5161953,4.738,0.014110000000000001,0.13934,0.75021005,0.30932,1259549056.0,,4.0
GMED,False,66.1575055453575,"graham_pe,graham_pe_times_pb,munger_roe",11507589120.0,21.920715,2.4571412,4.622,0.02347,0.118140005,0.68974996,0.24755,554194880.0,,4.0
UBER,False,66.11627925917634,"graham_current_ratio,graham_earnings_stability,graham_pe_times_pb",154335838208.0,16.570175,6.216883,0.843,0.51872,0.3716,0.40752,0.13317999,7244749824.0,,3.0
LTC,False,66.05935,munger_roe,2188565760.0,14.397163,2.068052,20.833,0.85301,0.11806,0.60456,0.52867,256029248.0,0.058499999999999996,4.0
IBM,False,65.92967753340507,"graham_current_ratio,graham_debt_to_equity,graham_pe,graham_pe_times_pb",221081255936.0,20.74801,6.417086,0.791,1.8897,0.34460998,0.58098,0.16548,12049750016.0,0.0285,4.0
MUR,False,65.90155511249068,"graham_current_ratio,munger_roe",4969929216.0,17.163366,0.9450728,0.854,0.41896,0.06461,0.82672995,0.3793,344718368.0,0.0397,4.0
PJT,False,65.82422857142858,"data_missing:free_cash_flow,graham_pe,graham_pe_times_pb",7474957312.0,23.939972,16.672684,1.706,0.42652999999999996,0.37633,0.95252,0.20994,,0.005600000000000001,4.0
IIPR,False,65.72978012790371,"graham_size,munger_roe",1650801664.0,12.910046,0.9112536,4.581,0.32892000000000005,0.073850006,0.88355005,0.48824,99872376.0,0.1321,4.0
SSD,False,65.69064701930564,"graham_pe,graham_pe_times_pb",7930330624.0,21.123909,3.8664975,3.288,0.21084,0.18722,0.45841,0.24405001,446386496.0,0.0062,4.0
YETI,False,65.64557246836677,graham_pe_times_pb,3279386880.0,19.70614,5.18164,1.751,0.41515,0.25320998,0.59229,0.19363001,129085128.0,,4.0
EPAC,False,65.55738324460735,"graham_size,graham_pe,graham_pe_times_pb",1895242368.0,20.892046,4.43386,2.67,0.43579999999999997,0.21645,0.50092,0.2469,102963752.0,0.0011,4.0
MSI,False,65.53948898000955,"graham_current_ratio,graham_debt_to_equity,graham_pe,graham_pe_times_pb",76756844544.0,36.927147,28.727468,1.099,3.5785,0.91567004,0.52112,0.27354,1979000064.0,0.0104,4.0
RL,False,65.50975084023808,"graham_debt_to_equity,graham_pe,graham_pe_times_pb",23225155584.0,25.148386,8.244849,2.045,1.10373,0.37537,0.70268995,0.18395,880087488.0,0.0096,4.0
PEP,False,65.44236023771893,"graham_current_ratio,graham_debt_to_equity,graham_pe_times_pb",192525271040.0,18.447762,8.712425,0.934,2.3894900000000003,0.51508,0.54171,0.16836001,7831875072.0,0.042699999999999995,4.0
OVV,False,65.4093826340975,"graham_current_ratio,munger_roe",17371863040.0,17.543297,1.5107161,1.008,0.43734,0.08411,0.53859,0.36176997,1230499968.0,0.019299999999999998,4.0
SPGI,False,65.3275457123964,"graham_current_ratio,graham_pe,graham_pe_times_pb,munger_roe",122893271040.0,24.594099,3.901268,0.954,0.42979999999999996,0.14255,0.70903,0.4479,5448249856.0,0.0092,4.0
VNT,False,65.24291427759768,"graham_current_ratio,graham_debt_to_equity,graham_pe_times_pb",4453487616.0,13.668049,3.6874511,1.252,1.6099199999999998,0.289,0.47235,0.19387,347624992.0,0.003,4.0
OLED,False,65.23305115583938,"graham_pe,graham_pe_times_pb,munger_roe",4118168576.0,21.640097,2.4595745,8.498,0.01288,0.115159996,0.73767996,0.35257998,111837128.0,0.022000000000000002,4.0
MKTX,False,65.21374999999999,"graham_pe_times_pb,munger_fcf",5722716160.0,19.22104,4.620521,7.465,0.14275000000000002,0.2314,0.61662996,0.41862,-457790016.0,0.0192,4.0
CSCO,False,65.18566139298177,"graham_current_ratio,graham_pe,graham_pe_times_pb",435922665472.0,33.31325,8.918635,0.931,0.58731,0.27319,0.64564,0.27701,11568000000.0,0.0148,4.0
AOS,False,65.09817730236529,graham_pe_times_pb,8480015872.0,17.380224,4.6041174,1.594,0.36766,0.27133,0.38592,0.18929,484612512.0,0.023,4.0
NSSC,False,65.06389126822246,"graham_size,graham_pe,graham_pe_times_pb",1355495040.0,36.83495,7.624598,4.946,0.12493,0.21744,0.573,0.17812,48234624.0,0.0154,4.0
VIRT,False,65.0,"data_missing:free_cash_flow,graham_current_ratio,graham_debt_to_equity",5112167936.0,9.617109,2.9038973,1.108,4.15015,0.53617,0.65787005,0.36321,,0.0168,4.0
ORCL,False,65.0,"graham_current_ratio,graham_debt_to_equity,graham_pe,graham_pe_times_pb,munger_fcf",442210189312.0,25.845133,11.773013,1.115,3.8887,0.53376,0.65822,0.36202,-24536750080.0,0.013000000000000001,4.0
CVSA,False,64.9231559590654,"graham_current_ratio,graham_pe_times_pb",4493433856.0,17.624712,3.106535,1.093,0.62613,0.18569,0.57338,0.19256,323942752.0,,4.0
JNJ,False,64.88869773778323,"graham_current_ratio,graham_pe,graham_pe_times_pb",627368853504.0,30.200695,7.3781314,1.089,0.57709,0.25742,0.6814,0.2919,16885125120.0,0.020499999999999997,4.0
NATL,False,64.85933333333334,"graham_current_ratio,graham_debt_to_equity,graham_earnings_stability,graham_pe_times_pb,munger_gross_margin",3473156096.0,18.217054,7.4757433,1.026,6.342670000000001,0.48529,0.25345,0.14959,477875008.0,,2.0
GEV,False,64.74092218196937,"graham_current_ratio,graham_earnings_stability,graham_pe,graham_pe_times_pb,munger_gross_margin",281978011648.0,30.388634,23.58258,0.85,0.28364,0.82577,0.2057,0.07466,15722125312.0,0.0019,2.0
MPWR,False,64.73715277329649,"graham_pe,graham_pe_times_pb",67464982528.0,83.96513,17.318624,4.975,0.00486,0.21979,0.55195,0.30989,444316128.0,0.0059,4.0
OGN,False,64.71389285714287,"graham_debt_to_equity,graham_pe_times_pb",3601688576.0,17.583334,3.5800052,1.954,8.50199,0.24037,0.53403,0.20732,490750016.0,0.0058,4.0
FAF,False,64.64292142857143,"graham_current_ratio,munger_roe",7528854016.0,9.99187,1.3381482,0.396,0.49421,0.13846,0.63984,0.15567,2337762560.0,0.0297,4.0
ODFL,False,64.56700263472275,"graham_pe,graham_pe_times_pb",44344041472.0,40.307186,9.728306,1.889,0.0044,0.24818,0.39566,0.28835,970776000.0,0.0055000000000000005,4.0
IESC,False,64.46953229954175,"graham_pe,graham_pe_times_pb,munger_gross_margin",15028941824.0,33.509552,12.2262745,1.63,0.062329999999999997,0.44522998,0.26305,0.14364,329443360.0,,4.0
TRNO,False,64.40623433844738,"graham_current_ratio,graham_pe_times_pb,munger_roe",7496612352.0,18.443699,1.693082,0.62,0.21396,0.0928,0.76206,0.41769,319524640.0,0.0331,4.0
PG,False,64.37166205806052,"graham_current_ratio,graham_pe,graham_pe_times_pb",335206514688.0,21.783989,6.284482,0.677,0.6448999999999999,0.30290002,0.50873,0.22084999,13280874496.0,0.0302,4.0
EVR,False,64.36697857142858,"data_missing:free_cash_flow,graham_pe_times_pb",11981904896.0,16.841082,6.44638,1.827,0.50183,0.39504,0.93934995,0.16955,,0.011399999999999999,4.0
DFIN,False,64.31420639285714,"graham_size,graham_current_ratio,graham_pe,graham_pe_times_pb,munger_roe",1205421312.0,31.837662,3.1261158,1.326,0.5464600000000001,0.08590999,0.64206004,0.25825,132825000.0,,4.0
GL,False,64.22035572619048,graham_current_ratio,14080877568.0,11.876228,2.2699964,0.795,0.55675,0.20944999,0.33905998,0.24642,1163503360.0,0.0073,4.0
BRO,False,63.926806494452435,"graham_current_ratio,graham_pe,graham_pe_times_pb,munger_roe",23814219776.0,22.738018,1.8665092,1.127,0.63975,0.10023,0.56281,0.41838002,1642749952.0,0.0092,4.0
ROL,False,63.74439636682053,"data_missing:price_to_book,graham_current_ratio,graham_pe",17475201024.0,33.01818,,0.629,0.78015,0.37008998,0.52366,0.18799,501737504.0,0.02,4.0
SPSC,False,63.65345993083811,"graham_pe,graham_pe_times_pb,munger_roe",2819893760.0,36.26389,3.0209417,2.259,0.00672,0.08262,0.69821,0.16108999,176569376.0,,4.0
ITW,False,63.62839855355309,"graham_current_ratio,graham_debt_to_equity,graham_pe,graham_pe_times_pb",82432851968.0,26.24127,28.643366,1.109,3.3485300000000002,1.04618,0.44162,0.26900998,2432999936.0,0.0235,4.0
VSNT,False,63.62632814285715,munger_roe,5485388800.0,7.050984,0.55211586,2.38,0.38869,0.08063,0.56526,0.22323999,1979750016.0,0.039599999999999996,4.0
LPG,False,63.417049999999996,"graham_size,munger_fcf",1998378880.0,6.19496,1.6161511,3.256,0.5226299999999999,0.28342,0.72923,0.59928,-119725848.0,0.07339999999999999,4.0
LZ,False,63.38733608928572,"graham_size,graham_current_ratio,graham_earnings_stability,graham_pe,graham_pe_times_pb,munger_roe",985611904.0,63.94333,7.5822134,0.667,0.11903000000000001,0.104940005,0.66700995,0.05372,124770128.0,,3.0
PYPL,False,63.37357685714286,graham_current_ratio,51216441344.0,11.31758,2.6038358,1.288,0.7175100000000001,0.24497,0.40477002,0.16966,4423124992.0,0.0092,4.0
VLTO,False,63.372831751123684,"graham_debt_to_equity,graham_pe,graham_pe_times_pb",23794229248.0,24.33915,7.6959467,1.775,1.15978,0.34312,0.60183,0.21370001,807124992.0,0.0053,4.0
CDNS,False,63.35690955217221,"graham_pe,graham_pe_times_pb",89667960832.0,64.47524,13.075255,1.743,0.38661,0.23229,0.85871005,0.28575,1609676544.0,,4.0
BX,False,63.3027515,"data_missing:free_cash_flow,graham_current_ratio,graham_pe,graham_pe_times_pb",174011449344.0,32.641254,12.918627,0.872,0.6818500000000001,0.31374002,1.0,0.54357,,0.035,4.0
FTI,False,63.23791396460096,"graham_current_ratio,graham_earnings_stability,graham_pe,graham_pe_times_pb,munger_gross_margin",30937847808.0,27.583918,9.4717245,1.08,0.37898000000000004,0.35814,0.22966999,0.1769,1463362560.0,0.0026,3.0
ULTA,False,63.22895973620778,"graham_current_ratio,graham_pe_times_pb",21831692288.0,19.05591,8.00063,1.311,0.89209,0.47449002,0.43186,0.14168,973080128.0,,4.0
ADT,False,63.22632067857143,"graham_current_ratio,graham_debt_to_equity",5475541504.0,10.409721,1.5640651,0.69,2.23863,0.17212999,0.80657,0.24072,1197478400.0,0.029500000000000002,4.0
STRA,False,63.213164285714285,"graham_size,graham_current_ratio,munger_roe",1806473984.0,13.248372,1.0936849,1.096,0.06532,0.08151,0.49056,0.15698,154841120.0,0.029300000000000003,4.0
MSA,False,63.12484644828664,"graham_pe,graham_pe_times_pb",7278179840.0,23.730818,5.2093,3.236,0.45911,0.2366,0.47571,0.24591999,316457248.0,0.011399999999999999,4.0
WSM,False,63.032009828164306,"graham_current_ratio,graham_pe,graham_pe_times_pb",28643039232.0,27.2713,15.31864,1.331,0.79878,0.54007,0.46062002,0.16173,885462144.0,0.0124,4.0
STRL,False,62.94914729526536,"graham_current_ratio,graham_pe,graham_pe_times_pb,munger_gross_margin",17290160128.0,40.403862,12.743197,1.107,0.24222000000000002,0.40005,0.23807,0.20055,349384384.0,,4.0
OHI,False,62.93025196887493,"graham_current_ratio,graham_pe_times_pb",14783463424.0,16.476868,2.5690823,0.444,0.7147100000000001,0.16529,0.98023003,0.61487,665501376.0,0.0593,4.0
NTCT,False,62.90249580857973,"graham_earnings_stability,graham_pe,graham_pe_times_pb,munger_roe",2879936768.0,24.006062,1.7315847,1.825,0.02404,0.0754,0.79839,0.06892,226413504.0,,1.0
BCO,False,62.88261887619048,"graham_debt_to_equity,graham_pe,graham_pe_times_pb,munger_gross_margin",4743848448.0,26.665508,15.285961,1.62,10.29747,0.46236,0.26431,0.095019996,391237504.0,0.009000000000000001,4.0
BF-B,False,62.836075823906825,graham_pe_times_pb,12992741376.0,18.386364,3.2308307,3.239,0.6495000000000001,0.17846,0.6054,0.23246,739625024.0,0.033,4.0
THG,False,62.687021428571434,"graham_current_ratio,munger_gross_margin",7782841344.0,10.653718,2.1240819,0.36,0.22982,0.21885,0.25191,0.14755,1081224960.0,0.017,4.0
CTSH,False,62.65881666666666,munger_roe,26531166208.0,12.639485,1.8408551,2.182,0.14479,0.14924,0.3344,0.17479,2215500032.0,0.0223,4.0
REGN,False,62.56159461611325,"graham_pe_times_pb,munger_roe",82383036416.0,19.816368,2.5313418,3.335,0.08535,0.14043,0.44458,0.33106,3065299968.0,0.004699999999999999,4.0
MLI,False,62.533234435015984,"graham_pe_times_pb,munger_gross_margin",14656584704.0,17.25651,4.131234,4.775,0.0069099999999999995,0.26325,0.28776,0.2181,524939744.0,0.0103,4.0
ANET,False,62.49341553294987,"data_missing:debt_to_equity,graham_pe,graham_pe_times_pb",250327875584.0,62.810123,16.91639,2.957,,0.31476,0.63004,0.45393002,3891512576.0,,4.0
DV,False,62.48753766763349,"graham_pe,graham_pe_times_pb,munger_roe",2041073792.0,38.0,1.8827859,4.498,0.10217999999999999,0.05389,0.82434,0.11942001,162146880.0,,4.0
AWI,False,62.48058855646242,"graham_pe,graham_pe_times_pb",7693523968.0,24.936985,8.713383,1.519,0.65589,0.36618,0.40308997,0.21568,220824992.0,0.0075,4.0
STX,False,62.441107386093485,"graham_debt_to_equity,graham_earnings_stability,graham_pe,graham_pe_times_pb",216057937920.0,68.53271,195.3463,1.67,1.7988,3.7152898,0.45576,0.4307,1943750016.0,0.0032,3.0
COP,False,62.31129397530366,"graham_pe_times_pb,munger_roe",151885103104.0,16.723545,2.324209,1.542,0.35639000000000004,0.1418,0.47574002,0.3151,7691375104.0,0.027000000000000003,4.0
CSL,False,62.29758716868715,"graham_debt_to_equity,graham_pe,graham_pe_times_pb",14734736384.0,21.044811,9.109703,2.6,1.78698,0.39183,0.35264,0.22849001,669737472.0,0.013300000000000001,4.0
G,True,62.27647857142857,,5715689984.0,10.123512,2.194233,1.996,0.54308,0.22447,0.36456,0.15016,479428736.0,0.0218,4.0
INSP,False,62.232293066848534,"graham_size,graham_earnings_stability",1655986304.0,12.64459,2.0056021,8.551,0.03524,0.17965001,0.86132,-0.0025600002,94637248.0,,2.0
BRK-B,False,62.22145785686959,"graham_earnings_stability,munger_roe",1081529401344.0,12.77744,0.0010131492,2.891,0.17142,0.121199995,0.30332002,0.32561,71975247872.0,,3.0
BRX,False,62.120346448106204,"graham_current_ratio,graham_debt_to_equity,graham_pe,graham_pe_times_pb,munger_roe",9244528640.0,21.36525,3.0593073,0.596,1.76202,0.14413,0.7515,0.36018002,603135104.0,0.0414,4.0
ROP,False,62.11474566641462,"graham_current_ratio,graham_pe_times_pb,munger_roe",39029252096.0,16.354332,2.087073,0.553,0.60531,0.13066,0.69525003,0.27725,2265687552.0,0.0092,4.0
ZWS,False,62.101375374629875,"graham_pe,graham_pe_times_pb",8393552384.0,31.431677,5.0655656,3.053,0.33181,0.16919,0.49008998,0.31365,322675008.0,0.0087,4.0
LRN,True,62.064175516742395,,3438869504.0,10.873194,2.0822115,5.941,0.33448,0.21735,0.37750998,0.15981,224867120.0,,4.0
OUT,False,62.04953100154679,"graham_current_ratio,graham_debt_to_equity,graham_earnings_stability,graham_pe,graham_pe_times_pb",5322807296.0,21.741007,8.0393715,0.67,5.7364,0.35024,0.51405,0.22278,193724992.0,0.041299999999999996,2.0
TT,False,61.932319203316624,"graham_current_ratio,graham_pe,graham_pe_times_pb",105264586752.0,35.650146,12.318793,1.073,0.5340400000000001,0.36643,0.35389,0.19251,3121687552.0,0.0088,4.0
VRT,False,61.90926504415162,"graham_current_ratio,graham_pe,graham_pe_times_pb",111835209728.0,65.72172,26.274422,1.379,0.70166,0.43943,0.38039002,0.20362,2696537600.0,0.0009,4.0
CRI,False,61.906691571428574,"graham_size,graham_debt_to_equity",1424026880.0,7.2369404,1.3861988,2.47,1.15325,0.20742,0.48601002,0.23683001,246791008.0,0.0255,4.0
PRGS,False,61.879214714285716,"graham_size,graham_current_ratio,graham_debt_to_equity,graham_pe,graham_pe_times_pb",1804979584.0,21.364077,3.592653,0.809,2.6216199999999996,0.18574,0.8557,0.18547001,307682624.0,,4.0
ILMN,False,61.86861222226452,"graham_earnings_stability,graham_pe,graham_pe_times_pb",28853080064.0,35.649254,10.166533,1.796,0.89042,0.32339,0.67934996,0.21139,797625024.0,,1.0
QTWO,False,61.76690136714873,"graham_current_ratio,graham_earnings_stability,graham_pe,graham_pe_times_pb,munger_roe",4045572608.0,45.69014,6.28804,0.945,0.06361,0.14984,0.56988996,0.1336,190320000.0,,1.0
BAH,False,61.74361904761905,"graham_debt_to_equity,graham_pe_times_pb,munger_gross_margin",9364185088.0,12.22135,7.790453,1.595,3.4608999999999996,0.68637,0.2242,0.09964,860875008.0,0.0301,4.0
AROC,False,61.73807293196817,"graham_current_ratio,graham_debt_to_equity,graham_pe_times_pb",5977278976.0,18.327957,3.8484986,1.394,1.51872,0.22194,0.67337996,0.35931998,241304496.0,0.0276,4.0
CB,False,61.66609094197454,"graham_current_ratio,munger_roe",132886839296.0,12.210032,1.7623178,0.41,0.30940999999999996,0.14822,0.31129998,0.23527001,10488000512.0,0.0118,4.0
VZ,False,61.55588095238096,"graham_current_ratio,graham_debt_to_equity",201384034304.0,12.622526,1.9378899,0.604,1.8408099999999998,0.15842,0.59453,0.22999,17466624000.0,0.0587,4.0
CDE,False,61.53196893200041,"graham_earnings_stability,munger_roe",19417690112.0,15.873948,1.8664162,3.654,0.06851,0.12848,0.56644,0.20309,802993600.0,0.0022,2.0
BLK,False,61.354135643771166,"graham_pe,graham_pe_times_pb,munger_roe",191229591552.0,28.190897,3.1664171,2.447,0.23192000000000002,0.122779995,0.47152,0.35079,7578124800.0,0.0197,4.0
ALGN,False,61.33442194692395,"graham_current_ratio,graham_pe,graham_pe_times_pb,munger_roe",12898352128.0,31.143225,3.0562897,1.395,0.02855,0.10155,0.70365,0.18247,584361344.0,,4.0
EPR,False,61.33301529957325,"graham_debt_to_equity,graham_pe_times_pb,munger_roe",4731366912.0,19.794872,2.04727,1.666,1.52233,0.113170005,0.91873,0.54328996,337729984.0,0.0603,4.0
SHC,False,61.30100597312441,"graham_debt_to_equity,graham_earnings_stability,graham_pe,graham_pe_times_pb",5389302784.0,33.13158,8.094728,2.796,3.4073399999999996,0.27781,0.54969,0.37956002,153967120.0,,3.0
SHW,False,61.2963477878184,"graham_current_ratio,graham_debt_to_equity,graham_pe,graham_pe_times_pb",86996017152.0,33.02903,22.435673,0.727,3.8995800000000003,0.65124,0.48981997,0.18124,2506037504.0,0.0089,4.0
POWL,False,61.13419176292343,"graham_pe,graham_pe_times_pb",7727711232.0,40.6341,10.2192135,1.971,0.00334,0.28252,0.3008,0.20554,190403632.0,0.0018,4.0
LQDT,False,61.05144757579532,"graham_size,graham_pe,graham_pe_times_pb,munger_roe",1348042880.0,42.181374,5.7145705,1.58,0.05869,0.14965001,0.47627997,0.10837,81894248.0,,4.0
PSA,False,60.9831603524719,"graham_current_ratio,graham_debt_to_equity,graham_pe,graham_pe_times_pb",61192843264.0,31.23737,11.889263,0.22,1.09632,0.21929,0.7442,0.45703998,2334240256.0,0.0371,4.0
PR,False,60.98189133666576,"graham_current_ratio,munger_roe",17999101952.0,13.864516,1.499128,0.624,0.26245999999999997,0.114029996,0.75848997,0.57444,458368128.0,0.029900000000000003,4.0
CVLT,False,60.97246267249361,"graham_debt_to_equity,graham_earnings_stability,graham_pe,graham_pe_times_pb",6047590912.0,93.53847,116.17834,2.043,17.62992,0.32773998,0.81087,0.089499995,303740256.0,,3.0
PIPR,False,60.96836428571428,"data_missing:free_cash_flow,graham_pe_times_pb",5499208704.0,18.054525,3.8291016,2.429,0.11269,0.24528,0.91817003,0.21613,,0.0102,4.0
DLB,False,60.94897620797285,"graham_pe,graham_pe_times_pb,munger_roe",5810743296.0,26.397873,2.248541,3.185,0.0183,0.08758,0.87612,0.12548,331846016.0,0.0231,4.0
ANIP,False,60.86008420765968,"graham_size,graham_debt_to_equity,graham_earnings_stability,graham_pe_times_pb",1730586240.0,16.413942,2.703653,2.91,1.0482500000000001,0.20459,0.60403997,0.14974,132205752.0,,1.0
SKT,False,60.8291912837821,"graham_current_ratio,graham_debt_to_equity,graham_pe,graham_pe_times_pb",4634041344.0,35.56422,6.607295,0.743,2.7831099999999998,0.19399999,0.73124003,0.32639998,227820992.0,0.0325,4.0
GWW,False,60.74094817204738,"graham_pe,graham_pe_times_pb",62165807104.0,33.186874,15.04848,2.805,0.6197699999999999,0.46091,0.39395002,0.16072,1247750016.0,0.0075,4.0
ICE,False,60.669397971191586,"graham_current_ratio,graham_pe,graham_pe_times_pb,munger_roe",86656851968.0,21.77151,2.9638448,1.012,0.69226,0.14094,1.0,0.52626,3633625088.0,0.0137,4.0
CRC,False,60.645153503861025,"data_missing:trailing_pe,graham_current_ratio,munger_roe",4742982656.0,,1.3941832,0.661,0.39594,-0.03554,0.5676,0.46795,335124992.0,0.030699999999999998,4.0
NVR,False,60.58051422388496,"graham_pe_times_pb,munger_gross_margin",16989962240.0,16.2869,5.0100217,5.67,0.3215,0.31544,0.2184,0.13889,918313280.0,,4.0
EME,False,60.554604974781,"graham_current_ratio,graham_pe,graham_pe_times_pb,munger_gross_margin",37376081920.0,26.405111,9.190339,1.277,0.13432,0.40348998,0.19426,0.10618,978281600.0,0.0019,4.0
PTGX,False,60.506306374533416,"graham_earnings_stability,graham_pe,graham_pe_times_pb,munger_roe",9884190720.0,148.30098,11.739163,21.709,0.01095,0.10985,1.0,0.74372,96145752.0,,0.0
EXPO,False,60.413423136036556,"graham_pe,graham_pe_times_pb",3206508032.0,29.973335,11.10672,1.977,0.27968,0.31204,0.36416999,0.18823999,76945872.0,0.018000000000000002,4.0
ELS,False,60.34172054584813,"graham_current_ratio,graham_debt_to_equity,graham_pe,graham_pe_times_pb",13079327744.0,30.914696,7.1966023,0.139,1.82359,0.22877,0.53656,0.32112998,603528512.0,0.0334,4.0
VLO,False,60.33669252380952,"graham_pe_times_pb,munger_gross_margin",99208282112.0,14.374636,4.286212,1.636,0.40148000000000006,0.27637,0.16118999,0.12269,8416374784.0,0.013999999999999999,4.0
SPNT,False,60.20953157105184,"graham_current_ratio,graham_earnings_stability,munger_gross_margin",2723488768.0,5.7746305,1.1956245,0.655,0.30786,0.23068,0.23864001,0.136,204187504.0,,3.0
TDS,False,60.153668416666676,"data_missing:price_to_book,graham_earnings_stability,munger_roe",4021001984.0,8.257683,,3.818,0.23120000000000002,0.11784001,0.59351003,-0.065630004,599447616.0,0.0046,0.0
MPC,False,60.08485714285714,"graham_current_ratio,graham_debt_to_equity,graham_pe_times_pb,munger_gross_margin",100695449600.0,12.437406,5.3192463,1.25,1.33328,0.42099,0.12819,0.13561,9249375232.0,0.0115,4.0
AM,False,60.08396027527155,"graham_current_ratio,graham_debt_to_equity,graham_pe,graham_pe_times_pb",10585229312.0,26.86747,5.4416785,0.842,1.8554499999999998,0.19822,0.79644996,0.52005,432616640.0,0.0408,4.0
BKE,False,59.959865619047626,"data_missing:market_cap,graham_pe_times_pb",,10.2529,4.874793,2.042,0.89539,0.48981997,0.58698004,0.20591,162151376.0,0.031200000000000002,4.0
TALO,False,59.84975800000001,"data_missing:trailing_pe,graham_earnings_stability,munger_roe",2623027456.0,,1.3988069,1.613,0.66094,-0.17822,0.71367997,0.34449002,550837376.0,,0.0
CGNX,False,59.821788135211584,"graham_pe,graham_pe_times_pb,munger_roe",10765484032.0,60.372643,6.606276,3.934,0.044480000000000006,0.111490004,0.68865997,0.29361,195671376.0,0.0055000000000000005,4.0
LMAT,False,59.8113768297881,"graham_size,graham_pe,graham_pe_times_pb",1866359936.0,28.635088,4.439186,16.312,0.45262,0.16774,0.71867996,0.28983,49263624.0,0.012199999999999999,4.0
WWW,False,59.71595470672339,"data_missing:price_to_book,graham_size,graham_debt_to_equity,graham_earnings_stability",1711121792.0,15.45926,,1.549,1.59137,0.27647,0.47120997,0.09834,130450000.0,0.020099999999999996,2.0
COLM,False,59.71307857142858,munger_roe,2941560832.0,15.002611,1.8366042,2.493,0.28798999999999997,0.12658,0.52155,0.05027,255117376.0,0.0208,4.0
HON,False,59.68330435247289,"graham_current_ratio,graham_debt_to_equity,graham_pe_times_pb",73866035200.0,8.956956,3.984817,1.211,1.85369,0.46577,0.36511,0.20249,2610374912.0,0.012,4.0
PFE,False,59.569835714285716,"graham_current_ratio,graham_pe,graham_pe_times_pb,munger_roe",152409276416.0,35.18421,1.7891074,1.267,0.74253,0.05014,0.74716,0.27877,12485624832.0,0.0642,4.0
BFS,False,59.53431818035235,"graham_size,graham_current_ratio,graham_debt_to_equity,graham_pe,graham_pe_times_pb,munger_roe",1216556928.0,36.1134,7.8261843,0.624,3.41757,0.09559,0.70258003,0.41125,84502376.0,0.0674,4.0
PGNY,False,59.51933571428572,"graham_pe,graham_pe_times_pb,munger_gross_margin",2010242176.0,27.872341,4.630612,2.137,0.04963,0.16242,0.24573,0.11413,200944368.0,,4.0
WMG,False,59.49811324146046,"graham_current_ratio,graham_debt_to_equity,graham_pe,graham_pe_times_pb",13519771648.0,20.191406,20.859564,0.734,4.52947,0.70074,0.45769,0.16738,382249984.0,0.0316,4.0
NEU,False,59.4928190357362,"graham_pe,graham_pe_times_pb",8646184960.0,20.244833,4.7032485,2.252,0.51129,0.25123,0.31494,0.23868,435517888.0,0.0124,4.0
EW,False,59.48232782989673,"graham_pe,graham_pe_times_pb,munger_roe",53138317312.0,54.875004,5.0062447,4.522,0.06568,0.09175,0.77839,0.29839,1232412544.0,,4.0
RGLD,False,59.422100000000015,"graham_pe,graham_pe_times_pb,munger_roe,munger_fcf",19559002112.0,25.535952,2.639556,2.924,0.051859999999999996,0.136,0.86802,0.62036,-189505504.0,0.0084,4.0
CON,False,59.42048261661538,"graham_current_ratio,graham_debt_to_equity,graham_pe,graham_pe_times_pb,munger_gross_margin",4498188288.0,22.758066,9.429297,1.377,4.23325,0.4706,0.29314,0.1929,204793632.0,0.0070999999999999995,4.0
CVX,False,59.413406972577796,"graham_current_ratio,graham_pe_times_pb,munger_roe",392879734784.0,19.184387,2.0690598,1.252,0.18959,0.12231,0.44267,0.21866,21934000128.0,0.036000000000000004,4.0
CRVL,False,59.340293775743255,"graham_pe,graham_pe_times_pb,munger_gross_margin",3299490048.0,28.274893,8.115681,1.941,0.06944,0.30697,0.24792999,0.16674,91710128.0,,4.0
RSI,False,59.32562507245534,"graham_earnings_stability,graham_pe,graham_pe_times_pb",6162352128.0,78.84375,15.739238,2.116,0.015189999999999999,0.30279,0.34967998,0.1174,127112000.0,,2.0
GIII,False,59.29012142857143,"graham_size,graham_earnings_stability,munger_roe",1421822336.0,11.742161,0.7794611,3.177,0.16093,0.0719,0.43488,0.15903,128402376.0,0.0118,3.0
VICR,False,59.273379996472976,"graham_pe,graham_pe_times_pb",10559364096.0,73.16933,12.654437,13.249,0.00912,0.20131999,0.56628,0.2433,339500.0,,4.0
TILE,False,59.202018782884515,graham_pe_times_pb,2207399424.0,15.461537,3.2607582,2.527,0.42808999999999997,0.23225,0.40485,0.18611,103601872.0,0.0031,4.0
GLPI,False,59.18252915458939,"graham_debt_to_equity,graham_pe_times_pb",13106172928.0,12.7953205,2.5545826,24.29,1.5571899999999999,0.19354999,1.02151,0.77479,506751744.0,0.0751,4.0
HQY,False,59.15321673650056,"graham_earnings_stability,graham_pe,graham_pe_times_pb,munger_roe",8821699584.0,39.520596,4.325476,3.437,0.48094000000000003,0.11062,0.70677,0.29343998,370328512.0,,3.0
T,False,59.147289620022526,"graham_current_ratio,graham_debt_to_equity,graham_earnings_stability",170586030080.0,8.215974,1.5504733,0.971,1.29054,0.18339,0.59721,0.24786,10142000128.0,0.0458,3.0
EXTR,False,59.12794069146467,"graham_current_ratio,graham_debt_to_equity,graham_earnings_stability,graham_pe,graham_pe_times_pb",3197208832.0,78.6,36.097775,0.928,2.19625,0.54638,0.61479,0.064380005,81449504.0,,0.0
WAY,False,59.10196965767669,"graham_earnings_stability,graham_pe,graham_pe_times_pb,munger_roe",4784909312.0,35.648716,1.2148434,1.847,0.37171,0.03765,0.69107,0.2441,313745376.0,,1.0
HSY,False,59.08424788301836,"graham_current_ratio,graham_debt_to_equity,graham_pe,graham_pe_times_pb",37013520384.0,25.20041,8.111982,1.18,1.29821,0.32808998,0.38377,0.23119,1743636352.0,0.031200000000000002,4.0
SBH,False,58.98890401190477,"graham_size,graham_debt_to_equity",1515744896.0,8.432292,1.7480026,2.367,1.7389,0.23527999,0.52114,0.09267,177001248.0,,4.0
APH,False,58.97258381581014,"graham_debt_to_equity,graham_pe,graham_pe_times_pb",205735608320.0,41.81955,13.276576,1.888,1.20415,0.38115,0.38952,0.29779,3818374912.0,0.006,4.0
QNST,False,58.95679277142858,"graham_size,graham_current_ratio,graham_earnings_stability,graham_pe_times_pb,munger_gross_margin",1192215424.0,14.824215,3.6732566,1.218,0.23184000000000002,0.28647,0.11271,0.051149998,121533624.0,,1.0
CACC,False,58.949,"data_missing:free_cash_flow,graham_debt_to_equity,graham_pe_times_pb",6101704704.0,12.967129,3.8385181,4.833,3.95632,0.31932,0.94652003,0.52556,,,4.0
TMUS,False,58.75339797475354,"graham_current_ratio,graham_debt_to_equity,graham_pe_times_pb",196133699584.0,19.146177,3.4928937,0.924,2.1403499999999998,0.17994,0.63054,0.2522,11335999488.0,0.0222,4.0
MRSH,False,58.6695642863108,"graham_current_ratio,graham_debt_to_equity,graham_pe,graham_pe_times_pb",89975799808.0,23.021368,5.9348736,1.139,1.45027,0.25902998,0.43994,0.26323998,4785249792.0,0.021,4.0
CENX,False,58.66204133333333,"graham_earnings_stability,munger_gross_margin,munger_fcf",4678423040.0,8.162349,3.334274,2.751,0.31281,0.51749,0.18889,0.28135002,-46287500.0,,2.0
NDAQ,False,58.54079515775936,"graham_current_ratio,graham_pe,graham_pe_times_pb",54198444032.0,28.26822,4.5454974,1.006,0.77687,0.16521999,1.0,0.49333,1691500032.0,0.011899999999999999,4.0
TDW,False,58.388139826059174,"graham_earnings_stability,graham_pe_times_pb",4691515392.0,19.125761,3.4268582,3.582,0.45454,0.19448,0.48092,-0.08663999,367619136.0,,3.0
RCL,False,58.3627619047619,"graham_current_ratio,graham_debt_to_equity,graham_earnings_stability,graham_pe_times_pb,munger_fcf",82709553152.0,19.113102,8.080109,0.209,2.24816,0.44669998,0.50284,0.2707,-1516249984.0,0.0161,3.0
ALLE,False,58.359321236116834,"graham_debt_to_equity,graham_pe,graham_pe_times_pb",13991951360.0,21.593176,6.606175,1.93,1.04895,0.3373,0.44801,0.22102,484449984.0,0.0127,4.0
PARR,False,58.318884595107875,"graham_earnings_stability,munger_gross_margin",4110674688.0,4.5583334,2.0393705,1.84,0.5616599999999999,0.53489,0.23056,0.21122,82314872.0,,1.0
EGP,False,58.26414085301549,"graham_current_ratio,graham_pe,graham_pe_times_pb,munger_roe",10991534080.0,35.61063,3.0453663,0.412,0.46090000000000003,0.08732,0.73607004,0.40761003,379368000.0,0.0302,4.0
BSY,False,58.26087917796578,"graham_current_ratio,graham_debt_to_equity,graham_pe,graham_pe_times_pb",10863260672.0,39.086956,9.27282,0.595,1.05442,0.24517,0.81845003,0.25,397979616.0,0.0077,4.0
REG,False,58.24376848614566,"graham_current_ratio,graham_pe,graham_pe_times_pb,munger_roe",14407040000.0,25.946127,2.1172075,0.964,0.7197199999999999,0.081870005,0.71539,0.39643002,743363968.0,0.0393,4.0
EXPD,False,58.221772585233545,"graham_pe,graham_pe_times_pb,munger_gross_margin",24531179520.0,27.114223,11.58116,1.566,0.26745,0.4267,0.13549,0.107080005,797562240.0,0.0087,4.0
FCPT,False,58.17395114081755,"graham_current_ratio,graham_pe,graham_pe_times_pb,munger_roe",2766958848.0,22.91818,2.4322238,0.252,0.9804600000000001,0.07646,0.85603994,0.62556,189772992.0,0.0583,4.0
BMI,False,58.163557762861174,"graham_pe,graham_pe_times_pb",3794088448.0,31.692493,5.556074,2.422,0.03438,0.1848,0.4131,0.17724001,128289624.0,0.0123,4.0
WT,False,58.14281406530321,"data_missing:consecutive_positive_earnings_years,graham_debt_to_equity,graham_pe,graham_pe_times_pb",3459021568.0,41.50909,7.174733,2.995,2.5767200000000003,0.18731001,0.53330004,0.41166002,156595376.0,0.0053,
HSTM,False,58.11617452430292,"graham_size,graham_current_ratio,graham_pe,graham_pe_times_pb,munger_roe",843134080.0,40.048607,2.3642998,1.062,0.03766,0.059959996,0.65081,0.099379994,50334876.0,0.004699999999999999,4.0
ARLO,False,58.08449340291415,"graham_size,graham_current_ratio,graham_earnings_stability,graham_pe,graham_pe_times_pb",1569001984.0,50.275864,9.891452,1.402,0.03606,0.22068001,0.45972002,0.01575,69509248.0,,1.0
AKR,False,58.02075752209487,"graham_current_ratio,graham_earnings_stability,graham_pe,graham_pe_times_pb,munger_roe",3048592640.0,59.74286,1.2289157,1.245,0.63176,0.057150003,0.70607,0.29906,187720752.0,0.0384,3.0
GTY,False,58.01487266863854,"graham_pe,graham_pe_times_pb,munger_roe",2076603392.0,20.198795,1.849931,1.719,0.81057,0.094639994,0.96416,0.47073,108609872.0,0.059000000000000004,4.0
ENS,False,57.973668619047615,"graham_pe,graham_pe_times_pb",7443501568.0,22.09743,3.9497454,2.795,0.56108,0.18363,0.30574,0.17327999,633937472.0,0.0058,4.0
ECPG,False,57.90650000000001,"graham_debt_to_equity,graham_earnings_stability,munger_fcf",2172263168.0,7.4868417,2.0137236,11.376,3.88056,0.30542,1.0,0.37998,-157004624.0,,1.0
AYI,False,57.89431541710319,"graham_pe,graham_pe_times_pb",10630561792.0,23.564365,3.7236285,2.053,0.28206,0.17378001,0.48669997,0.16052,467275008.0,0.0021,4.0
PNR,False,57.86889119071424,"graham_current_ratio,graham_pe_times_pb",10539983872.0,17.020618,2.811888,1.451,0.47067,0.17126,0.41388,0.2344,558312512.0,0.0161,4.0
JLL,False,57.82310559761905,"graham_current_ratio,graham_pe_times_pb,munger_roe",16936586240.0,17.664347,2.2697845,1.126,0.42351999999999995,0.13520001,0.51232,0.045700002,1500125056.0,,4.0
SONO,False,57.6951346436853,"graham_size,graham_earnings_stability,graham_pe,graham_pe_times_pb,munger_roe",1982015488.0,37.233334,5.1921287,1.615,0.14081,0.14175999,0.46567002,0.10587,111909872.0,,0.0
NGVT,False,57.692908554456814,"graham_debt_to_equity,graham_earnings_stability,graham_pe,graham_pe_times_pb",2580062976.0,107.214294,55.183826,1.611,26.36034,0.30072,0.41127,0.29895002,88937504.0,,0.0
CHE,False,57.68587627191071,"graham_current_ratio,graham_pe,graham_pe_times_pb",7019745792.0,27.016602,8.416887,0.911,0.35495,0.27106002,0.33113998,0.1325,307859488.0,0.0052,4.0
CR,False,57.59197031770592,"graham_pe,graham_pe_times_pb",12590651392.0,37.94948,5.781665,2.804,0.51181,0.16521999,0.46965,0.35463002,363750016.0,0.004699999999999999,4.0
FIS,False,57.564476619047625,"graham_current_ratio,graham_debt_to_equity,graham_earnings_stability",22152148992.0,6.5983105,1.3899946,0.535,1.3251,0.22348,0.35836,0.20669001,2653125120.0,0.039900000000000005,2.0
WPC,False,57.562770002277475,"graham_current_ratio,graham_debt_to_equity,graham_pe,graham_pe_times_pb,munger_roe",16381620224.0,24.626713,1.8889385,1.164,1.01882,0.077800006,0.94371,0.59301996,1096111872.0,0.0526,4.0
AVY,False,57.52512603681604,"graham_current_ratio,graham_debt_to_equity,graham_pe_times_pb,munger_gross_margin",13449742336.0,19.416302,5.799131,1.132,1.58653,0.3116,0.28978002,0.13586001,1004600000.0,0.022099999999999998,4.0
FIX,False,57.506647509920484,"graham_current_ratio,graham_pe,graham_pe_times_pb,munger_gross_margin",62251728896.0,43.566505,96.36612,1.214,0.45488999999999996,0.55292,0.25661,0.07885,1841915392.0,0.0021,4.0
SN,False,57.49709629176172,"graham_pe,graham_pe_times_pb",26583187456.0,38.334694,9.633809,2.08,0.3211,0.27528,0.48921,0.1016,638667520.0,,4.0
EXLS,False,57.43449222421139,"graham_current_ratio,graham_pe,graham_pe_times_pb",5303405056.0,21.460123,6.127167,1.244,0.56585,0.25944,0.38511002,0.14609,262332752.0,,4.0
WTS,False,57.37463948731427,"graham_pe,graham_pe_times_pb",12780366848.0,33.76014,6.0988007,2.66,0.09673999999999999,0.18805,0.48853,0.20912,228787504.0,0.006,4.0
CHDN,False,57.34486203301746,"graham_current_ratio,graham_debt_to_equity,graham_pe_times_pb",6230504448.0,15.125212,4.6661797,0.356,3.49173,0.33848,0.34179002,0.36530998,138712496.0,0.0049,4.0
NWSA,False,57.327252145782225,"graham_pe,graham_pe_times_pb,munger_roe",15693995008.0,28.194176,1.8509785,1.623,0.31561,0.07979,0.57167,0.12537,1045124992.0,0.0069,4.0
PODD,False,57.31255562144079,"graham_pe,graham_pe_times_pb",10089649152.0,27.29456,7.094163,2.485,0.66685,0.26016,0.71075,0.16178,236900000.0,,4.0
STAG,False,57.24954829486626,"graham_pe,graham_pe_times_pb,munger_roe",7299596800.0,28.530771,1.9778168,1.816,0.9378,0.069759995,0.79549,0.37036,469642880.0,0.04190000000000001,4.0
EPAM,False,57.23770744285714,"munger_roe,munger_gross_margin",5202031104.0,13.682496,1.4783323,2.755,0.04325999999999999,0.111770004,0.29451,0.10936,650156096.0,,4.0
SYK,False,57.18769858083406,"graham_pe,graham_pe_times_pb",130194276352.0,35.173576,5.662651,2.157,0.6439100000000001,0.16508,0.65588,0.27015,4107624960.0,0.0103,4.0
HMN,False,57.18358095238095,munger_roe,2116180224.0,12.207943,1.4078246,2.872,0.39537,0.12385,0.39488,0.13213,222650000.0,0.0278,4.0
FNF,False,57.100176640476185,"graham_current_ratio,graham_pe_times_pb,munger_roe",13339912192.0,17.33101,1.7885654,0.94,0.54297,0.102110006,0.54046,0.10666,3589125120.0,0.0436,4.0
KMB,False,57.06337962896713,"graham_current_ratio,graham_debt_to_equity,graham_pe,graham_pe_times_pb",36866387968.0,21.907114,21.066133,0.909,3.48933,1.04913,0.37612998,0.19002001,941124992.0,0.0463,4.0
AIG,False,57.06105238095238,"graham_current_ratio,graham_earnings_stability,munger_roe",40132050944.0,14.005474,0.9917814,0.612,0.22466,0.0722,0.35087,0.19414,7365000192.0,0.0263,1.0
AR,False,57.03544491464997,"graham_current_ratio,munger_roe",11442880512.0,10.664757,1.3806663,0.401,0.55493,0.14216,0.67154,0.26017,391220736.0,,4.0
BHF,False,56.964582666666665,"graham_current_ratio,graham_debt_to_equity,graham_earnings_stability,munger_roe",3380529664.0,4.66138,0.5160803,0.774,1.78382,0.13535,0.35439998,0.77778,19879124992.0,,2.0
BSX,False,56.87356572117728,"graham_current_ratio,graham_pe,graham_pe_times_pb",75852677120.0,21.190283,3.0373724,1.24,0.50151,0.15338999,0.69189,0.22895999,2451375104.0,,4.0
NXT,False,56.868604730724215,"graham_pe,graham_pe_times_pb,munger_gross_margin",15960720384.0,26.84367,6.1612597,2.689,0.01502,0.27224,0.22983,0.20858,324051264.0,,4.0
CUBE,False,56.81419121934206,"graham_current_ratio,graham_debt_to_equity,graham_pe,graham_pe_times_pb,munger_roe",9497937920.0,28.544216,3.6687942,0.1,1.3430000000000002,0.12028,0.70712,0.41088,486035744.0,0.051399999999999994,4.0
A,False,56.80082333480432,"graham_pe,graham_pe_times_pb",41876209664.0,29.713448,5.8753405,2.099,0.49733,0.21330999,0.52641,0.23706,930625024.0,0.0069,4.0
VRRM,False,56.79510225342619,"graham_size,graham_debt_to_equity,graham_pe_times_pb",719278016.0,17.537037,3.218899,2.058,4.863980000000001,0.15384,0.55711,0.27168,43281376.0,,4.0
AA,False,56.76138713639158,"graham_earnings_stability,munger_gross_margin",13258810368.0,10.444907,1.7990403,1.535,0.29918,0.18226999,0.19790001,0.18356001,960750016.0,0.008100000000000001,2.0
MCY,False,56.63364285714285,"data_missing:market_cap,graham_current_ratio,graham_earnings_stability,munger_gross_margin",,6.2482166,2.0525565,0.952,0.33925,0.38991,0.26808,0.19934,1143784576.0,0.0121,3.0
CMG,False,56.59559027438401,"graham_current_ratio,graham_debt_to_equity,graham_pe,graham_pe_times_pb",42473754624.0,31.078701,19.34582,0.715,2.4635,0.49560001,0.39361998,0.16108,1116464384.0,,4.0
TRGP,False,56.5935935065366,"graham_current_ratio,graham_debt_to_equity,graham_pe,graham_pe_times_pb",58639380480.0,26.14388,18.721502,0.771,5.15794,0.70839995,0.43192002,0.27803,65837500.0,0.0187,4.0
CTVA,False,56.5639478902826,"graham_pe,graham_pe_times_pb,munger_roe",51107213312.0,46.424244,2.0308065,1.516,0.19191,0.04256,0.4954,0.3013,2417250048.0,0.0095,4.0
AVB,False,56.553127999022855,"graham_current_ratio,graham_pe,graham_pe_times_pb,munger_roe",26426191872.0,25.420328,2.180974,0.338,0.75129,0.08487,0.62721,0.30628002,1409144064.0,0.039599999999999996,4.0
ADMA,False,56.51199675606101,"graham_debt_to_equity,graham_earnings_stability,graham_pe_times_pb",2102096256.0,13.407144,5.58631,6.972,1.10673,0.41897,0.64705,-1.23389,54755376.0,,2.0
EVTC,False,56.48179761904761,"graham_size,graham_debt_to_equity,graham_pe_times_pb,munger_roe",1889972864.0,19.52469,2.946437,1.702,1.84286,0.14845,0.51118,0.19387,151623120.0,0.0063,4.0
LECO,False,56.47118861073859,"graham_pe,graham_pe_times_pb",15554580480.0,28.566067,10.345672,1.982,0.77347,0.37736,0.36051998,0.18243,307077120.0,0.011000000000000001,4.0
IBP,False,56.459243741760275,"graham_debt_to_equity,graham_pe,graham_pe_times_pb",6477477888.0,25.926065,10.066711,2.983,1.87209,0.38451,0.33633998,0.122530006,289112512.0,0.0064,4.0
RHP,False,56.402944852288094,"graham_current_ratio,graham_debt_to_equity,graham_pe,graham_pe_times_pb",7995629056.0,30.676754,10.561437,1.313,3.3457,0.22583,0.35156,0.23305,567982976.0,0.0383,4.0
ERIE,False,56.39129980238786,"graham_current_ratio,graham_pe,graham_pe_times_pb,munger_gross_margin",13341237248.0,23.13146,5.4076853,1.246,0.0256,0.24808,0.17904,0.19096,481207744.0,0.0227,4.0
MKC,False,56.37931825467521,graham_current_ratio,14647032832.0,9.064892,2.093774,0.781,0.65143,0.24728,0.38853002,0.17422001,714025024.0,0.0353,4.0
EPRT,False,56.29733238051872,"graham_pe,graham_pe_times_pb,munger_roe",6762335744.0,24.17442,1.5298762,3.841,0.65659,0.064780004,0.98414004,0.62468,305324384.0,0.0412,4.0
TEL,False,56.27291631413864,"graham_pe,graham_pe_times_pb",62294556672.0,21.095098,4.709861,1.876,0.43441,0.23290001,0.36119,0.20775,2336875008.0,0.0139,4.0
WDAY,False,56.26262548001784,"graham_current_ratio,graham_earnings_stability,graham_pe,graham_pe_times_pb,munger_roe",48850116608.0,61.810936,7.3696856,1.009,0.56936,0.10858,0.75766,0.13297,3118749952.0,,3.0
CCL,False,56.246119291972796,"graham_current_ratio,graham_debt_to_equity,graham_earnings_stability,graham_pe_times_pb",38952820736.0,12.473684,3.008887,0.334,2.0155600000000002,0.26689,0.55676997,0.12787,1899374976.0,0.0158,2.0
CDP,False,56.183861976938566,"graham_debt_to_equity,graham_earnings_stability,graham_pe,graham_pe_times_pb,munger_roe",4328528384.0,25.768967,2.760009,2.594,1.6415,0.10825,0.58258,0.32167,257286368.0,0.0338,2.0
CRGY,False,56.13775000000001,"graham_current_ratio,graham_debt_to_equity,graham_earnings_stability,graham_pe,graham_pe_times_pb,munger_roe",4766078464.0,151.4375,0.77680176,0.945,1.00234,0.01517,0.62158,0.53849,601587648.0,0.0403,1.0
DLTR,False,56.1306939866131,"graham_current_ratio,graham_debt_to_equity,graham_earnings_stability,graham_pe,graham_pe_times_pb",25022093312.0,20.89968,7.1801586,1.161,2.16518,0.33976,0.36991,0.09088001,1443624960.0,,1.0
ROST,False,56.12558426190165,"graham_pe,graham_pe_times_pb",79003574272.0,34.445454,12.53997,1.541,0.74911,0.38981998,0.32740003,0.13377,2047583488.0,0.0073,4.0
PLD,False,56.08564318210383,"graham_current_ratio,graham_pe,graham_pe_times_pb,munger_roe",137269035008.0,31.449892,2.4551857,0.649,0.63823,0.07749,0.75549006,0.43030998,5406941184.0,0.0304,4.0
SOLV,False,56.06471193045375,"graham_current_ratio,graham_debt_to_equity,graham_pe_times_pb",15010328576.0,10.779951,3.0794482,1.021,1.10313,0.33960998,0.54777,0.09778,489000000.0,,4.0
CMCSA,False,56.00199927142857,"graham_current_ratio,graham_debt_to_equity,munger_roe",93754630144.0,8.467917,1.043811,0.796,1.00474,0.114879996,0.6939,0.17233999,12697624576.0,0.0518,4.0
UTHR,False,55.98923173689513,"data_missing:debt_to_equity,graham_pe_times_pb",21418539008.0,18.278734,3.3298106,5.732,,0.19315,0.8614,0.42231998,557137472.0,,4.0
UE,False,55.944928323269885,"graham_current_ratio,graham_debt_to_equity,graham_pe,graham_pe_times_pb,munger_roe",3031870720.0,41.547173,2.1545987,1.196,1.26633,0.05092,0.64747,0.31436002,226218256.0,0.0382,4.0
ADC,False,55.86467841944965,"graham_current_ratio,graham_pe,graham_pe_times_pb,munger_roe",9380712448.0,40.435482,1.472108,0.271,0.58984,0.037049998,0.87656,0.48116,447780000.0,0.042699999999999995,4.0
TGTX,False,55.85768075724269,"graham_debt_to_equity,graham_earnings_stability,graham_pe_times_pb",7418430464.0,17.68613,11.77929,4.267,1.2489,1.0028,0.82372004,0.090179995,59134500.0,,3.0
MWA,False,55.81457309375568,graham_pe_times_pb,3990572288.0,18.0,3.7341125,4.636,0.40423000000000003,0.21684,0.37862998,0.23162001,128775000.0,0.011000000000000001,4.0
TMDX,False,55.73604174104735,"graham_debt_to_equity,graham_earnings_stability,graham_pe,graham_pe_times_pb",3088168192.0,23.072538,5.9532084,6.625,1.67496,0.36285,0.58694,0.124960005,44496752.0,,2.0
LII,False,55.696542765792564,"graham_debt_to_equity,graham_pe_times_pb",14492327936.0,18.628609,11.171409,1.569,1.5608199999999999,0.71757007,0.33330002,0.22856002,277737504.0,0.013000000000000001,4.0
HWM,False,55.67648264565813,"graham_pe,graham_pe_times_pb",114146934784.0,61.686424,19.973831,1.818,0.81368,0.34732,0.36032,0.28504,1189874944.0,0.002,4.0
VCYT,False,55.64575051296147,"graham_earnings_stability,graham_pe,graham_pe_times_pb,munger_roe",3341842432.0,29.692858,2.5190885,9.162,0.02889,0.087740004,0.73756,0.15287,106230872.0,,2.0
COLL,False,55.63128571428572,"graham_size,graham_current_ratio,graham_debt_to_equity,graham_earnings_stability,graham_pe,graham_pe_times_pb",910091840.0,22.094488,2.9235258,1.031,3.90461,0.17612,0.89449,0.05652,324038496.0,,3.0
SFM,False,55.51547986569621,"graham_current_ratio,graham_debt_to_equity,graham_pe_times_pb",7709713408.0,16.437376,5.2844176,0.992,1.4033799999999998,0.35197,0.38939,0.074889995,398699872.0,,4.0
SHOO,False,55.42980152065626,"graham_pe,graham_pe_times_pb",3466033152.0,23.921719,3.6882885,1.906,0.38795999999999997,0.15913,0.46948,0.06686,219048992.0,0.0177,4.0
NDSN,False,55.41319333722732,"graham_pe,graham_pe_times_pb",17266436096.0,33.10791,5.3920174,2.597,0.61637,0.1714,0.55218,0.23516001,574589504.0,0.0105,4.0
APLE,False,55.3625101904762,"graham_current_ratio,graham_pe,munger_roe",3783225344.0,21.655405,1.204525,0.291,0.51367,0.05529,0.42902002,0.22447,360905376.0,0.0605,4.0
NHI,False,55.36104600469424,"graham_pe,graham_pe_times_pb,munger_roe",3595374592.0,21.158958,2.3420453,1.817,0.9756900000000001,0.10717,0.73925,0.61341,171983248.0,0.053200000000000004,4.0
FRT,False,55.34851483285554,"graham_current_ratio,graham_debt_to_equity,graham_pe,graham_pe_times_pb,munger_roe",10428133376.0,24.098991,3.234106,0.564,1.34114,0.12550999,0.68136,0.35035,456137632.0,0.039599999999999996,4.0
HIW,False,55.33424872651413,"graham_current_ratio,graham_debt_to_equity,graham_pe,graham_pe_times_pb,munger_roe",3574132224.0,21.072847,1.4842111,1.05,1.3264799999999999,0.06815,0.67342,0.26328,270770112.0,0.0638,4.0
NWS,False,55.294002768994964,"graham_pe,graham_pe_times_pb,munger_roe",17877319680.0,32.11651,2.1084838,1.623,0.31561,0.07979,0.57167,0.12537,1045124992.0,0.0060999999999999995,4.0
SLM,False,55.26875,"data_missing:price_to_book,data_missing:free_cash_flow,graham_current_ratio,graham_debt_to_equity",5250840064.0,7.7799444,,1.334,2.36158,0.30333,1.0,0.29211,,0.0187,4.0
KVUE,False,55.134770245318684,"graham_current_ratio,graham_pe,graham_pe_times_pb",36994097152.0,22.658823,3.5043669,1.005,0.8161700000000001,0.15581,0.58437,0.19418,1907500032.0,0.0443,4.0
DGII,False,55.11294553859803,"graham_current_ratio,graham_pe,graham_pe_times_pb,munger_roe",3188970752.0,66.69445,4.6533585,1.129,0.17279,0.07459,0.64914,0.16510001,128003128.0,,4.0
DVN,False,55.082113655664465,"graham_current_ratio,munger_roe",49775001600.0,9.836957,1.2463847,0.717,0.28488,0.11522,0.50349,0.41077,782625024.0,0.0288,4.0
FR,False,55.07843150480842,"data_missing:consecutive_positive_earnings_years,graham_current_ratio,graham_pe,graham_pe_times_pb,munger_roe",8687687680.0,23.056364,3.0285153,1.498,0.90051,0.1363,0.73745,0.45097,290640736.0,0.0298,
EQR,False,55.04947286894518,"graham_current_ratio,graham_pe,graham_pe_times_pb,munger_roe",25624393728.0,28.81739,2.3669736,0.127,0.78679,0.080240004,0.62336,0.27879998,1423153408.0,0.0426,4.0
KRC,False,55.01356428571429,"graham_current_ratio,graham_pe,munger_roe",4319537152.0,25.72028,0.81853384,1.103,0.85616,0.03431,0.65379,0.23993,718001472.0,0.0584,4.0
MPT,False,55.00000000000001,"data_missing:trailing_pe,graham_current_ratio,graham_debt_to_equity,graham_earnings_stability,munger_roe",2517198080.0,,0.55438644,1.172,2.15671,-0.00622,0.95944,0.57359004,753948992.0,0.0857,0.0
MO,False,55.00000000000001,"data_missing:debt_to_equity,data_missing:return_on_equity,graham_current_ratio,graham_pe_times_pb",109610328064.0,13.82,-41.07947,0.518,,,0.8717,0.61464,9035249664.0,0.0659,4.0
SIGI,False,54.95320639285715,"graham_current_ratio,munger_roe,munger_gross_margin",5598901248.0,11.661289,1.616782,0.318,0.24596,0.14152999,0.22764,0.12693,1355778304.0,0.0183,4.0
COKE,False,54.90074050176492,"graham_current_ratio,graham_debt_to_equity,graham_pe,graham_pe_times_pb",12765700096.0,25.46879,4.0105395,1.211,1.97906,0.97331,0.39111,0.07417,443481760.0,0.0053,4.0
KIM,False,54.868012483502525,"graham_current_ratio,graham_pe,graham_pe_times_pb,munger_roe",16427631616.0,28.476744,1.5989815,0.971,0.84993,0.05806,0.68933,0.36565,871483392.0,0.0463,4.0
ROK,False,54.85160299779125,"graham_current_ratio,graham_debt_to_equity,graham_pe,graham_pe_times_pb",49921945600.0,42.484848,14.258836,1.075,1.0334699999999999,0.30629,0.49091998,0.20968,1303874944.0,0.012199999999999999,4.0
HAE,False,54.777333190456154,"graham_debt_to_equity,graham_pe,graham_pe_times_pb,munger_roe",4134771968.0,43.90338,4.9367156,3.08,1.40265,0.111999996,0.59331,0.17932,312840000.0,,4.0
MZTI,False,54.77705038354497,"graham_pe_times_pb,munger_gross_margin",3183052800.0,18.165102,3.046588,2.584,0.03561,0.17231001,0.24192,0.10877,186684496.0,0.0341,4.0
TECH,False,54.75846551061099,"graham_pe,graham_pe_times_pb,munger_roe",11240180736.0,62.189655,5.414696,4.547,0.13712,0.09032,0.66243,0.23452,224372368.0,0.0044,4.0
SCHL,False,54.66946510501922,"graham_size,graham_current_ratio,graham_earnings_stability,munger_roe",784683136.0,17.931034,1.0388052,1.232,0.55874,0.066810004,0.56394,0.14367,56762500.0,0.023799999999999998,1.0
SAM,False,54.628035714285716,"data_missing:trailing_pe,graham_size,graham_current_ratio,munger_roe",1907254400.0,,2.6144493,1.045,0.04415,-0.08614001,0.48879,0.09327,372617632.0,,4.0
KEYS,False,54.609579583316346,"graham_pe,graham_pe_times_pb",60818243584.0,57.49273,9.598662,1.903,0.43642000000000003,0.18174,0.62139,0.18812001,1085750016.0,,4.0
KMT,False,54.54265075,"graham_earnings_stability,munger_fcf",2376128000.0,7.150229,1.7536703,2.618,0.47334000000000004,0.23853001,0.41259,0.41251,-171881504.0,0.0263,0.0
STC,False,54.537290326689735,munger_roe,2077951488.0,14.42373,1.2462474,1.847,0.46090000000000003,0.096140005,0.61847997,0.06954,135150000.0,0.032,4.0
AXP,False,54.491321428571425,"data_missing:free_cash_flow,graham_debt_to_equity,graham_pe,graham_pe_times_pb",231685292032.0,20.792727,6.755538,1.553,1.7238,0.34377,0.62338,0.2032,,0.0111,4.0
OMCL,False,54.471459523809514,"graham_size,graham_earnings_stability,graham_pe,graham_pe_times_pb,munger_roe",1696590720.0,44.410717,1.3173134,1.644,0.15484,0.03059,0.45137,0.10393,142931872.0,,2.0
AMPH,False,54.43512857142858,"graham_size,munger_roe",886490752.0,12.331361,1.1538674,2.397,0.89607,0.10297,0.47685,0.21603,230095872.0,,4.0
LIF,False,54.36121881524816,"graham_earnings_stability,graham_pe,graham_pe_times_pb",4206831360.0,29.335228,6.9634633,5.601,0.50803,0.30056,0.77592003,-0.00035999998,74707752.0,,1.0
DORM,False,54.322538903105524,graham_pe_times_pb,3984248320.0,18.621359,2.6289406,3.598,0.34867,0.15048,0.42314997,0.23629,143988752.0,,4.0
CHWY,False,54.259664202576815,"graham_current_ratio,graham_debt_to_equity,graham_pe,graham_pe_times_pb,munger_gross_margin",9156771840.0,37.274998,21.608696,0.784,1.2338500000000001,0.63816,0.29912,0.03828,463275008.0,,4.0
LZB,False,54.23435,"graham_size,munger_roe",1665666688.0,16.854252,1.5997387,1.8,0.53101,0.09826,0.4446,0.1169,177578128.0,0.0232,4.0
EG,False,54.23309523809523,"graham_current_ratio,munger_roe,munger_gross_margin",14127955968.0,7.78502,0.9241475,0.388,0.23260000000000003,0.12572,0.15281,0.19132,2064625024.0,0.0219,4.0
CSX,False,54.17117618079346,"graham_current_ratio,graham_debt_to_equity,graham_pe,graham_pe_times_pb",93670391808.0,29.398254,6.651539,0.82,1.3806800000000001,0.24357,0.47070998,0.38424,1953250048.0,0.011200000000000002,4.0
AMZN,False,54.148714198327816,"graham_current_ratio,graham_earnings_stability,graham_pe,graham_pe_times_pb",2846615928832.0,21.231697,5.158926,1.033,0.45616999999999996,0.30558002,0.5077,0.13689,3219124992.0,,3.0
DINO,False,54.09864686904762,munger_gross_margin,16485897216.0,8.839848,1.602911,1.971,0.32261,0.19504999,0.12892,0.11694,2035624960.0,0.0229,4.0
FCX,False,54.08348990816343,"graham_pe,graham_pe_times_pb,munger_roe",93631995904.0,32.784313,4.776119,2.066,0.32149,0.14755,0.38275,0.33404,2159249920.0,0.009000000000000001,4.0
REXR,False,54.01408370927127,"data_missing:trailing_pe,graham_current_ratio,munger_roe",8352016896.0,,1.0997711,0.344,0.41445,-0.047280002,0.76798,0.4159,341792384.0,0.0478,4.0
ALB,False,54.001980619047615,"graham_earnings_stability,graham_pe,graham_pe_times_pb,munger_roe,munger_gross_margin",16139551744.0,506.55554,2.0071912,2.086,0.18975999999999998,0.02648,0.23959999,0.2771,1334340224.0,0.0126,0.0
INVX,False,53.96316433791631,"graham_pe,graham_pe_times_pb,munger_roe",2201579776.0,35.370785,2.045883,5.006,0.07043,0.05994,0.32401,0.11575,174039872.0,,4.0
DLX,False,53.95113095238096,"graham_size,graham_current_ratio,graham_debt_to_equity,munger_roe",1108346496.0,11.087155,1.5646038,1.196,2.0812299999999997,0.14957,0.52544,0.12177,184692992.0,0.039599999999999996,4.0
QRVO,False,53.8649702990265,"graham_earnings_stability,graham_pe,graham_pe_times_pb,munger_roe",8533237248.0,22.390045,2.4576938,3.543,0.44619,0.115559995,0.48535,0.1578,476142016.0,,2.0
EMR,False,53.86293523922594,"graham_current_ratio,graham_pe,graham_pe_times_pb,munger_roe",91239350272.0,35.713978,4.477077,0.896,0.6767700000000001,0.128,0.53161,0.26924,3706249984.0,0.013500000000000002,4.0
PH,False,53.84877980860116,"graham_current_ratio,graham_pe,graham_pe_times_pb",133074108416.0,37.05829,9.10905,1.262,0.5527799999999999,0.25076,0.37685,0.23858,2952624896.0,0.0075,4.0
MTSI,False,53.81223558547461,"graham_earnings_stability,graham_pe,graham_pe_times_pb",23539048448.0,98.47284,16.586126,2.338,0.26873,0.17184,0.56536,0.23337,104351504.0,,0.0
SIRI,False,53.784367952380954,"graham_current_ratio,graham_earnings_stability,munger_roe",9510341632.0,11.331326,0.80812854,0.458,0.81105,0.07574,0.47355998,0.22129999,1186000000.0,0.038599999999999995,1.0
AGYS,False,53.760174152992235,"graham_pe,graham_pe_times_pb,munger_roe",3216023808.0,69.52439,9.477972,1.741,0.054509999999999996,0.13802,0.63057,0.11107001,57453376.0,,4.0
UFCS,False,53.6814119047619,"graham_size,graham_current_ratio,graham_earnings_stability,munger_gross_margin",1382310016.0,9.9768095,1.4511429,0.356,0.14974,0.15465,0.12865,0.11761,255639504.0,0.0151,2.0
PINS,False,53.643249999999995,"graham_earnings_stability,graham_pe,graham_pe_times_pb,munger_roe",13574522880.0,70.5,4.6843853,3.81,0.41350000000000003,0.06461,0.79473,-0.03464,1196440960.0,,2.0
JOE,False,53.596584749715205,"graham_pe,graham_pe_times_pb",3884933888.0,32.037556,5.087222,3.839,0.71346,0.16246,0.44053,0.34486,118878000.0,0.009399999999999999,4.0
EAT,False,53.56479126443831,"graham_current_ratio,graham_debt_to_equity,graham_pe,graham_pe_times_pb,munger_gross_margin",10153684992.0,21.76011,25.01585,0.455,3.6375900000000003,1.19568,0.18646999,0.11206,509575008.0,,4.0
CAKE,False,53.55777205213948,"graham_current_ratio,graham_debt_to_equity,graham_pe,graham_pe_times_pb",5531143168.0,30.123306,10.661327,0.587,4.00999,0.38834,0.40701,0.07767,166743120.0,0.0102,4.0
DOCN,False,53.550428357142856,"graham_current_ratio,graham_debt_to_equity,graham_earnings_stability,graham_pe,graham_pe_times_pb,munger_fcf",15054884864.0,58.199997,14.444944,1.311,2.12506,0.62273,0.57222,0.104449995,-23832624.0,,3.0
KLIC,False,53.54779226503857,"graham_earnings_stability,graham_pe,graham_pe_times_pb,munger_roe",5014699520.0,43.958714,5.8475714,3.444,0.0418,0.13231,0.52641,0.20661,57164124.0,0.0086,1.0
GE,False,53.52507452704356,"graham_current_ratio,graham_debt_to_equity,graham_pe,graham_pe_times_pb",378253770752.0,42.990566,21.443445,0.982,1.13225,0.48231998,0.31051,0.20571,6594625024.0,0.0051,4.0
VFC,False,53.50166666666667,"graham_current_ratio,graham_debt_to_equity,graham_earnings_stability,graham_pe,graham_pe_times_pb",5812494336.0,21.427536,1.5638882,1.443,2.80723,0.22092,0.50798,-0.05529,781847872.0,0.024399999999999998,1.0
ESS,False,53.4863982678107,"graham_current_ratio,graham_debt_to_equity,graham_pe,graham_pe_times_pb,munger_roe",19856807936.0,44.93916,3.4778936,0.249,1.2240900000000001,0.0771,0.68771005,0.33975,1043926720.0,0.036000000000000004,4.0
DT,False,53.435259147789836,"graham_current_ratio,graham_pe,graham_pe_times_pb,munger_roe",14417118208.0,99.35,5.8849664,1.208,0.06498999999999999,0.058790002,0.81597,0.12889,546524224.0,,4.0
GNL,False,53.403570571428574,"data_missing:trailing_pe,graham_debt_to_equity,graham_earnings_stability,munger_roe",2057572480.0,,1.2431866,5.63,1.61696,-0.00962,0.85733,0.31274998,366119616.0,0.0843,0.0
LNC,False,53.37032301428572,"graham_earnings_stability,munger_gross_margin",8752971776.0,3.8517272,0.8445397,2.184,0.63803,0.22587,0.27076998,0.046079997,2069374976.0,0.0408,2.0
ADI,False,53.357749999999996,"data_missing:market_cap,graham_pe,graham_pe_times_pb,munger_roe",,57.38606,5.5254574,1.752,0.2581,0.09639,0.64491,0.38076,3868954624.0,0.011399999999999999,4.0
OII,False,53.280706298354715,"graham_pe_times_pb,munger_gross_margin",5227297280.0,15.179191,4.4900403,2.176,0.70343,0.34570998,0.1982,0.11486,237835120.0,,4.0
ATMU,False,53.23749529036237,"graham_debt_to_equity,graham_pe_times_pb,munger_gross_margin",4078144512.0,19.149426,8.966631,2.65,2.32278,0.5579,0.28789,0.16973,103862496.0,0.0044,4.0
WFRD,False,53.16580952380953,graham_pe_times_pb,6742016000.0,18.660715,3.7766535,2.344,0.9066500000000001,0.22793,0.30515,0.10498,558000000.0,0.011899999999999999,4.0
NTST,False,53.108910397450074,"graham_earnings_stability,graham_pe,graham_pe_times_pb,munger_roe",2123205504.0,148.7857,1.3449122,5.531,0.88837,0.00962,0.90376997,0.39020002,133447376.0,0.0437,1.0
HLI,False,53.10217217857143,"data_missing:free_cash_flow,graham_pe,graham_pe_times_pb",9133466624.0,21.964706,4.051147,1.664,0.20846,0.17794001,0.94111,0.18395,,0.0212,4.0
NXST,False,53.028499095238104,"graham_debt_to_equity,graham_pe,graham_pe_times_pb,munger_roe",5784258560.0,35.558712,2.553588,1.562,5.337899999999999,0.07434,0.55070996,0.21224001,800625024.0,0.0394,4.0
IBKR,False,53.01424850000001,"data_missing:free_cash_flow,graham_current_ratio,graham_debt_to_equity,graham_pe,graham_pe_times_pb",156291006464.0,36.400795,7.000687,1.093,2.05748,0.24018998,0.93036,0.76532996,,0.0038,4.0
BNL,False,52.91688466850854,"graham_pe,graham_pe_times_pb,munger_roe",4566632448.0,28.223686,1.4280959,2.017,0.8932599999999999,0.04922,0.9486,0.46188998,230601872.0,0.055099999999999996,4.0
UDR,False,52.8772103167263,"graham_current_ratio,graham_debt_to_equity,graham_pe,graham_pe_times_pb,munger_roe",14000250880.0,24.120253,4.2283373,0.178,1.5614400000000002,0.13739,0.66581,0.20177999,779827776.0,0.04650000000000001,4.0
TRU,False,52.8682432271592,"graham_debt_to_equity,graham_earnings_stability,graham_pe,graham_pe_times_pb",15397934080.0,20.76615,3.25945,1.9,1.13212,0.15626,0.5873,0.19701,808625024.0,0.0063,2.0
BXP,False,52.86237286727625,"graham_current_ratio,graham_debt_to_equity,graham_pe,graham_pe_times_pb,munger_roe",12410000384.0,36.110527,2.1230967,0.506,2.11631,0.05308,0.56452,0.28755,880636864.0,0.0412,4.0
MD,False,52.85574144101908,"graham_current_ratio,graham_earnings_stability,graham_pe_times_pb,munger_gross_margin",2157680640.0,12.705742,2.3899739,1.316,0.70371,0.20389,0.26236,0.13407,160776992.0,,1.0
LIVN,False,52.84824788770185,"graham_current_ratio,graham_earnings_stability,graham_pe,graham_pe_times_pb",4456208384.0,23.929203,3.3696105,1.45,0.26556,0.15404001,0.68266,0.15516,64685124.0,,0.0
AIZ,False,52.778039392857146,"graham_current_ratio,graham_pe_times_pb,munger_gross_margin",13923112960.0,13.50622,2.2859643,0.382,0.36211,0.18341999,0.13272999,0.11734,2149574912.0,0.0125,4.0
CTS,False,52.77421485927677,"graham_size,graham_pe,graham_pe_times_pb,munger_roe",1786761216.0,26.625532,3.120387,2.609,0.15692,0.12429,0.39713,0.17448,72120000.0,0.0025,4.0
BIIB,False,52.73883991151902,"graham_pe,graham_pe_times_pb,munger_roe",30999527424.0,37.33185,1.6441109,1.865,0.44329,0.04575,0.78322,0.25058,1266987520.0,,4.0
ZBH,False,52.71643643355927,"graham_pe,graham_pe_times_pb,munger_roe",19157694464.0,24.378641,1.5164875,1.691,0.60175,0.06413,0.69877,0.17959999,1090899968.0,0.0096,4.0
HOOD,False,52.71424925,"data_missing:free_cash_flow,graham_current_ratio,graham_debt_to_equity,graham_earnings_stability,graham_pe,graham_pe_times_pb",87356637184.0,40.996628,9.214035,1.116,2.40279,0.23618999,0.9189,0.43884,,,2.0
VOYA,False,52.713047244047615,"graham_pe_times_pb,munger_roe",9195530240.0,17.116358,2.0136092,5.669,0.6890999999999999,0.096099995,0.55609,0.0538,1433500032.0,0.018600000000000002,4.0
AME,False,52.70820957378327,"graham_current_ratio,graham_pe,graham_pe_times_pb,munger_roe",58821558272.0,37.510235,5.2235436,1.214,0.20521999999999999,0.14562,0.36905998,0.26182,1492221312.0,0.0053,4.0
IRDM,False,52.670284503373054,"graham_debt_to_equity,graham_pe,graham_pe_times_pb",5239740928.0,56.83908,11.087444,2.782,3.7865699999999998,0.19715,0.71851,0.15099,239205376.0,0.0121,4.0
HCSG,False,52.64535309519277,"graham_size,graham_pe_times_pb,munger_gross_margin",1474905984.0,12.421965,2.8157756,3.022,0.03417,0.24691999,0.17114,0.04717,70280248.0,,4.0
CAT,False,52.6074909949207,"graham_current_ratio,graham_debt_to_equity,graham_pe,graham_pe_times_pb,munger_gross_margin",394927374336.0,36.952473,20.362265,1.368,2.32783,0.56972003,0.29713,0.22183001,5048999936.0,0.0076,4.0
NABL,False,52.51220671428571,"data_missing:trailing_pe,graham_size,graham_current_ratio,graham_earnings_stability,munger_roe",671559168.0,,0.8382457,1.305,0.5425099999999999,-0.00632,0.79855,0.13182999,70063376.0,,0.0
WST,False,52.46934260896947,"graham_pe,graham_pe_times_pb",24378163200.0,45.104168,8.155578,2.822,0.10585000000000001,0.19087,0.36786,0.22469,277937504.0,0.0025,4.0
UHS,False,52.43686700616429,graham_current_ratio,10051916800.0,7.0100694,1.3377912,1.116,0.6873999999999999,0.20948,0.44607,0.1114,498316992.0,0.004699999999999999,4.0
FTV,False,52.42336594107259,"graham_current_ratio,graham_pe,graham_pe_times_pb,munger_roe",18595190784.0,32.57672,3.074196,1.241,0.59283,0.07318,0.6323,0.19137,939112512.0,0.0039000000000000003,4.0
ENVA,False,52.39389285714285,"data_missing:free_cash_flow,graham_debt_to_equity,graham_pe_times_pb",6584387072.0,19.531055,4.3958592,20.146,3.3701499999999998,0.26081,0.83291,0.29944,,,4.0
HAYW,False,52.34751647669962,"graham_pe,graham_pe_times_pb,munger_roe",3227399424.0,21.131945,2.0330038,3.327,0.6325500000000001,0.104119994,0.47951,0.24106,164106256.0,,4.0
MTCH,False,52.33042857142858,"data_missing:debt_to_equity,data_missing:return_on_equity,graham_pe_times_pb",8833803264.0,13.195122,-36.731327,1.724,,,0.74872,0.28771,930664000.0,0.0219,4.0
ECG,False,52.25001701899533,"graham_pe,graham_pe_times_pb,munger_gross_margin",7155012096.0,28.148592,9.257693,1.587,0.47096,0.39525002,0.13016,0.09076,184378496.0,,4.0
CHD,False,52.166496409430266,"graham_current_ratio,graham_pe,graham_pe_times_pb",23878131712.0,32.264423,5.4903193,1.147,0.55851,0.17041,0.45562,0.18065001,939262528.0,0.0121,4.0
CRS,False,52.15979723442366,"graham_earnings_stability,graham_pe,graham_pe_times_pb",26761664512.0,51.297142,11.994656,3.81,0.32658000000000004,0.25752002,0.30584,0.24078,238787504.0,0.0015,0.0
ARE,False,52.10607142857143,"data_missing:trailing_pe,graham_earnings_stability,munger_roe",8331993088.0,,0.5314315,2.35,0.6867,-0.040760003,0.68198997,0.17282,1344973952.0,0.059500000000000004,0.0
CELH,False,52.1021003248996,"graham_earnings_stability,graham_pe,graham_pe_times_pb,munger_roe",7308917248.0,125.58695,6.1003165,1.798,0.22802,0.05113,0.48759997,0.19087,358259008.0,,3.0
ISRG,False,52.02949512869656,"data_missing:debt_to_equity,data_missing:consecutive_positive_earnings_years,graham_pe,graham_pe_times_pb",143347056640.0,45.935707,7.7934475,4.963,,0.17423001,0.66679,0.33603,2615200000.0,,
BDX,False,52.017297190476185,"graham_current_ratio,graham_pe,graham_pe_times_pb,munger_roe",49656119296.0,31.485321,2.0337584,0.865,0.6884,0.06607,0.46936,0.15732999,4478374912.0,0.0231,4.0
PRG,False,51.96426257142858,"graham_size,graham_debt_to_equity",1715349120.0,13.891935,2.1299272,4.518,1.10148,0.17066,0.36145002,0.16605,1535915904.0,0.013600000000000001,4.0
CNMD,False,51.9293761904762,"graham_size,graham_current_ratio,graham_earnings_stability,graham_pe,graham_pe_times_pb,munger_roe",1494267776.0,26.967567,1.4365929,1.484,0.80109,0.05527,0.55576,0.14642,131359624.0,0.0161,3.0
TJX,False,51.86916264636587,"graham_current_ratio,graham_debt_to_equity,graham_pe,graham_pe_times_pb",169218605056.0,29.801556,16.271511,1.139,1.3630699999999998,0.6125,0.31351998,0.11771,4314250240.0,0.0125,4.0
ALV,False,51.81041688095237,"graham_current_ratio,graham_pe_times_pb,munger_gross_margin",8915166208.0,14.371901,3.5803995,1.029,0.8752500000000001,0.25858,0.19298,0.095970005,742124992.0,0.0287,4.0
MAT,False,51.80808333333333,graham_debt_to_equity,4312641536.0,11.264925,2.1582785,1.902,1.37445,0.20497,0.47605,0.01323,425315872.0,,4.0
INVH,False,51.80592212587965,"graham_current_ratio,graham_pe,graham_pe_times_pb,munger_roe",18079668224.0,27.922016,1.9851934,0.43,0.9442499999999999,0.070539996,0.56262,0.25115,1168785536.0,0.039599999999999996,4.0
CLX,False,51.7969982607617,"graham_current_ratio,graham_debt_to_equity,graham_pe,graham_pe_times_pb",12728593408.0,21.928123,141.47177,0.658,22.214290000000002,1.6376,0.42321,0.12885,110375000.0,0.046900000000000004,4.0
ROKU,False,51.64716356206149,"graham_earnings_stability,graham_pe,graham_pe_times_pb,munger_roe",23393798144.0,66.78814,8.708768,2.866,0.16792,0.13122,0.45504,0.12172,836552128.0,,1.0
URI,False,51.60241292366252,"graham_current_ratio,graham_debt_to_equity,graham_pe,graham_pe_times_pb",71479271424.0,27.84675,7.7611375,0.764,1.6679300000000001,0.28895,0.3848,0.25986,1706249984.0,0.006999999999999999,4.0
EXR,False,51.585724405232824,"graham_current_ratio,graham_debt_to_equity,graham_pe,graham_pe_times_pb,munger_roe",32966338560.0,32.33117,2.3803225,0.886,1.01674,0.06953,0.74919,0.45882,1499437568.0,0.0434,4.0
WMS,False,51.576271802334105,"graham_pe,graham_pe_times_pb",11324374016.0,25.627985,5.978027,2.119,0.97185,0.26354,0.38645,0.26325,327261376.0,0.005699999999999999,4.0
AMG,False,51.54615952380953,"data_missing:market_cap,graham_pe_times_pb",,12.835702,3.1692142,101.314,0.7609600000000001,0.24257,0.50273,0.30357,277175008.0,0.0001,4.0
AGO,False,51.505642544801056,"graham_current_ratio,munger_roe",3352535296.0,9.951697,0.6079384,0.99,0.30563,0.06666,0.94342005,0.4264,14625000.0,0.02,4.0
IVZ,False,51.48217083822245,"data_missing:trailing_pe,graham_current_ratio,graham_earnings_stability,munger_roe,munger_gross_margin",14331089920.0,,1.4386384,0.708,0.12055999999999999,-0.0057300003,0.2952,0.19950001,1140787456.0,0.0273,0.0
FORM,False,51.41340776588626,"graham_pe,graham_pe_times_pb,munger_roe",10098276352.0,89.14827,9.0763235,4.078,0.02691,0.10989001,0.46182,0.24122,114850000.0,,4.0
HST,False,51.41189523809524,"graham_pe_times_pb,munger_gross_margin",15937025024.0,15.395973,2.4597898,1.671,0.8529800000000001,0.15558,0.29195,0.18215,1692375040.0,0.0352,4.0
DEA,False,51.328107180357144,"graham_size,graham_current_ratio,graham_debt_to_equity,graham_pe,graham_pe_times_pb,munger_roe",1219999616.0,131.02632,0.89434546,0.604,1.25876,0.0077100005,0.67524004,0.25083,127493128.0,0.0732,4.0
LIN,False,51.32491394639654,"graham_current_ratio,graham_pe,graham_pe_times_pb",221353443328.0,31.07961,5.6639695,0.879,0.68947,0.18400998,0.48348,0.28119,4160750080.0,0.0134,4.0
ALRM,False,51.29144310401033,"graham_pe,graham_pe_times_pb,munger_roe",2721071360.0,24.526548,3.1440728,4.96,0.62337,0.13311,0.65809,0.15068,100146624.0,,4.0
BRC,False,51.263004011904755,"data_missing:market_cap,graham_pe,graham_pe_times_pb",,21.370115,3.2639303,2.01,0.06586,0.16695999,0.51409,0.17716,145758368.0,0.0104,4.0
MGM,False,51.249372095469624,"graham_current_ratio,graham_debt_to_equity,graham_pe,graham_pe_times_pb",11311182848.0,26.79394,4.4245396,1.335,8.933110000000001,0.18924999,0.44157,0.067880005,878991104.0,,4.0
PFG,False,51.226014514282795,"graham_pe_times_pb,munger_roe",24585635840.0,16.35755,2.029731,1.586,0.35307,0.12949,0.47345,0.12336001,1056374976.0,0.0292,4.0
GHC,False,51.21465070383005,"munger_roe,munger_gross_margin",4993466880.0,9.535908,1.0486997,1.86,0.30218,0.118710004,0.29947,0.1974,267685120.0,0.0063,4.0
DBX,False,51.184428571428576,"data_missing:debt_to_equity,data_missing:return_on_equity,graham_current_ratio,graham_pe_times_pb",7539822592.0,19.15746,-3.4814255,1.074,,,0.79732,0.26097,783075008.0,,4.0
AMRX,False,51.1278578095238,"graham_debt_to_equity,graham_earnings_stability,graham_pe,graham_pe_times_pb,munger_fcf",6192703488.0,37.041668,172.62137,2.205,23.86528,6.1301703,0.39810002,0.18335,-115327128.0,,1.0
WMB,False,51.127250000000004,"graham_current_ratio,graham_debt_to_equity,graham_pe,graham_pe_times_pb,munger_fcf",90306461696.0,29.650602,6.864076,0.477,2.00371,0.21503,0.63637,0.39540002,-1516749952.0,0.0288,4.0
DRI,False,51.06857889986009,"graham_current_ratio,graham_debt_to_equity,graham_pe,graham_pe_times_pb,munger_gross_margin",25400428544.0,21.428162,11.560643,0.314,3.64507,0.53718,0.21667999,0.14142,790974976.0,0.0274,4.0
STE,False,51.06178256988257,"graham_pe,graham_pe_times_pb,munger_roe",22821851136.0,28.579977,3.1667457,1.906,0.28312000000000004,0.11389,0.44422,0.19153,798862528.0,0.0109,4.0
NFG,False,51.044,munger_fcf,7764234240.0,11.409219,1.9786369,3.201,0.9092,0.19576,0.63229,0.40073,-24765500.0,0.027200000000000002,4.0
ACIW,False,51.00649256301563,"graham_pe,graham_pe_times_pb",5381923840.0,24.454128,3.6054375,1.582,0.57698,0.15617,0.49082002,0.10466,260535632.0,,4.0
CURB,False,50.926226548664324,"graham_pe,graham_pe_times_pb,munger_roe",3497155840.0,112.59259,1.661747,2.654,0.28476,0.0146200005,0.75179,0.19184,152188000.0,0.0226,4.0
WRLD,False,50.89354863305245,"graham_size,graham_debt_to_equity,graham_pe,graham_pe_times_pb,munger_roe",897848640.0,24.590038,2.4596634,10.382,1.78936,0.099,0.69242996,0.15316,60710904.0,,4.0
ZD,False,50.78414285714287,"data_missing:trailing_pe,graham_size,munger_roe",1900539904.0,,1.2038224,2.164,0.3998,-0.01456,0.85010004,0.04156,519709248.0,,4.0
DD,False,50.72179523809523,"graham_earnings_stability,graham_pe,graham_pe_times_pb,munger_roe",19598112768.0,62.285408,1.4233104,2.427,0.22902,0.01792,0.35132,0.14239,1835250048.0,0.0167,0.0
TKO,False,50.71427324462229,"graham_current_ratio,graham_pe,graham_pe_times_pb,munger_roe",38217338880.0,70.6014,4.4194446,1.278,0.59216,0.07063,0.59455,0.32388002,856147520.0,0.015600000000000001,4.0
VICI,False,50.635680585243236,munger_roe,29145520128.0,10.25969,1.0038302,11.236,0.60277,0.09849,0.99271005,0.70182997,267028992.0,0.0683,4.0
SCI,False,50.611810554674804,"graham_current_ratio,graham_debt_to_equity,graham_pe,graham_pe_times_pb,munger_gross_margin",11446449152.0,21.9282,7.3227835,0.531,3.44863,0.34714,0.26026,0.21003,315907872.0,0.0173,4.0
HLIT,False,50.58423264655377,"graham_size,graham_earnings_stability,graham_pe,graham_pe_times_pb,munger_roe",1512162816.0,73.0,4.236408,3.047,0.36111,0.06546,0.50009,0.17781,71381872.0,,0.0
WM,False,50.5733895630463,"graham_current_ratio,graham_debt_to_equity,graham_pe,graham_pe_times_pb",90015858688.0,59.419525,9.075156,0.907,2.35301,0.29841,0.40601003,0.18986,2348375040.0,0.0158,4.0
SYY,False,50.55402742274764,"graham_current_ratio,graham_debt_to_equity,graham_pe,graham_pe_times_pb,munger_gross_margin",39891394560.0,23.091413,14.963202,1.277,5.6140300000000005,0.77692,0.18496001,0.05013,1953124992.0,0.0263,4.0
VAL,False,50.54575204798011,munger_gross_margin,6027722240.0,6.5467567,1.8952906,1.547,0.36219999999999997,0.33619,0.24784,0.09792,79725000.0,,4.0
AMD,False,50.358879617097074,"graham_pe,graham_pe_times_pb,munger_roe",819110674432.0,128.32736,12.181301,2.609,0.06361,0.10196,0.55724,0.1725,8841499648.0,,4.0
ARR,False,50.24824999999999,"data_missing:free_cash_flow,graham_current_ratio,graham_debt_to_equity,graham_earnings_stability",2378798848.0,3.8106577,0.88858926,1.142,7.567240000000001,0.20331,1.0,0.86998004,,0.1722,1.0
TRMB,False,50.235316186440315,"data_missing:trailing_pe,graham_current_ratio,munger_roe",13163001856.0,,2.320181,0.954,0.28553,-0.01939,0.71773005,0.15134,686174976.0,,4.0
SCHW,False,50.20475,"data_missing:free_cash_flow,graham_current_ratio,graham_debt_to_equity,graham_pe,graham_pe_times_pb",191804948480.0,20.056509,4.3626833,0.655,1.5110599999999998,0.20273,0.97495,0.52277,,0.0116,4.0
NYT,False,50.10484261157877,"data_missing:debt_to_equity,graham_pe,graham_pe_times_pb",10464885760.0,27.035416,5.119132,1.58,,0.19724001,0.50958997,0.17122,459932128.0,0.0143,4.0
EEFT,False,50.08058333333334,"graham_current_ratio,graham_debt_to_equity,graham_pe_times_pb,munger_gross_margin",2719615488.0,11.541269,2.6961584,1.371,2.25391,0.22371,0.24004,0.12369,311637504.0,,4.0
MAA,False,50.00912329730656,"graham_current_ratio,graham_debt_to_equity,graham_pe,graham_pe_times_pb,munger_roe",16003009536.0,39.333332,2.8719656,0.048,1.0237699999999998,0.0705,0.58392,0.25356,921182272.0,0.0462,4.0
KFY,False,49.993944957467704,"graham_pe_times_pb,munger_roe,munger_gross_margin",4306211840.0,16.06322,2.1349459,1.941,0.30126000000000003,0.14583999,0.24304001,0.14693,244188256.0,0.0259,4.0
PCRX,False,49.97879293214286,"graham_size,graham_earnings_stability,graham_pe,graham_pe_times_pb,munger_roe",925593024.0,66.34286,1.3959359,5.042,0.61329,0.020480001,0.79206,0.06165,92841248.0,,1.0
INGR,False,49.97622151033468,"munger_roe,munger_gross_margin",6603429376.0,11.381522,1.460472,2.798,0.39411999999999997,0.13693,0.23728001,0.12595001,457249984.0,0.031200000000000002,4.0
RYAN,False,49.96939034916109,"graham_current_ratio,graham_debt_to_equity,graham_pe,graham_pe_times_pb",16538207232.0,57.30405,10.108461,0.998,3.74707,0.22092,0.41487,0.25041,584760128.0,0.0121,4.0
IEX,False,49.965251247798015,"graham_pe,graham_pe_times_pb,munger_roe",17590304768.0,34.283047,4.4054875,3.049,0.4706,0.12955,0.4473,0.2217,555612480.0,0.012199999999999999,4.0
VMI,False,49.95887825377329,graham_pe_times_pb,9574436864.0,19.381008,5.5628963,2.354,0.50676,0.29777,0.30403998,0.14849,142812496.0,0.0062,4.0
RJF,False,49.94475789285715,"data_missing:free_cash_flow,graham_pe_times_pb",34979487744.0,15.875326,2.7548487,2.109,0.47594000000000003,0.18416001,0.93156,0.19301,,0.011899999999999999,4.0
CDW,False,49.93283235933197,"graham_current_ratio,graham_debt_to_equity,graham_pe_times_pb,munger_gross_margin",17506189312.0,16.83053,7.18471,1.167,2.6327800000000003,0.44009998,0.21360001,0.07345,676787520.0,0.0177,4.0
CW,False,49.892010039914574,"graham_pe,graham_pe_times_pb",25523361792.0,47.559875,9.21381,1.602,0.41481999999999997,0.19746,0.37727,0.19395,553040256.0,0.0015,4.0
MMS,False,49.842861904761904,munger_gross_margin,2907426560.0,7.978448,1.6704268,2.421,0.99546,0.21112,0.25594,0.12622,354073760.0,0.0235,4.0
MTDR,False,49.8284,"graham_current_ratio,munger_roe,munger_fcf",6524322304.0,9.042882,1.1026521,0.65,0.69104,0.13592,0.8239,0.492,-907763968.0,0.0291,4.0
ADUS,False,49.81889260636055,"graham_pe,graham_pe_times_pb,munger_roe",2176863232.0,20.486818,1.8572453,1.69,0.09478,0.09706,0.32359,0.10318,119751504.0,,4.0
PLAB,False,49.79043772484702,"graham_size,munger_roe",1939905664.0,12.140222,1.5413446,5.049,0.00228,0.13239999,0.33773997,0.20091,39001500.0,,4.0
MRP,False,49.7029997,"graham_earnings_stability,munger_roe,munger_fcf",5044519424.0,10.404075,0.8615478,54.111,0.42579999999999996,0.081199996,0.85307,0.85156995,-1379807232.0,0.10189999999999999,1.0
BCPC,False,49.68027828381746,"graham_pe,graham_pe_times_pb,munger_roe",5646553600.0,34.86811,4.3461084,2.665,0.12801,0.12793,0.36294997,0.20853001,134847504.0,0.0054,4.0
NLY,False,49.675250000000005,"data_missing:free_cash_flow,graham_current_ratio,graham_debt_to_equity,graham_earnings_stability",17603000320.0,5.5739856,1.159172,0.558,7.37543,0.19567,0.97972,0.91652,,0.1283,2.0
DLR,False,49.6151360432375,"graham_current_ratio,graham_pe,graham_pe_times_pb,munger_roe",75174486016.0,252.60759,2.7652144,0.89,0.67944,0.02912,0.56994,0.25882,3768482048.0,0.024700000000000003,4.0
TWLO,False,49.491613824373545,"data_missing:consecutive_positive_earnings_years,graham_pe,graham_pe_times_pb,munger_roe",36117819392.0,32.528355,4.5956035,4.621,0.11868000000000001,0.13497,0.48561,0.078260005,954675392.0,,
RBC,False,49.48592218090964,"graham_pe,graham_pe_times_pb,munger_roe",17640452096.0,54.950443,5.229495,2.53,0.25364000000000003,0.09747,0.45953,0.2718,283237504.0,,4.0
CORT,False,49.47639710900717,"graham_pe,graham_pe_times_pb,munger_roe",12116760576.0,254.75023,17.13916,2.859,0.013349999999999999,0.08226,0.98305,0.16124001,77395128.0,,4.0
DTM,False,49.45602857155221,"graham_current_ratio,graham_pe,graham_pe_times_pb,munger_roe",13842455552.0,30.019913,2.896512,1.372,0.6854300000000001,0.09901,0.75344,0.50437,128000000.0,0.0259,4.0
SXI,False,49.4559102956614,"graham_pe,graham_pe_times_pb",3983265280.0,37.835445,5.2473745,2.404,0.7332500000000001,0.17218,0.41726002,0.1777,175531008.0,0.0040999999999999995,4.0
TDY,False,49.445294355631695,"graham_pe,graham_pe_times_pb,munger_roe",31419873280.0,32.775627,2.8776429,2.181,0.18565,0.09154,0.43339002,0.20198,912675008.0,,4.0
CCK,False,49.437124048373335,"graham_current_ratio,graham_debt_to_equity,graham_pe_times_pb,munger_gross_margin",12915310592.0,17.086332,4.453069,1.049,1.86334,0.27367002,0.20957,0.12595001,853875008.0,0.0109,4.0
OKTA,False,49.43585370144982,"graham_current_ratio,graham_earnings_stability,graham_pe,graham_pe_times_pb,munger_roe",25890344960.0,102.0274,3.7859957,1.43,0.05957,0.036679998,0.77436996,0.0732,977750016.0,,2.0
CXT,False,49.33362004761905,"graham_current_ratio,graham_debt_to_equity,graham_pe,graham_pe_times_pb,munger_roe",2959226624.0,21.243801,2.3367121,1.415,1.141,0.11484,0.42115003,0.15592,239787504.0,0.013999999999999999,4.0
DOV,False,49.314245760552964,"graham_pe,graham_pe_times_pb,munger_roe",27973083136.0,25.32927,3.630992,1.979,0.42316000000000004,0.14914,0.40092,0.18691999,906472128.0,0.0102,4.0
DASH,False,49.30955968407478,"graham_current_ratio,graham_earnings_stability,graham_pe,graham_pe_times_pb,munger_roe",94816747520.0,114.53158,9.503035,1.368,0.33276000000000006,0.088870004,0.52225,0.03862,5147500032.0,,2.0
WTW,False,49.29484238997005,"graham_current_ratio,graham_earnings_stability,graham_pe,graham_pe_times_pb",30815836160.0,20.908003,4.0140085,1.098,0.9139,0.19761999,0.42516,0.17559,1415624960.0,0.0113,1.0
FSS,False,49.287962674973016,"graham_pe,graham_pe_times_pb,munger_gross_margin",7632643072.0,26.948277,5.062758,2.739,0.32223,0.20608,0.29167998,0.17650999,194724992.0,0.0048,4.0
UPS,False,49.07745915280117,"graham_current_ratio,graham_debt_to_equity,graham_pe_times_pb,munger_gross_margin",89493716992.0,19.552044,5.94126,1.179,1.899,0.29602,0.22413,0.09052,5557749760.0,0.0622,4.0
PEN,False,49.07080696789154,"graham_earnings_stability,graham_pe,graham_pe_times_pb,munger_roe",12915791872.0,80.367645,8.437549,5.75,0.13896,0.1137,0.6784,0.105220005,161100128.0,,3.0
AMSF,False,49.01141529950668,"data_missing:debt_to_equity,graham_size,munger_gross_margin",514746336.0,11.19758,2.0576468,2.042,,0.18225001,0.27679002,0.19858,36250000.0,0.0603,4.0
GPN,False,48.98347857142858,"graham_current_ratio,graham_pe,graham_pe_times_pb,munger_roe",24519540736.0,41.0,1.0647515,0.825,0.98273,0.02428,0.63959,0.16108,7867763200.0,0.0105,4.0
LMT,False,48.97874268757548,"graham_current_ratio,graham_debt_to_equity,graham_pe,graham_pe_times_pb,munger_gross_margin",140163842048.0,22.36906,15.930958,1.193,2.34238,0.89165,0.11798,0.119569995,5562625024.0,0.0227,4.0
DCI,False,48.97268742857143,"data_missing:market_cap,graham_pe,graham_pe_times_pb",,25.855795,6.558078,2.353,0.35882,0.27777,0.34570998,0.1633,302387488.0,0.013000000000000001,4.0
TTEK,False,48.94660210827516,"graham_current_ratio,graham_pe,graham_pe_times_pb,munger_gross_margin",9334099968.0,21.960844,5.0400944,1.184,0.55247,0.24297,0.21837,0.14253001,396642240.0,0.008100000000000001,4.0
MRVL,False,48.944643597576395,"graham_earnings_stability,graham_pe,graham_pe_times_pb",195950018560.0,73.26104,10.494035,3.278,0.2897,0.16028,0.51502997,0.14479999,2269700096.0,0.0011,1.0
BURL,False,48.92375790143699,"graham_current_ratio,graham_debt_to_equity,graham_pe,graham_pe_times_pb",22178629632.0,36.177105,11.934058,1.164,3.19733,0.39141,0.43947,0.05933,210811744.0,,4.0
VNOM,False,48.88834644920562,"data_missing:trailing_pe,graham_earnings_stability,munger_roe",22164553728.0,,1.6078148,6.374,0.1632,0.0109,1.0,0.66980004,46000000.0,0.0594,0.0
WHD,False,48.86164387507341,"graham_pe,graham_pe_times_pb,munger_roe",5905614848.0,61.894955,4.1374564,2.587,0.033010000000000005,0.13114001,0.33233002,0.18593,129337624.0,0.0083,4.0
VST,False,48.856730482201094,"graham_current_ratio,graham_debt_to_equity,graham_earnings_stability,graham_pe,graham_pe_times_pb",49539756032.0,24.89039,15.987868,0.973,3.7327999999999997,0.42962003,0.38309,0.13766,37125000.0,0.0063,3.0
OSK,False,48.84702404282716,"graham_pe_times_pb,munger_roe,munger_gross_margin",9503753216.0,17.63259,2.102702,1.718,0.24359000000000003,0.12387,0.15898,0.08405,734037504.0,0.015,4.0
SF,False,48.846520999999996,"data_missing:free_cash_flow,graham_current_ratio,graham_pe_times_pb",12993698816.0,15.39356,2.4481494,0.895,0.52002,0.16427,0.95567,0.21761999,,0.016,4.0
TREX,False,48.810269090879224,"graham_current_ratio,graham_pe,graham_pe_times_pb",5065756160.0,29.25294,5.1888566,1.061,0.30034,0.17740999,0.38204,0.20618999,69669128.0,,4.0
GTM,False,48.80885714285715,"data_missing:trailing_pe,graham_size,graham_current_ratio,graham_debt_to_equity,munger_roe",1216548864.0,,1.474074,0.651,1.83227,-0.45449,0.86507004,0.20554,356462496.0,,4.0
GILD,False,48.747308944670536,"data_missing:trailing_pe,graham_current_ratio,graham_debt_to_equity,munger_roe",170624024576.0,,14.4361105,1.265,2.2346500000000002,-0.2068,0.79603994,0.33679,9768875008.0,0.023700000000000002,4.0
ITRI,False,48.6101307214399,"graham_earnings_stability,graham_pe_times_pb",4459242496.0,17.001669,2.7583215,2.746,0.9775400000000001,0.16885,0.39869,0.13455,295262240.0,,3.0
GTES,False,48.60809239934205,"graham_pe_times_pb,munger_roe",7037602304.0,19.716312,1.9982748,3.244,0.60695,0.10384,0.40532002,0.15346,417662496.0,,4.0
WSO,False,48.572481998044346,"graham_pe,graham_pe_times_pb,munger_gross_margin",12772503552.0,26.350637,3.9900513,3.199,0.15411,0.16744,0.27512,0.1094,483663744.0,0.0424,4.0
XYL,False,48.55830227135018,"graham_pe,graham_pe_times_pb,munger_roe",27908679680.0,28.459524,2.5361764,1.613,0.28642,0.09182999,0.39240003,0.16995001,1183750016.0,0.0143,4.0
MTN,False,48.556397548867075,"graham_current_ratio,graham_debt_to_equity,graham_pe,graham_pe_times_pb",5206593024.0,31.490303,9.436516,0.911,3.55585,0.1685,0.43330002,0.42097,134862496.0,0.0611,4.0
NVST,False,48.540133459677946,"graham_earnings_stability,graham_pe,graham_pe_times_pb,munger_roe",4542268928.0,49.614037,1.4959798,2.425,0.5162,0.030569999,0.55862,0.121149994,275762496.0,,1.0
SPXC,False,48.52700406358626,"graham_pe,graham_pe_times_pb,munger_roe",10761197568.0,38.78249,4.581814,1.825,0.26175,0.14684,0.40287998,0.17673,234024992.0,,4.0
UPBD,False,48.519320761904766,"graham_size,graham_debt_to_equity,graham_earnings_stability,munger_roe",1138587392.0,12.283019,1.5524642,3.126,2.32932,0.12733,0.49133998,0.06047,1568163200.0,0.0793,2.0
MS,False,48.47749925,"data_missing:free_cash_flow,graham_debt_to_equity,graham_pe_times_pb",341579857920.0,17.551695,3.2048197,1.999,5.172820000000001,0.17969999,0.87641,0.41567,,0.021099999999999997,4.0
EHC,False,48.47130675211689,"graham_current_ratio,graham_pe,graham_pe_times_pb",12218715136.0,20.886173,4.7105694,1.192,0.82121,0.24968,0.43865,0.18054001,229924992.0,0.0068000000000000005,4.0
ESE,False,48.46148287395011,"graham_current_ratio,graham_pe,graham_pe_times_pb,munger_roe",7915936256.0,56.79368,4.9929733,1.382,0.09315,0.095,0.42008,0.148,233938368.0,0.0011,4.0
DEI,False,48.410286142857146,"data_missing:trailing_pe,graham_current_ratio,graham_debt_to_equity,graham_earnings_stability,munger_roe",2368729088.0,,1.0731529,0.547,1.6313300000000002,-0.01928,0.63176996,0.19624001,395813120.0,0.0639,2.0
DHR,False,48.37457122243333,"graham_pe,graham_pe_times_pb,munger_roe",143099838464.0,36.54578,2.721172,1.651,0.5297,0.07605,0.58752996,0.19777,4325125120.0,0.0078000000000000005,4.0
DOC,False,48.348107142857145,"graham_debt_to_equity,graham_pe,graham_pe_times_pb,munger_roe",14778005504.0,59.55714,1.8517367,2.286,1.08653,0.03039,0.57648,0.1599,1645113088.0,0.058600000000000006,4.0
TSCO,False,48.345065940045394,"graham_current_ratio,graham_debt_to_equity,graham_pe_times_pb",18835652608.0,18.828178,7.19405,1.334,2.4871,0.39513,0.36499,0.120740004,103175000.0,0.0264,4.0
SAIC,False,48.331280096494126,"graham_current_ratio,graham_debt_to_equity,graham_pe_times_pb,munger_gross_margin",5326033920.0,14.13917,3.8068476,1.156,1.8798300000000001,0.27664,0.12605,0.08762,418124992.0,0.011699999999999999,4.0
TYL,False,48.28096289243461,"graham_pe,graham_pe_times_pb,munger_roe",13368869888.0,42.95395,4.3993587,1.554,0.47906,0.09731,0.47205,0.14741,594435648.0,,4.0
SAFT,False,48.272133333333336,"graham_size,graham_current_ratio,graham_pe,graham_pe_times_pb,munger_roe,munger_gross_margin",1520090496.0,22.26774,1.7342768,0.385,0.06817999999999999,0.07842,0.07645,0.13685,160487248.0,0.0355,4.0
CNO,False,48.272072095238094,"graham_debt_to_equity,graham_pe_times_pb,munger_roe",5111805440.0,19.051723,1.9761785,1.92,1.75664,0.10934,0.38706002,0.16729,996099968.0,0.0131,4.0
LGND,False,48.255131851532816,"graham_debt_to_equity,graham_earnings_stability,graham_pe,graham_pe_times_pb",5819901440.0,30.096392,6.0106034,31.178,1.16944,0.21962,0.81198996,0.13488,139748880.0,,1.0
CALX,False,48.11484720145817,"graham_earnings_stability,graham_pe,graham_pe_times_pb,munger_roe",2487467776.0,51.981842,3.5032542,2.83,0.01969,0.06905,0.56581,0.074489996,61477124.0,,1.0
NKE,False,48.07868655419885,graham_pe_times_pb,60816031744.0,19.15654,4.0896845,1.961,0.74289,0.22138001,0.43245,0.12687,1889250048.0,0.0398,4.0
SNPS,False,48.043111798075635,"graham_current_ratio,graham_pe,graham_pe_times_pb,munger_roe",79984746496.0,95.807335,2.6238527,1.434,0.35574,0.03824,0.82598996,0.10383,3538958592.0,,4.0
ABT,False,48.02339367933148,"graham_current_ratio,graham_pe,graham_pe_times_pb,munger_roe",193353039872.0,36.045162,3.7830515,1.376,0.63212,0.10576,0.56847,0.14706999,7209124864.0,0.0227,4.0
ATEN,False,47.98962637511865,"graham_size,graham_current_ratio,graham_pe,graham_pe_times_pb",1959717504.0,47.350876,8.218636,1.29,0.9500700000000001,0.19444999,0.79379,0.11261,61384500.0,0.0087,4.0
GOLF,False,47.97565055415953,"graham_debt_to_equity,graham_pe,graham_pe_times_pb",5231923712.0,24.342392,5.6574464,2.55,1.17199,0.25239,0.49148998,0.21402,73061000.0,0.0113,4.0
O,False,47.84217905062943,"graham_pe,graham_pe_times_pb,munger_roe",59640627200.0,46.00847,1.5080051,1.528,0.74722,0.03225,0.9268,0.46965998,1582081920.0,0.051699999999999996,4.0
XPEL,False,47.78734015476191,"graham_size,graham_pe,graham_pe_times_pb,munger_fcf",1384327168.0,24.856436,4.812614,2.61,0.19949000000000003,0.19365999,0.42901,0.16228001,-15348625.0,,4.0
LDOS,False,47.774109854823394,"graham_debt_to_equity,graham_pe_times_pb,munger_gross_margin",17932210176.0,13.342204,3.393697,1.629,1.2327599999999999,0.27781,0.17795,0.11715999,1146625024.0,0.0121,4.0
MHK,False,47.733971364285715,"graham_earnings_stability,munger_roe,munger_gross_margin",9401376768.0,18.071613,1.101779,1.916,0.27604,0.055120002,0.25641,0.097849995,966899968.0,,2.0
CSR,False,47.72133376190476,"graham_size,graham_debt_to_equity,graham_earnings_stability,graham_pe,graham_pe_times_pb,munger_roe",990043776.0,43.710938,1.3811746,3.112,1.24015,0.03388,0.59305,0.12628001,106247624.0,0.055099999999999996,1.0
NCLH,False,47.71783333333333,"graham_current_ratio,graham_debt_to_equity,graham_earnings_stability,graham_pe_times_pb,munger_fcf",8839365632.0,11.666667,3.4356594,0.2,6.21051,0.3673,0.42457,0.14042,-1680301312.0,,3.0
RVTY,False,47.70308117865208,"graham_pe,graham_pe_times_pb,munger_roe",13044450304.0,56.201927,1.8044858,1.8,0.46225,0.03211,0.54976004,0.17052999,604992128.0,0.0024,4.0
GS,False,47.6765,"data_missing:free_cash_flow,graham_debt_to_equity,graham_pe_times_pb",302302855168.0,16.03444,2.8332028,1.563,7.25381,0.16902,0.82075995,0.42176998,,0.0192,4.0
EFX,False,47.66614331655441,"graham_current_ratio,graham_debt_to_equity,graham_pe,graham_pe_times_pb,munger_roe",21477412864.0,32.07193,4.908046,0.602,1.20956,0.14275,0.55542,0.17305,947537472.0,0.0121,4.0
LCII,False,47.66166216190476,munger_gross_margin,2563162368.0,12.230859,1.7902566,2.486,0.80054,0.15,0.25651,0.113620006,264589248.0,0.0429,4.0
BL,False,47.58960279932815,"graham_size,graham_debt_to_equity,graham_earnings_stability,graham_pe,graham_pe_times_pb,munger_roe",1772239488.0,54.446426,5.6296163,1.721,2.0288,0.070300005,0.75563,0.06446,138621248.0,,3.0
VRTS,False,47.52883442543306,"graham_size,munger_roe",1129679488.0,9.633049,1.231381,2.659,0.44522,0.106709994,0.41079,0.117910005,56292376.0,0.0564,4.0
MYRG,False,47.51791673567144,"graham_current_ratio,graham_pe,graham_pe_times_pb,munger_gross_margin",5216632832.0,31.789373,7.4218626,1.398,0.08895,0.24714,0.12488,0.06199,177308880.0,,4.0
ZBRA,False,47.37037666079389,"graham_current_ratio,graham_pe,graham_pe_times_pb",17578747904.0,34.088074,5.1807747,0.516,0.8623000000000001,0.15286,0.49581,0.21259001,576750016.0,,4.0
NHC,False,47.36572699668558,"graham_pe,graham_pe_times_pb,munger_roe",3485756672.0,25.007868,3.1059167,1.862,0.027839999999999997,0.13267,0.39488,0.11993,63169624.0,0.012199999999999999,4.0
IQV,False,47.35711613896404,"graham_current_ratio,graham_debt_to_equity,graham_pe,graham_pe_times_pb",39311417344.0,29.705225,6.370329,0.706,2.57975,0.22818,0.32968,0.13027,2149750016.0,,4.0
CENT,False,47.352768005952385,munger_roe,2747502080.0,16.257408,1.5726775,3.787,0.8063400000000001,0.099709995,0.32571998,0.14262,342347872.0,,4.0
CENTA,False,47.352768005952385,munger_roe,2375389184.0,14.055555,1.359679,3.787,0.8063400000000001,0.099709995,0.32571998,0.14262,342347872.0,,4.0
CALY,False,47.34240147518626,"graham_earnings_stability,graham_pe,graham_pe_times_pb,munger_roe",2956134144.0,38.511627,1.3715421,3.043,0.12643000000000001,0.03466,0.44812,0.19046,100975000.0,,0.0
NSC,False,47.32919421632107,"graham_current_ratio,graham_debt_to_equity,graham_pe,graham_pe_times_pb",76157960192.0,28.930887,4.6857467,0.831,1.05519,0.16985,0.45159,0.35296002,1382249984.0,0.016,4.0
ADAM,False,47.3285,"data_missing:free_cash_flow,graham_size,graham_current_ratio,graham_debt_to_equity,graham_earnings_stability",911381056.0,6.0357146,0.9779149,0.844,7.69104,0.16438,0.78673,0.51676,,0.1189,1.0
PBI,False,47.31885714285715,"data_missing:debt_to_equity,data_missing:return_on_equity,graham_current_ratio,graham_earnings_stability,graham_pe_times_pb",2259246592.0,13.398374,-2.6162884,0.734,,,0.54081,0.21681,233828128.0,0.024,1.0
L,False,47.30416501816305,"graham_current_ratio,munger_roe",23053312000.0,13.83681,1.2058641,0.507,0.44609000000000004,0.09313,0.36290002,0.14533,1262000000.0,0.0022,4.0
BLFS,False,47.29521635662509,"graham_size,graham_earnings_stability,graham_pe,graham_pe_times_pb,munger_roe",1709778304.0,34.96,4.5308447,9.694,0.037469999999999996,0.12829,0.63613,0.059580002,4664875.0,,0.0
NOW,False,47.293886915328955,"graham_current_ratio,graham_pe,graham_pe_times_pb,munger_roe",128730497024.0,77.82137,10.28533,0.701,0.67538,0.14244,0.74768996,0.04063,5149374976.0,,4.0
VVV,False,47.25912554407655,"graham_current_ratio,graham_debt_to_equity,graham_pe,graham_pe_times_pb",4337501696.0,41.98765,12.282412,0.702,4.7499400000000005,0.28399,0.38284,0.21043,72525000.0,,4.0
ALSN,False,47.249001638811386,"graham_debt_to_equity,graham_pe_times_pb",10309868544.0,19.880573,5.215121,1.807,2.11925,0.28349,0.37846002,0.19093001,214000000.0,0.009399999999999999,4.0
ATO,False,47.1947,"graham_current_ratio,graham_pe,graham_pe_times_pb,munger_roe,munger_fcf",28620748800.0,20.162502,1.8757477,0.814,0.6766200000000001,0.09792,0.62212,0.37223998,-2220956928.0,0.0235,4.0
CVCO,False,47.18795519381169,"graham_pe,graham_pe_times_pb,munger_gross_margin",4690458112.0,26.49826,4.2351007,2.229,0.03702,0.16658,0.21886,0.09846,163879120.0,,4.0
AWR,False,47.18751666666667,"graham_current_ratio,graham_pe,graham_pe_times_pb,munger_roe,munger_fcf",3510725376.0,24.200819,3.1304116,0.98,0.8181100000000001,0.1367,0.5762,0.35755002,-25544000.0,0.0246,4.0
DHI,False,47.18617188592741,"munger_roe,munger_gross_margin",41724440576.0,13.838127,1.758144,6.011,0.29451,0.12632,0.21298,0.1299,2413900032.0,0.012,4.0
POOL,False,47.158352624412636,"graham_debt_to_equity,graham_pe_times_pb,munger_gross_margin",7222723584.0,18.150684,5.732291,2.671,1.34537,0.31254998,0.29579002,0.15137,212930256.0,0.0259,4.0
ON,False,47.09785641416462,"graham_pe,graham_pe_times_pb,munger_roe",31876841472.0,54.586666,4.4156823,3.464,0.6505500000000001,0.08312,0.42776,0.19532,1656649984.0,,4.0
EIX,False,47.082922176450346,"graham_current_ratio,graham_debt_to_equity",27302551552.0,7.3219814,1.5648779,0.662,2.28042,0.19734,0.61005,0.26899,82375000.0,0.049699999999999994,4.0
PPG,False,47.028908594239546,graham_pe_times_pb,25438900224.0,16.3947,3.0130332,1.58,0.86938,0.19297001,0.41202998,0.14016,1104625024.0,0.0258,4.0
APOG,False,47.02742398095238,"graham_size,munger_roe,munger_gross_margin",885395776.0,13.30025,1.7453536,1.76,0.5625399999999999,0.13756,0.23378,0.054970004,102537000.0,0.025099999999999997,4.0
VSXY,False,47.02004646866092,"graham_current_ratio,graham_debt_to_equity,graham_pe,graham_pe_times_pb",7159819264.0,35.88446,9.007,1.264,3.3739600000000003,0.32016,0.37012002,0.05192,241875008.0,,4.0
TPC,False,46.99957857142857,"data_missing:price_to_book,graham_current_ratio,graham_earnings_stability,graham_pe,munger_roe,munger_gross_margin",5098691072.0,41.769913,,1.285,0.34819,0.13736,0.11481,0.07218,573201344.0,0.0037,1.0
FELE,False,46.98694107023852,"graham_pe,graham_pe_times_pb,munger_roe",4682877952.0,30.34957,3.3272603,2.406,0.21844999999999998,0.11767,0.35525,0.15447,149414368.0,0.0106,4.0
LEG,False,46.93721504761905,"graham_size,graham_debt_to_equity,graham_earnings_stability,munger_gross_margin",1331742720.0,6.25,1.2800314,2.35,1.5219900000000002,0.22642,0.19089001,0.08383001,241450000.0,0.0206,1.0
GEHC,False,46.86485479504606,"graham_current_ratio,graham_pe_times_pb",33235075072.0,16.953917,3.0282328,1.264,0.93965,0.19376,0.39528,0.14976,1573124992.0,0.0019,4.0
LXP,False,46.856402937926845,"graham_current_ratio,graham_pe,graham_pe_times_pb,munger_roe",3574578944.0,61.242424,1.9280058,1.026,0.69889,0.03497,0.81463,0.16078,183396368.0,0.0461,4.0
SMPL,False,46.82658980952381,"data_missing:trailing_pe,graham_size,munger_roe",998501248.0,,0.7040848,4.796,0.31623999999999997,-0.12197,0.33273998,0.12784,107168376.0,,4.0
RGA,False,46.80126428571428,"graham_current_ratio,munger_roe,munger_gross_margin",16303865856.0,10.993835,1.1904069,1.166,0.41418,0.11687,0.1407,0.10637,9836499968.0,0.015700000000000002,4.0
BKNG,False,46.74986959884053,"data_missing:debt_to_equity,data_missing:return_on_equity,graham_current_ratio,graham_pe,graham_pe_times_pb",160930660352.0,23.797777,-15.0555315,1.094,,,0.87227994,0.34412,7725875200.0,0.0079,4.0
XOM,False,46.600250415124755,"graham_current_ratio,graham_pe,graham_pe_times_pb,munger_roe,munger_gross_margin",659879624704.0,20.814526,2.544071,1.135,0.15921,0.12584,0.29767,0.15859,20671000576.0,0.026000000000000002,4.0
RPM,False,46.41633808009845,"graham_pe,graham_pe_times_pb",14341967872.0,22.074656,4.3308663,1.678,0.89022,0.21371001,0.41435,0.15307,480144864.0,0.018799999999999997,4.0
KDP,False,46.38641190476191,"graham_current_ratio,graham_pe,graham_pe_times_pb,munger_roe",42995294208.0,31.91414,1.7015833,0.479,0.99649,0.051,0.50956,0.12888,4607249920.0,0.0311,4.0
KEX,False,46.370839978089116,"graham_pe,graham_pe_times_pb,munger_roe",7289040384.0,21.205837,2.129514,1.684,0.35618,0.10414,0.33196998,0.13833,347219136.0,,4.0
SMP,False,46.304007142857145,"graham_size,munger_roe",863899072.0,9.839694,1.2035105,2.003,0.9527899999999999,0.12528,0.31992,0.12917,130171000.0,0.0336,4.0
MCHP,False,46.21548679876035,"graham_earnings_stability,graham_pe,graham_pe_times_pb,munger_roe",42078285824.0,113.957344,6.522811,1.921,0.8368800000000001,0.0719,0.60194,0.23958,1364762496.0,0.023399999999999997,1.0
HD,False,46.153475523809526,"data_missing:market_cap,graham_current_ratio,graham_debt_to_equity,graham_pe,graham_pe_times_pb",,24.011362,24.294336,1.045,4.59356,1.2838,0.33126998,0.11926,10128249856.0,0.0273,4.0
VRSK,False,46.020659124670125,"data_missing:debt_to_equity,data_missing:return_on_equity,graham_current_ratio,graham_pe,graham_pe_times_pb",23944802304.0,27.417288,-20.640636,1.005,,,0.70179003,0.45106998,1055550016.0,0.0111,4.0
NVT,False,46.005930005812466,"graham_pe,graham_pe_times_pb",27748925440.0,47.622223,6.960052,1.8,0.40957,0.15748,0.36971,0.20526,468175008.0,0.0049,4.0
CTRE,False,45.99979999999999,"graham_earnings_stability,graham_pe,graham_pe_times_pb,munger_roe,munger_fcf",9215434752.0,24.375,2.0497189,3.304,0.7194799999999999,0.09056,0.96365,0.57791,-80309504.0,0.04019999999999999,3.0
KRG,False,45.902341647518945,"graham_current_ratio,graham_earnings_stability,graham_pe_times_pb,munger_roe",5462331904.0,16.534163,1.8588088,0.929,0.96238,0.10738,0.73175,0.24018,152751120.0,0.0438,3.0
BKR,False,45.90120238473286,"graham_earnings_stability,graham_pe,graham_pe_times_pb,munger_gross_margin",63769378816.0,20.655949,3.2020733,2.095,0.80925,0.16463,0.23657,0.1283,4415000064.0,0.014499999999999999,3.0
LSCC,False,45.80230403180826,"graham_pe,graham_pe_times_pb,munger_roe",18289238016.0,536.5417,23.80662,3.024,0.04836,0.04927,0.69024,0.1333,155063248.0,,4.0
SWK,False,45.79479590476191,"graham_current_ratio,graham_earnings_stability,graham_pe,graham_pe_times_pb,munger_roe",15356882944.0,24.863081,1.7608658,1.432,0.58172,0.06886,0.32213002,0.08443,1419049984.0,0.0327,2.0
AAT,False,45.79475558949468,"graham_size,graham_current_ratio,graham_debt_to_equity,graham_pe,graham_pe_times_pb,munger_roe",1779817216.0,76.46667,1.2551981,0.62,1.61778,0.02164,0.61821,0.24256,98077376.0,0.0603,4.0
FIVN,False,45.715368833333336,"graham_debt_to_equity,graham_earnings_stability,graham_pe,graham_pe_times_pb,munger_roe",2463261184.0,48.47794,3.138627,4.149,1.07449,0.079169996,0.55063,0.033210002,260481504.0,,1.0
EQIX,False,45.70828472009489,"graham_current_ratio,graham_debt_to_equity,graham_pe,graham_pe_times_pb,munger_roe",107887624192.0,70.22479,7.5015264,1.131,1.6221700000000001,0.10735,0.51979,0.27021998,3776000000.0,0.0192,4.0
FG,False,45.47653266666667,"graham_current_ratio,graham_earnings_stability,munger_roe",3603991552.0,9.054276,0.7819824,0.941,0.48807,0.09167,0.32766998,-0.0373,2273625088.0,0.037599999999999995,2.0
AXTA,False,45.46802202341347,"graham_debt_to_equity,graham_pe,graham_pe_times_pb,munger_roe",7995787264.0,22.920246,3.1701317,1.533,1.19424,0.14344,0.34039003,0.15156001,539500032.0,,4.0
ELAN,False,45.39452226200208,"data_missing:trailing_pe,graham_earnings_stability,munger_roe",11559760896.0,,1.7550046,2.05,0.64253,-0.029779999,0.55359,0.086260006,826875008.0,,0.0
SWKS,False,45.38785152083033,"graham_pe,graham_pe_times_pb,munger_roe",10211834880.0,35.16321,1.7799256,3.101,0.11869,0.05094,0.40734002,0.08825,448812512.0,0.041299999999999996,4.0
SON,False,45.363868952380955,"graham_current_ratio,graham_debt_to_equity,munger_gross_margin",5736727552.0,8.967543,1.6018773,0.995,1.32433,0.18855,0.20794001,0.10012999,527077760.0,0.037000000000000005,4.0
TNL,False,45.33676190476191,"data_missing:debt_to_equity,data_missing:return_on_equity,graham_pe,graham_pe_times_pb",4618217984.0,20.367567,-4.5321145,3.202,,,0.50611,0.19755,556374976.0,0.0321,4.0
AN,False,45.321166235326906,"graham_current_ratio,graham_debt_to_equity,munger_gross_margin",6904749568.0,9.691416,3.0626311,0.782,5.0158499999999995,0.32766998,0.17834999,0.04449,356124992.0,,4.0
MMSI,False,45.31155869105538,"graham_pe,graham_pe_times_pb,munger_roe",5405882880.0,37.257202,3.218107,4.198,0.48822000000000004,0.0919,0.49514,0.14456001,173902128.0,,4.0
SGI,False,45.11580661692045,"graham_current_ratio,graham_debt_to_equity,graham_pe,graham_pe_times_pb",13982994432.0,26.272728,4.4414005,0.748,1.98088,0.17516,0.44733003,0.111269996,687912512.0,0.0103,4.0
SCSC,False,45.11067142857142,"graham_size,munger_roe,munger_gross_margin",1067444224.0,15.963526,1.2043109,1.862,0.12430999999999999,0.08113,0.13695,0.03093,107137000.0,,4.0
OLLI,False,45.09308766768621,"graham_pe_times_pb,munger_roe",4648555520.0,19.033415,2.467351,2.32,0.37579999999999997,0.13781,0.40708,0.10556,135756496.0,,4.0
PECO,False,45.042308663614214,"graham_pe,graham_pe_times_pb,munger_roe",5749801984.0,35.657898,2.1987236,1.567,0.91852,0.060170002,0.70998,0.28799,160187872.0,0.032400000000000005,4.0
M,False,44.96167857142857,"graham_current_ratio,graham_debt_to_equity,munger_roe",6236629504.0,9.79752,1.2893578,1.475,1.05623,0.14363,0.40308,0.01758,748875008.0,0.0321,4.0
IR,False,44.931296301359666,"graham_pe,graham_pe_times_pb,munger_roe",32552142848.0,34.668346,3.1984065,1.616,0.47903,0.0947,0.42821,0.16882999,1107425024.0,0.0009,4.0
FCFS,False,44.922880783744745,"graham_debt_to_equity,graham_pe,graham_pe_times_pb",9253807104.0,24.273037,3.9955056,4.887,1.16419,0.17398001,0.57869,0.15508,219812256.0,0.0079,4.0
KHC,False,44.91592142857143,"data_missing:trailing_pe,graham_current_ratio,graham_earnings_stability,munger_roe",30054701056.0,,0.83484304,1.061,0.52591,-0.0876,0.33498,0.1549,3250500096.0,0.063,0.0
CSGP,False,44.89922332539397,"graham_pe,graham_pe_times_pb,munger_roe",13079778304.0,179.33331,1.647359,2.214,0.14537,0.00894,0.78683996,0.082159996,412700000.0,,4.0
AIT,False,44.823350964285716,"data_missing:market_cap,graham_pe,graham_pe_times_pb",,32.955204,7.1503916,2.578,0.14089000000000002,0.22368999,0.30337998,0.11777,421732864.0,0.005699999999999999,4.0
JBSS,False,44.81048489202007,"graham_size,graham_pe_times_pb,munger_gross_margin",1009660224.0,14.7645645,2.6045687,2.299,0.26699,0.18265,0.18536,0.08099,42272124.0,0.011000000000000001,4.0
SPHR,False,44.66640829765396,"data_missing:trailing_pe,graham_current_ratio,graham_earnings_stability,munger_roe",6295834624.0,,2.8259046,1.224,0.40995,-0.03097,0.54707,-0.19548,442722880.0,,1.0
FBIN,False,44.612705174237206,"graham_debt_to_equity,graham_pe,graham_pe_times_pb,munger_roe",5727276544.0,38.71774,2.4826765,2.014,1.21292,0.06406,0.46490002,0.20045,360150016.0,0.0213,4.0
HR,False,44.59157955692419,"data_missing:trailing_pe,graham_current_ratio,graham_debt_to_equity,graham_earnings_stability,munger_roe",6740431872.0,,1.5786265,0.342,1.03031,-0.019199999,0.61946,0.14713,493022368.0,0.05,0.0
ABBV,False,44.572225262533806,"data_missing:debt_to_equity,data_missing:return_on_equity,graham_current_ratio,graham_pe,graham_pe_times_pb",440604196864.0,70.037926,-74.22894,0.809,,,0.72792,0.40035,16870250496.0,0.0276,4.0
FOX,False,44.53017744268455,"graham_pe_times_pb,munger_roe",25686784000.0,15.9401045,2.2087107,3.169,0.6406000000000001,0.14291,0.36629,0.25214002,555374976.0,0.01,4.0
SBAC,False,44.506730428793986,"data_missing:debt_to_equity,data_missing:return_on_equity,graham_current_ratio,graham_pe,graham_pe_times_pb",19776946176.0,20.110031,-4.2715735,0.165,,,0.742,0.52165,752056384.0,0.0269,4.0
SKY,False,44.4401842222641,"graham_pe,graham_pe_times_pb,munger_roe,munger_gross_margin",5208993280.0,28.05994,3.3114216,2.738,0.07833,0.12645,0.25958002,0.08486,184228752.0,,4.0
SABR,False,44.39380952380952,"data_missing:trailing_pe,data_missing:debt_to_equity,data_missing:return_on_equity,graham_size,graham_current_ratio,graham_earnings_stability",906044224.0,,-0.8529635,1.025,,,0.56426,0.13032,100824752.0,,1.0
GWRE,False,44.316140461957154,"graham_earnings_stability,graham_pe,graham_pe_times_pb,munger_roe",14553212928.0,93.97849,11.049305,2.445,0.53467,0.1193,0.64011,0.08224,283154240.0,,1.0
DG,False,44.31013884958404,"graham_current_ratio,graham_debt_to_equity,graham_pe_times_pb",27180685312.0,17.428572,3.0735846,1.169,1.78649,0.1891,0.30827,0.05919,1882562304.0,0.019299999999999998,4.0
COIN,False,44.30433428182463,"data_missing:trailing_pe,graham_earnings_stability,munger_roe",39353917440.0,,3.008168,2.423,0.5098199999999999,-0.07847,0.8581,-0.13922,2668452864.0,,3.0
GRBK,True,44.26833543135644,,3029243392.0,10.606928,1.5712914,7.051,0.14244,0.16383,0.30501,0.19545001,6958250.0,,4.0
MATX,False,44.26673445113793,"graham_current_ratio,graham_pe_times_pb,munger_gross_margin",6481275904.0,14.6347065,2.3371975,0.888,0.25834,0.17206,0.23023,0.16072,147124992.0,0.0070999999999999995,4.0
FCN,False,44.23590942542261,graham_pe_times_pb,4210903552.0,18.485455,2.713902,2.028,0.9501999999999999,0.15634,0.31824,0.092250004,289741120.0,,4.0
EFC,False,44.185249999999996,"data_missing:free_cash_flow,graham_size,graham_debt_to_equity,graham_earnings_stability,munger_roe",1804386304.0,8.534162,1.0045328,7.625,9.287799999999999,0.12247,1.0,0.55869997,,0.114,3.0
CZR,False,44.13866623809524,"data_missing:trailing_pe,graham_current_ratio,graham_debt_to_equity,graham_earnings_stability,munger_roe",6038271488.0,,1.7915859,0.851,7.2987,-0.103769995,0.49691,0.17674999,762499968.0,,0.0
PLNT,False,44.13027090184139,"data_missing:debt_to_equity,data_missing:return_on_equity,graham_pe_times_pb",3827731200.0,17.164967,-8.281096,1.584,,,0.58525,0.33653998,156152992.0,,4.0
JXN,False,44.107350037500005,"graham_pe,graham_pe_times_pb,munger_roe",9187952640.0,149.07483,0.98100364,1.806,0.54611,0.0137600005,0.48801,-8.101191,1227750016.0,0.0276,4.0
MUSA,False,44.054660935733416,"graham_current_ratio,graham_debt_to_equity,graham_pe_times_pb,munger_gross_margin",10436545536.0,17.385487,13.333881,0.925,3.5293200000000002,0.86394,0.08061,0.049050003,386800000.0,0.0043,4.0
RSG,False,44.04740958406695,"graham_current_ratio,graham_debt_to_equity,graham_pe,graham_pe_times_pb",66227744768.0,30.634562,5.560469,0.644,1.18798,0.18152,0.43035,0.20429,1942625024.0,0.0125,4.0
IVT,False,44.01480924133098,"graham_pe,graham_pe_times_pb,munger_roe",2629432832.0,177.4737,1.488939,1.849,0.62113,0.0085,0.72560996,0.15293999,117164248.0,0.0298,4.0
HUBB,False,44.000650075563186,"graham_debt_to_equity,graham_pe,graham_pe_times_pb",26931933184.0,30.561152,6.8846483,1.609,1.41642,0.24444,0.35338002,0.21666999,495812512.0,0.0111,4.0
BIO,False,43.97235444570845,"graham_earnings_stability,graham_pe,graham_pe_times_pb,munger_roe",9611839488.0,43.839027,1.3398285,3.142,0.19103,0.0311,0.52041,0.111829996,283187488.0,,1.0
FOXA,False,43.921488184840435,"graham_pe_times_pb,munger_roe",28946460672.0,17.962917,2.488998,3.169,0.6406000000000001,0.14291,0.36629,0.25214002,555374976.0,0.0089,4.0
ECL,False,43.90624069260256,"graham_debt_to_equity,graham_pe,graham_pe_times_pb",77390323712.0,37.30676,7.696404,1.841,1.38023,0.21956,0.44210997,0.18521999,1474824960.0,0.0106,4.0
KN,False,43.870153011072674,"graham_earnings_stability,graham_pe,graham_pe_times_pb,munger_roe",3284454400.0,47.47531,4.1287313,3.201,0.18881,0.094969995,0.45259997,0.15168001,39312500.0,,1.0
LKQ,False,43.81807142857143,munger_roe,6424988160.0,13.877049,0.9981527,1.578,0.8210500000000001,0.07131,0.3834,0.07013,724124992.0,0.047599999999999996,4.0
FLO,False,43.8094879452381,"graham_size,graham_current_ratio,graham_debt_to_equity,graham_pe,munger_roe",1597368960.0,21.528572,1.2071451,0.771,1.1100700000000001,0.053629998,0.48716,0.0828,239973744.0,0.0664,4.0
PPLI,False,43.77595813651294,"graham_earnings_stability,munger_roe",3015416576.0,6.851946,0.593229,3.691,0.27577,0.09043,0.66347003,-0.03297,73941128.0,,0.0
RNG,False,43.76971428571429,"data_missing:debt_to_equity,data_missing:return_on_equity,graham_current_ratio,graham_earnings_stability,graham_pe,graham_pe_times_pb",5383642112.0,51.576,-8.847262,1.106,,,0.71861,0.08796,639506496.0,0.0044,1.0
VC,False,43.736403595429636,"graham_pe,graham_pe_times_pb,munger_roe,munger_gross_margin",2849870336.0,20.569363,1.8318547,1.775,0.25696,0.09538999,0.12808,0.07813,203124992.0,0.013999999999999999,4.0
PTON,False,43.719380952380945,"data_missing:debt_to_equity,data_missing:return_on_equity,graham_earnings_stability,graham_pe,graham_pe_times_pb",2497180672.0,40.642857,-17.893082,2.837,,,0.52604,0.14431,353875008.0,,1.0
HAL,False,43.673474836828866,"graham_pe_times_pb,munger_roe,munger_gross_margin",28337262592.0,17.807854,2.5765471,2.018,0.7418600000000001,0.14917,0.15076,0.12793,2052249984.0,0.0204,4.0
ACMR,False,43.43131709523809,"graham_pe,graham_pe_times_pb,munger_roe,munger_fcf",5485571072.0,37.150948,2.9487085,3.656,0.14523999999999998,0.11627,0.43835,0.16982001,-186610256.0,,4.0
KBR,False,43.31829295701544,"graham_current_ratio,graham_debt_to_equity,graham_earnings_stability,graham_pe_times_pb,munger_gross_margin",4825873408.0,11.53012,2.949834,1.148,1.7040199999999999,0.27531,0.14476,0.07611,281500000.0,0.0173,2.0
UFPT,False,43.2880141122917,"graham_pe,graham_pe_times_pb,munger_gross_margin",2502161408.0,34.9605,5.6947556,3.0,0.29483,0.17052001,0.28496,0.1619,34872376.0,,4.0
PSX,False,43.277105233327354,"graham_current_ratio,graham_pe_times_pb,munger_gross_margin",93923033088.0,13.371004,3.2922955,1.32,0.62884,0.23452999,0.13098,0.08529,4545375232.0,0.0225,4.0
CRH,False,43.27551392988353,graham_pe_times_pb,64552550400.0,17.14311,2.6882582,1.579,0.7759199999999999,0.15812,0.3625,0.19022,2019124992.0,0.016,4.0
CNM,False,43.27204865233353,"graham_debt_to_equity,graham_pe_times_pb,munger_gross_margin",8853488640.0,19.383474,4.2126346,2.312,1.15941,0.23888001,0.2706,0.09267,437875008.0,,4.0
JBL,False,43.2511460774732,"graham_current_ratio,graham_debt_to_equity,graham_pe,graham_pe_times_pb,munger_gross_margin",38137262080.0,45.099136,28.836859,0.981,2.9713600000000002,0.65876,0.092259996,0.05211,1211624960.0,0.0009,4.0
FICO,False,43.24831135879717,"data_missing:debt_to_equity,data_missing:return_on_equity,graham_current_ratio,graham_pe,graham_pe_times_pb",23471880192.0,31.46439,-5.7286687,1.183,,,0.851,0.53787,774413504.0,,4.0
CWEN,False,43.22663070764178,"graham_current_ratio,graham_debt_to_equity,graham_pe,graham_pe_times_pb,munger_roe",8471946240.0,39.941856,2.2486253,1.207,1.76898,-0.03167,0.64422,0.25156,421750016.0,0.0542,4.0
PM,False,43.21432752386362,"data_missing:debt_to_equity,data_missing:return_on_equity,graham_current_ratio,graham_pe,graham_pe_times_pb",295653376000.0,25.668472,-34.44525,0.98,,,0.67481005,0.40002,9714374656.0,0.0316,4.0
ARES,False,43.19260170663969,"graham_current_ratio,graham_debt_to_equity,graham_pe,graham_pe_times_pb,munger_roe",48157605888.0,66.97247,13.235427,0.544,1.7237799999999999,0.14941,0.37407002,0.19381,2159716096.0,0.0361,4.0
FIVE,False,43.189160084114626,"graham_pe,graham_pe_times_pb",13525243904.0,30.844894,5.849016,2.098,0.86432,0.21127,0.36805,0.11998,427309888.0,,4.0
MDT,False,43.09650676785714,"data_missing:market_cap,graham_pe,graham_pe_times_pb,munger_roe",,24.589436,2.3674285,2.126,0.58214,0.098409995,0.65309,0.22045,4625375232.0,0.0318,4.0
VRSN,False,43.09248133765369,"data_missing:debt_to_equity,data_missing:return_on_equity,graham_current_ratio,graham_pe,graham_pe_times_pb",25728743424.0,30.407051,-11.414076,0.591,,,0.88465,0.68178004,832837504.0,0.0113,4.0
CERT,False,43.086947978718676,"data_missing:trailing_pe,graham_size,graham_earnings_stability,munger_roe",1224886400.0,,1.2669612,2.551,0.31241,-0.022090001,0.61608005,-0.0021,62582376.0,,0.0
WWD,False,43.01873825924345,"graham_pe,graham_pe_times_pb,munger_gross_margin",21598371840.0,40.643333,8.631602,1.645,0.5594100000000001,0.22339001,0.29626,0.17764,187228624.0,0.0034999999999999996,4.0
IRT,False,42.99653635730101,"graham_current_ratio,graham_earnings_stability,graham_pe,graham_pe_times_pb,munger_roe",4134042368.0,95.02777,1.1982487,0.588,0.7015600000000001,0.0125899995,0.60678,0.14755,186066880.0,0.0406,2.0
SLG,False,42.99490452380953,"data_missing:trailing_pe,graham_debt_to_equity,graham_earnings_stability,munger_roe",4371207168.0,,1.2631088,2.466,1.4255600000000002,-0.03573,0.44757998,0.18843001,581023296.0,0.0438,0.0
VCEL,False,42.966321934722195,"graham_earnings_stability,graham_pe,graham_pe_times_pb,munger_roe",2263895552.0,92.10625,6.114092,5.039,0.25168,0.07157,0.7456,0.0056,55544876.0,,2.0
MBGL,False,42.92645,"data_missing:return_on_equity,data_missing:free_cash_flow,graham_earnings_stability,graham_pe",6377088000.0,47.448574,0.59739196,1.879,0.20417000000000002,,0.70948,0.25641,,0.012199999999999999,3.0
ENOV,False,42.91032142857143,"data_missing:trailing_pe,graham_size,graham_earnings_stability,munger_roe",1489603072.0,,1.0083935,1.985,0.9255500000000001,-0.54142,0.61316,0.04185,185567744.0,,0.0
GD,False,42.90364309354653,"graham_current_ratio,graham_pe,graham_pe_times_pb,munger_gross_margin",107027005440.0,24.135448,3.9836855,1.441,0.35335,0.17803,0.15375,0.1038,4400124928.0,0.016200000000000003,4.0
CCI,False,42.82704476052015,"data_missing:debt_to_equity,data_missing:return_on_equity,graham_current_ratio,graham_earnings_stability,graham_pe,graham_pe_times_pb",33098379264.0,30.914284,-9.867118,0.522,,,0.73732,0.46825,1036249984.0,0.0575,1.0
PRSU,False,42.785535714285714,"graham_size,graham_pe,graham_pe_times_pb,munger_roe,munger_fcf",1323054592.0,32.567566,2.450432,1.606,0.39954999999999996,0.08914,0.92541003,0.16551,-54856000.0,,4.0
R,False,42.75632142857143,"graham_current_ratio,graham_debt_to_equity,graham_pe,graham_pe_times_pb,munger_gross_margin",10161920000.0,21.50974,3.5296624,0.646,2.9360899999999996,0.16697,0.1983,0.08455,949249984.0,0.0154,4.0
TR,False,42.71363323268918,"graham_pe,graham_pe_times_pb,munger_roe",3062894592.0,32.086617,3.207651,2.893,0.013959999999999998,0.1034,0.34493,0.08946,59253124.0,0.0089,4.0
FDX,False,42.67815808020104,"graham_current_ratio,graham_debt_to_equity,graham_pe_times_pb,munger_roe,munger_gross_margin",80040148992.0,18.228449,2.5656931,1.475,1.35697,0.14846,0.27318,0.11129,5656625152.0,0.0149,4.0
AMN,False,42.642,"graham_size,graham_current_ratio,graham_debt_to_equity,graham_earnings_stability,munger_gross_margin",1338508544.0,12.847584,1.8049827,1.128,1.04658,0.15556,0.27786,0.03997,445770624.0,,0.0
AWK,False,42.571250000000006,"graham_current_ratio,graham_debt_to_equity,graham_pe,graham_pe_times_pb,munger_roe,munger_fcf",27076825088.0,23.330479,2.3212035,0.523,1.37745,0.10095,0.61469,0.40664002,-1785374976.0,0.0262,4.0
Q,False,42.55891677913247,"graham_pe,graham_pe_times_pb,munger_roe",29507254272.0,50.19299,4.067433,2.008,0.59992,0.06722,0.46219003,0.22323,772249984.0,0.0022,4.0
ATR,False,42.52668411588298,"graham_pe,graham_pe_times_pb,munger_roe",8341526528.0,23.68141,3.1747127,1.614,0.5278,0.13459,0.3607,0.12494001,265978880.0,0.014499999999999999,4.0
LNN,False,42.50179789038068,"graham_size,graham_pe,graham_pe_times_pb,munger_roe,munger_gross_margin",1170743680.0,22.097887,2.3457618,2.935,0.27616,0.10741,0.29463,0.115159996,41360124.0,0.0131,4.0
MOG-A,False,42.48539855280363,"graham_pe,graham_pe_times_pb,munger_gross_margin",13855503360.0,37.391453,6.2325306,2.087,0.51557,0.18106002,0.28204,0.14516,333472640.0,0.0028000000000000004,4.0
DIS,False,42.47798335358951,"graham_current_ratio,graham_pe,graham_pe_times_pb,munger_roe",184733220864.0,22.059196,1.6821342,0.709,0.39404000000000006,0.0801,0.37595,0.19301,4860375040.0,0.0143,4.0
CBT,False,42.399939058672935,"graham_current_ratio,graham_pe,graham_pe_times_pb,munger_roe,munger_gross_margin",4493446656.0,24.37815,2.7996526,1.467,0.74394,0.13345,0.24215999,0.14257,258250000.0,0.021400000000000002,4.0
JCI,False,42.37940875051813,"graham_current_ratio,graham_pe,graham_pe_times_pb,munger_roe",91809202176.0,42.814972,6.8097677,1.0,0.70107,0.14332,0.36651,0.15875,2984124928.0,0.0106,4.0
MSEX,False,42.35804010119048,"graham_size,graham_current_ratio,graham_pe,graham_pe_times_pb,munger_roe,munger_fcf",1100392192.0,22.373564,2.1116295,0.497,0.83981,0.097679995,0.53659,0.344,-28346000.0,0.0245,4.0
NEE,False,42.26803571428571,"graham_current_ratio,graham_debt_to_equity,graham_pe_times_pb,munger_roe,munger_fcf",179759185920.0,19.36517,3.146451,0.534,1.61676,0.11677,0.61024,0.31524,-17766875136.0,0.028999999999999998,4.0
MSCI,False,42.233761276856626,"data_missing:debt_to_equity,data_missing:return_on_equity,graham_current_ratio,graham_pe,graham_pe_times_pb",41289236480.0,30.371122,-15.35222,0.894,,,0.82975,0.56298,1194705920.0,0.0143,4.0
MMI,False,42.20599558016441,"graham_size,graham_earnings_stability,graham_pe,graham_pe_times_pb,munger_roe",1196723712.0,85.4054,2.0995283,2.915,0.12808999999999998,0.0242,0.37724,0.01091,68309504.0,0.015700000000000002,0.0
ASH,False,42.19761904761905,"graham_earnings_stability,graham_pe,graham_pe_times_pb,munger_roe",3354135296.0,46.951927,1.7936381,3.047,0.7893000000000001,0.0399,0.33388,0.11469,269124992.0,0.0229,0.0
MKSI,False,42.194640657819285,"graham_current_ratio,graham_debt_to_equity,graham_earnings_stability,graham_pe,graham_pe_times_pb",20585490432.0,48.477707,7.288833,1.144,1.4009399999999999,0.15845999,0.46952,0.20593001,480375008.0,0.0033,2.0
MCD,False,42.17919774767882,"data_missing:debt_to_equity,data_missing:return_on_equity,graham_current_ratio,graham_pe,graham_pe_times_pb",194438660096.0,22.633442,-190.02074,1.081,,,0.57382,0.46485,6262374912.0,0.027000000000000003,4.0
CRSR,False,42.13235527350412,"graham_size,graham_earnings_stability,graham_pe,graham_pe_times_pb,munger_roe",1426854016.0,42.548386,2.1461112,1.752,0.27172999999999997,0.05845,0.316,0.0242,87061376.0,,0.0
CIEN,False,42.129419442312994,"graham_pe,graham_pe_times_pb",61106982912.0,143.41861,21.134338,2.727,0.54649,0.15464,0.43047002,0.15195,700927872.0,,4.0
ES,False,42.07060584403758,"graham_current_ratio,graham_debt_to_equity,graham_earnings_stability,munger_roe",27167195136.0,15.468479,1.6648874,0.8,1.807,0.09016,0.52752,0.23923,811961344.0,0.0436,2.0
SUPN,False,42.03782663367712,"data_missing:trailing_pe,graham_earnings_stability,munger_roe",2775195136.0,,2.6909194,2.083,0.03895,-0.104899995,0.72890997,-0.02485,84611000.0,,0.0
VAC,False,42.03244917896679,"data_missing:trailing_pe,graham_debt_to_equity,graham_earnings_stability,munger_roe",4196573184.0,,2.1030407,4.549,2.68546,-0.1471,0.53148,0.18478,275249984.0,0.0264,0.0
CRM,False,42.023857142857146,"data_missing:market_cap,graham_current_ratio,graham_debt_to_equity,graham_pe,graham_pe_times_pb",,21.882519,4.7009645,0.786,1.24282,0.16908,0.77643996,0.218,16552999936.0,0.0087,4.0
PRLB,False,42.02319888458142,"graham_earnings_stability,graham_pe,graham_pe_times_pb,munger_roe",2190767360.0,72.68254,3.1671047,3.637,0.0032400000000000003,0.04494,0.45421,0.088520005,41775752.0,,3.0
ARW,False,41.97574656616305,"graham_current_ratio,munger_roe,munger_gross_margin",10715336704.0,13.45016,1.5317193,1.217,0.30663,0.12036,0.11271,0.0395,732857856.0,,4.0
STAA,False,41.97527137415504,"graham_size,graham_earnings_stability,graham_pe,graham_pe_times_pb,munger_roe",1294252032.0,324.93753,3.6726477,4.665,0.09836,0.0109399995,0.76622003,0.10885999,15348500.0,,0.0
CMI,False,41.966667670131855,"graham_pe,graham_pe_times_pb,munger_gross_margin",87356375040.0,32.726147,6.7997556,1.727,0.59586,0.21114,0.25772,0.11896,2229374976.0,0.0138,4.0
PRU,False,41.90363078095238,"graham_current_ratio,graham_debt_to_equity,graham_earnings_stability,munger_roe,munger_gross_margin",43154325504.0,11.340435,1.3587188,0.777,1.6389099999999999,0.12011,0.29015,0.075219996,7527750144.0,0.0449,3.0
TMO,False,41.85793157991339,"graham_pe,graham_pe_times_pb,munger_roe",219339653120.0,31.910437,4.163701,1.551,0.8057500000000001,0.13515,0.40987998,0.18751,6237250048.0,0.0032,4.0
RBA,False,41.82852850567099,"graham_current_ratio,graham_pe,graham_pe_times_pb,munger_roe",15765149696.0,36.69181,2.822447,1.312,0.77606,0.08066,0.45761,0.17721,603587520.0,0.015300000000000001,4.0
AJG,False,41.80096629038892,"graham_current_ratio,graham_pe,graham_pe_times_pb,munger_roe",64564604928.0,41.769485,2.7218595,1.053,0.59401,0.06722,0.43186,0.1916,2082300032.0,0.011000000000000001,4.0
JBTM,False,41.74768093442452,"graham_current_ratio,graham_earnings_stability,graham_pe,graham_pe_times_pb,munger_roe",6178528768.0,32.36413,1.376258,1.239,0.37545,0.0437,0.35551,0.08053,341062496.0,0.0034000000000000002,0.0
ALG,False,41.7050325192751,"graham_pe,graham_pe_times_pb,munger_roe,munger_gross_margin",2034498560.0,20.043165,1.683299,4.391,0.23471,0.08771,0.24215001,0.10153,91344752.0,0.008,4.0
AZZ,False,41.65803391231964,"graham_earnings_stability,graham_pe,graham_pe_times_pb,munger_gross_margin",4527859200.0,23.144392,3.286724,1.923,0.39448,0.15314999,0.23807,0.17175,104912376.0,0.0064,3.0
PHIN,False,41.649135457142854,"graham_pe,graham_pe_times_pb,munger_roe,munger_gross_margin",2732834816.0,21.372492,1.7734188,1.806,0.68916,0.08523,0.21798,0.077659994,269249984.0,0.016200000000000003,4.0
REYN,False,41.56290646833591,"graham_pe_times_pb,munger_gross_margin",5526939136.0,16.08589,2.3927722,1.795,0.7134199999999999,0.15433,0.25145,0.14619,244124992.0,0.0351,4.0
NNN,False,41.53925,"graham_current_ratio,graham_debt_to_equity,graham_pe,graham_pe_times_pb,munger_roe,munger_fcf",8833222656.0,22.871922,1.9977627,0.179,1.1211799999999998,0.08719,0.96094,0.61697,-1371816320.0,0.0541,4.0
KMI,False,41.52993770130051,"graham_current_ratio,graham_pe,graham_pe_times_pb,munger_roe",72137261056.0,20.900002,2.2786102,0.458,0.98619,0.109910004,0.49407002,0.30065,1075000064.0,0.037200000000000004,4.0
WINA,False,41.519982129661194,"data_missing:debt_to_equity,data_missing:return_on_equity,graham_size,graham_pe,graham_pe_times_pb",1263591040.0,31.435452,-33.53954,3.75,,,0.96664,0.62101,32954364.0,0.0118,4.0
ACLS,False,41.51435634558044,"graham_pe,graham_pe_times_pb,munger_roe",4279711232.0,46.505035,4.0153275,4.896,0.0655,0.088870004,0.43011,0.09425,42032248.0,,4.0
ROG,False,41.4495316180522,"graham_earnings_stability,graham_pe,graham_pe_times_pb,munger_roe",2507553024.0,83.532745,2.0851536,3.988,0.02366,0.02596,0.32439,0.09548,99825000.0,,0.0
CVNA,False,41.36746738366172,"graham_debt_to_equity,graham_earnings_stability,graham_pe,graham_pe_times_pb,munger_gross_margin",110575673344.0,38.702084,13.264547,3.926,1.1088,0.58773,0.19371,0.09219,424375008.0,,3.0
LAZ,False,41.31832142857142,"data_missing:free_cash_flow,graham_debt_to_equity,graham_earnings_stability,graham_pe,graham_pe_times_pb",4459338240.0,22.541872,5.072608,5.305,2.25799,0.25665,0.89509004,0.04829,,0.045899999999999996,2.0
GNRC,False,41.25455096404846,"graham_pe,graham_pe_times_pb,munger_roe",12853945344.0,50.07816,4.4667716,2.045,0.49003,0.09491,0.39539,0.17932,289056512.0,,4.0
DIOD,False,41.23911902073479,"graham_pe,graham_pe_times_pb,munger_roe",4598953472.0,53.690857,2.3462865,3.167,0.04401,0.04684,0.31734,0.07458,176820256.0,,4.0
REX,False,41.18361709810726,"graham_size,graham_pe_times_pb,munger_gross_margin",1456505984.0,15.792858,2.3146985,6.76,0.027000000000000003,0.15793,0.16525,0.117910005,24365876.0,,4.0
CI,False,41.178190309523806,"graham_current_ratio,munger_gross_margin",74157768704.0,11.601694,1.7364174,0.846,0.7429000000000001,0.16758,0.091359995,0.03985,7980125184.0,0.0225,4.0
BFAM,False,41.129126118489026,"graham_current_ratio,graham_debt_to_equity,graham_pe,graham_pe_times_pb,munger_roe,munger_gross_margin",3756116736.0,22.666666,3.7265136,0.479,2.17779,0.14942999,0.25485,0.127,240151376.0,,4.0
AFG,False,41.02754325603351,"graham_pe_times_pb,munger_gross_margin",12075852800.0,12.729896,2.5046868,2.085,0.42232,0.20413,0.20156,0.17241,142250000.0,0.024300000000000002,4.0
APTV,False,40.977371,"graham_pe,munger_roe,munger_gross_margin",10222827520.0,22.27828,1.1720387,2.018,0.6493800000000001,0.05158,0.19251,0.12675999,1615874944.0,,4.0
PAYO,False,40.96189982857143,"graham_current_ratio,graham_earnings_stability,graham_pe,graham_pe_times_pb,munger_roe,munger_fcf",2417700864.0,50.964287,3.6988077,1.003,0.13183999999999998,0.07058,0.85370004,0.061739996,-69092496.0,,3.0
BOOT,False,40.93921572602602,"graham_pe,graham_pe_times_pb",4959446016.0,20.729113,3.7567387,2.53,0.59323,0.19174999,0.38451,0.15253,21869500.0,,4.0
JBHT,False,40.8939173771592,"graham_current_ratio,graham_pe,graham_pe_times_pb,munger_gross_margin",26671841280.0,40.398293,7.293084,1.255,0.38372999999999996,0.18448,0.18505,0.07423,903028352.0,0.0064,4.0
AVNT,False,40.881800181560926,"graham_pe,graham_pe_times_pb,munger_roe",4237443328.0,24.972973,1.7388686,1.9,0.76563,0.071100004,0.32994,0.1277,263787504.0,0.0239,4.0
NOV,False,40.87429047619048,"graham_pe,graham_pe_times_pb,munger_roe,munger_gross_margin",7539511808.0,78.33333,1.2127293,2.422,0.37151,0.01545,0.21646,0.0717,673374976.0,0.0167,4.0
AGCO,False,40.85737584148899,"graham_current_ratio,graham_earnings_stability,munger_roe,munger_gross_margin",7027683840.0,13.879668,1.7215055,1.321,0.66053,0.118269995,0.25267,0.057290003,450262496.0,0.0121,1.0
TAP,False,40.7747380952381,"data_missing:trailing_pe,graham_current_ratio,graham_earnings_stability,munger_roe",7901918208.0,,0.78272754,0.879,0.7603,-0.19466,0.37013,0.11297,935137472.0,0.045599999999999995,0.0
EZPW,False,40.760850000000005,"graham_size,munger_roe,munger_fcf",1787387776.0,14.618091,1.5354975,4.811,0.69526,0.14745,0.58554,0.13097,-11004125.0,,4.0
GATX,False,40.751106767857145,"graham_debt_to_equity,graham_pe_times_pb,munger_roe,munger_fcf",6366913536.0,17.87314,2.2866344,3.302,3.47592,0.117989995,0.73627,0.27771,-4936737280.0,0.0147,4.0
FLS,False,40.750830557632156,"graham_pe,graham_pe_times_pb",10387020800.0,28.472126,4.602106,2.153,0.9960800000000001,0.16936001,0.35146,0.13919,428336256.0,0.0108,4.0
ST,False,40.73881678391646,"graham_earnings_stability,graham_pe,graham_pe_times_pb,munger_roe,munger_gross_margin",6645895168.0,73.65323,2.246188,2.291,0.8259799999999999,0.03079,0.29497,0.16394,504049504.0,0.0106,2.0
BWA,False,40.737482213405855,"graham_pe,graham_pe_times_pb,munger_roe,munger_gross_margin",13874769920.0,33.559113,2.4683864,2.127,0.7011,0.08056,0.19325,0.106359996,1066249984.0,0.01,4.0
NOVT,False,40.65177056545545,"graham_pe,graham_pe_times_pb,munger_roe",6304221696.0,104.842766,3.8998713,4.569,0.17668,0.051090002,0.44544998,0.11497,118383248.0,,4.0
UNH,False,40.58860376424748,"graham_current_ratio,graham_pe,graham_pe_times_pb,munger_roe,munger_gross_margin",360263122944.0,26.19876,3.4793293,0.777,0.69211,0.14152999,0.19514,0.071329996,22759749632.0,0.0229,4.0
COR,False,40.56211759120129,"graham_current_ratio,graham_debt_to_equity,graham_pe,graham_pe_times_pb,munger_gross_margin",59155468288.0,22.979614,19.389229,0.935,4.46516,0.96871,0.03961,0.014149999,2043314048.0,0.0077,4.0
MAR,False,40.55228301115557,"data_missing:debt_to_equity,data_missing:return_on_equity,graham_current_ratio,graham_pe,graham_pe_times_pb",92771524608.0,37.0975,-20.583488,0.535,,,0.79241997,0.65276,2060375040.0,0.0083,4.0
DBD,False,40.5111436952381,"graham_current_ratio,graham_debt_to_equity,graham_earnings_stability,graham_pe,graham_pe_times_pb,munger_roe,munger_gross_margin",2470632704.0,23.94079,2.553505,1.267,1.13548,0.10944,0.26274002,0.082720004,312012512.0,,1.0
FRPT,False,40.45767869836711,"graham_earnings_stability,graham_pe_times_pb",3475319552.0,18.734457,2.8410072,6.046,0.39885,0.17622,0.41367,0.07113,19274124.0,,2.0
VMC,False,40.45623284267672,"graham_pe,graham_pe_times_pb,munger_roe,munger_gross_margin",36155056128.0,33.29594,4.274465,1.757,0.5821999999999999,0.13234,0.27506,0.21611,843600000.0,0.0075,4.0
WSC,False,40.420310605507325,"data_missing:trailing_pe,graham_current_ratio,graham_debt_to_equity,graham_earnings_stability,munger_roe",4333181952.0,,4.971934,0.811,4.16655,-0.07083,0.52324003,0.20124,248800992.0,0.012199999999999999,0.0
COTY,False,40.3285,"data_missing:trailing_pe,graham_current_ratio,graham_earnings_stability,munger_roe",2456501248.0,,0.79419297,0.821,0.9781,-0.13938,0.63197,-0.00624,402875008.0,,0.0
PANW,False,40.31930352323162,"graham_current_ratio,graham_earnings_stability,graham_pe,graham_pe_times_pb,munger_roe",313897254912.0,334.91306,11.317289,0.856,0.07698,0.048309997,0.71963996,-0.02465,3579375104.0,,3.0
TDG,False,40.222987108353486,"data_missing:debt_to_equity,data_missing:return_on_equity,graham_pe,graham_pe_times_pb",68982890496.0,37.782623,-7.429483,3.019,,,0.59824,0.46005002,1457374976.0,,4.0
POST,False,40.22173753809524,"graham_debt_to_equity,munger_roe,munger_gross_margin",3662064896.0,14.690909,1.1539066,1.851,2.47074,0.082779996,0.2882,0.102819994,394649984.0,,4.0
DGX,False,40.15851323756133,"graham_pe,graham_pe_times_pb,munger_roe",25932220416.0,24.941612,3.4386113,1.591,0.81074,0.14602,0.33192003,0.15248,909625024.0,0.0146,4.0
FOUR,False,40.045832366666666,"graham_current_ratio,graham_debt_to_equity,graham_pe,graham_pe_times_pb,munger_roe",3625059072.0,71.734375,5.620027,1.211,2.6232100000000003,0.064899996,0.35904998,0.0749,353524992.0,,4.0
NOC,False,40.03997191506433,"graham_current_ratio,graham_pe_times_pb,munger_gross_margin",82999926784.0,18.582926,4.641008,1.168,0.95348,0.26958,0.2006,0.11604,2478000128.0,0.016399999999999998,4.0
LFUS,False,40.02454590550633,"data_missing:trailing_pe,graham_earnings_stability,munger_roe",11517825024.0,,4.398491,2.761,0.27093,-0.0030899998,0.39343,0.18799,364767136.0,0.0070999999999999995,0.0
AZTA,False,40.012215586938524,"data_missing:trailing_pe,graham_size,graham_earnings_stability,munger_roe",1457943296.0,,0.9644699,2.5,0.03574,-0.07041,0.44048,-0.022739999,63366000.0,,0.0
HIMS,False,40.0,"data_missing:trailing_pe,graham_current_ratio,graham_debt_to_equity,graham_earnings_stability,munger_roe",6721759232.0,,20.741539,0.934,4.77128,-0.32033002,0.69528997,-0.12751001,849437248.0,,2.0
WAB,False,39.97764282738521,"graham_current_ratio,graham_pe,graham_pe_times_pb,munger_roe",50701365248.0,40.453693,4.5263042,1.121,0.61686,0.11553001,0.35735,0.19188,1101374976.0,0.0042,4.0
AMH,False,39.97713233333333,"data_missing:market_cap,graham_pe,graham_pe_times_pb,munger_roe",,27.218252,1.8127278,1.672,0.68848,0.07084,0.56646997,0.25921,822327360.0,0.0385,4.0
WTRG,False,39.95616666666667,"graham_current_ratio,graham_debt_to_equity,graham_pe,graham_pe_times_pb,munger_roe,munger_fcf",11421900800.0,20.651281,1.6282549,0.777,1.21656,0.08078,0.56693,0.35409,-653414272.0,0.0362,4.0
FUL,False,39.93593549255357,"graham_debt_to_equity,munger_roe",3345173760.0,18.454748,1.6062943,1.796,1.06252,0.09388,0.32394,0.13299,219408128.0,0.0163,4.0
NSIT,False,39.84981060714286,"graham_current_ratio,graham_debt_to_equity,graham_pe,graham_pe_times_pb,munger_roe,munger_gross_margin",4545843200.0,22.644735,2.8482897,1.183,1.08517,0.13112001,0.22103001,0.06179,438449760.0,,4.0
MTX,False,39.82275747619048,"data_missing:trailing_pe,graham_current_ratio,graham_earnings_stability,munger_roe,munger_gross_margin",2252944128.0,,1.2986954,1.429,0.61194,-0.03835,0.24516001,0.13603,392837504.0,0.0066,0.0
CHRW,False,39.82164944832099,"graham_debt_to_equity,graham_pe,graham_pe_times_pb,munger_gross_margin",17473353728.0,28.055347,10.759462,1.582,1.21188,0.37123,0.08447,0.05337,480618368.0,0.0172,4.0
IART,False,39.81837978916677,"data_missing:trailing_pe,graham_size,graham_debt_to_equity,graham_earnings_stability,munger_roe",1410015488.0,,1.3514721,3.601,1.96489,-0.00696,0.56872004,0.09621,94402000.0,,0.0
FDXF,False,39.75933333333334,"data_missing:debt_to_equity,graham_pe,graham_pe_times_pb,munger_gross_margin,munger_fcf",22580228096.0,34.47945,-45.433216,1.517,,0.69093,0.29278,-0.057719998,-511124992.0,,4.0
INDV,False,39.746574827705366,"data_missing:debt_to_equity,data_missing:return_on_equity,graham_current_ratio,graham_earnings_stability,graham_pe_times_pb",4555916800.0,13.836918,-21.897333,0.835,,,0.85725,0.46939,86500000.0,,2.0
HLT,False,39.73414847693251,"data_missing:debt_to_equity,data_missing:return_on_equity,graham_current_ratio,graham_pe,graham_pe_times_pb",73607479296.0,48.308712,-11.710889,0.649,,,0.79036003,0.62987,1393874944.0,0.0019,4.0
GAP,False,39.63857142857143,"data_missing:market_cap,graham_debt_to_equity,graham_earnings_stability",,8.192461,2.0390124,1.806,1.5436400000000001,0.2758,0.405,0.12725,928499968.0,0.034300000000000004,3.0
EXP,False,39.55409886503192,"graham_debt_to_equity,graham_pe_times_pb,munger_gross_margin",6389363200.0,16.400787,4.3151026,3.231,1.20746,0.2703,0.2702,0.21666999,25278250.0,0.004699999999999999,4.0
MTD,False,39.52741493052,"data_missing:return_on_equity,data_invalid_outlier:debt_to_equity,graham_current_ratio,graham_debt_to_equity,graham_pe,graham_pe_times_pb",28167282688.0,31.697731,2196.5537,1.122,166.68447,,0.60256,0.312,693589632.0,,4.0
VTRS,False,39.48441623809524,"data_missing:trailing_pe,graham_earnings_stability,munger_roe",18532513792.0,,1.2817763,1.585,0.9553499999999999,-0.02754,0.40307,0.12550999,2677337600.0,0.0298,0.0
GIS,False,39.47033376190476,"data_missing:trailing_pe,graham_current_ratio,graham_debt_to_equity,graham_earnings_stability,munger_roe",20877281280.0,,3.7714891,0.682,2.17629,-0.01028,0.33733,0.19194001,2308499968.0,0.06269999999999999,0.0
CXM,False,39.40745,"data_missing:market_cap,graham_current_ratio,graham_earnings_stability,graham_pe,graham_pe_times_pb,munger_roe",,57.500004,3.3045976,1.434,0.08972,0.05079,0.66342,0.04536,130164128.0,,3.0
GNW,False,39.36166919761905,"munger_roe,munger_gross_margin",3830540544.0,19.877844,0.43802714,10.675,0.23338,0.033970002,0.06625,0.07248,673625024.0,,4.0
MDLZ,False,39.35154811899145,"graham_current_ratio,graham_pe,graham_pe_times_pb,munger_roe",81115758592.0,38.753048,3.0550883,0.599,0.82643,0.13340001,0.31146,0.21978001,2252375040.0,0.0315,4.0
HWKN,False,39.35023158140773,"graham_pe,graham_pe_times_pb,munger_gross_margin",2716165888.0,34.06152,6.1528826,2.27,0.42302999999999996,0.15614,0.22304001,0.09476,81369504.0,0.0062,4.0
MSM,False,39.34895238095238,"data_missing:market_cap,graham_pe,graham_pe_times_pb",,29.533817,4.8105597,1.548,0.39130000000000004,0.16322,0.40823,0.10195,195171120.0,0.0291,4.0
EPC,False,39.281270761904764,"data_missing:trailing_pe,graham_size,munger_roe",1315377664.0,,0.90810746,1.842,0.87622,-0.012949999,0.40952998,0.08805,241862496.0,0.021099999999999997,4.0
BA,False,39.27035602174922,"graham_current_ratio,graham_debt_to_equity,graham_earnings_stability,graham_pe,graham_pe_times_pb,munger_gross_margin",182674276352.0,82.8405,29.95399,1.138,7.90875,1.73537,0.0471,4.0000003e-05,5625375232.0,,1.0
ONTO,False,39.21919670624929,"graham_pe,graham_pe_times_pb,munger_roe",20362967040.0,124.7734,7.772321,9.726,0.76547,0.06825,0.54894,0.2297,198759744.0,,4.0
HCC,False,39.13005714285715,"graham_pe,graham_pe_times_pb,munger_roe,munger_fcf",5166156288.0,24.098522,2.3433046,3.927,0.10297,0.10037,0.30597,0.18545,-53619500.0,0.0034000000000000002,4.0
MTH,False,39.12993437968167,"munger_roe,munger_gross_margin",4770092032.0,15.247916,0.943085,14.355,0.37707,0.063769996,0.18275999,0.08185001,293902112.0,0.026099999999999998,4.0
BBWI,False,39.10628571428572,"data_missing:debt_to_equity,data_missing:return_on_equity,graham_current_ratio,graham_pe_times_pb",3918361600.0,5.370166,-3.448643,1.379,,,0.4323,0.10958,729000000.0,0.0441,4.0
AKAM,False,39.059419282203216,"graham_debt_to_equity,graham_pe,graham_pe_times_pb,munger_roe",17839484928.0,44.974495,3.753541,1.637,1.96672,0.08918,0.57452,0.076290004,710060096.0,,4.0
JJSF,False,39.03375293717741,"graham_size,graham_pe,graham_pe_times_pb,munger_roe",1683352960.0,34.92539,1.9200405,2.343,0.21512,0.05292,0.3027,0.10827,57647500.0,0.0352,4.0
WBD,False,38.995007809523806,"data_missing:trailing_pe,graham_current_ratio,graham_earnings_stability,munger_roe",69573042176.0,,2.1354368,0.777,0.94199,-0.08786,0.47811002,0.05105,16167374848.0,,1.0
PAHC,False,38.99435607142857,"graham_size,graham_debt_to_equity,graham_pe_times_pb,munger_fcf",1402322176.0,14.83691,3.8755605,3.172,2.17971,0.30337998,0.32574,0.12560001,-17678250.0,0.0141,4.0
SJM,False,38.87965520505637,"data_missing:trailing_pe,graham_current_ratio,graham_debt_to_equity,graham_earnings_stability,munger_roe",12860953600.0,,2.3151517,0.777,1.2860900000000002,-0.02386,0.34257,0.18456,1005774976.0,0.0371,0.0
TXRH,False,38.87845363827107,"graham_current_ratio,graham_pe,graham_pe_times_pb,munger_gross_margin",13540739072.0,33.0056,8.811457,0.458,0.68842,0.27714002,0.16252,0.08509,235890752.0,0.014499999999999999,4.0
KGS,False,38.71857076919465,"graham_current_ratio,graham_debt_to_equity,graham_pe,graham_pe_times_pb,munger_roe",6511287808.0,73.31818,3.013545,1.447,1.30257,0.04587,0.63846,0.34208,16089375.0,0.031400000000000004,4.0
NXRT,False,38.69736049654044,"data_missing:trailing_pe,graham_size,graham_debt_to_equity,graham_earnings_stability,munger_roe",1285450624.0,,2.5677764,2.87,6.29179,-0.11093,0.60032004,0.11203,71450872.0,0.0851,0.0
LW,False,38.64675805564254,"graham_current_ratio,graham_debt_to_equity,graham_pe,graham_pe_times_pb,munger_gross_margin",7373908480.0,25.419432,4.0399966,1.423,2.21223,0.16280001,0.20678,0.097729996,452924992.0,0.0286,4.0
OPCH,False,38.61219046960365,"graham_current_ratio,graham_debt_to_equity,graham_pe_times_pb,munger_gross_margin",3610573312.0,18.261362,2.8655493,1.465,1.00649,0.15999,0.19058001,0.05903,256067872.0,,4.0
SKYW,False,38.6005352611277,graham_current_ratio,4175209728.0,10.678252,1.5648237,0.569,0.8633299999999999,0.15341,0.30895,0.14130999,145134624.0,,4.0
BBY,False,38.56542857142857,"data_missing:market_cap,graham_current_ratio,graham_debt_to_equity,graham_pe_times_pb,munger_gross_margin",,16.029629,5.915801,1.121,1.3409,0.39104,0.22518,0.0404,1143750016.0,0.0463,4.0
MAC,False,38.56203663662813,"data_missing:trailing_pe,graham_current_ratio,graham_debt_to_equity,graham_earnings_stability,munger_roe",7315277824.0,,2.4914591,0.329,1.6892699999999998,-0.06179,0.54914004,0.16256,388895136.0,0.0276,0.0
PHM,False,38.55980995238095,"data_missing:market_cap,munger_roe,munger_gross_margin",,13.262003,1.8723592,7.272,0.19065000000000001,0.14901,0.25565,0.15685001,1078512896.0,0.008,4.0
LEA,False,38.51179047619048,"graham_current_ratio,munger_roe,munger_gross_margin",8228307968.0,11.370285,1.1817095,1.314,0.66026,0.12094,0.07696,0.04153,858987520.0,0.025099999999999997,4.0
SAFE,False,38.480000000000004,"graham_size,graham_debt_to_equity,graham_earnings_stability,munger_roe,munger_fcf",1094111488.0,9.596273,0.45008302,37.645,1.76953,0.0464,0.92913,0.73670995,-317175872.0,0.0462,2.0
ROCK,False,38.42398826666667,"graham_size,graham_current_ratio,graham_debt_to_equity,graham_earnings_stability,graham_pe,graham_pe_times_pb,munger_roe,munger_gross_margin",1431632512.0,23.893564,1.6256315,1.457,1.53722,0.06241,0.25445,0.122770004,307628128.0,,0.0
SAIA,False,38.38584232467039,"graham_pe,graham_pe_times_pb,munger_roe,munger_gross_margin",10221459456.0,37.058994,3.7388403,1.584,0.09872,0.10767,0.23584999,0.13091,135712256.0,,4.0
WYNN,False,38.361275735106176,"data_missing:debt_to_equity,data_missing:return_on_equity,graham_current_ratio,graham_earnings_stability,graham_pe,graham_pe_times_pb",10559457280.0,24.591125,-61.66266,0.912,,,0.683,0.16537,476188864.0,0.0098,3.0
ENPH,False,38.331184624706864,"graham_pe,graham_pe_times_pb,munger_roe",5363751424.0,40.188118,4.538238,3.451,0.5189900000000001,0.12996,0.30037,0.17981,78322752.0,,4.0
ETN,False,38.31038539502371,"graham_current_ratio,graham_debt_to_equity,graham_pe,graham_pe_times_pb",174830501888.0,46.59731,8.631945,1.24,1.05059,0.19684,0.36022,0.16563,3106125056.0,0.0097,4.0
FUN,False,38.30119047619048,"data_missing:trailing_pe,graham_size,graham_current_ratio,graham_debt_to_equity,graham_earnings_stability,munger_roe",1687206272.0,,14.71017,0.42,14.552999999999999,-1.4315801,0.38197,0.12994,483434880.0,,0.0
AMCR,False,38.26623776190476,"graham_current_ratio,graham_debt_to_equity,graham_pe_times_pb,munger_roe,munger_gross_margin",21288706048.0,19.346638,1.8263853,0.737,1.18736,0.09396,0.19951999,0.1066,6607875072.0,0.056100000000000004,4.0
FN,False,38.212890304761906,"data_missing:market_cap,graham_pe,graham_pe_times_pb,munger_gross_margin,munger_fcf",,48.931953,8.831714,2.549,0.00192,0.1999,0.12037,0.098859996,-79178376.0,,4.0
URBN,False,38.16336045377162,"graham_current_ratio,graham_pe_times_pb",6657270784.0,14.95,2.5491033,1.476,0.46143,0.18732001,0.36061,0.08964,4627125.0,,4.0
NWL,False,38.141522809523806,"data_missing:trailing_pe,graham_current_ratio,graham_debt_to_equity,graham_earnings_stability,munger_roe",2642709504.0,,1.076883,1.111,2.32966,-0.085939996,0.35467997,0.14744,408624992.0,0.0455,0.0
KAI,False,38.1255169047619,"data_missing:free_cash_flow,graham_pe,graham_pe_times_pb,munger_roe",3962329344.0,36.080643,3.832842,9.438,0.49396,0.11291,0.44798002,0.16645999,,0.0042,4.0
PDFS,False,38.09964242857143,"graham_earnings_stability,graham_pe,graham_pe_times_pb,munger_roe,munger_fcf",2122973312.0,201.1,7.154547,3.447,0.19210000000000002,0.03272,0.71462,0.08229999,-13259875.0,,0.0
SLB,False,38.04490065799448,"graham_current_ratio,graham_pe,graham_pe_times_pb,munger_roe,munger_gross_margin",79401664512.0,26.09756,3.0453095,1.439,0.47002000000000005,0.12909001,0.16991,0.12706,2955124992.0,0.0227,4.0
KNTK,False,38.026821,"graham_current_ratio,graham_debt_to_equity,graham_pe_times_pb,munger_fcf",8953210880.0,18.373264,-3.5243773,0.682,1.3657400000000002,0.19231,0.41193,0.23035999,-95451128.0,0.0621,4.0
CVI,False,37.963907033153696,"graham_current_ratio,graham_debt_to_equity,graham_pe,graham_pe_times_pb,munger_gross_margin",3594974208.0,51.826084,6.8479505,1.418,2.4180099999999998,0.24254999,0.10905,0.02849,214500000.0,0.011200000000000002,4.0
HE,False,37.894190561904765,"graham_current_ratio,graham_debt_to_equity,graham_earnings_stability,munger_roe,munger_gross_margin",2045963264.0,9.182171,1.248814,0.986,1.5886799999999999,0.13448,0.17581,0.045450002,324624384.0,,1.0
DRH,False,37.865723111379765,"munger_roe,munger_gross_margin",2545798144.0,17.215279,1.6639818,5.588,0.78244,0.09911,0.29453,0.23042999,76127872.0,0.0358,4.0
PK,False,37.859523809523814,"data_missing:trailing_pe,graham_current_ratio,graham_debt_to_equity,graham_earnings_stability,munger_roe",3049269248.0,,0.9869022,0.335,1.35246,-0.04859,0.30923,0.17621,1012875008.0,0.0665,0.0
NPO,False,37.849823114293855,"graham_pe,graham_pe_times_pb,munger_roe",7235959808.0,166.75122,4.5575023,2.282,0.37073,0.0286,0.43226,0.17119,130837504.0,0.0038,4.0
TTC,False,37.831014202380956,"data_missing:market_cap,graham_pe,graham_pe_times_pb",,28.520468,6.80053,1.556,0.83108,0.23889999,0.33567002,0.14445,670537472.0,0.0161,4.0
ABG,False,37.81465493333334,"graham_current_ratio,graham_debt_to_equity,munger_roe,munger_gross_margin",3780942848.0,7.8382955,0.9637102,0.91,1.4096899999999999,0.13233,0.1711,0.051020004,360600000.0,,4.0
COST,False,37.77401946340242,"graham_current_ratio,graham_pe,graham_pe_times_pb,munger_gross_margin",425872687104.0,48.232044,25.760502,1.072,0.6025699999999999,0.29152,0.12876001,0.036730003,6954375168.0,0.0060999999999999995,4.0
THRM,False,37.744002013777674,"graham_size,graham_pe,graham_pe_times_pb,munger_roe,munger_gross_margin",1348726272.0,51.07558,1.8651805,2.064,0.44955,0.03735,0.24033001,0.07101,84331624.0,,4.0
BDC,False,37.73043690615948,"graham_pe,graham_pe_times_pb",5295505408.0,21.998459,3.8147256,2.135,0.97069,0.18643999,0.3766,0.13171,108234624.0,0.0015,4.0
CSW,False,37.67390398334605,"graham_pe,graham_pe_times_pb,munger_roe",5628340736.0,47.319862,5.24483,2.7,0.8488500000000001,0.109280005,0.42529,0.22886999,72619248.0,0.0034999999999999996,4.0
EFOR,False,37.66717857142858,"graham_size,munger_roe,munger_gross_margin",1317740032.0,16.567009,0.7300066,2.127,0.8291,0.04571,0.28527,0.05055,213500000.0,,4.0
RS,False,37.63925005234793,"graham_pe,graham_pe_times_pb,munger_roe,munger_gross_margin",21646110720.0,24.621372,2.9244637,4.297,0.26921,0.12229,0.28285,0.09538,345437504.0,0.011699999999999999,4.0
JBGS,False,37.624904804761904,"data_missing:trailing_pe,graham_size,graham_current_ratio,graham_debt_to_equity,graham_earnings_stability,munger_roe",914021696.0,,0.60648763,1.149,1.64083,-0.10864,0.48925,0.030720001,249499744.0,0.0593,0.0
PRKS,False,37.61082203402514,"data_missing:debt_to_equity,data_missing:return_on_equity,graham_current_ratio,graham_pe_times_pb",2041265664.0,17.936255,-3.3073757,0.478,,,0.46013,0.24239999,97038376.0,,4.0
RHI,False,37.55398320989664,"data_missing:price_to_book,graham_current_ratio,graham_pe,munger_roe",4404628992.0,37.417393,,1.468,0.19940000000000002,0.09111,0.36795,-0.04662,113581872.0,0.053899999999999997,4.0
ELF,False,37.52585826284901,"graham_pe,graham_pe_times_pb,munger_roe",5504265728.0,95.18367,20.95238,3.071,0.79503,-0.00291,0.60951,0.24766001,84486248.0,,4.0
ATI,False,37.5158905753831,"graham_debt_to_equity,graham_pe,graham_pe_times_pb,munger_gross_margin",30771103744.0,66.268326,16.396387,2.327,1.09699,0.25357,0.23647,0.18198,346687488.0,,4.0
IOSP,False,37.465476998314394,"graham_pe_times_pb,munger_roe,munger_gross_margin",2305466112.0,18.947369,1.7161402,2.784,0.03546,0.091309994,0.27462998,0.080790006,32575000.0,0.0192,4.0
OMC,False,37.45139267380952,"graham_current_ratio,graham_debt_to_equity,graham_earnings_stability,graham_pe,graham_pe_times_pb,munger_roe,munger_gross_margin",24076601344.0,237.1892,2.2810802,0.924,1.07744,0.060510002,0.18959999,0.15384,4260624896.0,0.0374,0.0
EYE,False,37.40262841621251,"graham_size,graham_current_ratio,graham_earnings_stability,graham_pe,graham_pe_times_pb,munger_roe",1492615680.0,30.950817,1.6843607,0.592,0.77705,0.057550002,0.58621,0.04893,48389376.0,,1.0
SO,False,37.39944010119048,"graham_current_ratio,graham_debt_to_equity,graham_pe,graham_pe_times_pb,munger_roe,munger_fcf",106926235648.0,22.397589,2.702192,0.787,1.8205799999999999,0.114829995,0.48289,0.29612,-3913374976.0,0.032799999999999996,4.0
TKR,False,37.36335451760807,"graham_pe,graham_pe_times_pb,munger_roe",9174208512.0,35.58871,2.8680055,3.095,0.65523,0.08538,0.30859,0.13649,354212512.0,0.011000000000000001,4.0
HP,False,37.339349999999996,"data_missing:trailing_pe,graham_earnings_stability,munger_roe",4415302656.0,,1.7152619,1.962,0.69731,-0.04639,0.31845,0.05096,493073888.0,0.0232,0.0
CG,False,37.333785264285716,"data_missing:free_cash_flow,graham_debt_to_equity,graham_earnings_stability,graham_pe,graham_pe_times_pb,munger_roe",17891469312.0,52.302082,3.3847916,1.808,1.97617,0.077659994,0.98319,0.26855,,0.028999999999999998,2.0
DDOG,False,37.32264623122125,"graham_earnings_stability,graham_pe,graham_pe_times_pb,munger_roe",90512039936.0,504.14,22.490187,3.205,0.29259,0.04696,0.79536,0.00666,1051412352.0,,3.0
UNF,False,37.273259598578655,"graham_pe,graham_pe_times_pb,munger_roe",5194768896.0,45.74124,2.3633246,3.111,0.03869,0.05296,0.36678,0.044499997,98668752.0,0.005,4.0
KWR,False,37.25694170220793,"graham_earnings_stability,graham_pe,graham_pe_times_pb,munger_roe",2957831936.0,30.859962,2.14841,2.457,0.66913,0.07175,0.36061,0.091280006,129911624.0,0.0124,0.0
OTTR,False,37.251910211904764,"graham_pe,graham_pe_times_pb,munger_roe,munger_fcf",3890803712.0,20.015118,2.0715322,1.707,0.67491,0.106850006,0.42191002,0.24028999,-165230496.0,0.024300000000000002,4.0
AEE,False,37.24201323809524,"data_missing:consecutive_positive_earnings_years,graham_current_ratio,graham_debt_to_equity,graham_pe_times_pb,munger_roe,munger_fcf",30267275264.0,19.21441,2.2110543,0.531,1.57846,0.11943,0.52408004,0.25236,-1786249984.0,0.0275,
WGO,False,37.23269047619048,"graham_size,graham_pe,munger_roe,munger_gross_margin",895558528.0,23.294117,0.72373384,2.373,0.3912,0.03142,0.13,0.03292,164224992.0,0.044199999999999996,4.0
TBBK,False,37.22175,"data_missing:current_ratio,data_missing:debt_to_equity,data_missing:free_cash_flow,graham_pe_times_pb,munger_gross_margin",2840596992.0,13.091165,4.093634,,,0.29629,0.0,0.59707,,,4.0
PLUS,False,37.217517730659026,"graham_pe_times_pb,munger_roe,munger_gross_margin",2319438080.0,19.077253,2.1661794,2.131,0.1143,0.11698,0.25062,0.05982,39345124.0,0.012199999999999999,4.0
RRX,False,37.213785376032156,"graham_earnings_stability,graham_pe,graham_pe_times_pb,munger_roe",11722235904.0,36.23251,1.6958473,2.276,0.68843,0.047670003,0.37979,0.14399,475187488.0,0.008100000000000001,2.0
TOST,False,37.17147766139134,"data_missing:debt_to_equity,graham_earnings_stability,graham_pe,graham_pe_times_pb,munger_gross_margin",20172199936.0,44.177216,10.171962,2.4,,0.25162,0.26793,0.07966,480500000.0,,2.0
KKR,False,37.09386666666667,"data_missing:free_cash_flow,graham_current_ratio,graham_earnings_stability,graham_pe,graham_pe_times_pb,munger_roe",106573111296.0,36.983974,3.6715667,0.856,0.69812,0.0728,0.54767,0.2065,,0.0068000000000000005,3.0
ALHC,False,37.03628510527106,"graham_debt_to_equity,graham_earnings_stability,graham_pe,graham_pe_times_pb,munger_gross_margin",2862605056.0,72.631584,10.78125,1.698,1.24655,0.20044,0.12549,0.031519998,188581872.0,,0.0
GLW,False,37.024547725305425,"graham_pe,graham_pe_times_pb",141946978304.0,75.939445,11.886937,1.813,0.7144799999999999,0.16813,0.36395,0.15649,734499968.0,0.0070999999999999995,4.0
NRG,False,37.00569433527686,"graham_current_ratio,graham_debt_to_equity,graham_earnings_stability,graham_pe,graham_pe_times_pb,munger_gross_margin",25951535104.0,32.40289,6.1746025,0.968,4.83357,0.23772,0.18795,0.12765999,772374976.0,0.0159,2.0
MGEE,False,36.99587180357143,"graham_current_ratio,graham_pe,graham_pe_times_pb,munger_roe,munger_fcf",3086344192.0,20.139162,2.2270188,1.137,0.64863,0.110410005,0.41184,0.22672,-206614256.0,0.023399999999999997,4.0
LEN,False,36.87580084653203,"munger_roe,munger_gross_margin",20827793408.0,13.5517235,0.9633319,8.508,0.28692,0.07368,0.16363001,0.052750003,1077926016.0,0.022799999999999997,4.0
OGE,False,36.81897675310378,"graham_current_ratio,graham_debt_to_equity,graham_pe,graham_pe_times_pb,munger_roe",9771294720.0,20.655022,1.9615973,0.767,1.1730500000000001,0.09703,0.44762,0.26549,126750000.0,0.0362,4.0
RAL,False,36.77178942534429,"data_missing:trailing_pe,graham_earnings_stability,munger_roe",7911324672.0,,5.15575,1.524,0.79797,-0.53898996,0.50952,0.14477,333950016.0,0.0028000000000000004,0.0
WING,False,36.713731936621244,"data_missing:debt_to_equity,data_missing:return_on_equity,graham_pe,graham_pe_times_pb",3292261632.0,28.170162,-4.2587304,2.967,,,0.49418998,0.29759002,98595000.0,0.0118,4.0
CWT,False,36.70862857142858,"graham_current_ratio,graham_pe,graham_pe_times_pb,munger_roe,munger_fcf",3095046912.0,22.443945,1.7123405,0.701,0.9267700000000001,0.07677,0.53286,0.28211,-258749376.0,0.026699999999999998,4.0
PPC,False,36.67000268192808,"graham_current_ratio,munger_roe,munger_gross_margin",6605130752.0,11.8042555,1.7614934,1.355,0.82717,0.1452,0.09739,0.01619,508525376.0,,4.0
MRK,False,36.65246822836325,"graham_current_ratio,graham_debt_to_equity,graham_pe,graham_pe_times_pb,munger_roe",331785207808.0,107.584,7.917108,1.323,1.2840799999999999,0.06961,0.759,-0.00241,15171500032.0,0.025099999999999997,4.0
LITE,False,36.58542619047619,"data_missing:trailing_pe,data_missing:free_cash_flow,graham_earnings_stability,munger_roe",81920442368.0,,22.295876,1.678,0.35987,-2.40027,0.44575,0.28292,,,1.0
SLGN,False,36.58181857770055,"graham_current_ratio,graham_debt_to_equity,graham_pe_times_pb,munger_roe,munger_gross_margin",4433360896.0,16.450981,1.8632851,1.272,2.03153,0.11748,0.1707,0.10297,313311264.0,0.0199,4.0
TRN,False,36.558048285714285,"graham_debt_to_equity,munger_gross_margin,munger_fcf",2366183936.0,7.021277,2.0706966,2.168,4.68386,0.30156,0.26239002,0.12121,-335049984.0,0.0429,4.0
BILL,False,36.54824828798829,"data_invalid_outlier:trailing_pe,graham_earnings_stability,graham_pe,graham_pe_times_pb,munger_roe",4933025792.0,inf,1.2970382,1.661,0.49591999999999997,4.0000003e-05,0.83681,0.01143,167608256.0,,1.0
RGEN,False,36.53961802088262,"graham_earnings_stability,graham_pe,graham_pe_times_pb,munger_roe",9390886912.0,224.86485,4.44575,9.05,0.32715000000000005,0.0199,0.53836,0.09309,113421752.0,,1.0
ASO,True,36.52055022116081,,2970059776.0,8.461131,1.4339612,1.677,0.91982,0.18847999,0.34604,0.05177,88252000.0,0.012199999999999999,4.0
DUK,False,36.50341782380953,"graham_current_ratio,graham_debt_to_equity,graham_pe_times_pb,munger_roe,munger_fcf",96277635072.0,18.429852,1.7909669,0.661,1.62155,0.098570004,0.51971,0.27503002,-4477374976.0,0.0349,4.0
TOL,False,36.437821428571425,"data_missing:market_cap,munger_gross_margin",,11.234601,1.6322865,4.603,0.34450000000000003,0.15657,0.25203,0.15077,631238144.0,0.006999999999999999,4.0
FA,False,36.42156262830082,"graham_debt_to_equity,graham_earnings_stability,graham_pe,graham_pe_times_pb,munger_roe",3728772608.0,144.73332,2.8785467,2.527,1.5774000000000001,0.01939,0.45219,0.12774,215071744.0,,0.0
OSW,False,36.351142828448694,"graham_earnings_stability,graham_pe,graham_pe_times_pb,munger_roe,munger_gross_margin",2740972544.0,34.183544,4.7079844,2.905,0.15605,0.14321,0.13417,0.09382,48876500.0,0.0074,2.0
NE,False,36.24659976011457,"graham_pe,graham_pe_times_pb,munger_roe",7205451264.0,48.015957,1.6069139,1.915,0.42557,0.03283,0.35416,0.10707,252878256.0,0.0452,4.0
ENTG,False,36.22621734093494,"graham_pe,graham_pe_times_pb,munger_roe",24490784768.0,80.14,6.02851,3.049,0.85655,0.07671,0.45555001,0.19271,477787488.0,0.0024,4.0
CNR,False,36.22527654202165,"graham_earnings_stability,graham_pe,graham_pe_times_pb,munger_roe,munger_gross_margin",4733313536.0,47.919598,1.2782671,1.825,0.12037,0.02675,0.16860001,0.02162,274115744.0,0.0043,0.0
RTX,False,36.13684243517742,"graham_current_ratio,graham_pe,graham_pe_times_pb,munger_roe,munger_gross_margin",299000135680.0,38.989456,4.5045686,1.011,0.5702,0.12274,0.20347,0.12696,9880000512.0,0.0132,4.0
ALKS,False,36.06737779339807,"graham_earnings_stability,graham_pe,graham_pe_times_pb,munger_roe",8373064704.0,131.3421,4.623437,2.3,0.86952,0.03852,0.87182,0.15496999,153381376.0,,3.0
ELV,False,36.064476806200766,"graham_pe_times_pb,munger_roe,munger_gross_margin",86539526144.0,17.641026,1.92786,1.518,0.68953,0.11133,0.2599,0.04559,4306375168.0,0.0173,4.0
UAL,False,36.02783373348733,"graham_current_ratio,graham_debt_to_equity",40545251328.0,11.696629,2.428413,0.78,2.01641,0.23252001,0.31816,0.05534,910124992.0,,4.0
MLM,False,36.00926282267508,"graham_current_ratio,graham_pe,graham_pe_times_pb,munger_roe,munger_gross_margin",32820875264.0,35.43547,2.841915,1.407,0.54945,0.08894,0.2823,0.20185,593374976.0,0.0060999999999999995,4.0
NUE,False,36.00800571603861,"graham_pe,graham_pe_times_pb,munger_roe,munger_gross_margin",61597884416.0,21.668396,2.802372,2.508,0.30512,0.14548999,0.15554,0.15668,683374976.0,0.008199999999999999,4.0
WELL,False,36.005059815714574,"graham_current_ratio,graham_pe,graham_pe_times_pb,munger_roe",170130653184.0,105.87668,3.7991986,1.317,0.41375,0.03836,0.39560002,0.16561002,2756164352.0,0.014499999999999999,4.0
LFST,False,35.96948136343252,"graham_current_ratio,graham_earnings_stability,graham_pe,graham_pe_times_pb,munger_roe",4831093248.0,97.26924,3.2699769,1.376,0.32098999999999994,0.03429,0.33558998,0.0725,172356128.0,,1.0
CPT,False,35.94777079261222,"graham_current_ratio,graham_debt_to_equity,graham_pe,graham_pe_times_pb,munger_roe",11148306432.0,36.59571,2.990668,0.352,1.25648,0.07885,0.61619,0.16104001,139679632.0,0.0391,4.0
LUMN,False,35.931333333333335,"data_missing:trailing_pe,data_missing:debt_to_equity,data_missing:return_on_equity,graham_current_ratio,graham_earnings_stability",6699237376.0,,-4.3825912,0.964,,,0.47794,-0.02888,2116249984.0,,0.0
LSTR,False,35.814629517040984,"graham_pe,graham_pe_times_pb,munger_roe,munger_gross_margin",6442076672.0,49.05039,8.060852,1.825,0.16625,0.14977999,0.19034,0.04615,96691872.0,0.009300000000000001,4.0
BGC,False,35.7875,"data_missing:free_cash_flow,graham_debt_to_equity,graham_pe,graham_pe_times_pb",5211112960.0,27.4,4.6857634,1.509,1.56959,0.15882,0.91666,0.09044,,0.0073,4.0
CRK,False,35.771500128571425,"graham_current_ratio,graham_debt_to_equity,graham_earnings_stability,munger_fcf",4090134272.0,7.825843,1.5858378,0.476,1.0020099999999998,0.19018,0.56847,0.059710003,-868676608.0,,1.0
SWX,False,35.726795666666675,"graham_current_ratio,graham_earnings_stability,graham_pe,graham_pe_times_pb,munger_roe,munger_fcf",6663569920.0,23.645245,1.6152428,1.116,0.8508199999999999,0.06832,0.54035,0.24158001,-390807360.0,0.027999999999999997,3.0
FMC,False,35.71361904761905,"data_missing:trailing_pe,graham_size,graham_debt_to_equity,graham_earnings_stability,munger_roe",1286204800.0,,0.7857853,1.987,2.6504700000000003,-0.88376,0.31927,0.11833,165637504.0,0.0315,0.0
BAX,False,35.602091074318665,"data_missing:trailing_pe,graham_debt_to_equity,graham_earnings_stability,munger_roe",13852907520.0,,2.2321727,1.946,1.5644900000000002,-0.14371,0.34098,0.14425999,1000374976.0,0.0015,0.0
XRAY,False,35.557588161718,"data_missing:trailing_pe,graham_debt_to_equity,graham_earnings_stability,munger_roe",2346395136.0,,1.7887539,1.627,1.72243,-0.33031,0.4952,0.09243,141624992.0,0.0504,0.0
WOR,False,35.54325936963282,"graham_pe_times_pb,munger_gross_margin",2890066688.0,18.808916,2.89113,2.369,0.34689,0.15777001,0.27386,0.06448,23372124.0,0.0141,4.0
VNO,False,35.53235530525107,"data_missing:price_to_book,graham_debt_to_equity,graham_earnings_stability,graham_pe,munger_roe",7765494272.0,1307.0,,5.343,1.2231699999999999,0.00603,0.49595,0.097959995,445744128.0,0.0187,3.0
CAR,False,35.51833333333334,"data_missing:trailing_pe,data_missing:debt_to_equity,data_missing:return_on_equity,graham_current_ratio,graham_earnings_stability,munger_gross_margin",4848812544.0,,-1.4301343,0.848,,,0.27385,0.1491,1093124992.0,,0.0
LH,False,35.39324292181891,"graham_pe,graham_pe_times_pb,munger_roe,munger_gross_margin",25954433024.0,26.44876,3.00814,1.796,0.7912399999999999,0.11728,0.28882998,0.1224,892049984.0,0.0089,4.0
CACI,False,35.39228916964864,"graham_current_ratio,graham_debt_to_equity,graham_pe,graham_pe_times_pb,munger_roe",14674094080.0,27.449358,3.4271145,1.484,1.20656,0.12824,0.33203998,0.100509994,610367104.0,,4.0
FE,False,35.39139328571429,"graham_current_ratio,graham_debt_to_equity,graham_pe,graham_pe_times_pb,munger_roe,munger_fcf",27242369024.0,25.176472,2.1061108,0.541,2.00908,0.09491,0.68605006,0.19304001,-2007124992.0,0.0397,4.0
EMN,False,35.385300541990986,"graham_current_ratio,munger_roe,munger_gross_margin",8465886720.0,19.283855,1.3887588,1.498,0.88518,0.07334,0.19662,0.12893,544625024.0,0.0455,4.0
SMG,False,35.37544647797433,"data_missing:debt_to_equity,data_missing:return_on_equity,graham_current_ratio,graham_earnings_stability,graham_pe,graham_pe_times_pb",3561042944.0,23.615831,-12.4243355,1.215,,,0.32157,0.16825001,248500000.0,0.042800000000000005,1.0
BTSG,False,35.34733333333333,"graham_debt_to_equity,graham_earnings_stability,graham_pe,graham_pe_times_pb,munger_roe,munger_gross_margin",12075654144.0,54.49107,6.1379867,1.588,1.1600700000000002,0.13036,0.12382,0.03367,1028438976.0,,1.0
BWXT,False,35.34093312727904,"graham_debt_to_equity,graham_pe,graham_pe_times_pb,munger_gross_margin",15764477952.0,44.45995,16.633797,2.397,1.514,0.28289,0.22082001,0.10393,145624256.0,0.0060999999999999995,4.0
BEN,False,35.325929,"graham_pe,graham_pe_times_pb,munger_roe,munger_fcf",17071382528.0,22.857141,1.4527216,5.486,0.24805,0.07887,0.37707,0.12979001,-2990862592.0,0.039,4.0
EVRG,False,35.32245108095238,"graham_current_ratio,graham_debt_to_equity,graham_pe,graham_pe_times_pb,munger_roe,munger_fcf",19310000128.0,21.310432,1.8888137,0.359,1.60554,0.092539996,0.52696997,0.25238,-1443362560.0,0.0333,4.0
AXON,False,35.28836772680135,"graham_pe,graham_pe_times_pb,munger_roe",49603158016.0,248.20934,13.498882,2.149,0.50363,0.06221,0.59525,0.0517,222160000.0,,4.0
IPGP,False,35.2872124714569,"graham_earnings_stability,graham_pe,graham_pe_times_pb,munger_roe",3578430720.0,129.43077,1.6821961,6.179,0.00764,0.01302,0.38351002,0.07595,48475500.0,,1.0
LGIH,False,35.21774523809524,"graham_size,graham_pe,munger_roe,munger_gross_margin",1385183232.0,20.197355,0.6495105,33.032,0.74344,0.03159,0.19646,0.0572,208319248.0,,4.0
KMPR,False,35.15970943809524,"data_missing:trailing_pe,graham_size,graham_current_ratio,graham_earnings_stability,munger_roe,munger_gross_margin",1602556544.0,,0.73142546,0.817,0.63974,-0.19700001,0.254,0.030079998,220550000.0,0.0483,2.0
PSKY,False,35.11466600000001,"graham_current_ratio,graham_debt_to_equity,graham_earnings_stability,graham_pe,graham_pe_times_pb,munger_roe",11241896960.0,334.00003,0.95428574,1.04,1.26479,-0.00896,0.33328998,0.09345,17593124864.0,0.020099999999999996,0.0
NOG,False,35.0,"data_missing:trailing_pe,graham_current_ratio,graham_debt_to_equity,munger_roe,munger_fcf",2620575744.0,,1.3076186,0.796,1.36559,-0.22049999,0.75398004,0.57063997,-459628992.0,0.0747,4.0
PAYX,False,35.0,"data_missing:return_on_equity,data_missing:free_cash_flow,graham_current_ratio,graham_debt_to_equity,graham_pe,graham_pe_times_pb",43695636480.0,25.1227,11.695545,1.152,1.23967,,0.67197996,0.38325,,0.0395,4.0
QDEL,False,34.95266766666667,"data_missing:trailing_pe,graham_size,graham_current_ratio,graham_debt_to_equity,graham_earnings_stability,munger_roe",1010801728.0,,0.5672067,1.386,1.73277,-0.45905998,0.44858003,-0.020920001,146762496.0,,0.0
PEB,False,34.89751904761905,"data_missing:trailing_pe,graham_current_ratio,graham_earnings_stability,munger_roe,munger_gross_margin",2065021696.0,,0.8510044,0.708,0.97934,-0.016339999,0.25336,0.14332,258438128.0,0.0022,0.0
CNXC,False,34.87271428571429,"data_missing:trailing_pe,graham_size,graham_current_ratio,graham_debt_to_equity,graham_earnings_stability,munger_roe",1516611072.0,,0.5600117,1.179,2.03764,-0.37662,0.3447,0.07893,775551744.0,0.0579,0.0
IP,False,34.73214547294169,"data_missing:trailing_pe,graham_current_ratio,graham_earnings_stability,munger_roe,munger_gross_margin",21489946624.0,,1.4865015,1.098,0.68509,-0.16479,0.29608,0.02298,1646499968.0,0.045,0.0
CLH,False,34.71069218725204,"graham_debt_to_equity,graham_pe,graham_pe_times_pb",16995910656.0,38.51316,5.8041897,2.131,1.10951,0.15562001,0.32257,0.15498,383758016.0,,4.0
DXPE,False,34.707254439666244,"graham_debt_to_equity,graham_pe,graham_pe_times_pb",3015369728.0,34.212147,5.5722027,2.993,1.66254,0.18469,0.31765,0.096260004,74078496.0,,4.0
RH,False,34.65166666666667,"data_missing:return_on_equity,graham_current_ratio,graham_debt_to_equity,graham_pe,graham_pe_times_pb",3445139712.0,35.34563,60.434925,1.127,70.60079999999999,,0.43541,0.00322,285438016.0,,4.0
OC,False,34.64519109706296,"data_missing:trailing_pe,graham_current_ratio,graham_debt_to_equity,graham_earnings_stability,munger_roe,munger_gross_margin",12170729472.0,,3.2246003,1.16,1.50328,-0.094510004,0.26485002,0.17816,885124992.0,0.0196,0.0
ALGM,False,34.60686591833219,"graham_earnings_stability,graham_pe,graham_pe_times_pb,munger_roe",8135517696.0,623.5,8.433816,3.703,0.31472,0.015269999,0.47375,0.09824,103498872.0,,0.0
CRWD,False,34.5223449851444,"data_missing:trailing_pe,graham_earnings_stability,munger_roe",223212617728.0,,48.167435,1.531,0.17568,-0.0024899999,0.75136,-0.022079999,1926365056.0,,0.0
NAVI,False,34.516142,"data_missing:trailing_pe,data_missing:free_cash_flow,graham_size,graham_debt_to_equity,graham_earnings_stability,munger_roe",846867904.0,,0.35951743,10.745,18.52711,-0.01975,1.0,0.33870998,,0.0723,0.0
AAON,False,34.48341428571428,"graham_pe,graham_pe_times_pb,munger_gross_margin,munger_fcf",7146256896.0,44.44615,7.072215,3.013,0.44742,0.17284,0.25569,0.10987,-213758000.0,0.004699999999999999,4.0
UA,False,34.44876005678042,"data_missing:trailing_pe,graham_earnings_stability,munger_roe",2255973120.0,,1.5828812,1.81,0.96356,-0.29825002,0.47044,0.04772,145967632.0,,0.0
ICUI,False,34.44382990673739,"graham_earnings_stability,graham_pe,graham_pe_times_pb,munger_roe",4557657600.0,150.62396,2.1568384,2.43,0.59817,0.014099999,0.39134,0.10954001,175372128.0,,1.0
SXT,False,34.43594004761905,"graham_pe,graham_pe_times_pb,munger_roe,munger_fcf",5531463168.0,35.124325,4.368697,4.39,0.6063000000000001,0.13071,0.34876,0.16570999,-2621250.0,0.0126,4.0
MHO,False,34.42370825033378,"munger_roe,munger_gross_margin",3871337728.0,12.856423,1.2274246,8.108,0.31079,0.100600004,0.20903,0.0928,86652128.0,,4.0
HZO,False,34.3859876,"graham_size,graham_current_ratio,graham_debt_to_equity,graham_earnings_stability,graham_pe,graham_pe_times_pb,munger_roe",1149062528.0,325.15628,1.2063768,1.234,1.15137,0.00497,0.34210998,0.060890004,183364128.0,,0.0
HPE,False,34.3729459984179,"graham_current_ratio,graham_pe,graham_pe_times_pb,munger_roe",78260428800.0,54.22018,3.092136,1.088,0.8403,0.06315,0.33776,0.087,3836000000.0,0.0095,4.0
LYV,False,34.355960951502624,"data_missing:trailing_pe,graham_current_ratio,graham_debt_to_equity,munger_gross_margin",43975766016.0,,528.7675,0.852,6.202140000000001,0.17677,0.25777,0.06696,1695030656.0,,4.0
HXL,False,34.35520606926763,"graham_pe,graham_pe_times_pb,munger_roe,munger_gross_margin",7817952768.0,52.21212,6.0122128,2.427,0.73902,0.10764,0.24956,0.13904999,252975008.0,0.006999999999999999,4.0
PBF,False,34.34981924863747,"graham_current_ratio,graham_earnings_stability,munger_gross_margin",8758687744.0,6.4758983,1.5833458,1.33,0.38423999999999997,0.23228,0.050430004,0.08801,78462496.0,0.015600000000000001,0.0
AEIS,False,34.277316444640896,"graham_pe,graham_pe_times_pb",13172589568.0,60.459557,9.027778,3.79,0.94568,0.16267,0.3996,0.17018,34187500.0,0.0012,4.0
YUM,False,34.25110480257257,"data_missing:debt_to_equity,data_missing:return_on_equity,graham_current_ratio,graham_pe_times_pb",40854659072.0,18.807161,-5.6612086,0.592,,,0.45311,0.32779998,833249984.0,0.0199,4.0
VIAV,False,34.21389285714286,"data_missing:trailing_pe,data_missing:free_cash_flow,graham_earnings_stability,munger_roe",10590215168.0,,7.092351,1.846,0.44315,-0.02728,0.61727,0.13676,,,1.0
D,False,34.14051190476191,"graham_current_ratio,graham_debt_to_equity,graham_pe,graham_pe_times_pb,munger_roe,munger_fcf",60366266368.0,23.749134,2.1624134,0.809,1.60459,0.08281,0.46222,0.29219,-9181124608.0,0.039,4.0
TXNM,False,34.11780952380952,"graham_current_ratio,graham_debt_to_equity,graham_pe,graham_pe_times_pb,munger_roe,munger_fcf",5910725120.0,31.344261,1.7919961,0.557,1.65512,0.06252,0.59381,0.22482,-529223744.0,0.0294,4.0
SRE,False,34.11503809523809,"graham_pe,graham_pe_times_pb,munger_roe,munger_fcf",56758550528.0,25.15942,1.7590435,1.642,0.84663,0.06679,0.43994,0.28328,-27657750528.0,0.0304,4.0
SEI,False,34.08682142857143,"graham_debt_to_equity,graham_pe,graham_pe_times_pb,munger_roe,munger_fcf",6289147392.0,79.11392,4.3526707,4.123,2.16673,0.08099,0.49983,0.26487,-806578240.0,0.008,4.0
UAA,False,34.06391066093249,"data_missing:trailing_pe,graham_earnings_stability,munger_roe",2310955008.0,,1.6214586,1.81,0.96356,-0.29825002,0.47044,0.04772,145967632.0,,0.0
PBH,False,34.02695095238095,"data_missing:market_cap,graham_debt_to_equity,graham_earnings_stability,munger_roe",,14.280112,1.2780466,3.23,1.07864,0.0912,0.54772997,0.20834999,147887504.0,,3.0
VECO,False,33.910854524528524,"graham_earnings_stability,graham_pe,graham_pe_times_pb,munger_roe",3171604992.0,136.75,3.5187569,3.926,0.28931,0.02643,0.37917998,0.06883,72047000.0,,2.0
CAG,False,33.88585714285715,"data_missing:trailing_pe,graham_current_ratio,graham_debt_to_equity,graham_earnings_stability,munger_roe,munger_gross_margin",7424946176.0,,1.1678585,0.904,1.17577,-0.25064,0.23952,0.13771,859000000.0,0.0796,0.0
WMT,False,33.88105411406694,"graham_current_ratio,graham_pe,graham_pe_times_pb,munger_gross_margin",916094255104.0,40.53345,9.715986,0.771,0.74816,0.24132,0.24976,0.042150002,6862249984.0,0.0086,4.0
WAT,False,33.850249925,"graham_pe,graham_pe_times_pb,munger_roe,munger_fcf",40366170112.0,103.55667,2.6391573,1.861,0.36045,0.019199999,0.56337,0.09422,-142067632.0,,4.0
ETR,False,33.835748583333334,"graham_current_ratio,graham_debt_to_equity,graham_pe,graham_pe_times_pb,munger_roe,munger_fcf",50137219072.0,27.47954,2.750416,0.912,1.8677000000000001,0.10248999,0.47000998,0.24458,-4400858112.0,0.023700000000000002,4.0
ETSY,False,33.760183990021645,"data_missing:debt_to_equity,data_missing:return_on_equity,graham_current_ratio,graham_earnings_stability,graham_pe,graham_pe_times_pb",7406327808.0,25.536392,-5.3429785,1.476,,,0.71401,0.18744,169665376.0,,3.0
KD,False,33.721547319047616,"graham_current_ratio,graham_debt_to_equity,graham_earnings_stability,graham_pe,graham_pe_times_pb,munger_roe,munger_gross_margin",2911140864.0,36.12162,2.7404141,0.848,4.22451,0.069299996,0.21841,0.02902,2652624896.0,,2.0
VYX,False,33.627761904761904,"graham_size,graham_current_ratio,graham_debt_to_equity,graham_earnings_stability,graham_pe,graham_pe_times_pb,munger_roe,munger_gross_margin",1142528384.0,29.55357,1.2350746,1.072,1.15799,0.05272,0.25825,0.02486,216250000.0,,2.0
BMRN,False,33.60607044995824,"graham_pe,graham_pe_times_pb,munger_roe",13046872064.0,182.16217,2.0634336,2.387,0.66473,0.011820001,0.50968,0.21162,85157376.0,,4.0
CNP,False,33.539702380952384,"graham_current_ratio,graham_debt_to_equity,graham_pe,graham_pe_times_pb,munger_roe,munger_fcf",26783565824.0,24.202381,2.2851684,1.123,2.10256,0.09825,0.47027,0.24489,-5191875072.0,0.023700000000000002,4.0
HSIC,False,33.515062842015084,"graham_current_ratio,graham_pe,graham_pe_times_pb,munger_roe",10065295360.0,26.330904,3.201638,1.319,0.80733,0.088549994,0.31319,0.057550002,446000000.0,,4.0
MLKN,False,33.48315425303401,"graham_size,graham_debt_to_equity,graham_earnings_stability,munger_roe",1617926912.0,17.992424,1.2060735,1.577,1.28174,0.06983,0.38794997,0.060739998,82262496.0,0.0316,1.0
LTH,False,33.3994160952381,"graham_current_ratio,graham_debt_to_equity,graham_earnings_stability,graham_pe,graham_pe_times_pb,munger_roe,munger_fcf",9919475712.0,24.25683,3.0005407,0.657,1.29478,0.13445,0.48022997,0.17052001,-345163264.0,,3.0
TXT,False,33.26288921185071,"graham_pe_times_pb,munger_roe,munger_gross_margin",15283616768.0,16.894485,1.9307564,1.861,0.5228499999999999,0.12126,0.17628999,0.08701,452750016.0,0.0009,4.0
CASY,False,33.19721004408108,"graham_current_ratio,graham_pe,graham_pe_times_pb,munger_gross_margin",31559639040.0,44.60512,7.9646053,1.01,0.7351399999999999,0.19153,0.24606001,0.05351,550939648.0,0.003,4.0
FND,False,33.108448343990695,"graham_current_ratio,graham_pe,graham_pe_times_pb,munger_roe",6245104128.0,27.404205,2.5114555,1.333,0.80645,0.09694,0.44976002,0.054380003,140193248.0,,4.0
NTNX,False,33.027437338318066,"data_missing:debt_to_equity,data_missing:return_on_equity,graham_earnings_stability,graham_pe,graham_pe_times_pb",18092552192.0,70.45263,-24.58854,1.777,,,0.87095,0.10029,631740864.0,,1.0
USPH,False,33.017068750939146,"graham_size,graham_current_ratio,graham_pe,graham_pe_times_pb,munger_roe,munger_gross_margin",1178594688.0,464.58826,2.506904,1.271,0.5032099999999999,0.0651,0.21466999,0.111269996,41290124.0,0.0222,4.0
AEP,False,33.013630869047624,"graham_current_ratio,graham_debt_to_equity,graham_pe,graham_pe_times_pb,munger_roe,munger_fcf",68006117376.0,21.649914,2.119839,0.504,1.6078899999999998,0.10130999,0.46352002,0.23251,-5995950080.0,0.030299999999999997,4.0
GME,False,33.00906265476191,"graham_earnings_stability,munger_roe,munger_fcf",8341170688.0,13.873134,1.4278034,12.401,0.74273,0.14095001,0.34387,0.16605,-1261250048.0,,3.0
GKOS,False,32.982801390700715,"data_missing:trailing_pe,graham_earnings_stability,munger_roe",11113163776.0,,16.249245,5.04,0.15766,-0.25981,0.79121,-0.08495,15456250.0,,0.0
ALGT,False,32.93435706785714,"graham_current_ratio,graham_debt_to_equity,graham_earnings_stability,graham_pe,graham_pe_times_pb,munger_roe,munger_gross_margin",2334371072.0,72.36441,1.4237837,0.832,1.6047,0.018339999,0.22812,0.09228,194582624.0,,0.0
HTO,False,32.92934566666667,"graham_debt_to_equity,graham_pe,graham_pe_times_pb,munger_roe,munger_fcf",2648698624.0,22.28169,1.4363211,1.667,1.02581,0.06463,0.56912,0.21260001,-250611632.0,0.0278,4.0
CUZ,False,32.864943278214284,"graham_current_ratio,graham_pe,graham_pe_times_pb,munger_roe,munger_fcf",4916663808.0,746.75006,1.0965894,0.524,0.8420799999999999,0.0015199999,0.67779,0.24225001,-25106624.0,0.042800000000000005,4.0
XEL,False,32.77690519047619,"graham_current_ratio,graham_debt_to_equity,graham_pe,graham_pe_times_pb,munger_roe,munger_fcf",49358602240.0,21.649313,2.0717862,0.701,1.73135,0.0992,0.46825,0.22700001,-7907999744.0,0.03,4.0
PRGO,False,32.7342380952381,"data_missing:trailing_pe,graham_size,graham_debt_to_equity,graham_earnings_stability,munger_roe",1769031936.0,,0.7065878,2.324,1.38183,-0.48746,0.33263,0.03842,437212512.0,0.09140000000000001,0.0
UFPI,False,32.65667112614975,"graham_pe,graham_pe_times_pb,munger_roe,munger_gross_margin",4989356544.0,20.650684,1.658872,3.981,0.13347,0.0802,0.16128,0.05508,117891504.0,0.0158,4.0
MIR,False,32.65386383105266,"graham_earnings_stability,graham_pe,graham_pe_times_pb,munger_roe",3987092736.0,177.88889,2.1332445,3.198,0.6575700000000001,0.01511,0.482,0.07196,115362496.0,,1.0
ABM,False,32.64153505,"graham_current_ratio,graham_debt_to_equity,munger_roe,munger_gross_margin",2821842944.0,18.526922,1.6139516,1.462,1.12697,0.08866999,0.12921,0.039300002,284024992.0,0.0241,4.0
P,False,32.63450075,"data_missing:market_cap,graham_debt_to_equity,graham_pe,graham_pe_times_pb",,176.34848,26.59735,1.617,1.27364,0.16846001,0.7023,-0.18452999,267954368.0,,4.0
CNXN,False,32.61659599051295,"graham_pe,graham_pe_times_pb,munger_roe,munger_gross_margin",2046052736.0,21.44709,2.1477203,2.88,0.00792,0.104320005,0.18892,0.05037,11910875.0,0.009899999999999999,4.0
SIG,False,32.55597719047619,data_missing:market_cap,,12.702683,1.8819579,1.615,0.64495,0.15933,0.39337003,0.05059,451787488.0,0.0151,4.0
XPO,False,32.55573939726638,"data_missing:price_to_book,graham_current_ratio,graham_debt_to_equity,graham_pe,munger_gross_margin",24888483840.0,62.519115,,1.011,2.06167,0.21587,0.18988001,0.12314,473750016.0,,4.0
PTEN,False,32.549138716729985,"data_missing:trailing_pe,graham_earnings_stability,munger_roe,munger_gross_margin",4320747008.0,,1.393836,1.75,0.41383000000000003,-0.0277,0.23754999,-0.00567,273732384.0,0.036699999999999997,0.0
STLD,False,32.52471034948971,"graham_pe,graham_pe_times_pb,munger_gross_margin",37169274880.0,23.769936,3.9537432,3.183,0.46924,0.17568001,0.14652,0.114989996,234191248.0,0.008100000000000001,4.0
OPLN,False,32.35144226186063,"data_missing:trailing_pe,graham_current_ratio,graham_debt_to_equity,graham_earnings_stability,munger_roe",4375273472.0,,2.787732,1.168,1.5736400000000001,0.11147001,0.45846,0.16805,26375000.0,,2.0
TFX,False,32.348092526899954,"data_missing:trailing_pe,graham_debt_to_equity,graham_earnings_stability,munger_roe",5762433536.0,,1.9839383,2.604,1.0110299999999999,-0.00701,0.55108,0.14442,179542000.0,0.01,0.0
TNC,False,32.33324130439279,"graham_size,graham_pe,graham_pe_times_pb,munger_roe",1173929856.0,68.17327,2.2084484,2.045,0.73113,0.03078,0.38766,0.05309,50687500.0,0.0183,4.0
WEC,False,32.3048090952381,"data_missing:price_to_book,graham_current_ratio,graham_debt_to_equity,graham_pe,munger_roe,munger_fcf",35784777728.0,21.078695,,0.534,1.5798500000000002,0.11988,0.41909,0.21802999,-2353637376.0,0.0349,4.0
COO,False,32.175799999999995,"data_missing:market_cap,graham_current_ratio,graham_pe,graham_pe_times_pb,munger_roe",,64.855934,1.8104182,1.274,0.33093000000000006,0.02853,0.65550005,-0.02866,424275008.0,,4.0
NEOG,False,32.14804575057284,"data_missing:trailing_pe,graham_earnings_stability,munger_roe",2578512384.0,,1.229977,3.822,0.38827,-0.00379,0.46932,0.0137600005,69500000.0,,0.0
HASI,False,32.045964285714284,"data_missing:free_cash_flow,graham_debt_to_equity,graham_pe,graham_pe_times_pb,munger_roe",5478417920.0,65.59231,2.136557,8.703,2.22661,0.03371,1.0,0.22208,,0.0406,4.0
COHR,False,32.0211220952381,"graham_earnings_stability,graham_pe,graham_pe_times_pb,munger_roe,munger_fcf",63533871104.0,85.460526,5.947693,3.05,0.31093,0.04718,0.36990002,0.13572,-197631744.0,,1.0
TLN,False,32.01365904388509,"data_missing:trailing_pe,graham_current_ratio,graham_debt_to_equity,graham_earnings_stability,munger_roe",17543806976.0,,10.853069,0.781,5.8413699999999995,-0.12825,0.42101002,-0.04797,1261750016.0,,0.0
KALU,False,31.938355214119408,"graham_debt_to_equity,graham_earnings_stability,graham_pe_times_pb,munger_gross_margin",2977578496.0,14.020401,3.125858,2.495,1.13255,0.26398,0.14524001,0.10560001,33025000.0,0.0163,3.0
AVA,False,31.936786142857144,"graham_current_ratio,graham_debt_to_equity,munger_roe,munger_fcf",3268872960.0,14.090252,1.1587448,1.1,1.19709,0.08306,0.66753995,0.13317001,-235124992.0,0.0509,4.0
OSIS,False,31.886702978584513,"graham_debt_to_equity,graham_pe,graham_pe_times_pb",3770307840.0,26.141794,4.215797,3.245,1.16873,0.17165,0.32839,0.13101,36977752.0,,4.0
CE,False,31.859761571428574,"data_missing:trailing_pe,graham_current_ratio,graham_debt_to_equity,graham_earnings_stability,munger_roe,munger_gross_margin",4960695808.0,,1.1904553,1.447,2.70205,-0.2225,0.21375999,0.11047,984875008.0,0.0027,0.0
IDA,False,31.837394232142856,"graham_current_ratio,graham_debt_to_equity,graham_pe,graham_pe_times_pb,munger_roe,munger_fcf",8235550720.0,23.61194,2.1166713,0.986,1.05976,0.094390005,0.38970003,0.27459,-1221291392.0,0.0248,4.0
CPK,False,31.778082958333332,"graham_current_ratio,graham_debt_to_equity,graham_pe,graham_pe_times_pb,munger_roe,munger_fcf",3252442880.0,21.518341,1.9435042,0.316,1.01273,0.094689995,0.40342,0.26201,-220775008.0,0.0217,4.0
DAR,False,31.761841482821907,"graham_pe_times_pb,munger_roe,munger_gross_margin",10650118144.0,18.142473,2.0302627,1.565,0.78609,0.12126,0.26333,0.12892,219643008.0,,4.0
LAD,False,31.684991846400457,"graham_current_ratio,graham_debt_to_equity,munger_roe,munger_gross_margin",8285876224.0,12.472535,1.2952355,1.003,2.57698,0.10719,0.15438,0.04611,547649984.0,0.0074,4.0
ACI,False,31.663084,"graham_current_ratio,graham_debt_to_equity,graham_pe,graham_pe_times_pb,munger_roe,munger_gross_margin",6015612416.0,77.46876,3.7560608,0.842,9.735850000000001,0.02717,0.27040002,0.01428,1753387520.0,0.056600000000000004,4.0
PTCT,False,31.653,"data_missing:trailing_pe,data_missing:debt_to_equity,data_missing:return_on_equity,graham_earnings_stability,munger_fcf",5960770048.0,,-35.979847,3.394,,,0.49959,0.41323003,-286804256.0,,1.0
HOG,False,31.61831709571593,"munger_roe,munger_gross_margin",2896337664.0,15.461111,0.93455124,1.903,0.7404000000000001,0.06093,0.28456,0.07242,122405248.0,0.0264,4.0
AMTM,False,31.609457142857146,"graham_earnings_stability,graham_pe,munger_roe,munger_gross_margin",5269112832.0,25.963856,1.121403,1.523,0.7987099999999999,0.04287,0.10488,0.04384,484249984.0,,1.0
ED,False,31.600738523809525,"graham_current_ratio,graham_debt_to_equity,munger_roe,munger_fcf",40152293376.0,17.856909,1.5609454,1.268,1.10113,0.08962,0.53372,0.16540001,-844875008.0,0.032400000000000005,4.0
KOP,False,31.59057185714286,"data_missing:trailing_pe,graham_size,graham_debt_to_equity,munger_roe,munger_gross_margin",887708992.0,,2.2928877,2.332,2.59302,-0.19013001,0.22362,0.09652001,162850000.0,0.0078000000000000005,4.0
DE,False,31.577037044614364,"graham_debt_to_equity,graham_pe,graham_pe_times_pb,munger_gross_margin",164553850880.0,34.557823,6.004314,2.213,3.76022,0.18349001,0.25965,0.17479,1098749952.0,0.0106,4.0
DXC,False,31.556130952380958,"graham_size,graham_current_ratio,graham_debt_to_equity,graham_earnings_stability,munger_roe,munger_gross_margin",1733598848.0,14.662163,0.5710226,1.408,1.25421,0.04025,0.22997,0.02034,877000000.0,,3.0
BHE,False,31.545697631181618,"graham_pe,graham_pe_times_pb,munger_roe,munger_gross_margin",2920649472.0,55.691776,2.6163201,1.993,0.26142,0.047810003,0.10281,0.04147,136417248.0,0.0083,4.0
DKS,False,31.407047083333328,"graham_debt_to_equity,graham_pe_times_pb,munger_fcf",18096070656.0,19.68695,3.1957924,1.501,1.3899199999999998,0.20903999,0.33565,0.105950005,-537311360.0,0.024700000000000003,4.0
PMT,False,31.377607517857143,"data_missing:market_cap,data_missing:free_cash_flow,graham_debt_to_equity,graham_earnings_stability,munger_roe",,6.6423607,0.6358016,1.798,12.390820000000001,0.089370005,0.82927,0.10908,,0.1686,3.0
VTR,False,31.36790088423529,"graham_current_ratio,graham_earnings_stability,graham_pe,graham_pe_times_pb,munger_roe",46883299328.0,166.18182,3.2003922,0.295,0.8492799999999999,0.02012,0.39970002,0.14807999,1486853504.0,0.0222,2.0
RUSHA,False,31.353708268856312,"graham_current_ratio,graham_pe,graham_pe_times_pb,munger_roe,munger_gross_margin",9609247744.0,37.248867,2.744,1.452,0.6307699999999999,0.11795,0.19850999,0.05113,313673632.0,0.0068000000000000005,4.0
LNT,False,31.35082142857143,"graham_current_ratio,graham_debt_to_equity,graham_pe,graham_pe_times_pb,munger_roe,munger_fcf",18238085120.0,22.259491,2.422343,0.466,1.60951,0.11135,0.44502,0.19053,-1138625024.0,0.0305,4.0
HCA,False,31.3072798172558,"data_missing:debt_to_equity,data_missing:return_on_equity,graham_current_ratio,graham_pe_times_pb",88027348992.0,13.639383,-13.342631,0.993,,,0.42580003,0.15161,3738125056.0,0.0075,4.0
PPL,False,31.28317953809524,"data_missing:market_cap,graham_current_ratio,graham_debt_to_equity,graham_pe,graham_pe_times_pb,munger_roe,munger_fcf",,21.174555,1.7922072,0.905,1.3543399999999999,0.086330004,0.44094002,0.23591,-1938375040.0,0.032,4.0
THO,False,31.270216349526525,"munger_roe,munger_gross_margin",4111491328.0,15.987855,0.95297855,1.707,0.21316,0.06091,0.13216,0.03452,148253872.0,0.0264,4.0
ESAB,False,31.185703720670656,"graham_pe,graham_pe_times_pb,munger_roe",5284664320.0,26.661442,2.2332213,1.962,0.9826900000000001,0.08727,0.36955002,0.12016,146126368.0,0.0049,4.0
ORLY,False,31.14963438497841,"data_missing:debt_to_equity,data_missing:return_on_equity,graham_current_ratio,graham_pe,graham_pe_times_pb",74064404480.0,29.065079,-40.7092,0.752,,,0.51636004,0.2015,1570733824.0,,4.0
PSMT,False,31.054618699076315,"graham_current_ratio,graham_pe,graham_pe_times_pb,munger_roe,munger_gross_margin",5529897472.0,34.131428,3.873541,1.277,0.24017,0.12314,0.17635,0.044499997,58311500.0,0.0078000000000000005,4.0
MFP,False,31.020124023809526,"data_missing:return_on_equity,data_missing:free_cash_flow,graham_earnings_stability,graham_pe,graham_pe_times_pb",2070376064.0,65.41429,2.0365593,1.803,0.03636,,0.35762,0.108380005,,,3.0
PSN,False,31.012655437059834,"graham_pe,graham_pe_times_pb,munger_roe,munger_gross_margin",5063643648.0,32.696552,1.9241853,1.662,0.59881,0.082440004,0.21959999,0.02224,213456128.0,,4.0
AVTR,False,30.936398809784492,"data_missing:trailing_pe,graham_earnings_stability,munger_roe",9296551936.0,,1.6514478,1.782,0.6567799999999999,-0.09701,0.31825,0.07162,450337504.0,,0.0
PCG,False,30.886262571428574,"graham_current_ratio,graham_debt_to_equity,munger_roe,munger_fcf",38816718848.0,12.679856,1.2009404,1.216,1.8944999999999999,0.09318,0.39823002,0.24788,-6150125056.0,0.0115,4.0
SMCI,False,30.795775307142854,"graham_pe,graham_pe_times_pb,munger_gross_margin,munger_fcf",25389701120.0,20.657843,3.1158133,3.872,0.6430800000000001,0.21465999,0.108219996,0.13382,-8231267840.0,,4.0
CWK,False,30.764666666666667,"graham_current_ratio,graham_debt_to_equity,graham_earnings_stability,graham_pe,graham_pe_times_pb,munger_roe,munger_gross_margin",3350538240.0,49.224136,1.6558403,1.078,1.49834,0.0352,0.18128,0.04858,302500000.0,,2.0
OKE,False,30.756005821440013,"graham_current_ratio,graham_debt_to_equity,graham_pe_times_pb,munger_gross_margin",59254747136.0,16.234888,2.648932,0.737,1.4306999999999999,0.16277,0.27214,0.13254,899875008.0,0.0462,4.0
NI,False,30.754654461904764,"graham_current_ratio,graham_debt_to_equity,graham_pe,graham_pe_times_pb,munger_roe,munger_fcf",20333348864.0,22.433863,2.1044273,0.498,1.46649,0.085489996,0.50971,0.17156,-1772999936.0,0.0285,4.0
BC,False,30.736764938757936,"data_missing:trailing_pe,graham_current_ratio,graham_debt_to_equity,graham_earnings_stability,munger_roe,munger_gross_margin",5302373888.0,,3.160802,1.447,1.3648099999999999,-0.048270002,0.26487,0.08756,385062496.0,0.0216,0.0
APG,False,30.73623457354488,"data_missing:trailing_pe,graham_current_ratio,graham_debt_to_equity,munger_roe",18820579328.0,,5.1514072,1.389,1.0927200000000001,0.10348,0.31441,0.090509996,648625024.0,,4.0
PRVA,False,30.725051500652956,"graham_earnings_stability,graham_pe,graham_pe_times_pb,munger_roe,munger_gross_margin",2809513984.0,99.97728,3.550444,1.616,0.01042,0.04306,0.1003,0.018609999,95646496.0,,3.0
PNW,False,30.620988333333333,"graham_current_ratio,graham_debt_to_equity,graham_pe_times_pb,munger_roe,munger_fcf",12249404416.0,19.399233,1.7411752,0.594,2.3328800000000003,0.09365,0.43352002,0.21341999,-929501376.0,0.0361,4.0
SYF,False,30.589499999999997,"data_missing:current_ratio,data_missing:debt_to_equity,data_missing:free_cash_flow,munger_gross_margin",26302978048.0,8.291282,1.7305673,,,0.20786,0.0,0.50219,,0.0171,4.0
NX,False,30.565095238095243,"data_missing:trailing_pe,graham_size,graham_debt_to_equity,graham_earnings_stability,munger_roe,munger_gross_margin",956220224.0,,1.3019823,2.28,1.22271,-0.29746,0.26492,0.04047,82574872.0,0.0146,0.0
BJ,False,30.515395111633616,"graham_current_ratio,graham_debt_to_equity,graham_pe,graham_pe_times_pb,munger_gross_margin",11929171968.0,21.280182,5.610474,0.727,1.34579,0.27885,0.18475,0.03672,89211000.0,,4.0
PCAR,False,30.413551938234697,"graham_pe,graham_pe_times_pb,munger_roe,munger_gross_margin",68843266048.0,27.651161,3.3877275,5.519,0.7291,0.12755999,0.13715,0.12024,1943650048.0,0.010700000000000001,4.0
NWE,False,30.41296471428571,"graham_current_ratio,graham_debt_to_equity,graham_pe,graham_pe_times_pb,munger_roe,munger_fcf",4403447808.0,25.841156,1.5134472,0.826,1.24221,0.05935,0.55587,0.17343001,-242985632.0,0.0375,4.0
KNX,False,30.306581359073558,"graham_current_ratio,graham_pe,graham_pe_times_pb,munger_roe,munger_gross_margin",11948731392.0,271.9074,1.7113453,0.877,0.38409999999999994,0.00611,0.24333,0.051810004,491255488.0,0.011200000000000002,4.0
TMP,False,30.272251499999996,"data_missing:current_ratio,data_missing:debt_to_equity,data_missing:free_cash_flow,graham_size,munger_gross_margin",1458630784.0,8.292249,1.5128318,,,0.20363002,0.0,0.45026,,0.0277,4.0
ASTH,False,30.174595238095236,"graham_size,graham_current_ratio,graham_debt_to_equity,graham_pe,graham_pe_times_pb,munger_roe,munger_gross_margin",1956148352.0,48.091465,2.3382747,1.229,1.6362299999999999,0.06902,0.10457,0.03529,231191248.0,,4.0
MXL,False,30.058489021054825,"data_missing:trailing_pe,graham_earnings_stability,munger_roe",7434574336.0,,15.333894,1.776,0.30566,-0.21324,0.57477003,-0.02441,14404875.0,,0.0
APO,False,30.014332666666665,"data_missing:free_cash_flow,graham_debt_to_equity,graham_earnings_stability,graham_pe,graham_pe_times_pb,munger_roe",83806928896.0,50.50356,4.1686983,1.948,1.00969,0.11412,0.36141998,0.21952,,0.015700000000000002,3.0
MIDD,False,29.981741142857143,"data_missing:free_cash_flow,graham_earnings_stability,graham_pe_times_pb,munger_roe",5248950784.0,18.22449,2.2789557,1.987,0.8957299999999999,0.10974,0.38401002,0.17236,,,0.0
ENSG,False,29.96025190777297,"graham_current_ratio,graham_pe,graham_pe_times_pb,munger_gross_margin",10565439488.0,28.413792,4.28994,1.211,0.92027,0.16973,0.16566,0.09035,280635360.0,0.0014000000000000002,4.0
AHR,False,29.887663197412472,"graham_current_ratio,graham_earnings_stability,graham_pe,graham_pe_times_pb,munger_roe,munger_gross_margin",11200214016.0,79.67647,2.855035,1.314,0.41888,0.03951,0.1928,0.0683,396657984.0,0.0187,1.0
UVV,False,29.869713877380953,"graham_size,graham_pe,graham_pe_times_pb,munger_roe,munger_gross_margin",1116109184.0,59.766666,0.80488765,2.572,0.85545,0.022769999,0.17417999,0.00438,155875008.0,0.07400000000000001,4.0
SARO,False,29.857639165918375,"graham_earnings_stability,graham_pe,graham_pe_times_pb,munger_roe,munger_gross_margin",9164813312.0,28.551546,3.4212475,2.135,0.93207,0.12302,0.15048,0.10532,369616000.0,,2.0
XYZ,False,29.845571428571432,"graham_earnings_stability,graham_pe,graham_pe_times_pb,munger_roe,munger_fcf",49742823424.0,137.99165,2.2450445,2.209,0.3258,0.01612,0.46572,0.06999,-27105876.0,,3.0
CNC,False,29.754128571428573,"data_missing:trailing_pe,graham_current_ratio,graham_earnings_stability,munger_roe,munger_gross_margin",32922296320.0,,1.4591771,1.145,0.7108199999999999,-0.20358999,0.11415,0.0376,9639624704.0,,0.0
GEO,False,29.729964797619047,"graham_debt_to_equity,graham_pe_times_pb,munger_gross_margin,munger_fcf",4026900992.0,14.431604,2.7183473,1.653,1.06105,0.20127001,0.26042998,0.13892001,-3632500.0,,4.0
KRMN,False,29.686154095238095,"graham_debt_to_equity,graham_earnings_stability,graham_pe,graham_pe_times_pb,munger_roe,munger_fcf",8174679552.0,228.44444,19.414541,3.555,2.0785400000000003,0.09503,0.41667998,0.20229,-57195876.0,,3.0
FBP,False,29.6205,"data_missing:current_ratio,data_missing:debt_to_equity,data_missing:free_cash_flow,munger_gross_margin",4531194368.0,12.523208,2.2769468,,,0.19494,0.0,0.49097002,,0.0274,4.0
OTIS,False,29.60011051677749,"data_missing:debt_to_equity,data_missing:return_on_equity,graham_current_ratio,graham_pe_times_pb",27598526464.0,18.880209,-4.8016424,0.831,,,0.30313,0.15133001,1436249984.0,0.0241,4.0
COHU,False,29.574764770310914,"data_missing:trailing_pe,graham_earnings_stability,munger_roe",2729060608.0,,3.5234082,5.742,0.42764,-0.04836,0.43951,0.00621,66293124.0,,0.0
PKG,False,29.510623420978664,"graham_pe,graham_pe_times_pb,munger_roe,munger_gross_margin",22717392896.0,33.070038,4.9210606,2.941,0.94474,0.14887,0.21385999,0.13121,432950016.0,0.0233,4.0
GSHD,False,29.486386190271123,"data_missing:debt_to_equity,data_missing:return_on_equity,graham_pe,graham_pe_times_pb",3140563968.0,48.31022,-14.016306,1.544,,,0.49583,0.23388,36873876.0,,4.0
PENG,False,29.469563792857144,"graham_earnings_stability,graham_pe,graham_pe_times_pb,munger_gross_margin,munger_fcf",3143483392.0,42.600693,7.158945,1.544,0.77496,0.16194999,0.27924,0.108260006,-107568000.0,,1.0
PWR,False,29.307585396561414,"graham_current_ratio,graham_pe,graham_pe_times_pb,munger_gross_margin",103424974848.0,79.25403,10.726035,1.098,0.6778,0.15337,0.15456,0.07217,1955491328.0,0.0007000000000000001,4.0
SHO,False,29.286128646428576,"graham_pe,graham_pe_times_pb,munger_roe,munger_fcf",2035156352.0,49.75,1.2525749,5.435,0.51842,0.027520001,0.43695,0.12678,-112805248.0,0.0333,4.0
DPZ,False,29.2497548754628,"data_missing:debt_to_equity,data_missing:return_on_equity,graham_pe_times_pb,munger_gross_margin",11553465344.0,19.945173,-2.8999898,1.538,,,0.28709,0.19084999,531496512.0,0.0227,4.0
POWI,False,29.145130797987683,"data_missing:debt_to_equity,graham_pe,graham_pe_times_pb,munger_roe",3466792704.0,141.01682,5.0858526,7.069,,0.03622,0.53720003,0.074829996,73703504.0,0.013500000000000002,4.0
BRKR,False,29.0857784439431,"data_missing:trailing_pe,graham_earnings_stability,munger_roe",8787322880.0,,3.689783,1.847,0.76164,-0.029979998,0.48477,0.09875,179937504.0,0.0034999999999999996,0.0
GVA,False,29.069095238095237,"data_missing:trailing_pe,graham_current_ratio,graham_debt_to_equity,munger_roe,munger_gross_margin",5548902400.0,,7.3715115,1.013,2.1512000000000002,-0.14548,0.15641,0.08996,959048128.0,0.0040999999999999995,4.0
SDGR,False,29.031533333333336,"data_missing:trailing_pe,graham_size,graham_earnings_stability,munger_roe,munger_fcf",1344257152.0,,4.272468,2.706,0.32832,-0.16174999,0.56869,-0.70551,-29163124.0,,0.0
GPK,False,29.00840541618676,"graham_current_ratio,graham_debt_to_equity,munger_roe,munger_gross_margin",3418146560.0,17.76154,1.0562671,1.379,1.7615100000000001,0.060100004,0.15491,0.045250002,237875008.0,0.037200000000000004,4.0
DAN,False,28.959900000000005,"data_missing:trailing_pe,graham_current_ratio,graham_earnings_stability,munger_roe,munger_gross_margin",3287543296.0,,1.7122366,1.487,0.75794,-0.01627,0.09462,0.05075,631249984.0,0.0158,1.0
CBRE,False,28.913610050211314,"graham_current_ratio,graham_debt_to_equity,graham_pe,graham_pe_times_pb,munger_gross_margin",43892432896.0,34.685402,5.231421,1.141,1.17789,0.15798001,0.18574,0.03608,1637624960.0,,4.0
UNM,False,28.867692857142856,"graham_pe,munger_roe,munger_gross_margin,munger_fcf",14853288960.0,21.770302,1.3741342,17.258,0.36878,0.06351,0.29304,0.11359,-2231912448.0,0.0218,4.0
BALL,False,28.842754783704137,"graham_current_ratio,graham_debt_to_equity,graham_pe_times_pb,munger_gross_margin",16337491968.0,17.684814,2.842275,1.069,1.31495,0.17151,0.1863,0.09232,379875008.0,0.0129,4.0
WS,False,28.82185663367184,"data_missing:consecutive_positive_earnings_years,graham_size,graham_current_ratio,graham_pe,graham_pe_times_pb,munger_roe,munger_gross_margin",1947747584.0,224.88235,1.7948357,1.456,0.28054,-0.01048,0.11711001,0.0579,90725000.0,0.0168,
PEG,False,28.783954180294586,"graham_current_ratio,graham_debt_to_equity,graham_pe_times_pb,munger_roe",38009511936.0,18.97015,2.1915681,0.877,1.4240899999999999,0.11835,0.33333,0.18872,107750000.0,0.0353,4.0
TTWO,False,28.77493096010125,"data_missing:trailing_pe,graham_current_ratio,graham_earnings_stability,munger_roe",46501105664.0,,13.132756,1.062,0.81607,-0.09039,0.57126,0.0051499996,1256137472.0,,0.0
HRL,False,28.736364285714284,"data_missing:market_cap,graham_pe,graham_pe_times_pb,munger_roe,munger_gross_margin",,28.84706,1.6974733,1.938,0.04244,0.05831,0.15783,0.11057,471169760.0,0.0479,4.0
TSN,False,28.70538192843601,"graham_current_ratio,graham_earnings_stability,graham_pe,graham_pe_times_pb,munger_roe,munger_gross_margin",20517062656.0,36.0,1.1348511,1.433,0.44025,0.03263,0.06554,0.02711,1191250048.0,0.0362,2.0
ITT,False,28.68982125714286,"data_missing:market_cap,graham_current_ratio,graham_pe,graham_pe_times_pb,munger_roe",,42.89784,4.066335,1.263,0.7973,0.11569,0.3498,0.123959996,275087488.0,0.0070999999999999995,4.0
EXC,False,28.51501080952381,"graham_current_ratio,graham_debt_to_equity,munger_roe,munger_fcf",47092908032.0,16.805147,1.5888077,1.088,1.77362,0.09711,0.42363998,0.16590999,-2685125120.0,0.037200000000000004,4.0
USFD,False,28.43963546010858,"graham_current_ratio,graham_debt_to_equity,graham_pe,graham_pe_times_pb,munger_gross_margin",23604926464.0,33.573845,5.5501018,1.137,1.26315,0.16350001,0.17554002,0.04197,805124992.0,,4.0
ACA,False,28.42468226992853,"graham_pe,graham_pe_times_pb,munger_roe,munger_gross_margin",7136446976.0,32.438614,2.7063391,3.119,0.50578,0.080299996,0.22805001,0.12312,60250000.0,0.0014000000000000002,4.0
BKH,False,28.38802380952381,"graham_current_ratio,graham_debt_to_equity,munger_roe,munger_fcf",5657221120.0,18.687658,1.4346766,0.523,1.11686,0.07958,0.39716,0.21422,-77750000.0,0.0384,4.0
NPK,False,28.358964619047622,"graham_size,graham_pe,graham_pe_times_pb,munger_roe,munger_gross_margin,munger_fcf",999376384.0,31.060137,2.5173285,5.877,0.02355,0.08406,0.15369001,0.05331,-12435875.0,0.0073,4.0
JPM,False,28.341749999999998,"data_missing:current_ratio,data_missing:debt_to_equity,data_missing:free_cash_flow,graham_pe_times_pb,munger_gross_margin",969281044480.0,15.616275,2.74151,,,0.17789,0.0,0.50394,,0.016399999999999998,4.0
OGS,False,28.250408184523806,"graham_current_ratio,munger_roe,munger_fcf",5075330048.0,17.401941,1.4373577,0.481,0.95903,0.085760005,0.38094002,0.19847,-219928128.0,0.0336,4.0
GPC,False,28.208833832266162,"graham_current_ratio,graham_debt_to_equity,graham_pe,graham_pe_times_pb,munger_roe",18575224832.0,518.23083,4.104048,1.159,1.4641499999999998,0.0070700003,0.37564,0.06562,917241984.0,0.0317,4.0
PFBC,False,28.182750000000002,"data_missing:current_ratio,data_missing:debt_to_equity,data_missing:free_cash_flow,graham_size,munger_gross_margin",1281203328.0,10.092437,1.6145607,,,0.17577,0.0,0.67442,,0.0297,4.0
TTMI,False,28.123453302380952,"graham_earnings_stability,graham_pe,graham_pe_times_pb,munger_roe,munger_gross_margin,munger_fcf",14659294208.0,62.680176,7.862914,1.78,0.5703,0.13260001,0.21191,0.108950004,-19442376.0,,2.0
INTC,False,28.063613218292165,"data_missing:trailing_pe,graham_earnings_stability,munger_roe",545261748224.0,,5.942163,1.604,0.48997,-0.10715,0.38873002,0.12189999,4866375168.0,,0.0
ITGR,False,28.04438324846223,"graham_pe,graham_pe_times_pb,munger_roe,munger_gross_margin",4259883520.0,34.334244,2.5069516,3.733,0.79391,0.075040005,0.2613,0.10024,107673376.0,,4.0
AOSL,False,28.025494126798268,"data_missing:trailing_pe,graham_size,graham_earnings_stability,munger_roe,munger_gross_margin",903124992.0,,1.1281217,3.438,0.035070000000000004,-0.05217,0.22320999,-0.06449,22076750.0,,0.0
PII,False,28.001880957890414,"data_missing:trailing_pe,graham_current_ratio,graham_debt_to_equity,graham_earnings_stability,munger_roe,munger_gross_margin",3933456128.0,,4.702061,1.2,2.4489900000000002,-0.25571,0.21948,0.071729995,277100000.0,0.0397,0.0
SFBS,False,28.001249249999997,"data_missing:current_ratio,data_missing:debt_to_equity,data_missing:free_cash_flow,graham_pe_times_pb,munger_gross_margin",5016749568.0,15.632028,2.536278,,,0.17334999,0.0,0.70001,,0.0166,4.0
CVS,False,27.941054059074823,"graham_current_ratio,graham_pe,graham_pe_times_pb,munger_roe,munger_gross_margin",123036942336.0,25.382586,1.5425317,0.866,0.95503,0.06205,0.13645001,0.03861,8076000256.0,0.027999999999999997,4.0
ESI,False,27.93354932485054,"graham_pe,graham_pe_times_pb,munger_roe",9468610560.0,52.506756,3.366401,2.907,0.74976,0.06539,0.38591,0.118310004,50812500.0,0.0083,4.0
TGT,False,27.82805952380952,"data_missing:market_cap,graham_current_ratio,graham_debt_to_equity,graham_pe,graham_pe_times_pb,munger_gross_margin",,20.273201,4.29636,0.932,1.17548,0.22015,0.28139,0.0452,3141250048.0,0.0298,4.0
NJR,False,27.81322728571428,"graham_current_ratio,graham_debt_to_equity,graham_pe_times_pb,munger_roe,munger_fcf",5649735168.0,15.423823,2.1204157,0.661,1.4677799999999999,0.14453,0.39178002,0.09133001,-259436368.0,0.0342,4.0
CAVA,False,27.80078065238095,"graham_earnings_stability,graham_pe,graham_pe_times_pb,munger_roe,munger_fcf",8707902464.0,133.125,10.351292,2.483,0.61899,0.083229996,0.37733,0.0762,-721500.0,,3.0
NTRS,False,27.7995,"data_missing:current_ratio,data_missing:debt_to_equity,data_missing:free_cash_flow,graham_pe_times_pb,munger_gross_margin",34984779776.0,16.512953,2.9237638,,,0.17066,0.0,0.42496,,0.0172,4.0
BLDR,False,27.799337039223936,"graham_debt_to_equity,graham_pe,graham_pe_times_pb,munger_roe,munger_gross_margin",7866377216.0,79.46739,1.9640027,1.789,1.30786,0.02506,0.29188,0.033269998,464577120.0,,4.0
PZZA,False,27.669670772627942,"data_missing:debt_to_equity,data_missing:return_on_equity,graham_size,graham_current_ratio,graham_pe,graham_pe_times_pb,munger_gross_margin",800655424.0,30.4,-1.7814239,0.829,,,0.20365,0.055560004,59249124.0,0.0747,4.0
CMS,False,27.664547190476192,"graham_current_ratio,graham_debt_to_equity,graham_pe,graham_pe_times_pb,munger_roe,munger_fcf",22257707008.0,21.315317,2.330805,0.936,1.8560400000000001,0.09158,0.40315,0.17167999,-2198874880.0,0.0323,4.0
CRBG,False,27.63276786083089,"graham_current_ratio,graham_debt_to_equity,graham_earnings_stability,graham_pe,graham_pe_times_pb,munger_roe,munger_gross_margin",15318839296.0,22.028849,1.5080307,1.223,1.27231,0.07139,0.21102,0.111140005,642249984.0,0.0296,0.0
ADNT,False,27.6071071,"graham_size,graham_current_ratio,graham_debt_to_equity,graham_earnings_stability,graham_pe,graham_pe_times_pb,munger_roe,munger_gross_margin",1608258560.0,37.29091,0.9145634,1.097,1.26868,0.05791,0.06585,0.024939999,354500000.0,,0.0
AX,False,27.59699925,"data_missing:current_ratio,data_missing:debt_to_equity,data_missing:free_cash_flow,munger_gross_margin",5801339904.0,11.973653,1.8975819,,,0.16795999,0.0,0.45029998,,,4.0
RITM,False,27.596964435714288,"data_missing:free_cash_flow,graham_current_ratio,graham_debt_to_equity,munger_roe",5810225152.0,17.341665,0.8440136,1.069,3.8764299999999996,0.055910002,0.95561,0.07942,,0.0965,4.0
CHEF,False,27.593344396842152,"graham_debt_to_equity,graham_pe,graham_pe_times_pb,munger_gross_margin",4577320448.0,53.428574,7.0592675,2.148,1.4602899999999999,0.15252,0.24457,0.05017,107143504.0,,4.0
CHCO,False,27.566249999999997,"data_missing:current_ratio,data_missing:debt_to_equity,data_missing:free_cash_flow,graham_pe_times_pb,munger_gross_margin",2080679680.0,16.217964,2.5720887,,,0.16755,0.0,0.5191,,0.0236,4.0
FTRE,False,27.539380909523814,"data_missing:trailing_pe,graham_size,graham_current_ratio,graham_debt_to_equity,graham_earnings_stability,munger_roe,munger_gross_margin",1641426048.0,,3.1313498,0.958,2.13239,-0.15303999,0.19301,0.025799999,278862496.0,,0.0
PLXS,False,27.50462783059735,"graham_current_ratio,graham_pe,graham_pe_times_pb,munger_roe,munger_gross_margin",7098653696.0,40.539574,4.653859,1.488,0.20079,0.1258,0.100389995,0.046719998,20809250.0,,4.0
AORT,False,27.46361921856073,"data_missing:trailing_pe,graham_size,graham_earnings_stability,munger_roe",1402716416.0,,3.1439188,3.473,0.9155800000000001,-0.0073100002,0.64373,0.09014,13096750.0,,1.0
EWBC,False,27.43275,"data_missing:current_ratio,data_missing:debt_to_equity,data_missing:free_cash_flow,munger_gross_margin",18756239360.0,13.150337,2.028585,,,0.16577,0.0,0.65281,,0.0235,4.0
ZION,False,27.303,"data_missing:current_ratio,data_missing:debt_to_equity,data_missing:free_cash_flow,munger_gross_margin",10556807168.0,9.214013,1.3861898,,,0.16404,0.0,0.52116,,0.0268,4.0
GM,False,27.13761904761905,"graham_current_ratio,graham_debt_to_equity,graham_pe,graham_pe_times_pb,munger_roe,munger_gross_margin",78198874112.0,38.7713,1.2229829,1.136,2.02341,0.03164,0.10177,0.03202,21933750272.0,0.0083,4.0
POR,False,27.103177142857138,"graham_current_ratio,graham_debt_to_equity,graham_pe,graham_pe_times_pb,munger_roe,munger_fcf",5968004608.0,22.453539,1.4247409,0.977,1.3616300000000001,0.06445,0.47537997,0.14987999,-415750016.0,0.042800000000000005,4.0
UTI,False,27.102297244047623,"graham_size,graham_current_ratio,graham_debt_to_equity,graham_pe,graham_pe_times_pb,munger_roe,munger_fcf",1382890368.0,41.14754,4.0166426,1.302,1.04405,0.105349995,0.55051,0.01985,-4487750.0,,4.0
NWN,False,27.08790401190476,"graham_current_ratio,graham_debt_to_equity,munger_roe,munger_fcf",2136457472.0,16.806292,1.3701274,0.772,1.73275,0.08347999,0.44977,0.13614,-268720128.0,0.0388,4.0
UGI,False,27.073583333333335,"graham_current_ratio,graham_debt_to_equity,graham_earnings_stability,munger_roe,munger_fcf",7595266560.0,11.764119,1.4009337,1.439,1.34987,0.13279,0.51343,-0.02479,-236250000.0,0.042699999999999995,2.0
OFG,False,27.06075,"data_missing:current_ratio,data_missing:debt_to_equity,data_missing:free_cash_flow,munger_gross_margin",2255709440.0,10.526627,1.6028951,,,0.16081,0.0,0.43318,,0.0252,4.0
WRBY,False,27.018045069498026,"graham_earnings_stability,graham_pe,graham_pe_times_pb,munger_roe",3159421952.0,426.0,8.347485,2.268,0.6402800000000001,0.020550001,0.54412997,0.014140001,16900750.0,,1.0
SOLS,False,26.942629910714288,"graham_current_ratio,graham_debt_to_equity,graham_pe,graham_pe_times_pb,munger_roe,munger_fcf",9893014528.0,47.181816,6.237356,1.459,1.52771,0.112629995,0.30622998,0.19338,-27375000.0,0.0048,4.0
ARCB,False,26.92337093147326,"graham_current_ratio,graham_pe,graham_pe_times_pb,munger_roe,munger_gross_margin",3257151232.0,208.17859,2.569064,0.968,0.3627,0.01269,0.080970004,0.05429,148348992.0,0.0033,4.0
AEO,False,26.919940519047625,"data_missing:market_cap,graham_debt_to_equity",,10.261006,1.6617438,1.545,1.1406399999999999,0.17569,0.38194,0.023610001,144004128.0,0.0308,4.0
CPB,False,26.89022661904762,"data_missing:market_cap,graham_current_ratio,graham_debt_to_equity,munger_gross_margin",,11.382353,1.7178367,0.866,1.82035,0.15389,0.292,0.13102001,603249984.0,0.067,4.0
CCS,False,26.846645543855647,"munger_roe,munger_gross_margin",2019304448.0,15.608789,0.7870124,4.76,0.6606799999999999,0.052210003,0.17865999,0.05158,78148624.0,0.0173,4.0
HUBG,False,26.83603255640313,"graham_current_ratio,graham_pe,graham_pe_times_pb,munger_roe,munger_gross_margin",2531755520.0,23.793104,1.4878707,1.474,0.2841,0.06241,0.11378,0.04162,59145876.0,0.012,4.0
TEX,False,26.8208450082014,"graham_pe,graham_pe_times_pb,munger_roe,munger_gross_margin",7714106880.0,32.291866,1.5567191,1.818,0.54558,0.042090002,0.17163,0.084,232250000.0,0.0103,4.0
LYB,False,26.81349571525842,"data_missing:trailing_pe,graham_debt_to_equity,graham_earnings_stability,munger_roe,munger_gross_margin",20693811200.0,,1.939038,1.641,1.3275899999999998,-0.02269,0.12888,0.17924999,1228000000.0,0.066,0.0
CRL,False,26.788784537813225,"data_missing:trailing_pe,graham_current_ratio,graham_debt_to_equity,graham_earnings_stability,munger_roe",13344868352.0,,4.6566153,1.348,1.05047,-0.07516,0.34585,0.15113,468856000.0,,0.0
FBRT,False,26.75567857142857,"data_missing:free_cash_flow,graham_size,graham_current_ratio,graham_debt_to_equity,munger_roe",679726784.0,19.034883,0.554314,1.403,2.70288,0.04119,0.99637,0.08555,,0.1365,4.0
VIR,False,26.752757142857142,"data_missing:trailing_pe,graham_size,graham_earnings_stability,munger_roe,munger_gross_margin,munger_fcf",1530558336.0,,1.7942868,6.042,0.09494,-0.26081,-0.59521,0.30746,-39135248.0,,0.0
SBRA,False,26.688929559497076,"graham_earnings_stability,graham_pe,graham_pe_times_pb,munger_roe",5175675392.0,77.92308,1.8815008,3.574,0.95672,0.02388,0.50268,-0.12527001,155119744.0,0.0594,3.0
MAN,False,26.65396369770219,"graham_current_ratio,graham_earnings_stability,graham_pe,graham_pe_times_pb,munger_roe,munger_gross_margin",2718354176.0,25.085838,1.3014919,1.043,0.67414,0.050809998,0.16235,0.024419999,125012496.0,0.0256,0.0
UTL,False,26.64649955,"graham_size,graham_current_ratio,graham_debt_to_equity,munger_roe,munger_fcf",989521920.0,17.280254,1.5955069,0.491,1.4958799999999999,0.096219994,0.40218,0.14056,-65891876.0,0.0349,4.0
CFR,False,26.6235,"data_missing:current_ratio,data_missing:debt_to_equity,data_missing:free_cash_flow,graham_pe_times_pb,munger_gross_margin",10549135360.0,15.983051,2.3561912,,,0.15498,0.0,0.37236,,0.0245,4.0
SNDR,False,26.51162339679949,"graham_pe,graham_pe_times_pb,munger_roe,munger_gross_margin",6399359488.0,57.039066,2.0917375,2.033,0.12947,0.036760002,0.16025,0.04552,87137504.0,0.011000000000000001,4.0
EL,False,26.396428571428572,"data_missing:market_cap,data_missing:trailing_pe,graham_current_ratio,graham_debt_to_equity,graham_earnings_stability,munger_roe",,,7.88303,1.268,2.32908,-0.05949,0.74651,0.14925,1807624960.0,0.016,0.0
ADM,False,26.383845801864293,"graham_current_ratio,graham_pe,graham_pe_times_pb,munger_roe,munger_gross_margin",38744731648.0,21.96448,1.643732,1.389,0.39134,0.07642,0.0687,0.04008,1164625024.0,0.026099999999999998,4.0
HNI,False,26.377355745412302,"data_missing:trailing_pe,graham_current_ratio,munger_roe",3552788224.0,,1.9680915,1.362,0.9107599999999999,0.00329,0.4188,0.08164,104212496.0,0.028399999999999998,4.0
NEO,False,26.375998817214075,"data_missing:trailing_pe,graham_earnings_stability,munger_roe",2072308736.0,,2.6261802,3.603,0.57064,-0.06327,0.43917,-0.048449997,43904752.0,,0.0
LKFN,False,26.247749999999996,"data_missing:current_ratio,data_missing:debt_to_equity,data_missing:free_cash_flow,graham_size,munger_roe,munger_gross_margin",1559829504.0,14.326484,2.0172307,,,0.14997,0.0,0.51455003,,0.0332,4.0
IRM,False,26.23814285714286,"data_missing:debt_to_equity,data_missing:return_on_equity,graham_current_ratio,graham_pe,graham_pe_times_pb,munger_fcf",37909475328.0,90.31206,-29.593306,0.726,,,0.5421,0.19059,-436093504.0,0.0273,4.0
PVH,False,26.214776040476195,"data_missing:market_cap,graham_pe,munger_roe",,24.760607,0.76918733,1.677,0.8633799999999999,0.033239998,0.57532,0.05822,465637504.0,0.0018,4.0
J,False,26.11511526547462,"graham_current_ratio,graham_debt_to_equity,graham_pe,graham_pe_times_pb,munger_roe,munger_gross_margin",16823130112.0,47.754154,5.157517,1.287,1.24734,0.07998,0.22067,0.07387,645677888.0,0.01,4.0
GT,False,26.113666333333335,"data_missing:trailing_pe,graham_size,graham_current_ratio,graham_debt_to_equity,graham_earnings_stability,munger_roe,munger_gross_margin",1761940352.0,,0.62012357,1.087,2.7367500000000002,-0.61530995,0.18340999,-0.009649999,525875008.0,,0.0
ACM,False,26.02733850004606,"graham_current_ratio,graham_debt_to_equity,graham_pe,graham_pe_times_pb,munger_gross_margin",8130396672.0,21.342905,3.707018,1.057,1.3888,0.16605,0.05678,-0.01844,379882112.0,0.0187,4.0
CBSH,False,26.020500749999997,"data_missing:current_ratio,data_missing:debt_to_equity,data_missing:free_cash_flow,munger_roe,munger_gross_margin",8669040640.0,14.813725,1.9993384,,,0.14694001,0.0,0.45125,,0.0183,4.0
EIG,False,26.016782511899585,"graham_size,graham_current_ratio,graham_pe,graham_pe_times_pb,munger_roe,munger_gross_margin",871623360.0,61.430378,1.0145715,1.115,0.14974,0.00772,0.01242,0.16349001,18350000.0,0.028300000000000002,4.0
TRUP,False,26.012840827522087,"graham_size,graham_earnings_stability,graham_pe,graham_pe_times_pb,munger_roe,munger_gross_margin",1340893312.0,56.925922,3.3963099,1.774,0.26096,0.06068,0.22584,0.01623,11546000.0,,1.0
CARR,False,25.92373433911506,"graham_current_ratio,graham_pe,graham_pe_times_pb,munger_roe,munger_gross_margin",51697545216.0,44.79643,3.935676,1.02,0.91998,0.08966,0.24691999,0.13069001,861750016.0,0.0152,4.0
CEG,False,25.90968629285715,"graham_current_ratio,graham_earnings_stability,graham_pe,graham_pe_times_pb,munger_gross_margin,munger_fcf",100566605824.0,27.745846,3.1538126,1.455,0.7641899999999999,0.15055001,0.22107,0.086619996,-6625124864.0,0.0060999999999999995,3.0
BCC,False,25.90718485485991,"graham_pe,graham_pe_times_pb,munger_roe,munger_gross_margin",2919359232.0,28.36271,1.4427354,2.71,0.27115,0.0506,0.16511999,0.045840003,43333376.0,0.0106,4.0
DCH,False,25.856380952380952,"data_missing:trailing_pe,graham_size,graham_current_ratio,graham_debt_to_equity,graham_earnings_stability,munger_roe,munger_gross_margin",1589574784.0,,1.0523832,1.398,3.43042,-0.15042,0.11327,0.04855,540849984.0,,0.0
FFIN,False,25.806,"data_missing:current_ratio,data_missing:debt_to_equity,data_missing:free_cash_flow,graham_pe_times_pb,munger_roe,munger_gross_margin",5065193984.0,18.898396,2.5197861,,,0.14408,0.0,0.55958,,0.0252,4.0
H,False,25.763082245658403,"graham_current_ratio,graham_debt_to_equity,graham_earnings_stability,graham_pe,graham_pe_times_pb,munger_roe",17121872896.0,224.30864,5.1815205,0.62,1.24421,0.02157,0.43444002,0.16749,170250000.0,0.0033,0.0
CUBI,False,25.74375,"data_missing:current_ratio,data_missing:debt_to_equity,data_missing:free_cash_flow,munger_roe,munger_gross_margin",2824402432.0,10.124697,1.2805084,,,0.14325,0.0,0.46019,,,4.0
FOXF,False,25.69989277714035,"data_missing:trailing_pe,graham_size,graham_debt_to_equity,graham_earnings_stability,munger_roe,munger_gross_margin",888115008.0,,1.331443,3.105,1.02,-0.3675,0.29549,0.04889,48863876.0,,0.0
CPF,False,25.6845,"data_missing:current_ratio,data_missing:debt_to_equity,data_missing:free_cash_flow,graham_size,munger_roe,munger_gross_margin",1001961344.0,12.432907,1.6840489,,,0.14246,0.0,0.36801997,,0.0308,4.0
CC,False,25.619714285714284,"data_missing:trailing_pe,data_missing:debt_to_equity,graham_earnings_stability,munger_roe,munger_gross_margin",2371864064.0,,-48.34356,1.663,,-3.19372,0.15405,0.01131,303124992.0,0.023,0.0
AIR,False,25.608259940476184,"graham_pe,graham_pe_times_pb,munger_roe,munger_gross_margin,munger_fcf",5850817536.0,29.903292,3.3584454,2.841,0.59397,0.12876001,0.18802999,0.08384,-50362500.0,,4.0
BNY,False,25.593,"data_missing:current_ratio,data_missing:debt_to_equity,data_missing:free_cash_flow,graham_pe_times_pb,munger_roe,munger_gross_margin",110576091136.0,19.016382,2.770616,,,0.14124,0.0,0.40046,,0.0137,4.0
RES,False,25.527482999999997,"graham_size,graham_pe,graham_pe_times_pb,munger_roe,munger_gross_margin,munger_fcf",1421929728.0,58.31818,1.260562,3.341,0.046790000000000005,0.02076,0.23256999,0.0448,-5273000.0,0.0254,4.0
AMKR,False,25.511447619047615,"graham_pe,graham_pe_times_pb,munger_roe,munger_gross_margin,munger_fcf",14484779008.0,26.143497,3.108836,2.171,0.57054,0.12514,0.15511,0.10532,-378785984.0,0.006,4.0
BFH,False,25.48489296428571,"data_missing:current_ratio,data_missing:debt_to_equity,data_missing:free_cash_flow,munger_gross_margin",4597313536.0,9.287755,1.3084956,,,0.17424999,0.0,0.28971002,,0.008199999999999999,4.0
SMTC,False,25.478948637934657,"data_missing:trailing_pe,graham_earnings_stability,munger_roe",12813874176.0,,22.345678,2.37,0.9028400000000001,-0.05806,0.52394,0.09267,132511376.0,,0.0
SW,False,25.43871580835943,"graham_current_ratio,graham_pe,graham_pe_times_pb,munger_roe,munger_gross_margin",25806528512.0,52.340427,1.4308149,1.447,0.78427,0.02715,0.18160999,0.05466,1215000064.0,0.0362,4.0
AZO,False,25.4293350952381,"data_missing:market_cap,data_missing:debt_to_equity,data_missing:return_on_equity,graham_current_ratio,graham_pe,graham_pe_times_pb",,20.830593,-17.796087,0.89,,,0.51754004,0.19082001,903784256.0,,4.0
SITM,False,25.417523212050792,"graham_debt_to_equity,graham_earnings_stability,graham_pe,graham_pe_times_pb,munger_roe",20693573632.0,1114.2097,15.733841,19.445,1.2941900000000002,0.013259999,0.58714,0.10623,24747500.0,,0.0
BANF,False,25.250999999999994,"data_missing:current_ratio,data_missing:debt_to_equity,data_missing:free_cash_flow,graham_pe_times_pb,munger_roe,munger_gross_margin",3894094592.0,15.453334,1.9897337,,,0.13668,0.0,0.50523,,0.0169,4.0
HUM,False,25.240412169021376,"data_missing:price_to_book,graham_pe,munger_roe,munger_gross_margin",46181683200.0,36.732567,,1.742,0.76485,0.06893,0.13653,0.034649998,1940999936.0,0.0092,4.0
REZI,False,25.231238095238094,"graham_debt_to_equity,graham_earnings_stability,munger_gross_margin,munger_fcf",3061838848.0,9.911764,1.2548094,2.223,1.1843000000000001,0.15196,0.29561,0.09288,-1820749952.0,,0.0
DAL,False,25.224447619047623,"data_missing:market_cap,graham_current_ratio,graham_pe_times_pb,munger_gross_margin",,14.65579,2.6936107,0.424,0.96649,0.20125,0.187,0.07921,2817374976.0,0.0085,4.0
UNFI,False,24.969857142857144,"data_missing:trailing_pe,graham_current_ratio,graham_debt_to_equity,graham_earnings_stability,munger_roe,munger_gross_margin",2922469376.0,,1.8343083,1.328,1.97248,-0.02296,0.13494,0.01101,482500000.0,,0.0
GXO,False,24.967915892270216,"graham_current_ratio,graham_debt_to_equity,graham_pe,graham_pe_times_pb,munger_roe,munger_gross_margin",5593662464.0,43.026546,1.8681319,0.789,2.02482,0.04502,0.15255,0.029930001,340624992.0,,4.0
GPI,False,24.932306076248896,"graham_current_ratio,graham_debt_to_equity,munger_roe,munger_gross_margin",3109077760.0,10.920436,1.0421029,1.02,1.95668,0.0949,0.15946001,0.03827,135050000.0,0.0083,4.0
BROS,False,24.852908643040426,"graham_current_ratio,graham_debt_to_equity,graham_earnings_stability,graham_pe,graham_pe_times_pb,munger_roe,munger_gross_margin",9059081216.0,72.02778,8.964564,1.35,1.23827,0.14562,0.25097,0.12876001,1719625.0,,3.0
MRTN,False,24.795783666666665,"graham_size,graham_pe,graham_pe_times_pb,munger_roe,munger_gross_margin,munger_fcf",1251056768.0,102.13332,1.6332622,2.503,0.00047,0.01646,0.22690001,0.02345,-5991125.0,0.016,4.0
WAL,False,24.764249999999997,"data_missing:current_ratio,data_missing:debt_to_equity,data_missing:free_cash_flow,munger_roe,munger_gross_margin",9003002880.0,9.313769,1.2156748,,,0.13019,0.0,0.39363998,,0.0206,4.0
BOH,False,24.76275,"data_missing:current_ratio,data_missing:debt_to_equity,data_missing:free_cash_flow,graham_pe_times_pb,munger_roe,munger_gross_margin",3170825472.0,14.93959,2.0712538,,,0.13017,0.0,0.44022,,0.0351,4.0
DY,False,24.73110680952381,"data_missing:market_cap,graham_debt_to_equity,graham_pe,graham_pe_times_pb,munger_gross_margin",,39.525116,6.5606008,2.584,1.58196,0.19699,0.20462999,0.07317,288279744.0,,4.0
IBOC,False,24.69,"data_missing:current_ratio,data_missing:debt_to_equity,data_missing:free_cash_flow,munger_roe,munger_gross_margin",4548065280.0,10.914926,1.3829685,,,0.1292,0.0,0.60488,,0.0199,4.0
CASH,False,24.677142857142854,"data_missing:current_ratio,data_missing:debt_to_equity,data_missing:free_cash_flow,graham_size,munger_gross_margin",1791183104.0,10.791615,2.1304326,,,0.21176,0.0,0.20522,,0.0023,4.0
OI,False,24.647321878158692,"data_missing:trailing_pe,graham_size,graham_current_ratio,graham_debt_to_equity,graham_earnings_stability,munger_roe,munger_gross_margin",1047191168.0,,2.7336543,1.261,9.25046,-1.18344,0.14827,0.07194,69625000.0,,0.0
SYNA,False,24.642710211707346,"data_missing:trailing_pe,graham_current_ratio,graham_earnings_stability,munger_roe",4210648832.0,,4.5249,1.122,0.9433,-0.42229998,0.44721,-0.02792,149650000.0,,0.0
AMR,False,24.61981906618002,"data_missing:trailing_pe,graham_earnings_stability,munger_roe,munger_gross_margin",2051025664.0,,1.3691262,3.405,0.0076100000000000004,-0.0296,0.10018,-0.02903,52462248.0,,0.0
PNC,False,24.46725,"data_missing:current_ratio,data_missing:debt_to_equity,data_missing:free_cash_flow,munger_roe,munger_gross_margin",102499115008.0,14.138141,1.7884544,,,0.12623,0.0,0.38689,,0.0313,4.0
USB,False,24.46725,"data_missing:current_ratio,data_missing:debt_to_equity,data_missing:free_cash_flow,munger_roe,munger_gross_margin",101826461696.0,13.04491,1.6796023,,,0.12623,0.0,0.39646998,,0.032,4.0
NSP,False,24.4502380952381,"data_missing:trailing_pe,graham_size,graham_current_ratio,graham_debt_to_equity,graham_earnings_stability,munger_roe,munger_gross_margin",1987299968.0,,32.579838,1.113,7.836069999999999,-0.18496999,0.12893,0.00356,195124992.0,0.0446,0.0
PRK,False,24.43875,"data_missing:current_ratio,data_missing:debt_to_equity,data_missing:free_cash_flow,graham_pe_times_pb,munger_roe,munger_gross_margin",3765655040.0,18.464128,2.1810002,,,0.12585,0.0,0.46613997,,0.0212,4.0
RYN,False,24.432023809523812,"data_missing:market_cap,graham_pe,graham_pe_times_pb,munger_roe,munger_gross_margin",,47.010868,1.2389001,3.562,0.36024999999999996,0.02015,0.24815,0.1179,111029624.0,0.0478,4.0
WFC,False,24.43125,"data_missing:current_ratio,data_missing:debt_to_equity,data_missing:free_cash_flow,munger_roe,munger_gross_margin",267442503680.0,12.967742,1.6625936,,,0.12575,0.0,0.37387002,,0.0227,4.0
PI,False,24.43114846256974,"data_missing:trailing_pe,graham_debt_to_equity,graham_earnings_stability,munger_roe",5283927040.0,,22.811634,3.277,1.15143,-0.12875,0.52856,0.09693,56185876.0,,0.0
WABC,False,24.3645,"data_missing:current_ratio,data_missing:debt_to_equity,data_missing:free_cash_flow,graham_size,munger_roe,munger_gross_margin",1389904640.0,13.188597,1.6214613,,,0.12486,0.0,0.60288,,0.0321,4.0
UMBF,False,24.231749999999998,"data_missing:current_ratio,data_missing:debt_to_equity,data_missing:free_cash_flow,munger_roe,munger_gross_margin",11520100352.0,12.483951,1.5570976,,,0.12309,0.0,0.51058,,0.0134,4.0
WTFC,False,24.156,"data_missing:current_ratio,data_missing:debt_to_equity,data_missing:free_cash_flow,munger_roe,munger_gross_margin",10970274816.0,13.062652,1.5938805,,,0.12208,0.0,0.46085998,,0.013500000000000002,4.0
LHX,False,24.120614457142857,"data_missing:current_ratio,data_missing:return_on_equity,data_missing:free_cash_flow,graham_pe,graham_pe_times_pb",54298320896.0,29.483315,2.837003,,0.34574,,0.30414,0.097270004,,0.0172,4.0
IFF,False,24.11189761904762,"data_missing:trailing_pe,graham_earnings_stability,munger_roe,munger_fcf",21302470656.0,,1.5251265,2.061,0.44821,-0.05548,0.36583,0.08495,-1720999936.0,0.019,0.0
TRIP,False,24.044428571428572,"data_missing:trailing_pe,graham_size,graham_debt_to_equity,munger_roe,munger_fcf",1266591360.0,,2.0296476,1.561,1.34928,-0.00233,0.63966,0.09437,-101500000.0,,4.0
MTRN,False,23.954406448954806,"graham_pe,graham_pe_times_pb,munger_roe,munger_gross_margin",5942819840.0,66.491844,6.2004128,2.941,0.51424,0.09458999,0.16011,0.08574,13363875.0,0.0021,4.0
WSFS,False,23.925749999999997,"data_missing:current_ratio,data_missing:debt_to_equity,data_missing:free_cash_flow,munger_roe,munger_gross_margin",4206621696.0,13.7348995,1.5668786,,,0.11901,0.0,0.41717,,0.009899999999999999,4.0
MDU,False,23.914511529761903,"graham_current_ratio,graham_pe,graham_pe_times_pb,munger_roe,munger_fcf",4333198848.0,21.914894,1.4804169,0.992,0.8805,0.068909995,0.3475,0.12531,-478334112.0,0.0273,4.0
RF,False,23.900249549999998,"data_missing:current_ratio,data_missing:debt_to_equity,data_missing:free_cash_flow,munger_roe,munger_gross_margin",27121176576.0,12.941056,1.5538362,,,0.118669994,0.0,0.39314997,,0.0347,4.0
DTE,False,23.89369004761905,"graham_current_ratio,graham_debt_to_equity,graham_pe,graham_pe_times_pb,munger_roe,munger_gross_margin,munger_fcf",29225967616.0,22.2231,2.4056249,0.802,2.2906,0.1103,0.29347,0.13623999,-2596624896.0,0.0334,4.0
XHR,False,23.858587805602284,"data_missing:trailing_pe,graham_size,graham_debt_to_equity,munger_roe,munger_gross_margin",1907337344.0,,1.6023937,2.198,1.18285,-0.0063300002,0.26128998,0.13129,72648248.0,0.0294,4.0
BJRI,False,23.84174669636238,"graham_size,graham_current_ratio,graham_debt_to_equity,graham_pe,graham_pe_times_pb,munger_roe,munger_gross_margin",1423214848.0,35.396828,3.565338,0.289,1.09378,0.104399994,0.15534,0.05006,49461376.0,,4.0
MBIN,False,23.799749999999996,"data_missing:current_ratio,data_missing:debt_to_equity,data_missing:free_cash_flow,munger_roe,munger_gross_margin",2533485056.0,11.074298,1.3750031,,,0.11733,0.0,0.61074,,0.008,4.0
CATY,False,23.77950045,"data_missing:current_ratio,data_missing:debt_to_equity,data_missing:free_cash_flow,munger_roe,munger_gross_margin",4339734016.0,12.729941,1.4268168,,,0.117060006,0.0,0.62619996,,0.0223,4.0
SR,False,23.766975073809522,"graham_current_ratio,graham_debt_to_equity,munger_roe,munger_fcf",4880353280.0,18.225164,1.3619716,0.37,2.02612,0.081099994,0.43965998,0.07068,-326512512.0,0.0398,4.0
CBU,False,23.6475,"data_missing:current_ratio,data_missing:debt_to_equity,data_missing:free_cash_flow,munger_roe,munger_gross_margin",3460284928.0,15.2587,1.6688658,,,0.1153,0.0,0.39207,,0.0292,4.0
HII,False,23.60581979761905,"graham_current_ratio,graham_pe_times_pb,munger_roe,munger_gross_margin,munger_fcf",12959384576.0,19.646357,2.4396179,1.23,0.55252,0.12968001,0.124,0.0708,-300249984.0,0.0169,4.0
VSEC,False,23.596892707142857,"graham_pe,graham_pe_times_pb,munger_roe,munger_gross_margin,munger_fcf",6632594944.0,79.57239,2.2607956,3.768,0.34965,0.042659998,0.15621,0.12682,-260715008.0,0.0017000000000000001,4.0
CMC,False,23.596325440476193,"data_missing:market_cap,munger_roe,munger_gross_margin",,13.652174,1.764045,2.326,0.7998099999999999,0.13791999,0.18565,0.09476,134061248.0,0.0111,4.0
FHN,False,23.58975,"data_missing:current_ratio,data_missing:debt_to_equity,data_missing:free_cash_flow,munger_roe,munger_gross_margin",12420068352.0,12.603366,1.4642798,,,0.11453,0.0,0.41284,,0.026099999999999998,4.0
NBTB,False,23.568,"data_missing:current_ratio,data_missing:debt_to_equity,data_missing:free_cash_flow,munger_roe,munger_gross_margin",2798150400.0,13.090024,1.4388874,,,0.11424,0.0,0.41447,,0.03,4.0
PATK,False,23.55061240289781,"graham_debt_to_equity,graham_pe,graham_pe_times_pb,munger_roe,munger_gross_margin",2746439168.0,20.359573,2.428646,2.668,1.46006,0.12953,0.23055,0.07395,32754876.0,0.0216,4.0
TSLA,False,23.540280258943152,"graham_pe,graham_pe_times_pb,munger_roe,munger_gross_margin",1331945406464.0,301.10715,15.332575,1.941,0.18373,0.046669997,0.18852,0.014099999,4835999744.0,,4.0
HAFC,False,23.508,"data_missing:current_ratio,data_missing:debt_to_equity,data_missing:free_cash_flow,graham_size,munger_roe,munger_gross_margin",967158720.0,10.983165,1.1809,,,0.11344,0.0,0.45029998,,0.0345,4.0
OZK,False,23.4967503,"data_missing:current_ratio,data_missing:debt_to_equity,data_missing:free_cash_flow,munger_roe,munger_gross_margin",5728160256.0,8.668943,0.9645069,,,0.113290004,0.0,0.55609,,0.0356,4.0
SHEN,False,23.43785,"data_missing:trailing_pe,graham_size,graham_current_ratio,graham_earnings_stability,munger_roe,munger_fcf",739118528.0,,0.8595159,0.852,0.77081,-0.03941,0.64852995,-0.00944,-236001120.0,0.0084,0.0
BAC,False,23.399250375,"data_missing:current_ratio,data_missing:debt_to_equity,data_missing:free_cash_flow,munger_roe,munger_gross_margin",450717614080.0,14.885682,1.6383256,,,0.111990005,0.0,0.38305,,0.02,4.0
PFS,False,23.354999999999997,"data_missing:current_ratio,data_missing:debt_to_equity,data_missing:free_cash_flow,munger_roe,munger_gross_margin",3229264128.0,10.316667,1.1270427,,,0.1114,0.0,0.5227,,0.0384,4.0
TRMK,False,23.339250449999998,"data_missing:current_ratio,data_missing:debt_to_equity,data_missing:free_cash_flow,munger_roe,munger_gross_margin",2820452352.0,12.294415,1.3473146,,,0.111190006,0.0,0.36776,,0.0208,4.0
HOMB,False,23.329499999999996,"data_missing:current_ratio,data_missing:debt_to_equity,data_missing:free_cash_flow,munger_roe,munger_gross_margin",6305564672.0,13.024794,1.3894645,,,0.11106,0.0,0.57611,,0.0276,4.0
FULT,False,23.32575,"data_missing:current_ratio,data_missing:debt_to_equity,data_missing:free_cash_flow,munger_roe,munger_gross_margin",4726214656.0,11.811005,1.3044971,,,0.11101,0.0,0.42348,,0.031,4.0
FBK,False,23.31,"data_missing:current_ratio,data_missing:debt_to_equity,data_missing:free_cash_flow,munger_roe,munger_gross_margin",3093646592.0,16.375662,1.5974606,,,0.1108,0.0,0.45556,,0.013500000000000002,4.0
COLB,False,23.270999999999997,"data_missing:current_ratio,data_missing:debt_to_equity,data_missing:free_cash_flow,munger_roe,munger_gross_margin",9239587840.0,12.858268,1.2230836,,,0.11028,0.0,0.50923,,0.045599999999999995,4.0
FCF,False,23.1802497,"data_missing:current_ratio,data_missing:debt_to_equity,data_missing:free_cash_flow,munger_roe,munger_gross_margin",2185839616.0,13.189024,1.3882291,,,0.109069996,0.0,0.45363998,,0.0259,4.0
BANR,False,23.086499999999997,"data_missing:current_ratio,data_missing:debt_to_equity,data_missing:free_cash_flow,munger_roe,munger_gross_margin",2509785344.0,12.146381,1.2553546,,,0.10782,0.0,0.37702,,0.0277,4.0
MTB,False,23.0565,"data_missing:current_ratio,data_missing:debt_to_equity,data_missing:free_cash_flow,munger_roe,munger_gross_margin",36827590656.0,13.514043,1.4486735,,,0.10742,0.0,0.45108002,,0.023700000000000002,4.0
ROAD,False,23.017923471136683,"graham_debt_to_equity,graham_pe,graham_pe_times_pb,munger_gross_margin",6873665536.0,48.638554,6.9884596,1.566,1.81754,0.15048,0.15759,0.10667,52442000.0,,4.0
WBS,False,23.011499999999995,"data_missing:current_ratio,data_missing:debt_to_equity,data_missing:free_cash_flow,munger_roe,munger_gross_margin",12808743936.0,12.874594,1.3789555,,,0.10682,0.0,0.50575,,0.0202,4.0
WCC,False,23.001208107109537,"graham_debt_to_equity,graham_pe,graham_pe_times_pb,munger_roe,munger_gross_margin",17481449472.0,24.824913,3.4690108,2.091,1.2865,0.14308,0.21395001,0.06082,177050000.0,0.005600000000000001,4.0
MRCY,False,22.956288440025048,"data_missing:trailing_pe,graham_earnings_stability,munger_roe,munger_gross_margin",6570536448.0,,4.4062815,3.186,0.44426000000000004,-0.00963,0.28683,0.031630002,97339000.0,,0.0
ONB,False,22.9559997,"data_missing:current_ratio,data_missing:debt_to_equity,data_missing:free_cash_flow,munger_roe,munger_gross_margin",10430770176.0,12.064159,1.2485689,,,0.106079996,0.0,0.52542,,0.021400000000000002,4.0
SSB,False,22.948499549999994,"data_missing:current_ratio,data_missing:debt_to_equity,data_missing:free_cash_flow,munger_roe,munger_gross_margin",10836903936.0,11.738445,1.1867214,,,0.105979994,0.0,0.50514,,0.0239,4.0
MP,False,22.898366666666664,"data_missing:trailing_pe,graham_earnings_stability,munger_roe,munger_fcf",10655817728.0,,5.4037213,9.51,0.41402,-0.03585,0.42326,-0.1472,-432948864.0,,0.0
WKC,False,22.86007458267914,"data_missing:trailing_pe,graham_size,graham_current_ratio,graham_earnings_stability,munger_roe,munger_gross_margin",1876752896.0,,1.6541929,1.058,0.58819,-0.12264,0.026889998,0.00753,116087504.0,0.0248,0.0
SEDG,False,22.789029919507414,"data_missing:trailing_pe,graham_earnings_stability,munger_roe,munger_gross_margin",2007585280.0,,4.831927,2.03,0.9885200000000001,-0.58424,0.2225,-0.026789999,122062496.0,,0.0
STWD,False,22.76675,"data_missing:free_cash_flow,graham_debt_to_equity,graham_pe,munger_roe",6256693760.0,27.92373,0.91634685,12.868,3.3111900000000003,0.03689,0.86453,-0.05869,,0.1174,4.0
PAG,False,22.75667400527071,"graham_current_ratio,graham_debt_to_equity,graham_pe_times_pb,munger_gross_margin",14377213952.0,15.866304,2.4723077,0.975,1.6064699999999998,0.15842,0.16149001,0.03966,218100000.0,0.0263,4.0
FHB,False,22.741499249999997,"data_missing:current_ratio,data_missing:debt_to_equity,data_missing:free_cash_flow,munger_roe,munger_gross_margin",3385155072.0,12.095653,1.1978471,,,0.10321999,0.0,0.43712002,,0.0373,4.0
FFBC,False,22.714499999999997,"data_missing:current_ratio,data_missing:debt_to_equity,data_missing:free_cash_flow,munger_roe,munger_gross_margin",3614605824.0,12.082457,1.2097738,,,0.10286,0.0,0.39804,,0.0296,4.0
UCB,False,22.703249999999997,"data_missing:current_ratio,data_missing:debt_to_equity,data_missing:free_cash_flow,munger_roe,munger_gross_margin",4418087424.0,12.055555,1.1797249,,,0.10271,0.0,0.50902003,,0.0275,4.0
KTOS,False,22.680083258333333,"graham_earnings_stability,graham_pe,graham_pe_times_pb,munger_roe,munger_gross_margin,munger_fcf",12081744896.0,378.58823,3.522522,5.541,0.0565,0.011469999,0.23002,-0.00174,-118287504.0,,2.0
TCBI,False,22.641,"data_missing:current_ratio,data_missing:debt_to_equity,data_missing:free_cash_flow,munger_roe,munger_gross_margin",4401345024.0,13.165149,1.3372607,,,0.10188,0.0,0.36721,,0.0079,4.0
KEY,False,22.623214285714287,"data_missing:current_ratio,data_missing:debt_to_equity,data_missing:free_cash_flow,graham_earnings_stability,munger_roe,munger_gross_margin",24908734464.0,13.587719,1.439948,,,0.1033,0.0,0.3471,,0.0358,1.0
FLEX,False,22.50786822696462,"graham_current_ratio,graham_debt_to_equity,graham_pe,graham_pe_times_pb,munger_gross_margin",45772722176.0,47.8417,8.321692,1.38,1.07818,0.18378,0.0953,0.0497,625750016.0,,4.0
AGNT,False,22.45257156190476,"data_missing:trailing_pe,data_missing:debt_to_equity,graham_size,graham_earnings_stability,munger_roe,munger_gross_margin",737825664.0,,2.6264129,1.515,,-0.06887,0.068280004,0.00412,98850248.0,0.046799999999999994,0.0
STBA,False,22.404,"data_missing:current_ratio,data_missing:debt_to_equity,data_missing:free_cash_flow,graham_size,munger_roe,munger_gross_margin",1813351552.0,13.6392565,1.2917001,,,0.09872,0.0,0.44693002,,0.0287,4.0
LPX,False,22.347616666666664,"graham_pe,graham_pe_times_pb,munger_roe,munger_gross_margin,munger_fcf",5172934144.0,96.07793,2.969415,3.221,0.21617,0.03098,0.18023,0.05271,-96000000.0,0.016200000000000003,4.0
AUB,False,22.31925,"data_missing:current_ratio,data_missing:debt_to_equity,data_missing:free_cash_flow,munger_roe,munger_gross_margin",6135327744.0,12.524781,1.183145,,,0.09759,0.0,0.56057,,0.0347,4.0
HWC,False,22.278000374999998,"data_missing:current_ratio,data_missing:debt_to_equity,data_missing:free_cash_flow,munger_roe,munger_gross_margin",6421855744.0,15.696079,1.4494722,,,0.097040005,0.0,0.4386,,0.0252,4.0
ASB,False,22.271249625,"data_missing:current_ratio,data_missing:debt_to_equity,data_missing:free_cash_flow,munger_roe,munger_gross_margin",6112119808.0,11.316435,1.1078213,,,0.096949995,0.0,0.41342998,,0.029900000000000003,4.0
TRST,False,22.23675,"data_missing:current_ratio,data_missing:debt_to_equity,data_missing:free_cash_flow,graham_size,munger_roe,munger_gross_margin",976370624.0,15.927778,1.4883841,,,0.09649,0.0,0.46668997,,0.0269,4.0
HGV,False,22.22595238095238,"graham_debt_to_equity,graham_pe,graham_pe_times_pb,munger_roe,munger_gross_margin,munger_fcf",3551216128.0,25.960226,3.2346902,4.814,6.2408600000000005,0.11456,0.24617,0.12666,-127000000.0,,4.0
SCL,False,22.212926844331246,"data_missing:trailing_pe,graham_size,graham_current_ratio,munger_roe,munger_gross_margin",1481022336.0,,1.2317938,1.151,0.5836,-0.0021600001,0.11812,0.0619,55548624.0,0.024300000000000002,4.0
FIBK,False,22.212749249999998,"data_missing:current_ratio,data_missing:debt_to_equity,data_missing:free_cash_flow,munger_roe,munger_gross_margin",3734034688.0,12.055385,1.126704,,,0.09616999,0.0,0.43242002,,0.0484,4.0
SAH,False,22.15477380952381,"graham_current_ratio,graham_debt_to_equity,graham_pe_times_pb,munger_gross_margin,munger_fcf",2544201216.0,12.814489,2.4801986,1.012,4.55519,0.20631,0.15704,0.03376,-116075000.0,0.0202,4.0
UBSI,False,22.1055,"data_missing:current_ratio,data_missing:debt_to_equity,data_missing:free_cash_flow,munger_roe,munger_gross_margin",6710512640.0,13.423705,1.2509522,,,0.09474,0.0,0.53079,,0.0311,4.0
WD,False,22.098714210714284,"data_missing:free_cash_flow,graham_size,graham_debt_to_equity,graham_pe,graham_pe_times_pb,munger_roe",1479326208.0,38.13867,0.83992785,1.574,1.3645699999999998,0.023599999,1.0,0.00767,,0.0636,4.0
EBC,False,22.0815,"data_missing:current_ratio,data_missing:debt_to_equity,data_missing:free_cash_flow,munger_roe,munger_gross_margin",5412296192.0,13.231844,1.2069404,,,0.09442,0.0,0.50124,,0.023799999999999998,4.0
ABCB,False,22.048499999999997,"data_missing:current_ratio,data_missing:debt_to_equity,data_missing:free_cash_flow,munger_roe,munger_gross_margin",6032941056.0,16.25678,1.4698429,,,0.09398,0.0,0.50194,,0.0089,4.0
AES,False,21.93988132738095,"graham_current_ratio,graham_debt_to_equity,graham_earnings_stability,munger_roe,munger_gross_margin,munger_fcf",10516228096.0,5.520674,2.127013,0.746,2.5688600000000004,0.095740005,0.2027,0.18673,-3089125120.0,0.0478,3.0
VTOL,False,21.89667142857143,"graham_size,graham_earnings_stability,munger_roe,munger_gross_margin,munger_fcf",1382354560.0,13.400862,1.2690831,2.26,0.89036,0.10082,0.27201,0.08455,-34202124.0,0.0108,2.0
BKU,False,21.89099925,"data_missing:current_ratio,data_missing:debt_to_equity,data_missing:free_cash_flow,munger_roe,munger_gross_margin",3431969792.0,13.236263,1.1594552,,,0.09187999,0.0,0.37060001,,0.0276,4.0
CAH,False,21.851333376190478,"data_missing:debt_to_equity,data_missing:return_on_equity,graham_current_ratio,graham_earnings_stability,graham_pe,graham_pe_times_pb,munger_gross_margin",54094786560.0,32.12569,-18.79819,0.883,,,0.03844,0.013300001,4752500224.0,0.0089,3.0
AVAV,False,21.80115952380952,"data_missing:trailing_pe,graham_earnings_stability,munger_roe,munger_gross_margin,munger_fcf",9783038976.0,,2.215054,4.304,0.18971,-0.10029,0.25325,0.02812,-251387504.0,,0.0
TFC,False,21.794249999999998,"data_missing:current_ratio,data_missing:debt_to_equity,data_missing:free_cash_flow,graham_earnings_stability,munger_roe,munger_gross_margin",64941649920.0,12.136986,1.106624,,,0.09059,0.0,0.39815,,0.0393,2.0
FNB,False,21.78,"data_missing:current_ratio,data_missing:debt_to_equity,data_missing:free_cash_flow,munger_roe,munger_gross_margin",6927057920.0,11.583333,1.0060487,,,0.0904,0.0,0.44671002,,0.0269,4.0
HBAN,False,21.7515,"data_missing:current_ratio,data_missing:debt_to_equity,data_missing:free_cash_flow,munger_roe,munger_gross_margin",36195733504.0,13.887598,1.216969,,,0.09002,0.0,0.41932,,0.0349,4.0
SBSI,False,21.746249625,"data_missing:current_ratio,data_missing:debt_to_equity,data_missing:free_cash_flow,graham_size,munger_roe,munger_gross_margin",980682560.0,12.901961,1.1111112,,,0.089949995,0.0,0.47232,,0.044800000000000006,4.0
WSBC,False,21.734999249999998,"data_missing:current_ratio,data_missing:debt_to_equity,data_missing:free_cash_flow,munger_roe,munger_gross_margin",4114362624.0,12.187501,1.0823494,,,0.08979999,0.0,0.48699,,0.0356,4.0
MATW,False,21.72302529130676,"graham_size,graham_debt_to_equity,graham_earnings_stability,graham_pe,graham_pe_times_pb,munger_roe",727952896.0,77.76666,1.4984906,1.756,1.2932,-0.05874,0.37884,-0.02657,26483000.0,0.043899999999999995,0.0
VLY,False,21.71475,"data_missing:current_ratio,data_missing:debt_to_equity,data_missing:free_cash_flow,munger_roe,munger_gross_margin",8311238144.0,12.745848,1.1154861,,,0.08953,0.0,0.46787998,,0.029300000000000003,4.0
NIC,False,21.68024925,"data_missing:current_ratio,data_missing:debt_to_equity,data_missing:free_cash_flow,graham_pe,graham_pe_times_pb,munger_roe,munger_gross_margin",3759568128.0,20.088465,1.6561115,,,0.08906999,0.0,0.52892,,0.0077,4.0
APD,False,21.646583333333336,"data_missing:trailing_pe,graham_current_ratio,graham_debt_to_equity,graham_earnings_stability,munger_roe,munger_fcf",68188536832.0,,4.911383,1.085,1.1009099999999998,0.00023,0.32056,0.25536,-3762062592.0,0.023799999999999998,0.0
SHAK,False,21.587428571428575,"graham_debt_to_equity,graham_earnings_stability,graham_pe,graham_pe_times_pb,munger_roe,munger_fcf",3217811968.0,79.17368,5.578506,1.668,1.66579,0.0794,0.4038,0.05069,-41693376.0,,3.0
PFGC,False,21.583991983623235,"graham_debt_to_equity,graham_pe,graham_pe_times_pb,munger_roe,munger_gross_margin",16699943936.0,46.427948,3.3874977,1.514,1.58849,0.076680005,0.12575,0.02229,713825024.0,,4.0
DCOM,False,21.552,"data_missing:current_ratio,data_missing:debt_to_equity,data_missing:free_cash_flow,graham_size,munger_roe,munger_gross_margin",1818147840.0,14.811151,1.2951372,,,0.08736,0.0,0.44626,,0.024399999999999998,4.0
VVX,False,21.53368160498159,"graham_current_ratio,graham_earnings_stability,graham_pe,graham_pe_times_pb,munger_roe,munger_gross_margin",2596649216.0,28.664358,2.3504043,1.318,0.97529,0.08349,0.08473,0.04282,106377504.0,,2.0
ABR,False,21.481250000000003,"data_missing:free_cash_flow,graham_size,graham_debt_to_equity,graham_pe,munger_roe",1049118784.0,57.5,0.4561079,2.095,3.86741,0.01975,0.79161,-0.12729,,0.1787,4.0
ARMK,False,21.461748211883165,"graham_current_ratio,graham_debt_to_equity,graham_pe,graham_pe_times_pb,munger_roe,munger_gross_margin",16413294592.0,43.538464,4.834977,1.285,1.8672399999999998,0.11694,0.15292,0.04422,374142496.0,0.0079,4.0
HTLD,False,21.44963266666667,"data_missing:trailing_pe,graham_size,graham_earnings_stability,munger_roe,munger_gross_margin,munger_fcf",997590592.0,,1.3190184,1.585,0.19358,-0.028469998,0.28059998,-0.04617,-80482624.0,0.0063,0.0
AAL,False,21.44234493065787,"data_missing:trailing_pe,data_missing:debt_to_equity,data_missing:return_on_equity,graham_current_ratio,munger_gross_margin",9866661888.0,,-2.4837527,0.534,,,0.21239,0.02814,519249984.0,,4.0
NWBI,False,21.428250300000002,"data_missing:current_ratio,data_missing:debt_to_equity,data_missing:free_cash_flow,munger_roe,munger_gross_margin",2319652864.0,15.383496,1.2034787,,,0.085710004,0.0,0.41568002,,0.0509,4.0
C,False,21.396749999999997,"data_missing:current_ratio,data_missing:debt_to_equity,data_missing:free_cash_flow,munger_roe,munger_gross_margin",233742434304.0,14.887287,1.2144625,,,0.08529,0.0,0.36229,,0.019299999999999998,4.0
WAFD,False,21.37275,"data_missing:current_ratio,data_missing:debt_to_equity,data_missing:free_cash_flow,munger_roe,munger_gross_margin",2817738752.0,11.974843,1.0343891,,,0.08497,0.0,0.46126997,,0.0286,4.0
FITB,False,21.328500000000002,"data_missing:current_ratio,data_missing:debt_to_equity,data_missing:free_cash_flow,graham_pe_times_pb,munger_roe,munger_gross_margin",52808351744.0,19.60606,1.6343427,,,0.08438,0.0,0.39078,,0.0276,4.0
BBT,False,21.317250449999996,"data_missing:current_ratio,data_missing:debt_to_equity,data_missing:free_cash_flow,munger_roe,munger_gross_margin",2685886464.0,10.404221,1.0644411,,,0.084230006,0.0,0.46051997,,0.039900000000000005,4.0
UNIT,False,21.262666666666668,"data_missing:return_on_equity,graham_current_ratio,graham_debt_to_equity,graham_earnings_stability,munger_fcf",2412687872.0,2.5885415,7.547456,1.222,68.69969,,0.5846,0.04144,-258078000.0,,2.0
STT,False,21.24975,"data_missing:current_ratio,data_missing:debt_to_equity,data_missing:free_cash_flow,graham_pe_times_pb,munger_roe,munger_gross_margin",52424081408.0,16.858658,2.1933615,,,0.12437,0.0,0.27818,,0.0194,4.0
CFG,False,21.20250075,"data_missing:current_ratio,data_missing:debt_to_equity,data_missing:free_cash_flow,munger_roe,munger_gross_margin",31482966016.0,16.285402,1.3125318,,,0.08270001,0.0,0.35132998,,0.0248,4.0
COF,False,21.18567857142857,"data_missing:current_ratio,data_missing:debt_to_equity,data_missing:free_cash_flow,munger_roe,munger_gross_margin",139635294208.0,12.540496,1.3559595,,,0.09031,0.0,0.33629,,0.0143,4.0
INDB,False,21.17925,"data_missing:current_ratio,data_missing:debt_to_equity,data_missing:free_cash_flow,munger_roe,munger_gross_margin",4079900416.0,15.575044,1.167706,,,0.08239,0.0,0.47252,,0.0288,4.0
RNST,False,21.1575003,"data_missing:current_ratio,data_missing:debt_to_equity,data_missing:free_cash_flow,munger_roe,munger_gross_margin",3991175936.0,12.767544,1.0309291,,,0.082100004,0.0,0.43483,,0.0219,4.0
GEF,False,21.12164285714286,"data_missing:return_on_equity,data_missing:free_cash_flow,graham_current_ratio,graham_pe,graham_pe_times_pb,munger_gross_margin",4996668928.0,36.320244,1.6637012,1.289,0.39409999999999995,,0.22521,0.10561,,0.026000000000000002,4.0
FBNC,False,21.108,"data_missing:current_ratio,data_missing:debt_to_equity,data_missing:free_cash_flow,graham_pe,graham_pe_times_pb,munger_roe,munger_gross_margin",2755936768.0,20.686335,1.6056019,,,0.08144,0.0,0.51192003,,0.0146,4.0
CXW,False,21.06668444836249,"graham_current_ratio,graham_pe,graham_pe_times_pb,munger_roe,munger_gross_margin",3193270784.0,25.626986,2.2198544,1.319,0.95487,0.08772001,0.2258,0.101789996,24545250.0,,4.0
CFFN,False,21.0097497,"data_missing:current_ratio,data_missing:debt_to_equity,data_missing:free_cash_flow,graham_size,graham_earnings_stability,munger_roe,munger_gross_margin",1089352192.0,13.584616,1.0651387,,,0.080129996,0.0,0.50087,,0.0385,2.0
VSTS,False,20.97261875751753,"data_missing:trailing_pe,graham_size,graham_debt_to_equity,graham_earnings_stability,munger_roe,munger_gross_margin",1784161408.0,,2.0563595,2.166,1.52545,-0.00602,0.26297,0.058709998,69159872.0,0.0175,0.0
GBCI,False,20.9595,"data_missing:current_ratio,data_missing:debt_to_equity,data_missing:free_cash_flow,graham_pe,graham_pe_times_pb,munger_roe,munger_gross_margin",6511248896.0,20.493853,1.5095394,,,0.07946,0.0,0.44305,,0.0268,4.0
CVBF,False,20.736749999999997,"data_missing:current_ratio,data_missing:debt_to_equity,data_missing:free_cash_flow,munger_roe,munger_gross_margin",4091940352.0,16.145832,1.2928159,,,0.07649,0.0,0.55747,,0.0348,4.0
PNFP,False,20.735999999999997,"data_missing:current_ratio,data_missing:debt_to_equity,data_missing:free_cash_flow,munger_roe,munger_gross_margin",16274075648.0,14.772977,1.1531255,,,0.07648,0.0,0.47018,,0.0187,4.0
SNX,False,20.434928571428568,"data_missing:market_cap,graham_current_ratio,graham_pe_times_pb,munger_roe,munger_gross_margin",,18.196415,2.2501152,1.199,0.52735,0.13141,0.07047,0.02661,304888992.0,0.0075,4.0
VSH,False,20.371860436751795,"graham_earnings_stability,graham_pe,graham_pe_times_pb,munger_roe,munger_gross_margin",5316889088.0,173.325,2.2728167,1.802,0.37664000000000003,0.01134,0.20927,0.0581,14999875.0,0.012,0.0
BXMT,False,20.336000000000002,"data_missing:free_cash_flow,graham_debt_to_equity,graham_earnings_stability,graham_pe,graham_pe_times_pb,munger_roe",2455680000.0,182.125,0.76186985,98.576,4.84696,0.00448,1.0,-3.69142,,0.1297,1.0
PB,False,20.303250000000002,"data_missing:current_ratio,data_missing:debt_to_equity,data_missing:free_cash_flow,munger_roe,munger_gross_margin",9005746176.0,12.987435,0.90811324,,,0.07071,0.0,0.58042,,0.0322,4.0
MTZ,False,20.28013776190476,"graham_current_ratio,graham_earnings_stability,graham_pe,graham_pe_times_pb,munger_gross_margin,munger_fcf",23374360576.0,46.42265,6.5348783,1.4,0.89874,0.16176,0.12913999,0.05424,-57898876.0,,2.0
HLX,False,20.261507142857145,"data_missing:market_cap,graham_earnings_stability,graham_pe,graham_pe_times_pb,munger_roe,munger_gross_margin",,43.454586,0.9706003,3.465,0.38543999999999995,0.02191,0.13374,0.11531,296176736.0,,2.0
MET,False,20.169023895238094,"graham_debt_to_equity,graham_pe_times_pb,munger_roe,munger_gross_margin,munger_fcf",62098804736.0,18.720308,2.2710793,2.027,1.7993299999999999,0.13094,0.23951,0.055180002,-20953999360.0,0.024300000000000002,4.0
MOH,False,20.124389922891986,"graham_pe,graham_pe_times_pb,munger_roe,munger_gross_margin",10987969536.0,1315.6094,2.6242645,1.679,0.94773,-0.0016,0.08427,0.01398,700249984.0,,4.0
CWST,False,20.04751013392823,"graham_current_ratio,graham_pe,graham_pe_times_pb,munger_roe",5807154176.0,1140.625,3.675286,0.993,0.9162300000000001,0.00364,0.3342,0.0499,121703752.0,,4.0
ASTE,False,20.020280952380954,"graham_size,graham_earnings_stability,graham_pe,graham_pe_times_pb,munger_roe,munger_gross_margin,munger_fcf",988912960.0,51.20238,1.4351975,2.517,0.57089,0.02859,0.26159,0.06346,-1112500.0,0.0121,3.0
BOX,False,20.0,"data_missing:market_cap,graham_current_ratio,graham_debt_to_equity,graham_pe,graham_pe_times_pb,munger_roe",,51.29688,236.18707,0.76,20.48842,-5.75826,0.69536,-0.22146,152298752.0,,4.0
SLAB,False,20.0,"data_missing:trailing_pe,data_missing:debt_to_equity,graham_earnings_stability,munger_roe,munger_fcf",7295308288.0,,6.561628,5.407,,-0.03628,0.60611,-0.04674,-13706625.0,,0.0
ARWR,False,20.0,"data_missing:trailing_pe,graham_debt_to_equity,graham_earnings_stability,munger_roe,munger_fcf",12013692928.0,,25.788357,5.899,2.95984,-0.55207,1.0,-2.26028,-48628124.0,,0.0
STEP,False,20.0,"data_missing:trailing_pe,graham_current_ratio,graham_debt_to_equity,graham_earnings_stability,munger_roe,munger_gross_margin",6503248896.0,,-7.6939526,0.639,1.26487,-0.61397,-0.48369,-0.54055,2822566144.0,0.0331,0.0
KBH,False,19.812076276190474,"data_missing:market_cap,munger_roe,munger_gross_margin",,13.593674,0.9021767,5.635,0.5264099999999999,0.06989,0.17731,0.036310002,316819744.0,0.0178,4.0
CLSK,False,19.805277332056683,"data_missing:trailing_pe,graham_debt_to_equity,graham_earnings_stability,munger_roe",2952112128.0,,3.876897,5.912,2.34725,-0.68622,0.46993,-1.65191,48898124.0,,1.0
MTUS,False,19.775407217857143,"graham_size,graham_earnings_stability,graham_pe,graham_pe_times_pb,munger_roe,munger_gross_margin,munger_fcf",902558144.0,114.60526,1.327501,1.752,0.021230000000000002,0.011720001,0.08196,0.0346,-62337500.0,,0.0
KR,False,19.708965369047615,"data_missing:market_cap,graham_current_ratio,graham_debt_to_equity,graham_pe,graham_pe_times_pb,munger_roe,munger_gross_margin",,33.233917,6.142456,0.791,3.73449,0.13779001,0.23979001,0.03224,2994500096.0,0.0252,4.0
CNH,False,19.658268855104748,"graham_debt_to_equity,graham_pe,graham_pe_times_pb,munger_roe,munger_gross_margin",16813299712.0,41.82,1.6685286,4.883,3.35044,0.03914,0.17789,0.05538,566249984.0,0.0096,4.0
WERN,False,19.614065955202577,"data_missing:trailing_pe,graham_current_ratio,graham_earnings_stability,munger_roe,munger_gross_margin",2342107904.0,,1.7306329,1.448,0.68379,-0.03909,0.1904,0.025910001,69455872.0,0.014499999999999999,0.0
SBCF,False,19.55025,"data_missing:current_ratio,data_missing:debt_to_equity,data_missing:free_cash_flow,graham_pe,munger_roe,munger_gross_margin",3493366784.0,23.428574,1.2656984,,,0.06067,0.0,0.48815,,0.0212,4.0
KSS,False,19.377036057142856,"data_missing:market_cap,graham_current_ratio,graham_debt_to_equity,graham_earnings_stability,munger_roe",,8.084711,0.5494089,1.482,1.62351,0.069970004,0.40521,0.014520001,807124992.0,0.0255,3.0
SBUX,False,19.213311795094697,"data_missing:debt_to_equity,data_missing:return_on_equity,graham_current_ratio,graham_pe,graham_pe_times_pb,munger_gross_margin",123023097856.0,62.378613,-16.027775,0.76,,,0.22341,0.12919,3065537536.0,0.022799999999999997,4.0
HOPE,False,18.917250300000003,"data_missing:current_ratio,data_missing:debt_to_equity,data_missing:free_cash_flow,graham_size,munger_roe,munger_gross_margin",1849701760.0,14.336634,0.8056529,,,0.056550004,0.0,0.34244,,0.038599999999999995,4.0
AAP,False,18.772333483333334,"data_missing:market_cap,graham_debt_to_equity,graham_earnings_stability,graham_pe,graham_pe_times_pb,munger_roe,munger_fcf",,46.93333,1.5269908,1.778,2.5531,0.030840002,0.44509,0.03787,-228000000.0,0.0187,1.0
AIN,False,18.73266518270101,"data_missing:trailing_pe,graham_size,graham_earnings_stability,munger_roe,munger_gross_margin",1823555584.0,,2.445497,2.238,0.59922,-0.061339997,0.21078,0.11725,4886875.0,0.0175,0.0
ORA,False,18.720785714285718,"graham_current_ratio,graham_debt_to_equity,graham_pe,graham_pe_times_pb,munger_roe,munger_gross_margin,munger_fcf",7070918144.0,56.362747,2.722129,1.046,1.24336,0.04778,0.2793,0.13597,-318099008.0,0.0042,4.0
ICHR,False,18.69980783835404,"data_missing:trailing_pe,graham_earnings_stability,munger_roe,munger_gross_margin",2620672256.0,,3.022201,3.701,0.17809999999999998,-0.051659998,0.12667,0.027590001,10132000.0,,0.0
VSAT,False,18.6983005381217,"data_missing:trailing_pe,graham_debt_to_equity,graham_earnings_stability,munger_roe",11209190400.0,,2.3843293,1.675,1.46805,0.0019,0.33219,0.04441,250167376.0,,0.0
TNDM,False,18.67066666666667,"data_missing:trailing_pe,graham_size,graham_debt_to_equity,graham_earnings_stability,munger_roe,munger_fcf",1587785984.0,,12.170667,3.18,5.66964,-0.48026,0.56012,-0.054180004,-43949124.0,,0.0
MCK,False,18.667737746892993,"data_missing:debt_to_equity,data_missing:return_on_equity,graham_current_ratio,graham_pe,graham_pe_times_pb,munger_gross_margin",100735238144.0,23.788822,-23.637833,0.893,,,0.03633,0.01348,6801249792.0,0.0044,4.0
WY,False,18.558028542238404,"graham_pe,graham_pe_times_pb,munger_roe,munger_gross_margin",17697673216.0,37.204544,1.8757162,1.816,0.57625,0.04974,0.14507,0.080340005,13625000.0,0.0338,4.0
HFWA,False,18.247928571428574,"data_missing:current_ratio,data_missing:debt_to_equity,data_missing:free_cash_flow,graham_size,munger_roe,munger_gross_margin",1226853120.0,14.278572,1.1053156,,,0.07798,0.0,0.28932,,0.0333,4.0
ALLY,False,18.091177714285713,"data_missing:current_ratio,data_missing:debt_to_equity,data_missing:free_cash_flow,munger_roe,munger_gross_margin",13727010816.0,10.617647,1.0168327,,,0.09681,0.0,0.25270998,,0.0271,4.0
ACHC,False,18.03009523809524,"data_missing:trailing_pe,graham_debt_to_equity,graham_earnings_stability,munger_roe,munger_fcf",2846075392.0,,1.4035813,1.572,1.1805700000000001,-0.41445,0.41057,0.10137,-104957000.0,,0.0
HONA,False,17.804809523809524,"data_missing:debt_to_equity,data_missing:return_on_equity,data_missing:free_cash_flow,graham_earnings_stability,graham_pe,graham_pe_times_pb",52676972544.0,50.672256,-9.246967,1.526,,,0.34535,0.14684,,,3.0
LUV,False,17.64790518095238,"graham_current_ratio,graham_pe,graham_pe_times_pb,munger_roe,munger_gross_margin,munger_fcf",21808902144.0,27.862501,3.07958,0.489,0.97275,0.11099,0.22399001,0.033800002,-834750016.0,0.016,4.0
DNOW,False,17.56223333333333,"data_missing:trailing_pe,graham_earnings_stability,munger_roe,munger_gross_margin,munger_fcf",2974831872.0,,1.4059296,2.136,0.30934,-0.11599,0.2023,0.01071,-533750016.0,,0.0
CALM,False,17.430234852186715,"data_missing:debt_to_equity,munger_roe,munger_gross_margin",3849776384.0,12.376305,1.4642725,7.695,,0.122200005,0.23082,-0.11043,8796500.0,0.0584,4.0
ANDE,False,17.251035714285713,"munger_roe,munger_gross_margin,munger_fcf",2243236864.0,12.770793,1.6873243,1.51,0.6635,0.12159,0.07179,0.01613,-109108872.0,0.0123,4.0
SANM,False,17.16399305714286,"graham_pe,graham_pe_times_pb,munger_roe,munger_gross_margin,munger_fcf",11163256832.0,37.192856,4.361154,1.78,0.88161,0.12488,0.090150006,0.0704,-222215744.0,,4.0
SNEX,False,17.143642857142858,"data_missing:free_cash_flow,graham_current_ratio,graham_debt_to_equity,graham_pe_times_pb,munger_gross_margin",7976988160.0,18.020435,2.9044795,1.065,8.2347,0.2185,0.01731,0.00418,,,4.0
NBHC,False,17.139535714285714,"data_missing:current_ratio,data_missing:debt_to_equity,data_missing:free_cash_flow,graham_size,munger_roe,munger_gross_margin",1935243392.0,18.256302,1.1594087,,,0.06527,0.0,0.2857,,0.0294,4.0
PRIM,False,17.0987015009826,"graham_current_ratio,graham_pe,graham_pe_times_pb,munger_roe,munger_gross_margin",4449643008.0,32.162197,2.64134,1.181,0.7963,0.08889,0.08619001,-0.01564,80155000.0,0.0039000000000000003,4.0
CCOI,False,16.781668000000003,"data_missing:trailing_pe,data_missing:debt_to_equity,graham_size,graham_current_ratio,graham_earnings_stability,munger_roe,munger_fcf",547035264.0,,-15.001404,0.632,,-7.2150297,0.50345004,-0.0669,-132067000.0,0.0077,0.0
RDNT,False,16.704967820090012,"data_missing:trailing_pe,graham_current_ratio,graham_debt_to_equity,graham_earnings_stability,munger_roe,munger_gross_margin",6125794304.0,,5.6582103,1.484,1.56668,0.01498,0.17284,0.07893,157737248.0,,0.0
DMC,False,16.694273976190477,"graham_size,graham_earnings_stability,graham_pe,graham_pe_times_pb,munger_roe,munger_gross_margin,munger_fcf",1429473280.0,42.704227,0.71210486,2.226,0.2943,0.01775,0.092810005,0.03929,-99887504.0,0.039900000000000005,2.0
ADIG,False,16.622402714285716,"data_missing:trailing_pe,data_missing:price_to_book,data_missing:return_on_equity,data_missing:free_cash_flow,graham_size,graham_earnings_stability,munger_gross_margin",1755154944.0,,,2.796,0.49857,,0.22304001,0.03888,,,0.0
KNF,False,16.55645238095238,"graham_debt_to_equity,graham_pe,graham_pe_times_pb,munger_roe,munger_gross_margin,munger_fcf",3786687744.0,27.680496,2.3579936,2.665,1.03908,0.09122,0.17828,0.08802,-3501250.0,,4.0
BTU,False,16.533066866666665,"data_missing:trailing_pe,graham_earnings_stability,munger_roe,munger_gross_margin,munger_fcf",3044452608.0,,0.9371483,2.009,0.12884,-0.047709998,0.103970006,-0.0947,-53975000.0,0.012199999999999999,0.0
LEU,False,16.212464200000003,"data_missing:trailing_pe,graham_debt_to_equity,munger_roe,munger_gross_margin,munger_fcf",3896593408.0,,4.6091576,5.395,1.3928299999999998,0.08053,0.23655,0.053379998,-127300000.0,,4.0
ECHO,False,15.96623876190476,"data_missing:trailing_pe,graham_debt_to_equity,graham_earnings_stability,munger_roe,munger_gross_margin,munger_fcf",26521802752.0,,1.873397,5.201,1.23757,-0.33428,0.29540002,0.14279,-18870501376.0,,0.0
MSGS,False,15.849282150616853,"data_missing:debt_to_equity,data_missing:return_on_equity,graham_current_ratio,graham_earnings_stability,graham_pe,graham_pe_times_pb,munger_gross_margin",9764908032.0,1229.0454,-33.05232,0.503,,,0.27743998,0.11833,59761124.0,,0.0
LOW,False,15.84066666666667,"data_missing:market_cap,data_missing:debt_to_equity,data_missing:return_on_equity,graham_current_ratio,graham_pe_times_pb",,18.346998,-13.135137,1.093,,,0.33293,0.11067,4816124928.0,0.0229,4.0
MRNA,False,15.128504362126236,"data_missing:trailing_pe,graham_earnings_stability,munger_roe,munger_gross_margin",25072015360.0,,3.706108,2.295,0.19036,-0.38998002,-0.66023004,-5.5793104,299249984.0,,0.0
PENN,False,15.118904761904762,"data_missing:trailing_pe,graham_current_ratio,graham_debt_to_equity,graham_earnings_stability,munger_roe,munger_fcf",2524842752.0,,1.306992,0.885,5.96731,-0.37578,0.35161,0.0793,-54325000.0,,0.0
CBRL,False,15.105535864285713,"graham_size,graham_current_ratio,graham_debt_to_equity,graham_pe,graham_pe_times_pb,munger_roe,munger_fcf",1265986688.0,49.252174,2.7198079,0.501,2.4666300000000003,0.056110002,0.31608,0.00843,-3550125.0,0.0171,4.0
SFNC,False,15.0,"data_missing:trailing_pe,data_missing:current_ratio,data_missing:debt_to_equity,data_missing:free_cash_flow,graham_earnings_stability,munger_roe,munger_gross_margin",3469776128.0,,0.9960176,,,-0.09941,0.0,0.38306,,0.0359,0.0
BANC,False,15.0,"data_missing:trailing_pe,data_missing:current_ratio,data_missing:debt_to_equity,data_missing:free_cash_flow,graham_earnings_stability,munger_roe,munger_gross_margin",3120328192.0,,1.0716617,,,-0.0065499996,0.0,2.16263,,0.0245,2.0
DFH,False,14.75967857142857,"graham_size,graham_debt_to_equity,munger_roe,munger_gross_margin,munger_fcf",1375373952.0,10.751773,0.9626008,7.59,1.12734,0.09423,0.1998,0.02409,-217692992.0,,4.0
AVT,False,14.734904761904764,"graham_pe,graham_pe_times_pb,munger_roe,munger_gross_margin,munger_fcf",7846423552.0,23.855362,1.5651691,1.777,0.6920499999999999,0.06665,0.10429,0.03828,-132748872.0,0.0146,4.0
ROIV,False,14.673449999999999,"data_missing:trailing_pe,graham_earnings_stability,munger_roe,munger_gross_margin,munger_fcf",26303393792.0,,5.7939544,16.721,0.02177,-0.08515,0.0,-254.08113,-1127230080.0,,0.0
FERG,False,14.564857571428574,"data_missing:return_on_equity,data_missing:free_cash_flow,graham_debt_to_equity,graham_earnings_stability,graham_pe,graham_pe_times_pb",47560351744.0,24.221676,7.6698694,1.729,1.11063,,0.30633,0.10159001,,0.0143,0.0
DELL,False,14.473187768039194,"data_missing:debt_to_equity,data_missing:return_on_equity,graham_current_ratio,graham_pe,graham_pe_times_pb,munger_gross_margin",317909237760.0,39.17286,-227.46698,0.946,,,0.19212,0.088570006,5434124800.0,0.0051,4.0
LBRT,False,14.141697661904761,"graham_pe,graham_pe_times_pb,munger_roe,munger_gross_margin,munger_fcf",3549413376.0,30.208332,1.8075293,1.986,0.8214400000000001,0.06123,0.18529,0.016210001,-302047872.0,0.017,4.0
WLK,False,14.010915646213123,"data_missing:trailing_pe,graham_earnings_stability,munger_roe,munger_gross_margin",10212221952.0,,1.1977637,2.453,0.63814,-0.11911,0.09625,0.1122,23125000.0,0.0264,0.0
RUN,False,13.478189809523808,"graham_current_ratio,graham_debt_to_equity,graham_earnings_stability,munger_roe,munger_fcf",2418341120.0,6.8963943,0.71467745,1.422,2.92511,-0.19856001,0.35292998,0.03999,-1971139840.0,,1.0
SLVM,False,13.458559480952381,"graham_size,graham_current_ratio,graham_debt_to_equity,graham_pe,graham_pe_times_pb,munger_roe,munger_gross_margin,munger_fcf",1535143040.0,20.647058,1.6090852,1.472,1.07958,0.07941,0.20594,0.014889999,-16375000.0,0.0463,4.0
RXO,False,13.377845265427766,"data_missing:trailing_pe,graham_current_ratio,graham_earnings_stability,munger_roe,munger_gross_margin",3901327616.0,,2.5843987,1.268,0.48340000000000005,-0.06787,0.14912,0.00676,5750000.0,,0.0
MARA,False,13.374000666666669,"data_missing:trailing_pe,graham_current_ratio,graham_debt_to_equity,graham_earnings_stability,munger_roe,munger_fcf",3492145664.0,,2.0791168,0.891,1.40159,-1.0557,0.40122002,-2.65211,-1168091392.0,,0.0
SRPT,False,13.076014135208682,"data_missing:trailing_pe,graham_size,graham_earnings_stability,munger_roe,munger_gross_margin",1894420608.0,,1.2398894,4.422,0.6953900000000001,-0.09478,-0.17299,0.13032,22139876.0,,0.0
HTH,False,12.4717497,"data_missing:current_ratio,data_missing:debt_to_equity,data_missing:free_cash_flow,munger_roe,munger_gross_margin",2281145088.0,14.802974,1.0728238,,,0.076009996,0.0,0.15799,,0.020099999999999996,4.0
TFIN,False,12.209464285714287,"data_missing:current_ratio,data_missing:debt_to_equity,data_missing:free_cash_flow,graham_size,graham_pe,graham_pe_times_pb,munger_roe,munger_gross_margin",1883606272.0,53.263515,2.0512621,,,0.04121,0.0,0.21277,,,4.0
MBC,False,12.133383333333333,"data_missing:trailing_pe,graham_size,munger_roe,munger_gross_margin,munger_fcf",1873129984.0,,0.951028,1.759,0.85833,-0.0582,0.26902,0.02429,-23637500.0,,4.0
GBX,False,11.722654428571428,"graham_size,graham_debt_to_equity,munger_roe,munger_gross_margin,munger_fcf",1421987968.0,13.597632,0.90387034,3.676,1.0874899999999998,0.06341,0.15123999,0.04493,-164687504.0,0.0296,4.0
FLR,False,11.382359848517456,"data_missing:trailing_pe,graham_earnings_stability,munger_roe,munger_gross_margin",7069552640.0,,2.6679454,1.796,0.38492,-0.45167,-0.00798,0.03257,21500000.0,,0.0
MOS,False,10.907983333333332,"data_missing:trailing_pe,graham_current_ratio,munger_roe,munger_gross_margin,munger_fcf",6941251072.0,,0.60548496,1.337,0.52249,-0.05073,0.11236,-0.00117,-746275008.0,0.0404,4.0
DOW,False,10.868397786271402,"data_missing:trailing_pe,graham_debt_to_equity,graham_earnings_stability,munger_roe,munger_gross_margin",22526195712.0,,1.4203407,1.749,1.11913,-0.0554,0.09787,0.11594,237624992.0,0.0461,0.0
GO,False,10.756572095238095,"data_missing:trailing_pe,graham_size,graham_current_ratio,graham_debt_to_equity,graham_earnings_stability,munger_roe,munger_gross_margin,munger_fcf",1048313984.0,,1.0461782,1.291,2.26658,-0.3806,0.29985002,0.01777,-44593500.0,,0.0
EGBN,False,10.360713857142857,"data_missing:trailing_pe,data_missing:current_ratio,data_missing:debt_to_equity,data_missing:free_cash_flow,graham_size,graham_earnings_stability,munger_roe,munger_gross_margin",878243200.0,,0.7635226,,,-0.04137,0.0,0.24174999,,0.0014000000000000002,0.0
XNCR,False,9.929549999999999,"data_missing:trailing_pe,graham_size,graham_earnings_stability,munger_roe,munger_gross_margin,munger_fcf",1687078656.0,,2.5658712,6.391,0.33803,-0.29072002,-1.4364799,-0.72369003,-94537504.0,,0.0
HPQ,False,9.82052380952381,"data_missing:market_cap,data_missing:debt_to_equity,data_missing:return_on_equity,graham_current_ratio,graham_pe_times_pb,munger_gross_margin",,10.557093,-194.3312,0.794,,,0.20315,0.07114,3450874880.0,0.040999999999999995,4.0
WHR,False,9.670464328571429,"graham_current_ratio,graham_debt_to_equity,graham_earnings_stability,munger_roe,munger_gross_margin,munger_fcf",2717184000.0,13.708881,0.7162499,1.149,2.05431,0.05933,0.13578,0.016210001,-485375008.0,0.099,1.0
BG,False,9.304297219047616,"graham_pe,graham_pe_times_pb,munger_roe,munger_gross_margin,munger_fcf",21748844544.0,24.39763,1.3632258,1.567,0.9799500000000001,0.071779996,0.049239997,0.04617,-6475375104.0,0.0255,4.0
FLG,False,9.135107165357143,"data_missing:current_ratio,data_missing:debt_to_equity,data_missing:free_cash_flow,graham_earnings_stability,graham_pe,graham_pe_times_pb,munger_roe,munger_gross_margin",5917148160.0,475.1667,0.7784088,,,0.0059100003,0.0,0.20281,,0.0028000000000000004,0.0
AESI,False,8.661717333333335,"data_missing:trailing_pe,graham_size,graham_earnings_stability,munger_roe,munger_gross_margin,munger_fcf",1511357568.0,,1.3589398,1.824,0.94273,-0.09925,0.23408002,-0.06807,-118395504.0,0.0852,0.0
JEF,False,8.135428571428571,"data_missing:current_ratio,data_missing:return_on_equity,data_missing:free_cash_flow,graham_debt_to_equity,munger_gross_margin",11251645440.0,15.452515,1.0648086,,3.64763,,0.02625,0.16941,,0.0292,4.0
KMX,False,8.093857142857143,"data_missing:market_cap,graham_debt_to_equity,graham_pe,graham_pe_times_pb,munger_roe,munger_gross_margin,munger_fcf",,36.95031,1.3797662,2.705,3.07787,0.03588,0.11805,0.03425,-159998368.0,,4.0
VGNT,False,7.8881426857142865,"data_missing:return_on_equity,data_missing:free_cash_flow,graham_current_ratio,graham_debt_to_equity,graham_pe_times_pb,munger_gross_margin",3233629952.0,6.6351748,-67.42984,1.398,8.53169,,0.12354,0.087969996,,0.011399999999999999,4.0
RCUS,False,7.30605,"data_missing:trailing_pe,graham_earnings_stability,munger_roe,munger_gross_margin,munger_fcf",3602143232.0,,7.8379855,3.818,0.51293,-0.90819,0.0,-2.34146,-270624992.0,,0.0
UCTT,False,7.236952252380954,"data_missing:trailing_pe,graham_debt_to_equity,graham_earnings_stability,munger_roe,munger_gross_margin,munger_fcf",3921217280.0,,6.17901,2.733,1.082,-0.0155299995,0.1583,0.045739997,-81487504.0,,0.0
AHCO,False,6.752523476190476,"data_missing:trailing_pe,graham_size,graham_current_ratio,graham_debt_to_equity,graham_earnings_stability,munger_roe,munger_gross_margin,munger_fcf",779109504.0,,0.5650155,1.124,1.48969,-0.15224,0.19174999,0.00842,-80691504.0,,0.0
JBLU,False,6.741666666666666,"data_missing:trailing_pe,graham_current_ratio,graham_debt_to_equity,graham_earnings_stability,munger_roe,munger_gross_margin,munger_fcf",2143095552.0,,1.3504281,0.696,5.9143,-0.44355,0.20225,-0.05228,-921249984.0,,0.0
ALK,False,5.904333333333334,"data_missing:trailing_pe,graham_current_ratio,graham_debt_to_equity,munger_roe,munger_gross_margin,munger_fcf",5231954432.0,,1.4251406,0.547,2.0752,-0.04598,0.17713,-0.02927,-23750000.0,,4.0
EQH,False,4.256,"data_missing:trailing_pe,graham_debt_to_equity,graham_earnings_stability,munger_roe,munger_gross_margin,munger_fcf",14429310976.0,,-7.7966104,2.03,5.861000000000001,-0.25131,0.12768,-0.26357,-8824250368.0,0.0216,0.0
OLN,False,4.013142857142858,"data_missing:market_cap,data_missing:trailing_pe,graham_current_ratio,graham_debt_to_equity,graham_earnings_stability,munger_roe,munger_gross_margin",,,1.2670662,1.418,1.99059,-0.10585,0.06858,0.0403,311800000.0,0.042,0.0
F,False,3.178238052380953,"data_missing:trailing_pe,graham_current_ratio,graham_debt_to_equity,graham_earnings_stability,munger_roe,munger_gross_margin,munger_fcf",56364666880.0,,1.5779191,1.089,4.567080000000001,-0.18252,0.07115,0.018819999,-7940250112.0,0.0432,0.0
CLF,False,0.3707114956036806,"data_missing:trailing_pe,graham_debt_to_equity,graham_earnings_stability,munger_roe,munger_gross_margin",6857891328.0,,1.2237835,1.89,1.3274299999999999,-0.13862,-0.01052,0.0034400001,6125000.0,,0.0
FISV,False,0.0,"data_missing:current_ratio,data_missing:debt_to_equity,data_missing:return_on_equity,data_missing:gross_margin,data_missing:operating_margin,data_missing:free_cash_flow",28922791936.0,10.41954,1.0734798,,,,,,,,4.0
CYTK,False,0.0,"data_missing:trailing_pe,data_missing:debt_to_equity,data_missing:return_on_equity,graham_earnings_stability,munger_gross_margin,munger_fcf",10136198144.0,,-58.328003,6.661,,,0.0,-6.2595,-397408736.0,,0.0
CWEN-A,False,0.0,data_missing:fetch_failed,,,,,,,,,,,
