symbol,buyable,score,fail_reasons,market_cap,trailing_pe,price_to_book,current_ratio,debt_to_equity,return_on_equity,gross_margin,operating_margin,free_cash_flow,dividend_yield,consecutive_positive_earnings_years
HCI,False,95.28161516666668,"graham_current_ratio,graham_earnings_stability",2298329600.0,7.964224,2.1335783,0.865,0.05722000000000001,0.34974998,0.59726,0.45431,423198496.0,0.0088,3.0
EXEL,False,92.84717353625108,graham_pe_times_pb,13025884160.0,16.531446,7.096382,3.456,0.08999,0.44393003,0.96483004,0.39513,739715136.0,,4.0
INVA,False,91.41974614757136,graham_size,1537384064.0,4.995305,1.2533867,16.007,0.26859,0.36676,0.72670996,0.43277,110332496.0,,4.0
ADBE,False,90.78355000000002,"graham_current_ratio,graham_pe_times_pb",103854817280.0,14.946796,9.050818,0.751,0.61443,0.62953997,0.89404,0.35327998,9218374656.0,,4.0
YOU,False,88.55178718455761,"graham_current_ratio,graham_earnings_stability,graham_pe,graham_pe_times_pb",5969651712.0,29.704731,24.329275,1.04,0.45141,1.19174,0.66656,0.29865,418440384.0,0.0131,3.0
TDC,False,87.61760714285714,graham_current_ratio,2623529984.0,5.938947,4.4671416,0.915,0.16695000000000002,1.19116,0.61325,0.11951,348500000.0,,4.0
NFLX,False,87.14045661668348,"graham_current_ratio,graham_pe,graham_pe_times_pb",321409482752.0,24.273207,10.659964,1.142,0.55236,0.49541,0.49118,0.33381,25387552768.0,,4.0
QLYS,False,86.43216776661384,"graham_current_ratio,graham_pe,graham_pe_times_pb",6533987840.0,32.210938,11.435131,1.384,0.09498,0.38592,0.83417,0.33979,244382624.0,,4.0
DECK,False,85.31617285152238,graham_pe_times_pb,12379611136.0,12.931009,5.400083,2.747,0.20521,0.42558,0.57804,0.15233,871420352.0,,4.0
PEGA,False,85.04549294285715,"graham_current_ratio,graham_earnings_stability,graham_pe_times_pb",5362067456.0,18.531252,9.564516,1.059,0.12851,0.54693,0.75573,0.046040002,507401984.0,0.0038,3.0
GEN,False,85.00000000000001,"graham_current_ratio,graham_debt_to_equity,graham_pe_times_pb",16664662016.0,16.2807,6.278755,0.466,3.07831,0.41944,0.78007007,0.35554,1547124992.0,0.0182,4.0
FHI,False,84.90868027589032,graham_pe_times_pb,4755486720.0,11.839219,3.6322424,2.592,0.32354,0.31137,0.69044,0.27722,371463872.0,0.022400000000000003,4.0
NEM,False,84.62288829459075,"graham_earnings_stability,graham_pe_times_pb",125473677312.0,15.016394,3.5781252,2.546,0.15807000000000002,0.25905,0.68041,0.51569,8815875072.0,0.0086,2.0
CARG,False,84.1383933319308,graham_pe_times_pb,3207090688.0,18.559278,12.167962,1.85,0.7003499999999999,0.53470004,0.92375,0.25275,241320752.0,,4.0
ALL,False,83.71084933333334,"graham_current_ratio,graham_earnings_stability",66152697856.0,5.2386866,2.0964653,0.363,0.22261,0.46113998,0.36800998,0.22827,15158625280.0,0.0167,2.0
APAM,False,83.4094443809524,graham_pe_times_pb,2926472960.0,9.884892,6.967546,3.007,0.57111,0.64552003,0.45593,0.27482998,291218624.0,0.0834,4.0
INCY,False,83.23609757250846,graham_pe_times_pb,25070813184.0,15.756141,3.918072,4.593,0.00603,0.30667,0.55659,0.41899,1180664576.0,,4.0
APA,False,82.66614999999999,graham_current_ratio,14550097920.0,8.52772,2.0742183,0.946,0.48854,0.26659,0.78255,0.56331,2146749952.0,0.024,4.0
HRMY,True,82.58763442857142,,2244430592.0,12.472492,2.2416098,3.479,0.16030999999999998,0.20456,0.75424004,0.34183997,182835504.0,,4.0
PRI,False,82.51435,graham_pe_times_pb,9602225152.0,12.69284,3.8208783,3.73,0.71521,0.32966,0.72097,0.31542,1038982144.0,0.0155,4.0
PTC,False,82.49038959740822,"graham_current_ratio,graham_pe_times_pb",16064352256.0,14.359844,4.7241454,1.025,0.46335,0.35053003,0.84501,0.28232,1031425152.0,,4.0
IDCC,False,81.71995730993665,"graham_pe,graham_pe_times_pb",8873653248.0,40.454117,7.3813457,1.743,0.33401000000000003,0.26403,0.82498,0.53518003,600847744.0,0.008,4.0
ZTS,False,81.71163512576395,"graham_debt_to_equity,graham_pe_times_pb",30173587456.0,11.911908,9.314963,3.084,2.9399599999999997,0.64911,0.71738,0.40721,2016999936.0,0.0291,4.0
GDDY,False,81.59585628571429,"data_invalid_outlier:debt_to_equity,graham_current_ratio,graham_debt_to_equity,graham_pe_times_pb",12144374784.0,14.639847,1809.2642,0.632,573.3433,4.42861,0.63802,0.27056998,1204950016.0,,4.0
KNSL,False,81.42671666666666,"graham_current_ratio,graham_pe_times_pb",8531886592.0,15.201299,4.192335,0.194,0.11033,0.30268,0.31142,0.40678,982102720.0,0.0027,4.0
WH,False,81.3993343388636,"graham_current_ratio,graham_debt_to_equity,graham_pe,graham_pe_times_pb",5383645696.0,26.28442,11.3351555,0.988,5.57292,0.39429,0.62835,0.47733003,362375008.0,0.0236,4.0
NVDA,False,81.17965424778741,"graham_pe,graham_pe_times_pb",5355747147776.0,33.86217,27.400248,3.441,0.06555,1.14288,0.74144995,0.65596,46335873024.0,0.0044,4.0
AMP,False,80.86739925824624,graham_pe_times_pb,49958375424.0,13.654023,7.8520026,2.182,0.67578,0.63432,0.54932,0.30719998,2903124992.0,0.0121,4.0
MU,False,80.78818681403422,"graham_earnings_stability,graham_pe,graham_pe_times_pb",1099090427904.0,22.012419,10.908133,3.425,0.0633,0.66638,0.72569,0.80370003,7639499776.0,0.0005,2.0
BMY,False,79.89025002987248,"graham_debt_to_equity,graham_earnings_stability,graham_pe_times_pb",133991866368.0,14.448238,6.004119,1.532,2.01859,0.46598998,0.71661,0.34418,8114375168.0,0.039,1.0
HLNE,False,79.79742778800419,graham_pe_times_pb,6634916864.0,15.067884,4.7264743,4.111,0.21558,0.32416,0.6066,0.45933998,231402752.0,0.023799999999999998,4.0
IT,False,79.69557142857143,"data_missing:debt_to_equity,graham_current_ratio,graham_pe_times_pb",11472274432.0,16.322552,-69.926865,0.88,,1.13581,0.69629997,0.22623,1052553024.0,,4.0
PLTR,False,79.54067435493842,"graham_earnings_stability,graham_pe,graham_pe_times_pb",418829041664.0,150.25,42.84415,7.228,0.02139,0.38097,0.84796,0.47120997,2159104512.0,,3.0
CROX,False,79.53709523809525,"graham_current_ratio,graham_debt_to_equity,graham_earnings_stability,graham_pe_times_pb",6294229504.0,11.648624,4.5637207,1.49,1.21993,0.42299998,0.5747,0.24221,533888736.0,,0.0
ADSK,False,79.52896232133146,"graham_current_ratio,graham_pe,graham_pe_times_pb",52097978368.0,36.0731,16.325262,0.835,0.85419,0.50396,0.92434,0.29524,3060999936.0,,4.0
RNR,False,79.39093333333334,"graham_current_ratio,graham_earnings_stability",13380956160.0,5.5830445,1.2162815,1.352,0.12211,0.21475,0.45349,0.41674,2787289856.0,0.0051,3.0
NMIH,True,79.2073,,3449490432.0,9.027559,1.2776865,2.029,0.15753,0.15427,0.76384,0.76672995,329759616.0,,4.0
BLKB,False,79.15166666666667,"graham_current_ratio,graham_debt_to_equity,graham_earnings_stability,graham_pe_times_pb",2025305984.0,13.943749,29.846153,0.828,17.27037,1.94448,0.59618,0.21651,213775680.0,,1.0
HRB,False,78.88095238095238,"graham_current_ratio,graham_debt_to_equity,graham_pe_times_pb",6201508352.0,8.841828,53.18182,1.133,17.894190000000002,7.13542,0.4433,0.3291,624796864.0,0.036699999999999997,4.0
FTNT,False,78.83149189956484,"graham_current_ratio,graham_pe,graham_pe_times_pb",116477042688.0,55.89789,75.094604,1.282,0.36194000000000004,1.17442,0.80204004,0.33595002,2265587456.0,,4.0
CNX,False,78.56619999999998,"graham_current_ratio,graham_earnings_stability",5263834624.0,5.766613,1.0947356,0.716,0.49137000000000003,0.21249,0.73616,0.62878,437116736.0,,1.0
MTG,False,78.50679999999998,munger_roe,6423484416.0,9.785937,1.2904887,4.964,0.12903,0.13923,0.92607003,0.80851996,518861888.0,0.0219,4.0
TROW,True,78.4942230595238,,23428481024.0,11.027108,2.189768,4.039,0.03702,0.19399999,0.51614,0.28688,2023912448.0,0.0471,4.0
BKE,False,78.28465049940318,graham_pe_times_pb,2212186624.0,9.848623,4.7369003,2.042,0.89539,0.48981997,0.58698004,0.20591,162151376.0,0.032400000000000005,4.0
SEZL,False,78.2620217121002,"graham_earnings_stability,graham_pe,graham_pe_times_pb",4104142592.0,26.726974,20.811989,4.017,0.52416,0.88851,0.74967,0.57167,100542000.0,,3.0
EXPE,False,78.13428571428571,"graham_current_ratio,graham_debt_to_equity,graham_pe,graham_pe_times_pb",38556213248.0,20.217117,31.885857,0.801,2.30271,0.89489,0.90433,0.1898,3434374912.0,0.006,4.0
GOOG,False,78.1192426155029,graham_pe_times_pb,4158651105280.0,17.053093,6.6810493,2.724,0.18859,0.48676,0.60897,0.34033,22665000960.0,0.0026,4.0
GOOGL,False,78.10947090752263,graham_pe_times_pb,4188691496960.0,17.193523,6.7293105,2.724,0.18859,0.48676,0.60897,0.34033,22665000960.0,0.0026,4.0
CF,True,77.95694642442032,,18270296064.0,8.949222,3.183928,4.86,0.40503999999999996,0.29867,0.42486,0.49325,1276749952.0,0.0204,4.0
ESNT,False,77.69319999999999,munger_roe,6262110720.0,9.717573,1.1057242,1.791,0.08757,0.12009,0.76005995,0.6575,690249472.0,0.0202,4.0
TER,False,77.54995110738349,"graham_pe,graham_pe_times_pb",65301811200.0,54.174965,19.014385,2.125,0.02883,0.36465,0.59242,0.33161,437381248.0,0.0012,4.0
PRDO,True,77.5382935,,2035631616.0,11.82909,1.9698437,4.692,0.11009000000000001,0.17554002,0.79890996,0.25722998,184656128.0,0.0212,4.0
V,False,77.40902087024445,"graham_current_ratio,graham_pe,graham_pe_times_pb",672762494976.0,30.719097,19.095654,0.985,0.67821,0.6119,0.97725,0.66130996,20404000768.0,0.0075,4.0
WDC,False,77.34155951381078,"graham_current_ratio,graham_earnings_stability,graham_pe_times_pb",184553684992.0,19.021925,24.4743,1.329,0.13436,1.30853,0.48851,0.43608,2268750080.0,0.0011,2.0
INSW,True,77.31447413432977,,4866947072.0,6.2826085,2.2168076,5.944,0.28815,0.37412,0.725,0.64219004,69650376.0,0.0832,4.0
TPL,False,77.26295,"graham_pe,graham_pe_times_pb,munger_fcf",25032292352.0,46.349937,16.088306,4.552,0.01077,0.36566,0.93336,0.78177,-32836124.0,0.0067,4.0
EOG,True,77.21934071397465,,78725160960.0,11.502334,2.557711,1.851,0.25891,0.22507,0.62636,0.40717998,4478750208.0,0.0279,4.0
LVS,False,77.04950809164065,"graham_current_ratio,graham_debt_to_equity,graham_pe_times_pb",29703577600.0,17.775194,51.125977,0.997,17.03902,1.22869,0.79335,0.19658001,2212875008.0,0.0264,4.0
LOPE,False,76.79869786561046,graham_pe_times_pb,3753625600.0,17.37153,5.571633,2.818,0.15564999999999998,0.30979002,0.53271,0.22023001,205755248.0,,4.0
MCRI,False,76.72917513861076,"graham_current_ratio,graham_pe_times_pb",2214596352.0,19.833868,3.839688,1.207,0.02218,0.20544,0.68021005,0.27436,131950872.0,0.0097,4.0
MCY,False,76.63364285714285,"graham_current_ratio,graham_earnings_stability,munger_gross_margin",5965355008.0,6.3614883,2.1034334,0.952,0.33925,0.38991,0.26808,0.19934,1143784576.0,0.011899999999999999,3.0
MEDP,False,76.58987190835502,"graham_current_ratio,graham_pe,graham_pe_times_pb",16622229504.0,34.990013,38.31007,0.732,0.33216,1.6215401,0.7235,0.20757,510396512.0,,4.0
DUOL,False,76.57961302967652,"graham_earnings_stability,graham_pe_times_pb",6428947456.0,16.242434,4.5542555,2.719,0.0611,0.3442,0.72717005,0.11684,300198016.0,,3.0
ACT,False,76.51346441223717,"graham_current_ratio,munger_roe",6886556672.0,10.567512,1.2823532,0.922,0.13812,0.12869,0.73177004,0.73258,521546880.0,0.019299999999999998,4.0
CHH,False,76.29291711350288,"graham_current_ratio,graham_debt_to_equity,graham_pe_times_pb",4699350528.0,14.788953,32.88504,0.926,14.817260000000001,5.66362,0.90328,0.37729,212277504.0,0.011000000000000001,4.0
MANH,False,76.11657626788651,"graham_current_ratio,graham_pe,graham_pe_times_pb",11594526720.0,57.143677,73.597336,0.983,0.34209,0.96378,0.5581,0.25015,321116384.0,,4.0
SEIC,False,75.93219967489047,graham_pe_times_pb,12686027776.0,18.641975,5.073194,5.059,0.02383,0.27587998,0.78388,0.30706,377482240.0,0.009899999999999999,4.0
LULU,True,75.74779285714285,,13278995456.0,9.468825,2.772864,2.226,0.44264000000000003,0.32027,0.55695,0.11205,1133960960.0,,4.0
CINF,False,75.68008333333333,"graham_current_ratio,graham_earnings_stability",26453477376.0,8.239006,1.5859841,1.151,0.05255,0.21484,0.31066,0.37202,2984875008.0,0.022000000000000002,3.0
RDDT,False,75.64172059558332,"graham_earnings_stability,graham_pe,graham_pe_times_pb",31595356160.0,38.27972,9.612503,10.486,0.00635,0.30712,0.91442,0.28788,678068736.0,,1.0
INTU,False,75.5849605813744,"graham_current_ratio,graham_pe,graham_pe_times_pb",95264727040.0,21.890005,4.6303263,1.453,0.33448,0.22496,0.80793,0.46974,5232000000.0,0.0143,4.0
MGY,True,75.52014803406712,,6510912000.0,11.724892,2.272535,1.583,0.19243,0.20854001,0.8222,0.50688,332475744.0,0.0246,4.0
FSLR,False,75.230260802395,"graham_earnings_stability,graham_pe,graham_pe_times_pb",23567587328.0,22.37704,2.2835855,2.518,0.018799999999999997,0.18509,0.44015998,0.42641997,1598684800.0,,3.0
FTDR,False,75.111223163158,"graham_debt_to_equity,graham_pe,graham_pe_times_pb",5750876160.0,22.025091,20.364746,1.591,4.16901,1.01859,0.55544996,0.28217,333624992.0,,4.0
VCTR,False,75.0661922946035,"graham_pe,graham_pe_times_pb",7201608192.0,21.287474,3.1032946,2.066,0.42615000000000003,0.19045,0.57335997,0.48994,520321760.0,0.0168,4.0
CPAY,False,75.03992588452635,"graham_current_ratio,graham_debt_to_equity,graham_pe,graham_pe_times_pb",26838362112.0,24.878271,7.5768814,0.972,2.75291,0.29215,0.80539,0.4692,1946175872.0,,4.0
IDXX,False,75.01653873340788,"graham_current_ratio,graham_pe,graham_pe_times_pb",43545784320.0,38.73895,27.000736,1.172,0.67971,0.74211,0.62446,0.3498,909368384.0,,4.0
AMGN,False,74.46955044966124,"graham_current_ratio,graham_debt_to_equity,graham_pe,graham_pe_times_pb",228248027136.0,26.267702,19.561054,1.371,4.90281,0.91473,0.71891,0.35548002,8645624832.0,0.024,4.0
PAYC,False,74.34281621025428,"graham_current_ratio,graham_debt_to_equity,graham_pe,graham_pe_times_pb",9855810560.0,23.139683,12.266226,1.074,1.71969,0.41089,0.88055,0.31721002,423724992.0,0.006999999999999999,4.0
CRUS,False,74.2738811847557,graham_pe_times_pb,5926902784.0,14.457212,2.725136,7.583,0.0596,0.20903999,0.52785,0.18367,450997248.0,,4.0
WEX,False,74.18864285714287,"graham_current_ratio,graham_debt_to_equity,graham_pe_times_pb",6472779776.0,18.935194,4.8447742,1.045,3.98423,0.3019,0.73232,0.26941,1331299968.0,,4.0
AMAT,False,74.0728691256694,"graham_pe,graham_pe_times_pb",403633111040.0,43.75043,15.75151,2.423,0.25537,0.41068,0.49398,0.33736,3195375104.0,0.004,4.0
GFF,False,73.8752380952381,"graham_debt_to_equity,graham_earnings_stability,graham_pe,graham_pe_times_pb",4564348416.0,21.037579,35.482395,2.411,10.351759999999999,2.27544,0.41297,0.23589,444938752.0,0.0086,3.0
DXCM,False,73.83755811282158,"graham_pe,graham_pe_times_pb",33834168320.0,35.438736,12.908149,1.733,0.5334599999999999,0.38491002,0.62473,0.24327,1021162496.0,,4.0
LRCX,False,73.77257857577129,"graham_pe,graham_pe_times_pb",405165211648.0,56.01903,32.486206,2.629,0.33049,0.65066004,0.50469,0.37390998,3090484480.0,0.003,4.0
DAVE,False,73.62777470894076,"graham_debt_to_equity,graham_earnings_stability,graham_pe,graham_pe_times_pb",4395292672.0,22.173744,21.14247,4.223,1.29139,1.04779,0.71748,0.32945,167170368.0,,2.0
RELY,False,73.5576318546882,"graham_earnings_stability,graham_pe_times_pb",5607510528.0,19.057554,4.975582,3.181,0.03396,0.32246,0.61548,0.14324,196120992.0,,1.0
MA,False,73.55496509945165,"graham_current_ratio,graham_debt_to_equity,graham_pe,graham_pe_times_pb",495655157760.0,31.156939,88.463104,1.061,4.39583,2.41202,1.0,0.61108,16961250304.0,0.0062,4.0
HL,False,73.45279441633893,"graham_earnings_stability,graham_pe,graham_pe_times_pb",12327693312.0,22.144577,4.611139,5.197,0.008020000000000001,0.22173999,0.61395,0.4427,342344736.0,0.0008,2.0
LAMR,False,73.37354720581244,"graham_current_ratio,graham_debt_to_equity,graham_pe,graham_pe_times_pb",15496988672.0,28.47108,15.967876,0.627,5.0011399999999995,0.59433,0.67430997,0.33283,564673344.0,0.042,4.0
APPF,False,73.18620198519483,"graham_earnings_stability,graham_pe,graham_pe_times_pb",7041786880.0,47.226864,13.383489,3.831,0.06799000000000001,0.3209,0.63532,0.18845,198919872.0,,3.0
QCOM,False,73.18582108289064,graham_pe_times_pb,169150676992.0,18.385843,6.155081,2.016,0.5521,0.33754003,0.54226,0.18528,10241000448.0,0.0227,4.0
SNDK,False,72.78366638220997,"data_missing:debt_to_equity,graham_earnings_stability,graham_pe,graham_pe_times_pb",248754077696.0,23.086653,18.303059,2.29,,0.9164,0.71474,0.78494,7744875008.0,,0.0
LNTH,False,72.7324743049787,"graham_pe,graham_pe_times_pb",6582718464.0,24.126795,5.4136024,3.06,0.47642,0.22215,0.60143,0.25817,451656000.0,,4.0
MCO,False,72.7253683464601,"graham_current_ratio,graham_debt_to_equity,graham_pe,graham_pe_times_pb",83462848512.0,30.599365,27.59146,1.19,2.4068199999999997,0.76932,0.74974996,0.49473998,2579124992.0,0.0086,4.0
CART,False,72.7249907322723,"graham_earnings_stability,graham_pe,graham_pe_times_pb",11539121152.0,27.237705,5.002509,2.279,0.01348,0.16001,0.72577006,0.14094,917875008.0,,2.0
SPG,False,72.68629655647344,"graham_current_ratio,graham_debt_to_equity,graham_pe_times_pb",84412276736.0,15.703241,14.965533,0.266,5.03504,1.20508,0.81426,0.46023998,2595271168.0,0.0401,4.0
APP,False,72.59699332436986,"graham_debt_to_equity,graham_earnings_stability,graham_pe,graham_pe_times_pb",104645222400.0,24.035358,33.14607,4.3,1.1113,2.03686,0.88464,0.77678,3179956224.0,,3.0
TRV,False,72.50983504761905,graham_current_ratio,76515745792.0,10.015015,2.3104587,0.323,0.27378,0.26511,0.34730998,0.23698,14775124992.0,0.0137,4.0
ADEA,False,72.44794070497862,"graham_earnings_stability,graham_pe,graham_pe_times_pb",3193713152.0,26.568806,6.691312,3.247,0.82832,0.27878,1.0,0.31948,195100624.0,0.0067,3.0
ABNB,False,72.44784614742285,"graham_current_ratio,graham_pe,graham_pe_times_pb",109254434816.0,41.752865,13.80286,1.408,0.32004,0.34542,0.82901,0.21009001,3206874880.0,,4.0
CNS,False,72.38879898995987,"graham_pe,graham_pe_times_pb",4257702912.0,25.476925,7.22324,6.638,0.19326000000000002,0.27329,0.47300997,0.34554002,156940496.0,0.0322,4.0
LYFT,False,72.36834757619047,"graham_current_ratio,graham_earnings_stability",6590385664.0,2.5754437,2.1833458,0.586,0.42738,1.52579,0.3802,0.025799999,1153134464.0,,2.0
MSFT,False,72.31290909349003,"graham_current_ratio,graham_pe,graham_pe_times_pb",3592609071104.0,26.923624,8.122514,1.23,0.29118,0.34039003,0.67944,0.45111,16545500160.0,0.0076,4.0
HAS,False,72.29883311465004,"graham_debt_to_equity,graham_earnings_stability,graham_pe_times_pb",13437305856.0,17.259058,19.084534,1.661,5.310420000000001,1.5956,0.63822,0.22157,688150016.0,0.029500000000000002,0.0
WLY,False,72.2859509048663,"graham_current_ratio,graham_earnings_stability,graham_pe_times_pb",2585897216.0,12.245193,3.0539567,0.539,0.9074899999999999,0.27694,0.74262,0.24714,202073248.0,0.027999999999999997,2.0
HALO,False,72.20748568646503,"graham_debt_to_equity,graham_pe,graham_pe_times_pb",11699941376.0,28.95646,81.87848,2.709,15.17687,1.73674,0.76271003,0.59803003,337308640.0,,4.0
RMD,False,71.89513222253645,"graham_earnings_stability,graham_pe,graham_pe_times_pb",31946117120.0,21.253359,4.8662906,3.1,0.12542,0.24269,0.61618,0.30857,939248256.0,0.012,0.0
TPR,False,71.7142706370396,"graham_debt_to_equity,graham_pe_times_pb",26476224512.0,18.289946,39.367035,1.752,5.71608,1.97135,0.76595,0.19823,1399924992.0,0.0143,4.0
ACGL,False,71.58950465476191,graham_current_ratio,33883463680.0,7.775039,1.4544482,0.589,0.17836,0.19936001,0.38758,0.26584998,4302125056.0,,4.0
DOCU,False,71.56460789285714,"graham_current_ratio,graham_earnings_stability,graham_pe,graham_pe_times_pb",11676263424.0,41.31757,6.4873757,0.665,0.10074999999999999,0.16440001,0.79541,0.13407,1250368768.0,,3.0
RLI,False,71.54941369828371,"graham_current_ratio,graham_pe_times_pb",5824832512.0,13.334033,3.2482088,1.06,0.18189,0.25164,0.35513002,0.36861,316104256.0,0.0115,4.0
PGR,False,71.52014523809524,"graham_current_ratio,graham_pe_times_pb,munger_gross_margin",119971880960.0,10.349047,3.4921227,0.293,0.24428,0.34943,0.18521,0.18208,15114500096.0,0.002,4.0
GPOR,False,71.25142060384277,"graham_current_ratio,graham_earnings_stability",3085387008.0,6.531,1.6616343,0.576,0.5047999999999999,0.27411,0.68134004,0.49495,102005000.0,,1.0
KTB,False,71.20804661904762,"graham_debt_to_equity,graham_pe_times_pb",4650616320.0,17.032389,7.4997773,1.831,2.05768,0.49523997,0.49308997,0.11134,440592512.0,0.0259,4.0
YELP,False,71.20113646428572,graham_size,1261629184.0,11.231884,2.059892,1.749,0.19131,0.18190001,0.89647,0.12666,283744640.0,,4.0
COCO,False,71.1891409561259,"graham_pe,graham_pe_times_pb",3757119488.0,35.87293,9.295633,3.356,0.03508,0.31370002,0.41127998,0.29209998,104597248.0,,4.0
GGG,False,71.1478707937142,"graham_pe,graham_pe_times_pb",13102064640.0,25.440252,5.193555,2.992,0.0207,0.21240999,0.52642,0.29729,536623264.0,0.014499999999999999,4.0
CPRI,False,71.11471432857144,"graham_size,graham_current_ratio,graham_debt_to_equity,graham_earnings_stability,graham_pe_times_pb",1685453440.0,19.012821,12.205761,1.189,9.73427,1.4461501,0.6271,0.026010001,192624992.0,,1.0
ULS,False,71.08840738987814,"graham_current_ratio,graham_pe,graham_pe_times_pb",15506250752.0,31.02016,9.737974,1.425,0.29383,0.38712,0.50413,0.18382,420500000.0,0.0075,4.0
LAUR,False,71.02758324620514,"graham_current_ratio,graham_pe_times_pb",5234475520.0,17.19457,4.5860486,0.712,0.643,0.29318002,0.36800998,0.36278,343739264.0,,4.0
RRC,False,71.01001572481334,graham_current_ratio,9260720128.0,10.947515,1.9665542,0.649,0.21589,0.19475001,0.52119,0.36101002,454483360.0,0.0102,4.0
CHRD,False,70.95208095238095,"graham_current_ratio,munger_roe",7883057152.0,9.731262,0.9518651,1.221,0.17981999999999998,0.10312,0.4811,0.34717,961228032.0,0.0364,4.0
CL,False,70.92318494206027,"graham_current_ratio,graham_debt_to_equity,graham_pe,graham_pe_times_pb",72425144320.0,35.768703,306.9341,1.026,13.88163,2.67367,0.60431,0.20966,3458374912.0,0.0235,4.0
ORI,False,70.77869242857142,graham_current_ratio,10318843904.0,9.455752,1.6879271,0.294,0.37518,0.18571,0.63918,0.17448999,1418687488.0,0.0296,4.0
AVGO,False,70.58049754427616,"graham_pe,graham_pe_times_pb",1827577004032.0,64.02334,20.843191,2.238,0.7401800000000001,0.37280998,0.76284,0.48988,27212249088.0,0.0066,4.0
BYD,False,70.47245682054724,"graham_current_ratio,graham_debt_to_equity",6010782720.0,3.7316194,2.4190059,0.774,1.3047,0.93084997,0.59126,0.20891,283961504.0,0.0097,4.0
AGX,False,70.42812781619764,"graham_pe,graham_pe_times_pb,munger_gross_margin",7863956480.0,48.315247,16.609127,1.53,0.02023,0.38521,0.20743999,0.15602,416462240.0,0.0034000000000000002,4.0
RAMP,False,70.39532220557064,"graham_earnings_stability,graham_pe_times_pb",2288931328.0,15.753138,2.3417094,2.657,0.03388,0.16055,0.70816004,0.1249,169467120.0,,1.0
DOCS,False,70.34747735879232,"graham_pe,graham_pe_times_pb",4481995264.0,29.934525,4.9361997,6.078,0.01056,0.17206,0.88068,0.21539,239703872.0,,4.0
STZ,False,70.34083333333334,"graham_current_ratio,graham_debt_to_equity,graham_earnings_stability,graham_pe_times_pb",22215667712.0,13.217988,2.7014146,0.913,1.23205,0.2369,0.5272,0.35931,2210487552.0,0.0316,1.0
MORN,False,70.17400294545014,"graham_current_ratio,graham_debt_to_equity,graham_pe_times_pb",7863782400.0,19.94529,7.825332,1.056,1.86052,0.3196,0.62240005,0.24215999,497800000.0,0.0097,4.0
TTD,False,70.13915714285716,graham_pe_times_pb,6426081280.0,16.280952,2.6254559,1.724,0.16863,0.15441,0.76872003,0.14205,582992768.0,,4.0
UNP,False,70.12915866573456,"graham_current_ratio,graham_debt_to_equity,graham_pe,graham_pe_times_pb",178938511360.0,24.369337,9.208909,0.986,1.50772,0.39696,0.56285,0.40982,4720750080.0,0.0189,4.0
MNST,False,69.75622842445077,"graham_pe,graham_pe_times_pb",91252637696.0,44.361908,9.74477,3.729,0.00992,0.25704,0.55546004,0.2918,1681231104.0,,4.0
NTAP,False,69.74005324371977,"graham_current_ratio,graham_debt_to_equity,graham_pe,graham_pe_times_pb",40187092992.0,32.30236,29.757725,1.436,2.02295,1.06734,0.70744,0.27259,1295250048.0,0.0102,4.0
ADP,False,69.71608900731178,"graham_current_ratio,graham_pe,graham_pe_times_pb",107793276928.0,24.80256,17.897236,1.051,0.9143600000000001,0.72239,0.48653,0.23459,5243049984.0,0.0256,4.0
META,False,69.70918803162849,"graham_pe,graham_pe_times_pb",1400720850944.0,20.694017,5.3632464,2.226,0.42997,0.29848,0.81747,0.34827,21553625088.0,0.0037,4.0
THC,False,69.67218007142857,"graham_current_ratio,graham_debt_to_equity,graham_pe_times_pb",21584326656.0,10.362002,4.6331534,1.406,1.5227600000000001,0.37337002,0.41661,0.18159,2247875072.0,,4.0
ACAD,False,69.66896345582599,"graham_earnings_stability,graham_pe_times_pb",4982963712.0,13.049328,3.833487,3.388,0.05652,0.35743,0.62061,0.12286,68647000.0,,2.0
VRTX,False,69.50769412511531,"graham_earnings_stability,graham_pe,graham_pe_times_pb",131486556160.0,30.232626,6.4950914,3.185,0.09766999999999999,0.23542999,0.54957,0.38055,2627887616.0,,1.0
AAPL,False,69.45822447469689,"graham_current_ratio,graham_pe,graham_pe_times_pb",4469029863424.0,35.15729,41.605976,1.003,0.78445,1.4875101,0.48653,0.32623002,107721875456.0,0.0034999999999999996,4.0
AMT,False,69.43880504154617,"graham_current_ratio,graham_debt_to_equity,graham_pe,graham_pe_times_pb",81081704448.0,28.06613,21.79757,0.352,4.38721,0.33914003,0.73774004,0.45411,2920012544.0,0.0405,4.0
FDS,False,69.43830603648186,"graham_current_ratio,graham_pe_times_pb",9992850432.0,18.97164,4.9463067,0.683,0.7728400000000001,0.27032,0.51382,0.30542,621161344.0,0.0168,4.0
PCTY,False,69.41931919097468,"graham_current_ratio,graham_pe,graham_pe_times_pb",7889570304.0,30.223576,6.972709,1.089,0.10887000000000001,0.21972999,0.69281995,0.19062,359865120.0,,4.0
NBIX,False,69.37676530944594,"graham_pe,graham_pe_times_pb",15682181120.0,22.55519,4.243756,1.872,0.12497,0.22089,0.6448,0.2219,638237504.0,,4.0
JAZZ,False,69.34587142857143,"graham_earnings_stability,graham_pe_times_pb",16292910080.0,17.17933,3.3871796,1.779,0.91828,0.22114,0.91353995,0.26914,1429392896.0,,0.0
AAMI,False,69.30290977544111,"graham_current_ratio,graham_debt_to_equity,graham_pe,graham_pe_times_pb",3233505536.0,32.194347,35.150463,1.048,1.9331800000000001,1.0676999,0.40853,0.17612,234587504.0,0.0043,4.0
NXPI,False,69.21388738427481,"graham_pe,graham_pe_times_pb",57190834176.0,45.542168,5.0191426,2.04,0.93325,0.27921,0.56102,0.30406,3555000064.0,0.0174,4.0
ENR,False,69.1000482857143,"graham_size,graham_debt_to_equity,graham_earnings_stability,graham_pe_times_pb",1533806080.0,18.823528,7.549713,2.072,16.88484,0.42183998,0.38998002,0.14235,234537504.0,0.0537,3.0
ANF,False,69.09109981305768,"graham_current_ratio,graham_pe_times_pb",4549363200.0,9.902321,3.3947814,1.448,0.9546399999999999,0.39224,0.61657,0.07982,283367872.0,,4.0
MMM,False,68.99823722975914,"graham_current_ratio,graham_debt_to_equity,graham_earnings_stability,graham_pe,graham_pe_times_pb",92626321408.0,31.958185,31.377533,1.24,4.37937,0.81891996,0.39408,0.20354,6350125056.0,0.0173,2.0
RDN,False,68.88917157879564,munger_roe,4976296448.0,9.199999,1.0349138,1.588,0.27967,0.12026,0.69302005,0.31627,308735264.0,0.0275,4.0
CBOE,False,68.87136556187424,"graham_pe,graham_pe_times_pb",30870851584.0,23.04053,5.4938946,1.565,0.2809,0.26297,0.54078996,0.34634,678249984.0,0.011699999999999999,4.0
CHTR,False,68.87087845238095,"graham_current_ratio,graham_debt_to_equity",19742205952.0,3.8116055,1.0306638,0.361,4.41578,0.27201998,0.55189997,0.23503,2198374912.0,,4.0
KRYS,False,68.85872527148345,"graham_earnings_stability,graham_pe,graham_pe_times_pb",9819117568.0,41.519398,7.2238307,8.318,0.00651,0.20124,0.94639,0.48999,151739744.0,,3.0
CNK,False,68.84291972048948,"graham_current_ratio,graham_debt_to_equity,graham_earnings_stability,graham_pe,graham_pe_times_pb",4353649664.0,20.983242,8.692432,0.845,5.87527,0.45816,0.49416,0.21705,227587504.0,0.0096,3.0
CTAS,False,68.72946961614421,"graham_current_ratio,graham_pe,graham_pe_times_pb",79853838336.0,40.97536,15.535228,1.434,0.52646,0.40714002,0.50668997,0.23688,1464424832.0,0.0105,4.0
LQDA,False,68.72484009748399,"graham_earnings_stability,graham_pe,graham_pe_times_pb",6668018176.0,53.211143,60.565525,2.312,0.93738,1.3181599,0.92542,0.49812,74296128.0,,0.0
EQT,False,68.71895214021832,"graham_current_ratio,munger_roe",33558935552.0,12.447796,1.3285952,0.673,0.19594999999999999,0.11078,0.80748004,0.23372999,2460903936.0,0.0125,4.0
OXY,False,68.67998873993173,"graham_current_ratio,graham_pe_times_pb,munger_roe",59618373632.0,17.59292,1.7819474,1.411,0.34511000000000003,0.10629,0.73318,0.45443,3788124928.0,0.019,4.0
GRMN,False,68.56722613048225,"graham_pe,graham_pe_times_pb",58192429056.0,31.139318,6.4468846,3.028,0.02513,0.21886998,0.60081,0.30438998,1043656256.0,0.0137,4.0
KO,False,68.38869560477843,"graham_current_ratio,graham_debt_to_equity,graham_pe,graham_pe_times_pb",378925481984.0,26.447449,10.483275,1.305,1.1551900000000002,0.42054,0.61888003,0.34873,5218749952.0,0.024399999999999998,4.0
HIG,True,68.36820313095238,,37830053888.0,9.530387,1.9422667,1.772,0.22329999999999997,0.22061001,0.37868,0.17615,5507500032.0,0.0176,4.0
FANG,False,68.31805015,"graham_current_ratio,graham_pe,graham_pe_times_pb,munger_roe",58514575360.0,39.695614,1.5398312,0.467,0.28678000000000003,0.034930002,0.72353995,0.48466998,5035500032.0,0.0213,4.0
IPAR,False,68.19817936096909,"graham_pe,graham_pe_times_pb",3573116160.0,21.833658,4.0528173,3.31,0.1512,0.19105,0.58882,0.14351,219527504.0,0.0286,4.0
RRR,False,68.1233965699582,"graham_current_ratio,graham_debt_to_equity,graham_pe,graham_pe_times_pb",6455823360.0,22.36749,21.428572,0.677,12.456679999999999,1.08938,0.67221,0.26652,173044752.0,0.016399999999999998,4.0
MAS,False,68.06290270068926,"data_missing:debt_to_equity,graham_pe_times_pb",14443978752.0,16.87788,-39.573204,1.865,,58.625,0.37205002,0.23645,897124992.0,0.0173,4.0
KLAC,False,68.00307965630033,"graham_pe,graham_pe_times_pb",258826928128.0,54.125683,40.76132,2.876,0.9688,0.87496,0.61301,0.42486,2624587520.0,0.0045000000000000005,4.0
RMBS,False,67.98233581475768,"graham_earnings_stability,graham_pe,graham_pe_times_pb",10398721024.0,44.111237,7.1115584,9.754,0.014870000000000001,0.17789,0.80357003,0.36671,202302368.0,,3.0
EBAY,False,67.97024214000943,"graham_current_ratio,graham_debt_to_equity,graham_earnings_stability,graham_pe,graham_pe_times_pb",45256499200.0,21.365545,9.701421,1.019,1.53012,0.46611,0.72052,0.2157,1579624960.0,0.0123,3.0
USLM,False,67.90380968563645,"graham_pe,graham_pe_times_pb",3341333760.0,24.886753,5.0409,27.543,0.0046700000000000005,0.21354,0.55302,0.41013,47104248.0,0.002,4.0
SM,False,67.82334999999999,graham_current_ratio,8393870336.0,5.9510965,1.0727097,0.615,0.95136,0.16125,0.86457,0.60323,1472082944.0,0.0248,4.0
FIZZ,False,67.75055853134255,graham_pe_times_pb,2932867328.0,15.984694,4.5777326,4.386,0.09271000000000001,0.34018,0.37039003,0.16876,106155752.0,,4.0
DVA,False,67.67128571428572,"graham_current_ratio,graham_debt_to_equity,graham_pe_times_pb",11460873216.0,15.132203,-14.926022,1.467,12.419860000000002,0.88475,0.32364,0.16061,1042460032.0,,4.0
AFL,False,67.66305866666667,graham_current_ratio,61158866944.0,13.216685,2.0213082,0.892,0.5336500000000001,0.16908,0.50888,0.25722998,5152249856.0,0.0202,4.0
TXN,False,67.64366227862098,"graham_pe,graham_pe_times_pb",251407958016.0,41.7739,13.957816,4.857,0.78036,0.35176,0.58325,0.42576998,3545250048.0,0.020099999999999996,4.0
LLY,False,67.57669388370705,"graham_current_ratio,graham_debt_to_equity,graham_pe,graham_pe_times_pb",1073652957184.0,40.392857,31.696096,1.355,1.6207099999999999,1.02286,0.83399004,0.54222,11065900032.0,0.0058,4.0
UPWK,False,67.55675671428573,"graham_size,graham_current_ratio,graham_earnings_stability",1039820544.0,10.673077,1.8058567,1.424,0.6206900000000001,0.16695,0.77242,0.21806999,156381744.0,,3.0
ACN,False,67.49053571428571,"graham_current_ratio,graham_pe_times_pb",105067397120.0,13.702714,3.2941618,1.339,0.25035,0.24406,0.32013,0.16964,12089380864.0,0.0384,4.0
FFIV,False,67.43238031038807,"graham_pe,graham_pe_times_pb",22472499200.0,31.64673,5.8488455,1.665,0.06546,0.1983,0.81865996,0.24649,717135488.0,,4.0
WU,False,67.28571495238096,"graham_current_ratio,graham_debt_to_equity",2286104064.0,5.9113708,2.5172048,0.277,2.94873,0.43975,0.35094002,0.13038,357275008.0,0.1309,4.0
WEN,False,67.16214285714285,"graham_size,graham_debt_to_equity,graham_pe_times_pb",1603293056.0,12.742576,13.855189,1.897,33.806149999999995,1.08042,0.33111,0.14292,173339744.0,0.0325,4.0
CME,False,67.15395466523798,"graham_current_ratio,graham_pe,graham_pe_times_pb",97090002944.0,23.058071,3.657879,1.018,0.14587,0.15802,1.0,0.65036005,2909012480.0,0.0194,4.0
WRB,False,67.04367670238096,"graham_current_ratio,graham_pe_times_pb",26141841408.0,14.489711,2.82041,0.406,0.31527,0.20207001,0.43785998,0.16385001,3045504768.0,0.005699999999999999,4.0
CPRT,False,66.97958405722328,graham_pe_times_pb,30893299712.0,19.919254,3.3839822,7.613,0.010589999999999999,0.17607,0.47522998,0.37530997,999977152.0,,4.0
FAST,False,66.92599804898214,"graham_pe,graham_pe_times_pb",58832203776.0,43.820515,14.458545,4.18,0.10851000000000001,0.34334,0.44701,0.21023001,916124992.0,0.0187,4.0
AON,False,66.90568686114204,"graham_current_ratio,graham_debt_to_equity,graham_pe_times_pb",73853591552.0,19.214127,7.6900654,1.033,1.6348099999999999,0.44699,0.48154,0.23457001,3190874880.0,0.009399999999999999,4.0
IIPR,False,66.84855977702144,"graham_size,munger_roe",1537102592.0,12.613122,0.8923141,4.581,0.32892000000000005,0.073850006,0.88355005,0.48824,99872376.0,0.1362,4.0
SNA,False,66.84596079256916,"graham_pe,graham_pe_times_pb",20583774208.0,20.406666,3.40676,3.433,0.21594999999999998,0.17932,0.5183,0.25397,1109474944.0,0.024300000000000002,4.0
PATH,False,66.82138031449362,"graham_earnings_stability,graham_pe,graham_pe_times_pb",8134488064.0,26.166666,4.2943106,2.307,0.04362,0.18181999,0.8305,0.07274,511553632.0,,1.0
WDFC,False,66.80381603528298,"graham_pe,graham_pe_times_pb",3111010048.0,35.28158,11.175393,2.654,0.41048,0.33306,0.55821997,0.20673001,68620496.0,0.0178,4.0
MC,False,66.48103657142858,"data_missing:free_cash_flow,graham_current_ratio,graham_earnings_stability,graham_pe,graham_pe_times_pb",4844890624.0,22.787458,9.578208,1.167,0.40954999999999997,0.41454,0.92286,0.17790002,,0.039,2.0
PLMR,False,66.45355714285714,"graham_current_ratio,graham_pe_times_pb,munger_gross_margin",3338661376.0,17.074024,3.5072293,0.541,0.30152,0.22226,0.27354,0.23774,569934144.0,0.014499999999999999,4.0
GNTX,True,66.4431629434459,,5042699776.0,12.5291,1.9657979,3.038,0.00441,0.16354999,0.35018003,0.21757,368035744.0,0.0202,4.0
EXE,False,66.40280205929628,"graham_current_ratio,graham_earnings_stability,munger_roe",22707601408.0,8.232437,1.1460308,0.959,0.19207000000000002,0.14893,0.47069,0.26323998,1466249984.0,0.024399999999999998,1.0
JKHY,False,66.38931625218896,"graham_pe,graham_pe_times_pb",10917727232.0,21.461021,5.125618,1.744,0.06398,0.24892001,0.44057,0.24369,373407744.0,0.0159,4.0
VEEV,False,66.38746724475439,"graham_pe,graham_pe_times_pb,munger_roe",39899320320.0,43.472565,5.4791646,4.738,0.014110000000000001,0.13934,0.75021005,0.30932,1259549056.0,,4.0
BR,False,66.31465408289658,"graham_current_ratio,graham_debt_to_equity,graham_pe_times_pb",19679258624.0,17.723957,6.9839506,1.236,1.23939,0.40916002,0.31780002,0.24609,1194499968.0,0.026000000000000002,4.0
IBM,False,66.06218492860985,"graham_current_ratio,graham_debt_to_equity,graham_pe,graham_pe_times_pb",218952024064.0,20.639431,6.355283,0.791,1.8897,0.34460998,0.58098,0.16548,12049750016.0,0.029500000000000002,4.0
LTC,False,66.05935,"graham_pe_times_pb,munger_roe",2200694784.0,14.580358,2.079513,20.833,0.85301,0.11806,0.60456,0.52867,256029248.0,0.056299999999999996,4.0
GMED,False,66.03652399576873,"graham_pe,graham_pe_times_pb,munger_roe",11624396800.0,22.143223,2.4820826,4.622,0.02347,0.118140005,0.68974996,0.24755,554194880.0,,4.0
UBER,False,66.00779646871989,"graham_current_ratio,graham_earnings_stability,graham_pe_times_pb",155775844352.0,16.947777,5.695668,0.843,0.51872,0.3716,0.40752,0.13317999,7244749824.0,,3.0
YETI,False,65.89198587076409,graham_pe_times_pb,3150926336.0,18.93421,4.953528,1.751,0.41515,0.25320998,0.59208,0.19327,127417000.0,,4.0
PJT,False,65.82422857142858,"data_missing:free_cash_flow,graham_pe,graham_pe_times_pb",7202761216.0,23.068213,13.864382,1.706,0.42652999999999996,0.37633,0.95252,0.20994,,0.0058,4.0
SSD,False,65.78104107210035,"graham_pe,graham_pe_times_pb",7879714304.0,21.05805,3.8418193,3.288,0.21084,0.18722,0.45841,0.24405001,446386496.0,0.0060999999999999995,4.0
VNT,False,65.72871428571429,"graham_current_ratio,graham_debt_to_equity,graham_pe_times_pb",4299359744.0,13.19502,3.5598345,1.252,1.6099199999999998,0.289,0.47235,0.19387,347624992.0,0.0031,4.0
RL,False,65.71890156144033,"graham_debt_to_equity,graham_pe,graham_pe_times_pb",22723475456.0,24.636951,8.066754,2.045,1.10373,0.37537,0.70268995,0.18395,880087488.0,0.009899999999999999,4.0
MUR,False,65.63185850475222,"graham_current_ratio,munger_roe",5048449024.0,17.430693,0.9597928,0.854,0.41896,0.06461,0.82672995,0.3793,344718368.0,0.04019999999999999,4.0
EPAC,False,65.57958293839991,"graham_size,graham_pe,graham_pe_times_pb",1892149632.0,20.857954,4.426625,2.67,0.43579999999999997,0.21645,0.50092,0.2469,102963752.0,0.0011,4.0
PEP,False,65.5713996355711,"graham_current_ratio,graham_debt_to_equity,graham_pe_times_pb",190113054720.0,18.240498,8.603264,0.934,2.3894900000000003,0.51508,0.54171,0.16836001,7831875072.0,0.042800000000000005,4.0
OLED,False,65.56740446082793,"graham_pe,graham_pe_times_pb,munger_roe",3924878336.0,20.624397,2.344132,8.498,0.01288,0.115159996,0.73767996,0.35257998,111837128.0,0.0231,4.0
MSI,False,65.5469326672927,"graham_current_ratio,graham_debt_to_equity,graham_pe,graham_pe_times_pb",76668305408.0,36.449253,28.69433,1.099,3.5785,0.91567004,0.52112,0.27354,1979000064.0,0.0106,4.0
AOS,False,65.44409420783094,graham_pe_times_pb,8279549952.0,16.969358,4.4952774,1.594,0.36766,0.27133,0.38592,0.18929,484612512.0,0.0235,4.0
SPGI,False,65.41490194679899,"graham_current_ratio,graham_pe,graham_pe_times_pb,munger_roe",121932226560.0,25.706028,3.8707592,0.954,0.42979999999999996,0.14255,0.70903,0.4479,5448249856.0,0.0095,4.0
MKTX,False,65.21374999999999,"graham_pe_times_pb,munger_fcf",5721308672.0,19.216312,4.61781,7.465,0.14275000000000002,0.2314,0.61662996,0.41862,-457790016.0,0.0192,4.0
NSSC,False,65.18751437243321,"graham_size,graham_pe,graham_pe_times_pb",1336916864.0,36.330097,7.5200963,4.946,0.12493,0.21744,0.573,0.17812,48234624.0,0.0158,4.0
CSCO,False,65.07593708690251,"graham_current_ratio,graham_pe,graham_pe_times_pb",443253719040.0,33.77177,8.831474,0.931,0.58731,0.27319,0.64564,0.27701,11568000000.0,0.0149,4.0
OVV,False,65.00169467786085,"graham_current_ratio,munger_roe",17781231616.0,17.956705,1.5463161,1.008,0.43734,0.08411,0.53859,0.36176997,1230499968.0,0.018799999999999997,4.0
VIRT,False,65.0,"data_missing:free_cash_flow,graham_current_ratio,graham_debt_to_equity",5192521728.0,9.850084,2.949541,1.108,4.15015,0.53617,0.65787005,0.36321,,0.0161,4.0
ORCL,False,65.0,"graham_current_ratio,graham_debt_to_equity,graham_pe,graham_pe_times_pb,munger_fcf",419814244352.0,24.956335,11.176764,1.115,3.8887,0.53376,0.65822,0.36202,-24536750080.0,0.013600000000000001,4.0
GEV,False,64.9086066839436,"graham_current_ratio,graham_earnings_stability,graham_pe,graham_pe_times_pb,munger_gross_margin",278626205696.0,30.018797,23.302261,0.85,0.28364,0.82577,0.2057,0.07466,15722125312.0,0.0019,2.0
NATL,False,64.85933333333334,"graham_current_ratio,graham_debt_to_equity,graham_earnings_stability,graham_pe_times_pb,munger_gross_margin",3429556736.0,18.2,7.381899,1.026,6.342670000000001,0.48529,0.25345,0.14959,477875008.0,,2.0
MPWR,False,64.76242064599425,"graham_pe,graham_pe_times_pb",66445266944.0,81.59807,17.056856,4.975,0.00486,0.21979,0.55195,0.30989,444316128.0,0.005600000000000001,4.0
OGN,False,64.71389285714287,"graham_debt_to_equity,graham_pe_times_pb",3597749248.0,17.564102,3.5760896,1.954,8.50199,0.24037,0.53403,0.20732,490750016.0,0.0058,4.0
ODFL,False,64.69370982316289,"graham_pe,graham_pe_times_pb",43340644352.0,40.27264,9.536226,1.889,0.0044,0.24818,0.39566,0.28835,970776000.0,0.0055000000000000005,4.0
JNJ,False,64.67910277022122,"graham_current_ratio,graham_pe,graham_pe_times_pb",647539785728.0,31.135574,7.61535,1.089,0.57709,0.25742,0.6814,0.2919,16885125120.0,0.0204,4.0
FAF,False,64.64292142857143,"graham_current_ratio,munger_roe",7502308352.0,10.1914015,1.3334302,0.396,0.49421,0.13846,0.63984,0.15567,2337762560.0,0.0301,4.0
CVSA,False,64.60582822372932,"graham_current_ratio,graham_pe_times_pb",4573966336.0,17.940588,3.1622112,1.093,0.62613,0.18569,0.57338,0.19256,323942752.0,,4.0
TRNO,False,64.4913227061342,"graham_current_ratio,graham_pe_times_pb,munger_roe",7437223936.0,18.346773,1.6796693,0.62,0.21396,0.0928,0.76206,0.41769,319524640.0,0.0334,4.0
PG,False,64.45191837199708,"graham_current_ratio,graham_pe,graham_pe_times_pb",332512296960.0,21.537706,6.2228174,0.677,0.6448999999999999,0.30290002,0.50873,0.22084999,13280874496.0,0.0304,4.0
IESC,False,64.39005793413381,"graham_pe,graham_pe_times_pb,munger_gross_margin",15250102272.0,32.322636,12.406192,1.63,0.062329999999999997,0.44522998,0.26305,0.14364,329443360.0,,4.0
EVR,False,64.36697857142858,"data_missing:free_cash_flow,graham_pe_times_pb",11496375296.0,16.822453,6.1851606,1.827,0.50183,0.39504,0.93934995,0.16955,,0.011699999999999999,4.0
DFIN,False,64.31420639285714,"graham_size,graham_current_ratio,graham_pe,graham_pe_times_pb,munger_roe",1178131584.0,31.116882,3.055343,1.326,0.5464600000000001,0.08590999,0.64206004,0.25825,132825000.0,,4.0
BRO,False,64.27285365401269,"graham_current_ratio,graham_pe,graham_pe_times_pb,munger_roe",23345764352.0,22.290733,1.8297926,1.127,0.63975,0.10023,0.56281,0.41838002,1642749952.0,0.0096,4.0
GL,False,64.22035572619048,graham_current_ratio,13956645888.0,11.9594145,2.2499688,0.795,0.55675,0.20944999,0.33905998,0.24642,1163503360.0,0.0074,4.0
ROL,False,63.82230758893651,"graham_current_ratio,graham_pe,graham_pe_times_pb",17287555072.0,32.663635,12.093572,0.629,0.78015,0.37008998,0.52366,0.18799,501737504.0,0.0203,4.0
SPSC,False,63.77835284500362,"graham_pe,graham_pe_times_pb,munger_roe",2797573632.0,37.360577,2.9970303,2.259,0.00672,0.08262,0.69821,0.16108999,176569376.0,,4.0
ITW,False,63.70896482187271,"graham_current_ratio,graham_debt_to_equity,graham_pe,graham_pe_times_pb",81542512640.0,25.957844,28.333994,1.109,3.3485300000000002,1.04618,0.44162,0.26900998,2432999936.0,0.0239,4.0
VSNT,False,63.62632814285715,munger_roe,5502785024.0,7.2550464,0.6780882,2.38,0.38869,0.08063,0.56526,0.22323999,1979750016.0,0.0382,4.0
LPG,False,63.417049999999996,munger_fcf,2064264320.0,6.3992043,1.6694347,3.256,0.5226299999999999,0.28342,0.72923,0.59928,-119725848.0,0.0692,4.0
VLTO,False,63.399852599479644,"graham_debt_to_equity,graham_pe,graham_pe_times_pb",23718653952.0,24.506298,7.671503,1.775,1.15978,0.34312,0.60183,0.21370001,807124992.0,0.0054,4.0
LZ,False,63.38733608928572,"graham_size,graham_current_ratio,graham_earnings_stability,graham_pe,graham_pe_times_pb,munger_roe",960795648.0,62.333332,7.3913045,0.667,0.11903000000000001,0.104940005,0.66700995,0.05372,124770128.0,,3.0
CDNS,False,63.37939380814974,"graham_pe,graham_pe_times_pb",89220964352.0,64.05544,12.990122,1.743,0.38661,0.23229,0.85871005,0.28575,1609676544.0,,4.0
PYPL,False,63.37357685714286,"graham_current_ratio,graham_pe_times_pb",52775948288.0,11.573724,2.662767,1.288,0.7175100000000001,0.24497,0.40477002,0.16966,4423124992.0,0.009300000000000001,4.0
BX,False,63.3027515,"data_missing:free_cash_flow,graham_current_ratio,graham_pe,graham_pe_times_pb",166325682176.0,31.129753,12.348034,0.872,0.6818500000000001,0.31374002,1.0,0.54357,,0.037200000000000004,4.0
BF-B,False,63.265842934941084,graham_pe_times_pb,12611884032.0,17.964052,3.136125,3.239,0.6495000000000001,0.17846,0.6054,0.23246,739625024.0,0.0335,4.0
ULTA,False,63.255793461025576,"graham_current_ratio,graham_pe_times_pb",21779245056.0,18.98164,7.98141,1.311,0.89209,0.47449002,0.43186,0.14168,973080128.0,,4.0
ADT,False,63.22632067857143,"graham_current_ratio,graham_debt_to_equity",5278290432.0,10.034721,1.5077212,0.69,2.23863,0.17212999,0.80657,0.24072,1197478400.0,0.030600000000000002,4.0
STRA,False,63.213164285714285,"graham_size,graham_current_ratio,munger_roe",1813871360.0,13.635743,1.0981635,1.096,0.06532,0.08151,0.49056,0.15698,154841120.0,0.0297,4.0
NTCT,False,63.194567947298275,"graham_earnings_stability,graham_pe,graham_pe_times_pb,munger_roe",2837766400.0,23.79878,1.7062294,1.825,0.02404,0.0754,0.79839,0.06892,226413504.0,,1.0
WSM,False,63.150064439284336,"graham_current_ratio,graham_pe,graham_pe_times_pb",28212088832.0,27.012402,15.088161,1.331,0.79878,0.54007,0.46062002,0.16173,885462144.0,0.0126,4.0
MSA,False,63.11390954701211,"graham_pe,graham_pe_times_pb",7285510144.0,23.488808,5.214546,3.236,0.45911,0.2366,0.47571,0.24591999,316457248.0,0.011399999999999999,4.0
FTI,False,63.053470924317566,"graham_current_ratio,graham_earnings_stability,graham_pe,graham_pe_times_pb,munger_gross_margin",31428052992.0,28.020979,9.621802,1.08,0.37898000000000004,0.35814,0.22966999,0.1769,1463362560.0,0.0025,3.0
OHI,False,62.94776183798051,"graham_current_ratio,graham_pe_times_pb",14760498176.0,16.654804,2.596826,0.444,0.7147100000000001,0.16529,0.97924006,0.61487,665501376.0,0.0584,4.0
BCO,False,62.88261887619048,"graham_debt_to_equity,graham_pe,graham_pe_times_pb,munger_gross_margin",4607266304.0,25.89236,14.842755,1.62,10.29747,0.46236,0.26431,0.095019996,391237504.0,0.0092,4.0
CSL,False,62.875967895843246,"graham_debt_to_equity,graham_pe,graham_pe_times_pb",14021073920.0,20.059658,8.668483,2.6,1.78698,0.39183,0.35264,0.22849001,669737472.0,0.0139,4.0
STRL,False,62.84331608438828,"graham_current_ratio,graham_pe,graham_pe_times_pb,munger_gross_margin",17660127232.0,39.680065,13.015871,1.107,0.24222000000000002,0.40005,0.23807,0.20055,349384384.0,,4.0
MLI,False,62.715926344198955,"graham_pe_times_pb,munger_gross_margin",14363520000.0,16.911459,4.0486283,4.775,0.0069099999999999995,0.26325,0.28776,0.2181,524939744.0,0.0105,4.0
THG,False,62.687021428571434,"graham_current_ratio,munger_gross_margin",7791198720.0,10.705981,2.1263626,0.36,0.22982,0.21885,0.25191,0.14755,1081224960.0,0.0171,4.0
CTSH,False,62.65881666666666,munger_roe,26946809856.0,12.225323,1.7805351,2.182,0.14479,0.14924,0.3344,0.17479,2215500032.0,0.0233,4.0
AWI,False,62.65791005867878,"graham_pe,graham_pe_times_pb",7507990528.0,24.368998,8.503255,1.519,0.65589,0.36618,0.40308997,0.21568,220824992.0,0.0076,4.0
ANET,False,62.50717058427448,"data_missing:debt_to_equity,graham_pe,graham_pe_times_pb",249445023744.0,62.391167,16.85673,2.957,,0.31476,0.63004,0.45393002,3891512576.0,,4.0
REGN,False,62.44553438311541,"graham_pe,graham_pe_times_pb,munger_roe",83423911936.0,20.06674,2.5633242,3.335,0.08535,0.14043,0.44458,0.33106,3065299968.0,0.004699999999999999,4.0
STX,False,62.4452906360768,"graham_debt_to_equity,graham_earnings_stability,graham_pe,graham_pe_times_pb",215656824832.0,66.762474,194.67828,1.67,1.7988,3.7152898,0.45576,0.4307,1943750016.0,0.003,3.0
BRK-B,False,62.38507247725252,"graham_earnings_stability,munger_roe",1070997045248.0,12.582998,0.0009580145,2.891,0.17142,0.121199995,0.30332002,0.32561,71975247872.0,,3.0
BRX,False,62.27888715461876,"graham_current_ratio,graham_debt_to_equity,graham_pe,graham_pe_times_pb,munger_roe",9155535872.0,21.310715,3.0298567,0.596,1.76202,0.14413,0.7515,0.36018002,603135104.0,0.041299999999999996,4.0
DV,False,62.277550903618796,"graham_pe,graham_pe_times_pb,munger_roe",2062884864.0,38.028572,1.8842016,4.498,0.10217999999999999,0.05389,0.82434,0.11942001,162146880.0,,4.0
G,True,62.27647857142857,,5773662208.0,10.226191,2.2164884,1.996,0.54308,0.22447,0.36456,0.15016,479428736.0,0.0223,4.0
ZWS,False,62.25673042490434,"graham_pe,graham_pe_times_pb",8260032000.0,30.931677,4.984985,3.053,0.33181,0.16919,0.49008998,0.31365,322675008.0,0.0087,4.0
OUT,False,62.18086664346906,"graham_current_ratio,graham_debt_to_equity,graham_earnings_stability,graham_pe,graham_pe_times_pb",5247069184.0,21.744526,7.568598,0.67,5.7364,0.35024,0.51405,0.22278,193724992.0,0.041299999999999996,2.0
VRT,False,62.14662071208936,"graham_current_ratio,graham_pe,graham_pe_times_pb",107598413824.0,63.231895,22.613884,1.379,0.70166,0.43943,0.38039002,0.20362,2696537600.0,0.0009,4.0
TT,False,62.1362901406952,"graham_current_ratio,graham_pe,graham_pe_times_pb",102446096384.0,35.11425,11.988953,1.073,0.5340400000000001,0.36643,0.35389,0.19251,3121687552.0,0.0088,4.0
INSP,False,62.12215369111737,"graham_size,graham_earnings_stability",1668851456.0,12.714758,2.0211835,8.551,0.03524,0.17965001,0.86132,-0.0025600002,94637248.0,,2.0
COP,False,62.098155218066566,"graham_pe_times_pb,munger_roe",154485997568.0,17.00992,2.3640091,1.542,0.35639000000000004,0.1418,0.47574002,0.3151,7691375104.0,0.0263,4.0
ROP,False,62.05176559859318,"graham_current_ratio,graham_pe_times_pb,munger_roe",39199363072.0,16.507706,2.0961695,0.553,0.60531,0.13066,0.69525003,0.27725,2265687552.0,0.009300000000000001,4.0
ALGN,False,62.0334986370898,"graham_current_ratio,graham_pe,graham_pe_times_pb,munger_roe",12148525056.0,29.637781,2.8786168,1.395,0.02855,0.10155,0.70365,0.18247,584361344.0,,4.0
CRM,False,62.02385714285714,"graham_current_ratio,graham_debt_to_equity,graham_pe,graham_pe_times_pb",159860604928.0,22.617613,4.6695056,0.786,1.24282,0.16908,0.77643996,0.218,16552999936.0,0.0092,4.0
CRI,False,61.906691571428574,"graham_size,graham_debt_to_equity",1389885440.0,7.239006,1.3529643,2.47,1.15325,0.20742,0.48601002,0.23683001,246791008.0,0.0264,4.0
PRGS,False,61.879214714285716,"graham_size,graham_current_ratio,graham_debt_to_equity,graham_pe,graham_pe_times_pb",1800878336.0,21.315535,3.5844898,0.809,2.6216199999999996,0.18574,0.8557,0.18547001,307682624.0,,4.0
ILMN,False,61.84051531469188,"graham_earnings_stability,graham_pe,graham_pe_times_pb",28970860544.0,35.72812,10.2080345,1.796,0.89042,0.32339,0.67934996,0.21139,797625024.0,,1.0
QTWO,False,61.745188566841534,"graham_current_ratio,graham_earnings_stability,graham_pe,graham_pe_times_pb,munger_roe",4053055232.0,45.77465,6.2996707,0.945,0.06361,0.14984,0.56988996,0.1336,190320000.0,,1.0
BAH,False,61.74361904761905,"graham_debt_to_equity,graham_pe_times_pb,munger_gross_margin",9130230784.0,11.916013,7.595817,1.595,3.4608999999999996,0.68637,0.2242,0.09964,860875008.0,0.0315,4.0
EPR,False,61.66860845078429,"graham_debt_to_equity,graham_pe_times_pb,munger_roe",4644032512.0,19.429487,2.0094805,1.666,1.52233,0.113170005,0.91873,0.54328996,337729984.0,0.061500000000000006,4.0
LRN,True,61.630487959930626,,3532586752.0,11.888112,2.1389568,5.941,0.33448,0.21735,0.37750998,0.15981,224867120.0,,4.0
BLK,False,61.6132638572534,"graham_pe,graham_pe_times_pb,munger_roe",186355318784.0,27.472334,3.085708,2.447,0.23192000000000002,0.122779995,0.47152,0.35079,7578124800.0,0.02,4.0
CB,False,61.610967114943286,"graham_current_ratio,munger_roe",133259132928.0,12.239902,1.7672551,0.41,0.30940999999999996,0.14822,0.31129998,0.23527001,10488000512.0,0.012,4.0
VZ,False,61.55588095238096,"graham_current_ratio,graham_debt_to_equity",201340403712.0,12.619792,1.9374701,0.604,1.8408099999999998,0.15842,0.59453,0.22999,17466624000.0,0.058899999999999994,4.0
SHW,False,61.555219959405406,"graham_current_ratio,graham_debt_to_equity,graham_pe,graham_pe_times_pb",83977322496.0,31.882948,21.657171,0.727,3.8995800000000003,0.65124,0.48981997,0.18124,2506037504.0,0.0091,4.0
AROC,False,61.552088072009816,"graham_current_ratio,graham_debt_to_equity,graham_pe_times_pb",6089495552.0,18.672043,3.9207497,1.394,1.51872,0.22194,0.67337996,0.35931998,241304496.0,0.026600000000000002,4.0
CDE,False,61.48511392891116,"graham_earnings_stability,munger_roe",19506094080.0,15.946218,1.8749135,3.654,0.06851,0.12848,0.56644,0.20309,802993600.0,0.0021,2.0
SHC,False,61.341321517115865,"graham_debt_to_equity,graham_earnings_stability,graham_pe,graham_pe_times_pb",5359052800.0,32.945614,8.049293,2.796,3.4073399999999996,0.27781,0.54969,0.37956002,153967120.0,,3.0
LQDT,False,61.22099256706108,"graham_size,graham_pe,graham_pe_times_pb,munger_roe",1333160320.0,42.12871,5.651481,1.58,0.05869,0.14965001,0.47627997,0.10837,81894248.0,,4.0
POWL,False,61.21779389668336,"graham_pe,graham_pe_times_pb",7624232960.0,40.01434,10.082626,1.971,0.00334,0.28252,0.3008,0.20554,190403632.0,0.0016,4.0
DLB,False,61.1508697732421,"graham_pe,graham_pe_times_pb,munger_roe",5729719808.0,26.48052,2.217188,3.185,0.0183,0.08758,0.87612,0.12548,331846016.0,0.0235,4.0
PSA,False,61.07839460634341,"graham_current_ratio,graham_debt_to_equity,graham_pe,graham_pe_times_pb",60587790336.0,30.958017,11.771707,0.22,1.09632,0.21929,0.7442,0.45703998,2334240256.0,0.037000000000000005,4.0
CVLT,False,61.04908105560962,"graham_debt_to_equity,graham_earnings_stability,graham_pe,graham_pe_times_pb",6010912256.0,92.97116,115.473724,2.043,17.62992,0.32773998,0.81087,0.089499995,303740256.0,,3.0
PIPR,False,60.96836428571428,"data_missing:free_cash_flow,graham_pe_times_pb",5246209024.0,17.223898,3.6529377,2.429,0.11269,0.24528,0.91817003,0.21613,,0.0106,4.0
SKT,False,60.967381008403656,"graham_current_ratio,graham_debt_to_equity,graham_pe,graham_pe_times_pb",4582517760.0,35.169724,6.5340033,0.743,2.7831099999999998,0.19399999,0.73124003,0.32639998,227820992.0,0.0325,4.0
NVR,False,60.821159457727745,"graham_pe_times_pb,munger_gross_margin",16692682752.0,16.302734,4.9469137,5.67,0.3215,0.31544,0.2184,0.13889,918313280.0,,4.0
GWW,False,60.76148180252011,"graham_pe,graham_pe_times_pb",61912453120.0,33.39292,14.951542,2.805,0.6197699999999999,0.46091,0.39395002,0.16072,1247750016.0,0.0076,4.0
PR,False,60.73417718029346,"graham_current_ratio,munger_roe",18727776256.0,14.425807,1.5598186,0.624,0.26245999999999997,0.114029996,0.75848997,0.57444,458368128.0,0.028399999999999998,4.0
CRC,False,60.66502410413707,"data_missing:trailing_pe,graham_current_ratio,munger_roe",4737653248.0,,1.3926166,0.661,0.39594,-0.03554,0.5676,0.46795,335124992.0,0.030299999999999997,4.0
EME,False,60.651228200864004,"graham_current_ratio,graham_pe,graham_pe_times_pb,munger_gross_margin",36832206848.0,26.02088,9.056606,1.277,0.13432,0.40348998,0.19426,0.10618,978281600.0,0.0019,4.0
ICE,False,60.57884553114307,"graham_current_ratio,graham_pe,graham_pe_times_pb,munger_roe",87411933184.0,21.992231,2.9896698,1.012,0.69226,0.14094,1.0,0.52626,3633625088.0,0.013500000000000002,4.0
WWW,False,60.57748325402235,"graham_size,graham_debt_to_equity,graham_earnings_stability,graham_pe_times_pb",1648809728.0,15.710938,3.9664695,1.549,1.59137,0.27647,0.47120997,0.09854,131325000.0,0.0202,2.0
ANIP,False,60.424114505085356,"graham_size,graham_debt_to_equity,graham_earnings_stability,graham_pe_times_pb",1771014144.0,16.907894,2.7668126,2.91,1.0482500000000001,0.20459,0.60403997,0.14974,132205752.0,,1.0
PTGX,False,60.41343804087064,"graham_earnings_stability,graham_pe,graham_pe_times_pb,munger_roe",10276645888.0,154.18933,12.205272,21.709,0.01095,0.10985,1.0,0.74372,96145752.0,,0.0
ELS,False,60.36498502150065,"graham_current_ratio,graham_debt_to_equity,graham_pe,graham_pe_times_pb",13053003776.0,31.4686,7.186672,0.139,1.82359,0.22877,0.53656,0.32112998,603528512.0,0.0334,4.0
EXPO,False,60.35964655858176,"graham_pe,graham_pe_times_pb",3235511040.0,30.515696,11.207181,1.977,0.27968,0.31204,0.36416999,0.18823999,76945872.0,0.018600000000000002,4.0
VLO,False,60.33669252380952,"graham_pe_times_pb,munger_gross_margin",99864756224.0,14.45769,4.3145742,1.636,0.40148000000000006,0.27637,0.16118999,0.12269,8416374784.0,0.0138,4.0
TDS,False,60.153668416666676,"graham_earnings_stability,munger_roe",3930060288.0,8.535,1.0094917,3.818,0.23120000000000002,0.11784001,0.59351003,-0.065630004,599447616.0,0.0046,0.0
MPC,False,60.08485714285714,"graham_current_ratio,graham_debt_to_equity,graham_pe_times_pb,munger_gross_margin",104506023936.0,12.416754,6.260822,1.25,1.33328,0.42099,0.12819,0.13561,9249375232.0,0.011200000000000002,4.0
SPNT,False,59.98130345752703,"graham_current_ratio,graham_earnings_stability,munger_gross_margin",2757060352.0,5.9187026,1.2103626,0.655,0.30786,0.23068,0.23864001,0.136,204187504.0,,3.0
BFS,False,59.91941950956255,"graham_size,graham_current_ratio,graham_debt_to_equity,graham_pe,graham_pe_times_pb,munger_roe",1190162944.0,35.329895,7.65639,0.624,3.41757,0.09559,0.70258003,0.41125,84502376.0,0.0689,4.0
AM,False,59.89508068384893,"graham_current_ratio,graham_debt_to_equity,graham_pe,graham_pe_times_pb",10784592896.0,27.373493,5.5441675,0.842,1.8554499999999998,0.19822,0.79644996,0.52005,432616640.0,0.0406,4.0
HON,False,59.8809594503684,"graham_current_ratio,graham_debt_to_equity,graham_pe_times_pb",72249647104.0,8.760953,3.8976185,1.211,1.85369,0.46577,0.36511,0.20249,2610374912.0,0.012199999999999999,4.0
TALO,False,59.84975800000001,"data_missing:trailing_pe,graham_earnings_stability,munger_roe",2756950528.0,,1.4702253,1.613,0.66094,-0.17822,0.71367997,0.34449002,550837376.0,,0.0
CGNX,False,59.77644673204225,"graham_pe,graham_pe_times_pb,munger_roe",10873989120.0,62.153847,6.67286,3.934,0.044480000000000006,0.111490004,0.68865997,0.29361,195671376.0,0.0051,4.0
COLM,False,59.71307857142858,munger_roe,2936441600.0,14.976501,1.833408,2.493,0.28798999999999997,0.12658,0.52155,0.05027,255117376.0,0.021,4.0
RSI,False,59.65128719291428,"graham_earnings_stability,graham_pe,graham_pe_times_pb",5796303872.0,80.741936,15.614472,2.116,0.015189999999999999,0.30279,0.34967998,0.1174,127112000.0,,2.0
GAP,False,59.63857142857143,"graham_debt_to_equity,graham_earnings_stability",7240976384.0,7.982143,1.9866667,1.806,1.5436400000000001,0.2758,0.405,0.12725,928499968.0,0.0347,3.0
LMAT,False,59.62591313171347,"graham_size,graham_pe,graham_pe_times_pb",1920331392.0,29.360142,4.567559,16.312,0.45262,0.16774,0.71867996,0.28983,49263624.0,0.0121,4.0
PFE,False,59.569835714285716,"graham_current_ratio,graham_pe,graham_pe_times_pb,munger_roe",155002617856.0,35.782894,1.8195504,1.267,0.74253,0.05014,0.74716,0.27877,12485624832.0,0.064,4.0
EW,False,59.5566881092904,"graham_pe,graham_pe_times_pb,munger_roe",52465455104.0,54.23661,4.9480042,4.522,0.06568,0.09175,0.77839,0.29839,1232412544.0,,4.0
PGNY,False,59.51933571428572,"graham_size,graham_pe,graham_pe_times_pb,munger_gross_margin",1975715072.0,27.98913,4.5510783,2.137,0.04963,0.16242,0.24573,0.11413,200944368.0,,4.0
BRC,False,59.487741308506806,"graham_pe,graham_pe_times_pb",4430487040.0,21.372726,3.3018503,2.01,0.06586,0.16695999,0.51409,0.17716,145758368.0,0.0104,4.0
GLPI,False,59.479679040053036,"graham_debt_to_equity,graham_pe_times_pb",12715293696.0,12.413743,2.4784007,24.29,1.5571899999999999,0.19354999,1.02151,0.77479,506751744.0,0.0776,4.0
HQY,False,59.42250489529074,"graham_earnings_stability,graham_pe,graham_pe_times_pb,munger_roe",8601005056.0,38.426964,4.2057796,3.437,0.48094000000000003,0.11062,0.70677,0.29343998,370328512.0,,3.0
RGLD,False,59.422100000000015,"graham_pe,graham_pe_times_pb,munger_roe,munger_fcf",19933499392.0,26.024889,2.6900957,2.924,0.051859999999999996,0.136,0.86802,0.62036,-189505504.0,0.008,4.0
CXM,False,59.407450000000004,"graham_size,graham_current_ratio,graham_earnings_stability,graham_pe,graham_pe_times_pb,munger_roe",1608917376.0,57.24167,3.2897508,1.434,0.08972,0.05079,0.66342,0.04536,130164128.0,,3.0
WMG,False,59.391711109543785,"graham_current_ratio,graham_debt_to_equity,graham_pe,graham_pe_times_pb",13726399488.0,20.992,21.17837,0.734,4.52947,0.70074,0.45769,0.16738,382249984.0,0.030299999999999997,4.0
CON,False,59.33084825239193,"graham_current_ratio,graham_debt_to_equity,graham_pe,graham_pe_times_pb,munger_gross_margin",4533893120.0,22.938711,9.504144,1.377,4.23325,0.4706,0.29314,0.1929,204793632.0,0.006999999999999999,4.0
TILE,False,59.301165400475305,graham_pe_times_pb,2188903424.0,15.331984,3.2334356,2.527,0.42808999999999997,0.23225,0.40485,0.18611,103601872.0,0.0032,4.0
GIII,False,59.29012142857143,"graham_size,graham_earnings_stability,munger_roe",1431947904.0,11.950705,0.7850121,3.177,0.16093,0.0719,0.43488,0.15903,128402376.0,0.0118,3.0
VICR,False,59.27281470640195,"graham_pe,graham_pe_times_pb",11358162944.0,78.95673,13.611726,13.249,0.00912,0.20131999,0.56628,0.2433,339500.0,,4.0
NEU,False,59.268775163862685,"graham_pe,graham_pe_times_pb",8802799616.0,20.58052,4.788442,2.252,0.51129,0.25123,0.31494,0.23868,435517888.0,0.0126,4.0
HSY,False,59.268653549033914,"graham_current_ratio,graham_debt_to_equity,graham_pe,graham_pe_times_pb",36442894336.0,24.811901,7.986922,1.18,1.29821,0.32808998,0.38377,0.23119,1743636352.0,0.0321,4.0
EXTR,False,59.26778551957172,"graham_current_ratio,graham_debt_to_equity,graham_earnings_stability,graham_pe,graham_pe_times_pb",3128513536.0,77.33871,35.51852,0.928,2.19625,0.54638,0.61479,0.064380005,81449504.0,,1.0
APH,False,59.116801219623504,"graham_debt_to_equity,graham_pe,graham_pe_times_pb",199533707264.0,40.4575,12.876353,1.888,1.20415,0.38115,0.38952,0.29779,3818374912.0,0.0059,4.0
T,False,59.10228802850991,"graham_current_ratio,graham_debt_to_equity,graham_earnings_stability",171104075776.0,8.240924,1.5551819,0.971,1.29054,0.18339,0.59721,0.24786,10142000128.0,0.045,3.0
CRVL,False,59.08857037771514,"graham_pe,graham_pe_times_pb,munger_gross_margin",3423507968.0,30.119999,8.420725,1.941,0.06944,0.30697,0.24792999,0.16674,91710128.0,,4.0
CVX,False,59.08646135659763,"graham_current_ratio,graham_pe_times_pb,munger_roe",402303647744.0,19.720116,2.11869,1.252,0.18959,0.12231,0.44267,0.21866,21934000128.0,0.0351,4.0
SBH,False,58.98890401190477,"graham_size,graham_debt_to_equity",1535405440.0,8.541667,1.7706758,2.367,1.7389,0.23527999,0.52114,0.09267,177001248.0,,4.0
QNST,False,58.95679277142858,"graham_size,graham_current_ratio,graham_earnings_stability,graham_pe_times_pb,munger_gross_margin",1165279232.0,14.489285,3.5902655,1.218,0.23184000000000002,0.28647,0.11271,0.051149998,121533624.0,,1.0
CACC,False,58.949,"data_missing:free_cash_flow,graham_debt_to_equity,graham_pe_times_pb",6048378880.0,12.753308,3.7760558,4.833,3.95632,0.31932,0.94652003,0.52556,,,4.0
WAY,False,58.922713450925045,"graham_earnings_stability,graham_pe,graham_pe_times_pb,munger_roe",4837812224.0,36.04286,1.2282751,1.847,0.37171,0.03765,0.69107,0.2441,313745376.0,,1.0
TMUS,False,58.89552354920563,"graham_current_ratio,graham_debt_to_equity,graham_pe_times_pb",194223292416.0,18.939854,3.4588714,0.924,2.1403499999999998,0.17994,0.63054,0.2522,11335999488.0,0.0227,4.0
ARLO,False,58.80451548003076,"graham_size,graham_current_ratio,graham_earnings_stability,graham_pe,graham_pe_times_pb",1473226112.0,48.892857,9.287653,1.402,0.03606,0.22068001,0.45972002,0.01575,69509248.0,,1.0
MRSH,False,58.77744528860514,"graham_current_ratio,graham_debt_to_equity,graham_pe,graham_pe_times_pb",89251627008.0,22.808231,5.887107,1.139,1.45027,0.25902998,0.43994,0.26323998,4785249792.0,0.0215,4.0
AMG,False,58.73055754150296,graham_pe_times_pb,9645032448.0,12.817655,3.1252673,101.314,0.7609600000000001,0.24257,0.50273,0.30357,277175008.0,0.0001,4.0
SONO,False,58.70629710796618,"graham_size,graham_earnings_stability,graham_pe,graham_pe_times_pb,munger_roe",1849526400.0,34.744446,5.285666,1.615,0.14081,0.14175999,0.46567002,0.10587,111909872.0,,0.0
CENX,False,58.66204133333333,"graham_earnings_stability,munger_gross_margin,munger_fcf",4578934784.0,7.988774,3.2633696,2.751,0.31281,0.51749,0.18889,0.28135002,-46287500.0,,2.0
ADI,False,58.56985900836498,"graham_pe,graham_pe_times_pb,munger_roe",185575292928.0,56.77943,5.4998336,1.752,0.2581,0.09639,0.64491,0.38076,3868954624.0,0.0113,4.0
ALLE,False,58.55706553580104,"graham_debt_to_equity,graham_pe,graham_pe_times_pb",13679442944.0,21.110893,6.4586263,1.93,1.04895,0.3373,0.44801,0.22102,484449984.0,0.0131,4.0
NDAQ,False,58.53878377195898,"graham_current_ratio,graham_pe,graham_pe_times_pb",54212419584.0,28.275509,4.5466695,1.006,0.77687,0.16521999,1.0,0.49333,1691500032.0,0.012,4.0
BMI,False,58.481182762126394,"graham_pe,graham_pe_times_pb",3656690944.0,29.543325,5.354869,2.422,0.03438,0.1848,0.4131,0.17724001,128289624.0,0.0137,4.0
PARR,False,58.46423217402359,"graham_earnings_stability,munger_gross_margin",3994693888.0,4.6792836,1.9818307,1.84,0.5616599999999999,0.53489,0.23056,0.21122,82314872.0,,1.0
BSY,False,58.440057282135086,"graham_current_ratio,graham_debt_to_equity,graham_pe,graham_pe_times_pb",10654816256.0,39.18889,9.094894,0.595,1.05442,0.24517,0.81845003,0.25,397979616.0,0.008100000000000001,4.0
HSTM,False,58.39832343001364,"graham_size,graham_current_ratio,graham_pe,graham_pe_times_pb,munger_roe",827490752.0,39.305553,2.320433,1.062,0.03766,0.059959996,0.65081,0.099379994,50334876.0,0.0049,4.0
RCL,False,58.3627619047619,"graham_current_ratio,graham_debt_to_equity,graham_earnings_stability,graham_pe_times_pb,munger_fcf",79886598144.0,18.460754,7.804327,0.209,2.24816,0.44669998,0.50284,0.2707,-1516249984.0,0.0166,3.0
TDW,False,58.32085132764361,"graham_earnings_stability,graham_pe_times_pb",4707685888.0,19.191685,3.43867,3.582,0.45454,0.19448,0.48092,-0.08663999,367619136.0,,3.0
REG,False,58.31784367455547,"graham_current_ratio,graham_pe,graham_pe_times_pb,munger_roe",14324779008.0,25.797981,2.1051188,0.964,0.7197199999999999,0.081870005,0.71539,0.39643002,743363968.0,0.0395,4.0
EGP,False,58.30038446043052,"graham_current_ratio,graham_pe,graham_pe_times_pb,munger_roe",10945558528.0,35.71053,3.032628,0.412,0.46090000000000003,0.08732,0.73607004,0.40761003,379368000.0,0.0305,4.0
EXPD,False,58.300264926666266,"graham_pe,graham_pe_times_pb,munger_gross_margin",24296548352.0,27.206697,11.47039,1.566,0.26745,0.4267,0.13549,0.107080005,797562240.0,0.0086,4.0
FCPT,False,58.29838915847518,"graham_current_ratio,graham_pe,graham_pe_times_pb,munger_roe",2747022592.0,22.963303,2.4148579,0.252,0.9804600000000001,0.07646,0.85603994,0.62556,189772992.0,0.058499999999999996,4.0
GTY,False,58.257158061540615,"graham_pe_times_pb,munger_roe",2038824320.0,19.951515,1.8162757,1.719,0.81057,0.094639994,0.96416,0.47073,108609872.0,0.0587,4.0
PNR,False,58.223401163560595,"graham_current_ratio,graham_pe_times_pb",10265183232.0,16.371134,2.6941512,1.451,0.47067,0.17126,0.41388,0.2344,558312512.0,0.0165,4.0
WT,False,58.1951082748794,"graham_debt_to_equity,graham_pe,graham_pe_times_pb",3443112704.0,41.31818,7.141735,2.995,2.5767200000000003,0.18731001,0.53330004,0.41166002,156595376.0,0.0052,4.0
AYI,False,58.087818937157905,"graham_pe,graham_pe_times_pb",10446608384.0,23.171978,3.659194,2.053,0.28206,0.17378001,0.48669997,0.16052,467275008.0,0.0021,4.0
ENS,False,57.973668619047615,"graham_pe,graham_pe_times_pb",7114587136.0,21.234661,3.7752132,2.795,0.56108,0.18363,0.30574,0.17327999,633937472.0,0.005699999999999999,4.0
AKR,False,57.9623834977442,"graham_current_ratio,graham_earnings_stability,graham_pe,graham_pe_times_pb,munger_roe",3060196864.0,59.971428,1.2336174,1.245,0.63176,0.057150003,0.70607,0.29906,187720752.0,0.0384,3.0
ECPG,False,57.90650000000001,"graham_debt_to_equity,graham_earnings_stability,munger_fcf",2178838272.0,7.8062315,2.0198188,11.376,3.88056,0.30542,1.0,0.37998,-157004624.0,,1.0
CHE,False,57.83558790336642,"graham_current_ratio,graham_pe,graham_pe_times_pb",6925184000.0,26.62588,8.303505,0.911,0.35495,0.27106002,0.33113998,0.1325,307859488.0,0.0053,4.0
JLL,False,57.82310559761905,"graham_current_ratio,graham_pe_times_pb,munger_roe",16928763904.0,17.64772,2.2687364,1.126,0.42351999999999995,0.13520001,0.51232,0.045700002,1500125056.0,,4.0
SN,False,57.78687332951233,"graham_pe,graham_pe_times_pb",25359697920.0,36.738777,9.232742,2.08,0.3211,0.27528,0.48921,0.1016,638667520.0,,4.0
NGVT,False,57.71132080949732,"graham_debt_to_equity,graham_earnings_stability,graham_pe,graham_pe_times_pb",2574562304.0,105.478874,55.066174,1.611,26.36034,0.30072,0.41127,0.29895002,88937504.0,,0.0
CR,False,57.69521777544945,"graham_pe,graham_pe_times_pb",12413204480.0,37.47993,5.7001805,2.804,0.51181,0.16521999,0.46965,0.35463002,363750016.0,0.004699999999999999,4.0
WPC,False,57.66222281496146,"graham_current_ratio,graham_debt_to_equity,graham_pe,graham_pe_times_pb,munger_roe",16284801024.0,24.481163,1.8777746,1.164,1.01882,0.077800006,0.94371,0.59301996,1096111872.0,0.0526,4.0
FIS,False,57.564476619047625,"graham_current_ratio,graham_debt_to_equity,graham_earnings_stability",21595209728.0,6.4178185,1.3519722,0.535,1.3251,0.22348,0.35836,0.20669001,2653125120.0,0.042699999999999995,2.0
PODD,False,57.45979873917827,"graham_pe,graham_pe_times_pb",9842748416.0,26.576778,6.9205637,2.485,0.66685,0.26016,0.71075,0.16178,236900000.0,,4.0
WTS,False,57.44215880833631,"graham_pe,graham_pe_times_pb",12590416896.0,32.96766,6.0081563,2.66,0.09673999999999999,0.18805,0.48853,0.20912,228787504.0,0.006,4.0
AVY,False,57.437999526212124,"graham_current_ratio,graham_debt_to_equity,graham_pe_times_pb,munger_gross_margin",13512791040.0,19.349398,5.7728257,1.132,1.58653,0.3116,0.28978002,0.13586001,1004600000.0,0.0226,4.0
FIX,False,57.40384064053884,"graham_current_ratio,graham_pe,graham_pe_times_pb,munger_gross_margin",63129120768.0,44.14792,97.72433,1.214,0.45488999999999996,0.55292,0.25661,0.07885,1841915392.0,0.0019,4.0
STAG,False,57.40098443162094,"graham_pe,graham_pe_times_pb,munger_roe",7231512064.0,28.265385,1.9594197,1.816,0.9378,0.069759995,0.79549,0.37036,469642880.0,0.0421,4.0
CHDN,False,57.353592952237854,"graham_current_ratio,graham_debt_to_equity,graham_pe_times_pb",6220746240.0,15.1528015,4.6588717,0.356,3.49173,0.33848,0.34179002,0.36530998,138712496.0,0.0049,4.0
NWSA,False,57.323997205657584,"graham_pe,graham_pe_times_pb,munger_roe",15697063936.0,28.767326,1.8519344,1.623,0.31561,0.07979,0.57167,0.12537,1045124992.0,0.006999999999999999,4.0
EXLS,False,57.311755913009385,"graham_current_ratio,graham_pe,graham_pe_times_pb",5356569600.0,22.331211,6.1411805,1.244,0.56585,0.25944,0.38511002,0.14609,262332752.0,,4.0
NXT,False,57.294674524584806,"graham_pe,graham_pe_times_pb,munger_gross_margin",14724699136.0,24.764858,5.684123,2.689,0.01502,0.27224,0.22983,0.20858,324051264.0,,4.0
SYK,False,57.2706489991524,"graham_pe,graham_pe_times_pb",128839311360.0,35.657375,5.6037183,2.157,0.6439100000000001,0.16508,0.65588,0.27015,4107624960.0,0.0106,4.0
EPAM,False,57.23770744285714,"munger_roe,munger_gross_margin",5168499712.0,13.594302,1.4688032,2.755,0.04325999999999999,0.111770004,0.29451,0.10936,650156096.0,,4.0
KMB,False,57.20543459990055,"graham_current_ratio,graham_debt_to_equity,graham_pe,graham_pe_times_pb",36063657984.0,21.471344,20.64709,0.909,3.48933,1.04913,0.37612998,0.19002001,941124992.0,0.047400000000000005,4.0
HMN,False,57.18358095238095,munger_roe,2081754368.0,12.267303,1.3849223,2.872,0.39537,0.12385,0.39488,0.13213,222650000.0,0.0281,4.0
VRRM,False,57.128549784641194,"graham_size,graham_debt_to_equity,graham_pe_times_pb",703680384.0,17.807693,3.1475189,2.058,4.863980000000001,0.15384,0.55711,0.27168,43281376.0,,4.0
FNF,False,57.100176640476185,"graham_current_ratio,graham_pe_times_pb,munger_roe",13154857984.0,17.090593,1.763754,0.94,0.54297,0.102110006,0.54046,0.10666,3589125120.0,0.042300000000000004,4.0
AR,False,57.081621560778004,"graham_current_ratio,munger_roe",11381392384.0,10.60745,1.3732473,0.401,0.55493,0.14216,0.67154,0.26017,391220736.0,,4.0
AIG,False,57.06105238095238,"graham_current_ratio,graham_earnings_stability,munger_roe",39975182336.0,14.1051655,0.9879047,0.612,0.22466,0.0722,0.35087,0.19414,7365000192.0,0.0264,1.0
CUBE,False,56.97607005975589,"graham_current_ratio,graham_debt_to_equity,graham_pe,graham_pe_times_pb,munger_roe",9379257344.0,28.142857,3.617207,0.1,1.3430000000000002,0.12028,0.70712,0.41088,486035744.0,0.051500000000000004,4.0
BHF,False,56.964582666666665,"graham_current_ratio,graham_debt_to_equity,graham_earnings_stability,munger_roe",3210123008.0,4.426408,0.49006557,0.774,1.78382,0.13535,0.35439998,0.77778,19879124992.0,,2.0
BSX,False,56.89445821019004,"graham_current_ratio,graham_pe,graham_pe_times_pb",75657035776.0,21.135628,3.0295382,1.24,0.50151,0.15338999,0.69189,0.22895999,2451375104.0,,4.0
A,False,56.80420169000413,"graham_pe,graham_pe_times_pb",41850761216.0,29.81489,5.8717704,2.099,0.49733,0.21330999,0.52641,0.23706,930625024.0,0.0069,4.0
CCL,False,56.67207005384086,"graham_current_ratio,graham_debt_to_equity,graham_earnings_stability,graham_pe_times_pb",37637685248.0,12.378288,2.9073,0.334,2.0155600000000002,0.26689,0.55676997,0.12787,1899374976.0,0.016200000000000003,2.0
CMG,False,56.63795582555425,"graham_current_ratio,graham_debt_to_equity,graham_pe,graham_pe_times_pb",42201686016.0,30.879627,19.2219,0.715,2.4635,0.49560001,0.39361998,0.16108,1116464384.0,,4.0
AA,False,56.59348779408043,"graham_earnings_stability,munger_gross_margin",13382847488.0,10.54262,1.8158704,1.535,0.29918,0.18226999,0.19790001,0.18356001,960750016.0,0.0077,2.0
IBP,False,56.587764388381856,"graham_debt_to_equity,graham_pe,graham_pe_times_pb",6403720704.0,25.962284,9.663872,2.983,1.87209,0.38451,0.33633998,0.122530006,289112512.0,0.0064,4.0
TRGP,False,56.57251803846106,"graham_current_ratio,graham_debt_to_equity,graham_pe,graham_pe_times_pb",63399751680.0,28.078348,20.241323,0.771,5.15794,0.70839995,0.43192002,0.27803,65837500.0,0.018000000000000002,4.0
ADMA,False,56.54330156521114,"graham_debt_to_equity,graham_earnings_stability,graham_pe_times_pb",2092039296.0,13.343,5.5595837,6.972,1.10673,0.41897,0.64705,-1.23389,54755376.0,,2.0
CTVA,False,56.543144345051374,"graham_pe,graham_pe_times_pb,munger_roe",51197288448.0,46.50606,2.0343857,1.516,0.19191,0.04256,0.4954,0.3013,2417250048.0,0.0095,4.0
ERIE,False,56.53565158263416,"graham_current_ratio,graham_pe,graham_pe_times_pb,munger_gross_margin",13131031552.0,22.808355,5.3224816,1.246,0.0256,0.24808,0.17904,0.19096,481207744.0,0.0236,4.0
LECO,False,56.522211703156074,"graham_pe,graham_pe_times_pb",15395422208.0,28.273773,9.905835,1.982,0.77347,0.37736,0.36051998,0.18243,307077120.0,0.011000000000000001,4.0
WDAY,False,56.4847574889737,"graham_current_ratio,graham_earnings_stability,graham_pe,graham_pe_times_pb,munger_roe",48179585024.0,60.772587,7.268527,1.009,0.56936,0.10858,0.75766,0.13297,3118749952.0,,3.0
EVTC,False,56.48179761904761,"graham_size,graham_debt_to_equity,graham_pe,graham_pe_times_pb,munger_roe",1889279744.0,20.716215,2.827109,1.702,1.84286,0.14845,0.51118,0.19387,151623120.0,0.0066,4.0
TEL,False,56.47685871568837,"graham_pe,graham_pe_times_pb",60968722432.0,20.575342,4.6028237,1.876,0.43441,0.23290001,0.36119,0.20775,2336875008.0,0.0137,4.0
ROST,False,56.39766125543281,"graham_pe,graham_pe_times_pb",75819819008.0,33.057343,12.034624,1.541,0.74911,0.38981998,0.32740003,0.13377,2047583488.0,0.0076,4.0
MKC,False,56.36814393246937,graham_current_ratio,14660474880.0,9.073211,2.0956955,0.781,0.65143,0.24728,0.38853002,0.17422001,714025024.0,0.0356,4.0
EPRT,False,56.362448340303594,"graham_pe,graham_pe_times_pb,munger_roe",6723549184.0,24.038761,1.5212911,3.841,0.65659,0.064780004,0.98414004,0.62468,305324384.0,0.041100000000000005,4.0
CDP,False,56.318296993716366,"graham_debt_to_equity,graham_earnings_stability,graham_pe,graham_pe_times_pb,munger_roe",4289720064.0,25.715277,2.7352636,2.594,1.6415,0.10825,0.58258,0.32167,257286368.0,0.0348,2.0
DLTR,False,56.15454939076474,"graham_current_ratio,graham_debt_to_equity,graham_earnings_stability,graham_pe,graham_pe_times_pb",24980776960.0,20.86517,7.1683025,1.161,2.16518,0.33976,0.36991,0.09088001,1443624960.0,,1.0
PLD,False,56.152694210230635,"graham_current_ratio,graham_pe,graham_pe_times_pb,munger_roe",136340684800.0,31.237196,2.4385815,0.649,0.63823,0.07749,0.75549006,0.43030998,5406941184.0,0.0304,4.0
SOLV,False,56.13786723832693,"graham_current_ratio,graham_debt_to_equity,graham_pe_times_pb",14876701696.0,10.683985,3.0520341,1.021,1.10313,0.33960998,0.54777,0.09778,489000000.0,,4.0
CRGY,False,56.13775000000001,"graham_current_ratio,graham_debt_to_equity,graham_earnings_stability,graham_pe,graham_pe_times_pb,munger_roe",4215951360.0,159.5,0.8181585,0.945,1.00234,0.01517,0.62158,0.53849,601587648.0,0.0378,1.0
UE,False,56.107280552560844,"graham_current_ratio,graham_debt_to_equity,graham_pe,graham_pe_times_pb,munger_roe",3005710080.0,41.188683,2.1360078,1.196,1.26633,0.05092,0.64747,0.31436002,226218256.0,0.0384,4.0
MWA,False,56.08870960110095,graham_pe_times_pb,3859426816.0,17.408451,3.6113951,4.636,0.40423000000000003,0.21684,0.37862998,0.23162001,128775000.0,0.0111,4.0
TTC,False,56.0180075567388,"graham_pe,graham_pe_times_pb",9217266688.0,27.893372,6.7482395,1.556,0.83108,0.23889999,0.33567002,0.14445,670537472.0,0.016,4.0
CMCSA,False,56.00199927142857,"graham_current_ratio,graham_debt_to_equity,munger_roe",91412881408.0,8.256411,1.0177393,0.796,1.00474,0.114879996,0.6939,0.17233999,12697624576.0,0.0516,4.0
HIW,False,55.95628506274915,"graham_current_ratio,graham_debt_to_equity,graham_pe,munger_roe",3460478976.0,20.403973,1.4371006,1.05,1.3264799999999999,0.06815,0.67342,0.26328,270770112.0,0.0652,4.0
DCI,False,55.946567621202426,"graham_pe,graham_pe_times_pb",10840001536.0,25.207546,6.3936553,2.353,0.35882,0.27777,0.34570998,0.1633,302387488.0,0.0131,4.0
ADC,False,55.91628690536593,"graham_current_ratio,graham_pe,graham_pe_times_pb,munger_roe",9340318720.0,40.260754,1.4657468,0.271,0.58984,0.037049998,0.87656,0.48116,447780000.0,0.043,4.0
SFM,False,55.879628360571985,"graham_current_ratio,graham_debt_to_equity,graham_pe_times_pb",7498507776.0,15.375717,5.301622,0.992,1.4033799999999998,0.35197,0.38939,0.074889995,398699872.0,,4.0
UTHR,False,55.844776304695664,"data_missing:debt_to_equity,graham_pe_times_pb",21905133568.0,18.298819,3.4054585,5.732,,0.19315,0.8614,0.42231998,557137472.0,,4.0
TGTX,False,55.834700036949116,"graham_debt_to_equity,graham_earnings_stability,graham_pe_times_pb",7504975872.0,17.89416,11.917842,4.267,1.2489,1.0028,0.82372004,0.090179995,59134500.0,,3.0
LII,False,55.830344376630826,"graham_debt_to_equity,graham_pe_times_pb",14098595840.0,18.122501,10.8679,1.569,1.5608199999999999,0.71757007,0.33330002,0.22856002,277737504.0,0.0131,4.0
SHOO,False,55.68228502417636,"graham_pe,graham_pe_times_pb",3411516160.0,23.31,3.6302755,1.906,0.38795999999999997,0.15913,0.46948,0.06686,219048992.0,0.018000000000000002,4.0
HWM,False,55.67148480587376,"graham_pe,graham_pe_times_pb",114366267392.0,61.938442,20.012213,1.818,0.81368,0.34732,0.36032,0.28504,1189874944.0,0.0019,4.0
TMDX,False,55.649462172301725,"graham_debt_to_equity,graham_earnings_stability,graham_pe,graham_pe_times_pb",3164220928.0,23.718887,6.11998,6.625,1.67496,0.36285,0.58694,0.124960005,44496752.0,,2.0
COLL,False,55.63128571428572,"graham_size,graham_current_ratio,graham_debt_to_equity,graham_earnings_stability,graham_pe,graham_pe_times_pb",877897088.0,22.299213,2.950615,1.031,3.90461,0.17612,0.89449,0.05652,324038496.0,,3.0
VCYT,False,55.57564064920489,"graham_earnings_stability,graham_pe,graham_pe_times_pb,munger_roe",3371587072.0,29.32867,2.5415099,9.162,0.02889,0.087740004,0.73756,0.15287,106230872.0,,2.0
FRT,False,55.53400298120169,"graham_current_ratio,graham_debt_to_equity,graham_pe,graham_pe_times_pb,munger_roe",10254197760.0,23.833334,3.1984549,0.564,1.34114,0.12550999,0.68136,0.35035,456137632.0,0.0393,4.0
NDSN,False,55.52157071323449,"graham_pe,graham_pe_times_pb",17044399104.0,32.57774,5.322679,2.597,0.61637,0.1714,0.55218,0.23516001,574589504.0,0.0106,4.0
DGII,False,55.37642345098433,"graham_current_ratio,graham_pe,graham_pe_times_pb,munger_roe",3107382272.0,66.57317,4.534304,1.129,0.17279,0.07459,0.64914,0.16510001,128003128.0,,4.0
APLE,False,55.3625101904762,"graham_current_ratio,graham_pe,munger_roe",3758436608.0,21.513514,1.1966326,0.291,0.51367,0.05529,0.42902002,0.22447,360905376.0,0.0603,4.0
KVUE,False,55.35256171940919,"graham_current_ratio,graham_pe,graham_pe_times_pb",36379451392.0,22.282352,3.446143,1.005,0.8161700000000001,0.15581,0.58437,0.19418,1907500032.0,0.0447,4.0
NWS,False,55.27662913931829,"graham_pe,graham_pe_times_pb,munger_roe",17898596352.0,32.16505,2.123582,1.623,0.31561,0.07979,0.57167,0.12537,1045124992.0,0.0060999999999999995,4.0
NHI,False,55.27267921050727,"graham_pe,graham_pe_times_pb,munger_roe",3622139904.0,21.316473,2.3594804,1.817,0.9756900000000001,0.10717,0.73925,0.61341,171983248.0,0.0512,4.0
SLM,False,55.26875,"data_missing:free_cash_flow,graham_current_ratio,graham_debt_to_equity",5106079744.0,7.5654597,2.3423889,1.334,2.36158,0.30333,1.0,0.29211,,0.0191,4.0
FR,False,55.1645421608877,"graham_current_ratio,graham_pe,graham_pe_times_pb,munger_roe",8599151616.0,22.821817,2.9977071,1.498,0.90051,0.1363,0.73745,0.45097,290640736.0,0.0318,4.0
RHP,False,55.105530994195306,"graham_current_ratio,graham_debt_to_equity,graham_pe,graham_pe_times_pb",8625795072.0,30.497562,10.423474,1.313,3.3457,0.22583,0.35156,0.23305,567982976.0,0.0387,4.0
COKE,False,55.069007343627064,"graham_current_ratio,graham_debt_to_equity,graham_pe,graham_pe_times_pb",12523073536.0,25.017952,3.9343147,1.211,1.97906,0.97331,0.39111,0.07417,443481760.0,0.0054,4.0
KRC,False,55.01356428571429,"graham_current_ratio,graham_pe,munger_roe",4209728512.0,25.066435,0.7977256,1.103,0.85616,0.03431,0.65379,0.23993,718001472.0,0.06,4.0
ROK,False,55.010525208508156,"graham_current_ratio,graham_debt_to_equity,graham_pe,graham_pe_times_pb",48735772672.0,41.480965,13.9482765,1.075,1.0334699999999999,0.30629,0.49091998,0.20968,1303874944.0,0.0124,4.0
MPT,False,55.00000000000001,"data_missing:trailing_pe,graham_current_ratio,graham_debt_to_equity,graham_earnings_stability,munger_roe",2395369216.0,,0.5275549,1.172,2.15671,-0.00622,0.95944,0.57359004,753948992.0,0.0889,0.0
MO,False,55.00000000000001,"data_missing:debt_to_equity,data_missing:return_on_equity,graham_current_ratio,graham_pe_times_pb",108132614144.0,13.633685,-40.525658,0.518,,,0.8717,0.61464,9035249664.0,0.0663,4.0
MZTI,False,54.985725692937024,"graham_pe_times_pb,munger_gross_margin",3138387200.0,17.910204,3.0038373,2.584,0.03561,0.17231001,0.24192,0.10877,186684496.0,0.0349,4.0
SIGI,False,54.95320639285715,"graham_current_ratio,munger_roe,munger_gross_margin",5516874240.0,11.484491,1.5922697,0.318,0.24596,0.14152999,0.22764,0.12693,1355778304.0,0.0187,4.0
KIM,False,54.922389311659906,"graham_current_ratio,graham_pe,graham_pe_times_pb,munger_roe",16360552448.0,28.360464,1.5924523,0.971,0.84993,0.05806,0.68933,0.36565,871483392.0,0.046,4.0
DVN,False,54.83885705882844,"graham_current_ratio,munger_roe",53058502656.0,10.48587,1.3286049,0.717,0.28488,0.11522,0.50349,0.41077,782625024.0,0.0269,4.0
KEYS,False,54.765122016281744,"graham_pe,graham_pe_times_pb",58770059264.0,55.377613,9.275407,1.903,0.43642000000000003,0.18174,0.62139,0.18812001,1085750016.0,,4.0
AMH,False,54.75255554619417,"graham_pe,graham_pe_times_pb,munger_roe",13913769984.0,26.936506,1.7939636,1.672,0.68848,0.07084,0.56646997,0.25921,822327360.0,0.0393,4.0
TECH,False,54.736426644658884,"graham_pe,graham_pe_times_pb,munger_roe",11290040320.0,62.46552,5.438715,4.547,0.13712,0.09032,0.66243,0.23452,224372368.0,0.0044,4.0
LIF,False,54.7139414456843,"graham_earnings_stability,graham_pe,graham_pe_times_pb",3897206272.0,28.301775,6.325413,5.601,0.50803,0.30056,0.77592003,-0.00035999998,74707752.0,,1.0
SAM,False,54.628035714285716,"data_missing:trailing_pe,graham_size,graham_current_ratio,munger_roe",1926590848.0,,2.6100755,1.045,0.04415,-0.08614001,0.48879,0.09327,372617632.0,,4.0
STC,False,54.57823952873551,munger_roe,2072731520.0,14.894966,1.2460643,1.847,0.46090000000000003,0.096140005,0.61847997,0.06954,135150000.0,0.030899999999999997,4.0
SCHL,False,54.55069976489595,"graham_size,graham_current_ratio,graham_earnings_stability,munger_roe",789870400.0,17.8953,1.0456724,1.232,0.55874,0.066810004,0.56394,0.14367,56762500.0,0.0241,1.0
KMT,False,54.54265075,"graham_earnings_stability,munger_fcf",2369649408.0,7.0339365,1.748889,2.618,0.47334000000000004,0.23853001,0.41259,0.41251,-171881504.0,0.025099999999999997,0.0
AXP,False,54.491321428571425,"data_missing:free_cash_flow,graham_debt_to_equity,graham_pe,graham_pe_times_pb",227640180736.0,20.46691,6.63759,1.553,1.7238,0.34377,0.62338,0.2032,,0.0113,4.0
OMCL,False,54.471459523809514,"graham_size,graham_earnings_stability,graham_pe,graham_pe_times_pb,munger_roe",1667223936.0,43.511906,1.3227417,1.644,0.15484,0.03059,0.45137,0.10393,142931872.0,,2.0
DORM,False,54.436679173225144,graham_pe_times_pb,3934542080.0,18.389044,2.5961428,3.598,0.34867,0.15048,0.42314997,0.23629,143988752.0,,4.0
AMPH,False,54.43512857142858,"graham_size,munger_roe",902229760.0,12.550295,1.1743535,2.397,0.89607,0.10297,0.47685,0.21603,230095872.0,,4.0
CHWY,False,54.25401167468974,"graham_current_ratio,graham_debt_to_equity,graham_pe,graham_pe_times_pb,munger_gross_margin",9160865792.0,37.291664,21.618359,0.784,1.2338500000000001,0.63816,0.29912,0.03828,463275008.0,,4.0
LZB,False,54.23435,"graham_size,munger_roe",1640459520.0,16.59919,1.5755293,1.8,0.53101,0.09826,0.4446,0.1169,177578128.0,0.0233,4.0
EG,False,54.23309523809523,"graham_current_ratio,munger_roe,munger_gross_margin",14163335168.0,7.8061643,0.9264617,0.388,0.23260000000000003,0.12572,0.15281,0.19132,2064625024.0,0.0219,4.0
BBY,False,54.21345875020567,"graham_current_ratio,graham_debt_to_equity,graham_pe_times_pb,munger_gross_margin",18273067008.0,16.055166,5.9252253,1.121,1.3409,0.39104,0.22518,0.0404,1143750016.0,0.0449,4.0
INVX,False,54.200097619047625,"graham_pe,graham_pe_times_pb,munger_roe",2137551232.0,34.398876,1.9921265,5.006,0.07043,0.05994,0.32401,0.11575,174039872.0,,4.0
CSX,False,54.178144557435736,"graham_current_ratio,graham_debt_to_equity,graham_pe,graham_pe_times_pb",93545349120.0,29.359013,6.6426597,0.82,1.3806800000000001,0.24357,0.47070998,0.38424,1953250048.0,0.0111,4.0
AMZN,False,54.15321988905754,"graham_current_ratio,graham_earnings_stability,graham_pe,graham_pe_times_pb",2801960484864.0,21.01699,5.0779967,1.033,0.45616999999999996,0.30558002,0.5077,0.13689,3219124992.0,,3.0
REXR,False,54.138773160791345,"data_missing:trailing_pe,graham_current_ratio,munger_roe",8251451392.0,,1.0865246,0.344,0.41445,-0.047280002,0.76798,0.4159,341792384.0,0.048499999999999995,4.0
QRVO,False,54.12782550151293,"graham_earnings_stability,graham_pe,graham_pe_times_pb,munger_roe",8375417856.0,22.027843,2.4123387,3.543,0.44619,0.115559995,0.48535,0.1578,476142016.0,,2.0
DINO,False,54.09864686904762,munger_gross_margin,16791685120.0,9.003813,1.6326424,1.971,0.32261,0.19504999,0.12892,0.11694,2035624960.0,0.022099999999999998,4.0
EMR,False,54.06015853016104,"graham_current_ratio,graham_pe,graham_pe_times_pb,munger_roe",89501171712.0,35.197136,4.373751,0.896,0.6767700000000001,0.128,0.53161,0.26924,3706249984.0,0.0137,4.0
FCX,False,54.00861625864697,"graham_pe,graham_pe_times_pb,munger_roe",94863998976.0,33.215687,4.838963,2.066,0.32149,0.14755,0.38275,0.33404,2159249920.0,0.0088,4.0
ALB,False,54.001980619047615,"graham_earnings_stability,graham_pe,graham_pe_times_pb,munger_roe,munger_gross_margin",15561823232.0,488.42297,1.9353421,2.086,0.18975999999999998,0.02648,0.23959999,0.2771,1334340224.0,0.012199999999999999,0.0
NTST,False,53.95278843006969,"graham_earnings_stability,graham_pe,graham_pe_times_pb,munger_roe",2014988800.0,147.35713,1.331999,5.531,0.88837,0.00962,0.90376997,0.39020002,133447376.0,0.0441,1.0
DLX,False,53.95113095238096,"graham_size,graham_current_ratio,graham_debt_to_equity,munger_roe",1089086848.0,10.894495,1.5374159,1.196,2.0812299999999997,0.14957,0.52544,0.12177,184692992.0,0.039599999999999996,4.0
PH,False,53.941245802628224,"graham_current_ratio,graham_pe,graham_pe_times_pb",130892177408.0,36.4891,8.498203,1.262,0.5527799999999999,0.25076,0.37685,0.23858,2952624896.0,0.0076,4.0
AGYS,False,53.828780417049934,"graham_pe,graham_pe_times_pb,munger_roe",3167368960.0,74.367546,9.33458,1.741,0.054509999999999996,0.13802,0.63057,0.11107001,57453376.0,,4.0
MTSI,False,53.79728402427435,"graham_earnings_stability,graham_pe,graham_pe_times_pb",23860951040.0,99.50159,15.485477,2.338,0.26873,0.17184,0.56536,0.23337,104351504.0,,0.0
SIRI,False,53.784367952380954,"graham_current_ratio,graham_earnings_stability,munger_roe",9667078144.0,11.247059,0.82144696,0.458,0.81105,0.07574,0.47355998,0.22129999,1186000000.0,0.0371,1.0
HD,False,53.77147632221062,"graham_current_ratio,graham_debt_to_equity,graham_pe,graham_pe_times_pb",332378865664.0,23.657913,23.953722,1.045,4.59356,1.2838,0.33126998,0.11926,10128249856.0,0.0276,4.0
CAKE,False,53.76359969361539,"graham_current_ratio,graham_debt_to_equity,graham_pe,graham_pe_times_pb",5384100352.0,29.322493,10.377901,0.587,4.00999,0.38834,0.40701,0.07767,166743120.0,0.011000000000000001,4.0
UFCS,False,53.6814119047619,"graham_size,graham_current_ratio,graham_earnings_stability,munger_gross_margin",1377479552.0,9.961039,1.4488491,0.356,0.14974,0.15465,0.12865,0.11761,255639504.0,0.015,2.0
DT,False,53.66802091872586,"graham_current_ratio,graham_pe,graham_pe_times_pb,munger_roe",14071512064.0,97.38,5.768274,1.208,0.06498999999999999,0.058790002,0.81597,0.12889,546524224.0,,4.0
ESS,False,53.65192069748772,"graham_current_ratio,graham_debt_to_equity,graham_pe,graham_pe_times_pb,munger_roe",19609845760.0,44.246502,3.4349723,0.249,1.2240900000000001,0.0771,0.68771005,0.33975,1043926720.0,0.0366,4.0
JOE,False,53.64850234311266,"graham_pe,graham_pe_times_pb",3858745856.0,31.821594,5.05293,3.839,0.71346,0.16246,0.44053,0.34486,118878000.0,0.009399999999999999,4.0
PINS,False,53.643249999999995,"graham_earnings_stability,graham_pe,graham_pe_times_pb,munger_roe",13141289984.0,69.0,4.5847173,3.81,0.41350000000000003,0.06461,0.79473,-0.03464,1196440960.0,,2.0
KLIC,False,53.59403015710296,"graham_earnings_stability,graham_pe,graham_pe_times_pb,munger_roe",4934636032.0,42.098217,5.7542105,3.444,0.0418,0.13231,0.52641,0.20661,57164124.0,0.008100000000000001,1.0
DOCN,False,53.550428357142856,"graham_current_ratio,graham_debt_to_equity,graham_earnings_stability,graham_pe,graham_pe_times_pb,munger_fcf",15738121216.0,60.913845,15.187228,1.311,2.12506,0.62273,0.57222,0.104449995,-23832624.0,,3.0
VFC,False,53.50166666666667,"graham_current_ratio,graham_debt_to_equity,graham_earnings_stability,graham_pe,graham_pe_times_pb",5669000192.0,20.89855,1.5252802,1.443,2.80723,0.22092,0.50798,-0.05529,781847872.0,0.024900000000000002,1.0
GE,False,53.461223244319434,"graham_current_ratio,graham_debt_to_equity,graham_pe,graham_pe_times_pb",383877382144.0,43.52706,21.76225,0.982,1.13225,0.48231998,0.31051,0.20571,6594625024.0,0.0051,4.0
BXP,False,53.44179559669489,"graham_current_ratio,graham_debt_to_equity,graham_pe,graham_pe_times_pb,munger_roe",12017496064.0,35.720432,2.0559475,0.506,2.11631,0.05308,0.56452,0.28755,880636864.0,0.042,4.0
GNL,False,53.403570571428574,"data_missing:trailing_pe,graham_debt_to_equity,graham_earnings_stability,munger_roe",2041380096.0,,1.2334032,5.63,1.61696,-0.00962,0.85733,0.31274998,366119616.0,0.0863,0.0
LNC,False,53.37032301428572,"graham_earnings_stability,munger_gross_margin",8682902528.0,3.820893,0.8377789,2.184,0.63803,0.22587,0.27076998,0.046079997,2069374976.0,0.0403,2.0
EAT,False,53.36120473373276,"graham_current_ratio,graham_debt_to_equity,graham_pe,graham_pe_times_pb,munger_gross_margin",10321161216.0,21.739386,23.106577,0.455,3.6375900000000003,1.19568,0.18646999,0.11206,509575008.0,,4.0
ATMU,False,53.209592081711975,"graham_debt_to_equity,graham_pe_times_pb,munger_gross_margin",4096095488.0,19.233717,9.0061,2.65,2.32278,0.5579,0.28789,0.16973,103862496.0,0.004699999999999999,4.0
WFRD,False,53.16580952380953,graham_pe_times_pb,6781442560.0,18.658775,3.798739,2.344,0.9066500000000001,0.22793,0.30515,0.10498,558000000.0,0.0118,4.0
HLI,False,53.10217217857143,"data_missing:free_cash_flow,graham_pe,graham_pe_times_pb",8694579200.0,21.487047,3.856479,1.664,0.20846,0.17794001,0.94111,0.18395,,0.022400000000000003,4.0
BNL,False,53.071784499775966,"graham_pe,graham_pe_times_pb,munger_roe",4511279104.0,27.88158,1.4107856,2.017,0.8932599999999999,0.04922,0.9486,0.46188998,230601872.0,0.055099999999999996,4.0
TRU,False,53.05968119178366,"graham_debt_to_equity,graham_earnings_stability,graham_pe,graham_pe_times_pb",15176635392.0,20.899736,3.2126055,1.9,1.13212,0.15626,0.5873,0.19701,808625024.0,0.0064,2.0
OII,False,53.03283299779802,"graham_pe_times_pb,munger_gross_margin",5343746560.0,14.955432,4.590066,2.176,0.70343,0.34570998,0.1982,0.11486,237835120.0,,4.0
UDR,False,53.03217157032874,"graham_current_ratio,graham_debt_to_equity,graham_pe,graham_pe_times_pb,munger_roe",13846169600.0,23.651897,4.146233,0.178,1.5614400000000002,0.13739,0.66581,0.20177999,779827776.0,0.04650000000000001,4.0
NXST,False,53.028499095238104,"graham_debt_to_equity,graham_pe,graham_pe_times_pb,munger_roe",5728186880.0,35.147446,2.5288339,1.562,5.337899999999999,0.07434,0.55070996,0.21224001,800625024.0,0.0403,4.0
IBKR,False,53.01424850000001,"data_missing:free_cash_flow,graham_current_ratio,graham_debt_to_equity,graham_pe,graham_pe_times_pb",156410265600.0,36.428574,7.0060296,1.093,2.05748,0.24018998,0.93036,0.76532996,,0.0037,4.0
CTS,False,52.928124492619396,"graham_size,graham_pe,graham_pe_times_pb,munger_roe",1759918336.0,25.78661,3.073509,2.609,0.15692,0.12429,0.39713,0.17448,72120000.0,0.0025,4.0
MDT,False,52.90605979828127,"graham_pe,graham_pe_times_pb,munger_roe",117879357440.0,24.689007,2.3834047,2.126,0.58214,0.098409995,0.65309,0.22045,4625375232.0,0.0318,4.0
ZBH,False,52.882769201765655,"graham_pe,graham_pe_times_pb,munger_roe",18936438784.0,24.097088,1.4989733,1.691,0.60175,0.06413,0.69877,0.17959999,1090899968.0,0.0098,4.0
AME,False,52.848905045650426,"graham_current_ratio,graham_pe,graham_pe_times_pb,munger_roe",57544970240.0,36.705482,5.1114764,1.214,0.20521999999999999,0.14562,0.36905998,0.26182,1492221312.0,0.0054,4.0
LIVN,False,52.841282798764375,"graham_current_ratio,graham_earnings_stability,graham_pe,graham_pe_times_pb",4464777728.0,24.11905,3.3662875,1.45,0.26556,0.15404001,0.68266,0.15516,64685124.0,,0.0
HAYW,False,52.837773350438475,"graham_pe,graham_pe_times_pb,munger_roe",3107551744.0,20.347221,1.9575093,3.327,0.6325500000000001,0.104119994,0.47951,0.24106,164106256.0,,4.0
AIZ,False,52.778039392857146,"graham_current_ratio,graham_pe_times_pb,munger_gross_margin",14014115840.0,13.601006,2.3009055,0.382,0.36211,0.18341999,0.13272999,0.11734,2149574912.0,0.0125,4.0
HOOD,False,52.71424925,"data_missing:free_cash_flow,graham_current_ratio,graham_debt_to_equity,graham_earnings_stability,graham_pe,graham_pe_times_pb",84558692352.0,41.615047,8.91892,1.116,2.40279,0.23618999,0.9189,0.43884,,,2.0
VOYA,False,52.713047244047615,"graham_pe_times_pb,munger_roe",9072318464.0,16.887016,1.9866288,5.669,0.6890999999999999,0.096099995,0.55609,0.0538,1433500032.0,0.018799999999999997,4.0
BIIB,False,52.69302312293759,"graham_pe,graham_pe_times_pb,munger_roe",31139155968.0,37.566845,1.6515163,1.865,0.44329,0.04575,0.78322,0.25058,1266987520.0,,4.0
MD,False,52.682000771662075,"graham_current_ratio,graham_earnings_stability,graham_pe_times_pb,munger_gross_margin",2177993984.0,12.825359,2.4124742,1.316,0.70371,0.20389,0.26236,0.13407,160776992.0,,1.0
IRDM,False,52.654151122482475,"graham_debt_to_equity,graham_pe,graham_pe_times_pb",5247158272.0,56.91954,11.103139,2.782,3.7865699999999998,0.19715,0.71851,0.15099,239205376.0,0.012,4.0
CAT,False,52.624564092190674,"graham_current_ratio,graham_debt_to_equity,graham_pe,graham_pe_times_pb,munger_gross_margin",392828977152.0,36.85123,20.25407,1.368,2.32783,0.56972003,0.29713,0.22183001,5048999936.0,0.0074,4.0
FTV,False,52.57325695615342,"graham_current_ratio,graham_pe,graham_pe_times_pb,munger_roe",18377021440.0,31.89418,3.0097864,1.241,0.59283,0.07318,0.6323,0.19137,939112512.0,0.004,4.0
SIG,True,52.55597719047619,,3379214848.0,12.135593,1.797941,1.615,0.64495,0.15933,0.39337003,0.05059,451787488.0,0.0163,4.0
NABL,False,52.51220671428571,"data_missing:trailing_pe,graham_size,graham_current_ratio,graham_earnings_stability,munger_roe",651724032.0,,0.81348735,1.305,0.5425099999999999,-0.00632,0.79855,0.13182999,70063376.0,,0.0
WST,False,52.46761578335124,"graham_pe,graham_pe_times_pb",24392941568.0,44.437176,8.1605215,2.822,0.10585000000000001,0.19087,0.36786,0.22469,277937504.0,0.0025,4.0
HCSG,False,52.457129384947386,"graham_size,graham_pe_times_pb,munger_gross_margin",1498584064.0,12.769005,2.86098,3.022,0.03417,0.24691999,0.17114,0.04717,70280248.0,,4.0
ECG,False,52.438792966874914,"graham_pe,graham_pe_times_pb,munger_gross_margin",6951320064.0,27.335342,8.990226,1.587,0.47096,0.39525002,0.13016,0.09076,184378496.0,,4.0
ENVA,False,52.39389285714285,"data_missing:free_cash_flow,graham_debt_to_equity,graham_pe_times_pb",6524867072.0,19.46954,4.356123,20.146,3.3701499999999998,0.26081,0.83291,0.29944,,,4.0
CHD,False,52.38570503366421,"graham_current_ratio,graham_pe,graham_pe_times_pb",23357468672.0,31.5609,5.370603,1.147,0.55851,0.17041,0.45562,0.18065001,939262528.0,0.0126,4.0
MTCH,False,52.33042857142858,"data_missing:debt_to_equity,data_missing:return_on_equity,graham_pe_times_pb",8761960448.0,13.53546,-37.022305,1.724,,,0.74872,0.28771,930664000.0,0.0215,4.0
HAE,False,52.31504609992519,"graham_debt_to_equity,graham_pe,graham_pe_times_pb,munger_roe",4753568256.0,50.718834,5.675528,3.08,1.40265,0.111999996,0.59331,0.17932,312840000.0,,4.0
UHS,False,52.240205639010526,graham_current_ratio,10213992448.0,7.05352,1.3593615,1.116,0.6873999999999999,0.20948,0.44607,0.1114,498316992.0,0.004699999999999999,4.0
CRS,False,52.17336109168822,"graham_earnings_stability,graham_pe,graham_pe_times_pb",26599921664.0,50.89018,11.922162,3.81,0.32658000000000004,0.25752002,0.30584,0.24078,238787504.0,0.0015,0.0
ARE,False,52.10607142857143,"data_missing:trailing_pe,graham_earnings_stability,munger_roe",8036849664.0,,0.5126066,2.35,0.6867,-0.040760003,0.68198997,0.17282,1344973952.0,0.061399999999999996,0.0
ISRG,False,52.09658568508063,"data_missing:debt_to_equity,data_missing:consecutive_positive_earnings_years,graham_pe,graham_pe_times_pb",141269024768.0,45.689453,7.68047,4.963,,0.17423001,0.66679,0.33603,2615200000.0,,
INVH,False,52.07861186265455,"graham_current_ratio,graham_pe,graham_pe_times_pb,munger_roe",17779677184.0,27.458715,1.9522536,0.43,0.9442499999999999,0.070539996,0.56262,0.25115,1168785536.0,0.0404,4.0
BDX,False,52.017297190476185,"graham_current_ratio,graham_pe,graham_pe_times_pb,munger_roe",50293501952.0,32.0,2.0598636,0.865,0.6884,0.06607,0.46936,0.15732999,4478374912.0,0.0231,4.0
PRG,False,51.96426257142858,"graham_size,graham_debt_to_equity",1688662016.0,13.675807,2.09679,4.518,1.10148,0.17066,0.36145002,0.16605,1535915904.0,0.013300000000000001,4.0
CNMD,False,51.9293761904762,"graham_size,graham_current_ratio,graham_earnings_stability,graham_pe,graham_pe_times_pb,munger_roe",1489176064.0,26.875675,1.4316977,1.484,0.80109,0.05527,0.55576,0.14642,131359624.0,0.016200000000000003,3.0
TJX,False,51.91273208567612,"graham_current_ratio,graham_debt_to_equity,graham_pe,graham_pe_times_pb",168069726208.0,29.599222,16.161037,1.139,1.3630699999999998,0.6125,0.31351998,0.11771,4314250240.0,0.0127,4.0
WMS,False,51.840565835088206,"graham_pe,graham_pe_times_pb",10924726272.0,25.152777,5.767057,2.119,0.97185,0.26354,0.38645,0.26325,327261376.0,0.0054,4.0
MGM,False,51.82189232142858,"graham_current_ratio,graham_debt_to_equity,graham_pe,graham_pe_times_pb",10970701824.0,26.427273,4.3639913,1.335,8.933110000000001,0.18924999,0.44157,0.067880005,878991104.0,,4.0
ALV,False,51.81041688095237,"graham_current_ratio,graham_pe_times_pb,munger_gross_margin",8808606720.0,14.183373,3.537604,1.029,0.8752500000000001,0.25858,0.19298,0.095970005,742124992.0,0.0288,4.0
MAT,False,51.80808333333333,graham_debt_to_equity,4191218944.0,11.2846155,2.0975122,1.902,1.37445,0.20497,0.47605,0.01323,425315872.0,,4.0
CLX,False,51.773830609365525,"graham_current_ratio,graham_debt_to_equity,graham_pe,graham_pe_times_pb",12866092032.0,22.073029,143.0,0.658,22.214290000000002,1.6376,0.42321,0.12885,110375000.0,0.0472,4.0
EXR,False,51.74708624729833,"graham_current_ratio,graham_debt_to_equity,graham_pe,graham_pe_times_pb,munger_roe",32505069568.0,32.584072,2.3470168,0.886,1.01674,0.06953,0.74919,0.45882,1499437568.0,0.0441,4.0
CELH,False,51.72157649161425,"graham_earnings_stability,graham_pe,graham_pe_times_pb,munger_roe",7543151616.0,129.61174,6.295818,1.798,0.22802,0.05113,0.48759997,0.19087,358259008.0,,3.0
URI,False,51.62086550100289,"graham_current_ratio,graham_debt_to_equity,graham_pe,graham_pe_times_pb",71258931200.0,27.533909,7.737213,0.764,1.6679300000000001,0.28895,0.3848,0.25986,1706249984.0,0.0068000000000000005,4.0
ROKU,False,51.596406538042835,"graham_earnings_stability,graham_pe,graham_pe_times_pb,munger_roe",23527376896.0,67.169495,8.331319,2.866,0.16792,0.13122,0.45504,0.12172,836552128.0,,1.0
IVZ,False,51.58160042857143,"data_missing:trailing_pe,graham_current_ratio,graham_earnings_stability,munger_roe,munger_gross_margin",14198639616.0,,1.4253424,0.708,0.12055999999999999,-0.0057300003,0.2952,0.19950001,1140787456.0,0.0264,0.0
AGO,False,51.494876961457315,"graham_current_ratio,munger_roe",3385959168.0,10.238031,0.60982656,0.99,0.30563,0.06666,0.94342005,0.4264,14625000.0,0.0199,4.0
FORM,False,51.44840797246499,"graham_pe,graham_pe_times_pb,munger_roe",9975481344.0,88.25172,8.99515,4.078,0.02691,0.10989001,0.46182,0.24122,114850000.0,,4.0
HST,False,51.41189523809524,"graham_pe_times_pb,munger_gross_margin",15846710272.0,15.308724,2.4458501,1.671,0.8529800000000001,0.15558,0.29195,0.18215,1692375040.0,0.0351,4.0
GHC,False,51.34797871768535,"munger_roe,munger_gross_margin",4944278528.0,9.434343,1.0383694,1.86,0.30218,0.118710004,0.29947,0.1974,267685120.0,0.006500000000000001,4.0
LIN,False,51.337965654259484,"graham_current_ratio,graham_pe,graham_pe_times_pb",220740354048.0,31.441236,5.6482816,0.879,0.68947,0.18400998,0.48348,0.28119,4160750080.0,0.013500000000000002,4.0
DEA,False,51.328107180357144,"graham_size,graham_current_ratio,graham_debt_to_equity,graham_pe,graham_pe_times_pb,munger_roe",1209708288.0,129.92105,0.88680124,0.604,1.25876,0.0077100005,0.67524004,0.25083,127493128.0,0.07339999999999999,4.0
PFG,False,51.315623652049716,"graham_pe_times_pb,munger_roe",24382236672.0,16.362068,2.0129387,1.586,0.35307,0.12949,0.47345,0.12336001,1056374976.0,0.0297,4.0
ALRM,False,51.230433313511604,"graham_pe,graham_pe_times_pb,munger_roe",2739234560.0,24.690266,3.1650596,4.96,0.62337,0.13311,0.65809,0.15068,100146624.0,,4.0
DBX,False,51.184428571428576,"data_missing:debt_to_equity,data_missing:return_on_equity,graham_current_ratio,graham_pe_times_pb",7358367232.0,18.69641,-3.3976405,1.074,,,0.79732,0.26097,783075008.0,,4.0
HLIT,False,51.178541284242606,"graham_size,graham_earnings_stability,graham_pe,graham_pe_times_pb,munger_roe",1439661952.0,55.020836,4.033293,3.047,0.36111,0.06546,0.50009,0.17781,71381872.0,,0.0
WRLD,False,51.177432708442524,"graham_size,graham_debt_to_equity,graham_pe,graham_pe_times_pb,munger_roe",883019776.0,23.96962,2.3624818,10.382,1.78936,0.099,0.69242996,0.15316,60710904.0,,4.0
ACIW,False,51.16518928819042,"graham_pe,graham_pe_times_pb",5312264704.0,24.704224,3.5587716,1.582,0.57698,0.15617,0.49082002,0.10466,260535632.0,,4.0
STE,False,51.162756492725094,"graham_pe,graham_pe_times_pb,munger_roe",22561525760.0,28.709675,3.1306229,1.906,0.28312000000000004,0.11389,0.44422,0.19153,798862528.0,0.011200000000000002,4.0
CURB,False,51.13473184603865,"graham_pe,graham_pe_times_pb,munger_roe",3431392768.0,111.44444,1.6448015,2.654,0.28476,0.0146200005,0.75179,0.19184,152188000.0,0.0227,4.0
AMRX,False,51.1278578095238,"graham_debt_to_equity,graham_earnings_stability,graham_pe,graham_pe_times_pb,munger_fcf",6448700928.0,38.572918,179.75728,2.205,23.86528,6.1301703,0.39810002,0.18335,-115327128.0,,1.0
WMB,False,51.127250000000004,"graham_current_ratio,graham_debt_to_equity,graham_pe,graham_pe_times_pb,munger_fcf",92434767872.0,30.10757,7.0258465,0.477,2.00371,0.21503,0.63637,0.39540002,-1516749952.0,0.0286,4.0
NFG,False,51.044,munger_fcf,7865932288.0,11.526463,2.0045538,3.201,0.9092,0.19576,0.63229,0.40073,-24765500.0,0.0271,4.0
DRI,False,51.01403268490956,"graham_current_ratio,graham_debt_to_equity,graham_pe,graham_pe_times_pb,munger_gross_margin",25579653120.0,21.57936,11.642215,0.314,3.64507,0.53718,0.21667999,0.14142,790974976.0,0.0271,4.0
TKO,False,50.89789207817205,"graham_current_ratio,graham_pe,graham_pe_times_pb,munger_roe",37004120064.0,68.6,4.279148,1.278,0.59216,0.07063,0.59455,0.32388002,856147520.0,0.0159,4.0
ZD,False,50.78414285714287,"data_missing:trailing_pe,graham_size,munger_roe",1907911680.0,,0.8695211,2.164,0.3998,-0.01456,0.85010004,0.04156,519709248.0,,4.0
SYY,False,50.73526011884232,"graham_current_ratio,graham_debt_to_equity,graham_pe,graham_pe_times_pb,munger_gross_margin",39309369344.0,22.434425,14.738826,1.277,5.6140300000000005,0.77692,0.18496001,0.05013,1953124992.0,0.0269,4.0
DD,False,50.72179523809523,"graham_earnings_stability,graham_pe,graham_pe_times_pb,munger_roe",19006683136.0,60.416313,1.3805989,2.427,0.22902,0.01792,0.35132,0.14239,1835250048.0,0.0168,0.0
SCI,False,50.685291609441286,"graham_current_ratio,graham_debt_to_equity,graham_pe,graham_pe_times_pb,munger_gross_margin",11325830144.0,22.101063,7.2456183,0.531,3.44863,0.34714,0.26026,0.21003,315907872.0,0.0174,4.0
VICI,False,50.6668166390712,munger_roe,28754638848.0,10.122093,0.9857321,11.236,0.60277,0.09849,0.99271005,0.70182997,267028992.0,0.0693,4.0
WM,False,50.54398164028733,"graham_current_ratio,graham_debt_to_equity,graham_pe,graham_pe_times_pb",90423574528.0,59.375328,9.116261,0.907,2.35301,0.29841,0.40601003,0.18986,2348375040.0,0.0158,4.0
VAL,False,50.48141817133329,munger_gross_margin,6147325952.0,6.676659,1.9328973,1.547,0.36219999999999997,0.33619,0.24784,0.09792,79725000.0,,4.0
AMD,False,50.430625888138266,"graham_pe,graham_pe_times_pb,munger_roe",797896671232.0,125.324356,11.86582,2.609,0.06361,0.10196,0.55724,0.1725,8841499648.0,,4.0
TRMB,False,50.2956187252995,"data_missing:trailing_pe,graham_current_ratio,munger_roe",13102374912.0,,2.3094945,0.954,0.28553,-0.01939,0.71773005,0.15134,686174976.0,,4.0
MAA,False,50.2887192616649,"graham_current_ratio,graham_debt_to_equity,graham_pe,graham_pe_times_pb,munger_roe",15698015232.0,38.46637,2.8086636,0.048,1.0237699999999998,0.0705,0.58392,0.25356,921182272.0,0.0467,4.0
CDW,False,50.270712963363096,"graham_current_ratio,graham_debt_to_equity,graham_pe_times_pb,munger_gross_margin",16914857984.0,16.26202,6.942022,1.167,2.6327800000000003,0.44009998,0.21360001,0.07345,676787520.0,0.018600000000000002,4.0
ARR,False,50.24824999999999,"data_missing:free_cash_flow,graham_current_ratio,graham_debt_to_equity,graham_earnings_stability",2317223424.0,3.7718894,0.865588,1.142,7.567240000000001,0.20331,1.0,0.86998004,,0.175,1.0
SCHW,False,50.20475,"data_missing:free_cash_flow,graham_current_ratio,graham_debt_to_equity,graham_pe,graham_pe_times_pb",192976568320.0,20.363138,4.3893323,0.655,1.5110599999999998,0.20273,0.97495,0.52277,,0.0116,4.0
EEFT,False,50.08058333333334,"graham_current_ratio,graham_debt_to_equity,munger_gross_margin",2714563840.0,11.316666,2.6436887,1.371,2.25391,0.22371,0.24004,0.12369,311637504.0,,4.0
INGR,False,50.06428891466924,"munger_roe,munger_gross_margin",6570005504.0,11.498896,1.4530797,2.798,0.39411999999999997,0.13693,0.23728001,0.12595001,457249984.0,0.0317,4.0
AIT,False,50.04878334648637,"graham_pe,graham_pe_times_pb",12943135744.0,32.238117,7.161262,2.578,0.25967,0.22368999,0.30337998,0.117740005,362843616.0,0.005699999999999999,4.0
RYAN,False,50.026034056094694,"graham_current_ratio,graham_debt_to_equity,graham_pe,graham_pe_times_pb",16432905216.0,56.939186,10.044099,0.998,3.74707,0.22092,0.41487,0.25041,584760128.0,0.0125,4.0
IEX,False,50.02124409347207,"graham_pe,graham_pe_times_pb,munger_roe",17466454016.0,34.09065,4.3744693,3.049,0.4706,0.12955,0.4473,0.2217,555612480.0,0.0121,4.0
NYT,False,49.98591437019532,"data_missing:debt_to_equity,graham_pe,graham_pe_times_pb",10579396608.0,27.33125,5.175148,1.58,,0.19724001,0.50958997,0.17122,459932128.0,0.0141,4.0
KFY,False,49.982963625617145,"graham_pe_times_pb,munger_roe,munger_gross_margin",4309550080.0,16.075672,2.1366007,1.941,0.30126000000000003,0.14583999,0.24304001,0.14693,244188256.0,0.0265,4.0
PCRX,False,49.97879293214286,"graham_size,graham_earnings_stability,graham_pe,graham_pe_times_pb,munger_roe",929201216.0,67.47143,1.3994902,5.042,0.61329,0.020480001,0.79206,0.06165,92841248.0,,1.0
RJF,False,49.94475789285715,"data_missing:free_cash_flow,graham_pe_times_pb",34617413632.0,15.689626,2.722624,2.109,0.47594000000000003,0.18416001,0.93156,0.19301,,0.012,4.0
VMI,False,49.93880330032827,graham_pe_times_pb,9626259456.0,19.376709,5.543506,2.354,0.50676,0.29777,0.30403998,0.14849,142812496.0,0.0060999999999999995,4.0
PLAB,False,49.89970327503169,"graham_size,munger_roe",1898631040.0,11.881919,1.50855,5.049,0.00228,0.13239999,0.33773997,0.20091,39001500.0,,4.0
MIDD,False,49.89401257142857,"graham_earnings_stability,graham_pe_times_pb,munger_roe",5150599168.0,17.30927,2.3306186,1.987,0.90515,0.10974,0.38401002,0.17361,604098624.0,,0.0
CW,False,49.872775275022704,"graham_pe,graham_pe_times_pb",25614313472.0,47.894165,9.246644,1.602,0.41481999999999997,0.19746,0.37727,0.19395,553040256.0,0.0015,4.0
ADUS,False,49.86913020034528,"graham_pe,graham_pe_times_pb,munger_roe",2168940288.0,20.35114,1.8514299,1.69,0.09478,0.09706,0.32359,0.10318,119751504.0,,4.0
MMS,False,49.842861904761904,munger_gross_margin,2935176448.0,8.292899,1.6863701,2.421,0.99546,0.21112,0.25594,0.12622,354073760.0,0.024300000000000002,4.0
MTDR,False,49.8284,"graham_current_ratio,munger_roe,munger_fcf",6973550080.0,9.665523,1.1785743,0.65,0.69104,0.13592,0.8239,0.492,-907763968.0,0.0268,4.0
CCK,False,49.72530590822112,"graham_current_ratio,graham_debt_to_equity,graham_pe_times_pb,munger_gross_margin",12693983232.0,16.793526,4.3767576,1.049,1.86334,0.27367002,0.20957,0.12595001,853875008.0,0.0113,4.0
MRP,False,49.7029997,"graham_earnings_stability,munger_roe,munger_fcf",4988079616.0,10.4669,0.852392,54.111,0.42579999999999996,0.081199996,0.85307,0.85156995,-1379807232.0,0.10210000000000001,1.0
PHM,False,49.685989814052476,"munger_roe,munger_gross_margin",24233674752.0,13.169772,1.834648,7.272,0.19065000000000001,0.14901,0.25565,0.15685001,1078512896.0,0.008100000000000001,4.0
NLY,False,49.675250000000005,"data_missing:free_cash_flow,graham_current_ratio,graham_debt_to_equity,graham_earnings_stability",17572851712.0,5.6180725,1.1571867,0.558,7.37543,0.19567,0.97972,0.91652,,0.1284,2.0
DLR,False,49.65166681512155,"graham_current_ratio,graham_pe,graham_pe_times_pb,munger_roe",74955997184.0,251.87341,2.7571776,0.89,0.67944,0.02912,0.56994,0.25882,3768482048.0,0.024700000000000003,4.0
UPS,False,49.639507717424856,"graham_current_ratio,graham_debt_to_equity,graham_pe_times_pb,munger_gross_margin",86367092736.0,18.86896,5.733691,1.179,1.899,0.29602,0.22413,0.09052,5557749760.0,0.0643,4.0
BCPC,False,49.607692324965335,"graham_pe,graham_pe_times_pb,munger_roe",5716047872.0,35.297245,4.3995976,2.665,0.12801,0.12793,0.36294997,0.20853001,134847504.0,0.0054,4.0
RBC,False,49.564196014479656,"graham_pe,graham_pe_times_pb,munger_roe",17303042048.0,54.1665,4.983814,2.53,0.25364000000000003,0.09747,0.45953,0.2718,283237504.0,,4.0
TDY,False,49.54800353766689,"graham_pe,graham_pe_times_pb,munger_roe",30981683200.0,32.478386,2.8391356,2.181,0.18565,0.09154,0.43339002,0.20198,912675008.0,,4.0
OKTA,False,49.52834987218321,"graham_current_ratio,graham_earnings_stability,graham_pe,graham_pe_times_pb,munger_roe",25639157760.0,105.95652,3.7163553,1.43,0.05957,0.036679998,0.77436996,0.0732,977750016.0,,2.0
TWLO,False,49.484597173542326,"graham_earnings_stability,graham_pe,graham_pe_times_pb,munger_roe",36156211200.0,33.87482,4.6004887,4.621,0.11868000000000001,0.13497,0.48561,0.078260005,954675392.0,,1.0
AMSF,False,49.478313137418425,"data_missing:debt_to_equity,graham_size,munger_gross_margin",501448128.0,10.810484,1.9865144,2.042,,0.18225001,0.27679002,0.19858,36250000.0,0.0621,4.0
DOV,False,49.454918822923496,"graham_pe,graham_pe_times_pb,munger_roe",27495641088.0,24.6564,3.5690186,1.979,0.42316000000000004,0.14914,0.40092,0.18691999,906472128.0,0.0102,4.0
DTM,False,49.42360875603934,"graham_current_ratio,graham_pe,graham_pe_times_pb,munger_roe",14039344128.0,30.179823,2.9377108,1.372,0.6854300000000001,0.09901,0.75344,0.50437,128000000.0,0.026099999999999998,4.0
PBH,False,49.416754077859814,"graham_debt_to_equity,graham_earnings_stability,munger_roe",2402361856.0,14.571838,1.2533057,3.23,1.07864,0.0912,0.54772997,0.20834999,147887504.0,,3.0
CORT,False,49.39699881155929,"graham_pe,graham_pe_times_pb,munger_roe",12750746624.0,256.42392,18.035933,2.859,0.013349999999999999,0.08226,0.98305,0.16124001,77395128.0,,4.0
DASH,False,49.35042611668391,"graham_current_ratio,graham_earnings_stability,graham_pe,graham_pe_times_pb,munger_roe",94532108288.0,114.22513,9.52749,1.368,0.33276000000000006,0.088870004,0.52225,0.03862,5147500032.0,,2.0
FSS,False,49.338863246741425,"graham_pe,graham_pe_times_pb,munger_gross_margin",7572212224.0,26.734915,5.022674,2.739,0.32223,0.20608,0.29167998,0.17650999,194724992.0,0.0048,4.0
WTW,False,49.33565548788285,"graham_current_ratio,graham_earnings_stability,graham_pe,graham_pe_times_pb",30706712576.0,20.485441,3.9997945,1.098,0.9139,0.19761999,0.42516,0.17559,1415624960.0,0.0118,1.0
CXT,False,49.33362004761905,"graham_current_ratio,graham_debt_to_equity,graham_pe,graham_pe_times_pb,munger_roe",2837484288.0,20.887712,2.2405798,1.415,1.141,0.11484,0.42115003,0.15592,239787504.0,0.0143,4.0
XYL,False,49.12854863399236,"graham_pe,graham_pe_times_pb,munger_roe",26484410368.0,26.942993,2.4067473,1.613,0.28642,0.09182999,0.39240003,0.16995001,1183750016.0,0.0146,4.0
PEN,False,49.07280533767779,"graham_earnings_stability,graham_pe,graham_pe_times_pb,munger_roe",12907520000.0,80.71182,8.432145,5.75,0.13896,0.1137,0.6784,0.105220005,161100128.0,,3.0
LMT,False,49.06085495256129,"graham_current_ratio,graham_debt_to_equity,graham_pe,graham_pe_times_pb,munger_gross_margin",139013357568.0,22.201807,15.800194,1.193,2.34238,0.89165,0.11798,0.119569995,5562625024.0,0.0232,4.0
OSK,False,49.0496235208016,"graham_pe_times_pb,munger_roe,munger_gross_margin",9405071360.0,17.27835,2.0604587,1.718,0.24359000000000003,0.12387,0.15898,0.08405,734037504.0,0.0148,4.0
TTEK,False,49.046615714253775,"graham_current_ratio,graham_pe,graham_pe_times_pb,munger_gross_margin",9247044608.0,21.756025,4.993088,1.184,0.55247,0.24297,0.21837,0.14253001,396642240.0,0.008,4.0
BURL,False,49.036232220558176,"graham_current_ratio,graham_debt_to_equity,graham_pe,graham_pe_times_pb",21176315904.0,35.741253,11.415025,1.164,3.19733,0.39141,0.43947,0.05933,210811744.0,,4.0
GPN,False,48.98347857142858,"graham_current_ratio,graham_pe,graham_pe_times_pb,munger_roe",24418983936.0,43.7346,1.0613729,0.825,0.98273,0.02428,0.63959,0.16108,7867763200.0,0.0111,4.0
NVST,False,48.97062457137078,"graham_earnings_stability,graham_pe,graham_pe_times_pb,munger_roe",4416987136.0,47.413795,1.4547186,2.425,0.5162,0.030569999,0.55862,0.121149994,275762496.0,,1.0
ITRI,False,48.945111268856984,"graham_earnings_stability,graham_pe_times_pb",4370793472.0,16.692308,2.7036102,2.746,0.9775400000000001,0.16885,0.39869,0.13455,295262240.0,,3.0
MRVL,False,48.89520399364238,"graham_earnings_stability,graham_pe,graham_pe_times_pb",199353597952.0,76.32646,10.6763115,3.278,0.2897,0.16028,0.51502997,0.14479999,2269700096.0,0.001,1.0
WHD,False,48.88516061330932,"graham_pe,graham_pe_times_pb,munger_roe",5880357888.0,61.630245,4.1197615,2.587,0.033010000000000005,0.13114001,0.33233002,0.18593,129337624.0,0.008199999999999999,4.0
VNOM,False,48.876715242143845,"data_missing:trailing_pe,graham_earnings_stability,munger_roe",22672820224.0,,1.6446843,6.374,0.1632,0.0109,1.0,0.66980004,46000000.0,0.056900000000000006,0.0
TREX,False,48.8717605828206,"graham_current_ratio,graham_pe,graham_pe_times_pb",4976749056.0,28.17647,4.9979134,1.061,0.30034,0.17740999,0.38204,0.20618999,69669128.0,,4.0
VST,False,48.860855749708534,"graham_current_ratio,graham_debt_to_equity,graham_earnings_stability,graham_pe,graham_pe_times_pb",48472436736.0,24.354132,16.141724,0.973,3.7327999999999997,0.42962003,0.38309,0.13766,37125000.0,0.0063,3.0
SF,False,48.846520999999996,"data_missing:free_cash_flow,graham_current_ratio,graham_pe_times_pb",12675085312.0,15.0161,2.3881192,0.895,0.52002,0.16427,0.95567,0.21761999,,0.016200000000000003,4.0
GTM,False,48.80885714285715,"data_missing:trailing_pe,graham_size,graham_current_ratio,graham_debt_to_equity,munger_roe",1125140352.0,,1.3633157,0.651,1.83227,-0.45449,0.86507004,0.20554,356462496.0,,4.0
GTES,False,48.80274352044763,"graham_pe_times_pb,munger_roe",6946468352.0,19.460993,1.972398,3.244,0.60695,0.10384,0.40532002,0.15346,417662496.0,,4.0
SXI,False,48.619317690926955,"graham_pe,graham_pe_times_pb",3962701568.0,37.75635,5.218328,2.404,0.74985,0.17218,0.41726002,0.1777,165311008.0,0.0042,4.0
SPXC,False,48.575382510785886,"graham_pe,graham_pe_times_pb,munger_roe",10666285056.0,37.361404,4.541403,1.825,0.26175,0.14684,0.40287998,0.17673,234024992.0,,4.0
EHC,False,48.53151058227848,"graham_current_ratio,graham_pe,graham_pe_times_pb",12064322560.0,20.415693,4.651048,1.192,0.82121,0.24968,0.43865,0.18054001,229924992.0,0.0069,4.0
UPBD,False,48.519320761904766,"graham_size,graham_debt_to_equity,graham_earnings_stability,munger_roe",1121680512.0,12.493506,1.5294118,3.126,2.32932,0.12733,0.49133998,0.06047,1568163200.0,0.0803,2.0
GILD,False,48.51803870365079,"data_missing:trailing_pe,graham_current_ratio,graham_debt_to_equity,munger_roe",173401538560.0,,14.671108,1.265,2.2346500000000002,-0.2068,0.79603994,0.33679,9768875008.0,0.0236,4.0
MTN,False,48.51741208296973,"graham_current_ratio,graham_debt_to_equity,graham_pe,graham_pe_times_pb",5238128640.0,31.612902,9.49367,0.911,3.55585,0.1685,0.43330002,0.42097,134862496.0,0.060599999999999994,4.0
ESE,False,48.506130068630426,"graham_current_ratio,graham_pe,graham_pe_times_pb,munger_roe",7868387328.0,56.34694,4.962906,1.382,0.09315,0.095,0.42008,0.148,233938368.0,0.001,4.0
WSO,False,48.50568954188067,"graham_pe,graham_pe_times_pb,munger_gross_margin",12863258624.0,26.742712,4.0184026,3.199,0.15411,0.16744,0.27512,0.1094,483663744.0,0.042300000000000004,4.0
MS,False,48.47749925,"data_missing:free_cash_flow,graham_debt_to_equity,graham_pe_times_pb",339976454144.0,17.483429,3.189776,1.999,5.172820000000001,0.17969999,0.87641,0.41567,,0.021099999999999997,4.0
DHR,False,48.432171175281994,"graham_pe,graham_pe_times_pb,munger_roe",142017249280.0,36.010696,2.7005856,1.651,0.5297,0.07605,0.58752996,0.19777,4325125120.0,0.0079,4.0
SAIC,False,48.43070782773813,"graham_current_ratio,graham_debt_to_equity,graham_pe_times_pb,munger_gross_margin",5299188224.0,14.099549,3.7876592,1.156,1.8798300000000001,0.27664,0.12605,0.08762,418124992.0,0.011899999999999999,4.0
DEI,False,48.410286142857146,"data_missing:trailing_pe,graham_current_ratio,graham_debt_to_equity,graham_earnings_stability,munger_roe",2330523904.0,,1.0558441,0.547,1.6313300000000002,-0.01928,0.63176996,0.19624001,395813120.0,0.0655,2.0
NKE,False,48.407463416896846,graham_pe_times_pb,58346008576.0,19.470299,3.9235835,1.961,0.74289,0.22138001,0.43245,0.12687,1889250048.0,0.042,4.0
TSCO,False,48.403939471992295,"graham_current_ratio,graham_debt_to_equity,graham_pe_times_pb",18059251712.0,18.052084,6.8975124,1.334,2.4871,0.39513,0.36499,0.120740004,103175000.0,0.0277,4.0
DOC,False,48.348107142857145,"graham_debt_to_equity,graham_pe,graham_pe_times_pb,munger_roe",14604313600.0,58.857143,1.8105115,2.286,1.08653,0.03039,0.57648,0.1599,1645113088.0,0.0593,4.0
SNPS,False,48.27783859150458,"graham_current_ratio,graham_pe,graham_pe_times_pb,munger_roe",78322704384.0,93.38813,2.5693307,1.434,0.35574,0.03824,0.82598996,0.10383,3538958592.0,,4.0
SAFT,False,48.272133333333336,"graham_size,graham_current_ratio,graham_pe,graham_pe_times_pb,munger_roe,munger_gross_margin",1518402304.0,22.24301,1.7323507,0.385,0.06817999999999999,0.07842,0.07645,0.13685,160487248.0,0.0356,4.0
CNO,False,48.272072095238094,"graham_debt_to_equity,graham_pe_times_pb,munger_roe",5097927168.0,18.999998,1.9708133,1.92,1.75664,0.10934,0.38706002,0.16729,996099968.0,0.0131,4.0
LGND,False,48.26635884377335,"graham_debt_to_equity,graham_earnings_stability,graham_pe,graham_pe_times_pb",5809037312.0,30.258568,5.9993825,31.178,1.16944,0.21962,0.81198996,0.13488,139748880.0,,1.0
TOL,False,48.21054423588274,munger_gross_margin,13404676096.0,10.897417,1.5845008,4.603,0.34450000000000003,0.15657,0.25203,0.15077,631238144.0,0.0072,4.0
TYL,False,48.18525914242257,"graham_pe,graham_pe_times_pb,munger_roe",13484968960.0,43.326973,4.437564,1.554,0.47906,0.09731,0.47205,0.14741,594435648.0,,4.0
CALX,False,48.11425270617685,"graham_earnings_stability,graham_pe,graham_pe_times_pb,munger_roe",2487707136.0,51.98684,3.503591,2.83,0.01969,0.06905,0.56581,0.074489996,61477124.0,,1.0
GOLF,False,47.9348231951178,"graham_debt_to_equity,graham_pe,graham_pe_times_pb",5293833216.0,24.630434,5.7243905,2.55,1.17199,0.25239,0.49148998,0.21402,73061000.0,0.0113,4.0
EFX,False,47.92676438578465,"graham_current_ratio,graham_debt_to_equity,graham_pe,graham_pe_times_pb,munger_roe",20981626880.0,31.386642,4.7947483,0.602,1.20956,0.14275,0.55542,0.17305,947537472.0,0.0127,4.0
ABT,False,47.91441147132428,"graham_current_ratio,graham_pe,graham_pe_times_pb,munger_roe",195640442880.0,36.349514,3.8026881,1.376,0.63212,0.10576,0.56847,0.14706999,7209124864.0,0.022799999999999997,4.0
ATEN,False,47.90212340761051,"graham_size,graham_current_ratio,graham_pe,graham_pe_times_pb",1981863296.0,47.060345,8.311511,1.29,0.9500700000000001,0.19444999,0.79379,0.11261,61384500.0,0.0088,4.0
O,False,47.884590348439296,"graham_pe,graham_pe_times_pb,munger_roe",59261636608.0,45.71533,1.4983971,1.528,0.74722,0.03225,0.9268,0.46965998,1582081920.0,0.0521,4.0
RVTY,False,47.86296112650504,"graham_pe,graham_pe_times_pb,munger_roe",12867027968.0,55.4375,1.7799423,1.8,0.46225,0.03211,0.54976004,0.17052999,604992128.0,0.0024,4.0
XPEL,False,47.78734015476191,"graham_size,graham_pe,graham_pe_times_pb,munger_fcf",1353861504.0,24.800505,4.7067,2.61,0.19949000000000003,0.19365999,0.42901,0.16228001,-15348625.0,,4.0
MHK,False,47.733971364285715,"graham_earnings_stability,munger_roe,munger_gross_margin",9130763264.0,18.490398,1.0700648,1.916,0.27604,0.055120002,0.25641,0.097849995,966899968.0,,2.0
CSR,False,47.72133376190476,"graham_size,graham_debt_to_equity,graham_earnings_stability,graham_pe,graham_pe_times_pb,munger_roe",966863104.0,42.6875,1.3488361,3.112,1.24015,0.03388,0.59305,0.12628001,106247624.0,0.0564,1.0
NCLH,False,47.71783333333333,"graham_current_ratio,graham_debt_to_equity,graham_earnings_stability,graham_pe_times_pb,munger_fcf",8182727168.0,10.8,3.180439,0.2,6.21051,0.3673,0.42457,0.14042,-1680301312.0,,3.0
BL,False,47.68627899593266,"graham_size,graham_debt_to_equity,graham_earnings_stability,graham_pe,graham_pe_times_pb,munger_roe",1763520768.0,54.17857,5.6019206,1.721,2.0288,0.070300005,0.75563,0.06446,138621248.0,,3.0
GS,False,47.6765,"data_missing:free_cash_flow,graham_debt_to_equity,graham_pe_times_pb",301649199104.0,15.816565,2.8270764,1.563,7.25381,0.16902,0.82075995,0.42176998,,0.019,4.0
VRTS,False,47.66892515165792,"graham_size,munger_roe",1117117056.0,9.531356,1.2176877,2.659,0.44522,0.106709994,0.41079,0.117910005,56292376.0,0.0571,4.0
MYRG,False,47.66418569165194,"graham_current_ratio,graham_pe,graham_pe_times_pb,munger_gross_margin",5128355328.0,31.310837,6.7977133,1.398,0.08895,0.24714,0.12488,0.06199,177308880.0,,4.0
LCII,False,47.66166216190476,munger_gross_margin,2525418752.0,12.278665,1.7638944,2.486,0.80054,0.15,0.25651,0.113620006,264589248.0,0.044199999999999996,4.0
NOW,False,47.64248437464767,"graham_current_ratio,graham_pe,graham_pe_times_pb,munger_roe",124394274816.0,79.1579,9.938873,0.701,0.67538,0.14244,0.74768996,0.04063,5149374976.0,,4.0
VSXY,False,47.640592727266906,"graham_current_ratio,graham_debt_to_equity,graham_pe,graham_pe_times_pb",6669752832.0,35.402954,8.3905,1.264,3.3739600000000003,0.32016,0.37012002,0.05192,241875008.0,,4.0
LDOS,False,47.63647169313345,"graham_debt_to_equity,graham_pe_times_pb,munger_gross_margin",18087950336.0,13.426704,3.4151905,1.629,1.2327599999999999,0.27781,0.17795,0.11715999,1146625024.0,0.0121,4.0
POOL,False,47.54286673926629,"graham_debt_to_equity,graham_pe_times_pb,munger_gross_margin",6864585728.0,17.34573,5.448056,2.671,1.34537,0.31254998,0.29579002,0.15137,212930256.0,0.0273,4.0
ZBRA,False,47.4796669855438,"graham_current_ratio,graham_pe,graham_pe_times_pb",17347604480.0,33.35073,5.078013,0.516,0.8623000000000001,0.15286,0.49581,0.21259001,576750016.0,,4.0
DHI,False,47.44825409990047,"munger_roe,munger_gross_margin",40981831680.0,13.967588,1.7268528,6.011,0.29451,0.12632,0.21298,0.1299,2413900032.0,0.0121,4.0
CVCO,False,47.41803009879568,"graham_pe,graham_pe_times_pb,munger_gross_margin",4570080768.0,26.10167,4.1264095,2.229,0.03702,0.16658,0.21886,0.09846,163879120.0,,4.0
CALY,False,47.386829128147134,"graham_earnings_stability,graham_pe,graham_pe_times_pb,munger_roe",2940834048.0,38.046513,1.3549776,3.043,0.12643000000000001,0.03466,0.44812,0.19046,100975000.0,,0.0
ON,False,47.38160823593628,"graham_pe,graham_pe_times_pb,munger_roe",31195545600.0,52.372547,4.321307,3.464,0.6505500000000001,0.08312,0.42776,0.19532,1656649984.0,,4.0
CENT,False,47.352768005952385,munger_roe,2711824384.0,16.046297,1.5522554,3.787,0.8063400000000001,0.099709995,0.32571998,0.14262,342347872.0,,4.0
CENTA,False,47.352768005952385,munger_roe,2348474368.0,13.8962965,1.344273,3.787,0.8063400000000001,0.099709995,0.32571998,0.14262,342347872.0,,4.0
ADAM,False,47.3285,"data_missing:free_cash_flow,graham_size,graham_current_ratio,graham_debt_to_equity,graham_earnings_stability",905089408.0,5.9940476,0.971164,0.844,7.69104,0.16438,0.78673,0.51676,,0.1186,1.0
PBI,False,47.31885714285715,"data_missing:debt_to_equity,data_missing:return_on_equity,graham_current_ratio,graham_earnings_stability,graham_pe_times_pb",2227715840.0,13.211382,-2.5797746,0.734,,,0.54081,0.21681,233828128.0,0.025,1.0
VVV,False,47.30675455383755,"graham_current_ratio,graham_debt_to_equity,graham_pe,graham_pe_times_pb",4288636160.0,41.493828,10.290875,0.702,4.7499400000000005,0.28399,0.38284,0.21043,72525000.0,,4.0
PPG,False,47.2937166215228,graham_pe_times_pb,24833132544.0,16.02726,2.941285,1.58,0.86938,0.19297001,0.41202998,0.14016,1104625024.0,0.026099999999999998,4.0
BLFS,False,47.290181006337164,"graham_size,graham_earnings_stability,graham_pe,graham_pe_times_pb,munger_roe",1722494208.0,35.22,4.5645413,9.694,0.037469999999999996,0.12829,0.63613,0.059580002,4664875.0,,0.0
NSC,False,47.288545841807334,"graham_current_ratio,graham_debt_to_equity,graham_pe,graham_pe_times_pb",76846383104.0,29.16752,4.728103,0.831,1.05519,0.16985,0.45159,0.35296002,1382249984.0,0.0158,4.0
NHC,False,47.257634531913254,"graham_pe,graham_pe_times_pb,munger_roe",3570954496.0,25.111233,3.1818306,1.862,0.027839999999999997,0.13267,0.39488,0.11993,63169624.0,0.011699999999999999,4.0
L,False,47.250974553785575,"graham_current_ratio,munger_roe",23143260160.0,13.890798,1.2105691,0.507,0.44609000000000004,0.09313,0.36290002,0.14533,1262000000.0,0.0022,4.0
ALSN,False,47.19600228797511,"graham_debt_to_equity,graham_pe_times_pb",10270231552.0,19.678797,5.195071,1.807,2.11925,0.28349,0.37846002,0.19093001,211000000.0,0.0091,4.0
FELE,False,47.19479785862891,"graham_pe,graham_pe_times_pb,munger_roe",4563949568.0,29.663794,3.2427595,2.406,0.21844999999999998,0.11767,0.35525,0.15447,149414368.0,0.0108,4.0
ATO,False,47.1947,"graham_current_ratio,graham_pe,graham_pe_times_pb,munger_roe,munger_fcf",28922390528.0,20.399282,1.8955168,0.814,0.6766200000000001,0.09792,0.62212,0.37223998,-2220956928.0,0.0235,4.0
AWR,False,47.18751666666667,"graham_current_ratio,graham_pe,graham_pe_times_pb,munger_roe,munger_fcf",3513896192.0,24.558172,3.133239,0.98,0.8181100000000001,0.1367,0.5762,0.35755002,-25544000.0,0.0248,4.0
EIX,False,47.06588105672074,"graham_current_ratio,graham_debt_to_equity",27933644800.0,7.498966,1.6010498,0.662,2.28042,0.19734,0.61005,0.26899,82375000.0,0.0492,4.0
APOG,False,47.02742398095238,"graham_size,munger_roe,munger_gross_margin",869373120.0,13.059561,1.7137686,1.76,0.5625399999999999,0.13756,0.23378,0.054970004,102537000.0,0.0256,4.0
IQV,False,47.026980397124106,"graham_current_ratio,graham_debt_to_equity,graham_pe,graham_pe_times_pb",40284205056.0,30.478209,6.5279665,0.706,2.57975,0.22818,0.32968,0.13027,2149750016.0,,4.0
TPC,False,46.99957857142857,"graham_current_ratio,graham_earnings_stability,graham_pe,graham_pe_times_pb,munger_roe,munger_gross_margin",4993014784.0,40.93966,4.116143,1.285,0.34819,0.13736,0.11481,0.07218,573201344.0,0.0037,1.0
LEG,False,46.93721504761905,"graham_size,graham_debt_to_equity,graham_earnings_stability,munger_gross_margin",1282570624.0,6.0192313,1.2327689,2.35,1.5219900000000002,0.22642,0.19089001,0.08383001,241450000.0,0.0209,1.0
GEHC,False,46.90735965614292,"graham_current_ratio,graham_pe_times_pb",33116123136.0,16.774193,2.9961314,1.264,0.93965,0.19376,0.39528,0.14976,1573124992.0,0.0019,4.0
CPB,False,46.89022661904762,"graham_current_ratio,graham_debt_to_equity,munger_gross_margin",6799101952.0,11.176471,1.6867647,0.866,1.82035,0.15389,0.292,0.13102001,603249984.0,0.0688,4.0
LXP,False,46.856932066626335,"graham_current_ratio,graham_pe,graham_pe_times_pb,munger_roe",3574431488.0,61.2399,1.9279263,1.026,0.69889,0.03497,0.81463,0.16078,183396368.0,0.0462,4.0
SMPL,False,46.82658980952381,"data_missing:trailing_pe,graham_size,munger_roe",959587136.0,,0.67664486,4.796,0.31623999999999997,-0.12197,0.33273998,0.12784,107168376.0,,4.0
RGA,False,46.80126428571428,"graham_current_ratio,munger_roe,munger_gross_margin",16071065600.0,10.832087,1.1734092,1.166,0.41418,0.11687,0.1407,0.10637,9836499968.0,0.0159,4.0
BKNG,False,46.793841996564275,"data_missing:debt_to_equity,data_missing:return_on_equity,graham_current_ratio,graham_pe,graham_pe_times_pb",160343195648.0,22.966358,-14.545684,1.094,,,0.87227994,0.34412,7725875200.0,0.008199999999999999,4.0
RPM,False,46.55702717018196,"graham_pe,graham_pe_times_pb",14104870912.0,21.667158,4.25927,1.678,0.89022,0.21371001,0.41435,0.15307,480144864.0,0.0192,4.0
MSM,False,46.44209384822127,"graham_pe,graham_pe_times_pb",6878867456.0,29.752417,4.846166,1.548,0.39130000000000004,0.16322,0.40823,0.10195,195171120.0,0.0279,4.0
XOM,False,46.42912672130112,"graham_current_ratio,graham_pe,graham_pe_times_pb,munger_roe,munger_gross_margin",674620833792.0,21.115187,2.6009035,1.135,0.15921,0.12584,0.29767,0.15859,20671000576.0,0.0255,4.0
KDP,False,46.38641190476191,"graham_current_ratio,graham_pe,graham_pe_times_pb,munger_roe",41498390528.0,30.80303,1.6423416,0.479,0.99649,0.051,0.50956,0.12888,4607249920.0,0.0304,4.0
SMP,False,46.304007142857145,"graham_size,munger_roe",866041600.0,9.898219,1.2106688,2.003,0.9527899999999999,0.12528,0.31992,0.12917,130171000.0,0.0341,4.0
MCHP,False,46.25343781757848,"graham_earnings_stability,graham_pe,graham_pe_times_pb,munger_roe",41882259456.0,113.42647,6.492424,1.921,0.8368800000000001,0.0719,0.60194,0.23958,1364762496.0,0.0227,1.0
VRSK,False,46.2404996778367,"data_missing:debt_to_equity,data_missing:return_on_equity,graham_current_ratio,graham_pe,graham_pe_times_pb",23476492288.0,27.481594,-20.103218,1.005,,,0.70179003,0.45106998,1055550016.0,0.011399999999999999,4.0
KEX,False,46.239372959893934,"graham_pe,graham_pe_times_pb,munger_roe",7370404864.0,21.442549,2.1532848,1.684,0.35618,0.10414,0.33196998,0.13833,347219136.0,,4.0
PVH,False,46.21477604047619,"graham_pe,munger_roe",3666515200.0,25.405748,0.74857146,1.677,0.8633799999999999,0.033239998,0.57532,0.05822,465637504.0,0.0019,4.0
AXTA,False,46.21044187470238,"graham_debt_to_equity,graham_pe,graham_pe_times_pb,munger_roe",7658705920.0,21.953987,3.036487,1.533,1.19424,0.14344,0.34039003,0.15156001,539500032.0,,4.0
NVT,False,46.07304024207999,"graham_pe,graham_pe_times_pb",27314337792.0,46.876392,6.8510475,1.8,0.40957,0.15748,0.36971,0.20526,468175008.0,0.004699999999999999,4.0
CTRE,False,45.99979999999999,"graham_earnings_stability,graham_pe,graham_pe_times_pb,munger_roe,munger_fcf",9333581824.0,24.6875,2.075997,3.304,0.7194799999999999,0.09056,0.96365,0.57791,-80309504.0,0.0397,3.0
AAT,False,45.967371580084084,"graham_size,graham_current_ratio,graham_debt_to_equity,graham_pe,graham_pe_times_pb,munger_roe",1757792256.0,75.53333,1.2398775,0.62,1.61778,0.02164,0.61821,0.24256,98077376.0,0.06,4.0
KRG,False,45.87102957319079,"graham_current_ratio,graham_earnings_stability,graham_pe_times_pb,munger_roe",5486906880.0,16.49375,1.8427484,0.929,0.96238,0.10738,0.73175,0.24018,152751120.0,0.0438,3.0
LSCC,False,45.836614926191785,"graham_pe,graham_pe_times_pb,munger_roe",17997897728.0,507.88,22.116356,3.024,0.04836,0.04927,0.69024,0.1333,155063248.0,,4.0
SWK,False,45.79479590476191,"graham_current_ratio,graham_earnings_stability,graham_pe,graham_pe_times_pb,munger_roe",14895526912.0,24.116137,1.7079654,1.432,0.58172,0.06886,0.32213002,0.08443,1419049984.0,0.0337,2.0
AN,False,45.741941784927334,"graham_current_ratio,graham_debt_to_equity,munger_gross_margin",6686547968.0,9.580767,2.965847,0.782,5.0158499999999995,0.32766998,0.17834999,0.04449,356124992.0,,4.0
FIVN,False,45.715368833333336,"graham_debt_to_equity,graham_earnings_stability,graham_pe,graham_pe_times_pb,munger_roe",2428514560.0,47.794117,3.094354,4.149,1.07449,0.079169996,0.55063,0.033210002,260481504.0,,1.0
BKR,False,45.71199510915978,"graham_earnings_stability,graham_pe,graham_pe_times_pb,munger_gross_margin",64474177536.0,20.884245,3.2374637,2.095,0.80925,0.16463,0.23657,0.1283,4415000064.0,0.014199999999999999,3.0
EQIX,False,45.67083430102175,"graham_current_ratio,graham_debt_to_equity,graham_pe,graham_pe_times_pb,munger_roe",108351381504.0,70.43617,7.5337715,1.131,1.6221700000000001,0.10735,0.51979,0.27021998,3776000000.0,0.018799999999999997,4.0
SGI,False,45.63453662966349,"graham_current_ratio,graham_debt_to_equity,graham_pe,graham_pe_times_pb",13417110528.0,25.209486,4.2616596,0.748,1.98088,0.17516,0.44733003,0.111269996,687912512.0,0.0105,4.0
SWKS,False,45.6048864770969,"graham_pe,graham_pe_times_pb,munger_roe",10014029824.0,34.49741,1.7462233,3.101,0.11869,0.05094,0.40734002,0.08825,448812512.0,0.041299999999999996,4.0
FG,False,45.47653266666667,"graham_current_ratio,graham_earnings_stability,munger_roe",3472401664.0,8.723684,0.7534305,0.941,0.48807,0.09167,0.32766998,-0.0373,2273625088.0,0.0377,2.0
FBIN,False,45.42186413446777,"graham_debt_to_equity,graham_pe,graham_pe_times_pb,munger_roe",5446920704.0,36.79839,2.359603,2.014,1.21292,0.06406,0.46490002,0.20045,360150016.0,0.0223,4.0
SON,False,45.363868952380955,"graham_current_ratio,graham_debt_to_equity,munger_gross_margin",5623651328.0,8.791345,1.5704031,0.995,1.32433,0.18855,0.20794001,0.10012999,527077760.0,0.0381,4.0
TNL,False,45.33676190476191,"data_missing:debt_to_equity,data_missing:return_on_equity,graham_pe_times_pb",4468077056.0,19.705406,-4.384773,3.202,,,0.50611,0.19755,556374976.0,0.0326,4.0
MMSI,False,45.32178754951337,"graham_pe,graham_pe_times_pb,munger_roe",5399015936.0,37.209873,3.214019,4.198,0.48822000000000004,0.0919,0.49514,0.14456001,173902128.0,,4.0
OLLI,False,45.23784822809775,"graham_pe_times_pb,munger_roe",4558178304.0,19.040403,2.4193807,2.32,0.37579999999999997,0.13781,0.40708,0.10556,135756496.0,,4.0
JBSS,False,45.204403749129135,"graham_size,graham_pe_times_pb,munger_gross_margin",973040192.0,14.577933,2.510102,2.299,0.26699,0.18265,0.18536,0.08099,42272124.0,0.0113,4.0
IR,False,45.198701303468624,"graham_pe,graham_pe_times_pb,munger_roe",31559872512.0,34.03347,3.100911,1.616,0.47903,0.0947,0.42821,0.16882999,1107425024.0,0.001,4.0
PECO,False,45.18348953913968,"graham_pe,graham_pe_times_pb,munger_roe",5635567616.0,35.642857,2.1592383,1.567,0.91852,0.060170002,0.70998,0.28799,160187872.0,0.0325,4.0
SCSC,False,45.11067142857142,"graham_size,munger_roe,munger_gross_margin",1047770048.0,15.6693,1.1821141,1.862,0.12430999999999999,0.08113,0.13695,0.03093,107137000.0,,4.0
ELAN,False,45.0995995088526,"data_missing:trailing_pe,graham_earnings_stability,munger_roe",11753603072.0,,1.7838186,2.05,0.64253,-0.029779999,0.55359,0.086260006,826875008.0,,0.0
KAI,False,45.095584609397235,"graham_pe,graham_pe_times_pb,munger_roe",3837963008.0,34.946236,3.7123342,2.591,0.49396,0.11291,0.44798002,0.16839,105733624.0,0.0042,4.0
CSGP,False,45.05878128577665,"graham_pe,graham_pe_times_pb,munger_roe",12820451328.0,175.77777,1.6146977,2.214,0.14537,0.00894,0.78683996,0.082159996,412700000.0,,4.0
SPHR,False,44.99119596588539,"data_missing:trailing_pe,graham_current_ratio,graham_earnings_stability,munger_roe",6181629952.0,,2.7746434,1.224,0.40995,-0.03097,0.54707,-0.19548,442722880.0,,1.0
M,False,44.96167857142857,"graham_current_ratio,graham_debt_to_equity,munger_roe",6120893440.0,9.695833,1.2654305,1.475,1.05623,0.14363,0.40308,0.01758,748875008.0,0.033,4.0
KHC,False,44.91592142857143,"data_missing:trailing_pe,graham_current_ratio,graham_earnings_stability,munger_roe",29307633664.0,,0.8140914,1.061,0.52591,-0.0876,0.33498,0.1549,3250500096.0,0.0646,0.0
FCFS,False,44.87388474206692,"graham_debt_to_equity,graham_pe,graham_pe_times_pb",9330792448.0,24.336538,4.028745,4.887,1.16419,0.17398001,0.57869,0.15508,219812256.0,0.0078000000000000005,4.0
SKY,False,44.8443645750056,"graham_pe,graham_pe_times_pb,munger_roe,munger_gross_margin",4981287936.0,26.833332,3.1666665,2.738,0.07833,0.12645,0.25958002,0.08486,184228752.0,,4.0
SBAC,False,44.62130680216364,"data_missing:debt_to_equity,data_missing:return_on_equity,graham_current_ratio,graham_pe_times_pb",19541430272.0,19.870548,-4.220705,0.165,,,0.742,0.52165,752056384.0,0.0275,4.0
HR,False,44.607852228887644,"data_missing:trailing_pe,graham_current_ratio,graham_debt_to_equity,graham_earnings_stability,munger_roe",6734438912.0,,1.5603414,0.342,1.03031,-0.019199999,0.61946,0.14713,493022368.0,0.0501,0.0
DG,False,44.540818457057476,"graham_current_ratio,graham_debt_to_equity,graham_pe_times_pb",26823335936.0,17.199434,3.0331752,1.169,1.78649,0.1891,0.30827,0.05919,1882562304.0,0.0197,4.0
FOX,False,44.48725056092637,"graham_pe_times_pb,munger_roe",25892413440.0,16.067709,2.226392,3.169,0.6406000000000001,0.14291,0.36629,0.25214002,555374976.0,0.009399999999999999,4.0
SABR,False,44.39380952380952,"data_missing:trailing_pe,data_missing:debt_to_equity,data_missing:return_on_equity,graham_size,graham_current_ratio,graham_earnings_stability",849542656.0,,-0.799772,1.025,,,0.56426,0.13032,100824752.0,,1.0
ABBV,False,44.36140762706816,"data_missing:debt_to_equity,data_missing:return_on_equity,graham_current_ratio,graham_pe,graham_pe_times_pb",450526543872.0,72.22379,-75.900566,0.809,,,0.72792,0.40035,16870250496.0,0.0276,4.0
FCN,False,44.325483140456825,graham_pe_times_pb,4189090048.0,18.367432,3.0863984,2.028,0.9501999999999999,0.15634,0.31824,0.092250004,289741120.0,,4.0
COIN,False,44.296384343906695,"data_missing:trailing_pe,graham_earnings_stability,munger_roe",39372382208.0,,3.0095794,2.423,0.5098199999999999,-0.07847,0.8581,-0.13922,2668452864.0,,3.0
GRBK,True,44.26336441183965,,3055694848.0,10.699548,1.5850121,7.051,0.14244,0.16383,0.30501,0.19545001,6958250.0,,4.0
GWRE,False,44.241611282140326,"graham_earnings_stability,graham_pe,graham_pe_times_pb,munger_roe",14779670528.0,95.440865,11.221239,2.445,0.53467,0.1193,0.64011,0.08224,283154240.0,,1.0
EFC,False,44.185249999999996,"data_missing:free_cash_flow,graham_size,graham_debt_to_equity,graham_earnings_stability,munger_roe",1782061312.0,8.48125,0.99210405,7.625,9.287799999999999,0.12247,1.0,0.55869997,,0.1148,3.0
MATX,False,44.182641660130564,"graham_current_ratio,graham_pe_times_pb,munger_gross_margin",6578760704.0,14.844805,2.3723514,0.888,0.25834,0.17206,0.23023,0.16072,147124992.0,0.0069,4.0
HUBB,False,44.16440738545159,"graham_debt_to_equity,graham_pe,graham_pe_times_pb",26006607872.0,29.139137,6.6469483,1.609,1.41642,0.24444,0.35338002,0.21666999,495812512.0,0.0113,4.0
CZR,False,44.13866623809524,"data_missing:trailing_pe,graham_current_ratio,graham_debt_to_equity,graham_earnings_stability,munger_roe",6038271488.0,,1.7915859,0.851,7.2987,-0.103769995,0.49691,0.17674999,762499968.0,,0.0
JXN,False,44.107350037500005,"graham_pe,graham_pe_times_pb,munger_roe",9026209792.0,146.45055,0.9637343,1.806,0.54611,0.0137600005,0.48801,-8.101191,1227750016.0,0.027000000000000003,4.0
IVT,False,44.08796571314729,"graham_pe,graham_pe_times_pb,munger_roe",2612277504.0,176.3158,1.4792247,1.849,0.62113,0.0085,0.72560996,0.15293999,117164248.0,0.029900000000000003,4.0
RSG,False,44.04063462200752,"graham_current_ratio,graham_debt_to_equity,graham_pe,graham_pe_times_pb",66288988160.0,30.576271,5.565611,0.644,1.18798,0.18152,0.43035,0.20429,1942625024.0,0.0125,4.0
BIO,False,44.0385764322327,"graham_earnings_stability,graham_pe,graham_pe_times_pb,munger_roe",9526192128.0,43.35749,1.3267275,3.142,0.19103,0.0311,0.52041,0.111829996,283187488.0,,1.0
PLNT,False,43.98190016573251,"data_missing:debt_to_equity,data_missing:return_on_equity,graham_pe_times_pb",3884238592.0,17.418367,-8.403348,1.584,,,0.58525,0.33653998,156152992.0,,4.0
KN,False,43.96819595017227,"graham_earnings_stability,graham_pe,graham_pe_times_pb,munger_roe",3180253696.0,43.80588,3.9977453,3.201,0.18881,0.094969995,0.45259997,0.15168001,39312500.0,,1.0
PPLI,False,43.94872919950943,"graham_earnings_stability,munger_roe",2932761600.0,6.6641283,0.57696813,3.691,0.27577,0.09043,0.66347003,-0.03297,73941128.0,,0.0
ECL,False,43.88630589181291,"graham_debt_to_equity,graham_pe,graham_pe_times_pb",77715505152.0,37.212082,7.728743,1.841,1.38023,0.21956,0.44210997,0.18521999,1474824960.0,0.0106,4.0
FOXA,False,43.868371885267784,"graham_pe_times_pb,munger_roe",29270597632.0,18.116884,2.5168693,3.169,0.6406000000000001,0.14291,0.36629,0.25214002,555374976.0,0.0084,4.0
LKQ,False,43.81807142857143,munger_roe,6400699392.0,14.055,0.9943794,1.578,0.8210500000000001,0.07131,0.3834,0.07013,724124992.0,0.0471,4.0
FLO,False,43.8094879452381,"graham_size,graham_current_ratio,graham_debt_to_equity,graham_pe,munger_roe",1560270208.0,21.028572,1.1791092,0.771,1.1100700000000001,0.053629998,0.48716,0.0828,239973744.0,0.0684,4.0
ARES,False,43.77546304119162,"graham_current_ratio,graham_debt_to_equity,graham_pe,graham_pe_times_pb,munger_roe",45777764352.0,65.15727,12.581362,0.544,1.7237799999999999,0.14941,0.37407002,0.19381,2159716096.0,0.0382,4.0
RNG,False,43.76971428571429,"data_missing:debt_to_equity,data_missing:return_on_equity,graham_current_ratio,graham_earnings_stability,graham_pe,graham_pe_times_pb",5466313216.0,52.368,-8.98312,1.106,,,0.71861,0.08796,639506496.0,0.0043,1.0
PTON,False,43.719380952380945,"data_missing:debt_to_equity,data_missing:return_on_equity,graham_earnings_stability,graham_pe,graham_pe_times_pb",2328653824.0,37.9,-16.685535,2.837,,,0.52604,0.14431,353875008.0,,1.0
MUSA,False,43.67620849669546,"graham_current_ratio,graham_debt_to_equity,graham_pe_times_pb,munger_gross_margin",10880982016.0,18.103668,13.9017,0.925,3.5293200000000002,0.86394,0.08061,0.049050003,386800000.0,0.0044,4.0
VC,False,43.673309756177034,"graham_pe,graham_pe_times_pb,munger_roe,munger_gross_margin",2859997184.0,20.763567,1.8384612,1.775,0.25696,0.09538999,0.12808,0.07813,203124992.0,0.0139,4.0
JBL,False,43.51798778446081,"graham_current_ratio,graham_debt_to_equity,graham_pe,graham_pe_times_pb,munger_gross_margin",36897628160.0,44.070087,27.899532,0.981,2.9713600000000002,0.65876,0.092259996,0.05211,1211624960.0,0.0009,4.0
KBR,False,43.515201534814494,"graham_current_ratio,graham_debt_to_equity,graham_earnings_stability,graham_pe_times_pb,munger_gross_margin",4761579008.0,11.376507,2.910534,1.148,1.7040199999999999,0.27531,0.14476,0.07611,281500000.0,0.0176,2.0
CRH,False,43.499191009880256,graham_pe_times_pb,62757416960.0,16.66638,2.6135008,1.579,0.7759199999999999,0.15812,0.3625,0.19022,2019124992.0,0.016200000000000003,4.0
CNM,False,43.436378300351905,"graham_debt_to_equity,graham_pe_times_pb,munger_gross_margin",8737364992.0,19.129238,4.157381,2.312,1.15941,0.23888001,0.2706,0.09267,437875008.0,,4.0
ACMR,False,43.43131709523809,"graham_pe,graham_pe_times_pb,munger_roe,munger_fcf",5726557184.0,38.78302,3.078248,3.656,0.14523999999999998,0.11627,0.43835,0.16982001,-186610256.0,,4.0
CRSR,False,43.417634039300204,"graham_size,graham_earnings_stability,graham_pe,graham_pe_times_pb,munger_roe",1315972736.0,39.241936,1.9793361,1.752,0.27172999999999997,0.05845,0.316,0.0242,87061376.0,,0.0
FIVE,False,43.39389165869421,"graham_pe,graham_pe_times_pb",13183517696.0,30.103535,5.7012362,2.098,0.86432,0.21127,0.36805,0.11998,427309888.0,,4.0
VRSN,False,43.364934272993864,"data_missing:debt_to_equity,data_missing:return_on_equity,graham_current_ratio,graham_pe,graham_pe_times_pb",24890736640.0,29.863338,-11.04231,0.591,,,0.88465,0.68178004,832837504.0,0.011899999999999999,4.0
PM,False,43.34319891776205,"data_missing:debt_to_equity,data_missing:return_on_equity,graham_current_ratio,graham_pe,graham_pe_times_pb",291086630912.0,25.618654,-33.9132,0.98,,,0.67481005,0.40002,9714374656.0,0.0319,4.0
FICO,False,43.33420159046744,"data_missing:debt_to_equity,data_missing:return_on_equity,graham_current_ratio,graham_pe,graham_pe_times_pb",23229984768.0,31.185268,-5.6696305,1.183,,,0.851,0.53787,774413504.0,,4.0
UFPT,False,43.29368595902455,"graham_pe,graham_pe_times_pb,munger_gross_margin",2498094848.0,34.903683,5.6855006,3.0,0.29483,0.17052001,0.28496,0.1619,34872376.0,,4.0
IRT,False,43.267391684911516,"graham_current_ratio,graham_earnings_stability,graham_pe,graham_pe_times_pb,munger_roe",4036868864.0,92.80555,1.1702276,0.588,0.7015600000000001,0.0125899995,0.60678,0.14755,186066880.0,0.0414,2.0
CCI,False,43.10686063442837,"data_missing:debt_to_equity,data_missing:return_on_equity,graham_current_ratio,graham_earnings_stability,graham_pe,graham_pe_times_pb",31955957760.0,30.657143,-9.785045,0.522,,,0.73732,0.46825,1036249984.0,0.0571,1.0
PSX,False,43.081840083921016,"graham_current_ratio,graham_pe_times_pb,munger_gross_margin",95463759872.0,13.663335,3.0300286,1.32,0.62884,0.23452999,0.13098,0.08529,4545375232.0,0.021099999999999997,4.0
HAL,False,43.04772070964758,"graham_pe_times_pb,munger_roe,munger_gross_margin",29351698432.0,18.395287,2.6615405,2.018,0.7418600000000001,0.14917,0.15076,0.12793,2052249984.0,0.0196,4.0
CERT,False,43.03940447182285,"data_missing:trailing_pe,graham_size,graham_earnings_stability,munger_roe",1229462656.0,,1.2716947,2.551,0.31241,-0.022090001,0.61608005,-0.0021,62582376.0,,0.0
VCEL,False,43.01822912799932,"graham_earnings_stability,graham_pe,graham_pe_times_pb,munger_roe",2244898048.0,91.333336,6.062785,5.039,0.25168,0.07157,0.7456,0.0056,55544876.0,,2.0
FDX,False,43.005823373424896,"graham_current_ratio,graham_debt_to_equity,graham_pe_times_pb,munger_roe,munger_gross_margin",78582784000.0,17.896547,2.5189772,1.475,1.35697,0.14846,0.27318,0.11129,5656625152.0,0.0147,4.0
WWD,False,42.99761764281193,"graham_pe,graham_pe_times_pb,munger_gross_margin",21810935808.0,41.043335,8.716552,1.645,0.5594100000000001,0.22339001,0.29626,0.17764,187228624.0,0.0034999999999999996,4.0
SLG,False,42.99490452380953,"data_missing:trailing_pe,graham_debt_to_equity,graham_earnings_stability,munger_roe",4269948672.0,,1.2338492,2.466,1.4255600000000002,-0.03573,0.44757998,0.18843001,581023296.0,0.045,0.0
MBGL,False,42.92645,"data_missing:return_on_equity,data_missing:free_cash_flow,graham_earnings_stability,graham_pe",5789413888.0,46.71429,0.5881471,1.879,0.20417000000000002,,0.70948,0.25641,,0.012199999999999999,3.0
GD,False,42.911442828097414,"graham_current_ratio,graham_pe,graham_pe_times_pb,munger_gross_margin",106945847296.0,24.41507,3.9806645,1.441,0.35335,0.17803,0.15375,0.1038,4400124928.0,0.0163,4.0
ENOV,False,42.91032142857143,"data_missing:trailing_pe,graham_size,graham_earnings_stability,munger_roe",1453559680.0,,0.98399377,1.985,0.9255500000000001,-0.54142,0.61316,0.04185,185567744.0,,0.0
PRSU,False,42.785535714285714,"graham_size,graham_pe,graham_pe_times_pb,munger_roe,munger_fcf",1301863424.0,32.26351,2.298657,1.606,0.39954999999999996,0.08914,0.92541003,0.16551,-54856000.0,,4.0
TR,False,42.77980237246782,"graham_pe,graham_pe_times_pb,munger_roe",3021554944.0,31.653543,3.1643577,2.893,0.013959999999999998,0.1034,0.34493,0.08946,59253124.0,0.009000000000000001,4.0
R,False,42.75632142857143,"graham_current_ratio,graham_debt_to_equity,graham_pe,graham_pe_times_pb,munger_gross_margin",10063368192.0,21.266611,3.4954312,0.646,2.9360899999999996,0.16697,0.1983,0.08455,949249984.0,0.015300000000000001,4.0
Q,False,42.7404039807235,"graham_pe,graham_pe_times_pb,munger_roe",28710868992.0,48.982143,3.9551852,2.008,0.59992,0.06722,0.46219003,0.22323,772249984.0,0.0023,4.0
DIS,False,42.67178770041604,"graham_current_ratio,graham_pe,graham_pe_times_pb,munger_roe",179445940224.0,21.427835,1.6339896,0.709,0.39404000000000006,0.0801,0.37595,0.19301,4860375040.0,0.014499999999999999,4.0
VAC,False,42.6596538594717,"data_missing:trailing_pe,graham_debt_to_equity,graham_earnings_stability,munger_roe",4041966080.0,,2.025562,4.549,2.68546,-0.1471,0.53148,0.18478,275249984.0,0.0268,0.0
AMN,False,42.642,"graham_size,graham_current_ratio,graham_debt_to_equity,graham_earnings_stability,munger_gross_margin",1332311808.0,12.788104,1.7966262,1.128,1.04658,0.15556,0.27786,0.03997,445770624.0,,0.0
LNN,False,42.6246915210444,"graham_size,graham_pe,graham_pe_times_pb,munger_roe,munger_gross_margin",1154676864.0,21.794626,2.3135695,2.935,0.27616,0.10741,0.29463,0.115159996,41360124.0,0.013300000000000001,4.0
CBT,False,42.60862433615361,"graham_current_ratio,graham_pe,graham_pe_times_pb,munger_roe,munger_gross_margin",4429117440.0,24.033615,2.7600849,1.467,0.74394,0.13345,0.24215999,0.14257,258250000.0,0.021400000000000002,4.0
AWK,False,42.571250000000006,"graham_current_ratio,graham_debt_to_equity,graham_pe,graham_pe_times_pb,munger_roe,munger_fcf",26905917440.0,23.505207,2.3065522,0.523,1.37745,0.10095,0.61469,0.40664002,-1785374976.0,0.026600000000000002,4.0
ATR,False,42.51970317811583,"graham_pe,graham_pe_times_pb,munger_roe",8348837888.0,23.659458,3.1774952,1.614,0.5278,0.13459,0.3607,0.12494001,265978880.0,0.0146,4.0
MOG-A,False,42.453590515814795,"graham_pe,graham_pe_times_pb,munger_gross_margin",13929138176.0,36.989487,6.265653,2.087,0.51557,0.18106002,0.28204,0.14516,333472640.0,0.0027,4.0
JCI,False,42.433106174482575,"graham_current_ratio,graham_pe,graham_pe_times_pb,munger_roe",91206492160.0,42.294945,6.765063,1.0,0.70107,0.14332,0.36651,0.15875,2984124928.0,0.0104,4.0
BFAM,False,42.42222166839957,"graham_current_ratio,graham_debt_to_equity,graham_pe,graham_pe_times_pb,munger_roe,munger_gross_margin",3474992384.0,22.682537,3.729123,0.479,2.17779,0.14942999,0.25485,0.127,240151376.0,,4.0
MCD,False,42.40692644007685,"data_missing:debt_to_equity,data_missing:return_on_equity,graham_current_ratio,graham_pe,graham_pe_times_pb",189090660352.0,21.689327,-184.79427,1.081,,,0.57382,0.46485,6262374912.0,0.027999999999999997,4.0
MSCI,False,42.384057814716094,"data_missing:debt_to_equity,data_missing:return_on_equity,graham_current_ratio,graham_pe,graham_pe_times_pb",40448827392.0,30.436543,-15.039737,0.894,,,0.82975,0.56298,1194705920.0,0.0149,4.0
MSEX,False,42.35804010119048,"graham_size,graham_current_ratio,graham_pe,graham_pe_times_pb,munger_roe,munger_fcf",1107647104.0,22.69498,2.1255515,0.497,0.83981,0.097679995,0.53659,0.344,-28346000.0,0.0248,4.0
MMI,False,42.326678127682285,"graham_size,graham_earnings_stability,graham_pe,graham_pe_times_pb,munger_roe",1186687872.0,84.689186,2.0491107,2.915,0.12808999999999998,0.0242,0.37724,0.01091,68309504.0,0.0161,0.0
NEE,False,42.26803571428571,"graham_current_ratio,graham_debt_to_equity,graham_pe_times_pb,munger_roe,munger_fcf",180217167872.0,19.417978,3.1550314,0.534,1.61676,0.11677,0.61024,0.31524,-17766875136.0,0.028900000000000002,4.0
PRLB,False,42.217139455779325,"graham_earnings_stability,graham_pe,graham_pe_times_pb,munger_roe",2105126912.0,69.84127,3.0432978,3.637,0.0032400000000000003,0.04494,0.45421,0.088520005,41775752.0,,3.0
ASH,False,42.19761904761905,"graham_earnings_stability,graham_pe,graham_pe_times_pb,munger_roe",3339710464.0,46.750004,1.7859243,3.047,0.7893000000000001,0.0399,0.33388,0.11469,269124992.0,0.0227,0.0
STAA,False,42.18835786618303,"graham_size,graham_earnings_stability,graham_pe,graham_pe_times_pb,munger_roe",1207467136.0,301.0,3.402091,4.665,0.09836,0.0109399995,0.76622003,0.10885999,15348500.0,,0.0
CIEN,False,42.172983586711986,"graham_pe,graham_pe_times_pb",60192555008.0,142.69464,20.818075,2.727,0.54649,0.15464,0.43047002,0.15195,700927872.0,,4.0
MKSI,False,42.16850558163484,"graham_current_ratio,graham_debt_to_equity,graham_earnings_stability,graham_pe,graham_pe_times_pb",20678125568.0,48.618443,7.3216333,1.144,1.4009399999999999,0.15845999,0.46952,0.20593001,480375008.0,0.0031,2.0
ALG,False,42.10921139545994,"graham_size,graham_pe_times_pb,munger_roe,munger_gross_margin",1963785216.0,19.700857,1.6247923,4.391,0.23471,0.08771,0.24215001,0.10153,91344752.0,0.008199999999999999,4.0
CMI,False,42.05844325119394,"graham_pe,graham_pe_times_pb,munger_gross_margin",86117605376.0,31.906445,6.6875625,1.727,0.59586,0.21114,0.25772,0.11896,2229374976.0,0.0137,4.0
ES,False,42.03435374183648,"graham_current_ratio,graham_debt_to_equity,graham_earnings_stability,munger_roe",27299647488.0,15.543896,1.6730046,0.8,1.807,0.09016,0.52752,0.23923,811961344.0,0.0438,2.0
UNH,False,41.9636800873379,"graham_current_ratio,graham_pe,graham_pe_times_pb,munger_roe,munger_gross_margin",354873081856.0,25.42508,3.4272735,0.777,0.69211,0.14152999,0.19723,0.071329996,24272250880.0,0.0235,4.0
JBTM,False,41.945130698704205,"graham_current_ratio,graham_earnings_stability,graham_pe,graham_pe_times_pb,munger_roe",6091375616.0,31.735134,1.3568449,1.239,0.37545,0.0437,0.35551,0.08053,341062496.0,0.0034000000000000002,0.0
TMO,False,41.93730426025553,"graham_pe,graham_pe_times_pb,munger_roe",216917786624.0,31.609106,4.1177273,1.551,0.8057500000000001,0.13515,0.40987998,0.18751,6237250048.0,0.0032,4.0
PRU,False,41.90363078095238,"graham_current_ratio,graham_debt_to_equity,graham_earnings_stability,munger_roe,munger_gross_margin",43180199936.0,11.336957,1.3595334,0.777,1.6389099999999999,0.12011,0.29015,0.075219996,7527750144.0,0.045,3.0
SUPN,False,41.875891431817855,"data_missing:trailing_pe,graham_earnings_stability,munger_roe",2835435520.0,,2.751269,2.083,0.03895,-0.104899995,0.72890997,-0.02485,84611000.0,,0.0
ARW,False,41.87520898549785,"graham_current_ratio,munger_roe,munger_gross_margin",10778715136.0,13.529713,1.540779,1.217,0.30663,0.12036,0.11271,0.0395,732857856.0,,4.0
RBA,False,41.87425907871417,"graham_current_ratio,graham_pe,graham_pe_times_pb,munger_roe",15690185728.0,36.301727,2.7924404,1.312,0.77606,0.08066,0.45761,0.17721,603587520.0,0.0161,4.0
AJG,False,41.79137411225546,"graham_current_ratio,graham_pe,graham_pe_times_pb,munger_roe",64641507328.0,41.819237,2.7251015,1.053,0.59401,0.06722,0.43186,0.1916,2082300032.0,0.0113,4.0
AZZ,False,41.741097418428154,"graham_earnings_stability,graham_pe,graham_pe_times_pb,munger_gross_margin",4463849472.0,22.643291,3.24026,1.923,0.39448,0.15314999,0.23807,0.17175,104912376.0,0.0063,3.0
PHIN,False,41.649135457142854,"graham_pe,graham_pe_times_pb,munger_roe,munger_gross_margin",2695830528.0,21.083096,1.7494056,1.806,0.68916,0.08523,0.21798,0.077659994,269249984.0,0.0161,4.0
REYN,False,41.62342651115849,"graham_pe_times_pb,munger_gross_margin",5496813056.0,16.0,2.3799963,1.795,0.7134199999999999,0.15433,0.25145,0.14619,244124992.0,0.0355,4.0
AVNT,False,41.602582304807314,"graham_pe,graham_pe_times_pb,munger_roe",4049876736.0,23.867567,1.6618991,1.9,0.76563,0.071100004,0.32994,0.1277,263787504.0,0.0242,4.0
ACLS,False,41.55515230070018,"graham_pe,graham_pe_times_pb,munger_roe",4209764608.0,45.74497,3.9497018,4.896,0.0655,0.088870004,0.43011,0.09425,42032248.0,,4.0
WINA,False,41.55281855911683,"data_missing:debt_to_equity,data_missing:return_on_equity,graham_size,graham_pe,graham_pe_times_pb",1257259136.0,31.731642,-33.37147,3.75,,,0.96664,0.62101,32954364.0,0.011699999999999999,4.0
NNN,False,41.53925,"graham_current_ratio,graham_debt_to_equity,graham_pe,graham_pe_times_pb,munger_roe,munger_fcf",8928648192.0,22.916256,2.001635,0.179,1.1211799999999998,0.08719,0.96094,0.61697,-1371816320.0,0.0537,4.0
KMI,False,41.462667984075615,"graham_current_ratio,graham_pe,graham_pe_times_pb,munger_roe",73463750656.0,21.303226,2.3225715,0.458,0.98619,0.109910004,0.49407002,0.30065,1075000064.0,0.0365,4.0
CVNA,False,41.44428046230889,"graham_debt_to_equity,graham_earnings_stability,graham_pe,graham_pe_times_pb,munger_gross_margin",102379380736.0,36.40212,12.281328,3.926,1.1088,0.58773,0.19371,0.09219,424375008.0,,3.0
ROG,False,41.34305397870147,"graham_earnings_stability,graham_pe,graham_pe_times_pb,munger_roe",2534670592.0,82.56395,2.1100411,3.988,0.02366,0.02596,0.32439,0.09548,99825000.0,,0.0
GNRC,False,41.32491092143548,"graham_pe,graham_pe_times_pb,munger_roe",12695063552.0,49.34633,4.411614,2.045,0.49003,0.09491,0.39539,0.17932,289056512.0,,4.0
LAZ,False,41.31832142857142,"data_missing:free_cash_flow,graham_debt_to_equity,graham_earnings_stability,graham_pe,graham_pe_times_pb",4274656512.0,21.821608,4.813768,5.305,2.25799,0.25665,0.89509004,0.04829,,0.045700000000000005,2.0
CI,False,41.178190309523806,"graham_current_ratio,munger_gross_margin",73588326400.0,11.522135,1.7230839,0.846,0.7429000000000001,0.16758,0.091359995,0.03985,7980125184.0,0.0227,4.0
REX,False,41.17795029953274,"graham_size,graham_pe_times_pb,munger_gross_margin",1458482176.0,15.814285,2.3178391,6.76,0.027000000000000003,0.15793,0.16525,0.117910005,24365876.0,,4.0
ST,False,41.15682306008577,"graham_earnings_stability,graham_pe,graham_pe_times_pb,munger_roe,munger_gross_margin",6502542336.0,72.064514,2.1977375,2.291,0.8259799999999999,0.03079,0.29497,0.16394,504049504.0,0.0105,2.0
AGCO,False,41.12349462076775,"graham_current_ratio,graham_earnings_stability,munger_roe,munger_gross_margin",6912832000.0,13.652835,1.6933713,1.321,0.66053,0.118269995,0.25267,0.057290003,450262496.0,0.012,1.0
EL,False,41.0965447727625,"data_missing:trailing_pe,graham_current_ratio,graham_debt_to_equity,graham_earnings_stability,munger_roe",30741678080.0,,7.6986413,1.268,2.32908,-0.05949,0.74651,0.14925,1807624960.0,0.0166,0.0
JBHT,False,41.03823561286723,"graham_current_ratio,graham_pe,graham_pe_times_pb,munger_gross_margin",26224701440.0,39.28035,7.17196,1.255,0.38372999999999996,0.18448,0.18505,0.07423,903028352.0,0.0064,4.0
DIOD,False,41.032855275450984,"graham_pe,graham_pe_times_pb,munger_roe",4699806720.0,52.605667,2.39774,3.167,0.04401,0.04684,0.31734,0.07458,176820256.0,,4.0
AFG,False,40.99920447399318,"graham_pe_times_pb,munger_gross_margin",12193186816.0,12.864829,2.5290232,2.085,0.42232,0.20413,0.20156,0.17241,142250000.0,0.024,4.0
APTV,False,40.977371,"graham_pe,munger_roe,munger_gross_margin",10422310912.0,22.085201,1.1723957,2.018,0.6493800000000001,0.05158,0.19251,0.12675999,1615874944.0,,4.0
PAYO,False,40.96189982857143,"graham_current_ratio,graham_earnings_stability,graham_pe,graham_pe_times_pb,munger_roe,munger_fcf",2416006656.0,50.928574,3.6962156,1.003,0.13183999999999998,0.07058,0.85370004,0.061739996,-69092496.0,,3.0
FLS,False,40.944835025511324,"graham_pe,graham_pe_times_pb",10195166208.0,27.794426,4.4925656,2.153,0.9960800000000001,0.16936001,0.35146,0.13919,428336256.0,0.0109,4.0
WSC,False,40.894657421497705,"data_missing:trailing_pe,graham_current_ratio,graham_debt_to_equity,graham_earnings_stability,munger_roe",4194570752.0,,4.8128896,0.811,4.16655,-0.07083,0.52324003,0.20124,248800992.0,0.011899999999999999,0.0
NOV,False,40.87429047619048,"graham_pe,graham_pe_times_pb,munger_roe,munger_gross_margin",7682103296.0,79.81481,1.2409306,2.422,0.37151,0.01545,0.21646,0.0717,673374976.0,0.016,4.0
TAP,False,40.7747380952381,"data_missing:trailing_pe,graham_current_ratio,graham_earnings_stability,munger_roe",7646475776.0,,0.7574246,0.879,0.7603,-0.19466,0.37013,0.11297,935137472.0,0.0471,0.0
EZPW,False,40.760850000000005,"graham_size,munger_roe,munger_fcf",1769575424.0,14.472412,1.5201954,4.811,0.69526,0.14745,0.58554,0.13097,-11004125.0,,4.0
GATX,False,40.751106767857145,"graham_debt_to_equity,graham_pe_times_pb,munger_roe,munger_fcf",6377505280.0,17.885147,2.2904384,3.302,3.47592,0.117989995,0.73627,0.27771,-4936737280.0,0.0146,4.0
NOVT,False,40.715423244050655,"graham_pe,graham_pe_times_pb,munger_roe",6219888128.0,103.44025,3.8477015,4.569,0.17668,0.051090002,0.44544998,0.11497,118383248.0,,4.0
BWA,False,40.57113724489349,"graham_pe,graham_pe_times_pb,munger_roe,munger_gross_margin",13995952128.0,33.85222,2.4899452,2.127,0.7011,0.08056,0.19325,0.106359996,1066249984.0,0.0097,4.0
VMC,False,40.56798528246611,"graham_pe,graham_pe_times_pb,munger_roe,munger_gross_margin",35475419136.0,32.28479,4.194114,1.757,0.5821999999999999,0.13234,0.27506,0.21611,843600000.0,0.0075,4.0
MAR,False,40.54807271405016,"data_missing:debt_to_equity,data_missing:return_on_equity,graham_current_ratio,graham_pe,graham_pe_times_pb",92841926656.0,36.856625,-20.59911,0.535,,,0.79241997,0.65276,2060375040.0,0.008199999999999999,4.0
DBD,False,40.5111436952381,"graham_current_ratio,graham_debt_to_equity,graham_earnings_stability,graham_pe,graham_pe_times_pb,munger_roe,munger_gross_margin",2376261120.0,23.178808,2.455968,1.267,1.13548,0.10944,0.26274002,0.082720004,312012512.0,,1.0
FRPT,False,40.45528618625026,"graham_earnings_stability,graham_pe_times_pb",3481326848.0,18.76684,2.8459182,6.046,0.39885,0.17622,0.41367,0.07113,19274124.0,,2.0
COR,False,40.39212514832226,"graham_current_ratio,graham_debt_to_equity,graham_pe,graham_pe_times_pb,munger_gross_margin",60343365632.0,23.475872,19.778584,0.935,4.46516,0.96871,0.03961,0.014149999,2043314048.0,0.0077,4.0
PANW,False,40.374094457868196,"graham_current_ratio,graham_earnings_stability,graham_pe,graham_pe_times_pb,munger_roe",307977977856.0,334.41336,11.103875,0.856,0.07698,0.048309997,0.71963996,-0.02465,3579375104.0,,3.0
COTY,False,40.3285,"data_missing:trailing_pe,graham_current_ratio,graham_earnings_stability,munger_roe",2350845440.0,,0.7600342,0.821,0.9781,-0.13938,0.63197,-0.00624,402875008.0,,0.0
HLX,False,40.26150714285714,"graham_size,graham_earnings_stability,graham_pe,graham_pe_times_pb,munger_roe,munger_gross_margin",1547515648.0,43.75,0.9771987,3.465,0.38543999999999995,0.02191,0.13374,0.11531,296176736.0,,2.0
TDG,False,40.23021312361923,"data_missing:debt_to_equity,data_missing:return_on_equity,graham_pe,graham_pe_times_pb",68888641536.0,37.401,-7.332176,3.019,,,0.59824,0.46005002,1457374976.0,,4.0
POST,False,40.22173753809524,"graham_debt_to_equity,munger_roe,munger_gross_margin",3594987264.0,14.421818,1.1327707,1.851,2.47074,0.082779996,0.2882,0.102819994,394649984.0,,4.0
IART,False,40.18634616186847,"data_missing:trailing_pe,graham_size,graham_debt_to_equity,graham_earnings_stability,munger_roe",1379684224.0,,1.3224003,3.601,1.96489,-0.00696,0.56872004,0.09621,94402000.0,,0.0
CHRW,False,40.08447611799357,"graham_debt_to_equity,graham_pe,graham_pe_times_pb,munger_gross_margin",16830086144.0,27.486643,10.363361,1.582,1.21188,0.37123,0.08447,0.05337,480618368.0,0.0174,4.0
FOUR,False,40.045832366666666,"graham_current_ratio,graham_debt_to_equity,graham_pe,graham_pe_times_pb,munger_roe",3749816320.0,74.20313,5.8134413,1.211,2.6232100000000003,0.064899996,0.35904998,0.0749,353524992.0,,4.0
DGX,False,40.044952096277314,"graham_pe,graham_pe_times_pb,munger_roe",26272446464.0,25.268843,3.483725,1.591,0.81074,0.14602,0.33192003,0.15248,909625024.0,0.0146,4.0
NOC,False,40.040793397953806,"graham_current_ratio,graham_pe_times_pb,munger_gross_margin",82990792704.0,18.557272,4.640497,1.168,0.95348,0.26958,0.2006,0.11604,2478000128.0,0.0165,4.0
WAB,False,40.00850940307696,"graham_current_ratio,graham_pe,graham_pe_times_pb,munger_roe",50414821376.0,40.17093,4.5699806,1.121,0.61686,0.11553001,0.35735,0.19188,1101374976.0,0.0040999999999999995,4.0
HIMS,False,40.0,"data_missing:trailing_pe,graham_current_ratio,graham_debt_to_equity,graham_earnings_stability,munger_roe",6677429760.0,,20.604752,0.934,4.77128,-0.32033002,0.69528997,-0.12751001,849437248.0,,2.0
LFUS,False,39.97863463175282,"data_missing:trailing_pe,graham_earnings_stability,munger_roe",11585003520.0,,4.4241457,2.761,0.27093,-0.0030899998,0.39343,0.18799,364767136.0,0.0068000000000000005,0.0
AZTA,False,39.973176728573264,"data_missing:trailing_pe,graham_size,graham_earnings_stability,munger_roe",1463200384.0,,0.96794766,2.5,0.03574,-0.07041,0.44048,-0.022739999,63366000.0,,0.0
AEO,False,39.95619554139611,graham_debt_to_equity,2761608448.0,10.364779,1.6785495,1.545,1.1406399999999999,0.17569,0.38194,0.023610001,144004128.0,0.030600000000000002,4.0
WTRG,False,39.95616666666667,"graham_current_ratio,graham_debt_to_equity,graham_pe,graham_pe_times_pb,munger_roe,munger_fcf",11382359040.0,20.569231,1.6217855,0.777,1.21656,0.08078,0.56693,0.35409,-653414272.0,0.0362,4.0
NSIT,False,39.84981060714286,"graham_current_ratio,graham_debt_to_equity,graham_pe,graham_pe_times_pb,munger_roe,munger_gross_margin",4314280960.0,21.745562,2.7031996,1.183,1.08517,0.13112001,0.22103001,0.06179,438449760.0,,4.0
MTX,False,39.82275747619048,"data_missing:trailing_pe,graham_current_ratio,graham_earnings_stability,munger_roe,munger_gross_margin",2234422528.0,,1.4463317,1.429,0.61194,-0.03835,0.24516001,0.13603,392837504.0,0.0066,0.0
KBH,False,39.81207627619048,"munger_roe,munger_gross_margin",3344139008.0,13.271289,0.8807809,5.635,0.5264099999999999,0.06989,0.17731,0.036310002,316819744.0,0.018000000000000002,4.0
FUL,False,39.80710651462167,"graham_debt_to_equity,graham_pe_times_pb,munger_roe",3371663872.0,18.600891,1.6190145,1.796,1.06252,0.09388,0.32394,0.13299,219408128.0,0.0154,4.0
FDXF,False,39.75933333333334,"data_missing:debt_to_equity,graham_pe,graham_pe_times_pb,munger_gross_margin,munger_fcf",21366138880.0,34.02381,-42.99037,1.517,,0.69093,0.29278,-0.057719998,-511124992.0,,4.0
HLT,False,39.74125194804268,"data_missing:debt_to_equity,data_missing:return_on_equity,graham_current_ratio,graham_pe,graham_pe_times_pb",73497198592.0,48.16519,-11.693343,0.649,,,0.79036003,0.62987,1393874944.0,0.0018,4.0
KR,False,39.70896536904762,"graham_current_ratio,graham_debt_to_equity,graham_pe,graham_pe_times_pb,munger_roe,munger_gross_margin",34911707136.0,33.324562,6.159209,0.791,3.73449,0.13779001,0.23979001,0.03224,2994500096.0,0.025699999999999997,4.0
INDV,False,39.65730113337513,"data_missing:debt_to_equity,data_missing:return_on_equity,graham_current_ratio,graham_earnings_stability,graham_pe_times_pb",4643247104.0,14.102151,-22.317074,0.835,,,0.85725,0.46939,86500000.0,,2.0
EXP,False,39.58414059882159,"graham_debt_to_equity,graham_pe_times_pb,munger_gross_margin",6201016320.0,15.942429,4.187901,3.231,1.20746,0.2703,0.2702,0.21666999,25278250.0,0.0049,4.0
MTH,False,39.502288325247505,"munger_roe,munger_gross_margin",4657503744.0,14.8880205,0.9208254,14.355,0.37707,0.063769996,0.18275999,0.08185001,293902112.0,0.026600000000000002,4.0
BA,False,39.49627914244692,"graham_current_ratio,graham_debt_to_equity,graham_earnings_stability,graham_pe,graham_pe_times_pb,munger_gross_margin",177466376192.0,80.82734,29.121305,1.138,7.90875,1.73537,0.0471,4.0000003e-05,5625375232.0,,1.0
VTRS,False,39.48441623809524,"data_missing:trailing_pe,graham_earnings_stability,munger_roe",18848374784.0,,1.3036225,1.585,0.9553499999999999,-0.02754,0.40307,0.12550999,2677337600.0,0.0296,0.0
MTD,False,39.48179495689823,"data_missing:return_on_equity,data_invalid_outlier:debt_to_equity,graham_current_ratio,graham_debt_to_equity,graham_pe,graham_pe_times_pb",28377579520.0,31.919992,2212.9531,1.122,166.68447,,0.60256,0.312,693589632.0,,4.0
GIS,False,39.47033376190476,"data_missing:trailing_pe,graham_current_ratio,graham_debt_to_equity,graham_earnings_stability,munger_roe",20208994304.0,,3.6507628,0.682,2.17629,-0.01028,0.33733,0.19194001,2308499968.0,0.0642,0.0
MDLZ,False,39.39816248849266,"graham_current_ratio,graham_pe,graham_pe_times_pb,munger_roe",80574701568.0,39.23125,3.0173533,0.599,0.82643,0.13340001,0.31146,0.21978001,2252375040.0,0.0322,4.0
KSS,False,39.37703605714285,"graham_current_ratio,graham_debt_to_equity,graham_earnings_stability,munger_roe",2132940416.0,7.9029408,0.52817947,1.482,1.62351,0.069970004,0.40521,0.014520001,807124992.0,0.0259,3.0
GNW,False,39.36166919761905,"munger_roe,munger_gross_margin",3835187968.0,19.90196,0.43855858,10.675,0.23338,0.033970002,0.06625,0.07248,673625024.0,,4.0
COO,False,39.3374656619538,"graham_current_ratio,graham_pe,graham_pe_times_pb,munger_roe",14810626048.0,64.355934,1.7964611,1.274,0.33093000000000006,0.02853,0.65550005,-0.02866,424275008.0,,4.0
HWKN,False,39.28433560802767,"graham_pe,graham_pe_times_pb,munger_gross_margin",2740276480.0,33.9199,6.2075005,2.27,0.42302999999999996,0.15614,0.22304001,0.09476,81369504.0,0.0060999999999999995,4.0
EPC,False,39.281270761904764,"data_missing:trailing_pe,graham_size,munger_roe",1301781504.0,,0.8987209,1.842,0.87622,-0.012949999,0.40952998,0.08805,241862496.0,0.021400000000000002,4.0
JJSF,False,39.24476966461835,"graham_size,graham_pe,graham_pe_times_pb,munger_roe",1642860672.0,34.085274,1.8738548,2.343,0.21512,0.05292,0.3027,0.10827,57647500.0,0.0366,4.0
ONTO,False,39.23471323806575,"graham_pe,graham_pe_times_pb,munger_roe",20234303488.0,123.985016,7.723212,9.726,0.76547,0.06825,0.54894,0.2297,198759744.0,,4.0
BOOT,False,39.215203043042756,"graham_pe,graham_pe_times_pb",4885399552.0,20.445501,3.7006493,2.53,0.59323,0.19174999,0.37824002,0.12776,12682000.0,,4.0
NXRT,False,39.149522308331,"data_missing:trailing_pe,graham_size,graham_debt_to_equity,graham_earnings_stability,munger_roe",1244941696.0,,2.486857,2.87,6.29179,-0.11093,0.60032004,0.11203,71450872.0,0.08839999999999999,0.0
SJM,False,39.14145514151472,"data_missing:trailing_pe,graham_current_ratio,graham_debt_to_equity,graham_earnings_stability,munger_roe",12691012608.0,,2.28456,0.777,1.2860900000000002,-0.02386,0.34257,0.18456,1005774976.0,0.038,0.0
TGT,False,39.139664824856936,"graham_current_ratio,graham_debt_to_equity,graham_pe,graham_pe_times_pb,munger_gross_margin",69425381376.0,20.192205,4.234445,0.932,1.17548,0.22015,0.28139,0.0452,3141250048.0,0.030699999999999998,4.0
HCC,False,39.13005714285715,"graham_pe,graham_pe_times_pb,munger_roe,munger_fcf",5164572160.0,23.51202,2.2550375,3.927,0.10297,0.10037,0.30597,0.18545,-53619500.0,0.0032,4.0
BBWI,False,39.10628571428572,"data_missing:debt_to_equity,data_missing:return_on_equity,graham_current_ratio,graham_pe_times_pb",3920578816.0,5.525852,-3.4505942,1.379,,,0.4323,0.10958,729000000.0,0.0425,4.0
AKAM,False,39.09559154474642,"graham_debt_to_equity,graham_pe,graham_pe_times_pb,munger_roe",17774870528.0,45.47059,3.7399457,1.637,1.96672,0.08918,0.57452,0.076290004,710060096.0,,4.0
WBD,False,38.995007809523806,"data_missing:trailing_pe,graham_current_ratio,graham_earnings_stability,munger_roe",69986721792.0,,2.1320553,0.777,0.94199,-0.08786,0.47811002,0.05105,16167374848.0,,1.0
PAHC,False,38.99435607142857,"graham_size,graham_debt_to_equity,graham_pe_times_pb,munger_fcf",1387313280.0,14.678112,3.8340807,3.172,2.17971,0.30337998,0.32574,0.12560001,-17678250.0,0.0139,4.0
TXRH,False,38.93990190790612,"graham_current_ratio,graham_pe,graham_pe_times_pb,munger_gross_margin",13352348672.0,32.5464,8.688864,0.458,0.68842,0.27714002,0.16252,0.08509,235890752.0,0.0147,4.0
LW,False,38.91919628279304,"graham_current_ratio,graham_debt_to_equity,graham_pe,graham_pe_times_pb,munger_gross_margin",7245362176.0,25.33654,3.9695692,1.423,2.21223,0.16280001,0.20678,0.097729996,452924992.0,0.028999999999999998,4.0
OPCH,False,38.86963966999964,"graham_current_ratio,graham_debt_to_equity,graham_pe_times_pb,munger_gross_margin",3558897408.0,18.418606,2.8245366,1.465,1.00649,0.15999,0.19058001,0.05903,256067872.0,,4.0
KGS,False,38.70225777140751,"graham_current_ratio,graham_debt_to_equity,graham_pe,graham_pe_times_pb,munger_roe",6687896064.0,75.306816,3.0952826,1.447,1.30257,0.04587,0.63846,0.34208,16089375.0,0.0296,4.0
SKYW,False,38.65196353397419,graham_current_ratio,4150646528.0,10.392751,1.4755311,0.569,0.8633299999999999,0.15341,0.30895,0.14130999,145134624.0,,4.0
MAC,False,38.62937819825964,"data_missing:trailing_pe,graham_current_ratio,graham_debt_to_equity,graham_earnings_stability,munger_roe",7278398976.0,,2.4788988,0.329,1.6892699999999998,-0.06179,0.54914004,0.16256,388895136.0,0.0276,0.0
ENPH,False,38.59746368233393,"graham_pe,graham_pe_times_pb,munger_roe",4999106560.0,37.554455,4.240832,3.451,0.5189900000000001,0.12996,0.30037,0.17981,78322752.0,,4.0
LEA,False,38.51179047619048,"graham_current_ratio,munger_roe,munger_gross_margin",8268585472.0,11.564246,1.187494,1.314,0.66026,0.12094,0.07696,0.04153,858987520.0,0.024700000000000003,4.0
SAFE,False,38.480000000000004,"graham_size,graham_debt_to_equity,graham_earnings_stability,munger_roe,munger_fcf",1056224832.0,9.263975,0.43449762,37.645,1.76953,0.0464,0.92913,0.73670995,-317175872.0,0.0473,2.0
ROCK,False,38.42398826666667,"graham_size,graham_current_ratio,graham_debt_to_equity,graham_earnings_stability,graham_pe,graham_pe_times_pb,munger_roe,munger_gross_margin",1386237568.0,23.118813,1.5729202,1.457,1.53722,0.06241,0.25445,0.122770004,307628128.0,,0.0
ETN,False,38.40917162200863,"graham_current_ratio,graham_debt_to_equity,graham_pe,graham_pe_times_pb",171026694144.0,44.761166,8.446313,1.24,1.05059,0.19684,0.36022,0.16563,3106125056.0,0.0097,4.0
SAIA,False,38.40500943501682,"graham_pe,graham_pe_times_pb,munger_roe,munger_gross_margin",10162775040.0,36.775097,3.7173746,1.584,0.09872,0.10767,0.23584999,0.13091,135712256.0,,4.0
THRM,False,38.386833513294434,"graham_size,graham_pe,graham_pe_times_pb,munger_roe,munger_gross_margin",1295452672.0,49.058136,1.7915075,2.064,0.44955,0.03735,0.24033001,0.07101,84331624.0,,4.0
WYNN,False,38.38192750882507,"data_missing:debt_to_equity,data_missing:return_on_equity,graham_current_ratio,graham_earnings_stability,graham_pe,graham_pe_times_pb",10540149760.0,24.48744,-61.549908,0.912,,,0.683,0.16537,476188864.0,0.0097,3.0
FUN,False,38.30119047619048,"data_missing:trailing_pe,graham_size,graham_current_ratio,graham_debt_to_equity,graham_earnings_stability,munger_roe",1603808256.0,,13.98305,0.42,14.552999999999999,-1.4315801,0.38197,0.12994,483434880.0,,0.0
FN,False,38.212890304761906,"graham_pe,graham_pe_times_pb,munger_gross_margin,munger_fcf",18366144512.0,39.27931,7.96883,2.549,0.00192,0.1999,0.12037,0.098859996,-79178376.0,,4.0
URBN,False,38.167455698837216,"graham_current_ratio,graham_pe_times_pb",6503984128.0,14.605769,2.490409,1.476,0.46143,0.18732001,0.36061,0.08964,4627125.0,,4.0
NWL,False,38.141522809523806,"data_missing:trailing_pe,graham_current_ratio,graham_debt_to_equity,graham_earnings_stability,munger_roe",2576695040.0,,1.0499827,1.111,2.32966,-0.085939996,0.35467997,0.14744,408624992.0,0.0464,0.0
PDFS,False,38.09964242857143,"graham_earnings_stability,graham_pe,graham_pe_times_pb,munger_roe,munger_fcf",2132474368.0,202.0,7.1865664,3.447,0.19210000000000002,0.03272,0.71462,0.08229999,-13259875.0,,0.0
KNTK,False,38.026821,"graham_current_ratio,graham_debt_to_equity,graham_pe_times_pb,munger_fcf",9244234752.0,19.103148,-3.638937,0.682,1.3657400000000002,0.19231,0.41193,0.23035999,-95451128.0,0.060599999999999994,4.0
NPO,False,37.92880244492417,"graham_pe,graham_pe_times_pb,munger_roe",7111705600.0,164.69118,4.479242,2.282,0.37073,0.0286,0.43226,0.17119,130837504.0,0.0037,4.0
SLB,False,37.911198135646494,"graham_current_ratio,graham_pe,graham_pe_times_pb,munger_roe,munger_gross_margin",80559292416.0,26.478048,3.0897083,1.439,0.47002000000000005,0.12909001,0.16991,0.12706,2955124992.0,0.0219,4.0
HE,False,37.894190561904765,"graham_current_ratio,graham_debt_to_equity,graham_earnings_stability,munger_roe,munger_gross_margin",2036463104.0,9.139535,1.2430153,0.986,1.5886799999999999,0.13448,0.17581,0.045450002,324624384.0,,1.0
DRH,False,37.868800554959655,"munger_roe,munger_gross_margin",2544750592.0,17.208195,1.6632972,5.588,0.78244,0.09911,0.29453,0.23042999,76127872.0,0.0356,4.0
PK,False,37.859523809523814,"data_missing:trailing_pe,graham_current_ratio,graham_debt_to_equity,graham_earnings_stability,munger_roe",3031148800.0,,0.98103744,0.297,1.35246,-0.04859,0.30923,0.17621,1068875008.0,0.0667,0.0
ABG,False,37.81465493333334,"graham_current_ratio,graham_debt_to_equity,munger_roe,munger_gross_margin",3683374080.0,7.638868,0.9388412,0.91,1.4096899999999999,0.13233,0.1711,0.051020004,360600000.0,,4.0
BDC,False,37.79963066928158,"graham_pe,graham_pe_times_pb",5224754176.0,21.704546,3.7637587,2.135,0.97069,0.18643999,0.3766,0.13171,108234624.0,0.0015,4.0
COST,False,37.786299546484656,"graham_current_ratio,graham_pe,graham_pe_times_pb,munger_gross_margin",424595488768.0,48.28139,25.683245,1.072,0.6025699999999999,0.29152,0.12876001,0.036730003,6954375168.0,0.0062,4.0
CSW,False,37.77805690421429,"graham_pe,graham_pe_times_pb,munger_roe",5452289536.0,45.839725,5.0807753,2.7,0.8488500000000001,0.109280005,0.42529,0.22886999,72619248.0,0.0034999999999999996,4.0
PRKS,False,37.767285401871476,"data_missing:debt_to_equity,data_missing:return_on_equity,graham_current_ratio,graham_pe_times_pb",2014741120.0,17.703188,-3.264399,0.478,,,0.46013,0.24239999,97038376.0,,4.0
CVI,False,37.737959010505264,"graham_current_ratio,graham_debt_to_equity,graham_pe,graham_pe_times_pb,munger_gross_margin",3650266112.0,52.62319,6.9532747,1.418,2.4180099999999998,0.24254999,0.10905,0.02849,214500000.0,0.011000000000000001,4.0
EFOR,False,37.66717857142858,"graham_size,munger_roe,munger_gross_margin",1290269952.0,16.22165,0.7147886,2.127,0.8291,0.04571,0.28527,0.05055,213500000.0,,4.0
RS,False,37.64927694872971,"graham_pe,graham_pe_times_pb,munger_roe,munger_gross_margin",21591844864.0,24.574667,2.9172213,4.297,0.26921,0.12229,0.28285,0.09538,345437504.0,0.011699999999999999,4.0
JBGS,False,37.624904804761904,"data_missing:trailing_pe,graham_size,graham_current_ratio,graham_debt_to_equity,graham_earnings_stability,munger_roe",888466112.0,,0.5895306,1.149,1.64083,-0.10864,0.48925,0.030720001,249499744.0,0.061500000000000006,0.0
DAL,False,37.60432222523577,"graham_current_ratio,graham_pe_times_pb,munger_gross_margin",56894255104.0,14.347429,2.5939195,0.424,0.96649,0.20125,0.187,0.07921,2817374976.0,0.0089,4.0
EYE,False,37.58267875741473,"graham_size,graham_current_ratio,graham_earnings_stability,graham_pe,graham_pe_times_pb,munger_roe",1468712576.0,29.959679,1.637141,0.592,0.77705,0.057550002,0.58637,0.04887,48656000.0,,1.0
VIAV,False,37.57988182060834,"data_missing:trailing_pe,graham_earnings_stability,munger_roe",10805175296.0,,7.4675994,1.846,0.48208,-0.02728,0.6089,0.14308,159012496.0,,1.0
KWR,False,37.579815231419985,"graham_earnings_stability,graham_pe,graham_pe_times_pb,munger_roe",2873341952.0,29.978455,2.0870411,2.457,0.66913,0.07175,0.36061,0.091280006,129911624.0,0.0125,0.0
HRL,False,37.56711758852364,"graham_pe,graham_pe_times_pb,munger_roe,munger_gross_margin",13338889216.0,29.204819,1.6780894,1.938,0.04244,0.05831,0.15783,0.11057,471169760.0,0.0487,4.0
ELF,False,37.540932353509604,"graham_pe,graham_pe_times_pb,munger_roe",5482727936.0,94.811226,20.870396,3.071,0.79503,-0.00291,0.60951,0.24766001,84486248.0,,4.0
RHI,False,37.52324341850447,"graham_current_ratio,graham_pe,graham_pe_times_pb,munger_roe",4425732096.0,37.62174,3.532702,1.468,0.19940000000000002,0.09111,0.36795,-0.04662,113581872.0,0.0556,4.0
RRX,False,37.49246355237403,"graham_earnings_stability,graham_pe,graham_pe_times_pb,munger_roe",11408519168.0,35.323715,1.6499096,2.276,0.68843,0.047670003,0.37979,0.14399,475187488.0,0.008,2.0
TKR,False,37.48390761737812,"graham_pe,graham_pe_times_pb,munger_roe",9061041152.0,35.23919,2.8245704,3.095,0.65523,0.08538,0.30859,0.13649,354212512.0,0.0108,4.0
IOSP,False,37.47152541070153,"graham_pe_times_pb,munger_roe,munger_gross_margin",2301525248.0,19.069387,1.7132066,2.784,0.03546,0.091309994,0.27462998,0.080790006,32575000.0,0.0191,4.0
ATI,False,37.46263415758504,"graham_debt_to_equity,graham_pe,graham_pe_times_pb,munger_gross_margin",31364124672.0,67.545456,16.71238,2.327,1.09699,0.25357,0.23647,0.18198,346687488.0,,4.0
OMC,False,37.45139267380952,"graham_current_ratio,graham_debt_to_equity,graham_earnings_stability,graham_pe,graham_pe_times_pb,munger_roe,munger_gross_margin",24749938688.0,234.70268,2.4657845,0.924,1.07744,0.060510002,0.18959999,0.15384,4260624896.0,0.0374,0.0
SO,False,37.39944010119048,"graham_current_ratio,graham_debt_to_equity,graham_pe,graham_pe_times_pb,munger_roe,munger_fcf",106632896512.0,22.336143,2.694779,0.787,1.8205799999999999,0.114829995,0.48289,0.29612,-3913374976.0,0.0329,4.0
PLUS,False,37.35561470788308,"graham_pe_times_pb,munger_roe,munger_gross_margin",2246290176.0,18.432404,2.0760622,2.131,0.1143,0.11698,0.25062,0.05982,39345124.0,0.0124,4.0
HP,False,37.339349999999996,"data_missing:trailing_pe,graham_earnings_stability,munger_roe",4437289472.0,,1.7238033,1.962,0.69731,-0.04639,0.31845,0.05096,493073888.0,0.022400000000000003,0.0
CG,False,37.333785264285716,"data_missing:free_cash_flow,graham_debt_to_equity,graham_earnings_stability,graham_pe,graham_pe_times_pb,munger_roe",16975694848.0,49.625,3.2115412,1.808,1.97617,0.077659994,0.98319,0.26855,,0.0288,2.0
DDOG,False,37.31597966917736,"graham_earnings_stability,graham_pe,graham_pe_times_pb,munger_roe",90720296960.0,515.61224,22.541933,3.205,0.29259,0.04696,0.79536,0.00666,1051412352.0,,3.0
UNF,False,37.286271731331375,"graham_pe,graham_pe_times_pb,munger_roe",5180572672.0,45.255924,2.3568661,3.111,0.03869,0.05296,0.36678,0.044499997,98668752.0,0.0051,4.0
OTTR,False,37.251910211904764,"graham_pe,graham_pe_times_pb,munger_roe,munger_fcf",3905498624.0,20.090712,2.0793562,1.707,0.67491,0.106850006,0.42191002,0.24028999,-165230496.0,0.024399999999999998,4.0
AEE,False,37.24201323809524,"data_missing:consecutive_positive_earnings_years,graham_current_ratio,graham_debt_to_equity,graham_pe_times_pb,munger_roe,munger_fcf",30497054720.0,19.394367,2.22784,0.531,1.57846,0.11943,0.52408004,0.25236,-1786249984.0,0.0274,
WGO,False,37.23269047619048,"graham_size,graham_pe,munger_roe,munger_gross_margin",879727936.0,22.882353,0.7109406,2.373,0.3912,0.03142,0.13,0.03292,164224992.0,0.045599999999999995,4.0
TBBK,False,37.22175,"data_missing:current_ratio,data_missing:debt_to_equity,data_missing:free_cash_flow,graham_pe_times_pb,munger_gross_margin",2773502976.0,12.781955,4.084084,,,0.29629,0.0,0.59707,,,4.0
FA,False,37.21331655071148,"graham_debt_to_equity,graham_earnings_stability,graham_pe,graham_pe_times_pb,munger_roe",3534691072.0,137.2,2.7287192,2.527,1.5774000000000001,0.01939,0.45219,0.12774,215071744.0,,0.0
TOST,False,37.20062699844864,"data_missing:debt_to_equity,graham_earnings_stability,graham_pe,graham_pe_times_pb,munger_gross_margin",20073938944.0,43.962025,10.122414,2.4,,0.25162,0.26793,0.07966,480500000.0,,2.0
NRG,False,37.190416803915,"graham_current_ratio,graham_debt_to_equity,graham_earnings_stability,graham_pe,graham_pe_times_pb,munger_gross_margin",25322858496.0,31.370913,6.025023,0.968,4.83357,0.23772,0.18795,0.12765999,772374976.0,0.0155,2.0
WING,False,37.11791592497329,"data_missing:debt_to_equity,data_missing:return_on_equity,graham_pe,graham_pe_times_pb",3123630336.0,27.042456,-4.0405965,2.967,,,0.49418998,0.29759002,98595000.0,0.011399999999999999,4.0
KKR,False,37.09386666666667,"data_missing:free_cash_flow,graham_current_ratio,graham_earnings_stability,graham_pe,graham_pe_times_pb,munger_roe",98898075648.0,34.21086,3.407153,0.856,0.69812,0.0728,0.54767,0.2065,,0.0072,3.0
ALHC,False,37.03628510527106,"graham_debt_to_equity,graham_earnings_stability,graham_pe,graham_pe_times_pb,munger_gross_margin",2862605056.0,72.631584,10.78125,1.698,1.24655,0.20044,0.12549,0.031519998,188581872.0,,0.0
LEN,False,37.0287318930431,"munger_roe,munger_gross_margin",20584488960.0,13.393416,0.9520785,8.508,0.28692,0.07368,0.16363001,0.052750003,1077926016.0,0.0231,4.0
GLW,False,37.005799391689806,"graham_pe,graham_pe_times_pb",144034463744.0,77.213135,12.086309,1.813,0.7144799999999999,0.16813,0.36395,0.15649,734499968.0,0.006500000000000001,4.0
MGEE,False,36.99587180357143,"graham_current_ratio,graham_pe,graham_pe_times_pb,munger_roe,munger_fcf",3093377280.0,20.115479,2.147241,1.137,0.64863,0.110410005,0.41184,0.22672,-206614256.0,0.023399999999999997,4.0
RAL,False,36.918444985840424,"data_missing:trailing_pe,graham_earnings_stability,munger_roe",7802886656.0,,5.0850816,1.524,0.79797,-0.53898996,0.50952,0.14477,333950016.0,0.0028000000000000004,0.0
OGE,False,36.79838513650785,"graham_current_ratio,graham_debt_to_equity,graham_pe,graham_pe_times_pb,munger_roe",9833736192.0,20.899124,1.9761125,0.767,1.1730500000000001,0.09703,0.44762,0.26549,126750000.0,0.0359,4.0
SLGN,False,36.74332610867166,"graham_current_ratio,graham_debt_to_equity,graham_pe_times_pb,munger_roe,munger_gross_margin",4393201152.0,16.301962,1.8464067,1.272,2.03153,0.11748,0.1707,0.10297,313311264.0,0.0202,4.0
CWT,False,36.70862857142858,"graham_current_ratio,graham_pe,graham_pe_times_pb,munger_roe,munger_fcf",3078350336.0,22.322868,1.7031031,0.701,0.9267700000000001,0.07677,0.53286,0.28211,-258749376.0,0.027000000000000003,4.0
ASO,True,36.70495067723802,,2898118400.0,8.256184,1.3992275,1.677,0.91982,0.18847999,0.34604,0.05177,88252000.0,0.013000000000000001,4.0
LITE,False,36.58542619047619,"data_missing:trailing_pe,data_missing:free_cash_flow,graham_earnings_stability,munger_roe",83849322496.0,,22.540993,1.678,0.35987,-2.40027,0.44575,0.28292,,,1.0
BILL,False,36.563710805036855,"data_invalid_outlier:trailing_pe,graham_earnings_stability,graham_pe,graham_pe_times_pb,munger_roe",4924062208.0,inf,1.2946814,1.661,0.49591999999999997,4.0000003e-05,0.83681,0.01143,167608256.0,,1.0
TRN,False,36.558048285714285,"graham_debt_to_equity,munger_gross_margin,munger_fcf",2356623360.0,6.9929075,2.06233,2.168,4.68386,0.30156,0.26239002,0.12121,-335049984.0,0.0415,4.0
RGEN,False,36.53129393789328,"graham_earnings_stability,graham_pe,graham_pe_times_pb,munger_roe",9416847360.0,228.57533,4.45804,9.05,0.32715000000000005,0.0199,0.53836,0.09309,113421752.0,,1.0
DUK,False,36.50341782380953,"graham_current_ratio,graham_debt_to_equity,graham_pe_times_pb,munger_roe,munger_fcf",97178189824.0,18.770332,1.8077191,0.661,1.62155,0.098570004,0.51971,0.27503002,-4477374976.0,0.0351,4.0
OSW,False,36.437810843874594,"graham_earnings_stability,graham_pe,graham_pe_times_pb,munger_roe,munger_gross_margin",2688700928.0,33.531643,4.618201,2.905,0.15605,0.14321,0.13417,0.09382,48876500.0,0.0075,2.0
MRK,False,36.40952332811735,"graham_current_ratio,graham_debt_to_equity,graham_pe,graham_pe_times_pb,munger_roe",338989350912.0,109.92,8.089014,1.323,1.2840799999999999,0.06961,0.759,-0.00241,15171500032.0,0.025,4.0
ENTG,False,36.40630442812633,"graham_pe,graham_pe_times_pb,munger_roe",23618684928.0,76.77228,5.832926,3.049,0.85655,0.07671,0.45555001,0.19271,477787488.0,0.0025,4.0
CNR,False,36.387243774406855,"graham_earnings_stability,graham_pe,graham_pe_times_pb,munger_roe,munger_gross_margin",4680947200.0,47.628788,1.2641252,1.825,0.12037,0.02675,0.16860001,0.02162,274115744.0,0.0042,0.0
XRAY,False,36.339715643374085,"data_missing:trailing_pe,graham_debt_to_equity,graham_earnings_stability,munger_roe",2230769664.0,,1.7006079,1.627,1.72243,-0.33031,0.4952,0.09243,141624992.0,0.0504,0.0
ELV,False,36.24796582392338,"graham_pe_times_pb,munger_roe,munger_gross_margin",85281677312.0,17.834013,1.8998387,1.518,0.68953,0.11133,0.2599,0.04559,4306375168.0,0.0176,4.0
UAL,False,36.242622036504805,"graham_current_ratio,graham_debt_to_equity",39050608640.0,11.254911,2.3388932,0.78,2.01641,0.23252001,0.31816,0.05534,910124992.0,,4.0
NE,False,36.226234881777906,"graham_pe,graham_pe_times_pb,munger_roe",7222214656.0,48.127663,1.6106523,1.915,0.42557,0.03283,0.35416,0.10707,252878256.0,0.0443,4.0
BAX,False,36.225948790368776,"data_missing:trailing_pe,graham_debt_to_equity,graham_earnings_stability,munger_roe",13390195712.0,,2.1576142,1.946,1.5644900000000002,-0.14371,0.34098,0.14425999,1000374976.0,0.0015,0.0
MLM,False,36.15646939552766,"graham_current_ratio,graham_pe,graham_pe_times_pb,munger_roe,munger_gross_margin",31785639936.0,34.34004,2.7522752,1.407,0.54945,0.08894,0.2823,0.20185,593374976.0,0.0062,4.0
ALKS,False,36.08580322092878,"graham_earnings_stability,graham_pe,graham_pe_times_pb,munger_roe",8339511808.0,130.8158,4.6049094,2.3,0.86952,0.03852,0.87182,0.15496999,153381376.0,,3.0
PPC,False,36.06190893885326,"graham_current_ratio,munger_roe,munger_gross_margin",6820618752.0,12.508734,1.8189611,1.355,0.82717,0.1452,0.09739,0.01619,508525376.0,,4.0
RTX,False,36.05974526688519,"graham_current_ratio,graham_pe,graham_pe_times_pb,munger_roe,munger_gross_margin",301816938496.0,39.49559,4.547005,1.011,0.5702,0.12274,0.20347,0.12696,9880000512.0,0.0132,4.0
NUE,False,36.04281194339659,"graham_pe,graham_pe_times_pb,munger_roe,munger_gross_margin",60834447360.0,21.382776,2.7515652,2.508,0.30512,0.14548999,0.15554,0.15668,683374976.0,0.008199999999999999,4.0
SMG,False,36.01561658396733,"data_missing:debt_to_equity,data_missing:return_on_equity,graham_current_ratio,graham_earnings_stability,graham_pe,graham_pe_times_pb",3434995968.0,23.412699,-11.984563,1.215,,,0.32157,0.16825001,248500000.0,0.0446,1.0
CPT,False,36.015444056660186,"graham_current_ratio,graham_debt_to_equity,graham_pe,graham_pe_times_pb,munger_roe",10912541696.0,35.82178,2.9274213,0.352,1.25648,0.07885,0.61619,0.16104001,139679632.0,0.0392,4.0
WELL,False,35.990445985084165,"graham_current_ratio,graham_pe,graham_pe_times_pb,munger_roe",170746757120.0,105.78571,3.8129568,1.317,0.41375,0.03836,0.39560002,0.16561002,2756164352.0,0.0144,4.0
LFST,False,35.95891373604415,"graham_current_ratio,graham_earnings_stability,graham_pe,graham_pe_times_pb,munger_roe",4836824064.0,97.38462,3.2738557,1.376,0.32098999999999994,0.03429,0.33558998,0.0725,172356128.0,,1.0
LUMN,False,35.931333333333335,"data_missing:trailing_pe,data_missing:debt_to_equity,data_missing:return_on_equity,graham_current_ratio,graham_earnings_stability",6472414208.0,,-4.3504157,0.964,,,0.47794,-0.02888,2116249984.0,,0.0
LSTR,False,35.81176543717744,"graham_pe,graham_pe_times_pb,munger_roe,munger_gross_margin",6446997504.0,49.087856,7.7051306,1.825,0.16625,0.14977999,0.19034,0.04615,96691872.0,0.0091,4.0
BGC,False,35.7875,"data_missing:free_cash_flow,graham_debt_to_equity,graham_pe,graham_pe_times_pb",5253905408.0,27.625,4.7242413,1.509,1.56959,0.15882,0.91666,0.09044,,0.0072,4.0
CRK,False,35.771500128571425,"graham_current_ratio,graham_debt_to_equity,graham_earnings_stability,munger_fcf",4025537792.0,7.702247,1.5607923,0.476,1.0020099999999998,0.19018,0.56847,0.059710003,-868676608.0,,1.0
SWX,False,35.726795666666675,"graham_current_ratio,graham_earnings_stability,graham_pe,graham_pe_times_pb,munger_roe,munger_fcf",6646907392.0,23.955614,1.6112038,1.116,0.8508199999999999,0.06832,0.54035,0.24158001,-390807360.0,0.028300000000000002,3.0
FMC,False,35.71361904761905,"data_missing:trailing_pe,graham_size,graham_debt_to_equity,graham_earnings_stability,munger_roe",1269875328.0,,0.77580905,1.987,2.6504700000000003,-0.88376,0.31927,0.11833,165637504.0,0.031400000000000004,0.0
WOR,False,35.6155512719968,"graham_pe_times_pb,munger_gross_margin",2790294528.0,18.16242,2.7917564,2.369,0.34689,0.15777001,0.27386,0.06448,23372124.0,0.0139,4.0
VNO,False,35.588939363397465,"graham_debt_to_equity,graham_earnings_stability,graham_pe,graham_pe_times_pb,munger_roe",7734994432.0,1259.0,1.4691925,5.343,1.2231699999999999,0.00603,0.49595,0.097959995,445744128.0,0.0195,3.0
AMCR,False,35.5637531272491,"graham_current_ratio,graham_debt_to_equity,graham_pe_times_pb,munger_roe,munger_gross_margin",21227585536.0,19.291092,1.79895,1.254,1.2829400000000002,0.09396,0.19951999,0.09691,1504000000.0,0.0571,4.0
NPK,False,35.554127598525085,"graham_size,graham_pe,graham_pe_times_pb,munger_roe,munger_gross_margin",1016532736.0,23.82107,2.5712996,5.22,0.022320000000000003,0.10902,0.16466999,0.11712,8961750.0,0.0069,4.0
EMN,False,35.536571283255505,"graham_current_ratio,munger_roe,munger_gross_margin",8387001344.0,19.154047,1.3758181,1.498,0.88518,0.07334,0.19662,0.12893,544625024.0,0.0454,4.0
CACI,False,35.52367658708553,"graham_current_ratio,graham_debt_to_equity,graham_pe,graham_pe_times_pb,munger_roe",14491000832.0,27.140522,3.3843532,1.484,1.20656,0.12824,0.33203998,0.100509994,610367104.0,,4.0
CAR,False,35.51833333333334,"data_missing:trailing_pe,data_missing:debt_to_equity,data_missing:return_on_equity,graham_current_ratio,graham_earnings_stability,munger_gross_margin",5032153088.0,,-1.4842098,0.848,,,0.27385,0.1491,1093124992.0,,0.0
FE,False,35.39139328571429,"graham_current_ratio,graham_debt_to_equity,graham_pe,graham_pe_times_pb,munger_roe,munger_fcf",27712636928.0,25.620321,2.1432405,0.541,2.00908,0.09491,0.68605006,0.19304001,-2007124992.0,0.0392,4.0
BWXT,False,35.389654477879965,"graham_debt_to_equity,graham_pe,graham_pe_times_pb,munger_gross_margin",15438763008.0,43.65415,11.569174,2.397,1.514,0.28289,0.22082001,0.10393,145624256.0,0.0062,4.0
BTSG,False,35.34733333333333,"graham_debt_to_equity,graham_earnings_stability,graham_pe,graham_pe_times_pb,munger_roe,munger_gross_margin",11942095872.0,55.37156,6.0701,1.588,1.1600700000000002,0.13036,0.12382,0.03367,1028438976.0,,1.0
BEN,False,35.325929,"graham_pe,graham_pe_times_pb,munger_roe,munger_fcf",17155216384.0,22.969387,1.4598556,5.486,0.24805,0.07887,0.37707,0.12979001,-2990862592.0,0.038599999999999995,4.0
EVRG,False,35.32245108095238,"graham_current_ratio,graham_debt_to_equity,graham_pe,graham_pe_times_pb,munger_roe,munger_fcf",19365335040.0,21.3715,1.8942264,0.359,1.60554,0.092539996,0.52696997,0.25238,-1443362560.0,0.0331,4.0
AXON,False,35.27667256345018,"graham_pe,graham_pe_times_pb,munger_roe",50126733312.0,254.97519,13.641367,2.149,0.50363,0.06221,0.59525,0.0517,222160000.0,,4.0
IPGP,False,35.274116966502916,"graham_earnings_stability,graham_pe,graham_pe_times_pb,munger_roe",3592321536.0,130.21153,1.6923437,6.179,0.00764,0.01302,0.38351002,0.07595,48475500.0,,1.0
LGIH,False,35.21774523809524,"graham_size,graham_pe,munger_roe,munger_gross_margin",1325169280.0,20.014036,0.6217978,33.032,0.74344,0.03159,0.19646,0.0572,208319248.0,,4.0
LH,False,35.21665779752473,"graham_pe,graham_pe_times_pb,munger_roe,munger_gross_margin",26499018752.0,27.026054,3.071258,1.796,0.7912399999999999,0.11728,0.28882998,0.1224,892049984.0,0.0089,4.0
KMPR,False,35.15970943809524,"data_missing:trailing_pe,graham_size,graham_current_ratio,graham_earnings_stability,munger_roe,munger_gross_margin",1569712768.0,,0.71584034,0.817,0.63974,-0.19700001,0.254,0.030079998,220550000.0,0.048799999999999996,2.0
OC,False,35.13450026936374,"data_missing:trailing_pe,graham_current_ratio,graham_debt_to_equity,graham_earnings_stability,munger_roe,munger_gross_margin",11851767808.0,,3.1400924,1.16,1.50328,-0.094510004,0.26485002,0.17816,885124992.0,0.0199,0.0
PSKY,False,35.11466600000001,"graham_current_ratio,graham_debt_to_equity,graham_earnings_stability,graham_pe,graham_pe_times_pb,munger_roe",11533079552.0,343.50003,0.9814286,1.04,1.26479,-0.00896,0.33328998,0.09345,17593124864.0,0.0195,0.0
PAYX,False,35.0,"data_missing:return_on_equity,data_missing:free_cash_flow,graham_current_ratio,graham_debt_to_equity,graham_pe,graham_pe_times_pb",42938032128.0,24.636734,11.492765,1.152,1.23967,,0.67197996,0.38325,,0.04019999999999999,4.0
NOG,False,35.0,"data_missing:trailing_pe,graham_current_ratio,graham_debt_to_equity,munger_roe,munger_fcf",2710076928.0,,1.3522781,0.796,1.36559,-0.22049999,0.75398004,0.57063997,-459628992.0,0.0705,4.0
QDEL,False,34.95266766666667,"data_missing:trailing_pe,graham_size,graham_current_ratio,graham_debt_to_equity,graham_earnings_stability,munger_roe",979531392.0,,0.5254175,1.386,1.73277,-0.45905998,0.44858003,-0.020920001,146762496.0,,0.0
PEB,False,34.89751904761905,"data_missing:trailing_pe,graham_current_ratio,graham_earnings_stability,munger_roe,munger_gross_margin",2044936704.0,,0.84565663,0.708,0.97934,-0.016339999,0.25336,0.14332,258438128.0,0.0022,0.0
IP,False,34.88918681697101,"data_missing:trailing_pe,graham_current_ratio,graham_earnings_stability,munger_roe,munger_gross_margin",21315188736.0,,1.474413,1.098,0.68509,-0.16479,0.29608,0.02298,1646499968.0,0.046,0.0
CNXC,False,34.87271428571429,"data_missing:trailing_pe,graham_size,graham_current_ratio,graham_debt_to_equity,graham_earnings_stability,munger_roe",1379624960.0,,0.50942934,1.179,2.03764,-0.37662,0.3447,0.07893,775551744.0,0.0617,0.0
UA,False,34.77201581399256,"data_missing:trailing_pe,graham_earnings_stability,munger_roe",2211772928.0,,1.5486014,1.81,0.96356,-0.29825002,0.47044,0.04772,145967632.0,,0.0
ALGM,False,34.71421226161337,"graham_earnings_stability,graham_pe,graham_pe_times_pb,munger_roe",7869894656.0,603.1429,8.158454,3.703,0.31472,0.015269999,0.47375,0.09824,103498872.0,,0.0
CLH,False,34.65428201053403,"graham_debt_to_equity,graham_pe,graham_pe_times_pb",17167468544.0,39.420605,5.8627777,2.131,1.10951,0.15562001,0.32257,0.15498,383758016.0,,4.0
RH,False,34.65166666666667,"data_missing:return_on_equity,graham_current_ratio,graham_debt_to_equity,graham_pe,graham_pe_times_pb",3288052224.0,33.60348,57.67928,1.127,70.60079999999999,,0.43541,0.00322,285438016.0,,4.0
HPE,False,34.646993640383855,"graham_current_ratio,graham_pe,graham_pe_times_pb,munger_roe",76548497408.0,54.025417,3.0244963,1.088,0.8403,0.06315,0.33776,0.087,3836000000.0,0.009899999999999999,4.0
DXPE,False,34.634022954705976,"graham_debt_to_equity,graham_pe,graham_pe_times_pb",3051757568.0,34.80885,5.639445,2.993,1.66254,0.18469,0.31765,0.096260004,74078496.0,,4.0
LYV,False,34.57844243282855,"data_missing:trailing_pe,graham_current_ratio,graham_debt_to_equity,munger_gross_margin",42983358464.0,,516.8347,0.852,6.202140000000001,0.17677,0.25777,0.06696,1695030656.0,,4.0
CRWD,False,34.560813619175846,"data_missing:trailing_pe,graham_earnings_stability,munger_roe",219302494208.0,,47.32366,1.531,0.17568,-0.0024899999,0.75136,-0.022079999,1926365056.0,,0.0
NAVI,False,34.516142,"data_missing:trailing_pe,data_missing:free_cash_flow,graham_size,graham_debt_to_equity,graham_earnings_stability,munger_roe",856715264.0,,0.35726857,10.745,18.52711,-0.01975,1.0,0.33870998,,0.0699,0.0
MHO,False,34.49776539154272,"munger_roe,munger_gross_margin",3820771584.0,12.688497,1.2113924,8.108,0.31079,0.100600004,0.20903,0.0928,86652128.0,,4.0
AAON,False,34.48341428571428,"graham_pe,graham_pe_times_pb,munger_gross_margin,munger_fcf",7024637952.0,44.839474,6.951856,3.013,0.44742,0.17284,0.25569,0.10987,-213758000.0,0.0045000000000000005,4.0
UAA,False,34.43952512077096,"data_missing:trailing_pe,graham_earnings_stability,munger_roe",2257261824.0,,1.5804511,1.81,0.96356,-0.29825002,0.47044,0.04772,145967632.0,,0.0
SXT,False,34.43594004761905,"graham_pe,graham_pe_times_pb,munger_roe,munger_fcf",5654221824.0,35.801884,4.465006,4.39,0.6063000000000001,0.13071,0.34876,0.16570999,-2621250.0,0.0123,4.0
ICUI,False,34.430389152075016,"graham_earnings_stability,graham_pe,graham_pe_times_pb,munger_roe",4564034560.0,153.36974,2.120976,2.43,0.59817,0.014099999,0.39134,0.10954001,175372128.0,,1.0
HXL,False,34.42465795166983,"graham_pe,graham_pe_times_pb,munger_roe,munger_gross_margin",7751404032.0,52.295918,5.9610353,2.427,0.73902,0.10764,0.24956,0.13904999,252975008.0,0.006999999999999999,4.0
YUM,False,34.39144208171453,"data_missing:debt_to_equity,data_missing:return_on_equity,graham_current_ratio,graham_pe_times_pb",39760326656.0,18.349497,-5.52126,0.592,,,0.45311,0.32779998,833249984.0,0.0207,4.0
HZO,False,34.3859876,"graham_size,graham_current_ratio,graham_debt_to_equity,graham_earnings_stability,graham_pe,graham_pe_times_pb,munger_roe",1151160704.0,325.75,1.2085797,1.234,1.15137,0.00497,0.34210998,0.060890004,183364128.0,,0.0
PBF,False,34.360447492490096,"graham_current_ratio,graham_earnings_stability,munger_gross_margin",8717318144.0,6.445311,1.3603588,1.33,0.38423999999999997,0.23228,0.050430004,0.08801,78462496.0,0.0147,0.0
P,False,34.33472069907544,"graham_debt_to_equity,graham_pe,graham_pe_times_pb",39399956480.0,179.5909,27.08638,1.617,1.27364,0.16846001,0.7023,-0.18452999,267954368.0,,4.0
AEIS,False,34.27893816198339,"graham_pe,graham_pe_times_pb",13139747840.0,60.75555,9.012444,3.79,0.94568,0.16267,0.3996,0.17018,34187500.0,0.0011,4.0
D,False,34.14051190476191,"graham_current_ratio,graham_debt_to_equity,graham_pe,graham_pe_times_pb,munger_roe,munger_fcf",60775243776.0,23.910032,2.1770637,0.809,1.60459,0.08281,0.46222,0.29219,-9181124608.0,0.0388,4.0
TXNM,False,34.11780952380952,"graham_current_ratio,graham_debt_to_equity,graham_pe,graham_pe_times_pb,munger_roe,munger_fcf",5945760768.0,31.530054,1.8026181,0.557,1.65512,0.06252,0.59381,0.22482,-529223744.0,0.0294,4.0
SRE,False,34.11503809523809,"graham_pe,graham_pe_times_pb,munger_roe,munger_fcf",56493719552.0,25.042028,1.7508359,1.642,0.84663,0.06679,0.43994,0.28328,-27657750528.0,0.030600000000000002,4.0
SEI,False,34.08682142857143,"graham_debt_to_equity,graham_pe,graham_pe_times_pb,munger_roe,munger_fcf",6436061696.0,80.96202,4.454349,4.123,2.16673,0.08099,0.49983,0.26487,-806578240.0,0.0073,4.0
VECO,False,33.97038891166056,"graham_earnings_stability,graham_pe,graham_pe_times_pb,munger_roe",3138701568.0,135.11842,3.4767742,3.926,0.28931,0.02643,0.37917998,0.06883,72047000.0,,2.0
MLKN,False,33.95208486887012,"graham_size,graham_debt_to_equity,graham_earnings_stability,munger_roe",1560362880.0,17.352272,1.1631628,1.577,1.28174,0.06983,0.38794997,0.060739998,82262496.0,0.0321,1.0
WMT,False,33.886601566236116,"graham_current_ratio,graham_pe,graham_pe_times_pb,munger_gross_margin",913388535808.0,40.845196,9.687289,0.771,0.74816,0.24132,0.24976,0.042150002,6862249984.0,0.0087,4.0
CAG,False,33.88585714285715,"data_missing:trailing_pe,graham_current_ratio,graham_debt_to_equity,graham_earnings_stability,munger_roe,munger_gross_margin",7460838400.0,,1.173504,0.904,1.17577,-0.25064,0.23952,0.13771,859000000.0,0.0788,0.0
ETSY,False,33.88121089349551,"data_missing:debt_to_equity,data_missing:return_on_equity,graham_current_ratio,graham_earnings_stability,graham_pe,graham_pe_times_pb",7253052416.0,25.007912,-5.232404,1.476,,,0.71401,0.18744,169665376.0,,3.0
WAT,False,33.850249925,"graham_pe,graham_pe_times_pb,munger_roe,munger_fcf",39862472704.0,102.52272,2.6062257,1.861,0.36045,0.019199999,0.56337,0.09422,-142067632.0,,4.0
ETR,False,33.835748583333334,"graham_current_ratio,graham_debt_to_equity,graham_pe,graham_pe_times_pb,munger_roe,munger_fcf",51091480576.0,28.002556,2.8027647,0.912,1.8677000000000001,0.10248999,0.47000998,0.24458,-4400858112.0,0.0236,4.0
COHR,False,33.81133007142857,"graham_earnings_stability,graham_pe,graham_pe_times_pb,munger_roe,munger_fcf",63881453568.0,79.36861,5.974341,2.427,0.31611999999999996,0.07981,0.37495998,0.118269995,-649981632.0,,2.0
KD,False,33.721547319047616,"graham_current_ratio,graham_debt_to_equity,graham_earnings_stability,graham_pe,graham_pe_times_pb,munger_roe,munger_gross_margin",2766291712.0,35.277775,2.60406,0.848,4.22451,0.069299996,0.21841,0.02902,2652624896.0,,2.0
VYX,False,33.627761904761904,"graham_size,graham_current_ratio,graham_debt_to_equity,graham_earnings_stability,graham_pe,graham_pe_times_pb,munger_roe,munger_gross_margin",1068522944.0,27.639284,1.1550746,1.072,1.15799,0.05272,0.25825,0.02486,216250000.0,,2.0
BMRN,False,33.617038388652915,"graham_pe,graham_pe_times_pb,munger_roe",12959762432.0,180.94594,2.0496569,2.387,0.66473,0.011820001,0.50968,0.21162,85157376.0,,4.0
CNP,False,33.539702380952384,"graham_current_ratio,graham_debt_to_equity,graham_pe,graham_pe_times_pb,munger_roe,munger_fcf",26928484352.0,24.333334,2.2975328,1.123,2.10256,0.09825,0.47027,0.24489,-5191875072.0,0.0236,4.0
LTH,False,33.3994160952381,"graham_current_ratio,graham_debt_to_equity,graham_earnings_stability,graham_pe,graham_pe_times_pb,munger_roe,munger_fcf",10169752576.0,24.86885,3.076247,0.657,1.29478,0.13445,0.48022997,0.17052001,-345163264.0,,3.0
HSIC,False,33.37292769405082,"graham_current_ratio,graham_pe,graham_pe_times_pb,munger_roe",10196119552.0,26.094751,3.1729236,1.319,0.80733,0.088549994,0.31319,0.057550002,446000000.0,,4.0
FND,False,33.355212107766185,"graham_current_ratio,graham_pe,graham_pe_times_pb,munger_roe",5982073856.0,26.249998,2.4056785,1.333,0.80645,0.09694,0.44976002,0.054380003,140193248.0,,4.0
TXT,False,33.30593817862244,"graham_pe_times_pb,munger_roe,munger_gross_margin",15195288576.0,16.456686,1.8986008,1.861,0.5228499999999999,0.12126,0.17628999,0.08701,452750016.0,0.0009,4.0
CASY,False,33.093353322037785,"graham_current_ratio,graham_pe,graham_pe_times_pb,munger_gross_margin",32328972288.0,45.644726,8.15876,1.01,0.7351399999999999,0.19153,0.24606001,0.05351,550939648.0,0.003,4.0
NTNX,False,33.047045051039134,"data_missing:debt_to_equity,data_missing:return_on_equity,graham_earnings_stability,graham_pe,graham_pe_times_pb",18052003840.0,70.29474,-24.533432,1.777,,,0.87095,0.10029,631740864.0,,1.0
USPH,False,33.027060972965785,"graham_size,graham_current_ratio,graham_pe,graham_pe_times_pb,munger_roe,munger_gross_margin",1177251584.0,464.0588,2.5620291,1.271,0.5032099999999999,0.0651,0.21466999,0.111269996,41290124.0,0.023399999999999997,4.0
AEP,False,33.013630869047624,"graham_current_ratio,graham_debt_to_equity,graham_pe,graham_pe_times_pb,munger_roe,munger_fcf",69356224512.0,22.079723,2.1619236,0.504,1.6078899999999998,0.10130999,0.46352002,0.23251,-5995950080.0,0.03,4.0
GME,False,33.00906265476191,"graham_earnings_stability,munger_roe,munger_fcf",8235727872.0,13.697761,1.4097542,12.401,0.74273,0.14095001,0.34387,0.16605,-1261250048.0,,3.0
GKOS,False,32.98871341180298,"data_missing:trailing_pe,graham_earnings_stability,munger_roe",10927364096.0,,15.977575,5.04,0.15766,-0.25981,0.79121,-0.08495,15456250.0,,0.0
ALGT,False,32.93435706785714,"graham_current_ratio,graham_debt_to_equity,graham_earnings_stability,graham_pe,graham_pe_times_pb,munger_roe,munger_gross_margin",2262472704.0,71.34483,1.4313635,0.832,1.6047,0.018339999,0.22812,0.09228,194582624.0,,0.0
HTO,False,32.92934566666667,"graham_debt_to_equity,graham_pe,graham_pe_times_pb,munger_roe,munger_fcf",2662804224.0,22.400352,1.4439703,1.667,1.02581,0.06463,0.56912,0.21260001,-250611632.0,0.0278,4.0
UFPI,False,32.89056662260029,"graham_pe,graham_pe_times_pb,munger_roe,munger_gross_margin",4799325696.0,20.233719,1.59569,3.981,0.13347,0.0802,0.16128,0.05508,117891504.0,0.0163,4.0
CUZ,False,32.864943278214284,"graham_current_ratio,graham_pe,graham_pe_times_pb,munger_roe,munger_fcf",4805557248.0,729.875,1.0718088,0.524,0.8420799999999999,0.0015199999,0.67779,0.24225001,-25106624.0,0.043899999999999995,4.0
MIR,False,32.79669083245662,"graham_earnings_stability,graham_pe,graham_pe_times_pb,munger_roe",3909891072.0,174.44444,2.0919387,3.198,0.6575700000000001,0.01511,0.482,0.07196,115362496.0,,1.0
XEL,False,32.77690519047619,"graham_current_ratio,graham_debt_to_equity,graham_pe,graham_pe_times_pb,munger_roe,munger_fcf",50011348992.0,21.935617,2.0991848,0.701,1.73135,0.0992,0.46825,0.22700001,-7907999744.0,0.029900000000000003,4.0
TLN,False,32.73749663888019,"data_missing:trailing_pe,graham_current_ratio,graham_debt_to_equity,graham_earnings_stability,munger_roe",16864862208.0,,10.433056,0.781,5.8413699999999995,-0.12825,0.42101002,-0.04797,1261750016.0,,0.0
PRGO,False,32.7342380952381,"data_missing:trailing_pe,graham_size,graham_debt_to_equity,graham_earnings_stability,munger_roe",1790817152.0,,0.7114897,2.324,1.38183,-0.48746,0.33263,0.03842,437212512.0,0.09050000000000001,0.0
XPO,False,32.690055727612865,"graham_current_ratio,graham_debt_to_equity,graham_pe,graham_pe_times_pb,munger_gross_margin",24205283328.0,60.802937,13.112393,1.011,2.06167,0.21587,0.18988001,0.12314,473750016.0,,4.0
CNXN,False,32.67494429165183,"graham_size,graham_pe,graham_pe_times_pb,munger_roe,munger_gross_margin",1967183744.0,20.62037,2.064932,2.88,0.00792,0.104320005,0.18892,0.05037,11910875.0,0.0102,4.0
ABM,False,32.64153505,"graham_current_ratio,graham_debt_to_equity,munger_roe,munger_gross_margin",2809289216.0,18.58748,1.6067713,1.462,1.12697,0.08866999,0.12921,0.039300002,284024992.0,0.024300000000000002,4.0
STLD,False,32.55770081506563,"graham_pe,graham_pe_times_pb,munger_gross_margin",36406767616.0,22.842627,3.8726346,3.183,0.46924,0.17568001,0.14652,0.114989996,234191248.0,0.008199999999999999,4.0
TNC,False,32.54829809997523,"graham_size,graham_pe,graham_pe_times_pb,munger_roe",1150998528.0,64.91347,2.165309,2.045,0.73113,0.03078,0.38766,0.05309,50687500.0,0.0184,4.0
TFX,False,32.42181048714472,"data_missing:trailing_pe,graham_debt_to_equity,graham_earnings_stability,munger_roe",5708409344.0,,1.9653382,2.604,1.0110299999999999,-0.00701,0.55108,0.14442,179542000.0,0.0102,0.0
OPLN,False,32.41813312049455,"data_missing:trailing_pe,graham_current_ratio,graham_debt_to_equity,graham_earnings_stability,munger_roe",4189861120.0,,2.6695952,1.168,1.5736400000000001,0.11147001,0.45846,0.16805,26375000.0,,2.0
WEC,False,32.3048090952381,"graham_current_ratio,graham_debt_to_equity,graham_pe,graham_pe_times_pb,munger_roe,munger_fcf",36175798272.0,21.55728,2.6541395,0.534,1.5798500000000002,0.11988,0.41909,0.21802999,-2353637376.0,0.0345,4.0
ITT,False,32.219233674888045,"graham_current_ratio,graham_pe,graham_pe_times_pb,munger_roe",19485360128.0,42.52745,4.0924187,1.263,0.7973,0.11569,0.3498,0.123959996,275087488.0,0.006999999999999999,4.0
KALU,False,32.18677176817615,"graham_debt_to_equity,graham_earnings_stability,graham_pe_times_pb,munger_gross_margin",2732750592.0,12.399852,2.8688383,2.495,1.13255,0.26398,0.14524001,0.10560001,33025000.0,0.0166,3.0
LAD,False,32.17473694897324,"graham_current_ratio,graham_debt_to_equity,munger_roe,munger_gross_margin",8047359488.0,12.125538,1.2579509,1.003,2.57698,0.10719,0.15438,0.04611,547649984.0,0.0076,4.0
NEOG,False,32.14519768242829,"data_missing:trailing_pe,graham_earnings_stability,munger_roe",2579602688.0,,1.2304971,3.822,0.38827,-0.00379,0.46932,0.0137600005,69500000.0,,0.0
RUSHA,False,32.09999846009509,"graham_current_ratio,graham_pe,graham_pe_times_pb,munger_roe,munger_gross_margin",8804119552.0,24.46536,2.7075,1.452,0.6307699999999999,0.11795,0.19850999,0.05113,313673632.0,0.0068000000000000005,4.0
HASI,False,32.045964285714284,"data_missing:free_cash_flow,graham_debt_to_equity,graham_pe,graham_pe_times_pb,munger_roe",5389755904.0,64.53077,2.1019795,8.703,2.22661,0.03371,1.0,0.22208,,0.0404,4.0
HOG,False,31.995796633653494,"munger_roe,munger_gross_margin",2796428288.0,14.927778,0.90231377,1.903,0.7404000000000001,0.06093,0.28456,0.07242,122405248.0,0.027200000000000002,4.0
AVA,False,31.936786142857144,"graham_current_ratio,graham_debt_to_equity,munger_roe,munger_fcf",3235372032.0,13.945848,1.1468694,1.1,1.19709,0.08306,0.66753995,0.13317001,-235124992.0,0.0504,4.0
OSIS,False,31.910029995833966,"graham_debt_to_equity,graham_pe,graham_pe_times_pb",3734775808.0,25.865868,4.1760664,3.245,1.16873,0.17165,0.32839,0.13101,36977752.0,,4.0
CE,False,31.859761571428574,"data_missing:trailing_pe,graham_current_ratio,graham_debt_to_equity,graham_earnings_stability,munger_roe,munger_gross_margin",4950225408.0,,1.1879427,1.447,2.70205,-0.2225,0.21375999,0.11047,984875008.0,0.0027,0.0
IDA,False,31.837394232142856,"graham_current_ratio,graham_debt_to_equity,graham_pe,graham_pe_times_pb,munger_roe,munger_fcf",8287029760.0,23.759535,2.1299024,0.986,1.05976,0.094390005,0.38970003,0.27459,-1221291392.0,0.024900000000000002,4.0
DAR,False,31.77870330979226,"graham_pe_times_pb,munger_roe,munger_gross_margin",10615401472.0,18.083332,2.0236447,1.565,0.78609,0.12126,0.26333,0.12892,219643008.0,,4.0
CPK,False,31.778082958333332,"graham_current_ratio,graham_debt_to_equity,graham_pe,graham_pe_times_pb,munger_roe,munger_fcf",3243523840.0,21.49361,1.9381745,0.316,1.01273,0.094689995,0.40342,0.26201,-220775008.0,0.0219,4.0
BHE,False,31.738391441209124,"graham_pe,graham_pe_times_pb,munger_roe,munger_gross_margin",2873235200.0,54.78767,2.5738463,1.993,0.26142,0.047810003,0.10281,0.04147,136417248.0,0.008100000000000001,4.0
ACI,False,31.663084,"graham_current_ratio,graham_debt_to_equity,graham_pe,graham_pe_times_pb,munger_roe,munger_gross_margin",6051212288.0,77.21875,3.7439394,0.842,9.735850000000001,0.02717,0.27040002,0.01428,1753387520.0,0.0557,4.0
PTCT,False,31.653,"data_missing:trailing_pe,data_missing:debt_to_equity,data_missing:return_on_equity,graham_earnings_stability,munger_fcf",6128943616.0,,-36.99496,3.394,,,0.49959,0.41323003,-286804256.0,,1.0
DE,False,31.62785702346146,"graham_debt_to_equity,graham_pe,graham_pe_times_pb,munger_gross_margin",159692161024.0,33.515736,5.823254,2.213,3.76022,0.18349001,0.25965,0.17479,1098749952.0,0.0108,4.0
AMTM,False,31.609457142857146,"graham_earnings_stability,graham_pe,munger_roe,munger_gross_margin",5007491072.0,24.674698,1.0657231,1.523,0.7987099999999999,0.04287,0.10488,0.04384,484249984.0,,1.0
ED,False,31.600738523809525,"graham_current_ratio,graham_debt_to_equity,munger_roe,munger_fcf",40457404416.0,17.992598,1.5737796,1.268,1.10113,0.08962,0.53372,0.16540001,-844875008.0,0.0322,4.0
KOP,False,31.59057185714286,"data_missing:trailing_pe,graham_size,graham_debt_to_equity,munger_roe,munger_gross_margin",888370880.0,,2.2945974,2.332,2.59302,-0.19013001,0.22362,0.09652001,162850000.0,0.0076,4.0
DXC,False,31.556130952380958,"graham_size,graham_current_ratio,graham_debt_to_equity,graham_earnings_stability,munger_roe,munger_gross_margin",1668888320.0,14.114864,0.5497079,1.408,1.25421,0.04025,0.22997,0.02034,877000000.0,,3.0
PTEN,False,31.529499182797803,"data_missing:trailing_pe,graham_earnings_stability,munger_roe,munger_gross_margin",4618049024.0,,1.4966781,1.75,0.41383000000000003,-0.0277,0.23754999,-0.00567,273732384.0,0.0327,0.0
ESAB,False,31.515107413071387,"graham_pe,graham_pe_times_pb,munger_roe",5044295680.0,25.435736,2.1305535,1.962,0.9826900000000001,0.08727,0.36955002,0.12016,146126368.0,0.0051,4.0
THO,False,31.44948368076036,"munger_roe,munger_gross_margin",4031323136.0,15.967011,0.9343968,1.707,0.21316,0.06091,0.13216,0.03452,148253872.0,0.0268,4.0
DKS,False,31.407047083333328,"graham_debt_to_equity,graham_pe_times_pb,munger_fcf",17584115712.0,19.148634,3.1053805,1.501,1.3899199999999998,0.20903999,0.33565,0.105950005,-537311360.0,0.0255,4.0
PMT,False,31.377607517857143,"data_missing:free_cash_flow,graham_size,graham_debt_to_equity,graham_earnings_stability,munger_roe",833645888.0,6.5033336,0.6354627,1.798,12.390820000000001,0.089370005,0.82927,0.10908,,0.1663,3.0
LNT,False,31.35082142857143,"graham_current_ratio,graham_debt_to_equity,graham_pe,graham_pe_times_pb,munger_roe,munger_fcf",18361247744.0,22.409811,2.4387012,0.466,1.60951,0.11135,0.44502,0.19053,-1138625024.0,0.0304,4.0
VTR,False,31.335074858699674,"graham_current_ratio,graham_earnings_stability,graham_pe,graham_pe_times_pb,munger_roe",47078215680.0,166.87273,3.213698,0.295,0.8492799999999999,0.02012,0.39970002,0.14807999,1486853504.0,0.0219,2.0
PSN,False,31.321539630413348,"graham_pe,graham_pe_times_pb,munger_roe,munger_gross_margin",4919456256.0,31.765516,1.8693941,1.662,0.59881,0.082440004,0.21959999,0.02224,213456128.0,,4.0
PPL,False,31.28317953809524,"graham_current_ratio,graham_debt_to_equity,graham_pe,graham_pe_times_pb,munger_roe,munger_fcf",27317841920.0,21.485207,1.8157724,0.905,1.3543399999999999,0.086330004,0.44094002,0.23591,-1938375040.0,0.0317,4.0
AVTR,False,31.221368987591287,"data_missing:trailing_pe,graham_earnings_stability,munger_roe",9082822656.0,,1.6134807,1.782,0.6567799999999999,-0.09701,0.31825,0.07162,450337504.0,,0.0
ORLY,False,31.18842617794664,"data_missing:debt_to_equity,data_missing:return_on_equity,graham_current_ratio,graham_pe,graham_pe_times_pb",73526444032.0,28.853968,-40.413517,0.752,,,0.51636004,0.2015,1570733824.0,,4.0
PSMT,False,31.059408645824217,"graham_current_ratio,graham_pe,graham_pe_times_pb,munger_roe,munger_gross_margin",5519867904.0,34.397118,3.8665156,1.277,0.24017,0.12314,0.17635,0.044499997,58311500.0,0.0078000000000000005,4.0
BC,False,30.901313963998323,"data_missing:trailing_pe,graham_current_ratio,graham_debt_to_equity,graham_earnings_stability,munger_roe,munger_gross_margin",5254747648.0,,3.1324115,1.447,1.3648099999999999,-0.048270002,0.26487,0.08756,385062496.0,0.021400000000000002,0.0
PCG,False,30.886262571428574,"graham_current_ratio,graham_debt_to_equity,munger_roe,munger_fcf",39125049344.0,12.780575,1.2104797,1.216,1.8944999999999999,0.09318,0.39823002,0.24788,-6150125056.0,0.011399999999999999,4.0
HCA,False,30.84755807577823,"data_missing:debt_to_equity,data_missing:return_on_equity,graham_current_ratio,graham_pe_times_pb",92011741184.0,13.913673,-13.610954,0.993,,,0.42580003,0.15161,3738125056.0,0.0077,4.0
PRVA,False,30.79724436730026,"graham_earnings_stability,graham_pe,graham_pe_times_pb,munger_roe,munger_gross_margin",2785883136.0,99.13636,3.520581,1.616,0.01042,0.04306,0.1003,0.018609999,95646496.0,,3.0
SMCI,False,30.795775307142854,"munger_gross_margin,munger_fcf",24503549952.0,11.619633,2.2664993,3.872,0.6430800000000001,0.21465999,0.108219996,0.13382,-8231267840.0,,4.0
CWK,False,30.764666666666667,"graham_current_ratio,graham_debt_to_equity,graham_earnings_stability,graham_pe,graham_pe_times_pb,munger_roe,munger_gross_margin",3296553984.0,48.431038,1.6291614,1.078,1.49834,0.0352,0.18128,0.04858,302500000.0,,2.0
NI,False,30.754654461904764,"graham_current_ratio,graham_debt_to_equity,graham_pe,graham_pe_times_pb,munger_roe,munger_fcf",20400486400.0,22.62766,2.1113758,0.498,1.46649,0.085489996,0.50971,0.17156,-1772999936.0,0.028300000000000002,4.0
APG,False,30.663650546310055,"data_missing:trailing_pe,graham_current_ratio,graham_debt_to_equity,munger_roe",18980478976.0,,5.1951733,1.389,1.0927200000000001,0.10348,0.31441,0.090509996,648625024.0,,4.0
PNW,False,30.620988333333333,"graham_current_ratio,graham_debt_to_equity,graham_pe_times_pb,munger_roe,munger_fcf",12307578880.0,19.491364,1.7494445,0.594,2.3328800000000003,0.09365,0.43352002,0.21341999,-929501376.0,0.0363,4.0
OKE,False,30.61792079184541,"graham_current_ratio,graham_debt_to_equity,graham_pe_times_pb,munger_gross_margin",61491204096.0,16.85665,2.7503803,0.737,1.4306999999999999,0.16277,0.27214,0.13254,899875008.0,0.0449,4.0
KNX,False,30.602574615334976,"graham_current_ratio,graham_pe,graham_pe_times_pb,munger_roe,munger_gross_margin",11614268416.0,264.2963,1.6634421,0.877,0.38409999999999994,0.00611,0.24333,0.051810004,491255488.0,0.011000000000000001,4.0
SYF,False,30.589499999999997,"data_missing:current_ratio,data_missing:debt_to_equity,data_missing:free_cash_flow,munger_gross_margin",26286710784.0,8.286154,1.7294971,,,0.20786,0.0,0.50219,,0.0168,4.0
NX,False,30.565095238095243,"data_missing:trailing_pe,graham_size,graham_debt_to_equity,graham_earnings_stability,munger_roe,munger_gross_margin",924989184.0,,1.2594584,2.28,1.22271,-0.29746,0.26492,0.04047,82574872.0,0.0154,0.0
PCAR,False,30.49764935141375,"graham_pe,graham_pe_times_pb,munger_roe,munger_gross_margin",68032671744.0,27.210526,3.3478386,5.519,0.7291,0.12755999,0.13715,0.12024,1943650048.0,0.010700000000000001,4.0
BJ,False,30.486454367270277,"graham_current_ratio,graham_debt_to_equity,graham_pe,graham_pe_times_pb,munger_gross_margin",12116734976.0,21.813793,5.698757,0.727,1.34579,0.27885,0.18475,0.03672,89211000.0,,4.0
GSHD,False,30.438121502092883,"data_missing:debt_to_equity,data_missing:return_on_equity,graham_pe,graham_pe_times_pb",2371599360.0,48.437958,-14.053367,1.544,,,0.49583,0.23388,36873876.0,,4.0
NWE,False,30.41296471428571,"graham_current_ratio,graham_debt_to_equity,graham_pe,graham_pe_times_pb,munger_roe,munger_fcf",4380070400.0,26.080585,1.5054126,0.826,1.24221,0.05935,0.55587,0.17343001,-242985632.0,0.0378,4.0
DY,False,30.3875349221033,"graham_debt_to_equity,graham_pe,graham_pe_times_pb,munger_gross_margin",12741244928.0,40.50048,6.722497,2.584,1.58196,0.19699,0.20462999,0.07317,288279744.0,,4.0
TMP,False,30.272251499999996,"data_missing:current_ratio,data_missing:debt_to_equity,data_missing:free_cash_flow,graham_size,munger_gross_margin",1435414016.0,8.160262,1.4887522,,,0.20363002,0.0,0.45026,,0.0279,4.0
ASTH,False,30.174595238095236,"graham_size,graham_current_ratio,graham_debt_to_equity,graham_pe,graham_pe_times_pb,munger_roe,munger_gross_margin",1977230080.0,48.609756,2.3634746,1.229,1.6362299999999999,0.06902,0.10457,0.03529,231191248.0,,4.0
MXL,False,30.08057686326261,"data_missing:trailing_pe,graham_earnings_stability,munger_roe",7110346240.0,,14.66517,1.776,0.30566,-0.21324,0.57477003,-0.02441,14404875.0,,0.0
SARO,False,30.075205645322818,"graham_earnings_stability,graham_pe,graham_pe_times_pb,munger_roe,munger_gross_margin",8971226112.0,28.536842,3.348981,2.135,0.93207,0.12302,0.15048,0.10532,369616000.0,,2.0
APO,False,30.014332666666665,"data_missing:free_cash_flow,graham_debt_to_equity,graham_earnings_stability,graham_pe,graham_pe_times_pb,munger_roe",78465466368.0,47.2847,3.903005,1.948,1.00969,0.11412,0.36141998,0.21952,,0.0167,3.0
AZO,False,29.964783485312417,"data_missing:debt_to_equity,data_missing:return_on_equity,graham_current_ratio,graham_pe,graham_pe_times_pb",49817800704.0,20.968597,-17.93864,0.89,,,0.51754004,0.19082001,903784256.0,,4.0
OTIS,False,29.944568925781844,"data_missing:debt_to_equity,data_missing:return_on_equity,graham_current_ratio,graham_pe_times_pb",26886674432.0,18.685184,-4.677793,0.831,,,0.30313,0.15133001,1436249984.0,0.024900000000000002,4.0
ENSG,False,29.930349679045428,"graham_current_ratio,graham_pe,graham_pe_times_pb,munger_gross_margin",10613231616.0,28.587128,4.3093452,1.211,0.92027,0.16973,0.16566,0.09035,280635360.0,0.0014000000000000002,4.0
UVV,False,29.869713877380953,"graham_size,graham_pe,graham_pe_times_pb,munger_roe,munger_gross_margin",1113285632.0,59.615467,0.78731465,2.572,0.85545,0.022769999,0.17417999,0.00438,155875008.0,0.07490000000000001,4.0
XYZ,False,29.845571428571432,"graham_earnings_stability,graham_pe,graham_pe_times_pb,munger_roe,munger_fcf",48326447104.0,143.6384,2.1811192,2.209,0.3258,0.01612,0.46572,0.06999,-27105876.0,,3.0
HPQ,False,29.820523809523813,"data_missing:debt_to_equity,data_missing:return_on_equity,graham_current_ratio,graham_pe_times_pb,munger_gross_margin",27229913088.0,11.027778,-189.64967,0.794,,,0.20315,0.07114,3450874880.0,0.0408,4.0
GPK,False,29.79908670911224,"graham_current_ratio,graham_debt_to_equity,munger_roe,munger_gross_margin",3269555712.0,17.0,1.0109789,1.379,1.7615100000000001,0.060100004,0.15491,0.045250002,237875008.0,0.04,4.0
CNC,False,29.754128571428573,"data_missing:trailing_pe,graham_current_ratio,graham_earnings_stability,munger_roe,munger_gross_margin",32000995328.0,,1.4183434,1.145,0.7108199999999999,-0.20358999,0.11415,0.0376,9639624704.0,,0.0
GEO,False,29.729964797619047,"graham_debt_to_equity,graham_pe_times_pb,munger_gross_margin,munger_fcf",4083497472.0,14.634435,2.7565527,1.653,1.06105,0.20127001,0.26042998,0.13892001,-3632500.0,,4.0
KRMN,False,29.686154095238095,"graham_debt_to_equity,graham_earnings_stability,graham_pe,graham_pe_times_pb,munger_roe,munger_fcf",8042145792.0,224.74074,19.09978,3.555,2.0785400000000003,0.09503,0.41667998,0.20229,-57195876.0,,3.0
DPZ,False,29.62939651219757,"data_missing:debt_to_equity,data_missing:return_on_equity,graham_pe_times_pb,munger_gross_margin",11184272384.0,19.805506,-2.8073204,1.538,,,0.28709,0.19084999,531496512.0,0.023700000000000002,4.0
FBP,False,29.6205,"data_missing:current_ratio,data_missing:debt_to_equity,data_missing:free_cash_flow,munger_gross_margin",4502187520.0,12.443039,2.2623706,,,0.19494,0.0,0.49097002,,0.0271,4.0
PKG,False,29.56457786468044,"graham_pe,graham_pe_times_pb,munger_roe,munger_gross_margin",22463016960.0,33.129436,4.789237,2.941,0.94474,0.14887,0.21385999,0.13121,432950016.0,0.023700000000000002,4.0
PENG,False,29.469563792857144,"graham_earnings_stability,graham_pe,graham_pe_times_pb,munger_gross_margin,munger_fcf",3081198080.0,43.258633,7.0170965,1.544,0.77496,0.16194999,0.27924,0.108260006,-107568000.0,,1.0
POWI,False,29.38669064569437,"data_missing:debt_to_equity,graham_pe,graham_pe_times_pb,munger_roe",3316080128.0,134.88637,4.9118595,7.069,,0.03622,0.53720003,0.074829996,73703504.0,0.0138,4.0
COHU,False,29.328170751842624,"data_missing:trailing_pe,graham_earnings_stability,munger_roe",2844566272.0,,3.672534,5.742,0.42764,-0.04836,0.43951,0.00621,66293124.0,,0.0
AHR,False,29.322590561818075,"graham_current_ratio,graham_earnings_stability,graham_pe,graham_pe_times_pb,munger_roe,munger_gross_margin",11963772928.0,80.70589,2.891922,1.314,0.41888,0.03951,0.1928,0.0683,396657984.0,0.0183,1.0
WS,False,29.320922905829654,"graham_size,graham_current_ratio,graham_pe,graham_pe_times_pb,munger_roe,munger_gross_margin",1867703040.0,215.64705,1.7211268,1.456,0.28054,-0.01048,0.11711001,0.0579,90725000.0,0.0169,4.0
SHO,False,29.286128646428576,"graham_pe,graham_pe_times_pb,munger_roe,munger_fcf",2044453504.0,49.977272,1.25,5.435,0.51842,0.027520001,0.43695,0.12678,-112805248.0,0.0331,4.0
PWR,False,29.165593144092583,"graham_current_ratio,graham_pe,graham_pe_times_pb,munger_gross_margin",106628038656.0,81.1476,11.05822,1.098,0.6778,0.15337,0.15456,0.07217,1955491328.0,0.0006,4.0
CBRE,False,29.124109489090817,"graham_current_ratio,graham_debt_to_equity,graham_pe,graham_pe_times_pb,munger_gross_margin",42923745280.0,33.997704,5.115966,1.141,1.17789,0.15798001,0.18574,0.03608,1637624960.0,,4.0
BRKR,False,29.08178704454198,"data_missing:trailing_pe,graham_earnings_stability,munger_roe",8794179584.0,,3.6926622,1.847,0.76164,-0.029979998,0.48477,0.09875,179937504.0,0.0034999999999999996,0.0
GVA,False,29.069095238095237,"data_missing:trailing_pe,graham_current_ratio,graham_debt_to_equity,munger_roe,munger_gross_margin",5497916928.0,,7.3037786,1.013,2.1512000000000002,-0.14548,0.15641,0.08996,959048128.0,0.0040999999999999995,4.0
SDGR,False,29.031533333333336,"data_missing:trailing_pe,graham_size,graham_earnings_stability,munger_roe,munger_fcf",1309098496.0,,4.1607227,2.706,0.32832,-0.16174999,0.56869,-0.70551,-29163124.0,,0.0
DAN,False,28.959900000000005,"data_missing:trailing_pe,graham_current_ratio,graham_earnings_stability,munger_roe,munger_gross_margin",3306907136.0,,1.7223219,1.487,0.75794,-0.01627,0.09462,0.05075,631249984.0,0.015300000000000001,1.0
TTWO,False,28.91363287171992,"data_missing:trailing_pe,graham_current_ratio,graham_earnings_stability,munger_roe",45565263872.0,,12.868459,1.062,0.81607,-0.09039,0.57126,0.0051499996,1256137472.0,,0.0
BALL,False,28.872488531208873,"graham_current_ratio,graham_debt_to_equity,graham_pe_times_pb,munger_gross_margin",16254349312.0,17.492836,2.8114207,1.069,1.31495,0.17151,0.1863,0.09232,379875008.0,0.0131,4.0
UNM,False,28.867692857142856,"graham_pe,munger_roe,munger_gross_margin,munger_fcf",14557213696.0,21.539007,1.3342999,17.258,0.36878,0.06351,0.29304,0.11359,-2231912448.0,0.022099999999999998,4.0
TSN,False,28.806886286565636,"graham_current_ratio,graham_earnings_stability,graham_pe,graham_pe_times_pb,munger_roe,munger_gross_margin",20374585344.0,35.75,1.1269703,1.433,0.44025,0.03263,0.06554,0.02711,1191250048.0,0.0348,2.0
PEG,False,28.786332330556547,"graham_current_ratio,graham_debt_to_equity,graham_pe_times_pb,munger_roe",37882392576.0,19.005,2.184671,0.877,1.4240899999999999,0.11835,0.33333,0.18872,107750000.0,0.0354,4.0
RYN,False,28.757246625438686,"graham_pe,graham_pe_times_pb,munger_roe,munger_gross_margin",6417566720.0,46.130432,1.2156975,3.562,0.36024999999999996,0.02015,0.24815,0.1179,111029624.0,0.048600000000000004,4.0
BLDR,False,28.65163667818964,"graham_debt_to_equity,graham_pe,graham_pe_times_pb,munger_roe,munger_gross_margin",7437067264.0,75.13044,1.8568168,1.789,1.30786,0.02506,0.29188,0.033269998,464577120.0,,4.0
PZZA,False,28.600472091973295,"data_missing:debt_to_equity,data_missing:return_on_equity,graham_size,graham_current_ratio,graham_pe,graham_pe_times_pb,munger_gross_margin",762301696.0,28.94375,-1.6824094,0.829,,,0.20365,0.055560004,59249124.0,0.0747,4.0
USFD,False,28.537253236246624,"graham_current_ratio,graham_debt_to_equity,graham_pe,graham_pe_times_pb,munger_gross_margin",23337756672.0,33.296295,5.4872837,1.137,1.26315,0.16350001,0.17554002,0.04197,805124992.0,,4.0
EXC,False,28.51501080952381,"graham_current_ratio,graham_debt_to_equity,munger_roe,munger_fcf",47382409216.0,16.908457,1.5985749,1.088,1.77362,0.09711,0.42363998,0.16590999,-2685125120.0,0.0369,4.0
PII,False,28.479464165960604,"data_missing:trailing_pe,graham_current_ratio,graham_debt_to_equity,graham_earnings_stability,munger_roe,munger_gross_margin",3829607424.0,,4.57792,1.2,2.4489900000000002,-0.25571,0.21948,0.071729995,277100000.0,0.0398,0.0
GPC,False,28.447927125385142,"graham_current_ratio,graham_debt_to_equity,graham_pe,graham_pe_times_pb,munger_roe",18222301184.0,528.72,4.0260725,1.159,1.4641499999999998,0.0070700003,0.37564,0.06562,917241984.0,0.0321,4.0
ACA,False,28.42606297414651,"graham_pe,graham_pe_times_pb,munger_roe,munger_gross_margin",7131781632.0,32.417408,2.3902237,3.119,0.50578,0.080299996,0.22805001,0.12312,60250000.0,0.0014000000000000002,4.0
BKH,False,28.38802380952381,"graham_current_ratio,graham_debt_to_equity,munger_roe,munger_fcf",5603081216.0,18.508818,1.4209468,0.523,1.11686,0.07958,0.39716,0.21422,-77750000.0,0.0383,4.0
BOX,False,28.361506875607382,"graham_current_ratio,graham_debt_to_equity,graham_pe,graham_pe_times_pb,munger_roe",4553567744.0,51.359375,236.47481,0.76,20.48842,-5.75826,0.69536,-0.22146,152298752.0,,4.0
JPM,False,28.341749999999998,"data_missing:current_ratio,data_missing:debt_to_equity,data_missing:free_cash_flow,graham_pe_times_pb,munger_gross_margin",958940708864.0,15.449678,2.712263,,,0.17789,0.0,0.50394,,0.0166,4.0
CVS,False,28.314398414170267,"graham_current_ratio,graham_pe,graham_pe_times_pb,munger_roe,munger_gross_margin",120299945984.0,24.817942,1.5082177,0.866,0.95503,0.06205,0.13645001,0.03861,8076000256.0,0.028300000000000002,4.0
OGS,False,28.250408184523806,"graham_current_ratio,munger_roe,munger_fcf",5052386816.0,17.323277,1.4267457,0.481,0.95903,0.085760005,0.38094002,0.19847,-219928128.0,0.034,4.0
AOSL,False,28.24255309580247,"data_missing:trailing_pe,graham_size,graham_earnings_stability,munger_roe,munger_gross_margin",872147904.0,,1.1048759,3.438,0.035070000000000004,-0.05217,0.22320999,-0.06449,22076750.0,,0.0
PFBC,False,28.182750000000002,"data_missing:current_ratio,data_missing:debt_to_equity,data_missing:free_cash_flow,graham_size,munger_gross_margin",1269468672.0,10.037488,1.5997729,,,0.17577,0.0,0.67442,,0.0298,4.0
INTC,False,28.160435923628146,"data_missing:trailing_pe,graham_earnings_stability,munger_roe",522584358912.0,,5.695029,1.604,0.48997,-0.10715,0.38873002,0.12189999,4866375168.0,,0.0
TTMI,False,28.123453302380952,"graham_earnings_stability,graham_pe,graham_pe_times_pb,munger_roe,munger_gross_margin,munger_fcf",14033522688.0,59.468754,7.5272646,1.78,0.5703,0.13260001,0.21191,0.108950004,-19442376.0,,2.0
ITGR,False,28.058635658986248,"graham_pe,graham_pe_times_pb,munger_roe,munger_gross_margin",4250297088.0,34.29452,2.4756246,3.733,0.79391,0.075040005,0.2613,0.10024,107673376.0,,4.0
CRBG,False,28.010281782567013,"graham_current_ratio,graham_debt_to_equity,graham_earnings_stability,graham_pe,graham_pe_times_pb,munger_roe,munger_gross_margin",14786273280.0,21.26282,1.4555906,1.223,1.27231,0.07139,0.21102,0.111140005,642249984.0,0.0301,0.0
SFBS,False,28.001249249999997,"data_missing:current_ratio,data_missing:debt_to_equity,data_missing:free_cash_flow,graham_pe_times_pb,munger_gross_margin",4923259904.0,15.472508,2.489013,,,0.17334999,0.0,0.70001,,0.0168,4.0
ESI,False,27.96178009466539,"graham_pe,graham_pe_times_pb,munger_roe",9273473024.0,51.425674,3.2970889,2.907,0.74976,0.06539,0.38591,0.118310004,50812500.0,0.008199999999999999,4.0
CMC,False,27.84250756649427,"munger_roe,munger_gross_margin",7893046272.0,13.487713,1.7427944,2.326,0.7998099999999999,0.13791999,0.18565,0.09476,134061248.0,0.011000000000000001,4.0
NJR,False,27.81322728571428,"graham_current_ratio,graham_debt_to_equity,graham_pe_times_pb,munger_roe,munger_fcf",5604174848.0,15.382272,2.1147034,0.661,1.4677799999999999,0.14453,0.39178002,0.09133001,-259436368.0,0.0346,4.0
CAVA,False,27.80078065238095,"graham_earnings_stability,graham_pe,graham_pe_times_pb,munger_roe,munger_fcf",8100509696.0,123.83928,9.62927,2.483,0.61899,0.083229996,0.37733,0.0762,-721500.0,,3.0
NTRS,False,27.7995,"data_missing:current_ratio,data_missing:debt_to_equity,data_missing:free_cash_flow,graham_pe_times_pb,munger_gross_margin",34823778304.0,16.352232,2.9103084,,,0.17066,0.0,0.42496,,0.0171,4.0
CMS,False,27.664547190476192,"graham_current_ratio,graham_debt_to_equity,graham_pe,graham_pe_times_pb,munger_roe,munger_fcf",22206687232.0,21.587088,2.360523,0.936,1.8560400000000001,0.09158,0.40315,0.17167999,-2198874880.0,0.0319,4.0
CHEF,False,27.627442538832586,"graham_debt_to_equity,graham_pe,graham_pe_times_pb,munger_gross_margin",4550803456.0,53.119053,7.018372,2.148,1.4602899999999999,0.15252,0.24457,0.05017,107143504.0,,4.0
ADNT,False,27.6071071,"graham_size,graham_current_ratio,graham_debt_to_equity,graham_earnings_stability,graham_pe,graham_pe_times_pb,munger_roe,munger_gross_margin",1531145088.0,36.109093,0.8855792,1.097,1.26868,0.05791,0.06585,0.024939999,354500000.0,,0.0
RITM,False,27.596964435714288,"data_missing:free_cash_flow,graham_current_ratio,graham_debt_to_equity,munger_roe",5734840320.0,17.116667,0.833063,1.069,3.8764299999999996,0.055910002,0.95561,0.07942,,0.0975,4.0
AX,False,27.579749999999997,"data_missing:current_ratio,data_missing:debt_to_equity,data_missing:free_cash_flow,munger_gross_margin",5605607424.0,11.990898,1.7703182,,,0.16773,0.0,0.45029998,,,4.0
CHCO,False,27.566249999999997,"data_missing:current_ratio,data_missing:debt_to_equity,data_missing:free_cash_flow,graham_pe_times_pb,munger_gross_margin",2055789952.0,16.031763,2.5425582,,,0.16755,0.0,0.5191,,0.0239,4.0
FTRE,False,27.539380909523814,"data_missing:trailing_pe,graham_size,graham_current_ratio,graham_debt_to_equity,graham_earnings_stability,munger_roe,munger_gross_margin",1717505920.0,,3.2764876,0.958,2.13239,-0.15303999,0.19301,0.025799999,278862496.0,,0.0
PLXS,False,27.519836672973746,"graham_current_ratio,graham_pe,graham_pe_times_pb,munger_roe,munger_gross_margin",6954332160.0,38.542095,4.5592422,1.488,0.20079,0.1258,0.100389995,0.046719998,20809250.0,,4.0
AORT,False,27.47339588310828,"data_missing:trailing_pe,graham_size,graham_earnings_stability,munger_roe",1396865664.0,,3.1308053,3.473,0.9155800000000001,-0.0073100002,0.64373,0.09014,13096750.0,,1.0
EWBC,False,27.43275,"data_missing:current_ratio,data_missing:debt_to_equity,data_missing:free_cash_flow,munger_gross_margin",18550034432.0,13.106486,2.006283,,,0.16577,0.0,0.65281,,0.0236,4.0
ZION,False,27.303,"data_missing:current_ratio,data_missing:debt_to_equity,data_missing:free_cash_flow,munger_gross_margin",10400636928.0,9.077707,1.3656836,,,0.16404,0.0,0.52116,,0.0268,4.0
HUBG,False,27.18116762340979,"graham_current_ratio,graham_pe,graham_pe_times_pb,munger_roe,munger_gross_margin",2390490880.0,22.465517,1.4048517,1.474,0.2841,0.06241,0.11378,0.04162,59145876.0,0.0127,4.0
GM,False,27.13761904761905,"graham_current_ratio,graham_debt_to_equity,graham_pe,graham_pe_times_pb,munger_roe,munger_gross_margin",75992014848.0,38.541283,1.1884689,1.136,2.02341,0.03164,0.10177,0.03202,21933750272.0,0.0085,4.0
ARCB,False,27.12125607292699,"graham_current_ratio,graham_pe,graham_pe_times_pb,munger_roe,munger_gross_margin",3201511936.0,204.62244,2.5251787,0.968,0.3627,0.01269,0.080970004,0.05429,148348992.0,0.0033,4.0
POR,False,27.103177142857138,"graham_current_ratio,graham_debt_to_equity,graham_pe,graham_pe_times_pb,munger_roe,munger_fcf",6023280640.0,22.661505,1.4379369,0.977,1.3616300000000001,0.06445,0.47537997,0.14987999,-415750016.0,0.042300000000000004,4.0
UTI,False,27.102297244047623,"graham_size,graham_current_ratio,graham_debt_to_equity,graham_pe,graham_pe_times_pb,munger_roe,munger_fcf",1453412224.0,43.2459,4.221475,1.302,1.04405,0.105349995,0.55051,0.01985,-4487750.0,,4.0
CCS,False,27.09546972287776,"graham_size,munger_roe,munger_gross_margin",1968674560.0,15.217582,0.76728725,4.76,0.6606799999999999,0.052210003,0.17865999,0.05158,78148624.0,0.0178,4.0
NWN,False,27.08790401190476,"graham_current_ratio,graham_debt_to_equity,munger_roe,munger_fcf",2129091072.0,16.91639,1.3654034,0.772,1.73275,0.08347999,0.44977,0.13614,-268720128.0,0.0391,4.0
UGI,False,27.073583333333335,"graham_current_ratio,graham_debt_to_equity,graham_earnings_stability,munger_roe,munger_fcf",7541642752.0,11.759197,1.391043,1.439,1.34987,0.13279,0.51343,-0.02479,-236250000.0,0.042699999999999995,2.0
OFG,False,27.06075,"data_missing:current_ratio,data_missing:debt_to_equity,data_missing:free_cash_flow,munger_gross_margin",2249369856.0,10.580517,1.5983902,,,0.16081,0.0,0.43318,,0.0252,4.0
WRBY,False,27.0196690864302,"graham_earnings_stability,graham_pe,graham_pe_times_pb,munger_roe",3155589888.0,425.48334,8.337361,2.268,0.6402800000000001,0.020550001,0.54412997,0.014140001,16900750.0,,1.0
TEX,False,27.014161705239015,"graham_pe,graham_pe_times_pb,munger_roe,munger_gross_margin",7520940544.0,31.483257,1.5177377,1.818,0.54558,0.042090002,0.17163,0.084,232250000.0,0.0101,4.0
SOLS,False,26.942629910714288,"graham_current_ratio,graham_debt_to_equity,graham_pe,graham_pe_times_pb,munger_roe,munger_fcf",9691278336.0,46.219692,6.110165,1.459,1.52771,0.112629995,0.30622998,0.19338,-27375000.0,0.0048,4.0
MAN,False,26.888289658288073,"graham_current_ratio,graham_earnings_stability,graham_pe,graham_pe_times_pb,munger_roe,munger_gross_margin",2664057088.0,25.802929,1.2647656,1.043,0.67414,0.050809998,0.16235,0.024419999,125012496.0,0.0254,0.0
FBRT,False,26.75567857142857,"data_missing:free_cash_flow,graham_size,graham_current_ratio,graham_debt_to_equity,munger_roe",666024256.0,18.651163,0.5431397,1.403,2.70288,0.04119,0.99637,0.08555,,0.1382,4.0
VIR,False,26.752757142857142,"data_missing:trailing_pe,graham_size,graham_earnings_stability,munger_roe,munger_gross_margin,munger_fcf",1570323968.0,,1.8409046,6.042,0.09494,-0.26081,-0.59389997,0.30746,-38885876.0,,0.0
LYB,False,26.712292849018926,"data_missing:trailing_pe,graham_debt_to_equity,graham_earnings_stability,munger_roe,munger_gross_margin",20835948544.0,,1.9523566,1.641,1.3275899999999998,-0.02269,0.12888,0.17924999,1228000000.0,0.0426,0.0
UTL,False,26.64649955,"graham_size,graham_current_ratio,graham_debt_to_equity,munger_roe,munger_fcf",985874624.0,17.21656,1.5896261,0.491,1.4958799999999999,0.096219994,0.40218,0.14056,-65891876.0,0.0351,4.0
CFR,False,26.6235,"data_missing:current_ratio,data_missing:debt_to_equity,data_missing:free_cash_flow,graham_pe_times_pb,munger_gross_margin",10485122048.0,15.961212,2.3418934,,,0.15498,0.0,0.37236,,0.0245,4.0
SBRA,False,26.613874041766227,"graham_earnings_stability,graham_pe,graham_pe_times_pb,munger_roe",5228045312.0,78.71154,1.9005387,3.574,0.95672,0.02388,0.50268,-0.12527001,155119744.0,0.0591,3.0
HNI,False,26.603109539074143,"data_missing:trailing_pe,graham_current_ratio,munger_roe",3446680832.0,,1.9093126,1.362,0.9107599999999999,0.00329,0.4188,0.08164,104212496.0,0.028999999999999998,4.0
SNDR,False,26.57285250600456,"graham_pe,graham_pe_times_pb,munger_roe,munger_gross_margin",6286290432.0,56.031254,2.0547788,2.033,0.12947,0.036760002,0.16025,0.04552,87137504.0,0.011000000000000001,4.0
CRL,False,26.567182654406135,"data_missing:trailing_pe,graham_current_ratio,graham_debt_to_equity,graham_earnings_stability,munger_roe",13690266624.0,,4.820055,1.348,1.05047,-0.07516,0.34585,0.15113,468856000.0,,0.0
ADM,False,26.30252370807402,"graham_current_ratio,graham_pe,graham_pe_times_pb,munger_roe,munger_gross_margin",39168602112.0,22.204916,1.6617252,1.389,0.39134,0.07642,0.0687,0.04008,1164625024.0,0.0256,4.0
NEO,False,26.295990893052895,"data_missing:trailing_pe,graham_earnings_stability,munger_roe",2104092160.0,,2.630902,3.603,0.57064,-0.06327,0.43917,-0.048449997,43904752.0,,0.0
LKFN,False,26.247749999999996,"data_missing:current_ratio,data_missing:debt_to_equity,data_missing:free_cash_flow,graham_size,munger_roe,munger_gross_margin",1523039872.0,14.052752,1.9696531,,,0.14997,0.0,0.51455003,,0.0336,4.0
IRM,False,26.23814285714286,"data_missing:debt_to_equity,data_missing:return_on_equity,graham_current_ratio,graham_pe,graham_pe_times_pb,munger_fcf",38311374848.0,90.62676,-29.907042,0.726,,,0.5421,0.19059,-436093504.0,0.026600000000000002,4.0
ACM,False,26.15349235145445,"graham_current_ratio,graham_debt_to_equity,graham_pe,graham_pe_times_pb,munger_gross_margin",8043526656.0,22.007044,3.66741,1.057,1.3888,0.16605,0.05678,-0.01844,379882112.0,0.0191,4.0
GT,False,26.113666333333335,"data_missing:trailing_pe,graham_size,graham_current_ratio,graham_debt_to_equity,graham_earnings_stability,munger_roe,munger_gross_margin",1721634560.0,,0.6059378,1.087,2.7367500000000002,-0.61530995,0.18340999,-0.009649999,525875008.0,,0.0
FOXF,False,26.046935494214186,"data_missing:trailing_pe,graham_size,graham_debt_to_equity,graham_earnings_stability,munger_roe,munger_gross_margin",866258944.0,,1.2986768,3.105,1.02,-0.3675,0.29549,0.04889,48863876.0,,0.0
TRUP,False,26.043076385278326,"graham_size,graham_earnings_stability,graham_pe,graham_pe_times_pb,munger_roe,munger_gross_margin",1322320512.0,56.867928,3.2276716,1.774,0.26096,0.06068,0.22584,0.01623,11546000.0,,1.0
BCC,False,26.032821243165294,"graham_pe,graham_pe_times_pb,munger_roe,munger_gross_margin",2823757056.0,27.433897,1.3954892,2.71,0.27115,0.0506,0.16511999,0.045840003,43333376.0,0.0109,4.0
CBSH,False,26.020500749999997,"data_missing:current_ratio,data_missing:debt_to_equity,data_missing:free_cash_flow,munger_roe,munger_gross_margin",8593738752.0,14.685049,1.9819716,,,0.14694001,0.0,0.45125,,0.0184,4.0
EIG,False,26.008661355227368,"graham_size,graham_current_ratio,graham_pe,graham_pe_times_pb,munger_roe,munger_gross_margin",872970368.0,61.525314,1.0161395,1.115,0.14974,0.00772,0.01242,0.16349001,18350000.0,0.028300000000000002,4.0
MFP,False,25.996223809523812,"data_missing:return_on_equity,data_missing:free_cash_flow,graham_earnings_stability,graham_pe,graham_pe_times_pb",2034656512.0,63.380283,2.0014234,1.837,0.32921999999999996,,0.35282,0.09739,,,3.0
J,False,25.99449891582873,"graham_current_ratio,graham_debt_to_equity,graham_pe,graham_pe_times_pb,munger_roe,munger_gross_margin",17037299712.0,47.776493,5.177072,1.287,1.24734,0.07998,0.22067,0.07387,645677888.0,0.01,4.0
CARR,False,25.969263287145676,"graham_current_ratio,graham_pe,graham_pe_times_pb,munger_roe,munger_gross_margin",51138834432.0,43.978573,3.8638217,1.02,0.91998,0.08966,0.24691999,0.13069001,861750016.0,0.015300000000000001,4.0
CEG,False,25.90968629285715,"graham_current_ratio,graham_earnings_stability,graham_pe,graham_pe_times_pb,munger_gross_margin,munger_fcf",97810096128.0,27.414103,3.0673673,1.455,0.7641899999999999,0.15055001,0.22107,0.086619996,-6625124864.0,0.0060999999999999995,3.0
SW,False,25.862534879299908,"graham_current_ratio,graham_pe,graham_pe_times_pb,munger_roe,munger_gross_margin",24909594624.0,50.52128,1.3810853,1.447,0.78427,0.02715,0.18160999,0.05466,1215000064.0,0.0378,4.0
DCH,False,25.856380952380952,"data_missing:trailing_pe,graham_size,graham_current_ratio,graham_debt_to_equity,graham_earnings_stability,munger_roe,munger_gross_margin",1567002368.0,,1.037439,1.398,3.43042,-0.15042,0.11327,0.04855,540849984.0,,0.0
FFIN,False,25.806,"data_missing:current_ratio,data_missing:debt_to_equity,data_missing:free_cash_flow,graham_pe_times_pb,munger_roe,munger_gross_margin",4973197824.0,18.55615,2.4741535,,,0.14408,0.0,0.55958,,0.0252,4.0
LOW,False,25.801787592144677,"data_missing:debt_to_equity,data_missing:return_on_equity,graham_current_ratio,graham_pe_times_pb",120873066496.0,18.213018,-13.039216,1.093,,,0.33293,0.11067,4816124928.0,0.0232,4.0
H,False,25.778847445310703,"graham_current_ratio,graham_debt_to_equity,graham_earnings_stability,graham_pe,graham_pe_times_pb,munger_roe",17013970944.0,220.17683,5.1488667,0.62,1.24421,0.02157,0.43444002,0.16749,170250000.0,0.0033,0.0
CUBI,False,25.74375,"data_missing:current_ratio,data_missing:debt_to_equity,data_missing:free_cash_flow,munger_roe,munger_gross_margin",2751332608.0,10.029593,1.2454448,,,0.14325,0.0,0.46019,,,4.0
CPF,False,25.6845,"data_missing:current_ratio,data_missing:debt_to_equity,data_missing:free_cash_flow,graham_size,munger_roe,munger_gross_margin",987928960.0,12.337621,1.6604639,,,0.14246,0.0,0.36801997,,0.0313,4.0
CC,False,25.619714285714284,"data_missing:trailing_pe,data_missing:debt_to_equity,graham_earnings_stability,munger_roe,munger_gross_margin",2304139520.0,,-46.963192,1.663,,-3.19372,0.15405,0.01131,303124992.0,0.0223,0.0
AIR,False,25.608259940476184,"graham_pe,graham_pe_times_pb,munger_roe,munger_gross_margin,munger_fcf",5985281536.0,30.590534,3.4356296,2.841,0.59397,0.12876001,0.18802999,0.08384,-50362500.0,,4.0
BNY,False,25.593,"data_missing:current_ratio,data_missing:debt_to_equity,data_missing:free_cash_flow,graham_pe_times_pb,munger_roe,munger_gross_margin",111393415168.0,19.156944,2.791095,,,0.14124,0.0,0.40046,,0.013500000000000002,4.0
GXO,False,25.545995732893868,"graham_current_ratio,graham_debt_to_equity,graham_pe,graham_pe_times_pb,munger_roe,munger_gross_margin",5389028352.0,41.584072,1.8211062,0.789,2.02482,0.04502,0.15255,0.029930001,340624992.0,,4.0
RES,False,25.527482999999997,"graham_size,graham_pe,graham_pe_times_pb,munger_roe,munger_gross_margin,munger_fcf",1428579456.0,58.59091,1.2664571,3.341,0.046790000000000005,0.02076,0.23256999,0.0448,-5273000.0,0.024399999999999998,4.0
AMKR,False,25.511447619047615,"graham_pe,graham_pe_times_pb,munger_roe,munger_gross_margin,munger_fcf",14247711744.0,25.775784,3.0651095,2.171,0.57054,0.12514,0.15511,0.10532,-378785984.0,0.0054,4.0
BFH,False,25.48489296428571,"data_missing:current_ratio,data_missing:debt_to_equity,data_missing:free_cash_flow,munger_gross_margin",4503367168.0,9.097959,1.2817564,,,0.17424999,0.0,0.28971002,,0.0083,4.0
SITM,False,25.404216998810426,"graham_debt_to_equity,graham_earnings_stability,graham_pe,graham_pe_times_pb,munger_roe",21657460736.0,1200.35,16.403454,19.445,1.2941900000000002,0.013259999,0.58714,0.10623,24747500.0,,0.0
OI,False,25.37277756240298,"data_missing:trailing_pe,graham_size,graham_current_ratio,graham_debt_to_equity,graham_earnings_stability,munger_roe,munger_gross_margin",1003398144.0,,2.6193342,1.261,9.25046,-1.18344,0.14827,0.07194,69625000.0,,0.0
SMTC,False,25.28784380428914,"data_missing:trailing_pe,graham_earnings_stability,munger_roe",13836674048.0,,24.129303,2.37,0.9028400000000001,-0.05806,0.52394,0.09267,132511376.0,,0.0
BANF,False,25.250999999999994,"data_missing:current_ratio,data_missing:debt_to_equity,data_missing:free_cash_flow,graham_pe_times_pb,munger_roe,munger_gross_margin",3882586368.0,15.60054,1.9845834,,,0.13668,0.0,0.50523,,0.0171,4.0
HUM,False,25.15088533940537,"graham_pe,graham_pe_times_pb,munger_roe,munger_gross_margin",46578548736.0,36.69773,2.4243283,1.742,0.76485,0.06893,0.13653,0.034649998,1940999936.0,0.0092,4.0
GPI,False,25.06098651405581,"graham_current_ratio,graham_debt_to_equity,munger_roe,munger_gross_margin",3072667392.0,10.658644,1.0298989,1.02,1.95668,0.0949,0.15946001,0.03827,135050000.0,0.0085,4.0
UNFI,False,24.969857142857144,"data_missing:trailing_pe,graham_current_ratio,graham_debt_to_equity,graham_earnings_stability,munger_roe,munger_gross_margin",2905826560.0,,1.8238623,1.328,1.97248,-0.02296,0.13494,0.01101,482500000.0,,0.0
BROS,False,24.84651758812949,"graham_current_ratio,graham_debt_to_equity,graham_earnings_stability,graham_pe,graham_pe_times_pb,munger_roe,munger_gross_margin",10468977664.0,68.541664,8.530683,1.35,1.23827,0.14562,0.25097,0.12876001,1719625.0,,3.0
MRTN,False,24.795783666666665,"graham_size,graham_pe,graham_pe_times_pb,munger_roe,munger_gross_margin,munger_fcf",1230364160.0,100.533325,1.6076759,2.503,0.00047,0.01646,0.22690001,0.02345,-5991125.0,0.015700000000000002,4.0
SYNA,False,24.77206338429632,"data_missing:trailing_pe,graham_current_ratio,graham_earnings_stability,munger_roe",4150228736.0,,4.4599705,1.122,0.9433,-0.42229998,0.44721,-0.02792,149650000.0,,0.0
WAL,False,24.764249999999997,"data_missing:current_ratio,data_missing:debt_to_equity,data_missing:free_cash_flow,munger_roe,munger_gross_margin",8893901824.0,9.200903,1.2009429,,,0.13019,0.0,0.39363998,,0.0206,4.0
BOH,False,24.76275,"data_missing:current_ratio,data_missing:debt_to_equity,data_missing:free_cash_flow,graham_pe_times_pb,munger_roe,munger_gross_margin",3148733440.0,14.835502,2.0568225,,,0.13017,0.0,0.44022,,0.0351,4.0
IBOC,False,24.69,"data_missing:current_ratio,data_missing:debt_to_equity,data_missing:free_cash_flow,munger_roe,munger_gross_margin",4532517376.0,11.009063,1.3427665,,,0.1292,0.0,0.60488,,0.02,4.0
CASH,False,24.677142857142854,"data_missing:current_ratio,data_missing:debt_to_equity,data_missing:free_cash_flow,graham_size,munger_gross_margin",1773837312.0,10.687109,2.1098015,,,0.21176,0.0,0.20522,,0.0023,4.0
REZI,False,24.529428904761907,"graham_debt_to_equity,graham_earnings_stability,munger_gross_margin,munger_fcf",3135648256.0,8.066406,1.2814943,2.223,1.2990700000000002,0.15196,0.29208001,0.07925,-1902749952.0,,0.0
PI,False,24.50826012798998,"data_missing:trailing_pe,graham_debt_to_equity,graham_earnings_stability,munger_roe",5134974464.0,,22.16858,3.277,1.15143,-0.12875,0.52856,0.09693,56185876.0,,0.0
PNC,False,24.46725,"data_missing:current_ratio,data_missing:debt_to_equity,data_missing:free_cash_flow,munger_roe,munger_gross_margin",101802860544.0,14.174723,1.5923276,,,0.12623,0.0,0.38689,,0.031400000000000004,4.0
USB,False,24.46725,"data_missing:current_ratio,data_missing:debt_to_equity,data_missing:free_cash_flow,munger_roe,munger_gross_margin",100961738752.0,12.934132,1.665339,,,0.12623,0.0,0.39646998,,0.0321,4.0
NSP,False,24.4502380952381,"data_missing:trailing_pe,graham_size,graham_current_ratio,graham_debt_to_equity,graham_earnings_stability,munger_roe,munger_gross_margin",1974504576.0,,32.370068,1.113,7.836069999999999,-0.18496999,0.12893,0.00356,195124992.0,0.047599999999999996,0.0
PRK,False,24.43875,"data_missing:current_ratio,data_missing:debt_to_equity,data_missing:free_cash_flow,graham_pe_times_pb,munger_roe,munger_gross_margin",3717604096.0,18.407871,2.15317,,,0.12585,0.0,0.46613997,,0.021400000000000002,4.0
WFC,False,24.43125,"data_missing:current_ratio,data_missing:debt_to_equity,data_missing:free_cash_flow,munger_roe,munger_gross_margin",264252178432.0,12.888643,1.6427605,,,0.12575,0.0,0.37387002,,0.022799999999999997,4.0
AMR,False,24.364951986764414,"data_missing:trailing_pe,graham_earnings_stability,munger_roe,munger_gross_margin",2136165504.0,,1.4259597,3.405,0.0076100000000000004,-0.0296,0.10018,-0.02903,52462248.0,,0.0
WABC,False,24.3645,"data_missing:current_ratio,data_missing:debt_to_equity,data_missing:free_cash_flow,graham_size,munger_roe,munger_gross_margin",1374073600.0,13.124723,1.6029928,,,0.12486,0.0,0.60288,,0.0323,4.0
UMBF,False,24.231749999999998,"data_missing:current_ratio,data_missing:debt_to_equity,data_missing:free_cash_flow,munger_roe,munger_gross_margin",11452505088.0,12.534497,1.520873,,,0.12309,0.0,0.51058,,0.0132,4.0
SEDG,False,24.17409795299071,"data_missing:trailing_pe,graham_size,graham_earnings_stability,munger_roe,munger_gross_margin",1839927552.0,,4.4284024,2.03,0.9885200000000001,-0.58424,0.2225,-0.026789999,122062496.0,,0.0
WTFC,False,24.156,"data_missing:current_ratio,data_missing:debt_to_equity,data_missing:free_cash_flow,munger_roe,munger_gross_margin",10852913152.0,12.931271,1.5765824,,,0.12208,0.0,0.46085998,,0.0137,4.0
LHX,False,24.120614457142857,"data_missing:current_ratio,data_missing:return_on_equity,data_missing:free_cash_flow,graham_pe,graham_pe_times_pb",52281618432.0,28.33098,2.7316334,,0.34574,,0.30414,0.097270004,,0.018000000000000002,4.0
SNX,False,24.111956824226606,"graham_current_ratio,graham_pe_times_pb,munger_roe,munger_gross_margin",20729307136.0,18.570917,2.2980711,1.199,0.52735,0.13141,0.07047,0.02661,304888992.0,0.0073,4.0
IFF,False,24.11189761904762,"data_missing:trailing_pe,graham_earnings_stability,munger_roe,munger_fcf",20845529088.0,,1.4915149,2.061,0.44821,-0.05548,0.36583,0.08495,-1720999936.0,0.0196,0.0
TRIP,False,24.044428571428572,"data_missing:trailing_pe,graham_size,graham_debt_to_equity,munger_roe,munger_fcf",1198949248.0,,1.7919074,1.561,1.34928,-0.00233,0.63966,0.09437,-101500000.0,,4.0
BJRI,False,24.03423138140412,"graham_size,graham_current_ratio,graham_debt_to_equity,graham_pe,graham_pe_times_pb,munger_roe,munger_gross_margin",1392367744.0,34.629627,3.4880621,0.289,1.09378,0.104399994,0.15534,0.05006,49461376.0,,4.0
OLN,False,24.01314285714286,"data_missing:trailing_pe,graham_current_ratio,graham_debt_to_equity,graham_earnings_stability,munger_roe,munger_gross_margin",2159968256.0,,1.2620713,1.418,1.99059,-0.10585,0.06858,0.0403,311800000.0,0.0421,0.0
MTRN,False,23.9748521890353,"graham_pe,graham_pe_times_pb,munger_roe,munger_gross_margin",5734274048.0,64.15851,5.9828277,2.941,0.51424,0.09458999,0.16011,0.08574,13363875.0,0.002,4.0
XHR,False,23.943296004087138,"data_missing:trailing_pe,graham_size,graham_debt_to_equity,munger_roe,munger_gross_margin",1890519552.0,,1.5882647,2.198,1.18285,-0.0063300002,0.26128998,0.13129,72648248.0,0.0294,4.0
WSFS,False,23.925749999999997,"data_missing:current_ratio,data_missing:debt_to_equity,data_missing:free_cash_flow,munger_roe,munger_gross_margin",4170525952.0,13.673367,1.562476,,,0.11901,0.0,0.41717,,0.0098,4.0
MDU,False,23.914511529761903,"graham_current_ratio,graham_pe,graham_pe_times_pb,munger_roe,munger_fcf",4343716352.0,21.968084,1.48401,0.992,0.8805,0.068909995,0.3475,0.12531,-478334112.0,0.0275,4.0
RF,False,23.900249549999998,"data_missing:current_ratio,data_missing:debt_to_equity,data_missing:free_cash_flow,munger_roe,munger_gross_margin",26989127680.0,12.878049,1.546271,,,0.118669994,0.0,0.39314997,,0.0345,4.0
DTE,False,23.89369004761905,"graham_current_ratio,graham_debt_to_equity,graham_pe,graham_pe_times_pb,munger_roe,munger_gross_margin,munger_fcf",29564110848.0,22.48022,2.4334579,0.802,2.2906,0.1103,0.29347,0.13623999,-2596624896.0,0.033,4.0
MBIN,False,23.799749999999996,"data_missing:current_ratio,data_missing:debt_to_equity,data_missing:free_cash_flow,munger_roe,munger_gross_margin",2500723456.0,10.931726,1.3573012,,,0.11733,0.0,0.61074,,0.008100000000000001,4.0
CATY,False,23.77950045,"data_missing:current_ratio,data_missing:debt_to_equity,data_missing:free_cash_flow,munger_roe,munger_gross_margin",4296370176.0,12.602739,1.4125595,,,0.117060006,0.0,0.62619996,,0.0236,4.0
SR,False,23.766975073809522,"graham_current_ratio,graham_debt_to_equity,munger_roe,munger_fcf",4920845824.0,18.376379,1.3732721,0.37,2.02612,0.081099994,0.43965998,0.07068,-326512512.0,0.0401,4.0
CBU,False,23.6475,"data_missing:current_ratio,data_missing:debt_to_equity,data_missing:free_cash_flow,munger_roe,munger_gross_margin",3409510656.0,15.034803,1.644378,,,0.1153,0.0,0.39207,,0.0292,4.0
HII,False,23.60581979761905,"graham_current_ratio,graham_pe_times_pb,munger_roe,munger_gross_margin,munger_fcf",12617156608.0,19.081942,2.3751929,1.23,0.55252,0.12968001,0.124,0.0708,-300249984.0,0.0173,4.0
VSEC,False,23.596892707142857,"graham_pe,graham_pe_times_pb,munger_roe,munger_gross_margin,munger_fcf",6651118080.0,75.47452,2.2671094,3.768,0.34965,0.042659998,0.15621,0.12682,-260715008.0,0.0016,4.0
FHN,False,23.58975,"data_missing:current_ratio,data_missing:debt_to_equity,data_missing:free_cash_flow,munger_roe,munger_gross_margin",12303991808.0,12.485577,1.4505949,,,0.11453,0.0,0.41284,,0.026099999999999998,4.0
PATK,False,23.587686142072464,"graham_debt_to_equity,graham_pe,graham_pe_times_pb,munger_roe,munger_gross_margin",2712708608.0,20.109524,2.3988185,2.668,1.46006,0.12953,0.23055,0.07395,32754876.0,0.0222,4.0
NBTB,False,23.568,"data_missing:current_ratio,data_missing:debt_to_equity,data_missing:free_cash_flow,munger_roe,munger_gross_margin",2763755520.0,12.941605,1.4225729,,,0.11424,0.0,0.41447,,0.03,4.0
TSLA,False,23.533852945490068,"graham_pe,graham_pe_times_pb,munger_roe,munger_gross_margin",1341444063232.0,311.6009,15.441917,1.941,0.18373,0.046669997,0.18852,0.014099999,4835999744.0,,4.0
HAFC,False,23.508,"data_missing:current_ratio,data_missing:debt_to_equity,data_missing:free_cash_flow,graham_size,munger_roe,munger_gross_margin",953075328.0,10.823233,1.1637042,,,0.11344,0.0,0.45029998,,0.0348,4.0
OZK,False,23.4967503,"data_missing:current_ratio,data_missing:debt_to_equity,data_missing:free_cash_flow,munger_roe,munger_gross_margin",5550014976.0,8.399341,0.9345108,,,0.113290004,0.0,0.55609,,0.0364,4.0
SHEN,False,23.43785,"data_missing:trailing_pe,graham_size,graham_current_ratio,graham_earnings_stability,munger_roe,munger_fcf",663545664.0,,0.77163273,0.852,0.77081,-0.03941,0.64852995,-0.00944,-236001120.0,0.0087,0.0
BAC,False,23.399250375,"data_missing:current_ratio,data_missing:debt_to_equity,data_missing:free_cash_flow,munger_roe,munger_gross_margin",448864550912.0,14.824481,1.6315898,,,0.111990005,0.0,0.38305,,0.02,4.0
PFS,False,23.354999999999997,"data_missing:current_ratio,data_missing:debt_to_equity,data_missing:free_cash_flow,munger_roe,munger_gross_margin",3194036992.0,10.204124,1.0987438,,,0.1114,0.0,0.5227,,0.0391,4.0
TRMK,False,23.339250449999998,"data_missing:current_ratio,data_missing:debt_to_equity,data_missing:free_cash_flow,munger_roe,munger_gross_margin",2785064704.0,12.203562,1.3026944,,,0.111190006,0.0,0.36776,,0.0208,4.0
HOMB,False,23.329499999999996,"data_missing:current_ratio,data_missing:debt_to_equity,data_missing:free_cash_flow,munger_roe,munger_gross_margin",6215541760.0,12.838842,1.3696275,,,0.11106,0.0,0.57611,,0.0276,4.0
FULT,False,23.32575,"data_missing:current_ratio,data_missing:debt_to_equity,data_missing:free_cash_flow,munger_roe,munger_gross_margin",4662075392.0,11.706732,1.2867938,,,0.11101,0.0,0.42348,,0.0311,4.0
WKC,False,23.31119368898296,"data_missing:trailing_pe,graham_size,graham_current_ratio,graham_earnings_stability,munger_roe,munger_gross_margin",1823555328.0,,1.607304,1.058,0.58819,-0.12264,0.026889998,0.00753,116087504.0,0.0258,0.0
FBK,False,23.31,"data_missing:current_ratio,data_missing:debt_to_equity,data_missing:free_cash_flow,munger_roe,munger_gross_margin",3051665152.0,16.15344,1.5757827,,,0.1108,0.0,0.45556,,0.0137,4.0
COLB,False,23.270999999999997,"data_missing:current_ratio,data_missing:debt_to_equity,data_missing:free_cash_flow,munger_roe,munger_gross_margin",9109534720.0,12.681102,1.2062315,,,0.11028,0.0,0.50923,,0.0458,4.0
FCF,False,23.1802497,"data_missing:current_ratio,data_missing:debt_to_equity,data_missing:free_cash_flow,munger_roe,munger_gross_margin",2165628672.0,13.14724,1.3753932,,,0.109069996,0.0,0.45363998,,0.026000000000000002,4.0
BANR,False,23.086499999999997,"data_missing:current_ratio,data_missing:debt_to_equity,data_missing:free_cash_flow,munger_roe,munger_gross_margin",2506386944.0,12.169967,1.2536547,,,0.10782,0.0,0.37702,,0.0277,4.0
ROAD,False,23.066370295998283,"graham_debt_to_equity,graham_pe,graham_pe_times_pb,munger_gross_margin",6703398912.0,46.683796,6.815349,1.566,1.81754,0.15048,0.15759,0.10667,52442000.0,,4.0
MTB,False,23.0565,"data_missing:current_ratio,data_missing:debt_to_equity,data_missing:free_cash_flow,munger_roe,munger_gross_margin",36743413760.0,13.420858,1.440209,,,0.10742,0.0,0.45108002,,0.023700000000000002,4.0
WBS,False,23.011499999999995,"data_missing:current_ratio,data_missing:debt_to_equity,data_missing:free_cash_flow,munger_roe,munger_gross_margin",12709092352.0,12.837152,1.3682272,,,0.10682,0.0,0.50575,,0.0203,4.0
MRCY,False,22.997352157327235,"data_missing:trailing_pe,graham_earnings_stability,munger_roe,munger_gross_margin",6498484736.0,,4.357963,3.186,0.44426000000000004,-0.00963,0.28683,0.031630002,97339000.0,,0.0
WCC,False,22.991364684803354,"graham_debt_to_equity,graham_pe,graham_pe_times_pb,munger_roe,munger_gross_margin",17549676544.0,24.887352,3.4825497,2.091,1.2865,0.14308,0.21395001,0.06082,177050000.0,0.0054,4.0
ONB,False,22.9559997,"data_missing:current_ratio,data_missing:debt_to_equity,data_missing:free_cash_flow,munger_roe,munger_gross_margin",10337041408.0,11.955752,1.2373495,,,0.106079996,0.0,0.52542,,0.021400000000000002,4.0
SSB,False,22.948499549999994,"data_missing:current_ratio,data_missing:debt_to_equity,data_missing:free_cash_flow,munger_roe,munger_gross_margin",10699200512.0,11.589285,1.171642,,,0.105979994,0.0,0.50514,,0.023799999999999998,4.0
MP,False,22.898366666666664,"data_missing:trailing_pe,graham_earnings_stability,munger_roe,munger_fcf",10426066944.0,,5.325207,9.51,0.41402,-0.03585,0.42326,-0.1472,-432948864.0,,0.0
STWD,False,22.76675,"data_missing:free_cash_flow,graham_debt_to_equity,graham_pe,munger_roe",6106684928.0,27.254238,0.89437675,12.868,3.3111900000000003,0.03689,0.86453,-0.05869,,0.1182,4.0
PAG,False,22.76613721339243,"graham_current_ratio,graham_debt_to_equity,graham_pe_times_pb,munger_gross_margin",14341428224.0,15.884364,2.466154,0.975,1.6064699999999998,0.15842,0.16149001,0.03966,218100000.0,0.0264,4.0
FHB,False,22.741499249999997,"data_missing:current_ratio,data_missing:debt_to_equity,data_missing:free_cash_flow,munger_roe,munger_gross_margin",3341350144.0,11.93913,1.1823466,,,0.10321999,0.0,0.43712002,,0.0378,4.0
FFBC,False,22.714499999999997,"data_missing:current_ratio,data_missing:debt_to_equity,data_missing:free_cash_flow,munger_roe,munger_gross_margin",3567369728.0,12.008835,1.1939642,,,0.10286,0.0,0.39804,,0.029500000000000002,4.0
UCB,False,22.703249999999997,"data_missing:current_ratio,data_missing:debt_to_equity,data_missing:free_cash_flow,munger_roe,munger_gross_margin",4412460544.0,11.959151,1.1984216,,,0.10271,0.0,0.50902003,,0.028399999999999998,4.0
KTOS,False,22.680083258333333,"graham_earnings_stability,graham_pe,graham_pe_times_pb,munger_roe,munger_gross_margin,munger_fcf",11845637120.0,371.58823,3.4573915,5.541,0.0565,0.011469999,0.23002,-0.00174,-118287504.0,,2.0
TCBI,False,22.641,"data_missing:current_ratio,data_missing:debt_to_equity,data_missing:free_cash_flow,munger_roe,munger_gross_margin",4396128256.0,13.149545,1.3356757,,,0.10188,0.0,0.36721,,0.0079,4.0
KEY,False,22.623214285714287,"data_missing:current_ratio,data_missing:debt_to_equity,data_missing:free_cash_flow,graham_earnings_stability,munger_roe,munger_gross_margin",24721127424.0,13.485379,1.4291027,,,0.1033,0.0,0.3471,,0.0356,1.0
FLEX,False,22.510076252881134,"graham_current_ratio,graham_debt_to_equity,graham_pe,graham_pe_times_pb,munger_gross_margin",45743169536.0,46.378277,8.316319,1.38,1.07818,0.18378,0.0953,0.0497,625750016.0,,4.0
AGNT,False,22.45257156190476,"data_missing:trailing_pe,data_missing:debt_to_equity,graham_size,graham_earnings_stability,munger_roe,munger_gross_margin",704949632.0,,2.5520523,1.515,,-0.06887,0.068280004,0.00412,98850248.0,0.0471,0.0
STBA,False,22.404,"data_missing:current_ratio,data_missing:debt_to_equity,data_missing:free_cash_flow,graham_size,munger_roe,munger_gross_margin",1784433792.0,13.457446,1.2711012,,,0.09872,0.0,0.44693002,,0.028999999999999998,4.0
SCL,False,22.379161369503784,"data_missing:trailing_pe,graham_size,graham_current_ratio,munger_roe,munger_gross_margin",1455223552.0,,1.2093133,1.151,0.5836,-0.0021600001,0.11812,0.0619,55548624.0,0.024399999999999998,4.0
LPX,False,22.347616666666664,"graham_pe,graham_pe_times_pb,munger_roe,munger_gross_margin,munger_fcf",4924705792.0,91.46754,2.8269248,3.221,0.21617,0.03098,0.18023,0.05271,-96000000.0,0.0166,4.0
AUB,False,22.31925,"data_missing:current_ratio,data_missing:debt_to_equity,data_missing:free_cash_flow,munger_roe,munger_gross_margin",6073917440.0,12.399416,1.1713026,,,0.09759,0.0,0.56057,,0.0348,4.0
HWC,False,22.278000374999998,"data_missing:current_ratio,data_missing:debt_to_equity,data_missing:free_cash_flow,munger_roe,munger_gross_margin",6312752640.0,15.613096,1.4248465,,,0.097040005,0.0,0.4386,,0.0254,4.0
ASB,False,22.271249625,"data_missing:current_ratio,data_missing:debt_to_equity,data_missing:free_cash_flow,munger_roe,munger_gross_margin",6044637184.0,11.199301,1.0963546,,,0.096949995,0.0,0.41342998,,0.029900000000000003,4.0
TRST,False,22.23675,"data_missing:current_ratio,data_missing:debt_to_equity,data_missing:free_cash_flow,graham_size,munger_roe,munger_gross_margin",976030080.0,15.922222,1.487865,,,0.09649,0.0,0.46668997,,0.0268,4.0
HGV,False,22.22595238095238,"graham_debt_to_equity,graham_pe,graham_pe_times_pb,munger_roe,munger_gross_margin,munger_fcf",3387218432.0,24.761364,3.08531,4.814,6.2408600000000005,0.11456,0.24617,0.12666,-127000000.0,,4.0
FIBK,False,22.212749249999998,"data_missing:current_ratio,data_missing:debt_to_equity,data_missing:free_cash_flow,munger_roe,munger_gross_margin",3695912704.0,12.006191,1.115201,,,0.09616999,0.0,0.43242002,,0.0483,4.0
SAH,False,22.15477380952381,"graham_current_ratio,graham_debt_to_equity,graham_pe_times_pb,munger_gross_margin,munger_fcf",2532187648.0,12.753981,2.4684873,1.012,4.55519,0.20631,0.15704,0.03376,-116075000.0,0.0204,4.0
UBSI,False,22.1055,"data_missing:current_ratio,data_missing:debt_to_equity,data_missing:free_cash_flow,munger_roe,munger_gross_margin",6659432960.0,13.321526,1.24143,,,0.09474,0.0,0.53079,,0.031,4.0
WD,False,22.098714210714284,"data_missing:free_cash_flow,graham_size,graham_debt_to_equity,graham_pe,munger_roe",1380409856.0,35.90625,0.7837653,1.574,1.3645699999999998,0.023599999,1.0,0.00767,,0.0668,4.0
EBC,False,22.0815,"data_missing:current_ratio,data_missing:debt_to_equity,data_missing:free_cash_flow,munger_roe,munger_gross_margin",5372306432.0,13.134079,1.1980228,,,0.09442,0.0,0.50124,,0.023700000000000002,4.0
ABCB,False,22.048499999999997,"data_missing:current_ratio,data_missing:debt_to_equity,data_missing:free_cash_flow,munger_roe,munger_gross_margin",5944359424.0,16.164234,1.4482613,,,0.09398,0.0,0.50194,,0.009000000000000001,4.0
AAL,False,22.032619703211736,"data_missing:trailing_pe,data_missing:debt_to_equity,data_missing:return_on_equity,graham_current_ratio,munger_gross_margin",9443001344.0,,-2.3771038,0.534,,,0.21239,0.02814,519249984.0,,4.0
AES,False,21.93988132738095,"graham_current_ratio,graham_debt_to_equity,graham_earnings_stability,munger_roe,munger_gross_margin,munger_fcf",10533339136.0,5.531835,2.1313133,0.746,2.5688600000000004,0.095740005,0.2027,0.18673,-3089125120.0,0.04769999999999999,3.0
VTOL,False,21.89667142857143,"graham_size,graham_earnings_stability,munger_roe,munger_gross_margin,munger_fcf",1363534976.0,13.218419,1.2518055,2.26,0.89036,0.10082,0.27201,0.08455,-34202124.0,0.0108,2.0
BKU,False,21.89099925,"data_missing:current_ratio,data_missing:debt_to_equity,data_missing:free_cash_flow,munger_roe,munger_gross_margin",3412380672.0,13.160713,1.1528373,,,0.09187999,0.0,0.37060001,,0.0276,4.0
MATW,False,21.861548851376234,"graham_size,graham_debt_to_equity,graham_earnings_stability,graham_pe,graham_pe_times_pb,munger_roe",717032000.0,76.6,1.47601,1.756,1.2932,-0.05874,0.37884,-0.02657,26483000.0,0.0443,0.0
CAH,False,21.851333376190478,"data_missing:debt_to_equity,data_missing:return_on_equity,graham_current_ratio,graham_earnings_stability,graham_pe,graham_pe_times_pb,munger_gross_margin",54526218240.0,32.426697,-18.948112,0.883,,,0.03844,0.013300001,4752500224.0,0.0088,3.0
AVAV,False,21.80115952380952,"data_missing:trailing_pe,graham_earnings_stability,munger_roe,munger_gross_margin,munger_fcf",9206964224.0,,2.0758188,4.304,0.18971,-0.10029,0.25325,0.02812,-251387504.0,,0.0
TFC,False,21.794249999999998,"data_missing:current_ratio,data_missing:debt_to_equity,data_missing:free_cash_flow,graham_earnings_stability,munger_roe,munger_gross_margin",64257540096.0,12.091954,1.0949665,,,0.09059,0.0,0.39815,,0.039599999999999996,2.0
FNB,False,21.78,"data_missing:current_ratio,data_missing:debt_to_equity,data_missing:free_cash_flow,munger_roe,munger_gross_margin",6891462144.0,11.52381,1.0008789,,,0.0904,0.0,0.44671002,,0.0268,4.0
PFGC,False,21.76490259419558,"graham_debt_to_equity,graham_pe,graham_pe_times_pb,munger_roe,munger_gross_margin",16421926912.0,45.655025,3.331103,1.514,1.58849,0.076680005,0.12575,0.02229,713825024.0,,4.0
HBAN,False,21.7515,"data_missing:current_ratio,data_missing:debt_to_equity,data_missing:free_cash_flow,munger_roe,munger_gross_margin",36185628672.0,13.776923,1.2166293,,,0.09002,0.0,0.41932,,0.0345,4.0
SBSI,False,21.746249625,"data_missing:current_ratio,data_missing:debt_to_equity,data_missing:free_cash_flow,graham_size,munger_roe,munger_gross_margin",965740544.0,12.729412,1.0962512,,,0.089949995,0.0,0.47232,,0.0452,4.0
WSBC,False,21.734999249999998,"data_missing:current_ratio,data_missing:debt_to_equity,data_missing:free_cash_flow,munger_roe,munger_gross_margin",4054900736.0,12.011363,1.0432036,,,0.08979999,0.0,0.48699,,0.0358,4.0
VLY,False,21.71475,"data_missing:current_ratio,data_missing:debt_to_equity,data_missing:free_cash_flow,munger_roe,munger_gross_margin",8206188032.0,12.584746,1.1090366,,,0.08953,0.0,0.46787998,,0.029500000000000002,4.0
NIC,False,21.68024925,"data_missing:current_ratio,data_missing:debt_to_equity,data_missing:free_cash_flow,graham_pe,graham_pe_times_pb,munger_roe,munger_gross_margin",3738820096.0,20.022446,1.646972,,,0.08906999,0.0,0.52892,,0.0076,4.0
APD,False,21.646583333333336,"data_missing:trailing_pe,graham_current_ratio,graham_debt_to_equity,graham_earnings_stability,munger_roe,munger_fcf",67608444928.0,,4.869601,1.085,1.1009099999999998,0.00023,0.32056,0.25536,-1497500032.0,0.0241,0.0
SHAK,False,21.587428571428575,"graham_debt_to_equity,graham_earnings_stability,graham_pe,graham_pe_times_pb,munger_roe,munger_fcf",3119531264.0,76.65263,5.400875,1.668,1.66579,0.0794,0.4038,0.05069,-41693376.0,,3.0
DCOM,False,21.552,"data_missing:current_ratio,data_missing:debt_to_equity,data_missing:free_cash_flow,graham_size,munger_roe,munger_gross_margin",1799381248.0,14.764493,1.281769,,,0.08736,0.0,0.44626,,0.0245,4.0
ARMK,False,21.510210967049858,"graham_current_ratio,graham_debt_to_equity,graham_pe,graham_pe_times_pb,munger_roe,munger_gross_margin",16274891776.0,43.17133,4.7942066,1.285,1.8672399999999998,0.11694,0.15292,0.04422,374142496.0,0.0078000000000000005,4.0
ABR,False,21.481250000000003,"data_missing:free_cash_flow,graham_size,graham_debt_to_equity,graham_pe,munger_roe",1004518464.0,55.055553,0.43671778,2.095,3.86741,0.01975,0.79161,-0.12729,,0.188,4.0
HTLD,False,21.44963266666667,"data_missing:trailing_pe,graham_size,graham_earnings_stability,munger_roe,munger_gross_margin,munger_fcf",978257472.0,,1.2934561,1.585,0.19358,-0.028469998,0.28059998,-0.04617,-80482624.0,0.0062,0.0
NWBI,False,21.428250300000002,"data_missing:current_ratio,data_missing:debt_to_equity,data_missing:free_cash_flow,munger_roe,munger_gross_margin",2285494528.0,15.150485,1.1852498,,,0.085710004,0.0,0.41568002,,0.051,4.0
VVX,False,21.412728217500522,"graham_current_ratio,graham_earnings_stability,graham_pe,graham_pe_times_pb,munger_roe,munger_gross_margin",2627681536.0,28.906897,2.3784935,1.318,0.97529,0.08349,0.08473,0.04282,106377504.0,,2.0
C,False,21.396749999999997,"data_missing:current_ratio,data_missing:debt_to_equity,data_missing:free_cash_flow,munger_roe,munger_gross_margin",230580469760.0,14.812501,1.1980338,,,0.08529,0.0,0.36229,,0.019299999999999998,4.0
WAFD,False,21.37275,"data_missing:current_ratio,data_missing:debt_to_equity,data_missing:free_cash_flow,munger_roe,munger_gross_margin",2774019584.0,11.832807,1.0189059,,,0.08497,0.0,0.46126997,,0.0286,4.0
FITB,False,21.328500000000002,"data_missing:current_ratio,data_missing:debt_to_equity,data_missing:free_cash_flow,graham_pe_times_pb,munger_roe,munger_gross_margin",52245803008.0,19.404041,1.6175026,,,0.08438,0.0,0.39078,,0.0278,4.0
BBT,False,21.317250449999996,"data_missing:current_ratio,data_missing:debt_to_equity,data_missing:free_cash_flow,munger_roe,munger_gross_margin",2729051904.0,10.402556,1.081548,,,0.084230006,0.0,0.46051997,,0.039599999999999996,4.0
UNIT,False,21.262666666666668,"data_missing:return_on_equity,graham_current_ratio,graham_debt_to_equity,graham_earnings_stability,munger_fcf",2364142848.0,2.5364583,7.3955956,1.222,68.69969,,0.5846,0.04144,-258078000.0,,2.0
STT,False,21.24975,"data_missing:current_ratio,data_missing:debt_to_equity,data_missing:free_cash_flow,graham_pe_times_pb,munger_roe,munger_gross_margin",52772954112.0,16.95587,2.2079577,,,0.12437,0.0,0.27818,,0.0191,4.0
CFG,False,21.20250075,"data_missing:current_ratio,data_missing:debt_to_equity,data_missing:free_cash_flow,munger_roe,munger_gross_margin",31335555072.0,16.20915,1.3063862,,,0.08270001,0.0,0.35132998,,0.0248,4.0
COF,False,21.18567857142857,"data_missing:current_ratio,data_missing:debt_to_equity,data_missing:free_cash_flow,munger_roe,munger_gross_margin",136516026368.0,12.2533045,1.3256365,,,0.09031,0.0,0.33629,,0.014499999999999999,4.0
INDB,False,21.17925,"data_missing:current_ratio,data_missing:debt_to_equity,data_missing:free_cash_flow,munger_roe,munger_gross_margin",4067110912.0,15.52622,1.1640456,,,0.08239,0.0,0.47252,,0.0286,4.0
RNST,False,21.1575003,"data_missing:current_ratio,data_missing:debt_to_equity,data_missing:free_cash_flow,munger_roe,munger_gross_margin",3933134080.0,12.581871,1.0159367,,,0.082100004,0.0,0.43483,,0.0223,4.0
GEF,False,21.12164285714286,"data_missing:return_on_equity,data_missing:free_cash_flow,graham_current_ratio,graham_pe,graham_pe_times_pb,munger_gross_margin",4948916736.0,35.97314,1.6478014,1.289,0.39409999999999995,,0.22521,0.10561,,0.0263,4.0
FBNC,False,21.108,"data_missing:current_ratio,data_missing:debt_to_equity,data_missing:free_cash_flow,graham_pe,graham_pe_times_pb,munger_roe,munger_gross_margin",2731525888.0,20.503105,1.5913801,,,0.08144,0.0,0.51192003,,0.014499999999999999,4.0
VSTS,False,21.085175482730428,"data_missing:trailing_pe,graham_size,graham_debt_to_equity,graham_earnings_stability,munger_roe,munger_gross_margin",1763676672.0,,2.0094867,2.166,1.52545,-0.00602,0.26297,0.058709998,69159872.0,0.0175,0.0
CFFN,False,21.0097497,"data_missing:current_ratio,data_missing:debt_to_equity,data_missing:free_cash_flow,graham_size,graham_earnings_stability,munger_roe,munger_gross_margin",1072080448.0,13.36923,1.0482509,,,0.080129996,0.0,0.50087,,0.039,2.0
CXW,False,21.006723298327724,"graham_current_ratio,graham_pe,graham_pe_times_pb,munger_roe,munger_gross_margin",3296120064.0,26.452383,2.2913518,1.319,0.95487,0.08772001,0.2258,0.101789996,24545250.0,,4.0
GBCI,False,20.9595,"data_missing:current_ratio,data_missing:debt_to_equity,data_missing:free_cash_flow,graham_pe,graham_pe_times_pb,munger_roe,munger_gross_margin",6460625920.0,20.336065,1.497917,,,0.07946,0.0,0.44305,,0.026600000000000002,4.0
CVBF,False,20.736749999999997,"data_missing:current_ratio,data_missing:debt_to_equity,data_missing:free_cash_flow,munger_roe,munger_gross_margin",4058500864.0,16.013887,1.2822509,,,0.07649,0.0,0.55747,,0.0345,4.0
PNFP,False,20.735999999999997,"data_missing:current_ratio,data_missing:debt_to_equity,data_missing:free_cash_flow,munger_roe,munger_gross_margin",16178118656.0,14.746555,1.1463263,,,0.07648,0.0,0.47018,,0.018600000000000002,4.0
MOH,False,20.611716125713826,"graham_pe,graham_pe_times_pb,munger_roe,munger_gross_margin",10661850112.0,1276.5625,2.5463772,1.679,0.94773,-0.0016,0.08427,0.01398,700249984.0,,4.0
VSH,False,20.407737743851612,"graham_earnings_stability,graham_pe,graham_pe_times_pb,munger_roe,munger_gross_margin",5059518464.0,164.935,2.1627984,1.802,0.37664000000000003,0.01134,0.20927,0.0581,14999875.0,0.011200000000000002,0.0
BXMT,False,20.336000000000002,"data_missing:free_cash_flow,graham_debt_to_equity,graham_earnings_stability,graham_pe,graham_pe_times_pb,munger_roe",2370700288.0,175.8225,0.7355051,98.576,4.84696,0.00448,1.0,-3.69142,,0.132,1.0
PB,False,20.303250000000002,"data_missing:current_ratio,data_missing:debt_to_equity,data_missing:free_cash_flow,munger_roe,munger_gross_margin",8929134592.0,12.87695,0.9003879,,,0.07071,0.0,0.58042,,0.0322,4.0
MTZ,False,20.28013776190476,"graham_current_ratio,graham_earnings_stability,graham_pe,graham_pe_times_pb,munger_gross_margin,munger_fcf",23638163456.0,46.7973,6.6086307,1.4,0.89874,0.16176,0.12913999,0.05424,-57898876.0,,2.0
MET,False,20.169023895238094,"graham_debt_to_equity,graham_pe_times_pb,munger_roe,munger_gross_margin,munger_fcf",61790601216.0,18.627396,2.2598076,2.027,1.7993299999999999,0.13094,0.23951,0.055180002,-20953999360.0,0.0245,4.0
CWST,False,20.127075693613786,"graham_current_ratio,graham_pe,graham_pe_times_pb,munger_roe",5720285696.0,1123.5625,3.620308,0.993,0.9162300000000001,0.00364,0.3342,0.0499,121703752.0,,4.0
ASTE,False,20.020280952380954,"graham_size,graham_earnings_stability,graham_pe,graham_pe_times_pb,munger_roe,munger_gross_margin,munger_fcf",976045312.0,50.464287,1.4145088,2.517,0.57089,0.02859,0.26159,0.06346,-1112500.0,0.012,3.0
STEP,False,20.0,"data_missing:trailing_pe,graham_current_ratio,graham_debt_to_equity,graham_earnings_stability,munger_roe,munger_gross_margin",6118578688.0,,-7.238852,0.639,1.26487,-0.61397,-0.48369,-0.54055,2822566144.0,0.0356,0.0
ARWR,False,20.0,"data_missing:trailing_pe,graham_debt_to_equity,graham_earnings_stability,munger_roe,munger_fcf",12358795264.0,,26.604,5.899,2.95984,-0.55207,1.0,-2.26028,-48628124.0,,0.0
SLAB,False,20.0,"data_missing:trailing_pe,data_missing:debt_to_equity,graham_earnings_stability,munger_roe,munger_fcf",7305318400.0,,6.5706315,5.407,,-0.03628,0.60611,-0.04674,-13706625.0,,0.0
CNH,False,19.91982661550197,"graham_debt_to_equity,graham_pe,graham_pe_times_pb,munger_roe,munger_gross_margin",16306729984.0,40.56,1.6182574,4.883,3.35044,0.03914,0.17789,0.05538,566249984.0,0.0097,4.0
WERN,False,19.800357554828928,"data_missing:trailing_pe,graham_current_ratio,graham_earnings_stability,munger_roe,munger_gross_margin",2284698880.0,,1.6741346,1.448,0.68379,-0.03909,0.1904,0.025910001,69455872.0,0.0143,0.0
MTUS,False,19.775407217857143,"graham_size,graham_earnings_stability,graham_pe,graham_pe_times_pb,munger_roe,munger_gross_margin,munger_fcf",901866496.0,114.02632,1.320795,1.752,0.021230000000000002,0.011720001,0.08196,0.0346,-62337500.0,,0.0
CLSK,False,19.59335938108913,"data_missing:trailing_pe,graham_debt_to_equity,graham_earnings_stability,munger_roe",3111338752.0,,4.0860033,5.912,2.34725,-0.68622,0.46993,-1.65191,48898124.0,,1.0
SBCF,False,19.55025,"data_missing:current_ratio,data_missing:debt_to_equity,data_missing:free_cash_flow,graham_pe,munger_roe,munger_gross_margin",3452708096.0,23.155844,1.2509646,,,0.06067,0.0,0.48815,,0.0212,4.0
SBUX,False,19.249601235997847,"data_missing:debt_to_equity,data_missing:return_on_equity,graham_current_ratio,graham_pe,graham_pe_times_pb,munger_gross_margin",122310598656.0,62.01734,-15.934948,0.76,,,0.22341,0.12919,3065537536.0,0.023,4.0
VSAT,False,18.95537721429097,"data_missing:trailing_pe,graham_debt_to_equity,graham_earnings_stability,munger_roe",10715473920.0,,2.2793097,1.675,1.46805,0.0019,0.33219,0.04441,250167376.0,,0.0
HOPE,False,18.917250300000003,"data_missing:current_ratio,data_missing:debt_to_equity,data_missing:free_cash_flow,graham_size,munger_roe,munger_gross_margin",1827985792.0,14.31,0.7961943,,,0.056550004,0.0,0.34244,,0.039,4.0
AAP,False,18.772333483333334,"graham_debt_to_equity,graham_earnings_stability,graham_pe,graham_pe_times_pb,munger_roe,munger_fcf",3511763200.0,51.973213,1.5782338,1.778,2.5531,0.030840002,0.44509,0.03787,-228000000.0,0.0176,1.0
AIN,False,18.744234186635925,"data_missing:trailing_pe,graham_size,graham_earnings_stability,munger_roe,munger_gross_margin",1792600832.0,,2.4053571,2.238,0.59922,-0.061339997,0.21078,0.11725,4886875.0,0.0175,0.0
ICHR,False,18.727662913505007,"data_missing:trailing_pe,graham_earnings_stability,munger_roe,munger_gross_margin",2547262208.0,,2.9375432,3.701,0.17809999999999998,-0.051659998,0.12667,0.027590001,10132000.0,,0.0
ORA,False,18.720785714285718,"graham_current_ratio,graham_debt_to_equity,graham_pe,graham_pe_times_pb,munger_roe,munger_gross_margin,munger_fcf",6977750016.0,55.89409,2.6862614,1.046,1.24336,0.04778,0.2793,0.13597,-318099008.0,0.0042,4.0
TNDM,False,18.67066666666667,"data_missing:trailing_pe,graham_size,graham_debt_to_equity,graham_earnings_stability,munger_roe,munger_fcf",1582915456.0,,12.133333,3.18,5.66964,-0.48026,0.56012,-0.054180004,-43949124.0,,0.0
WY,False,18.562520410786654,"graham_pe,graham_pe_times_pb,munger_roe,munger_gross_margin",17294061568.0,36.35606,1.8287479,1.816,0.57625,0.04974,0.14507,0.080340005,13625000.0,0.0349,4.0
MCK,False,18.492485631326964,"data_missing:debt_to_equity,data_missing:return_on_equity,graham_current_ratio,graham_pe,graham_pe_times_pb,munger_gross_margin",101792129024.0,23.394293,-23.885836,0.893,,,0.03633,0.01348,6801249792.0,0.0044,4.0
HFWA,False,18.247928571428574,"data_missing:current_ratio,data_missing:debt_to_equity,data_missing:free_cash_flow,graham_size,munger_roe,munger_gross_margin",1206190720.0,14.038095,1.0867001,,,0.07798,0.0,0.28932,,0.0338,4.0
ALLY,False,18.091177714285713,"data_missing:current_ratio,data_missing:debt_to_equity,data_missing:free_cash_flow,munger_roe,munger_gross_margin",13269189632.0,10.263529,0.98291945,,,0.09681,0.0,0.25270998,,0.0275,4.0
ACHC,False,18.03009523809524,"data_missing:trailing_pe,graham_debt_to_equity,graham_earnings_stability,munger_roe,munger_fcf",2784163584.0,,1.3730487,1.572,1.1805700000000001,-0.41445,0.41057,0.10137,-104957000.0,,0.0
HONA,False,17.804809523809524,"data_missing:debt_to_equity,data_missing:return_on_equity,data_missing:free_cash_flow,graham_earnings_stability,graham_pe,graham_pe_times_pb",51913687040.0,49.935974,-9.112606,1.526,,,0.34535,0.14684,,,3.0
MSGS,False,17.70562469386863,"data_missing:debt_to_equity,data_missing:return_on_equity,graham_current_ratio,graham_earnings_stability,graham_pe,graham_pe_times_pb",9930446848.0,1249.6818,-37.709858,0.503,,,0.33605,0.11756,58219124.0,,0.0
LUV,False,17.64790518095238,"graham_current_ratio,graham_pe,graham_pe_times_pb,munger_roe,munger_gross_margin,munger_fcf",20916097024.0,26.721876,2.9535093,0.489,0.97275,0.11099,0.22399001,0.033800002,-834750016.0,0.0166,4.0
DNOW,False,17.56223333333333,"data_missing:trailing_pe,graham_earnings_stability,munger_roe,munger_gross_margin,munger_fcf",2903421184.0,,1.3881925,2.136,0.30934,-0.11599,0.2023,0.01071,-533750016.0,,0.0
CALM,False,17.437852992707555,"data_missing:debt_to_equity,munger_roe,munger_gross_margin",3799110400.0,12.213424,1.4450016,7.695,,0.122200005,0.23082,-0.11043,8796500.0,0.059699999999999996,4.0
ANDE,False,17.251035714285713,"munger_roe,munger_gross_margin,munger_fcf",2356370432.0,13.383945,1.7683363,1.51,0.6635,0.12159,0.07179,0.01613,-109108872.0,0.0116,4.0
PRIM,False,17.20508070440303,"graham_current_ratio,graham_pe,graham_pe_times_pb,munger_roe,munger_gross_margin",4346960384.0,31.79134,2.600644,1.181,0.7963,0.08889,0.08619001,-0.01564,80155000.0,0.0039000000000000003,4.0
SANM,False,17.16399305714286,"graham_pe,graham_pe_times_pb,munger_roe,munger_gross_margin,munger_fcf",11088756736.0,36.944645,4.332049,1.78,0.88161,0.12488,0.090150006,0.0704,-222215744.0,,4.0
SNEX,False,17.143642857142858,"data_missing:free_cash_flow,graham_current_ratio,graham_debt_to_equity,graham_pe_times_pb,munger_gross_margin",8046342144.0,18.17711,2.929732,1.065,8.2347,0.2185,0.01731,0.00418,,,4.0
NBHC,False,17.139535714285714,"data_missing:current_ratio,data_missing:debt_to_equity,data_missing:free_cash_flow,graham_size,munger_roe,munger_gross_margin",1916536704.0,18.07983,1.1482015,,,0.06527,0.0,0.2857,,0.0296,4.0
RDNT,False,16.821678422223314,"data_missing:trailing_pe,graham_current_ratio,graham_debt_to_equity,graham_earnings_stability,munger_roe,munger_gross_margin",6016711168.0,,5.557418,1.484,1.56668,0.01498,0.17284,0.07893,157737248.0,,0.0
CCOI,False,16.781668000000003,"data_missing:trailing_pe,data_missing:debt_to_equity,graham_size,graham_current_ratio,graham_earnings_stability,munger_roe,munger_fcf",528546368.0,,-14.494381,0.632,,-7.2150297,0.50345004,-0.0669,-132067000.0,0.0074,0.0
DMC,False,16.694273976190477,"graham_size,graham_earnings_stability,graham_pe,graham_pe_times_pb,munger_roe,munger_gross_margin,munger_fcf",1439373952.0,43.000004,0.717037,2.226,0.2943,0.01775,0.092810005,0.03929,-99887504.0,0.0394,2.0
KNF,False,16.55645238095238,"graham_debt_to_equity,graham_pe,graham_pe_times_pb,munger_roe,munger_gross_margin,munger_fcf",3669136896.0,26.280489,2.2851791,2.665,1.03908,0.09122,0.17828,0.08802,-3501250.0,,4.0
BTU,False,16.533066866666665,"data_missing:trailing_pe,graham_earnings_stability,munger_roe,munger_gross_margin,munger_fcf",3092603136.0,,0.95197004,2.009,0.12884,-0.047709998,0.103970006,-0.0947,-53975000.0,0.0116,0.0
LEU,False,16.212464200000003,"graham_debt_to_equity,graham_pe,graham_pe_times_pb,munger_roe,munger_gross_margin,munger_fcf",3632417792.0,95.815796,4.2966723,5.395,1.3928299999999998,0.08053,0.23655,0.053379998,-127300000.0,,4.0
ECHO,False,15.96623876190476,"data_missing:trailing_pe,graham_debt_to_equity,graham_earnings_stability,munger_roe,munger_gross_margin,munger_fcf",26556661760.0,,1.8758591,5.201,1.23757,-0.33428,0.29540002,0.14279,-18870501376.0,,0.0
ADIG,False,15.67260680952381,"data_missing:return_on_equity,data_missing:free_cash_flow,graham_size,graham_earnings_stability,graham_pe,munger_gross_margin",1620317824.0,38.196426,0.6615123,2.796,0.50835,,0.21893999,0.02333,,,0.0
MRNA,False,15.137081760622195,"data_missing:trailing_pe,graham_earnings_stability,munger_roe,munger_gross_margin",25000151040.0,,3.6954854,2.295,0.19036,-0.38998002,-0.66023004,-5.5793104,299249984.0,,0.0
PENN,False,15.118904761904762,"data_missing:trailing_pe,graham_current_ratio,graham_debt_to_equity,graham_earnings_stability,munger_roe,munger_fcf",2481206528.0,,1.2844037,0.885,5.96731,-0.37578,0.35161,0.0793,-54325000.0,,0.0
CBRL,False,15.105535864285713,"graham_size,graham_current_ratio,graham_debt_to_equity,graham_pe,graham_pe_times_pb,munger_roe,munger_fcf",1310242560.0,50.102566,2.8148859,0.501,2.4666300000000003,0.056110002,0.31608,0.00843,-3550125.0,0.0169,4.0
BANC,False,15.0,"data_missing:trailing_pe,data_missing:current_ratio,data_missing:debt_to_equity,data_missing:free_cash_flow,graham_earnings_stability,munger_roe,munger_gross_margin",3094187008.0,,1.0626837,,,-0.0065499996,0.0,2.16263,,0.024399999999999998,2.0
SFNC,False,15.0,"data_missing:trailing_pe,data_missing:current_ratio,data_missing:debt_to_equity,data_missing:free_cash_flow,graham_earnings_stability,munger_roe,munger_gross_margin",3433647616.0,,0.9856467,,,-0.09941,0.0,0.38306,,0.0359,0.0
DFH,False,14.75967857142857,"graham_size,graham_debt_to_equity,munger_roe,munger_gross_margin,munger_fcf",1379910272.0,10.787234,0.9657756,7.59,1.12734,0.09423,0.1998,0.02409,-217692992.0,,4.0
AVT,False,14.745190476190476,"graham_earnings_stability,graham_pe,graham_pe_times_pb,munger_roe,munger_gross_margin,munger_fcf",7779697664.0,23.638403,1.5491347,1.777,0.6920499999999999,0.06665,0.10429,0.03852,-129337000.0,0.014199999999999999,0.0
ROIV,False,14.673449999999999,"data_missing:trailing_pe,graham_earnings_stability,munger_roe,munger_gross_margin,munger_fcf",26162540544.0,,6.186166,16.721,0.02177,-0.08515,0.0,-254.08113,-1127230080.0,,0.0
FERG,False,14.564857571428574,"data_missing:return_on_equity,data_missing:free_cash_flow,graham_debt_to_equity,graham_earnings_stability,graham_pe,graham_pe_times_pb",46912282624.0,23.84464,7.565358,1.729,1.11063,,0.30633,0.10159001,,0.014499999999999999,0.0
DELL,False,14.50042252619316,"data_missing:debt_to_equity,data_missing:return_on_equity,graham_current_ratio,graham_pe,graham_pe_times_pb,munger_gross_margin",315895971840.0,38.893818,-226.02647,0.946,,,0.19212,0.088570006,5434124800.0,0.0053,4.0
LBRT,False,14.141697661904761,"graham_pe,graham_pe_times_pb,munger_roe,munger_gross_margin,munger_fcf",3587600128.0,29.311998,1.8269757,1.986,0.8214400000000001,0.06123,0.18529,0.016210001,-302047872.0,0.016200000000000003,4.0
WLK,False,14.027017390134322,"data_missing:trailing_pe,graham_earnings_stability,munger_roe,munger_gross_margin",9929791488.0,,1.164638,2.453,0.63814,-0.11911,0.09625,0.1122,23125000.0,0.0273,0.0
RUN,False,13.478189809523808,"graham_current_ratio,graham_debt_to_equity,graham_earnings_stability,munger_roe,munger_fcf",2335011328.0,6.5952377,0.6834684,1.422,2.92511,-0.19856001,0.35292998,0.03999,-1971139840.0,,1.0
SLVM,False,13.458559480952381,"graham_size,graham_current_ratio,graham_debt_to_equity,graham_pe_times_pb,munger_roe,munger_gross_margin,munger_fcf",1459201024.0,19.62567,1.5294853,1.472,1.07958,0.07941,0.20594,0.014889999,-16375000.0,0.049400000000000006,4.0
RXO,False,13.385558056203442,"data_missing:trailing_pe,graham_current_ratio,graham_earnings_stability,munger_roe,munger_gross_margin",3821338368.0,,2.5314105,1.268,0.48340000000000005,-0.06787,0.14912,0.00676,5750000.0,,0.0
MARA,False,13.374000666666669,"data_missing:trailing_pe,graham_current_ratio,graham_debt_to_equity,graham_earnings_stability,munger_roe,munger_fcf",3590767616.0,,2.1378334,0.891,1.40159,-1.0557,0.40122002,-2.65211,-1168091392.0,,0.0
SRPT,False,13.04299583858578,"data_missing:trailing_pe,graham_size,graham_earnings_stability,munger_roe,munger_gross_margin",1916074112.0,,1.2540615,4.422,0.6953900000000001,-0.09478,-0.17299,0.13032,22139876.0,,0.0
HTH,False,12.4717497,"data_missing:current_ratio,data_missing:debt_to_equity,data_missing:free_cash_flow,munger_roe,munger_gross_margin",2240471808.0,14.539033,1.0536951,,,0.076009996,0.0,0.15799,,0.0203,4.0
TFIN,False,12.209464285714287,"data_missing:current_ratio,data_missing:debt_to_equity,data_missing:free_cash_flow,graham_size,graham_pe,graham_pe_times_pb,munger_roe,munger_gross_margin",1846689280.0,52.219597,2.011059,,,0.04121,0.0,0.21277,,,4.0
MBC,False,12.133383333333333,"data_missing:trailing_pe,graham_size,munger_roe,munger_gross_margin,munger_fcf",1816966656.0,,0.92251265,1.759,0.85833,-0.0582,0.26902,0.02429,-23637500.0,,4.0
GBX,False,11.722654428571428,"graham_size,graham_debt_to_equity,munger_roe,munger_gross_margin,munger_fcf",1392595200.0,13.316567,0.8851872,3.676,1.0874899999999998,0.06341,0.15123999,0.04493,-164687504.0,0.0297,4.0
FLR,False,11.374178402990639,"data_missing:trailing_pe,graham_earnings_stability,munger_roe,munger_gross_margin",7146454016.0,,2.6969666,1.796,0.38492,-0.45167,-0.00798,0.03257,21500000.0,,0.0
MOS,False,10.907983333333332,"data_missing:trailing_pe,graham_current_ratio,munger_roe,munger_gross_margin,munger_fcf",6782303232.0,,0.59161997,1.337,0.52249,-0.05073,0.11236,-0.00117,-746275008.0,0.0415,4.0
DOW,False,10.862070491417803,"data_missing:trailing_pe,graham_debt_to_equity,graham_earnings_stability,munger_roe,munger_gross_margin",22580371456.0,,1.4237566,1.749,1.11913,-0.0554,0.09787,0.11594,237624992.0,0.0447,0.0
GO,False,10.756572095238095,"data_missing:trailing_pe,graham_size,graham_current_ratio,graham_debt_to_equity,graham_earnings_stability,munger_roe,munger_gross_margin,munger_fcf",1109746304.0,,1.3590583,1.291,2.26658,-0.3806,0.29985002,0.01777,-44593500.0,,0.0
EGBN,False,10.360713857142857,"data_missing:trailing_pe,data_missing:current_ratio,data_missing:debt_to_equity,data_missing:free_cash_flow,graham_size,graham_earnings_stability,munger_roe,munger_gross_margin",870927040.0,,0.7571621,,,-0.04137,0.0,0.24174999,,0.0014000000000000002,0.0
XNCR,False,9.929549999999999,"data_missing:trailing_pe,graham_size,graham_earnings_stability,munger_roe,munger_gross_margin,munger_fcf",1742694912.0,,3.3665614,6.391,0.33803,-0.29072002,-1.4364799,-0.72369003,-94537504.0,,0.0
WHR,False,9.670464328571429,"graham_current_ratio,graham_debt_to_equity,graham_earnings_stability,munger_roe,munger_gross_margin,munger_fcf",2585800704.0,13.0460205,0.68161726,1.149,2.05431,0.05933,0.13578,0.016210001,-485375008.0,0.099,1.0
BG,False,9.304297219047616,"graham_pe,graham_pe_times_pb,munger_roe,munger_gross_margin,munger_fcf",21975545856.0,24.651941,1.3774356,1.567,0.9799500000000001,0.071779996,0.049239997,0.04617,-6475375104.0,0.025099999999999997,4.0
FLG,False,9.135107165357143,"data_missing:current_ratio,data_missing:debt_to_equity,data_missing:free_cash_flow,graham_earnings_stability,graham_pe,graham_pe_times_pb,munger_roe,munger_gross_margin",5802997760.0,466.0,0.7633921,,,0.0059100003,0.0,0.20281,,0.0029,0.0
AESI,False,8.661717333333335,"data_missing:trailing_pe,graham_size,graham_earnings_stability,munger_roe,munger_gross_margin,munger_fcf",1607544320.0,,1.4442946,1.824,0.94273,-0.09925,0.23408002,-0.06807,-118395504.0,0.0848,0.0
JEF,False,8.135428571428571,"data_missing:current_ratio,data_missing:return_on_equity,data_missing:free_cash_flow,graham_debt_to_equity,munger_gross_margin",10749266944.0,14.762569,1.0172656,,3.64763,,0.02625,0.16941,,0.029300000000000003,4.0
KMX,False,8.093857142857143,"graham_debt_to_equity,graham_pe,graham_pe_times_pb,munger_roe,munger_gross_margin,munger_fcf",8237939712.0,36.0559,1.3463678,2.705,3.07787,0.03588,0.11805,0.03425,-159998368.0,,4.0
VGNT,False,7.8881426857142865,"data_missing:return_on_equity,data_missing:free_cash_flow,graham_current_ratio,graham_debt_to_equity,graham_pe_times_pb,munger_gross_margin",3277547776.0,6.657554,38.55833,1.398,8.53169,,0.12354,0.087969996,,0.0111,4.0
RCUS,False,7.30605,"data_missing:trailing_pe,graham_earnings_stability,munger_roe,munger_gross_margin,munger_fcf",3763974400.0,,8.089765,3.818,0.51293,-0.90819,0.0,-2.34146,-270624992.0,,0.0
UCTT,False,7.236952252380954,"data_missing:trailing_pe,graham_debt_to_equity,graham_earnings_stability,munger_roe,munger_gross_margin,munger_fcf",3685338880.0,,5.8654394,2.733,1.082,-0.0155299995,0.1583,0.045739997,-81487504.0,,0.0
AHCO,False,6.752523476190476,"data_missing:trailing_pe,graham_size,graham_current_ratio,graham_debt_to_equity,graham_earnings_stability,munger_roe,munger_gross_margin,munger_fcf",789114048.0,,0.5611455,1.124,1.48969,-0.15224,0.19174999,0.00842,-80691504.0,,0.0
JBLU,False,6.741666666666666,"data_missing:trailing_pe,graham_size,graham_current_ratio,graham_debt_to_equity,graham_earnings_stability,munger_roe,munger_gross_margin,munger_fcf",1937498240.0,,1.220875,0.696,5.9143,-0.44355,0.20225,-0.05228,-921249984.0,,0.0
ALK,False,5.904333333333334,"data_missing:trailing_pe,graham_current_ratio,graham_debt_to_equity,munger_roe,munger_gross_margin,munger_fcf",4811883520.0,,1.3111415,0.547,2.0752,-0.04598,0.17713,-0.02927,-23750000.0,,4.0
EQH,False,4.256,"data_missing:trailing_pe,graham_debt_to_equity,graham_earnings_stability,munger_roe,munger_gross_margin,munger_fcf",13927421952.0,,-7.525424,2.03,5.861000000000001,-0.25131,0.12768,-0.26357,-8824250368.0,0.0223,0.0
F,False,3.178238052380953,"data_missing:trailing_pe,graham_current_ratio,graham_debt_to_equity,graham_earnings_stability,munger_roe,munger_gross_margin,munger_fcf",55666835456.0,,1.5583836,1.089,4.567080000000001,-0.18252,0.07115,0.018819999,-7940250112.0,0.042699999999999995,0.0
CLF,False,0.36886923716357045,"data_missing:trailing_pe,graham_debt_to_equity,graham_earnings_stability,munger_roe,munger_gross_margin",6914945024.0,,1.2339646,1.89,1.3274299999999999,-0.13862,-0.01052,0.0034400001,6125000.0,,0.0
FISV,False,0.0,"data_missing:current_ratio,data_missing:debt_to_equity,data_missing:return_on_equity,data_missing:gross_margin,data_missing:operating_margin,data_missing:free_cash_flow",28196931584.0,10.158047,1.0465392,,,,,,,,4.0
VMRK,False,0.0,"data_missing:market_cap,data_missing:trailing_pe,data_missing:price_to_book,data_missing:current_ratio,data_missing:debt_to_equity,data_missing:return_on_equity,data_missing:gross_margin,data_missing:operating_margin,data_missing:free_cash_flow,data_missing:consecutive_positive_earnings_years",,,,,,,,,,,
CWEN,False,0.0,data_missing:fetch_failed,,,,,,,,,,,
CYTK,False,0.0,"data_missing:trailing_pe,data_missing:debt_to_equity,data_missing:return_on_equity,graham_earnings_stability,munger_gross_margin,munger_fcf",10567171072.0,,-60.808002,6.661,,,0.0,-6.2595,-397408736.0,,0.0
CWEN-A,False,0.0,data_missing:fetch_failed,,,,,,,,,,,
