symbol,buyable,score,fail_reasons,market_cap,trailing_pe,price_to_book,current_ratio,debt_to_equity,return_on_equity,gross_margin,operating_margin,free_cash_flow,dividend_yield,consecutive_positive_earnings_years
HCI,False,95.28161516666668,"graham_current_ratio,graham_earnings_stability",2291985664.0,7.9422407,2.1276891,0.865,0.05722000000000001,0.34974998,0.59726,0.45431,423198496.0,0.0088,3.0
INVA,False,92.01199432607254,graham_size,1488257024.0,4.7795825,1.2133349,16.007,0.26859,0.36676,0.7479845767854364,0.3980886299984441,110332496.0,,4.0
EXEL,False,91.48484495566247,graham_pe_times_pb,14408506368.0,18.286163,7.8496222,3.456,0.08999,0.44393003,0.96483004,0.3759239799907419,739715136.0,,4.0
ADBE,False,91.34605,"graham_current_ratio,graham_pe_times_pb",94527488000.0,13.285195,7.9039116,0.77,0.5769299999999999,0.61902,0.8926753334174765,0.36627540073204595,9345125376.0,,4.0
DECK,False,91.04709242457784,graham_pe_times_pb,10750195712.0,11.229018,4.6893196,2.747,0.20521,0.42558,0.5770385958654284,0.23078119312259424,871420352.0,,4.0
PEGA,False,89.53107195042438,"graham_current_ratio,graham_earnings_stability,graham_pe_times_pb",5592233984.0,19.326704,9.975073,1.059,0.12851,0.54693,0.7586326591866708,0.15070351217656883,507401984.0,0.0034999999999999996,3.0
TDC,False,87.56232503650888,"graham_current_ratio,graham_pe_times_pb",2799764992.0,6.3378944,4.7416916,0.915,0.16695000000000002,1.19116,0.5935057125676488,0.1232711966325917,348500000.0,,4.0
SNDK,False,87.46103608616733,"graham_earnings_stability,graham_pe,graham_pe_times_pb",252230909952.0,23.332859,16.311417,2.29,0.012769999999999998,0.9164,0.7147372580007902,0.61186290003951,7720875008.0,,1.0
CARG,False,86.04540633830325,graham_pe_times_pb,2682447872.0,15.523195,10.177424,1.85,0.7003499999999999,0.53470004,0.9278186950098127,0.2695153145604093,241320752.0,,4.0
APAM,False,85.94305360289638,graham_pe_times_pb,2506884096.0,8.467626,5.96856,3.007,0.57111,0.64552003,0.45593,0.3339475285120265,291218624.0,0.0956,4.0
PTC,False,85.85502465937041,"graham_current_ratio,graham_pe_times_pb",15612965888.0,13.956352,4.5914035,1.025,0.46335,0.35053003,0.8375515565345831,0.35863597965264643,1031425152.0,,4.0
QLYS,False,85.73332200761082,"graham_current_ratio,graham_pe,graham_pe_times_pb",6789839360.0,33.530434,11.882896,1.384,0.09498,0.38592,0.828480478236503,0.3317048384083691,244382624.0,,4.0
FHI,False,85.7304307100575,graham_pe_times_pb,4222038784.0,10.511152,3.2247949,2.592,0.32354,0.31137,0.69044,0.2853848832346752,371463872.0,0.0256,4.0
YOU,False,85.70509280279114,"graham_current_ratio,graham_earnings_stability,graham_pe,graham_pe_times_pb",5622984192.0,27.979729,22.916435,1.04,0.45141,1.19174,0.66656,0.207018591685641,418440384.0,0.0138,3.0
NEM,False,85.17062636100177,"graham_earnings_stability,graham_pe_times_pb",121679331328.0,14.543954,3.4699218,2.546,0.15807000000000002,0.25905,0.68041,0.51569,8815875072.0,0.0091,2.0
GEN,False,85.00000000000001,"graham_current_ratio,graham_debt_to_equity,graham_pe_times_pb",13207822336.0,12.903509,4.9763193,0.466,3.07831,0.41944,0.7846,0.424,1547124992.0,0.0225,4.0
ALL,False,83.71084933333334,"graham_current_ratio,graham_earnings_stability",56704659456.0,4.491388,1.7970446,0.363,0.22261,0.46113998,0.36800998,0.22827,15158625280.0,0.019299999999999998,2.0
AMP,False,83.03232765086072,graham_pe_times_pb,43479097344.0,11.877445,6.833648,2.182,0.67578,0.63432,0.54932,0.30719998,2903124992.0,0.0137,4.0
APA,False,82.66614999999999,graham_current_ratio,15278829568.0,9.200422,2.1781042,0.946,0.48854,0.26659,0.78255,0.56331,2146749952.0,0.0231,4.0
PRI,False,82.51435,graham_pe_times_pb,8519632384.0,11.121535,3.3900974,3.73,0.71521,0.32966,0.72097,0.31542,1038982144.0,0.0175,4.0
ZTS,False,82.44757718887837,"graham_debt_to_equity,graham_pe_times_pb",28900859904.0,11.409462,8.922056,3.084,2.9399599999999997,0.64911,0.71738,0.40721,2016999936.0,0.030699999999999998,4.0
IDCC,False,82.18583204720417,"graham_pe,graham_pe_times_pb",8635980800.0,39.370586,7.183643,1.743,0.33401000000000003,0.26403,0.82498,0.5525715964341169,600847744.0,0.0088,4.0
TROW,True,81.81879755558789,,22440826880.0,10.562248,2.0395896,4.039,0.03702,0.19399999,0.9985236428059223,0.2992289604637174,2023912448.0,0.049100000000000005,4.0
INCY,False,81.7608129812218,graham_pe_times_pb,23296051200.0,14.640764,3.640712,4.593,0.00603,0.30667,0.55659,0.2946484526501573,1180664576.0,,4.0
NFLX,False,81.46990152810189,"graham_current_ratio,graham_pe,graham_pe_times_pb",279775117312.0,21.128931,9.279105,1.142,0.55236,0.49541,0.3634414152008206,0.29494704605507255,25387552768.0,,4.0
KNSL,False,81.42671666666666,"graham_current_ratio,graham_pe_times_pb",7566195200.0,13.4861965,3.7178211,0.194,0.11033,0.30268,0.31142,0.40678,982102720.0,0.003,4.0
BMY,False,81.05742245751259,"graham_debt_to_equity,graham_earnings_stability,graham_pe_times_pb",124401319936.0,13.414098,5.574371,1.532,2.01859,0.46598998,0.7231055082553272,0.34418,8114375168.0,0.040999999999999995,1.0
HLNE,False,80.88580824145039,graham_pe_times_pb,5898612224.0,13.395739,4.0134068,4.111,0.21558,0.32416,0.6066,0.45933998,231402752.0,0.0271,4.0
GDDY,False,79.75800471468102,"data_invalid_outlier:debt_to_equity,graham_current_ratio,graham_debt_to_equity,graham_pe_times_pb",12278494208.0,14.173976,1829.2452,0.632,573.3433,4.42861,0.63802,0.2276867766758902,1204950016.0,,4.0
RNR,False,79.39093333333334,"graham_current_ratio,graham_earnings_stability",13529710592.0,5.644132,1.2298028,1.352,0.12211,0.21475,0.45349,0.41674,2787289856.0,0.0051,3.0
NVDA,False,79.30561049438674,"graham_pe,graham_pe_times_pb",5646136115200.0,29.523169,24.657124,4.589,0.16971,1.17211,0.7106808435754708,0.6038168363141272,41809874944.0,0.0043,4.0
LVS,False,79.2779771507589,"graham_current_ratio,graham_debt_to_equity,graham_pe_times_pb",23605469184.0,14.125969,40.629875,0.997,17.03902,1.22869,0.79335,0.21648613351770762,2212875008.0,0.0327,4.0
NMIH,True,79.2073,,2936504832.0,7.6850395,1.0876772,2.029,0.15753,0.15427,0.76384,0.76672995,329759616.0,,4.0
SEZL,False,79.046920389774,"graham_earnings_stability,graham_pe,graham_pe_times_pb",3637912064.0,23.69079,15.611271,4.017,0.52416,0.88851,0.74967,0.39262101941240873,100542000.0,,3.0
LULU,True,78.87019378953664,,10458776576.0,7.775309,2.202098,2.19,0.44689,0.30898002,0.566005440167168,0.19910786662583538,1148515840.0,,4.0
WH,False,78.7076314785347,"graham_current_ratio,graham_debt_to_equity,graham_pe,graham_pe_times_pb",5304239616.0,25.896738,11.167969,0.988,5.57292,0.39429,0.62835,0.2813156053184045,362375008.0,0.0241,4.0
CNX,False,78.56619999999998,"graham_current_ratio,graham_earnings_stability",4670580224.0,5.1166935,0.9713547,0.716,0.49137000000000003,0.21249,0.73616,0.62878,437116736.0,,1.0
MTG,False,78.50679999999998,munger_roe,5576318464.0,8.495312,1.1202917,4.964,0.12903,0.13923,0.92607003,0.80851996,518861888.0,0.0258,4.0
PAYX,False,78.39896890765326,"graham_current_ratio,graham_debt_to_equity,graham_pe_times_pb",35210031104.0,19.625,9.416413,1.277,1.24704,0.47055,0.74391997,0.3855190417690418,1887112448.0,0.0472,4.0
HRMY,True,78.04037828161626,,2306743552.0,12.81877,2.3038445,3.479,0.16030999999999998,0.20456,0.771614583633196,0.2400463813240325,182835504.0,,4.0
PLTR,False,77.97855173861286,"graham_earnings_stability,graham_pe,graham_pe_times_pb",455139262464.0,161.88034,46.558506,7.228,0.02139,0.38097,0.8236651721415028,0.3159495165398041,2159104512.0,,3.0
ADMA,False,77.89041256773844,"graham_earnings_stability,graham_pe_times_pb",2189449984.0,13.964286,5.39757,6.972,0.49935,0.41897,0.5738543592075629,0.37525114029946705,54755376.0,,2.0
WDC,False,77.82300021575132,"graham_current_ratio,graham_earnings_stability,graham_pe_times_pb",149945368576.0,15.449109,19.884771,1.329,0.13436,1.30853,0.4885053022679774,0.34468612121681247,2268750080.0,0.0013,2.0
INTU,False,77.8033400117227,graham_pe_times_pb,75014479872.0,17.053766,3.9667766,1.507,0.4434,0.23596,0.80982,0.2743379336068631,6353625088.0,0.0195,4.0
ESNT,False,77.69319999999999,munger_roe,5447414272.0,8.453278,0.961865,1.791,0.08757,0.12009,0.76005995,0.6575,690249472.0,0.023799999999999998,4.0
ACT,False,77.57995000000001,"graham_current_ratio,munger_roe",6256194048.0,9.600212,1.1649728,0.922,0.13812,0.12869,0.73177004,0.73258,521546880.0,0.0217,4.0
AGX,False,77.50811194956768,"graham_pe,graham_pe_times_pb,munger_gross_margin",5421060608.0,30.47279,10.698128,1.501,0.02154,0.39847,0.20503575035517455,0.1426001952136658,467822016.0,0.0074,4.0
V,False,77.34974810087023,"graham_current_ratio,graham_pe,graham_pe_times_pb",678063177728.0,30.843723,19.140434,0.985,0.67821,0.6119,0.97725,0.59985,20404000768.0,0.0074,4.0
GOOG,False,77.26297535514381,graham_pe_times_pb,4155508260864.0,17.048756,6.676,2.724,0.18859,0.48676,0.60897,0.32032638592380025,22665000960.0,0.0026,4.0
TPL,False,77.26295,"graham_pe,graham_pe_times_pb,munger_fcf",23403108352.0,43.278057,15.041226,4.552,0.01077,0.36566,0.93336,0.741879752941029,-32836124.0,0.0070999999999999995,4.0
GOOGL,False,77.25033903475575,graham_pe_times_pb,4194378448896.0,17.216867,6.7384467,2.724,0.18859,0.48676,0.60897,0.32032638592380025,22665000960.0,0.0026,4.0
ADSK,False,77.21748985782934,"graham_current_ratio,graham_debt_to_equity,graham_pe,graham_pe_times_pb",44266201088.0,27.435234,13.084574,0.855,1.09518,0.53854,0.9097973910630031,0.2189841798501249,3157499904.0,,4.0
FTNT,False,76.99158875426843,"graham_current_ratio,graham_pe,graham_pe_times_pb",132303249408.0,63.943268,85.29801,1.282,0.36194000000000004,1.17442,0.8045620330607682,0.3065915642096594,2265587456.0,,4.0
BLKB,False,76.83963501340858,"data_missing:consecutive_positive_earnings_years,graham_size,graham_current_ratio,graham_debt_to_equity,graham_pe_times_pb",1907745664.0,13.134375,28.113712,0.828,17.27037,1.94448,0.5878346102546606,0.1690534534481307,214087872.0,,
INSW,True,76.7984743417994,,5687185408.0,7.341432,2.5100012,5.944,0.28815,0.37412,0.725,0.40956264778217055,69650376.0,0.07139999999999999,4.0
IT,False,76.76581711289447,"data_missing:debt_to_equity,graham_current_ratio,graham_pe_times_pb",11715398656.0,16.683455,-71.408775,0.88,,1.13581,0.6877113401934918,0.15786906596753753,1052553024.0,,4.0
MEDP,False,76.73123613718407,"graham_current_ratio,graham_pe,graham_pe_times_pb",16673306624.0,35.056335,38.427788,0.732,0.33216,1.6215401,0.7235,0.21141720489093105,510396512.0,,4.0
LOPE,False,76.63547413243172,graham_pe_times_pb,4058065408.0,18.556614,6.0235233,2.818,0.15564999999999998,0.30979002,0.53271,0.24040973898577847,205755248.0,,4.0
MCY,False,76.63364285714285,"graham_current_ratio,graham_earnings_stability,munger_gross_margin",5682319360.0,6.0632386,2.0036325,0.952,0.33925,0.38991,0.26808,0.19934,1143784576.0,0.0127,3.0
DUOL,False,76.60606179928591,"graham_earnings_stability,graham_pe_times_pb",6756405248.0,17.06974,4.786226,2.719,0.0611,0.3442,0.7223062310799363,0.13065867120796384,300198016.0,,3.0
PRDO,True,76.44210293813468,,2010600832.0,11.683637,1.945622,4.692,0.11009000000000001,0.17554002,0.79890996,0.23165220022314253,184656128.0,0.021400000000000002,4.0
MANH,False,76.32039547039196,"graham_current_ratio,graham_pe,graham_pe_times_pb",11876431872.0,58.533047,75.38676,0.983,0.34209,0.96378,0.5581,0.25874058620740675,321116384.0,,4.0
CF,True,76.25452102029399,,17540089856.0,8.597923,3.0566764,4.86,0.40503999999999996,0.29867,0.3845285149632976,0.3246753246753247,1276749952.0,0.021,4.0
FTDR,False,76.11272763559249,"graham_debt_to_equity,graham_pe,graham_pe_times_pb",5348876800.0,20.485489,18.941206,1.591,4.16901,1.01859,0.5527950310559007,0.28217,333624992.0,,4.0
CRUS,False,75.79296434304652,graham_pe_times_pb,6082016768.0,14.835574,2.7964559,7.583,0.0596,0.20903999,0.5277776526137503,0.2304920598444261,450997248.0,,4.0
CINF,False,75.68008333333333,"graham_current_ratio,graham_earnings_stability",24884930560.0,7.655335,1.491944,1.151,0.05255,0.21484,0.31066,0.37202,2984875008.0,0.0232,3.0
CPAY,False,75.63874793270186,"graham_current_ratio,graham_debt_to_equity,graham_pe,graham_pe_times_pb",25980190720.0,24.053493,7.334606,0.972,2.75291,0.29215,0.80539,0.44035568389120844,1946175872.0,,4.0
HRB,False,75.59209401655906,"graham_current_ratio,graham_debt_to_equity,graham_pe_times_pb",5107960832.0,7.380531,44.08034,1.133,17.894190000000002,7.13542,0.4433,0.2523599714974895,624796864.0,0.0435,4.0
VCTR,False,75.57555441126003,"graham_pe,graham_pe_times_pb",7004094976.0,20.703636,2.9517589,2.066,0.42615000000000003,0.19045,0.57335997,0.36629021131877276,520321760.0,0.0179,4.0
AVGO,False,75.56765589565815,"graham_pe,graham_pe_times_pb",1696692699136.0,45.277744,17.020893,2.504,0.59604,0.44245,0.6776652527118193,0.3988917933225852,30596499456.0,0.0076,4.0
EXPE,False,75.44259243098583,"graham_current_ratio,graham_debt_to_equity,graham_pe_times_pb",31919147008.0,16.736942,26.397024,0.801,2.30271,0.89489,0.90433,0.12699382338966944,3434374912.0,0.0073,4.0
ANF,False,75.42775924497279,"graham_current_ratio,graham_pe_times_pb",5784441856.0,11.771589,4.270386,1.407,0.93997,0.40609002,0.6292023434610927,0.13275811519756214,435861760.0,,4.0
ADEA,False,75.32620161394676,"graham_earnings_stability,graham_pe,graham_pe_times_pb",2895956736.0,24.314814,6.0674677,3.247,0.82832,0.27878,1.0,0.3946967202392498,195100624.0,0.0079,3.0
FSLR,False,75.25331840321434,graham_earnings_stability,18920593408.0,10.8608885,1.8333142,2.518,0.018799999999999997,0.18509,0.4062437732020073,0.30594921691788446,1598684800.0,,3.0
TPR,False,75.17398266625277,"graham_debt_to_equity,graham_pe_times_pb",23451451392.0,16.17813,34.051823,1.752,5.71608,1.97135,0.7782164363709053,0.2391744334224532,1399924992.0,0.0155,4.0
QCOM,False,75.00572296095464,"graham_pe,graham_pe_times_pb",197863555072.0,21.147831,7.079719,2.016,0.5521,0.33754003,0.54226,0.27899467076144885,10241000448.0,0.0202,4.0
EQT,False,74.95016773915117,"graham_current_ratio,munger_roe",31419670528.0,11.654292,1.2439018,0.673,0.19594999999999999,0.11078,0.80748004,0.37593008777782033,2460903936.0,0.0132,4.0
EOG,True,74.94615364373848,,75356282880.0,11.010116,2.3332672,1.851,0.25891,0.22507,0.62636,0.28212265818310356,4478750208.0,0.028900000000000002,4.0
FIZZ,False,74.87372992916606,graham_pe_times_pb,2839255040.0,16.306452,7.618689,2.392,0.15983,0.4012,0.370387750814873,0.19491729292737633,131415752.0,,4.0
MGY,True,74.6859774056697,,6605043200.0,10.5,2.035125,1.583,0.19243,0.20854001,0.8222,0.33478116698237975,332475744.0,0.0274,4.0
MU,False,74.64566449544185,"graham_earnings_stability,graham_pe_times_pb",1214052433920.0,14.46978,12.049095,3.314,0.03743,0.8826,0.39790786023864305,0.2613837016426775,27881250816.0,0.0005,2.0
DOCS,False,74.01734325693242,"graham_pe,graham_pe_times_pb",4998908416.0,31.161112,5.505497,6.078,0.01056,0.17206,0.8909442780869735,0.3332800920505596,239703872.0,,4.0
IDXX,False,73.87787173939017,"graham_current_ratio,graham_pe,graham_pe_times_pb",41110274048.0,36.597965,25.490587,1.172,0.67971,0.74211,0.6179747110743262,0.316014212879981,909368384.0,,4.0
LAMR,False,73.76783152856481,"graham_current_ratio,graham_debt_to_equity,graham_pe,graham_pe_times_pb",14696777728.0,26.409672,14.964845,0.627,5.0011399999999995,0.59433,0.67430997,0.33283,558694400.0,0.046,4.0
MA,False,73.73717908672073,"graham_current_ratio,graham_debt_to_equity,graham_pe,graham_pe_times_pb",485318262784.0,30.44011,86.6182,1.061,4.39583,2.41202,1.0,0.5762861760849013,16961250304.0,0.0063,4.0
APP,False,73.73696179595544,"graham_debt_to_equity,graham_earnings_stability,graham_pe,graham_pe_times_pb",90991476736.0,20.915384,28.821283,4.3,1.1113,2.03686,0.88464,0.757549422821868,3179956224.0,,3.0
LRCX,False,73.64352624379836,"graham_pe,graham_pe_times_pb",434575900672.0,60.393917,34.841476,2.629,0.33049,0.65066004,0.5046900724797688,0.35294212594408997,3090484480.0,0.0039000000000000003,4.0
SPG,False,73.49499813478,"graham_current_ratio,graham_debt_to_equity,graham_pe_times_pb",76376449024.0,14.188293,14.814078,0.266,5.03504,1.20508,0.81426,0.49892269705185244,2595271168.0,0.0443,4.0
CHH,False,73.48454289598013,"graham_current_ratio,graham_debt_to_equity,graham_pe_times_pb",4634988032.0,14.586403,32.434647,0.926,14.817260000000001,5.66362,0.90328,0.28081222800951655,212277504.0,0.011200000000000002,4.0
MCO,False,73.48081799519115,"graham_current_ratio,graham_debt_to_equity,graham_pe,graham_pe_times_pb",76028190720.0,27.873652,25.133682,1.19,2.4068199999999997,0.76932,0.74974996,0.4341798393366157,2579124992.0,0.0092,4.0
RLI,False,73.40875284201024,"graham_current_ratio,graham_pe_times_pb",5122768896.0,11.726891,2.856704,1.06,0.18189,0.25164,0.35513002,0.36861,316104256.0,0.0128,4.0
WEX,False,73.33584679151275,"graham_current_ratio,graham_debt_to_equity,graham_pe_times_pb",5810232832.0,17.013971,4.3488684,1.045,3.98423,0.3019,0.73232,0.24951142513529764,1331299968.0,,4.0
ABNB,False,73.23976362702356,"graham_current_ratio,graham_pe,graham_pe_times_pb",97449369600.0,37.15639,12.311445,1.408,0.32004,0.34542,0.82901,0.20782615799362797,3206874880.0,,4.0
RMD,False,73.06339265458983,"graham_pe,graham_pe_times_pb",31559518208.0,20.95594,4.7919226,3.1,0.12542,0.24269,0.6105551961875267,0.33372849076217803,939248256.0,0.011899999999999999,4.0
BOX,False,73.02844236297794,"graham_current_ratio,graham_debt_to_equity,graham_pe,graham_pe_times_pb",4708044288.0,50.463234,-13.409534,1.059,3.7952,0.70227,0.7921882552008787,0.0706636551361517,378295360.0,,4.0
CART,False,72.50214624341451,"graham_earnings_stability,graham_pe,graham_pe_times_pb",10497256448.0,24.038042,4.4389806,2.279,0.01348,0.16001,0.7370390165686799,0.13308391234633885,917875008.0,,2.0
PAYC,False,72.50039178076284,"graham_current_ratio,graham_debt_to_equity,graham_pe,graham_pe_times_pb",9944376320.0,23.322939,16.793652,1.074,1.71969,0.41089,0.8316518009455574,0.27645367256421505,423724992.0,0.0066,4.0
RDDT,False,72.48907462238962,"graham_earnings_stability,graham_pe,graham_pe_times_pb",28490076160.0,32.761063,8.66776,10.486,0.00635,0.30712,0.91442,0.20067323312626617,678068736.0,,1.0
COCO,False,72.32937779480744,"graham_pe,graham_pe_times_pb",3228241152.0,30.823206,7.9871154,3.356,0.03508,0.31370002,0.41127998,0.29209998,104597248.0,,4.0
MSFT,False,72.24337936222484,"graham_current_ratio,graham_pe,graham_pe_times_pb",3823508389888.0,28.685947,8.644553,1.23,0.29118,0.34039003,0.6794409337058032,0.4678081840892722,16545500160.0,0.0076,4.0
DXCM,False,72.18780471825511,"graham_pe,graham_pe_times_pb",32154910720.0,33.67984,12.267491,1.733,0.5334599999999999,0.38491002,0.601008151008151,0.19558129558129558,1021162496.0,,4.0
GPOR,False,72.16650493794307,"graham_current_ratio,graham_earnings_stability",2777836800.0,5.88223,1.4960033,0.576,0.5047999999999999,0.27411,0.68134004,0.4220660587115128,102005000.0,,1.0
BYD,False,71.9689317054452,"graham_current_ratio,graham_debt_to_equity",4922404352.0,3.0950205,1.9809941,0.774,1.3047,0.93084997,0.59126,0.18289540856537004,283961504.0,0.0121,4.0
BKE,False,71.92270278951317,graham_pe_times_pb,2211171072.0,9.959396,4.4440417,2.083,0.8618000000000001,0.45764,0.4899374727912254,0.2014462547242138,131653504.0,0.032799999999999996,4.0
APPF,False,71.88719609003164,"graham_earnings_stability,graham_pe,graham_pe_times_pb",7158482432.0,46.041004,13.605277,3.831,0.06799000000000001,0.3209,0.63532,0.16082610625332608,198919872.0,,3.0
NSSC,False,71.68101771153003,"graham_size,graham_pe,graham_pe_times_pb",1303759488.0,30.375,6.825843,4.899,0.02711,0.2393,0.5920984993772119,0.22557780897210306,50773248.0,0.0168,4.0
TER,False,71.61654713084296,"graham_pe,graham_pe_times_pb",70132113408.0,59.258255,20.420858,2.125,0.02883,0.36465,0.582235431457569,0.20377620983415798,437381248.0,0.0013,4.0
ACGL,False,71.58950465476191,graham_current_ratio,31856220160.0,7.3098593,1.3674288,0.589,0.17836,0.19936001,0.38758,0.26584998,4302125056.0,,4.0
ULS,False,71.5632660614159,"graham_current_ratio,graham_pe,graham_pe_times_pb",13469455360.0,26.945562,8.45886,1.425,0.29383,0.38712,0.50413,0.17097936455944973,420500000.0,0.0087,4.0
PGR,False,71.52014523809524,"graham_current_ratio,graham_pe_times_pb,munger_gross_margin",121791135744.0,10.52357,3.5510128,0.293,0.24428,0.34943,0.18521,0.18208,15114500096.0,0.0019,4.0
RRC,False,71.4693048395149,graham_current_ratio,8926558208.0,10.552486,1.8955935,0.649,0.21589,0.19475001,0.52119,0.36101002,454483360.0,0.0106,4.0
LYFT,False,71.26263333333334,"graham_current_ratio,graham_earnings_stability",5865481216.0,2.226293,1.9431903,0.586,0.42738,1.52579,0.3802,-0.02982365674882656,1153134464.0,,2.0
MORN,False,71.24941108355829,"graham_current_ratio,graham_debt_to_equity,graham_pe_times_pb",6894431744.0,17.470057,6.7342715,1.056,1.86052,0.3196,0.62240005,0.21533428746677571,497800000.0,0.0105,4.0
AMAT,False,71.2487427208186,"graham_pe,graham_pe_times_pb",426868146176.0,46.409836,16.657583,2.423,0.28666,0.41068,0.4867456288776086,0.2921954314720812,3075375104.0,0.004,4.0
HALO,False,71.18671258957225,"graham_debt_to_equity,graham_pe,graham_pe_times_pb",12411005952.0,32.067448,86.85465,2.709,15.17687,1.73674,0.76271003,0.3358172032154981,337308640.0,,4.0
YELP,False,71.17099803585032,graham_size,982171520.0,8.743962,1.5439734,1.749,0.19131,0.18190001,0.89647,0.12595677000317415,283744640.0,,4.0
RELY,False,71.15533865595756,"graham_earnings_stability,graham_pe_times_pb",4691977216.0,15.946044,4.1632233,3.181,0.03396,0.32246,0.61548,0.04737678019162803,196120992.0,,1.0
RRR,False,71.14687064160383,"graham_current_ratio,graham_debt_to_equity,graham_pe_times_pb",5139161600.0,17.805655,17.058226,0.677,12.456679999999999,1.08938,0.67221,0.2970082272631685,173044752.0,0.0212,4.0
CROX,False,71.03036610579585,"graham_current_ratio,graham_debt_to_equity,graham_earnings_stability,graham_pe_times_pb",5660875264.0,10.476486,4.1044984,1.49,1.21993,0.42299998,0.5833360350458726,0.037002737432891314,533888736.0,,0.0
KTB,False,71.01518405130452,"graham_debt_to_equity,graham_pe_times_pb",3527891456.0,13.066802,5.703305,1.831,2.05768,0.49523997,0.49308997,0.10683987341932766,440592512.0,0.0334,4.0
PCTY,False,70.86223327368305,"graham_current_ratio,graham_pe,graham_pe_times_pb",7704932352.0,29.51626,6.582657,1.089,0.10887000000000001,0.21972999,0.691855705838451,0.2179118919950365,359865120.0,,4.0
AAMI,False,70.817722310025,"graham_current_ratio,graham_debt_to_equity,graham_pe,graham_pe_times_pb",3367303168.0,33.5265,36.60494,1.048,1.9331800000000001,1.0676999,0.40853,0.23434450949086394,231087504.0,0.0043,4.0
ORI,False,70.77869242857142,graham_current_ratio,9223945216.0,8.37829,1.5088267,0.294,0.37518,0.18571,0.63918,0.17448999,1418687488.0,0.0336,4.0
AON,False,70.76243680977018,"graham_current_ratio,graham_debt_to_equity,graham_pe_times_pb",57492357120.0,14.949256,5.9864383,1.033,1.6348099999999999,0.44699,0.48154,0.2528374367033351,3190874880.0,0.011899999999999999,4.0
DOCU,False,70.72875563973999,"graham_current_ratio,graham_earnings_stability,graham_pe,graham_pe_times_pb",12778520576.0,41.689026,7.4860396,0.643,0.10654,0.17803,0.7940481441217581,0.09274079826059947,1312730880.0,,3.0
UNP,False,70.66891222557051,"graham_current_ratio,graham_debt_to_equity,graham_pe,graham_pe_times_pb",165402509312.0,22.50768,7.999196,0.986,1.50772,0.39696,0.56285,0.40171358629130965,4720750080.0,0.0209,4.0
GGG,False,70.65292669387672,"graham_pe,graham_pe_times_pb",12685032448.0,24.6305,5.028247,2.992,0.0207,0.21240999,0.5245376472544984,0.27935074783019254,536623264.0,0.0152,4.0
AMGN,False,70.49988131304269,"graham_current_ratio,graham_debt_to_equity,graham_pe,graham_pe_times_pb",218076086272.0,25.069763,18.657377,1.371,4.90281,0.91473,0.71891,0.24706810699028597,8645624832.0,0.0248,4.0
LNTH,False,70.4460431991944,"graham_pe,graham_pe_times_pb",6530640896.0,23.925838,4.975869,3.06,0.47642,0.22215,0.6110187472958448,0.2016282987450125,451656000.0,,4.0
ADP,False,70.40734843931814,"graham_current_ratio,graham_pe,graham_pe_times_pb",101995143168.0,23.549862,16.977772,1.051,0.9143600000000001,0.72239,0.48653,0.23459,5243049984.0,0.0258,4.0
MNST,False,70.26048942647651,"graham_pe,graham_pe_times_pb",83818029056.0,39.615738,8.950836,3.729,0.00992,0.25704,0.5584764218214752,0.29168723791625206,1681231104.0,,4.0
FDS,False,70.22264899499542,"graham_current_ratio,graham_pe_times_pb",9438384128.0,18.21414,4.671854,0.599,0.7704900000000001,0.25475,0.50605,0.3223015589977896,641526656.0,0.0167,4.0
ACAD,False,70.15522854908636,graham_earnings_stability,3429854720.0,8.982063,2.6386511,3.388,0.05652,0.35743,0.9426818843203196,0.09781662241426778,68647000.0,,2.0
LTC,False,70.13949999999998,"graham_pe_times_pb,munger_roe",2330607104.0,15.496416,2.202272,20.833,0.581,0.11806,0.60456,0.7788658342654097,256029248.0,0.053399999999999996,4.0
MMM,False,70.08961501757686,"graham_current_ratio,graham_debt_to_equity,graham_earnings_stability,graham_pe,graham_pe_times_pb",83547037696.0,28.825623,28.301888,1.24,4.37937,0.81891996,0.39408,0.18554593554593554,6350125056.0,0.0191,2.0
AMT,False,70.02212265062718,"graham_current_ratio,graham_debt_to_equity,graham_pe,graham_pe_times_pb",76148121600.0,22.509916,20.471252,0.352,4.38721,0.33914003,0.73774004,0.45523551847885313,2920012544.0,0.044500000000000005,4.0
IPAR,False,70.01909667328684,"graham_pe,graham_pe_times_pb",3639729920.0,21.730402,4.1813836,3.31,0.1512,0.19105,0.6367746831600516,0.19077331714350762,215215008.0,0.0286,4.0
NBIX,False,69.96630463839946,"graham_pe,graham_pe_times_pb",14507371520.0,20.896048,3.9258404,1.872,0.12497,0.22089,0.6448,0.2164306939346268,638237504.0,,4.0
CL,False,69.78823882250816,"graham_current_ratio,graham_debt_to_equity,graham_pe,graham_pe_times_pb",67353128960.0,33.26378,285.43918,1.026,13.88163,2.67367,0.6010695711902659,0.162201942890786,3458374912.0,0.025099999999999997,4.0
WU,False,69.71037242604513,"graham_size,graham_current_ratio,graham_debt_to_equity",1872833280.0,4.842742,2.0621567,0.277,2.94873,0.43975,0.35094002,0.18695534105216383,357275008.0,0.1561,4.0
RH,False,69.66062522608344,"graham_current_ratio,graham_debt_to_equity,graham_pe,graham_pe_times_pb",2282297856.0,21.297703,18.96256,1.122,34.139160000000004,2.80715,0.4136117308929353,0.1370499090252195,263892880.0,,4.0
VRTX,False,69.55780993776472,"graham_earnings_stability,graham_pe,graham_pe_times_pb",127726526464.0,29.402332,6.3093557,3.185,0.09766999999999999,0.23542999,0.54957,0.3477373284560839,2627887616.0,,1.0
RAMP,False,69.4279484301767,"graham_earnings_stability,graham_pe_times_pb",2290755072.0,15.76569,2.3435752,2.657,0.03388,0.16055,0.70709154427141,0.10267178389549045,169467120.0,,1.0
CTAS,False,69.26332661387636,"graham_current_ratio,graham_pe,graham_pe_times_pb",76972941312.0,38.61022,14.999221,1.454,0.52096,0.41375,0.5066945494893322,0.2313863560886911,1623005312.0,0.0106,4.0
OXY,False,69.15029738246157,"graham_current_ratio,munger_roe",57903992832.0,17.087019,1.7307059,1.411,0.34511000000000003,0.10629,0.73318,0.45443,3788124928.0,0.0194,4.0
ENR,False,69.05336295391143,"graham_size,graham_debt_to_equity,graham_earnings_stability,graham_pe_times_pb",1501623552.0,18.428572,7.3913045,2.072,16.88484,0.42183998,0.4174823043316287,0.11987001,194475008.0,0.056600000000000004,3.0
KRYS,False,68.9699082447129,"graham_earnings_stability,graham_pe,graham_pe_times_pb",9544440832.0,40.45922,7.021754,8.318,0.00651,0.20124,0.94639,0.41450158044869323,151739744.0,,3.0
THC,False,68.94478937624858,"graham_current_ratio,graham_debt_to_equity,graham_pe_times_pb",20778733568.0,9.979118,4.46023,1.406,1.5227600000000001,0.37337002,0.41661,0.1646175504458001,2247875072.0,,4.0
CHTR,False,68.89784649769963,"graham_current_ratio,graham_debt_to_equity",14203066368.0,2.843872,0.76898724,0.361,4.41578,0.27201998,0.55189997,0.23565925439076935,2198374912.0,,4.0
META,False,68.84327945063981,"graham_pe,graham_pe_times_pb",1853705682944.0,27.38634,7.0976887,2.226,0.42997,0.29848,0.81747,0.41437855159579234,21553625088.0,0.0029,4.0
IIPR,False,68.41382460882632,"graham_size,munger_roe",1402002944.0,11.504524,0.81388646,4.581,0.32892000000000005,0.073850006,0.88355005,0.46670301366772576,99872376.0,0.149,4.0
CNS,False,68.3043991223032,"graham_pe,graham_pe_times_pb",3768684032.0,22.55077,6.3936143,6.638,0.19326000000000002,0.27329,0.47300997,0.22233683245387523,156940496.0,0.036699999999999997,4.0
PATH,False,68.2965839144195,"graham_earnings_stability,graham_pe_times_pb",6821924352.0,19.537313,3.5,2.387,0.04093,0.20027,0.8317467334586718,0.0352421375759668,474257632.0,,1.0
AAPL,False,68.10632846169254,"graham_current_ratio,graham_pe,graham_pe_times_pb",4864386007040.0,38.22362,45.286682,1.003,0.78445,1.4875101,0.4690516410716045,0.31970799762591884,107721875456.0,0.0033,4.0
TRV,False,68.0959081006424,graham_current_ratio,75301838848.0,9.702499,2.2738037,0.323,0.27378,0.26511,0.34730998,0.13398837123721205,14775124992.0,0.0138,4.0
NTAP,False,68.07908477850317,"graham_current_ratio,graham_debt_to_equity,graham_pe,graham_pe_times_pb",44530155520.0,32.021187,29.720768,1.242,1.69498,1.14818,0.7854737854737854,0.2683982683982684,1171374976.0,0.0097,4.0
CDE,False,67.96936129431404,"graham_earnings_stability,munger_roe",18194450432.0,14.628099,1.748839,3.654,0.06851,0.12848,0.56329,0.3415313850461276,796743616.0,0.0023,2.0
KLAC,False,67.90123774139151,"graham_pe,graham_pe_times_pb",269659996160.0,56.303814,42.534996,2.876,0.9688,0.87496,0.61301,0.42486,2624587520.0,0.0046,4.0
WEN,False,67.79864834554023,"graham_size,graham_debt_to_equity,graham_pe_times_pb",1175480192.0,9.340909,10.1565075,1.897,33.806149999999995,1.08042,0.33111,0.15777179472927216,173339744.0,0.044800000000000006,4.0
STZ,False,67.71403994653996,"graham_current_ratio,graham_debt_to_equity,graham_earnings_stability",19331637248.0,10.779048,2.3507175,0.913,1.23205,0.2369,0.5155378050114893,0.29777875041032936,2210487552.0,0.0365,1.0
LLY,False,67.71019963393769,"graham_current_ratio,graham_debt_to_equity,graham_pe,graham_pe_times_pb",1020764291072.0,38.45467,30.134731,1.355,1.6207099999999999,1.02286,0.83399004,0.54222,11065900032.0,0.006,4.0
GFF,False,67.50340136594336,"graham_debt_to_equity,graham_earnings_stability,graham_pe_times_pb",4279444992.0,19.724426,33.26761,2.411,10.351759999999999,2.27544,0.4198555830607724,0.08185835615807766,444938752.0,0.009399999999999999,3.0
CME,False,67.35024615533844,"graham_current_ratio,graham_pe,graham_pe_times_pb",94610694144.0,22.29788,3.564471,1.018,0.14587,0.15802,1.0,0.6486366285311168,2909012480.0,0.0196,4.0
RMBS,False,67.29086214764757,"graham_earnings_stability,graham_pe,graham_pe_times_pb",12122153984.0,51.422016,8.290194,9.754,0.014870000000000001,0.17789,0.80357003,0.36671,202302368.0,,3.0
WSM,False,67.24631090061263,"graham_current_ratio,graham_pe,graham_pe_times_pb",27290968064.0,23.74334,14.592884,1.447,0.71369,0.54960996,0.46152631239163316,0.1813443534470391,1069320128.0,0.013000000000000001,4.0
DVA,False,67.20763329511857,"graham_current_ratio,graham_debt_to_equity,graham_pe_times_pb",11433915392.0,15.09661,-14.890913,1.467,12.419860000000002,0.88475,0.32364,0.1497914435527666,1042451584.0,,4.0
EBAY,False,67.07981942362227,"graham_current_ratio,graham_debt_to_equity,graham_earnings_stability,graham_pe,graham_pe_times_pb",47646150656.0,22.44654,10.213679,1.019,1.53012,0.46611,0.7145045045045045,0.20513513513513512,1579624960.0,0.011699999999999999,3.0
WRB,False,67.04367670238096,"graham_current_ratio,graham_pe_times_pb",25648107520.0,14.216048,2.7671418,0.406,0.31527,0.20207001,0.43785998,0.16385001,3045504768.0,0.0058,4.0
IBM,False,66.7158603170748,"graham_current_ratio,graham_debt_to_equity,graham_pe_times_pb",209455333376.0,19.744228,6.0796328,0.791,1.8897,0.34460998,0.5818760642629748,0.16548,12049750016.0,0.03,4.0
FAST,False,66.70333823207882,"graham_pe,graham_pe_times_pb",58373201920.0,43.478634,14.345741,4.18,0.10851000000000001,0.34334,0.45011889518931775,0.2019023230290836,916124992.0,0.0191,4.0
BRO,False,66.68133333333333,"graham_current_ratio,graham_pe_times_pb,munger_roe",20163620864.0,19.252396,1.5803828,1.127,0.63975,0.10023,0.56281,0.41838002,1642749952.0,0.010700000000000001,4.0
AOS,False,66.6398829592455,graham_pe_times_pb,7712811520.0,15.8078,4.187574,1.594,0.36766,0.27133,0.38833481280350896,0.1902250535220093,484612512.0,0.0254,4.0
TXN,False,66.58472686389769,"graham_pe,graham_pe_times_pb",268440027136.0,44.671734,14.903413,4.857,0.78036,0.35176,0.5702409229725144,0.3406288881348264,3545250048.0,0.0216,4.0
LAUR,False,66.58226163463215,"graham_current_ratio,graham_pe_times_pb",5332277760.0,17.515837,4.6717353,0.712,0.643,0.29318002,0.36800998,0.2533018396761324,343739264.0,,4.0
GRMN,False,66.52908869145118,"graham_pe,graham_pe_times_pb",54215737344.0,29.011353,6.006324,3.028,0.02513,0.21886998,0.5874393538958355,0.25892913951367735,1043656256.0,0.0149,4.0
WLY,False,66.50685612783425,"graham_current_ratio,graham_debt_to_equity,graham_earnings_stability,graham_pe_times_pb",2409007104.0,12.81132,3.0244987,0.636,1.7253100000000001,0.25906,0.6779290868250905,0.16513830964946605,275353632.0,0.0292,2.0
FFIV,False,66.49354458422447,"graham_pe,graham_pe_times_pb",25711572992.0,36.208134,6.691869,1.665,0.06546,0.1983,0.8141306290785966,0.2480346960822157,717135488.0,,4.0
MC,False,66.48103657142858,"data_missing:free_cash_flow,graham_current_ratio,graham_earnings_stability,graham_pe_times_pb",4175199232.0,19.637632,8.254248,1.167,0.40954999999999997,0.41454,0.92286,0.17790002,,0.045700000000000005,2.0
PLMR,False,66.45355714285714,"graham_current_ratio,graham_pe_times_pb,munger_gross_margin",3338003456.0,17.07066,3.3859687,0.541,0.30152,0.22226,0.27354,0.23774,569934144.0,0.0143,4.0
SM,False,66.4115373358094,graham_current_ratio,8370084352.0,6.239362,1.0696698,0.615,0.95136,0.16125,0.86457,0.31705770450221943,1472082944.0,0.025099999999999997,4.0
SEIC,False,66.40269407369217,graham_pe_times_pb,12349974528.0,18.148148,4.938805,5.059,0.02383,0.27587998,0.3517631598763984,0.2730548394019103,377482240.0,0.01,4.0
SPGI,False,66.29163649958551,"graham_current_ratio,graham_pe,graham_pe_times_pb,munger_roe",113058750464.0,23.68808,3.5890694,0.954,0.42979999999999996,0.14255,0.70903,0.42240479916536255,5448249856.0,0.01,4.0
UBER,False,66.24102369043744,"graham_current_ratio,graham_earnings_stability,graham_pe_times_pb",139506860032.0,14.978071,5.1008215,0.843,0.51872,0.3716,0.40752,0.10698425514735567,7244749824.0,,3.0
JKHY,False,66.21682835065384,"graham_current_ratio,graham_pe,graham_pe_times_pb",10003316736.0,20.469872,4.8721147,1.167,0.03793,0.24040002,0.4276959885180597,0.24958663134118528,352223744.0,0.017,4.0
OLED,False,66.00391410358402,"graham_pe_times_pb,munger_roe",3698261760.0,19.433577,2.2087853,8.498,0.01288,0.115159996,0.7631057575110166,0.38206854787269195,111837128.0,0.0258,4.0
SNA,False,65.9783195840662,graham_pe_times_pb,19094034432.0,18.833162,3.1601973,3.433,0.21594999999999998,0.17932,0.4561907856910732,0.2575008242664029,1109474944.0,0.0265,4.0
CVSA,False,65.97740615783228,"graham_current_ratio,graham_pe_times_pb",4280041216.0,16.787718,2.959006,1.093,0.62613,0.18569,0.57338,0.1961920796690011,323942752.0,,4.0
USLM,False,65.94720568658857,"graham_pe,graham_pe_times_pb",3191580416.0,23.82227,4.576871,27.543,0.0046700000000000005,0.21354,0.48936084587378964,0.423524456237407,47104248.0,0.0022,4.0
AFL,False,65.9470223540827,graham_current_ratio,56017592320.0,12.053397,1.8513885,0.892,0.5336500000000001,0.16908,0.50888,0.21718913270637408,5152249856.0,0.0219,4.0
KO,False,65.83787046891892,"graham_current_ratio,graham_debt_to_equity,graham_pe,graham_pe_times_pb",369051140096.0,25.758259,10.210094,1.305,1.1551900000000002,0.42054,0.6162574831563797,0.28706117936630443,5218749952.0,0.0246,4.0
PJT,False,65.82422857142858,"data_missing:free_cash_flow,graham_pe_times_pb",5919520256.0,18.93256,11.394309,1.706,0.42652999999999996,0.37633,0.95252,0.20994,,0.0070999999999999995,4.0
WDFC,False,65.64411692242244,"graham_pe,graham_pe_times_pb",2725287680.0,30.813353,9.789798,2.654,0.41048,0.33306,0.5505665459648217,0.16741211480922927,68620496.0,0.0202,4.0
EXE,False,65.59358095251551,"graham_current_ratio,graham_earnings_stability,munger_roe",20500715520.0,7.3875,1.0346514,0.959,0.19207000000000002,0.14893,0.47069,0.203810623556582,1466249984.0,0.0268,1.0
ODFL,False,65.56775562247462,"graham_pe,graham_pe_times_pb",37489041408.0,34.76827,8.2487,1.889,0.0044,0.24818,0.39566,0.28835,970776000.0,0.006500000000000001,4.0
AWI,False,65.52813428792902,"graham_pe,graham_pe_times_pb",6933427200.0,22.473286,7.8525267,1.519,0.65589,0.36618,0.40640424481737414,0.2658563672260612,220824992.0,0.0083,4.0
GNTX,True,65.51620790005191,,4719012864.0,11.724868,1.8396149,3.038,0.00441,0.16354999,0.3419956413347784,0.18701083450311676,356785760.0,0.0219,4.0
MAS,False,65.49125183105122,"data_missing:debt_to_equity,graham_pe_times_pb",13503395840.0,15.888632,-36.99622,1.865,,58.625,0.3542713567839196,0.16503570483998942,897124992.0,0.0187,4.0
ROL,False,65.41437782420921,"graham_current_ratio,graham_pe,graham_pe_times_pb",14532997120.0,27.459091,10.166611,0.629,0.78015,0.37008998,0.52366,0.19304928145065872,501737504.0,0.0239,4.0
ENS,False,65.27605,"graham_pe,graham_pe_times_pb,munger_gross_margin",7091144192.0,21.073956,3.6241982,2.795,0.56108,0.18363,0.2976,0.8800231347599768,614659776.0,0.0060999999999999995,4.0
UPWK,False,65.24547873151597,"graham_size,graham_current_ratio,graham_earnings_stability",1001725056.0,10.282052,1.7759081,1.424,0.6206900000000001,0.16695,0.77817269708448,0.16414017040203913,156381744.0,,3.0
NXPI,False,65.23980358491397,"graham_pe,graham_pe_times_pb",61685661696.0,20.87244,5.4136143,2.04,0.93325,0.27921,0.5473958757844976,0.24834949873665335,3555000064.0,0.017,4.0
MKTX,False,65.21374999999999,"graham_pe_times_pb,munger_fcf",5780435456.0,19.412529,4.664962,7.465,0.14275000000000002,0.2314,0.61662996,0.40393586901548917,-457790016.0,0.019,4.0
SSD,False,65.19779093456258,graham_pe_times_pb,7144449536.0,19.0931,3.3596084,3.288,0.21084,0.18722,0.4585053720666253,0.1963577799801784,446386496.0,0.006999999999999999,4.0
TRNO,False,65.0631662271175,"graham_current_ratio,munger_roe",7061276672.0,17.419355,1.5748798,0.62,0.21396,0.0928,0.76206,0.41769,319524640.0,0.0356,4.0
FIX,False,65.03677837548081,"graham_current_ratio,graham_pe,graham_pe_times_pb,munger_gross_margin",61158240256.0,41.91341,18.98121,1.214,0.11498,0.55292,0.2412640753464128,0.14443428388353266,1841915392.0,0.0021,4.0
JNJ,False,65.0207279487618,"graham_current_ratio,graham_pe,graham_pe_times_pb",615295287296.0,29.653893,7.236141,1.089,0.57709,0.25742,0.6787871710212011,0.2919,16885125120.0,0.0207,4.0
VIRT,False,65.0,"data_missing:free_cash_flow,graham_current_ratio,graham_debt_to_equity",5256539136.0,9.888704,2.8118653,1.108,4.15015,0.53617,0.65787005,0.36321,,0.0173,4.0
VEEV,False,64.91436793490799,"graham_pe,graham_pe_times_pb,munger_roe",44217307136.0,44.844006,6.092175,5.458,0.020409999999999998,0.14425,0.7552604425672493,0.2867855429408906,1257709824.0,,4.0
MSI,False,64.85343369235359,"graham_current_ratio,graham_debt_to_equity,graham_pe,graham_pe_times_pb",74161078272.0,35.340694,27.75596,1.099,3.5785,0.91567004,0.5166067454203047,0.25577812018489987,1979000064.0,0.0108,4.0
NTCT,False,64.77729902369647,"graham_earnings_stability,graham_pe,graham_pe_times_pb,munger_roe",2978091520.0,24.975609,1.790601,1.825,0.02404,0.0754,0.7940759666869114,0.12778045380822403,226413504.0,,1.0
EPAC,False,64.73339778278154,"graham_size,graham_pe,graham_pe_times_pb",1849884288.0,20.392046,4.327746,2.67,0.43579999999999997,0.21645,0.5054782063190246,0.2163579451417493,102963752.0,0.0011,4.0
DLB,False,64.7250581178568,"graham_pe,graham_pe_times_pb,munger_roe",5525522432.0,24.682009,2.138171,3.185,0.0183,0.08758,0.8813072127963947,0.19639248997502093,331846016.0,0.024399999999999998,4.0
CPRT,False,64.6795212950743,graham_pe_times_pb,25321240576.0,17.635485,2.7833214,7.912,0.0097,0.1616,0.45291,0.3236122379471616,885121728.0,,4.0
OGN,False,64.67887312312313,"graham_debt_to_equity,graham_pe_times_pb",3606940672.0,17.608974,3.5852256,1.954,8.50199,0.24037,0.532979407979408,0.20732,490750016.0,0.0058,4.0
PEP,False,64.67722919500919,"graham_current_ratio,graham_debt_to_equity,graham_pe_times_pb",172034048000.0,16.52756,7.785127,0.934,2.3894900000000003,0.51508,0.541485227575193,0.12241682193239287,7831875072.0,0.0471,4.0
FAF,False,64.64292142857143,"graham_current_ratio,munger_roe",6434852864.0,8.633562,1.1437049,0.396,0.49421,0.13846,0.63984,0.15567,2337762560.0,0.0397,4.0
RL,False,64.5960925780588,"graham_debt_to_equity,graham_pe,graham_pe_times_pb",21538383872.0,22.79256,7.9163013,2.045,1.10373,0.37537,0.6986505638055333,0.14532010598311665,880087488.0,0.011000000000000001,4.0
PG,False,64.58944340190996,"graham_current_ratio,graham_pe,graham_pe_times_pb",336624418816.0,21.876135,6.3110647,0.677,0.6448999999999999,0.30290002,0.50873,0.22690504641970768,13280874496.0,0.0302,4.0
BF-B,False,64.55610715514575,graham_pe_times_pb,12013066240.0,16.890324,3.0255404,3.263,0.61502,0.18122,0.6053971486761711,0.25483706720977595,685625024.0,0.0356,4.0
VNT,False,64.45166192360574,"graham_current_ratio,graham_debt_to_equity,graham_pe_times_pb",4335863808.0,13.307054,3.5900595,1.252,1.6099199999999998,0.289,0.44853033538500187,0.18259851736246585,347624992.0,0.0032,4.0
VLTO,False,64.38931394555838,"graham_debt_to_equity,graham_pe,graham_pe_times_pb",23121358848.0,23.889168,7.4783154,1.775,1.15978,0.34312,0.599491186625477,0.2320552425949482,807124992.0,0.0055000000000000005,4.0
EVR,False,64.36697857142858,"data_missing:free_cash_flow,graham_pe_times_pb",10090936320.0,14.832674,5.429021,1.827,0.50183,0.39504,0.93934995,0.16955,,0.0137,4.0
GMED,False,64.11564019381431,"graham_pe_times_pb,munger_roe",10179738624.0,19.391304,2.134572,4.622,0.02347,0.118140005,0.650505331289736,0.1632620840707046,554194880.0,,4.0
ITW,False,64.09386857697257,"graham_current_ratio,graham_debt_to_equity,graham_pe,graham_pe_times_pb",74987839488.0,23.87126,25.910254,1.109,3.3485300000000002,1.04618,0.44162,0.26277736225380205,2432999936.0,0.0264,4.0
FCPT,False,64.04538223489456,"graham_current_ratio,graham_pe_times_pb,munger_roe",2377716480.0,19.695456,2.0902076,0.252,0.77616,0.07646,0.85603994,0.55078,189772992.0,0.0709,4.0
ACN,False,64.02387568601088,"graham_current_ratio,graham_pe_times_pb",122223190016.0,15.940144,3.8320446,1.427,0.40283,0.26025,0.3205,0.14676657206710142,9080814592.0,0.030699999999999998,4.0
ROP,False,63.94815218908529,"graham_current_ratio,munger_roe",35170136064.0,14.817082,1.8807085,0.553,0.60531,0.13066,0.6924391015501423,0.28287250869977854,2265687552.0,0.01,4.0
PYPL,False,63.93821632933111,graham_current_ratio,45362749440.0,9.948015,2.2887402,1.288,0.7175100000000001,0.24497,0.40477002,0.1828349210177258,4423124992.0,0.0106,4.0
ADT,False,63.847564750945416,"graham_current_ratio,graham_debt_to_equity",4584259072.0,8.715278,1.3238398,0.69,2.23863,0.17212999,0.80657,0.2552156950220596,1197478400.0,0.0353,4.0
BR,False,63.793570081211584,"graham_current_ratio,graham_debt_to_equity,graham_pe_times_pb,munger_gross_margin",17733208064.0,16.361458,6.3037286,1.236,1.23939,0.40916002,0.28495904840098524,0.1739514230686925,1194499968.0,0.0271,4.0
GEV,False,63.78422605153589,"graham_current_ratio,graham_earnings_stability,graham_pe,graham_pe_times_pb,munger_gross_margin",264177614848.0,28.453959,22.093885,0.85,0.28364,0.82577,0.19793527372071032,0.03646106966481034,15722125312.0,0.002,2.0
BRX,False,63.76213195239791,"graham_current_ratio,graham_debt_to_equity,graham_pe_times_pb,munger_roe",8399095808.0,19.550001,2.7795267,0.596,1.76202,0.14413,0.7515,0.36018002,603135104.0,0.0446,4.0
LRN,True,63.71315360299228,,3273460992.0,11.031512,1.982058,5.941,0.33448,0.21735,0.37750969885400826,0.17901211279541843,224867120.0,,4.0
HAS,False,63.65639169386984,"graham_debt_to_equity,graham_earnings_stability,graham_pe_times_pb",12679897088.0,15.996442,18.008814,1.661,5.310420000000001,1.5956,0.63822,0.0020686184982947873,688150016.0,0.0311,0.0
BCO,False,63.579750413630066,"graham_debt_to_equity,graham_pe,graham_pe_times_pb,munger_gross_margin",4215964928.0,23.693287,13.58214,1.62,10.29747,0.46236,0.26431,0.11128639854025697,391237504.0,0.0102,4.0
FTI,False,63.53711531281079,"graham_current_ratio,graham_earnings_stability,graham_pe,graham_pe_times_pb,munger_gross_margin",27080910848.0,24.145105,8.290911,1.08,0.37898000000000004,0.35814,0.22966999,0.1445844995268107,1463362560.0,0.0029,3.0
IESC,False,63.498334493625975,"graham_pe,graham_pe_times_pb,munger_gross_margin",13590403072.0,30.288631,11.055821,1.63,0.062329999999999997,0.44522998,0.25493256943266257,0.1137572713132677,329443360.0,,4.0
MLI,False,63.49336820436691,"graham_pe_times_pb,munger_gross_margin",13916732416.0,16.385416,3.922693,4.775,0.0069099999999999995,0.26325,0.28776,0.22939600775101968,524939744.0,0.011399999999999999,4.0
NTNX,False,63.44076328578141,"graham_debt_to_equity,graham_earnings_stability,graham_pe_times_pb",19508109312.0,13.733333,27.762804,1.798,2.16559,374.6021,0.8679715932287734,0.09601040109758213,727732992.0,,2.0
LPG,False,63.417049999999996,munger_fcf,2430484224.0,7.534483,1.9656079,3.256,0.5226299999999999,0.28342,0.72923,0.4364913851793309,-119725848.0,0.0592,4.0
BX,False,63.3027515,"data_missing:free_cash_flow,graham_current_ratio,graham_pe,graham_pe_times_pb",134506856448.0,25.633259,9.985802,0.872,0.6818500000000001,0.31374002,1.0,0.54357,,0.0466,4.0
AYI,False,63.21907733249752,"graham_pe,graham_pe_times_pb",9294658560.0,21.33945,3.255694,1.695,0.23448,0.18645,0.47829988954344627,0.12976343888070693,604075008.0,0.0027,4.0
EXPD,False,63.18831673570114,"graham_pe,graham_pe_times_pb",24993298432.0,27.545845,11.799325,1.566,0.26745,0.4267,0.30441130700417124,0.09508945200062625,797562240.0,0.0086,4.0
OHI,False,63.17904897017067,"graham_current_ratio,graham_pe_times_pb",14463712256.0,16.31993,2.5446124,0.444,0.7147100000000001,0.16529,0.97924006,0.5940215109331094,665501376.0,0.0601,4.0
NATL,False,63.15336647199072,"graham_current_ratio,graham_debt_to_equity,graham_earnings_stability,graham_pe_times_pb,munger_gross_margin",3359354624.0,17.620155,7.2307935,1.026,6.342670000000001,0.48529,0.25345,0.10978410656867249,477875008.0,,2.0
CRM,False,63.13401266448784,"graham_current_ratio,graham_debt_to_equity,graham_pe,graham_pe_times_pb",192730136576.0,21.425434,5.0218735,0.839,1.10417,0.19381,0.7767609873570138,0.20062612883804937,17731874816.0,0.0074,4.0
ORCL,False,63.110950394380474,"graham_current_ratio,graham_debt_to_equity,graham_pe,graham_pe_times_pb,munger_fcf",431291662336.0,22.299374,10.910276,1.171,2.51716,0.41192,0.6166874031942716,0.30592217586887777,-45853626368.0,0.014499999999999999,4.0
EPR,False,62.97711575151298,"graham_debt_to_equity,graham_pe_times_pb,munger_roe",4332234240.0,18.125,1.8745649,1.666,1.52233,0.113170005,0.91873,0.576734130801259,337729984.0,0.067,4.0
CSCO,False,62.93195626161041,"graham_current_ratio,graham_pe,graham_pe_times_pb",440643223552.0,33.563065,8.770698,0.931,0.62017,0.27319,0.645242795104619,0.24268456375838926,11182624768.0,0.0154,4.0
CDNS,False,62.86671964037118,"graham_pe,graham_pe_times_pb",96463888384.0,69.66932,14.044655,1.743,0.38661,0.23229,0.85871005,0.28168961434718853,1609676544.0,,4.0
COLL,False,62.85486731732921,"graham_size,graham_current_ratio,graham_debt_to_equity,graham_earnings_stability,graham_pe_times_pb",681362240.0,17.307087,2.2900605,1.031,3.90461,0.17612,0.5934878107836995,0.23013527346147095,324038496.0,,3.0
SPSC,False,62.76559961913938,"graham_pe,graham_pe_times_pb,munger_roe",2957954560.0,39.502407,3.1688457,2.259,0.00672,0.08262,0.6917798284775217,0.15742144097510993,176569376.0,,4.0
SOLV,False,62.639900876240205,"graham_current_ratio,graham_debt_to_equity,graham_pe_times_pb",15056287744.0,10.812958,3.134746,1.021,1.10313,0.33960998,0.5346546546546547,0.26198198198198197,489000000.0,,4.0
MPWR,False,62.56759879846886,"graham_pe,graham_pe_times_pb",70633971712.0,88.01684,18.13212,4.975,0.00486,0.21979,0.551787716644466,0.26111689868942706,444316128.0,0.0059,4.0
LZ,False,62.50084286299341,"graham_size,graham_current_ratio,graham_earnings_stability,graham_pe,graham_pe_times_pb,munger_roe",957370368.0,62.11111,7.364954,0.667,0.11903000000000001,0.104940005,0.6588024755205723,0.03303515805317952,124770128.0,,3.0
CSL,False,62.484612887106074,"graham_debt_to_equity,graham_pe_times_pb",13222622208.0,18.88514,8.174843,2.6,1.78698,0.39183,0.3562754801717936,0.19970517340982888,669737472.0,0.0154,4.0
ALGN,False,62.4707285624599,"graham_current_ratio,graham_pe,graham_pe_times_pb,munger_roe",10253182976.0,25.057291,2.4295115,1.395,0.02855,0.10155,0.6718803439138491,0.13525647316803818,594111360.0,,4.0
YETI,False,62.428425636512955,graham_pe_times_pb,2996555264.0,18.661364,4.9161777,1.751,0.41515,0.25320998,0.5740901496071168,0.11429365039438179,127417000.0,,4.0
THG,False,62.42703641964611,"graham_current_ratio,munger_gross_margin",7673680384.0,10.549546,2.0942898,0.36,0.22982,0.21885,0.25191,0.1414836831250758,1081224960.0,0.0175,4.0
PSA,False,62.37358839082773,"graham_current_ratio,graham_debt_to_equity,graham_pe,graham_pe_times_pb",53406121984.0,27.272903,10.370451,0.22,1.09632,0.21929,0.730038488535881,0.5333060024103176,2334240256.0,0.042300000000000004,4.0
STRA,False,62.37326351590643,"graham_size,graham_current_ratio,munger_roe",1775938560.0,13.350585,1.075198,1.096,0.06532,0.08151,0.49056,0.13738231537115012,154841120.0,0.0305,4.0
ANET,False,62.329586459804034,"data_missing:debt_to_equity,graham_pe,graham_pe_times_pb",261344673792.0,65.78254,17.660872,2.957,,0.31476,0.6405609780472368,0.42818437211987964,3891512576.0,,4.0
COP,False,62.27734144573809,"graham_pe_times_pb,munger_roe",152293539840.0,16.768518,2.3304594,1.542,0.35639000000000004,0.1418,0.47574002,0.3151,7691375104.0,0.0264,4.0
VSNT,False,62.20995946684894,munger_roe,4296180736.0,5.6642203,0.5294027,2.38,0.38869,0.08063,0.56526,0.1901913875598086,1979750016.0,0.048600000000000004,4.0
BFS,False,62.16925,"graham_size,graham_current_ratio,graham_debt_to_equity,graham_pe,graham_pe_times_pb,munger_roe",1045343040.0,31.030928,6.724755,0.624,3.41757,0.09559,0.7389690016212622,0.6738786170443999,84502376.0,0.0787,4.0
SKT,False,62.12643399130264,"graham_current_ratio,graham_debt_to_equity,graham_pe,graham_pe_times_pb",4191626240.0,32.169724,5.976649,0.743,2.7831099999999998,0.19399999,0.73124003,0.32639998,227820992.0,0.0363,4.0
STX,False,62.09220305799911,"graham_debt_to_equity,graham_earnings_stability,graham_pe,graham_pe_times_pb",193402306560.0,61.18849,89.013084,1.67,1.7988,3.7152898,0.45576,0.33571135711357114,1943750016.0,0.0031,3.0
SHW,False,62.07977458780425,"graham_current_ratio,graham_debt_to_equity,graham_pe,graham_pe_times_pb",77731160064.0,29.538746,20.04633,0.727,3.8995800000000003,0.65124,0.48847685827362847,0.1805360946386198,2506037504.0,0.01,4.0
CTSH,False,62.0487555117897,munger_roe,27616104448.0,12.664858,1.8247592,2.182,0.14479,0.14924,0.3344,0.1605552397195376,2215500032.0,0.0217,4.0
G,True,62.033081797757774,,5600586752.0,9.919643,2.1500454,1.996,0.54308,0.22447,0.36044401845004576,0.14768206093097888,479428736.0,0.0216,4.0
CB,False,61.93501642857143,"graham_current_ratio,munger_roe",127962095616.0,11.749203,1.697007,0.41,0.30940999999999996,0.14822,0.31129998,0.23527001,10488000512.0,0.0123,4.0
INSP,False,61.880587323182155,"graham_earnings_stability,graham_pe_times_pb",2050034816.0,15.653421,2.4828434,8.551,0.03524,0.17965001,0.8539169127426997,0.05587177803046335,94637248.0,,2.0
TT,False,61.87634405860898,"graham_current_ratio,graham_pe,graham_pe_times_pb",102231572480.0,34.67463,11.8706255,1.073,0.5340400000000001,0.36643,0.35389,0.18607159774691748,3121687552.0,0.0092,4.0
VRT,False,61.75085614965319,"graham_current_ratio,graham_pe,graham_pe_times_pb",97267253248.0,57.031605,20.44259,1.379,0.70166,0.43943,0.38039002,0.1788580533534052,2696537600.0,0.001,4.0
NVR,False,61.497535440523386,"graham_pe_times_pb,munger_gross_margin",15910226944.0,15.517961,4.715031,5.67,0.3215,0.31544,0.2184,0.13889,918313280.0,,4.0
BAH,False,61.42014875380482,"graham_debt_to_equity,graham_pe_times_pb,munger_gross_margin",8187798528.0,10.6860285,6.811768,1.595,3.4608999999999996,0.68637,0.2242,0.09209235981100115,860875008.0,0.0335,4.0
STRL,False,61.346553176272536,"graham_current_ratio,graham_pe,graham_pe_times_pb,munger_gross_margin",16381070336.0,39.610207,12.07318,1.107,0.24222000000000002,0.40005,0.22984045695486313,0.1630152659646457,349384384.0,,4.0
DV,False,61.288240179820576,"graham_pe,graham_pe_times_pb,munger_roe",2106541824.0,38.53629,1.9093573,4.498,0.10217999999999999,0.05389,0.82434,0.10583850400445816,162146880.0,,4.0
MCRI,False,61.145692977236045,"graham_current_ratio,graham_pe_times_pb,munger_gross_margin",2098368640.0,18.792938,3.6381717,1.207,0.02218,0.20544,0.23388213712451272,0.17625235127380529,131950872.0,0.0103,4.0
EXPO,False,61.14446527751549,"graham_pe,graham_pe_times_pb",3218394624.0,30.354261,11.147892,1.977,0.27968,0.31204,0.36416999,0.205814636761315,76945872.0,0.0176,4.0
DFIN,False,61.130498998556526,"graham_size,graham_current_ratio,graham_pe,graham_pe_times_pb,munger_roe",1146662272.0,30.285715,2.973731,1.326,0.5464600000000001,0.08590999,0.64206004,0.18396349413298566,132825000.0,,4.0
MSA,False,61.10660580328956,"graham_pe,graham_pe_times_pb",7025684992.0,22.651121,5.0285788,3.236,0.45911,0.2366,0.4646396922574719,0.1983226069359414,316457248.0,0.0121,4.0
POWL,False,61.020815403746276,"graham_pe,graham_pe_times_pb,munger_gross_margin",7173391360.0,37.720306,9.486413,1.971,0.00334,0.28252,0.293738760031078,0.19728013126653735,190403632.0,0.0019,4.0
PIPR,False,60.96836428571428,"data_missing:free_cash_flow,graham_pe_times_pb",4617596416.0,15.124998,3.2152345,2.429,0.11269,0.24528,0.91817003,0.21613,,0.012199999999999999,4.0
AM,False,60.96215860557466,"graham_current_ratio,graham_debt_to_equity,graham_pe,graham_pe_times_pb",9747430400.0,24.740965,5.010981,0.842,1.8554499999999998,0.19822,0.79644996,0.5424561562941235,432616640.0,0.0444,4.0
ICE,False,60.95901570486093,"graham_current_ratio,graham_pe,graham_pe_times_pb,munger_roe",84327071744.0,21.186178,2.8515835,1.012,0.69226,0.14094,1.0,0.38995253164556964,3633625088.0,0.0137,4.0
HIG,True,60.81891741666667,,34203006976.0,8.714286,1.777174,1.772,0.22329999999999997,0.22061001,0.37868,-0.0707240207915524,5507500032.0,0.0191,4.0
VZ,False,60.773253567095374,"graham_current_ratio,graham_debt_to_equity",191015780352.0,11.972656,1.8381177,0.604,1.8408099999999998,0.15842,0.59453,0.2117286943433364,17466624000.0,0.061500000000000006,4.0
EME,False,60.74462274266382,"graham_current_ratio,graham_pe,graham_pe_times_pb,munger_gross_margin",34968342528.0,24.658009,8.598304,1.277,0.13432,0.40348998,0.19327130810714582,0.10086985946775608,978281600.0,0.0021,4.0
NXT,False,60.74392441348267,"graham_pe,graham_pe_times_pb",12876430336.0,21.600513,4.970642,2.689,0.01502,0.27224,0.32592522876110797,0.19589480219925323,324051264.0,,4.0
PTGX,False,60.74072458637774,"graham_earnings_stability,graham_pe,graham_pe_times_pb,munger_roe",9015158784.0,135.26215,10.70704,21.709,0.01095,0.10985,1.0,0.74372,96145752.0,,0.0
ANIP,False,60.70449737261227,"graham_size,graham_debt_to_equity,graham_earnings_stability,graham_pe_times_pb",1655013888.0,15.697168,2.5855885,2.91,1.0482500000000001,0.20459,0.60403997,0.1257610095928528,132205752.0,,1.0
GLPI,False,60.67860427746634,"data_invalid_outlier:gross_margin,graham_debt_to_equity",11349570560.0,11.080409,2.2122009,24.29,1.5571899999999999,0.19354999,1.02151,0.75337920880488,506751744.0,0.0872,4.0
AMG,False,60.66730053436582,graham_pe_times_pb,9716869120.0,13.188838,3.2157712,101.314,0.7609600000000001,0.24257,0.50273,0.48065075921908895,277175008.0,0.0001,4.0
BRC,False,60.662776509544756,graham_pe_times_pb,3984088320.0,19.755812,2.934775,1.937,0.06158,0.1611,0.51748141059784,0.15857700420988646,166669376.0,0.011899999999999999,4.0
PRGS,False,60.474263419188155,"graham_size,graham_current_ratio,graham_debt_to_equity,graham_pe_times_pb",1511527552.0,17.041473,3.0187755,0.796,2.38695,0.18340999,0.808166237315037,0.1567653306143904,320520000.0,,4.0
TGTX,False,60.351453442431676,"graham_debt_to_equity,graham_earnings_stability,graham_pe_times_pb",8326957056.0,19.854015,13.223142,4.267,1.2489,1.0028,0.82372004,0.2001080665339363,59134500.0,,3.0
TDS,False,60.153668416666676,"graham_earnings_stability,munger_roe",4077408512.0,8.855,0.99530715,3.818,0.23120000000000002,0.11784001,0.59351003,-0.07929038020463977,599447616.0,0.0045000000000000005,0.0
HIW,False,60.11124999999999,"graham_current_ratio,graham_debt_to_equity,munger_roe",3331314944.0,19.642384,1.38346,1.05,1.3264799999999999,0.06815,0.67342,0.6757609364455559,270770112.0,0.0688,4.0
HQY,False,60.09671139013585,"graham_earnings_stability,graham_pe,graham_pe_times_pb,munger_roe",7461746688.0,32.566788,3.7581236,2.993,0.48792,0.11434,0.6952153485266429,0.24550698971927679,397510624.0,,3.0
CNK,False,60.069321976017456,"graham_current_ratio,graham_debt_to_equity,graham_earnings_stability,graham_pe,graham_pe_times_pb",4184417792.0,20.167597,8.354547,0.845,5.87527,0.45816,0.49416,-0.16714465408805032,227587504.0,0.01,3.0
GL,False,60.0192310222842,"graham_current_ratio,munger_gross_margin",12822330368.0,11.101131,2.0884967,0.795,0.55675,0.20944999,0.23128671271931717,0.23221740923827355,1163503360.0,0.008,4.0
WWW,False,59.93911785669825,"graham_size,graham_debt_to_equity,graham_earnings_stability,graham_pe_times_pb",1580597632.0,14.930233,3.7988164,1.549,1.59137,0.27647,0.4730832844261858,0.0801365843248146,131325000.0,0.0208,2.0
UDR,False,59.9023428300065,"graham_current_ratio,graham_debt_to_equity,graham_pe,graham_pe_times_pb,munger_roe",12384485376.0,21.155062,3.7085323,0.178,1.5614400000000002,0.13739,0.66581,0.3233081257734403,779827776.0,0.051699999999999996,4.0
IBP,False,59.865147593522394,"graham_debt_to_equity,graham_pe,graham_pe_times_pb",5115959808.0,20.763752,7.9507623,2.983,1.87209,0.38451,0.3397401373367443,0.13006597549481622,289112512.0,0.008100000000000001,4.0
REGN,False,59.861970249498064,"graham_pe_times_pb,munger_roe",75875770368.0,18.237564,2.3313963,3.335,0.08535,0.14043,0.44458,0.24945443390109392,3065299968.0,0.0051,4.0
OUT,False,59.84252377353373,"graham_current_ratio,graham_debt_to_equity,graham_earnings_stability,graham_pe,graham_pe_times_pb",5059485184.0,20.665468,7.298018,0.67,5.7364,0.35024,0.51405,0.16023366271769396,193724992.0,0.043899999999999995,2.0
GWW,False,59.83012251159544,"graham_pe,graham_pe_times_pb",60624482304.0,32.74828,14.640504,2.805,0.6197699999999999,0.46091,0.3906476424032995,0.1390591907256716,1247750016.0,0.0078000000000000005,4.0
BLK,False,59.828521348907735,"graham_pe,graham_pe_times_pb,munger_roe",173597671424.0,25.610018,2.8744645,2.447,0.23192000000000002,0.122779995,0.47152,0.2909233564585398,7578124800.0,0.0215,4.0
COLM,False,59.629151261620216,munger_roe,2923899136.0,15.19016,1.825577,2.493,0.28798999999999997,0.12658,0.5053119327381834,0.060941303974773285,255117376.0,0.0208,4.0
NGVT,False,59.58288007029323,"graham_debt_to_equity,graham_earnings_stability,graham_pe,graham_pe_times_pb",2511307264.0,102.88733,53.713238,1.611,26.36034,0.30072,0.395255224391915,0.35859883521754027,88937504.0,,0.0
HON,False,59.577369197575706,"graham_current_ratio,graham_debt_to_equity,graham_pe_times_pb",68094562304.0,8.25711,3.673466,1.211,1.85369,0.46577,0.32074026411741274,0.2170557128358528,2610374912.0,0.0131,4.0
SN,False,59.562365932894636,"graham_pe,graham_pe_times_pb",25622421504.0,37.195297,9.014025,2.08,0.3211,0.27528,0.4901387488537608,0.1438121524168379,638667520.0,,4.0
RGLD,False,59.422100000000015,"graham_pe,graham_pe_times_pb,munger_roe,munger_fcf",19900030976.0,25.981194,2.6212,2.924,0.051859999999999996,0.136,0.693207280942404,0.6192964188220726,-189505504.0,0.008199999999999999,4.0
DAVE,False,59.418426190296245,"graham_debt_to_equity,graham_earnings_stability,graham_pe,graham_pe_times_pb",4437322240.0,21.211891,21.344643,4.223,1.29139,1.04779,0.71748,-0.04167572689902165,167170368.0,,2.0
CVLT,False,59.38159678721715,"graham_debt_to_equity,graham_earnings_stability,graham_pe,graham_pe_times_pb",6264138752.0,96.887825,120.33838,2.043,17.62992,0.32773998,0.8115047013998598,0.06250792014801172,303740256.0,,3.0
SPNT,False,59.38049103192093,"graham_current_ratio,graham_earnings_stability,munger_gross_margin",2849527808.0,6.1944447,1.2509563,0.655,0.30786,0.23068,0.23864001,0.136,204187504.0,,3.0
SFM,False,59.32406121143927,"graham_current_ratio,graham_debt_to_equity,graham_pe_times_pb",5984632320.0,12.27151,4.102007,0.992,1.4033799999999998,0.35197,0.38795449866394643,0.0779179662779198,398699872.0,,4.0
VRRM,False,59.320378950890415,"graham_size,graham_debt_to_equity",433910912.0,10.574074,1.9408566,2.058,4.863980000000001,0.15384,0.55711,0.21494773107633203,43281376.0,,4.0
PFE,False,59.308399844475446,"graham_current_ratio,graham_pe,graham_pe_times_pb,munger_roe",158137450496.0,36.50658,1.8561012,1.267,0.74253,0.05014,0.74716,0.27877,12485624832.0,0.061200000000000004,4.0
RSI,False,59.30660673978805,"graham_earnings_stability,graham_pe,graham_pe_times_pb",4628011520.0,64.46774,12.467249,2.116,0.015189999999999999,0.30279,0.34967998,0.07706438839661926,127112000.0,,2.0
LMAT,False,59.27045184607724,"graham_size,graham_pe,graham_pe_times_pb",1806213888.0,27.615387,4.296127,16.312,0.45262,0.16774,0.7152947492407914,0.2720811531958878,49263624.0,0.0125,4.0
PNR,False,59.26586098130222,"graham_current_ratio,graham_pe_times_pb",8621816832.0,13.7502575,2.2716086,1.451,0.47067,0.17126,0.4047653256704981,0.20534003831417624,558312512.0,0.0204,4.0
NHI,False,59.25408558577237,"graham_pe_times_pb,munger_roe",3237359616.0,19.052023,2.0603862,1.817,0.80432,0.10717,0.73925,0.6565420968953649,171983248.0,0.057800000000000004,4.0
REG,False,59.17527511614454,"graham_current_ratio,graham_pe,graham_pe_times_pb,munger_roe",13436725248.0,24.198654,1.9746134,0.964,0.7197199999999999,0.081870005,0.71539,0.7231565138356407,743363968.0,0.042,4.0
AROC,False,59.09816984617813,"graham_current_ratio,graham_debt_to_equity,graham_pe_times_pb",5356581376.0,16.42473,3.4488597,1.394,1.51872,0.22194,0.4857183897630449,0.35931998,241304496.0,0.0302,4.0
CXM,False,59.08556565394141,"graham_size,graham_earnings_stability,graham_pe,graham_pe_times_pb,munger_roe",1196843264.0,51.550003,2.352807,1.555,0.0796,0.043569997,0.674035230984601,0.04694237050863276,100564752.0,,3.0
DD,False,59.01112857142857,"graham_earnings_stability,graham_pe,graham_pe_times_pb,munger_roe",17641635840.0,56.077255,1.2814453,2.427,0.22902,0.01792,0.9136939010356732,0.14239,1835250048.0,0.018600000000000002,0.0
QTWO,False,58.97048556818187,"graham_current_ratio,graham_earnings_stability,graham_pe,graham_pe_times_pb,munger_roe",3520546048.0,39.760563,5.4719906,0.945,0.06361,0.14984,0.5406116438037315,0.050196965560279264,190320000.0,,1.0
CVX,False,58.964230123759734,"graham_current_ratio,graham_pe_times_pb,munger_roe",405944008704.0,19.9369,2.1378615,1.252,0.18959,0.12231,0.44267,0.21866,21934000128.0,0.0344,4.0
BSY,False,58.95646614203444,"graham_current_ratio,graham_debt_to_equity,graham_pe,graham_pe_times_pb",9734942720.0,35.805553,8.309695,0.595,1.05442,0.24517,0.815199173779897,0.2414609606340214,397979616.0,0.0085,4.0
CACC,False,58.949,"data_missing:free_cash_flow,graham_debt_to_equity,graham_pe_times_pb",5491641856.0,12.022213,3.42848,4.833,3.95632,0.31932,0.94652003,0.52556,,,4.0
TMDX,False,58.946893364421605,"graham_debt_to_equity,graham_earnings_stability,graham_pe,graham_pe_times_pb",2730139392.0,20.465027,5.2804146,6.625,1.67496,0.36285,0.5991900828084176,0.1793296052479463,44496752.0,,2.0
ELS,False,58.90627801007414,"graham_current_ratio,graham_debt_to_equity,graham_pe,graham_pe_times_pb",11686386688.0,28.173914,6.434245,0.139,1.82359,0.22877,0.53656,0.2555528274460585,603528512.0,0.0377,4.0
ULTA,False,58.804495418368674,"graham_current_ratio,graham_pe_times_pb",23338739712.0,19.863174,8.837797,1.345,0.9547199999999999,0.46117002,0.39097025535753765,0.12370001339485283,914087360.0,,4.0
EXTR,False,58.765491560012336,"graham_current_ratio,graham_debt_to_equity,graham_earnings_stability,graham_pe,graham_pe_times_pb",3051821312.0,74.48387,34.20741,0.928,2.19625,0.54638,0.6147906696281453,0.04884336390117428,81449504.0,,1.0
ILMN,False,58.7301487740103,"graham_earnings_stability,graham_pe,graham_pe_times_pb",40957239296.0,50.510242,14.431498,1.796,0.89042,0.32339,0.6608335252129864,0.18581625604420907,797625024.0,,1.0
MRSH,False,58.66985957766394,"graham_current_ratio,graham_debt_to_equity,graham_pe,graham_pe_times_pb",81419403264.0,20.80671,5.370487,1.139,1.45027,0.25902998,0.43994,0.23064378636818503,4785249792.0,0.023,4.0
EGP,False,58.651178746152944,"graham_current_ratio,graham_pe,graham_pe_times_pb,munger_roe",10519673856.0,34.38137,2.9146304,0.412,0.46090000000000003,0.08732,0.73607004,0.3613811286585528,379368000.0,0.0359,4.0
SBH,False,58.648888948667334,"graham_size,graham_debt_to_equity",1546640256.0,8.604167,1.783632,2.367,1.7389,0.23527999,0.5162197035519303,0.088563212428514,177001248.0,,4.0
AA,False,58.646073821428566,"graham_earnings_stability,munger_gross_margin",11148854272.0,8.782744,1.5127479,1.535,0.29918,0.18226999,0.19790001,0.18356001,960750016.0,0.0095,2.0
BXP,False,58.64385865932626,"graham_current_ratio,graham_debt_to_equity,graham_pe,graham_pe_times_pb,munger_roe",10982877184.0,32.64516,1.8789454,0.506,2.11631,0.05308,0.591178650533171,0.34899441830292427,880636864.0,0.04650000000000001,4.0
EPRT,False,58.60757559586609,"graham_pe,munger_roe",5613436928.0,20.069767,1.2701137,3.841,0.65659,0.064780004,0.98414004,0.6413200550943571,305324384.0,0.05,4.0
CBOE,False,58.5529085340139,"graham_pe,graham_pe_times_pb",28234489856.0,21.072876,5.024718,1.565,0.2809,0.26297,0.44663765645327713,0.16683863442645014,678249984.0,0.0124,4.0
PODD,False,58.49809631604719,"graham_pe,graham_pe_times_pb",9124585472.0,24.591589,6.415614,2.485,0.66685,0.26016,0.7163324840293933,0.17495661164654186,236900000.0,,4.0
WAY,False,58.4952835602865,"graham_earnings_stability,graham_pe,graham_pe_times_pb,munger_roe",4745773056.0,35.357143,1.2049072,1.847,0.37171,0.03765,0.69107,0.22678976564617867,313745376.0,,1.0
RCL,False,58.49417813001978,"graham_current_ratio,graham_debt_to_equity,graham_earnings_stability,graham_pe_times_pb,munger_fcf",74260742144.0,17.150093,7.254723,0.209,2.24816,0.44669998,0.50284,0.27376637858935043,-1516249984.0,0.0222,3.0
KEYS,False,58.48149127079194,"graham_pe,graham_pe_times_pb",65392709632.0,51.906754,9.954905,2.024,0.42094000000000004,0.20897,0.63278997,0.16297674418604652,1867124992.0,,4.0
ALLE,False,58.47130517806496,"graham_debt_to_equity,graham_pe,graham_pe_times_pb",13187930112.0,20.352364,6.226563,1.93,1.04895,0.3373,0.44801,0.21131954859489097,484449984.0,0.0143,4.0
TMUS,False,58.45072745025654,"graham_current_ratio,graham_debt_to_equity,graham_pe_times_pb",176197025792.0,17.182007,3.1378467,0.924,2.1403499999999998,0.17994,0.63054,0.20698909510921876,11335999488.0,0.028900000000000002,4.0
WDAY,False,58.4290098690746,"graham_current_ratio,graham_earnings_stability,graham_pe,graham_pe_times_pb",44936859648.0,37.975563,6.956165,0.908,0.5839,0.16006,0.75795,0.07548157453936348,3046374912.0,,3.0
CHE,False,58.403177733429025,"graham_current_ratio,graham_pe,graham_pe_times_pb",6617713152.0,25.443718,7.9348383,0.911,0.35495,0.27106002,0.33113998,0.13369523371349473,307859488.0,0.005600000000000001,4.0
VLO,False,58.30061010366008,"graham_pe_times_pb,munger_gross_margin",117128888320.0,16.971214,4.6850166,1.636,0.40148000000000006,0.27637,0.16118999,0.12269,8416374784.0,0.0118,4.0
SHC,False,58.28764890815902,"graham_debt_to_equity,graham_earnings_stability,graham_pe,graham_pe_times_pb",5223785472.0,32.114037,7.8461213,2.796,3.4073399999999996,0.27781,0.5547650128865426,0.27046066077145436,153967120.0,,3.0
STC,False,58.27728608928571,"graham_size,munger_roe",1588119680.0,11.412472,0.9547126,1.847,0.46090000000000003,0.096140005,0.61847997,0.06954,135150000.0,0.0434,4.0
SUI,False,58.2583,"graham_current_ratio,graham_earnings_stability,graham_pe,graham_pe_times_pb,munger_roe",14219400192.0,142.57692,2.4683712,0.597,0.72848,0.01722,0.53682,0.560718320323234,1873449984.0,0.0407,2.0
CRVL,False,58.2540760611526,"graham_pe,graham_pe_times_pb,munger_gross_margin",3802887424.0,33.45778,9.315679,1.941,0.06944,0.30697,0.2429383835823091,0.16674,91710128.0,,4.0
DLTR,False,58.23666202321949,"graham_current_ratio,graham_debt_to_equity,graham_earnings_stability,graham_pe_times_pb",21025851392.0,13.732843,6.1399374,1.134,2.2394499999999997,0.46032003,0.36321721839293625,0.08515954213416582,1049587520.0,,1.0
GTY,False,58.215820043973125,"graham_size,munger_roe",1746502144.0,17.09091,1.5558621,1.719,0.96193,0.094639994,0.96416,0.5718067713900427,108609872.0,0.0697,4.0
CUBE,False,58.18274417175966,"graham_current_ratio,graham_debt_to_equity,graham_pe,graham_pe_times_pb,munger_roe",8580082688.0,25.744898,3.3089972,0.1,1.3430000000000002,0.12028,0.70712,0.3501519832970446,486035744.0,0.0565,4.0
PR,False,58.17543196410063,"graham_current_ratio,munger_roe",18530949120.0,14.274194,1.5434252,0.624,0.26245999999999997,0.114029996,0.75848997,0.28877948026252015,458368128.0,0.0287,4.0
LQDA,False,58.11959352438871,"graham_earnings_stability,graham_pe,graham_pe_times_pb",2586806784.0,20.642857,13.196346,2.312,0.93738,1.3181599,0.92542,-0.3245073269327943,74296128.0,,0.0
LQDT,False,58.09619211801162,"graham_size,graham_pe,graham_pe_times_pb,munger_roe",1365118592.0,42.715687,5.7869573,1.58,0.05869,0.14965001,0.43807128216854885,0.07356467485823497,81894248.0,,4.0
BBY,False,58.01292920869135,"graham_current_ratio,graham_debt_to_equity,graham_pe_times_pb,munger_gross_margin",18377390080.0,14.579866,5.7922397,1.117,1.3009700000000002,0.43126,0.22482070470845025,0.033316543138806935,1403374976.0,0.0438,4.0
NEU,False,58.00051157687322,graham_pe_times_pb,8513296896.0,19.937971,4.630962,2.252,0.51129,0.25123,0.31462268945522276,0.1995197362071857,435517888.0,0.013000000000000001,4.0
AVY,False,57.9616531545382,"graham_current_ratio,graham_debt_to_equity,graham_pe_times_pb,munger_gross_margin",13091329024.0,18.704918,5.5927715,1.132,1.58653,0.3116,0.28753881768392525,0.13586001,1004600000.0,0.0233,4.0
IRDM,False,57.91724334099977,"graham_debt_to_equity,graham_pe,graham_pe_times_pb",5187267072.0,56.25862,10.9742155,2.782,3.7865699999999998,0.19715,0.71851,0.27072513448493046,239205376.0,0.0125,4.0
ECPG,False,57.90650000000001,"graham_debt_to_equity,graham_earnings_stability,munger_fcf",2060702080.0,7.3885937,1.9103047,11.376,3.88056,0.30542,1.0,0.3542776410248292,-157004624.0,,1.0
JAZZ,False,57.811299999999996,"graham_earnings_stability,graham_pe_times_pb",15304259584.0,16.136892,3.1816463,1.779,0.91828,0.22114,0.91353995,-0.10081577735047402,1429392896.0,,0.0
QNST,False,57.810280530796,"graham_size,graham_current_ratio,graham_earnings_stability,munger_gross_margin",852914624.0,10.646428,2.6062248,1.218,0.24036000000000002,0.28647,0.11270591909172985,0.027383219758338795,125921376.0,,2.0
CHRD,False,57.80821449068668,"graham_current_ratio,munger_roe",7504547840.0,9.27027,0.9061608,1.221,0.17981999999999998,0.10312,0.4811,0.04047978256046696,961228032.0,0.038,4.0
CON,False,57.69278337079526,"graham_current_ratio,graham_debt_to_equity,graham_pe,graham_pe_times_pb,munger_gross_margin",4528792064.0,22.912903,9.493451,1.377,4.23325,0.4706,0.29314,0.15438170264909631,204793632.0,0.0070999999999999995,4.0
RDN,False,57.67616855025936,munger_roe,4323607040.0,8.069136,0.9077022,1.588,0.27967,0.12026,0.69302005,-0.2761079388616707,308735264.0,0.0327,4.0
JLL,False,57.66641276339976,"graham_current_ratio,munger_roe",14139546624.0,14.732981,1.8949348,1.126,0.42351999999999995,0.13520001,0.51232,0.042043835868216695,1500125056.0,,4.0
STAG,False,57.64086945174163,"graham_pe,graham_pe_times_pb,munger_roe",7126222848.0,27.853846,1.9226888,1.816,0.9378,0.069759995,0.79549,0.37036,469642880.0,0.0434,4.0
NDSN,False,57.632817119242176,"graham_pe,graham_pe_times_pb",18569676800.0,33.76697,5.6785536,1.823,0.55619,0.17763,0.55391,0.2549444117481652,613806656.0,0.011399999999999999,4.0
NWSA,False,57.61415163489658,"graham_pe,graham_pe_times_pb,munger_roe",15428125696.0,27.771845,1.823252,1.623,0.31561,0.07979,0.57167,0.12537,1045124992.0,0.006999999999999999,4.0
ADC,False,57.55244275767254,"graham_current_ratio,graham_pe,graham_pe_times_pb,munger_roe",8218382848.0,35.424732,1.2896849,0.271,0.58984,0.037049998,0.87656,0.47382509416785684,447780000.0,0.0493,4.0
COKE,False,57.55136271972562,"data_missing:debt_to_equity,graham_current_ratio,graham_pe,graham_pe_times_pb",12790329344.0,25.55186,-25.575668,1.211,,0.97331,0.39739072267712405,0.13152307225111043,443481760.0,0.0053,4.0
ROST,False,57.531947989663266,"graham_pe,graham_pe_times_pb",73113231360.0,27.708231,10.850004,1.612,0.70281,0.42628,0.33385,0.11900177925298451,2002041600.0,0.0076,4.0
DOCN,False,57.41708424531326,"graham_current_ratio,graham_debt_to_equity,graham_earnings_stability,graham_pe,graham_pe_times_pb,munger_fcf",16422080512.0,64.14155,15.847247,1.311,2.12506,0.62273,0.5985975569846477,0.1741560880692502,-23832624.0,,3.0
WT,False,57.38427954463753,"graham_debt_to_equity,graham_pe,graham_pe_times_pb",3707501312.0,44.490906,8.643588,2.995,2.5767200000000003,0.18731001,0.53330004,0.3527978564180876,156595376.0,0.005,4.0
EXLS,False,57.21051413658105,"graham_current_ratio,graham_pe,graham_pe_times_pb",5461225472.0,22.623417,6.261166,1.244,0.56585,0.25944,0.3837160789565829,0.15028651435397875,262332752.0,,4.0
HMN,False,57.18358095238095,"graham_size,munger_roe",1840975616.0,10.620327,1.2247401,2.872,0.39537,0.12385,0.39488,0.13213,222650000.0,0.032,4.0
MKC,False,57.17001247258787,graham_current_ratio,12028419072.0,7.4442596,1.7194467,0.657,0.66141,0.22623,0.3789599871350672,0.15654284168823004,759374976.0,0.0435,4.0
ERIE,False,57.165349414875045,"graham_current_ratio,graham_pe,graham_pe_times_pb,munger_gross_margin",11547171840.0,20.039019,4.6804857,1.246,0.0256,0.24808,0.17904,0.17633108103788842,481207744.0,0.0263,4.0
FNF,False,57.100176640476185,"graham_current_ratio,munger_roe",10593616896.0,13.763066,1.4203525,0.94,0.54297,0.102110006,0.54046,0.10666,3589125120.0,0.053200000000000004,4.0
T,False,57.0890603381903,"graham_current_ratio,graham_debt_to_equity,graham_earnings_stability",166958383104.0,8.041254,1.5175012,0.971,1.29054,0.18339,0.59721,0.1922991213548962,10142000128.0,0.045700000000000005,3.0
AIG,False,57.06105238095238,"graham_current_ratio,graham_earnings_stability,munger_roe",39426146304.0,13.759125,0.97433645,0.612,0.22466,0.0722,0.35087,0.19414,7365000192.0,0.0265,1.0
ARLO,False,57.04121038907209,"graham_size,graham_current_ratio,graham_earnings_stability,graham_pe,graham_pe_times_pb",1376374144.0,45.67857,8.67707,1.402,0.048760000000000005,0.22068001,0.4461,-0.035550002,62496248.0,,1.0
PLD,False,57.00852214143073,"graham_current_ratio,graham_pe,graham_pe_times_pb,munger_roe",125506723840.0,28.755013,2.2448058,0.649,0.63823,0.07749,0.75549006,0.4957680361159742,5406941184.0,0.0334,4.0
PGNY,False,57.00104547828735,"graham_size,graham_pe,graham_pe_times_pb,munger_gross_margin",1936584448.0,27.434782,4.275068,2.137,0.059500000000000004,0.16242,0.23627936284251638,0.0661748900603029,196469376.0,,4.0
BHF,False,56.964582666666665,"graham_current_ratio,graham_debt_to_equity,graham_earnings_stability,munger_roe",2866376448.0,3.9524188,0.43758833,0.774,1.78382,0.13535,0.35439998,0.77778,19879124992.0,,2.0
LIF,False,56.948113368727185,"graham_earnings_stability,graham_pe,graham_pe_times_pb",3472693248.0,24.779068,5.6364017,5.601,0.50803,0.30056,0.778052672115976,0.03846114558072734,74707752.0,,1.0
FANG,False,56.928934141557484,"graham_current_ratio,graham_pe,graham_pe_times_pb,munger_roe",51910746112.0,35.21565,1.366049,0.467,0.28678000000000003,0.034930002,0.72353995,0.08425395980300812,5035500032.0,0.023700000000000002,4.0
CMG,False,56.92211727496292,"graham_current_ratio,graham_debt_to_equity,graham_pe,graham_pe_times_pb",40778092544.0,29.837961,18.573486,0.715,2.4635,0.49560001,0.39361998,0.16232288838105519,1116464384.0,,4.0
HLX,False,56.91034523809524,"data_missing:free_cash_flow,graham_size,graham_earnings_stability,graham_pe",1562253952.0,44.166668,0.30309096,1.745,0.8317,0.37597,0.5078,0.2161,,,2.0
PINS,False,56.89053281512727,"graham_earnings_stability,graham_pe,graham_pe_times_pb,munger_roe",10732054528.0,56.350002,3.7441862,3.81,0.41350000000000003,0.06461,0.79473,0.07576993235296973,1196440960.0,,2.0
NTST,False,56.86958434327888,"graham_size,graham_earnings_stability,graham_pe,graham_pe_times_pb,munger_roe",1713180160.0,125.28572,1.1324897,5.531,0.88837,0.00962,0.90376997,0.39020002,133447376.0,0.0518,1.0
VICR,False,56.8170996620496,"graham_pe,graham_pe_times_pb",14269572096.0,99.51447,17.100784,13.249,0.00912,0.20131999,0.5730692002005738,0.1807550679145838,339500.0,,4.0
TILE,False,56.795166064811376,graham_pe_times_pb,2021282176.0,14.157895,2.9797206,2.527,0.42808999999999997,0.23225,0.3874813066119433,0.1182496499271012,103601872.0,0.0034999999999999996,4.0
EVTC,False,56.748025773043366,"graham_size,graham_debt_to_equity,graham_pe_times_pb,munger_roe",1688705536.0,17.795456,2.5528646,1.702,1.84286,0.14845,0.51118,0.20008199025990053,151623120.0,0.0073,4.0
CCL,False,56.71974006760375,"graham_current_ratio,graham_debt_to_equity,graham_earnings_stability",34643881984.0,11.35022,2.4552124,0.274,1.7711000000000001,0.23998,0.5538,0.1683945608894899,1807624960.0,0.0179,2.0
WTS,False,56.716195516954016,"graham_pe,graham_pe_times_pb",12162947072.0,32.157547,5.5553946,2.66,0.09673999999999999,0.18805,0.4945663317613287,0.1837605085093295,228787504.0,0.0064,4.0
FRT,False,56.638098523381416,"graham_current_ratio,graham_debt_to_equity,graham_pe,graham_pe_times_pb,munger_roe",9328082944.0,21.680809,2.909584,0.564,1.34114,0.12550999,0.68136,0.4708450126077523,456137632.0,0.043,4.0
EPAM,False,56.634708493345066,"munger_roe,munger_gross_margin",5581710848.0,14.661246,1.5862311,2.755,0.04325999999999999,0.111770004,0.29451,0.0952900245113849,650156096.0,,4.0
ADI,False,56.61713886619207,"graham_current_ratio,graham_pe,graham_pe_times_pb,munger_roe",201753673728.0,49.44893,6.013374,1.25,0.27314,0.12227,0.614669518890112,0.26611379050277834,4147339008.0,0.0109,4.0
BSX,False,56.575471899587,"graham_current_ratio,graham_pe_times_pb",62027026432.0,17.327934,2.483751,1.24,0.50151,0.15338999,0.6901464581050114,0.17998405898176745,2451375104.0,,4.0
OVV,False,56.55734770143508,"graham_current_ratio,munger_roe",16705257472.0,16.870111,1.4527457,1.008,0.43734,0.08411,0.53859,0.12696452626852267,1230499968.0,0.02,4.0
AMH,False,56.50301255811298,"graham_pe,graham_pe_times_pb,munger_roe",12439993344.0,24.083332,1.603943,1.672,0.68848,0.07084,0.56646997,0.25921,822327360.0,0.0432,4.0
WMG,False,56.43319313371736,"graham_current_ratio,graham_debt_to_equity,graham_pe,graham_pe_times_pb",14173658112.0,21.675999,16.592161,0.734,4.52947,0.70074,0.45769,0.10347398240644103,382249984.0,0.0296,4.0
UE,False,56.42955078782528,"graham_current_ratio,graham_debt_to_equity,graham_pe,graham_pe_times_pb,munger_roe",2724828672.0,37.339626,1.9453455,0.689,1.26633,0.05092,0.64747,0.2942461850492563,226218256.0,0.0429,4.0
NDAQ,False,56.20589891031058,"graham_current_ratio,graham_pe,graham_pe_times_pb",50486833152.0,26.332361,4.2342134,1.006,0.77687,0.16521999,0.6353183248608085,0.2821350762527233,1691500032.0,0.0127,4.0
APH,False,56.196244793959295,"graham_debt_to_equity,graham_pe,graham_pe_times_pb",215694180352.0,43.7342,13.919224,1.888,1.20415,0.38115,0.3688162219037268,0.2541102504037723,3818374912.0,0.0058,4.0
KIM,False,56.18027281656932,"graham_current_ratio,graham_pe,graham_pe_times_pb,munger_roe",14948541440.0,25.91279,1.4550143,0.971,0.84993,0.05806,0.68933,0.3601781398765301,871483392.0,0.0504,4.0
LECO,False,56.16958021071382,"graham_pe,graham_pe_times_pb",14999985152.0,27.54755,9.6514,1.982,0.77347,0.37736,0.3624500148003675,0.16963347297415096,307077120.0,0.011699999999999999,4.0
CHWY,False,56.138003134045775,"graham_current_ratio,graham_debt_to_equity,graham_pe,graham_pe_times_pb,munger_gross_margin",7317085696.0,28.007692,19.723728,0.838,3.13414,0.71988,0.2978931079633377,0.02018013728524382,449075008.0,,4.0
EW,False,56.07208412684397,"graham_pe,graham_pe_times_pb,munger_roe",49323028480.0,50.9881,4.651643,4.522,0.06568,0.09175,0.7801107521919705,0.2083525611444393,1232412544.0,,4.0
HD,False,56.05327400401471,"graham_current_ratio,graham_debt_to_equity,graham_pe_times_pb",282879131648.0,19.967197,17.029081,1.078,3.80261,1.0429599,0.33315521334928316,0.12684976591390731,10762625024.0,0.033,4.0
FIS,False,56.03741525843269,"graham_current_ratio,graham_debt_to_equity,graham_earnings_stability",16772728832.0,4.984639,1.0440463,0.535,1.3251,0.22348,0.36864287721270017,0.16306078486466236,2653125120.0,0.053200000000000004,2.0
NWS,False,56.02360951307305,"graham_pe,graham_pe_times_pb,munger_roe",17027300352.0,30.650486,2.0122378,1.623,0.31561,0.07979,0.57167,0.12537,1045124992.0,0.0064,4.0
MAT,False,55.99376325428228,graham_debt_to_equity,4289785600.0,9.443397,2.14684,1.902,1.37445,0.20497,0.4872551786092625,0.1021807259038268,425315872.0,,4.0
TRU,False,55.84631383345118,"graham_debt_to_equity,graham_earnings_stability,graham_pe_times_pb",12239408128.0,16.854881,2.5272987,1.9,1.13212,0.15626,0.5873,0.18744400498219085,808625024.0,0.008,2.0
VOYA,False,55.839707397912555,"graham_pe_times_pb,munger_roe",8776974336.0,16.337269,1.8731993,5.669,0.6890999999999999,0.096099995,0.55609,0.12675540359018195,1433500032.0,0.0197,4.0
SYK,False,55.78626968142504,"graham_pe,graham_pe_times_pb",105664790528.0,28.517082,4.404922,2.157,0.6439100000000001,0.16508,0.6396321070234113,0.19465679248287943,4108875008.0,0.0129,4.0
CMCSA,False,55.777622382167195,"graham_current_ratio,graham_debt_to_equity,munger_roe",76419891200.0,6.9022436,0.85081583,0.796,1.00474,0.114879996,0.6939,0.16710452925056787,12697624576.0,0.0608,4.0
MPC,False,55.716809838579366,"graham_current_ratio,graham_debt_to_equity,graham_pe_times_pb,munger_gross_margin",123219156992.0,14.645212,6.261311,1.25,1.33328,0.42099,0.12819,0.06247974739824716,9249375232.0,0.0095,4.0
HL,False,55.67424969729004,"graham_earnings_stability,graham_pe,graham_pe_times_pb,munger_gross_margin",11553020928.0,20.753014,4.321375,5.197,0.008020000000000001,0.22173999,0.2848502299688679,0.16942149400037465,342344736.0,0.0009,2.0
KMB,False,55.64768257850608,"graham_current_ratio,graham_debt_to_equity,graham_pe_times_pb",31298656256.0,18.634388,17.919043,0.909,3.48933,1.04913,0.36012646683285704,0.14294400194564358,941124992.0,0.054299999999999994,4.0
FR,False,55.60881468727855,"graham_current_ratio,graham_pe,graham_pe_times_pb,munger_roe",8169605632.0,21.920956,2.847965,1.498,0.90051,0.1363,0.73745,0.45097,290640736.0,0.034,4.0
SIG,True,55.540834468877364,,3886996992.0,11.7819395,2.122761,1.639,0.66703,0.19855,0.3954737583656217,0.057693436656099564,422037504.0,0.0134,4.0
VSXY,False,55.476217431813524,"graham_current_ratio,graham_debt_to_equity,graham_pe,graham_pe_times_pb",7266503680.0,20.334822,9.11,1.36,2.7583300000000004,0.46905,0.3638028383946284,0.0413551045322753,336500000.0,,4.0
UTHR,False,55.450192655299176,"data_missing:debt_to_equity,graham_pe_times_pb",23354411008.0,19.502508,3.6307688,5.732,,0.19315,0.8792220441763283,0.4689414647940428,557137472.0,,4.0
ALSN,False,55.42115593683926,"graham_debt_to_equity,graham_pe_times_pb",9717783552.0,18.620253,4.915622,1.807,2.11925,0.28349,0.48604651162790696,0.292358803986711,211000000.0,0.01,4.0
AGYS,False,55.380261728536254,"graham_pe,graham_pe_times_pb,munger_roe",2831297024.0,66.039474,8.34414,1.741,0.054509999999999996,0.13802,0.6261055018289322,0.13471150473518065,57453376.0,,4.0
OII,False,55.36492572448811,"graham_pe_times_pb,munger_gross_margin",4406177792.0,12.576705,3.7847314,2.176,0.70343,0.34570998,0.20417031229571905,0.10938754868620867,237835120.0,,4.0
VAL,False,55.3350684538238,munger_gross_margin,5440990208.0,5.8303576,1.7108049,1.547,0.36219999999999997,0.33619,0.24784,0.2013507809202195,79725000.0,,4.0
LII,False,55.329635987729944,"graham_debt_to_equity,graham_pe_times_pb",12382398464.0,15.930636,9.5449705,1.569,1.5608199999999999,0.71757007,0.3339171943872346,0.20046965526533597,277737504.0,0.0151,4.0
ACIW,False,55.324676859386976,"graham_pe,graham_pe_times_pb",5060381184.0,22.993118,3.390031,1.582,0.57698,0.15617,0.49082002,0.18747435761929604,260535632.0,,4.0
SLM,False,55.26875,"data_missing:free_cash_flow,graham_current_ratio,graham_debt_to_equity",4270419968.0,6.327298,1.919956,1.334,2.36158,0.30333,1.0,0.29211,,0.023,4.0
HSTM,False,55.20536321550987,"graham_size,graham_current_ratio,graham_pe,graham_pe_times_pb,munger_roe",937611008.0,42.5625,2.5127091,1.062,0.03766,0.059959996,0.65081,0.06655177857293201,50334876.0,0.0045000000000000005,4.0
KVUE,False,55.09162912444423,"graham_current_ratio,graham_pe,graham_pe_times_pb",33046908928.0,20.241177,3.1304586,1.005,0.8161700000000001,0.15581,0.581327691087014,0.15961385876752182,1907500032.0,0.048799999999999996,4.0
INVX,False,55.049680048009385,"graham_size,graham_pe,graham_pe_times_pb,munger_roe",1914824192.0,30.137362,1.7845522,5.006,0.07043,0.05994,0.32401,0.1355735900091081,174039872.0,,4.0
KRC,False,55.01356428571429,"graham_current_ratio,graham_pe,munger_roe",3967796480.0,23.625875,0.7518806,1.103,0.85616,0.03431,0.65379,0.23993,718001472.0,0.0649,4.0
MPT,False,55.00000000000001,"data_missing:trailing_pe,graham_size,graham_current_ratio,graham_debt_to_equity,graham_earnings_stability,munger_roe",1951171840.0,,0.4334306,1.172,2.15671,-0.00622,0.95944,0.6890208515136681,753948992.0,0.10679999999999999,0.0
MO,False,55.00000000000001,"data_missing:debt_to_equity,data_missing:return_on_equity,graham_current_ratio,graham_pe_times_pb",112382115840.0,14.169474,-42.11827,0.518,,,0.6246831908587138,0.4252330426564715,9033374720.0,0.0663,4.0
SIGI,False,54.95320639285715,"graham_current_ratio,munger_roe,munger_gross_margin",5110700032.0,10.638957,1.4750404,0.318,0.24596,0.14152999,0.22764,0.12693,1355778304.0,0.0203,4.0
ZWS,False,54.927020394272176,"graham_pe,graham_pe_times_pb",7959818240.0,29.807455,4.803804,3.053,0.33181,0.16919,0.4509699864378796,0.16445545138274661,322675008.0,0.009300000000000001,4.0
A,False,54.894855841998734,"graham_pe,graham_pe_times_pb",47244226560.0,33.052265,6.417301,2.05,0.56336,0.20971,0.53648996,0.21286701208981001,1060374976.0,0.0060999999999999995,4.0
BNL,False,54.87084546160575,"graham_pe,graham_pe_times_pb,munger_roe",3954554624.0,24.44079,1.2366844,2.017,0.8932599999999999,0.04922,0.9486,0.4675071462798037,230601872.0,0.0641,4.0
ESS,False,54.84890066573202,"graham_current_ratio,graham_debt_to_equity,graham_pe,graham_pe_times_pb,munger_roe",18553550848.0,41.99376,3.2499456,0.249,1.2240900000000001,0.0771,0.6988536806996071,0.47649793757898,1043926720.0,0.0384,4.0
TEL,False,54.76971201274142,"graham_pe,graham_pe_times_pb",64146477056.0,20.990513,4.842727,1.876,0.43441,0.23290001,0.3521608156644653,0.18601552543158384,2336875008.0,0.0143,4.0
HWM,False,54.697973343692595,"graham_pe,graham_pe_times_pb",92453052416.0,49.53575,16.17776,1.818,0.81368,0.34732,0.36032,0.24793989335918565,1189874944.0,0.0025,4.0
DGII,False,54.679349968521926,"graham_current_ratio,graham_pe,graham_pe_times_pb,munger_roe",2890888192.0,60.46032,4.218395,1.129,0.17279,0.07459,0.629158037380788,0.13083973120791406,128003128.0,,4.0
COO,False,54.659750076288546,"graham_current_ratio,munger_roe",10918716416.0,19.731958,1.3106595,1.222,0.33634000000000003,0.06838,0.6553855928061773,0.16687029615873325,542649984.0,,4.0
MWA,False,54.637440941909375,graham_pe_times_pb,3411346176.0,15.607143,3.0444477,4.636,0.40423000000000003,0.21684,0.36140449045254247,0.1822760019584528,130712496.0,0.013000000000000001,4.0
INVH,False,54.60077501026016,"graham_current_ratio,graham_pe,graham_pe_times_pb,munger_roe",15414084608.0,23.94312,1.7023025,0.43,0.9442499999999999,0.070539996,0.56262,0.25115,1168785536.0,0.0455,4.0
MDT,False,54.572089384564734,"graham_pe,graham_pe_times_pb,munger_roe",110287273984.0,21.184275,2.1971357,2.067,0.55365,0.106479995,0.6976930524488365,0.17784072159278408,5412499968.0,0.0333,4.0
HSY,False,54.56857691188102,"graham_current_ratio,graham_debt_to_equity,graham_pe,graham_pe_times_pb",32300808192.0,21.931787,7.0791316,1.18,1.29821,0.32808998,0.33548561069861765,0.12328574986384523,1743636352.0,0.0365,4.0
HUBS,False,54.472703318253004,"graham_current_ratio,graham_earnings_stability,graham_pe,graham_pe_times_pb,munger_roe",10685079552.0,76.25445,6.422534,1.378,0.14300000000000002,0.07892,0.8376097718941795,0.0023565548247897177,666651008.0,,2.0
ZD,False,54.40968081783851,"data_missing:trailing_pe,graham_size,munger_roe",1888368000.0,,0.8606141,2.164,0.3998,-0.01456,0.8672618904767484,0.1261558857495652,529455264.0,,4.0
PBH,False,54.38821442890603,"graham_debt_to_equity,graham_earnings_stability,munger_roe",2157909248.0,12.759104,1.1257755,3.23,1.07864,0.0912,0.5470517725187264,0.2841991172999114,147887504.0,,3.0
ROK,False,54.24501477140863,"graham_current_ratio,graham_debt_to_equity,graham_pe,graham_pe_times_pb",50328924160.0,42.51548,14.40424,1.075,1.0334699999999999,0.30629,0.48141932390314074,0.20414768640613762,1303874944.0,0.0125,4.0
EG,False,54.23309523809523,"graham_current_ratio,munger_roe,munger_gross_margin",14122012672.0,7.7850347,0.92375875,0.388,0.23260000000000003,0.12572,0.15281,0.19132,2064625024.0,0.0217,4.0
MUR,False,54.20223934215693,"graham_current_ratio,munger_roe",5422673920.0,18.722773,1.030939,0.854,0.41896,0.06461,0.82672995,0.11079684113309325,344718368.0,0.0374,4.0
VRTS,False,54.19705497086146,"graham_size,munger_roe",896215488.0,7.715222,0.9480856,2.659,0.44522,0.106709994,0.41079,0.19778042245841956,56292376.0,0.0738,4.0
GE,False,54.183874138195485,"graham_current_ratio,graham_debt_to_equity,graham_pe,graham_pe_times_pb",321908965376.0,36.62987,18.249222,0.982,1.13225,0.48231998,0.31051,0.20328098909297615,6594625024.0,0.006,4.0
CGNX,False,54.161845362479276,"graham_pe,graham_pe_times_pb,munger_roe",10966512640.0,62.682697,6.7296376,3.934,0.044480000000000006,0.111490004,0.6691677754211507,0.16348823714573912,195671376.0,0.0055000000000000005,4.0
AMPH,False,54.127041137203626,"graham_size,munger_roe",1080038400.0,15.023667,1.4057914,2.397,0.89607,0.10297,0.494601236027321,0.19503477629127905,230095872.0,,4.0
WPC,False,54.028781959262105,"graham_current_ratio,graham_debt_to_equity,graham_pe,graham_pe_times_pb,munger_roe",14726082560.0,22.136986,1.6979694,1.164,1.01882,0.077800006,0.94371,0.22366027517548806,1096111872.0,0.059500000000000004,4.0
TTC,False,54.02372940990584,"graham_pe,graham_pe_times_pb",9341381632.0,26.385027,6.880011,1.576,0.80671,0.26447,0.333628946434906,0.09087885775097553,608062528.0,0.016,4.0
REXR,False,53.8991205228217,"data_missing:trailing_pe,graham_current_ratio,munger_roe",8446934528.0,,1.1122652,0.344,0.41445,-0.047280002,0.76798,0.4159,341792384.0,0.0483,4.0
EMR,False,53.84014794459199,"graham_current_ratio,graham_pe,graham_pe_times_pb,munger_roe",90478272512.0,35.347813,4.4215,0.896,0.6767700000000001,0.128,0.528363676731794,0.26924,3706249984.0,0.013999999999999999,4.0
AR,False,53.816829773515174,"graham_current_ratio,munger_roe",10515951616.0,9.80086,1.2688257,0.401,0.55493,0.14216,0.67154,0.16748969781586684,391220736.0,,4.0
TJX,False,53.76674877471574,"graham_current_ratio,graham_debt_to_equity,graham_pe,graham_pe_times_pb",146914082816.0,24.627686,13.7499485,1.147,1.3441900000000002,0.62171,0.31467,0.13518329941526713,4398125056.0,0.0144,4.0
RHP,False,53.715969668849105,"graham_current_ratio,graham_debt_to_equity,graham_pe,graham_pe_times_pb",8371933184.0,29.6,10.116705,1.313,3.3457,0.22583,0.35156,0.18897961670290303,567982976.0,0.0397,4.0
UFCS,False,53.6814119047619,"graham_size,graham_current_ratio,graham_earnings_stability,munger_gross_margin",1403135744.0,10.146567,1.4383777,0.356,0.14974,0.15465,0.12865,0.11761,255639504.0,0.0148,2.0
HAYW,False,53.66043471381118,munger_roe,2658918912.0,17.65493,1.6749064,3.327,0.6325500000000001,0.104119994,0.4800495475224011,0.20785898561250452,164106256.0,,4.0
TECH,False,53.65804160330547,"graham_pe,graham_pe_times_pb,munger_roe",11355209728.0,62.42242,5.3613214,4.547,0.13712,0.09032,0.6576504951692909,0.20731021802592345,229653120.0,0.0044,4.0
ATMU,False,53.64320155220887,"graham_debt_to_equity,graham_pe_times_pb,munger_gross_margin",3727691776.0,17.503832,8.19609,2.65,2.32278,0.5579,0.28243496004080937,0.1694723119650853,103862496.0,0.0054,4.0
BRK-B,False,53.640096498858156,"graham_earnings_stability,munger_roe",1076573634560.0,12.638979,0.0009630028,2.891,0.17142,0.121199995,0.30332002,0.12359121769264386,71975247872.0,,3.0
DLX,False,53.583244512508735,"graham_size,graham_current_ratio,graham_debt_to_equity,munger_roe",1038186304.0,10.385321,1.4655619,1.196,2.09945,0.14957,0.5308935809218588,0.1089443090193137,171792992.0,0.052300000000000006,4.0
APLE,False,53.56511752849447,"graham_current_ratio,graham_pe,munger_roe",3882380032.0,22.222973,1.2360944,0.291,0.51367,0.05529,0.42902002,0.18253083788709318,360905376.0,0.058600000000000006,4.0
CDP,False,53.525976479832224,"graham_debt_to_equity,graham_earnings_stability,graham_pe,graham_pe_times_pb,munger_roe",3901061888.0,23.385416,2.4874427,2.594,1.6415,0.10825,0.58258,0.22165888841747985,257286368.0,0.0385,2.0
CLX,False,53.43195704194438,"graham_current_ratio,graham_debt_to_equity,graham_pe_times_pb",9737364480.0,16.740124,108.2258,0.658,22.214290000000002,1.6376,0.45228040540540543,0.12885,110375000.0,0.062,4.0
MD,False,53.40459251994293,"graham_current_ratio,graham_earnings_stability,munger_gross_margin",2095928192.0,12.342106,2.3215733,1.316,0.70371,0.20389,0.26236,0.13407,160776992.0,,1.0
LNC,False,53.37032301428572,"graham_earnings_stability,munger_gross_margin",7729686016.0,3.4014323,0.7458068,2.184,0.63803,0.22587,0.27076998,0.046079997,2069374976.0,0.0453,2.0
SIRI,False,53.36201070844322,"graham_current_ratio,graham_earnings_stability,munger_roe",8655877120.0,10.313253,0.726717,0.458,0.81105,0.07574,0.5244215938303342,0.17188595466230427,1186000000.0,0.0421,1.0
CHDN,False,53.34058325105998,"graham_current_ratio,graham_debt_to_equity,graham_pe_times_pb",5297915392.0,12.993163,3.9677405,0.356,3.49173,0.33848,0.34179002,0.23370586827984552,138712496.0,0.0059,4.0
WTW,False,53.3307648068146,"graham_current_ratio,graham_earnings_stability,graham_pe_times_pb",26844631040.0,17.886757,3.4967275,1.098,0.9139,0.19761999,0.42516,0.23011948908117016,1415624960.0,0.0132,1.0
CSX,False,53.25058212359932,"graham_current_ratio,graham_debt_to_equity,graham_pe,graham_pe_times_pb",88094441472.0,27.648256,6.2555904,0.82,1.3806800000000001,0.24357,0.47070998,0.3208203235878513,1953250048.0,0.012,4.0
VCYT,False,53.16570186378357,"graham_earnings_stability,graham_pe,graham_pe_times_pb,munger_roe",3673052160.0,32.635715,2.6447096,9.162,0.02889,0.087740004,0.7010258244786278,0.11172301772230225,106230872.0,,2.0
DRI,False,53.118280323850755,"graham_current_ratio,graham_debt_to_equity,graham_pe_times_pb,munger_gross_margin",22750361600.0,19.453398,10.354504,0.298,4.14393,0.55431,0.20302174719360527,0.11981015676448993,1020687488.0,0.032799999999999996,4.0
AMZN,False,53.077649355534106,"graham_current_ratio,graham_earnings_stability,graham_pe,graham_pe_times_pb",2704937582592.0,20.158762,4.902162,1.033,0.45616999999999996,0.30558002,0.5077,0.11155296795755199,3219124992.0,,3.0
HCSG,False,53.016909487265515,"graham_size,graham_pe_times_pb,munger_gross_margin",1430295040.0,12.116279,2.730608,3.022,0.03417,0.24691999,0.17114,0.04717,70280248.0,,4.0
IBKR,False,53.01424850000001,"data_missing:free_cash_flow,graham_current_ratio,graham_debt_to_equity,graham_pe,graham_pe_times_pb",150736568320.0,35.107143,6.751889,1.093,2.05748,0.24018998,0.93036,0.76532996,,0.0040999999999999995,4.0
EXR,False,52.893304161102726,"graham_current_ratio,graham_debt_to_equity,graham_pe,graham_pe_times_pb,munger_roe",29566414848.0,29.638273,2.1348324,0.886,1.01674,0.06953,0.74919,0.4182600838124293,1499437568.0,0.0487,4.0
CRI,False,52.80370836166151,"graham_size,graham_debt_to_equity",1160991232.0,5.9001865,1.1301504,2.47,1.15325,0.20742,0.4535689370713622,0.049659021827709246,246791008.0,0.0315,4.0
CTRE,False,52.786849999999994,"graham_earnings_stability,graham_pe,graham_pe_times_pb,munger_roe,munger_fcf",8576261120.0,22.684374,1.9075522,3.304,0.26701,0.09056,0.96365,0.64858,-80309504.0,0.0434,3.0
AIZ,False,52.778039392857146,"graham_current_ratio,munger_gross_margin",13252310016.0,12.855502,2.1758285,0.382,0.36211,0.18341999,0.13272999,0.11734,2149574912.0,0.0132,4.0
INGR,False,52.72089540099184,"munger_roe,munger_gross_margin",6051304448.0,10.429892,1.3383592,2.798,0.39411999999999997,0.13693,0.2532206676825045,0.14073971464191717,457249984.0,0.035,4.0
HOOD,False,52.71424925,"data_missing:free_cash_flow,graham_current_ratio,graham_debt_to_equity,graham_earnings_stability,graham_pe,graham_pe_times_pb",101479424000.0,49.94248,10.703651,1.116,2.40279,0.23618999,0.9189,0.43884,,,2.0
MAA,False,52.67395132406902,"graham_current_ratio,graham_debt_to_equity,graham_pe,graham_pe_times_pb,munger_roe",13796546560.0,33.80702,2.4684558,0.048,1.0237699999999998,0.0705,0.58392,0.2620377540655517,921182272.0,0.0526,4.0
WHD,False,52.657962065023575,"graham_pe,graham_pe_times_pb,munger_roe",4435029504.0,53.445374,3.5726323,2.587,0.033010000000000005,0.13114001,0.33233002,0.23214936087358243,129337624.0,0.0096,4.0
AME,False,52.641058087405554,"graham_current_ratio,graham_pe,graham_pe_times_pb,munger_roe",57982631936.0,36.930656,5.1503525,1.214,0.20521999999999999,0.14562,0.36905998,0.2581120198629504,1492221312.0,0.0055000000000000005,4.0
BIIB,False,52.59086615399,"graham_pe,graham_pe_times_pb,munger_roe",32577540096.0,39.23221,1.7278035,1.865,0.44329,0.04575,0.8657304791514809,0.25867579700774923,1266987520.0,,4.0
VMRK,False,52.579645231120494,"data_missing:price_to_book,graham_current_ratio,graham_pe,munger_roe",46337761280.0,23.21124,,0.348,0.75129,0.08487,0.7043402764301141,0.5020815786307303,1387120000.0,0.0467,4.0
CAKE,False,52.56282313875582,"graham_current_ratio,graham_debt_to_equity,graham_pe,graham_pe_times_pb",5392061952.0,29.365854,10.393248,0.587,4.00999,0.38834,0.40701,0.0499186258564542,166743120.0,0.0111,4.0
FTV,False,52.561357735262185,"graham_current_ratio,graham_pe,graham_pe_times_pb,munger_roe",17334398976.0,30.084656,2.8390255,1.241,0.59283,0.07318,0.6350171912192542,0.1731624630328677,939112512.0,0.005,4.0
WRLD,False,52.54271773047081,"graham_size,graham_debt_to_equity,graham_pe,graham_pe_times_pb,munger_roe",818042304.0,22.190897,2.1899366,10.382,1.78936,0.099,0.69242996,0.15316,60710904.0,,4.0
SHOO,False,52.47527586583366,"graham_pe,graham_pe_times_pb",3382611200.0,23.1125,3.599517,1.906,0.38795999999999997,0.15913,0.41413727665226713,0.031873530301972014,219048992.0,0.0184,4.0
ZBH,False,52.46560387955787,"graham_pe,munger_roe",16789209088.0,21.364685,1.3290025,1.691,0.60175,0.06413,0.69524,0.13340217457328554,1072150016.0,0.0109,4.0
CSR,False,52.41622222755843,"graham_size,graham_debt_to_equity,graham_earnings_stability,graham_pe,graham_pe_times_pb,munger_roe",966873664.0,42.679688,1.3485893,3.112,1.24015,0.03388,0.59305,0.23582740753191894,106247624.0,0.0567,1.0
RYAN,False,52.391375390579086,"graham_current_ratio,graham_debt_to_equity,graham_pe,graham_pe_times_pb",9707468800.0,51.18919,9.029798,0.998,3.74707,0.22092,0.41487,0.16178945084536003,584760128.0,0.013500000000000002,4.0
CRS,False,52.34990352379049,"graham_pe,graham_pe_times_pb",19194529792.0,36.85157,8.625097,3.81,0.32658000000000004,0.25752002,0.3058382946034185,0.22469752256577685,238787504.0,0.0021,4.0
LIVN,False,52.328223748132906,"graham_current_ratio,graham_earnings_stability,graham_pe,graham_pe_times_pb",4155152384.0,22.247786,3.1328404,1.45,0.26556,0.15404001,0.677113914238145,0.1436472526625424,59872624.0,,0.0
UHS,False,52.32665862724048,graham_current_ratio,10264973312.0,7.1089797,1.3661463,1.116,0.6873999999999999,0.20948,0.44607,0.11483067296545219,498316992.0,0.0046,4.0
AKR,False,52.268387286989295,"graham_current_ratio,graham_earnings_stability,graham_pe,graham_pe_times_pb,munger_roe",2712480256.0,53.157143,1.093447,1.245,0.63176,0.057150003,0.70607,0.1203290509960877,187720752.0,0.042800000000000005,3.0
CHD,False,52.23360194898709,"graham_current_ratio,graham_pe,graham_pe_times_pb",22416953344.0,30.290064,5.15435,1.147,0.55851,0.17041,0.447317513541398,0.1737167913335053,939262528.0,0.0131,4.0
PARR,False,52.21781230216131,"graham_earnings_stability,munger_gross_margin",4230663168.0,4.9556923,2.098899,1.84,0.5616599999999999,0.53489,0.23056,0.07217458286724762,82314872.0,,1.0
ARE,False,52.10607142857143,"data_missing:trailing_pe,graham_earnings_stability,munger_roe",8145269760.0,,0.5195219,2.35,0.6867,-0.040760003,0.68198997,0.17282,1344973952.0,0.061200000000000004,0.0
DASH,False,52.098089045605676,"graham_current_ratio,graham_earnings_stability,graham_pe,graham_pe_times_pb,munger_roe",81670168576.0,98.68325,8.231146,1.368,0.33276000000000006,0.088870004,0.52225,0.05270831814536706,5147500032.0,,2.0
SCI,False,52.06080139269559,"graham_current_ratio,graham_debt_to_equity,graham_pe,graham_pe_times_pb,munger_gross_margin",10559872000.0,20.443274,6.885887,0.531,3.44863,0.34714,0.26456534966539297,0.22697467809824207,315907872.0,0.018799999999999997,4.0
REX,False,52.0531137341561,"graham_size,munger_gross_margin",1440486272.0,11.895889,2.1383893,6.884,0.023090000000000003,0.19591999,0.14405514637494676,0.22362,47938876.0,,4.0
ALV,False,51.968578456949125,"graham_current_ratio,graham_pe_times_pb,munger_gross_margin",8190850048.0,13.18868,3.2895083,1.029,0.8752500000000001,0.25858,0.1917706888580675,0.10060101710587148,742124992.0,0.0308,4.0
ECG,False,51.86912682098194,"graham_pe,graham_pe_times_pb,munger_gross_margin",6383490048.0,25.10241,8.255845,1.587,0.47096,0.39525002,0.12120691215296231,0.0706680863455911,184378496.0,,4.0
STE,False,51.86082236088237,"graham_pe,graham_pe_times_pb,munger_roe",20251748352.0,25.361418,2.8101199,1.906,0.28312000000000004,0.11389,0.4424771306794252,0.18561633450698292,798862528.0,0.0123,4.0
GPN,False,51.838596842886886,"graham_current_ratio,graham_pe,graham_pe_times_pb,munger_roe",20830758912.0,38.028988,0.9054104,0.825,0.98273,0.02428,0.63959,0.2276994263340271,7867763200.0,0.0125,4.0
EAT,False,51.81181828531961,"graham_current_ratio,graham_debt_to_equity,graham_pe_times_pb,munger_gross_margin",8337721344.0,18.314629,18.934753,0.455,3.95763,1.19568,0.18646999,0.1067431208458174,367575008.0,,4.0
CURB,False,51.798678777343724,"graham_pe,graham_pe_times_pb,munger_roe",3237528832.0,105.14814,1.5518749,2.654,0.28476,0.0146200005,0.75179,0.19184,152188000.0,0.024300000000000002,4.0
DBX,False,51.714739049130166,"data_missing:debt_to_equity,data_missing:return_on_equity,graham_current_ratio,graham_pe_times_pb",7345211392.0,18.662983,-3.391566,1.074,,,0.8013486711622372,0.27334391114637047,783075008.0,,4.0
DT,False,51.66053175935288,"graham_current_ratio,graham_pe,graham_pe_times_pb,munger_roe",17045344256.0,117.96,6.9873238,1.208,0.06498999999999999,0.058790002,0.8155933426047631,0.12157579294753681,546524224.0,,4.0
AGO,False,51.624387010891816,"graham_current_ratio,munger_roe",3023350784.0,9.141623,0.5445192,0.99,0.30563,0.06666,0.94342005,0.4264,14625000.0,0.0223,4.0
GIII,False,51.576866666666675,"graham_size,graham_earnings_stability,munger_roe",1168813568.0,8.967106,0.6368862,2.704,0.18736999999999998,0.07677,0.39953,0.00728,151427872.0,0.014499999999999999,3.0
PLAB,False,51.52771172326431,"graham_size,munger_roe",1859000832.0,11.213524,1.431492,4.941,0.00223,0.13769001,0.3530344026921184,0.2450988703558485,29464124.0,,4.0
CTS,False,51.51917415196624,"graham_size,graham_pe,graham_pe_times_pb,munger_roe",1767914112.0,25.903765,3.0874724,2.609,0.15692,0.12429,0.3842953679722455,0.15266811744667644,72120000.0,0.0027,4.0
PFG,False,51.49547059918946,"graham_pe_times_pb,munger_roe",23984001024.0,15.957265,1.9800614,1.586,0.35307,0.12949,0.47345,0.12336001,1056374976.0,0.029900000000000003,4.0
TDW,False,51.48117560793588,"graham_earnings_stability,graham_pe_times_pb,munger_gross_margin",4100908544.0,16.718054,2.9434662,3.582,0.47051000000000004,0.19448,-0.07472836353195413,0.20889926418517046,367619136.0,,3.0
AMSF,False,51.40565617857143,"data_missing:debt_to_equity,graham_size,munger_gross_margin",441596064.0,9.520162,1.7494073,2.042,,0.18225001,0.27679002,0.19858,36250000.0,0.0693,4.0
CCK,False,51.371699545271866,"graham_current_ratio,graham_debt_to_equity,graham_pe_times_pb,munger_gross_margin",11552541696.0,15.305475,3.9832003,1.049,1.86334,0.27367002,0.20957,0.1255964415689446,853875008.0,0.0123,4.0
MGM,False,51.36081656718372,"graham_current_ratio,graham_debt_to_equity,graham_pe_times_pb",7659741184.0,18.451515,3.0469377,1.335,8.933110000000001,0.18924999,0.44157,0.05712157073428685,878991104.0,,4.0
URI,False,51.3389485991725,"graham_current_ratio,graham_debt_to_equity,graham_pe,graham_pe_times_pb",66965446656.0,25.881165,7.2710314,0.764,1.6679300000000001,0.28895,0.38163861109385677,0.24678551462823778,1706249984.0,0.0076,4.0
EFX,False,51.33181479795048,"graham_current_ratio,graham_debt_to_equity,graham_pe,graham_pe_times_pb,munger_roe",16467857408.0,24.634445,3.7632558,0.602,1.20956,0.14275,0.55542,0.1802946744588032,947537472.0,0.016,4.0
NXST,False,51.28463329703933,"graham_debt_to_equity,graham_pe,graham_pe_times_pb,munger_roe",4817955840.0,29.618368,2.1269925,1.562,5.337899999999999,0.07434,0.55070996,0.17154980804202868,800625024.0,0.046900000000000004,4.0
LDOS,False,51.18746679123662,"graham_debt_to_equity,graham_pe_times_pb,munger_gross_margin",14963438592.0,11.107376,2.8252506,1.629,1.2327599999999999,0.27781,0.17795,0.12280190986374752,1146625024.0,0.0141,4.0
KDP,False,51.17277451851788,"graham_current_ratio,graham_pe,graham_pe_times_pb,munger_roe",41593647104.0,30.873737,1.6615928,0.479,0.99649,0.051,0.5420104800337289,0.215322532072517,4607249920.0,0.03,4.0
MZTI,False,51.15805064731849,"graham_pe_times_pb,munger_gross_margin",2716819200.0,14.262178,2.5797508,1.559,0.24097000000000002,0.18677999,0.24732216374247792,0.12369580008114733,132784872.0,0.0401,4.0
UPS,False,51.127571414028736,"graham_current_ratio,graham_debt_to_equity,graham_pe_times_pb,munger_gross_margin",79224782848.0,17.30855,5.2595315,1.179,1.899,0.29602,0.22413,0.08873123470296974,5593999872.0,0.0699,4.0
WMB,False,51.127250000000004,"graham_current_ratio,graham_debt_to_equity,graham_pe,graham_pe_times_pb,munger_fcf",86056927232.0,28.030197,6.5410748,0.477,2.00371,0.21503,0.63637,0.3511297071129707,-1516749952.0,0.030299999999999997,4.0
DEI,False,51.10491226325629,"data_missing:trailing_pe,graham_size,graham_current_ratio,graham_debt_to_equity,graham_earnings_stability,munger_roe",1982654464.0,,0.8982417,0.546,1.6313300000000002,-0.01928,0.6335223141450743,0.25911461947598013,395813120.0,0.0783,2.0
NFG,False,51.044,munger_fcf,7285206528.0,10.6754875,1.8565617,3.201,0.9092,0.19576,0.63229,0.35716546924951076,-24765500.0,0.0291,4.0
JOE,False,51.01551172191915,"graham_pe,graham_pe_times_pb",3728375296.0,30.746477,4.8822126,3.839,0.71346,0.16246,0.4305342857031521,0.28491405680706716,118878000.0,0.0098,4.0
CRC,False,50.98959853742605,"data_missing:trailing_pe,graham_current_ratio,munger_roe",4672814592.0,,1.3735576,0.661,0.39594,-0.03554,0.5676,0.16298718997001907,299500000.0,0.031400000000000004,4.0
DORM,False,50.895431232286924,graham_pe_times_pb,3685860096.0,17.226768,2.432054,3.598,0.34867,0.15048,0.4214096574268924,0.140611335673202,143988752.0,,4.0
KFY,False,50.82214103528505,"munger_roe,munger_gross_margin",4029596928.0,13.638257,1.8338555,2.371,0.29869,0.14506,0.24725,0.1275225520912558,253317744.0,0.0304,4.0
ABT,False,50.80562870087224,"graham_current_ratio,graham_pe,graham_pe_times_pb,munger_roe",169696149504.0,31.529129,3.2984054,1.376,0.63212,0.10576,0.56847,0.18166847139505504,7209124864.0,0.026099999999999998,4.0
PHM,False,50.80332378090422,"munger_roe,munger_gross_margin",22022127616.0,11.808989,1.6672194,7.272,0.19065000000000001,0.14901,0.25565,0.15685001,1078512896.0,0.0089,4.0
EIX,False,50.798841877989595,"graham_current_ratio,graham_debt_to_equity",20627953664.0,5.531992,1.1823155,0.662,2.28042,0.19734,0.61005,0.36718952218253353,82375000.0,0.0652,4.0
AXP,False,50.74776826273877,"data_missing:free_cash_flow,graham_debt_to_equity,graham_pe_times_pb",204642516992.0,18.376896,5.967018,1.553,1.7238,0.34377,0.62338,0.1158504261305713,,0.0126,4.0
MTCH,False,50.72325423542174,"data_missing:debt_to_equity,data_missing:return_on_equity,graham_pe_times_pb",9304849408.0,14.374114,-39.316196,1.724,,,0.74872,0.250209265493174,930664000.0,0.0199,4.0
NOW,False,50.6778532785337,"graham_current_ratio,graham_pe,graham_pe_times_pb,munger_roe",139349098496.0,84.24062,11.133736,0.701,0.67538,0.14244,0.7753426720891701,0.13737008585630367,5149374976.0,,4.0
ITRI,False,50.659205431452015,"graham_earnings_stability,graham_pe_times_pb",3799376384.0,14.510033,2.3501527,2.746,0.9775400000000001,0.16885,0.37686729520267453,0.13225278536528903,295262240.0,,3.0
CW,False,50.608834388262935,"graham_pe,graham_pe_times_pb",20156602368.0,37.507904,7.2764363,1.602,0.41481999999999997,0.19746,0.3720399088490304,0.18109023282829842,553040256.0,0.0019,4.0
SYY,False,50.60693882792432,"graham_current_ratio,graham_debt_to_equity,graham_pe,graham_pe_times_pb,munger_gross_margin",37171339264.0,21.177595,13.913121,1.277,5.64591,0.77692,0.18496091209064136,0.03660426004990953,1914000000.0,0.028300000000000002,4.0
CDW,False,50.60656043778646,"graham_current_ratio,graham_debt_to_equity,graham_pe_times_pb,munger_gross_margin",16591063040.0,15.931574,6.8091335,1.167,2.6327800000000003,0.44009998,0.21732867762808764,0.07383127973920915,676787520.0,0.018600000000000002,4.0
AAT,False,50.56727833141063,"graham_size,graham_current_ratio,graham_debt_to_equity,graham_pe,graham_pe_times_pb,munger_roe",1678668288.0,72.13333,1.1840665,0.62,1.61778,0.02164,0.6112025566019569,0.33454988950124254,98077376.0,0.0636,4.0
DINO,False,50.56553511519427,munger_gross_margin,20089575424.0,10.600375,1.9532938,1.971,0.32261,0.19504999,0.12892,0.034500725743421785,2035624960.0,0.018600000000000002,4.0
WST,False,50.55981327759517,"graham_pe,graham_pe_times_pb",25668151296.0,46.760258,8.587136,2.822,0.10585000000000001,0.19087,0.35912950131745874,0.19026707003675872,277937504.0,0.0024,4.0
ALRM,False,50.545261222488726,"graham_pe,graham_pe_times_pb,munger_roe",2707080704.0,24.400442,3.127907,4.96,0.62337,0.13311,0.65809,0.1321595313230886,100146624.0,,4.0
LIN,False,50.53190511610966,"graham_current_ratio,graham_pe,graham_pe_times_pb",221076865024.0,30.960619,5.656892,0.879,0.68947,0.18400998,0.48348,0.26254928499970576,4160750080.0,0.013600000000000001,4.0
TRMB,False,50.5108953998732,"data_missing:trailing_pe,graham_current_ratio,munger_roe",13484790784.0,,2.6387115,0.954,0.28553,-0.01939,0.6907423410364341,0.16502662169319543,686174976.0,,4.0
PEN,False,50.43666667237623,"graham_earnings_stability,graham_pe,graham_pe_times_pb,munger_roe",12525837312.0,77.94118,8.182801,5.75,0.13896,0.1137,0.6714116259933817,0.13482490480278414,161100128.0,,3.0
WM,False,50.414716460111855,"graham_current_ratio,graham_debt_to_equity,graham_pe,graham_pe_times_pb",81825701888.0,28.954739,8.249446,0.907,2.35301,0.29841,0.40601003,0.17092524996032377,2348375040.0,0.0187,4.0
BDX,False,50.40282724514179,"graham_current_ratio,graham_pe,graham_pe_times_pb,munger_roe",48160710656.0,30.537132,1.9725113,0.865,0.6884,0.06607,0.47138235660072164,0.11808608058608058,4478374912.0,0.0236,4.0
LZB,False,50.40078678204567,"graham_size,munger_roe",1197177344.0,15.172588,1.1814696,1.665,0.5279200000000001,0.080469996,0.44041455162733617,0.06075654731535971,182847744.0,0.0329,4.0
MIDD,False,50.38567666794713,"graham_earnings_stability,graham_pe_times_pb,munger_roe",4714882048.0,15.844985,2.1334589,1.987,0.90515,0.10974,0.3910765393748973,0.17958598051606864,604098624.0,,0.0
OSK,False,50.31733597839432,"munger_roe,munger_gross_margin",8350087168.0,15.340207,1.8293332,1.718,0.24359000000000003,0.12387,0.17452961438454084,0.09014325053011331,734037504.0,0.0174,4.0
IRT,False,50.27800612348794,"graham_current_ratio,graham_earnings_stability,graham_pe,graham_pe_times_pb,munger_roe",3512474624.0,80.74999,1.0182136,0.588,0.7015600000000001,0.0125899995,0.60678,0.2709902108433735,186066880.0,0.049699999999999994,2.0
ISRG,False,50.25043259893648,"data_missing:debt_to_equity,data_missing:consecutive_positive_earnings_years,graham_pe,graham_pe_times_pb",140882100224.0,44.99085,7.6594334,4.963,,0.17423001,0.6599600584220096,0.29265651236499846,2615200000.0,,
ARR,False,50.24824999999999,"data_missing:free_cash_flow,graham_size,graham_current_ratio,graham_debt_to_equity,graham_earnings_stability",1937875200.0,3.104331,0.7238843,1.142,7.567240000000001,0.20331,1.0,0.86998004,,0.20850000000000002,1.0
CAT,False,50.2201117954433,"graham_current_ratio,graham_debt_to_equity,graham_pe,graham_pe_times_pb,munger_gross_margin",388970905600.0,36.442165,20.055151,1.368,2.32783,0.56972003,0.29713,0.16498246756128956,5048999936.0,0.0079,4.0
SCHW,False,50.20475,"data_missing:free_cash_flow,graham_current_ratio,graham_debt_to_equity,graham_pe_times_pb",167356465152.0,17.627506,3.8065925,0.655,1.5110599999999998,0.20273,0.97495,0.52277,,0.013000000000000001,4.0
EEFT,False,50.12940527521032,"graham_current_ratio,graham_debt_to_equity,munger_gross_margin",2421956864.0,10.096826,1.9342576,1.371,2.25391,0.22371,0.24004,0.12482917864379624,311637504.0,,4.0
TREX,False,50.10566159902011,"graham_current_ratio,graham_pe,graham_pe_times_pb",4543491072.0,25.723528,4.5628133,1.061,0.30034,0.17740999,0.3917030794529694,0.21967831847441852,69669128.0,,4.0
WMS,False,50.09666856211008,"graham_pe,graham_pe_times_pb",9679407104.0,21.867973,5.109665,2.119,0.97185,0.26354,0.38270232915548774,0.2029920245897555,327261376.0,0.0063,4.0
MTN,False,50.03122908964187,"graham_current_ratio,graham_debt_to_equity,graham_pe,graham_pe_times_pb",4966847488.0,29.592358,9.00155,0.799,6.121849999999999,0.26042,0.4373,0.1481715197357202,190187632.0,0.0639,4.0
NCLH,False,50.02969396874373,"graham_current_ratio,graham_debt_to_equity,graham_earnings_stability,munger_fcf",6919960576.0,9.133333,2.6896305,0.2,6.21051,0.3673,0.42457,0.19436341482624267,-1680301312.0,,3.0
FCX,False,50.00304563710761,"graham_pe,graham_pe_times_pb,munger_roe",103380336640.0,35.289703,5.1411123,2.066,0.32149,0.14755,0.38275,0.25151456685317386,2159249920.0,0.0087,4.0
WFRD,False,49.980075565872646,"graham_pe_times_pb,munger_gross_margin",5749930496.0,15.8589735,3.2287273,2.344,0.9066500000000001,0.22793,0.22224465078724262,0.0951281459247287,558000000.0,0.013999999999999999,4.0
NABL,False,49.94521848360759,"data_missing:trailing_pe,graham_size,graham_current_ratio,graham_earnings_stability,munger_roe",784902464.0,,0.9755812,1.305,0.5425099999999999,-0.00632,0.7711241030052989,0.07193359795084371,70063376.0,,0.0
RJF,False,49.94475789285715,"data_missing:free_cash_flow,graham_pe_times_pb",30431623168.0,13.792501,2.3934157,2.109,0.47594000000000003,0.18416001,0.93156,0.19301,,0.013500000000000002,4.0
SLG,False,49.91933266666667,"data_missing:trailing_pe,graham_debt_to_equity,graham_earnings_stability,munger_roe",3761217536.0,,1.0868456,2.466,1.4255600000000002,-0.03573,0.44757998,0.6499512484970779,581023296.0,0.0506,0.0
ATEN,False,49.894235877176506,"graham_current_ratio,graham_pe,graham_pe_times_pb",2017078784.0,47.896553,8.459196,1.29,0.9500700000000001,0.19444999,0.7933555206035304,0.1622469945656102,61384500.0,0.0087,4.0
AIT,False,49.87946077978852,"graham_pe,graham_pe_times_pb",12697805824.0,31.596895,7.018823,2.578,0.25967,0.22368999,0.30337834926548607,0.11063091163806207,362843616.0,0.006,4.0
NYT,False,49.85879679123099,"data_missing:debt_to_equity,graham_pe,graham_pe_times_pb",9970550784.0,25.758331,4.8773174,1.58,,0.19724001,0.50958997,0.15276797415004612,459932128.0,0.0144,4.0
AGNC,False,49.84925,"data_missing:free_cash_flow,graham_current_ratio,graham_debt_to_equity,graham_earnings_stability",10515220480.0,4.4129353,0.97654957,0.192,7.170929999999999,0.19799,1.0,0.95614,,0.1609,3.0
GAP,False,49.809652495843636,"graham_debt_to_equity,graham_earnings_stability",7926410752.0,6.796687,2.0047088,1.822,1.44773,0.33776,0.4079135754262658,0.07256280098919693,246375008.0,0.0308,3.0
COIN,False,49.79570746710799,"data_missing:trailing_pe,graham_earnings_stability,munger_roe",48075046912.0,,3.6748009,2.423,0.5098199999999999,-0.07847,0.8581,0.1998852579433461,2668452864.0,,3.0
ADUS,False,49.769334752684415,"graham_pe_times_pb,munger_roe",2088961664.0,19.6007,1.7831594,1.69,0.09478,0.09706,0.3246848924100019,0.0974425846906568,116251504.0,,4.0
DTM,False,49.73176543974161,"graham_current_ratio,graham_pe,graham_pe_times_pb,munger_roe",12367314944.0,26.585527,2.587841,1.372,0.6854300000000001,0.09901,0.75344,0.49396621078037006,128000000.0,0.029300000000000003,4.0
MRP,False,49.7029997,"graham_earnings_stability,munger_roe,munger_fcf",4096402176.0,8.595819,0.70001704,46.568,0.42579999999999996,0.081199996,0.85307,0.8094913741275453,-1379807232.0,0.12539999999999998,1.0
BKNG,False,49.70133870261353,"data_missing:debt_to_equity,data_missing:return_on_equity,graham_current_ratio,graham_pe_times_pb",123414896640.0,17.677025,-11.195699,1.094,,,0.9809163315195962,0.3278597169075306,7725875200.0,0.0105,4.0
LMT,False,49.69692930907345,"graham_current_ratio,graham_debt_to_equity,graham_pe_times_pb,munger_gross_margin",116881670144.0,18.694721,13.284717,1.193,2.34238,0.89165,0.10152169278328536,0.10301407099456347,5562625024.0,0.0273,4.0
SONO,False,49.68029216427999,"graham_earnings_stability,graham_pe,graham_pe_times_pb,munger_roe",2099718016.0,39.444447,5.2022276,1.615,0.14081,0.14175999,0.43687416682602637,-0.0349676707712177,97409872.0,,0.0
NLY,False,49.675250000000005,"data_missing:free_cash_flow,graham_current_ratio,graham_debt_to_equity,graham_earnings_stability",14083153920.0,4.8532467,0.9273873,0.558,7.37543,0.19567,0.97972,0.91652,,0.1604,2.0
NKE,False,49.62138290353948,graham_pe_times_pb,50142257152.0,16.095238,3.3719072,1.961,0.74289,0.22138001,0.42913487650329757,0.12687,1889250048.0,0.0463,4.0
GNL,False,49.60336913563938,"data_missing:trailing_pe,graham_size,graham_debt_to_equity,graham_earnings_stability,munger_roe",1911842176.0,,1.1551362,5.63,1.61696,-0.00962,0.85733,0.22407861316491887,366119616.0,0.0922,0.0
HST,False,49.598737380251414,"graham_pe_times_pb,munger_gross_margin",15659134976.0,15.127518,2.416899,1.671,0.8529800000000001,0.15558,0.29195,0.13984298331697742,1692375040.0,0.0355,4.0
ESE,False,49.5823860562153,"graham_current_ratio,graham_pe,graham_pe_times_pb,munger_roe",7143752704.0,51.06296,4.4171405,1.382,0.09315,0.095,0.42008,0.15552023575208054,233938368.0,0.0012,4.0
BCPC,False,49.58186135294934,"graham_pe,graham_pe_times_pb,munger_roe",5312472064.0,32.80512,4.0889683,2.665,0.12801,0.12793,0.3573533906500534,0.20182594601995255,134847504.0,0.0059,4.0
TDY,False,49.53214870193286,"graham_pe,graham_pe_times_pb,munger_roe",28710629376.0,30.010172,2.6310182,2.181,0.18565,0.09154,0.43339002,0.18801713706380613,912675008.0,,4.0
HAE,False,49.5104203917544,"graham_debt_to_equity,graham_pe,graham_pe_times_pb,munger_roe",4770138624.0,50.64976,5.695312,3.08,1.40265,0.111999996,0.5903823535805497,0.11748937615205689,312840000.0,,4.0
MRVL,False,49.48767949642716,"graham_earnings_stability,graham_pe,graham_pe_times_pb",245759770624.0,89.95395,12.938726,3.168,0.28525,0.16523,0.5101774339198984,0.16143557952798185,2408049920.0,0.0009,1.0
PH,False,49.325791665664696,"graham_current_ratio,graham_pe,graham_pe_times_pb,munger_gross_margin",122500554752.0,34.09477,7.951734,1.262,0.5666,0.25076,0.23611907314400027,0.23573189450672125,2961750016.0,0.0083,4.0
OMCL,False,49.321664438296025,"graham_size,graham_earnings_stability,graham_pe,graham_pe_times_pb,munger_roe",1534712832.0,40.053574,1.1881555,1.644,0.15484,0.03059,0.4249011474074668,0.004355000021099806,134181872.0,,2.0
IEX,False,49.22356868899004,"graham_pe,graham_pe_times_pb,munger_roe",17227601920.0,33.672913,4.3146486,3.049,0.4706,0.12955,0.44506146059291396,0.20225596529284165,555612480.0,0.0127,4.0
DOV,False,49.21332541735135,"graham_pe,graham_pe_times_pb,munger_roe",25616852992.0,22.999393,3.325146,1.979,0.42316000000000004,0.14914,0.397669541607976,0.16970638873603952,906472128.0,0.011200000000000002,4.0
DCI,False,49.13144194516346,"graham_pe,graham_pe_times_pb",10350775296.0,23.194807,5.8711376,2.076,0.7836700000000001,0.28205,0.3333333333333333,0.1364547084256037,321849984.0,0.0141,4.0
BURL,False,49.12983389291912,"graham_current_ratio,graham_debt_to_equity,graham_pe,graham_pe_times_pb",17251878912.0,24.69829,8.616313,1.172,2.94974,0.41412997,0.44084,0.06718,107377376.0,,4.0
MTDR,False,49.04975995605462,"graham_current_ratio,munger_roe,munger_fcf",6643126272.0,9.207547,1.1227307,0.65,0.69104,0.13592,0.8239,0.3318317323079412,-907763968.0,0.028300000000000002,4.0
PPG,False,48.977022812573054,graham_pe_times_pb,23498221568.0,15.16571,2.7831755,1.58,0.86938,0.19297001,0.41202998,0.1646964659524689,1104625024.0,0.028300000000000002,4.0
ENVA,False,48.973244392776174,"data_missing:free_cash_flow,graham_debt_to_equity,graham_pe_times_pb",4309410304.0,12.849295,2.8770425,20.146,3.3701499999999998,0.26081,0.5807241469793788,0.23461719929192712,,,4.0
PRSU,False,48.96018080736299,"graham_size,graham_pe,graham_pe_times_pb,munger_roe,munger_fcf",1425915392.0,35.337837,2.6588714,1.606,0.39954999999999996,0.08914,0.92541003,0.309585052171803,-54856000.0,,4.0
ARES,False,48.953275898093885,"graham_current_ratio,graham_debt_to_equity,graham_pe,graham_pe_times_pb,munger_roe",39396732928.0,54.470184,10.764664,0.62,1.7237799999999999,0.14918,1.0,0.09473,2159716096.0,0.0463,4.0
AN,False,48.94726745106692,"graham_current_ratio,graham_debt_to_equity,munger_gross_margin",5402631168.0,7.5795455,2.3963602,0.782,5.0158499999999995,0.32766998,0.17908973124778332,0.04487286203377317,356124992.0,,4.0
O,False,48.94477211757533,"graham_pe,graham_pe_times_pb,munger_roe",51138351104.0,40.033333,1.2930044,1.528,0.74722,0.03225,0.9268,0.46965998,1582081920.0,0.060899999999999996,4.0
NVST,False,48.90233830506291,"graham_earnings_stability,graham_pe,graham_pe_times_pb,munger_roe",3778531584.0,41.27193,1.2281388,2.425,0.5162,0.030569999,0.5466813752528038,0.07946313660599374,267887504.0,,1.0
MTSI,False,48.892440194038386,"graham_earnings_stability,graham_pe,graham_pe_times_pb",24599838720.0,102.582794,15.965007,2.338,0.26873,0.17184,0.5469088909060458,0.13404076265070952,104351504.0,,0.0
SPXC,False,48.87913162860467,"graham_pe,graham_pe_times_pb,munger_roe",8689145856.0,30.489454,3.6995926,1.825,0.26175,0.14684,0.40287998,0.15469515694671318,234024992.0,,4.0
VFC,False,48.87554203020608,"graham_current_ratio,graham_debt_to_equity,graham_earnings_stability,graham_pe,graham_pe_times_pb",5592339456.0,20.615942,1.504654,1.425,2.80723,0.17938,0.55037,0.06002671259453336,324440736.0,0.025,1.0
QRVO,False,48.8521130683104,"graham_earnings_stability,graham_pe,graham_pe_times_pb,munger_roe",10098315264.0,26.559166,2.9085782,3.543,0.44619,0.115559995,0.4589083046238471,0.11184507234844912,476142016.0,,2.0
LGND,False,48.80850820829883,"graham_debt_to_equity,graham_earnings_stability,graham_pe,graham_pe_times_pb",6042083840.0,31.24536,6.2400656,31.178,1.16944,0.21962,0.81198996,0.1529428879430931,139748880.0,,1.0
FSS,False,48.79707920538435,"graham_pe,graham_pe_times_pb,munger_gross_margin",7132712448.0,25.18319,4.731152,2.739,0.32223,0.20608,0.2894748910800275,0.1563402889245586,194724992.0,0.0053,4.0
CR,False,48.702266991216156,"graham_pe,graham_pe_times_pb",12080274432.0,36.03448,5.5472984,2.804,0.51181,0.16521999,0.40718843843843844,0.1840347071583514,363750016.0,0.0049,4.0
XYL,False,48.65901979054843,"graham_pe,graham_pe_times_pb,munger_roe",23777130496.0,24.24643,2.1607256,1.613,0.28642,0.09182999,0.38461538461538464,0.13536247924737133,1183750016.0,0.017,4.0
WSO,False,48.6488744933398,"graham_pe,graham_pe_times_pb,munger_gross_margin",12352556032.0,25.658955,3.8588624,3.199,0.15411,0.16744,0.28047833420128215,0.09950520009558948,483663744.0,0.0438,4.0
FICO,False,48.63257626340277,"data_missing:debt_to_equity,data_missing:return_on_equity,graham_current_ratio,graham_pe_times_pb",14201525248.0,17.043804,-3.466098,1.183,,,0.851,0.46454588423447246,774413504.0,,4.0
DHI,False,48.632346058213585,"munger_roe,munger_gross_margin",37931692032.0,12.878919,1.5983288,6.011,0.29451,0.12632,0.21298,0.1299,2413900032.0,0.0131,4.0
HR,False,48.630689657579346,"data_missing:trailing_pe,graham_current_ratio,graham_debt_to_equity,graham_earnings_stability,munger_roe",6157451264.0,,1.4266558,0.342,1.03031,-0.019199999,0.61946,0.2013827586768514,493022368.0,0.055099999999999996,0.0
PRG,False,48.52607383085003,"graham_size,graham_debt_to_equity",1245535104.0,10.087097,1.5465652,4.518,1.10148,0.17066,0.36145002,0.08582559605316735,1535915904.0,0.018000000000000002,4.0
CNMD,False,48.525135933626714,"graham_size,graham_current_ratio,graham_earnings_stability,graham_pe,graham_pe_times_pb,munger_roe",1392134016.0,25.124323,1.3384012,1.484,0.80109,0.05527,0.5459095789409365,0.07464916594167266,131359624.0,0.0172,3.0
VVV,False,48.52142515657306,"graham_current_ratio,graham_debt_to_equity,graham_pe,graham_pe_times_pb",3926252032.0,37.987656,9.42131,0.702,4.7499400000000005,0.28399,0.38502017189966675,0.2279717008711922,72525000.0,,4.0
MS,False,48.47749925,"data_missing:free_cash_flow,graham_debt_to_equity,graham_pe_times_pb",299577671680.0,15.407512,2.8133063,1.999,5.172820000000001,0.17969999,0.87641,0.41567,,0.0245,4.0
TRGP,False,48.470391286559824,"graham_current_ratio,graham_debt_to_equity,graham_pe,graham_pe_times_pb,munger_gross_margin",60138250240.0,26.8378,19.200039,0.771,5.15794,0.70839995,0.2943801824451338,0.19562727929388135,65837500.0,0.0179,4.0
PCRX,False,48.46888985189136,"graham_size,graham_earnings_stability,graham_pe,graham_pe_times_pb,munger_roe",987239424.0,71.685715,1.4869028,5.042,0.61329,0.020480001,0.79206,0.02641892812746503,98341248.0,,1.0
TYL,False,48.36626392215536,"graham_pe,graham_pe_times_pb,munger_roe",13276316672.0,42.71278,4.3689017,1.554,0.47906,0.09731,0.46464066131010057,0.15335499969987224,594435648.0,,4.0
DOC,False,48.348107142857145,"graham_debt_to_equity,graham_pe,graham_pe_times_pb,munger_roe",13874098176.0,55.914288,1.7199858,2.286,1.08653,0.03039,0.57648,0.1599,1645113088.0,0.06280000000000001,4.0
SAFT,False,48.272133333333336,"graham_size,graham_current_ratio,graham_pe,graham_pe_times_pb,munger_roe,munger_gross_margin",1526329728.0,22.35914,1.7413951,0.385,0.06817999999999999,0.07842,0.07645,0.13685,160487248.0,0.0354,4.0
MMS,False,48.25445645230644,munger_gross_margin,2777579264.0,7.8014703,1.5958247,2.421,0.99546,0.21112,0.2455119202191161,0.09726793482783788,354073760.0,0.024700000000000003,4.0
CVCO,False,48.20915269319213,"graham_pe,graham_pe_times_pb,munger_gross_margin",4511218176.0,25.51892,4.0732617,2.229,0.03702,0.16658,0.23474530018868303,0.10183492574086492,163879120.0,,4.0
GILD,False,48.20714960863706,"data_missing:trailing_pe,graham_current_ratio,graham_debt_to_equity,munger_roe",179322322944.0,,15.172052,1.265,2.2346500000000002,-0.2068,0.79603994,0.34038650952688243,9768875008.0,0.0222,4.0
L,False,48.17823987472012,"graham_current_ratio,munger_roe",21669337088.0,13.006136,1.1334716,0.507,0.44609000000000004,0.09313,0.36290002,0.14533,1262000000.0,0.0024,4.0
KMT,False,48.10190208438315,munger_fcf,2492988672.0,7.383484,1.584377,2.618,0.47334000000000004,0.23853001,0.4115741601172488,0.20050596215552438,-171881504.0,0.0253,4.0
DEA,False,48.0461825320256,"graham_size,graham_current_ratio,graham_debt_to_equity,graham_pe,graham_pe_times_pb,munger_roe",1148206080.0,123.315796,0.84171575,0.604,1.25876,0.0077100005,0.67524004,0.17425175820559718,127493128.0,0.0775,4.0
VMI,False,47.96789423952904,graham_pe_times_pb,9331268608.0,18.768253,5.373629,2.354,0.50676,0.29777,0.30212114611186563,0.10125869191360254,142812496.0,0.0066,4.0
GEHC,False,47.89711340407557,"graham_current_ratio,graham_pe_times_pb",29374636032.0,14.879031,2.657626,1.264,0.93965,0.19376,0.3999030303030303,0.13396363636363637,1573124992.0,0.0025,4.0
AMRX,False,47.888171049734076,"graham_debt_to_equity,graham_earnings_stability,graham_pe,graham_pe_times_pb,munger_fcf",7030355456.0,42.052082,195.97087,2.205,23.86528,6.1301703,0.36879645947342615,0.13054896712557473,-115327128.0,,1.0
DHR,False,47.77398537376146,"graham_pe,graham_pe_times_pb,munger_roe",151655170048.0,38.454544,2.8838596,1.651,0.5297,0.07605,0.5911348095083034,0.19089873005535657,4325125120.0,0.0076,4.0
AXTA,False,47.74693114882973,"graham_debt_to_equity,graham_pe_times_pb,munger_roe",6921406976.0,19.84049,2.7441664,1.533,1.19424,0.14344,0.34039003,0.1436388508891929,539500032.0,,4.0
GTM,False,47.74138226719259,"data_missing:trailing_pe,graham_size,graham_current_ratio,graham_debt_to_equity,munger_roe",1079872768.0,,1.3084656,0.651,1.83227,-0.45449,0.8402561024409764,0.18063225290116047,356462496.0,,4.0
UPBD,False,47.71685104917649,"graham_size,graham_debt_to_equity,graham_earnings_stability,munger_roe",935996928.0,10.425325,1.2762321,3.126,2.32932,0.12733,0.48385079554876925,0.04757062794285314,1568163200.0,0.09939999999999999,2.0
GS,False,47.6765,"data_missing:free_cash_flow,graham_debt_to_equity,graham_pe_times_pb",262744326144.0,13.929763,2.4923973,1.563,7.25381,0.16902,0.82075995,0.42176998,,0.0223,4.0
NSC,False,47.62740271631255,"graham_current_ratio,graham_debt_to_equity,graham_pe,graham_pe_times_pb",71461396480.0,27.16994,4.396783,0.831,1.05519,0.16985,0.45159,0.35763546798029555,1382249984.0,0.0174,4.0
GTES,False,47.60210205054774,"graham_pe_times_pb,munger_roe",7032539648.0,19.70213,1.9968374,3.244,0.60695,0.10384,0.39837941449814124,0.13513592007434944,417662496.0,,4.0
VST,False,47.57346999679034,"graham_current_ratio,graham_debt_to_equity,graham_earnings_stability,graham_pe,graham_pe_times_pb",46715052032.0,23.471165,15.5565,0.973,3.7327999999999997,0.42962003,0.38309,0.10745292592174992,37125000.0,0.0066,3.0
CELH,False,47.50995185714567,"graham_earnings_stability,graham_pe,graham_pe_times_pb,munger_roe",6777543680.0,116.45652,5.6568108,1.798,0.22802,0.05113,0.5038558500104761,0.05608227191604556,349633984.0,,3.0
RPM,False,47.49339562993883,graham_pe_times_pb,12706861056.0,19.25532,3.8371108,1.678,0.89022,0.21371001,0.41435204672978254,0.15307,480144864.0,0.0218,4.0
P,False,47.43560687313596,"graham_pe,graham_pe_times_pb,munger_fcf",46661812224.0,194.4861,31.999544,1.511,0.14622,0.17714001,0.7038120388998382,0.03134614287317256,-114351752.0,,4.0
TSCO,False,47.40649674685397,"graham_current_ratio,graham_debt_to_equity,graham_pe_times_pb",16332002304.0,16.410995,6.2378106,1.334,2.4871,0.39513,0.3642418993089817,0.09452361839175173,103175000.0,0.030299999999999997,4.0
VRSK,False,47.347183755786034,"data_missing:debt_to_equity,data_missing:return_on_equity,graham_current_ratio,graham_pe,graham_pe_times_pb",21372282880.0,25.018404,-18.301357,1.005,,,0.70179003,0.43736778728805287,1055550016.0,0.011899999999999999,4.0
FIVE,False,47.343722756277494,graham_pe_times_pb,12212086784.0,19.894173,4.9320736,2.222,0.8233199999999999,0.28250998,0.35610576054153226,0.09600858243878704,367360512.0,,4.0
MYRG,False,47.33160810461591,"graham_current_ratio,graham_pe,graham_pe_times_pb,munger_gross_margin",4759519744.0,29.058935,6.3088164,1.398,0.08895,0.24714,0.11585534716881786,0.045619755000766836,177308880.0,,4.0
ADAM,False,47.3285,"data_missing:free_cash_flow,graham_size,graham_current_ratio,graham_debt_to_equity,graham_earnings_stability",704208128.0,4.6636906,0.7556177,0.844,7.69104,0.16438,0.78673,0.51676,,0.154,1.0
OKTA,False,47.31391122713955,"graham_earnings_stability,graham_pe,graham_pe_times_pb,munger_roe",37028818944.0,127.59639,5.310251,1.525,0.0076,0.043130003,0.7735525865022268,0.05104487838300788,1037625024.0,,2.0
RBC,False,47.267767315617945,"graham_pe,graham_pe_times_pb,munger_roe",16365613056.0,50.979286,4.7138047,2.53,0.25364000000000003,0.09747,0.4437436527874285,0.22502538885028595,283237504.0,,4.0
IVT,False,47.266358692910785,"graham_pe,graham_pe_times_pb,munger_roe",2372103936.0,160.10527,1.3432243,1.849,0.62113,0.0085,0.72560996,0.2006123629119327,117164248.0,0.0329,4.0
VICI,False,47.23473126394175,munger_roe,25060524032.0,8.821706,0.85909486,11.236,0.60277,0.09849,0.99271005,0.26193277598904674,267028992.0,0.081,4.0
SNPS,False,47.231723978334735,"graham_current_ratio,graham_pe,graham_pe_times_pb,munger_roe",93614497792.0,85.10453,3.0045452,1.337,0.34804,0.03661,0.7698457566565516,0.1297000160755796,3425542400.0,,4.0
SWK,False,47.179253657057664,"graham_current_ratio,graham_earnings_stability,graham_pe,graham_pe_times_pb,munger_roe,munger_gross_margin",13821420544.0,22.377138,1.5427307,1.432,0.58172,0.06886,0.2527880382831585,0.17066666666666666,1419049984.0,0.0375,2.0
CXT,False,47.13298433192531,"graham_current_ratio,graham_debt_to_equity,graham_pe,graham_pe_times_pb,munger_roe",2801796352.0,20.113636,2.2123995,1.415,1.141,0.11484,0.36414319248826293,0.14891048469849702,239787504.0,0.015,4.0
SPHR,False,47.086416666666665,"data_missing:trailing_pe,graham_current_ratio,graham_earnings_stability,munger_roe",4597660160.0,,2.0636737,1.224,0.40995,-0.03097,0.54707,-0.18816027277682382,442722880.0,,1.0
APOG,False,47.03702088065677,"graham_size,munger_roe,munger_gross_margin",745519744.0,11.199059,1.4696202,1.76,0.5625399999999999,0.13756,0.22742684908804733,0.060135271257954356,102537000.0,0.0302,4.0
POOL,False,47.02962758550978,"graham_debt_to_equity,graham_pe_times_pb,munger_gross_margin",5929356800.0,14.982553,4.7058144,2.671,1.34537,0.31254998,0.2972849830112928,0.1096919194554539,212930256.0,0.032400000000000005,4.0
SMPL,False,46.968988269117915,"data_missing:trailing_pe,graham_size,munger_roe",863628416.0,,0.60898036,4.796,0.31623999999999997,-0.12197,0.36235423041932013,0.10812932484216911,107168376.0,,4.0
LEG,False,46.93721504761905,"graham_size,graham_debt_to_equity,graham_earnings_stability,munger_gross_margin",1256618752.0,5.897436,1.1617628,2.35,1.5219900000000002,0.22642,0.19089001,0.08383001,241450000.0,0.00021700000000000002,1.0
SON,False,46.9223119153266,"graham_current_ratio,graham_debt_to_equity,munger_gross_margin",4822320640.0,7.585537,1.3466316,0.995,1.32433,0.18855,0.20939815418860017,0.13535954698870942,527077760.0,0.044500000000000005,4.0
HLIT,False,46.89961994141907,"graham_size,graham_earnings_stability,graham_pe,graham_pe_times_pb,munger_roe",1217726848.0,48.543476,3.3782148,3.047,0.36111,0.06546,0.4846986183960524,0.0390543737847516,71000248.0,,0.0
M,False,46.89107944536571,graham_debt_to_equity,5919568896.0,8.302198,1.2012403,1.59,1.03267,0.15993,0.38834756806608123,0.04553291189602582,605000000.0,0.0337,4.0
BL,False,46.83595483104712,"data_missing:consecutive_positive_earnings_years,graham_size,graham_debt_to_equity,graham_pe,graham_pe_times_pb,munger_roe",1595248128.0,49.008926,5.067393,1.721,2.0288,0.070300005,0.7524581433896752,0.036480603974432736,138621248.0,,
FCN,False,46.83221349167454,graham_pe_times_pb,3763319808.0,16.500605,2.7727034,2.028,0.9501999999999999,0.15634,0.32133041706245447,0.1026898085623184,289741120.0,,4.0
RGA,False,46.80126428571428,"graham_current_ratio,munger_roe,munger_gross_margin",16316273664.0,11.002202,1.1913128,1.166,0.41418,0.11687,0.1407,0.10637,9836499968.0,0.016,4.0
LXP,False,46.78906116073159,"graham_current_ratio,graham_pe,graham_pe_times_pb,munger_roe",3593445376.0,61.56566,1.9381816,1.026,0.69889,0.03497,0.81463,0.16078,183396368.0,0.045899999999999996,4.0
PBI,False,46.69835333183498,"data_missing:debt_to_equity,data_missing:return_on_equity,graham_current_ratio,graham_earnings_stability,graham_pe_times_pb",2285979136.0,13.55691,-2.6472456,0.734,,,0.5221948856693349,0.21681,233828128.0,0.0241,1.0
KEX,False,46.696328824519775,"graham_pe,graham_pe_times_pb,munger_roe",7331280384.0,21.328726,2.1418545,1.684,0.35618,0.10414,0.33196998,0.14752575021179828,347219136.0,,4.0
CALX,False,46.686901542949386,"graham_earnings_stability,graham_pe,graham_pe_times_pb,munger_roe",2208146944.0,46.144737,3.1098695,2.83,0.01969,0.06905,0.568310316896831,0.02098979010209898,61477124.0,,1.0
AEO,False,46.669812860826134,graham_debt_to_equity,2968561408.0,9.131443,1.6836152,1.592,1.0898999999999999,0.20003,0.36510453133776893,0.040781030408657576,210763744.0,0.0278,4.0
SAIC,False,46.624130440912246,"graham_current_ratio,graham_debt_to_equity,graham_pe_times_pb,munger_gross_margin",5275331584.0,14.674826,3.682656,1.204,1.8837000000000002,0.25737,0.1274,0.07174332139906361,505375008.0,0.011699999999999999,4.0
IQV,False,46.47398527327158,"graham_current_ratio,graham_debt_to_equity,graham_pe,graham_pe_times_pb",42526875648.0,32.17497,6.891387,0.706,2.57975,0.22818,0.32968,0.1337829552421827,2149750016.0,,4.0
HAL,False,46.44353866860828,"graham_pe_times_pb,munger_roe,munger_gross_margin",26745257984.0,16.76178,2.425195,2.018,0.7418600000000001,0.14917,0.15076,0.16741779335670173,2052249984.0,0.0213,4.0
XOM,False,46.41770466589061,"graham_current_ratio,graham_pe,graham_pe_times_pb,munger_roe,munger_gross_margin",675628253184.0,21.146717,2.6047873,1.135,0.15921,0.12584,0.29767,0.15859,20671000576.0,0.025099999999999997,4.0
ATO,False,46.41102638740483,"graham_current_ratio,graham_pe_times_pb,munger_roe,munger_fcf",26578520064.0,18.768496,1.741904,0.814,0.6766200000000001,0.09792,0.7108538576610577,0.33171428237277933,-2220956928.0,0.0256,4.0
CNO,False,46.38586551681852,"graham_debt_to_equity,graham_pe_times_pb,munger_roe",4982275584.0,18.568964,1.9261034,2.27,1.75664,0.10934,0.38706002,0.12327851317020992,996099968.0,0.013600000000000001,4.0
CENX,False,46.36915818164522,"graham_earnings_stability,munger_gross_margin,munger_fcf",3527131136.0,6.1537137,2.5137577,2.751,0.31281,0.51749,0.10142806281894062,0.06254203093476798,-46287500.0,,2.0
VC,False,46.35457647677181,"munger_roe,munger_gross_margin",2373632256.0,17.132948,1.4737225,1.775,0.25696,0.09538999,0.14118895966029724,0.07813,203124992.0,0.017,4.0
FELE,False,46.321323239124645,"graham_pe,graham_pe_times_pb,munger_roe",4373398016.0,28.425287,3.1073694,2.406,0.21844999999999998,0.11767,0.35468621700879766,0.12620668621700878,149414368.0,0.0116,4.0
TWLO,False,46.28384162049867,"graham_earnings_stability,graham_pe,graham_pe_times_pb,munger_roe",45023649792.0,40.549103,5.014882,4.621,0.11868000000000001,0.13497,0.4891703932333706,0.03114173057416098,954675392.0,,1.0
XPEL,False,46.24149506308374,"graham_size,graham_pe,graham_pe_times_pb,munger_fcf",1247714176.0,22.85606,4.337679,2.61,0.19949000000000003,0.19365999,0.42213145737085256,0.1315602687946241,-15348625.0,,4.0
CNM,False,46.23043123816418,"graham_debt_to_equity,graham_pe_times_pb,munger_gross_margin",7674694144.0,17.123457,3.7786052,2.468,1.3065600000000002,0.23561001,0.2692559173532104,0.09441611089316072,477000000.0,,4.0
EHC,False,46.229249560180214,"graham_current_ratio,graham_pe_times_pb",11772308480.0,19.921537,4.5384707,1.192,0.82121,0.24968,0.43865,0.12406291680080946,229924992.0,0.0070999999999999995,4.0
SF,False,46.20552735452729,"data_missing:free_cash_flow,graham_current_ratio",10637317120.0,12.601968,2.0041823,0.895,0.52002,0.16427,0.95567,0.15599680493897022,,0.019299999999999998,4.0
ROKU,False,46.17505637553747,"graham_earnings_stability,graham_pe,graham_pe_times_pb,munger_roe",22595305472.0,64.50848,8.001262,2.866,0.16792,0.13122,0.43789615538632004,-0.0011871864083199306,836552128.0,,1.0
KBR,False,46.167048157726114,"graham_current_ratio,graham_debt_to_equity,graham_earnings_stability,munger_gross_margin",4314038784.0,10.307229,2.6369731,1.148,1.7040199999999999,0.27531,0.14770100179809914,0.09992293860775751,281500000.0,0.018799999999999997,2.0
SBAC,False,46.1398875757721,"data_missing:debt_to_equity,data_missing:return_on_equity,graham_current_ratio,graham_pe_times_pb",16877557760.0,17.143318,-3.6453416,0.165,,,0.7545513738397998,0.47698745958902916,752056384.0,0.0316,4.0
ELAN,False,46.032080095119696,"data_missing:trailing_pe,graham_earnings_stability,munger_roe",11089105920.0,,1.6829693,2.05,0.64253,-0.029779999,0.5499469777306468,0.086260006,826875008.0,,0.0
BKR,False,46.0095081174455,"graham_earnings_stability,graham_pe_times_pb,munger_gross_margin",55579820032.0,18.003216,2.7908485,2.095,0.80925,0.16463,0.18592163772128534,0.11071184735348018,4415000064.0,0.0165,3.0
FBIN,False,46.00063580698894,"graham_debt_to_equity,graham_pe,graham_pe_times_pb,munger_roe",4583267840.0,30.963709,1.9854691,2.014,1.21292,0.06406,0.5976859138983238,0.11563452231582722,299150016.0,0.027000000000000003,4.0
SKY,False,45.8432366150011,"graham_pe,graham_pe_times_pb,munger_roe,munger_gross_margin",4763081728.0,25.657894,3.0279503,2.738,0.07833,0.12645,0.26441984067660823,0.09451918972503406,184228752.0,,4.0
NHC,False,45.77513777787112,"graham_pe,graham_pe_times_pb,munger_roe",3544408576.0,25.457254,3.1581774,1.862,0.027839999999999997,0.13267,0.39488,0.08456555985349665,63169624.0,0.012,4.0
TPC,False,45.76646683966486,"graham_current_ratio,graham_earnings_stability,graham_pe,graham_pe_times_pb,munger_roe,munger_gross_margin",4580346880.0,37.556034,3.7759478,1.285,0.34819,0.13736,0.11681588384999636,0.041847261042182816,573201344.0,0.0043,1.0
KAI,False,45.72041814050186,"graham_pe,graham_pe_times_pb,munger_roe",3176062208.0,28.919355,3.1047978,2.591,0.49396,0.11291,0.44798002,0.14947806980863826,105733624.0,0.0055000000000000005,4.0
CRK,False,45.679062428842116,"graham_current_ratio,graham_debt_to_equity,graham_earnings_stability,munger_fcf",3783300864.0,7.2387643,1.4668715,0.476,1.0020099999999998,0.19018,0.56847,0.2908864566729827,-868676608.0,,1.0
TTEK,False,45.66255173166348,"graham_current_ratio,graham_pe,graham_pe_times_pb,munger_gross_margin",8531400192.0,20.072289,4.606664,1.184,0.55247,0.24297,0.1766335513055365,0.07504129467771778,396642240.0,0.0085,4.0
CBT,False,45.55275884103262,"graham_current_ratio,graham_pe,graham_pe_times_pb,munger_roe,munger_gross_margin",4010983936.0,21.764706,2.4995174,1.467,0.74394,0.13345,0.25316455696202533,0.1672502019929976,258250000.0,0.0242,4.0
FG,False,45.47653266666667,"graham_current_ratio,graham_earnings_stability,munger_roe",2874028032.0,7.220395,0.62359726,0.941,0.48807,0.09167,0.32766998,-0.0373,2268624896.0,0.0455,2.0
AWR,False,45.425843895235104,"graham_current_ratio,graham_pe,graham_pe_times_pb,munger_roe,munger_fcf",3269542656.0,22.53825,2.915356,0.98,0.8181100000000001,0.1367,0.5762,0.3088943019999301,-25544000.0,0.0269,4.0
TR,False,45.37814482563438,"graham_pe,graham_pe_times_pb,munger_roe",2867094784.0,30.035435,3.0025976,2.893,0.013959999999999998,0.1034,0.352810283349078,0.1377961677706123,59253124.0,0.0095,4.0
FIVN,False,45.37191131752791,"graham_debt_to_equity,graham_earnings_stability,graham_pe,graham_pe_times_pb,munger_roe",2552182016.0,50.22794,3.2519279,4.149,1.07449,0.079169996,0.5507445904926341,0.02510686735915787,260481504.0,,1.0
GHC,False,45.244419576972604,"munger_roe,munger_gross_margin",4834848256.0,9.232997,1.0153874,1.86,0.30218,0.118710004,0.29947,0.0478354853638241,267685120.0,0.006500000000000001,4.0
TKO,False,45.220483830046305,"graham_current_ratio,graham_pe,graham_pe_times_pb,munger_roe",33288757248.0,61.069443,3.8495045,1.278,0.59216,0.07063,0.59455,0.17634390117654114,856147520.0,0.018000000000000002,4.0
IR,False,45.208692942767556,"graham_pe,graham_pe_times_pb,munger_roe",29627635712.0,31.553719,2.9110594,1.616,0.47903,0.0947,0.4360663451358664,0.14960331464272178,1107425024.0,0.0011,4.0
GWRE,False,45.13589310964537,"graham_earnings_stability,graham_pe,graham_pe_times_pb,munger_roe",12454277120.0,93.18712,10.433783,1.786,0.59897,0.10508,0.6421253616906484,0.10158449140991065,343031744.0,,2.0
TALO,False,45.0859,"data_missing:trailing_pe,graham_earnings_stability,munger_roe",2793332224.0,,1.4896269,1.613,0.66094,-0.17822,0.71367997,-0.31475166706927254,550837376.0,,0.0
LCII,False,45.07959357158332,munger_gross_margin,2030497024.0,9.677867,1.4182132,2.486,0.80054,0.15,0.23781925207974638,0.06790898727491905,264589248.0,0.055999999999999994,4.0
MSM,False,45.06865291327339,"graham_pe,graham_pe_times_pb",7299669504.0,31.572466,5.1426215,1.548,0.39130000000000004,0.16322,0.40751464178074615,0.080000350177118,195171120.0,0.0271,4.0
VCEL,False,45.05750283473215,"graham_earnings_stability,graham_pe,graham_pe_times_pb,munger_roe",2056713728.0,83.677086,5.554557,5.039,0.25168,0.07157,0.7442255274941268,0.03997697812559953,55544876.0,,2.0
CORT,False,45.026813511243205,"graham_pe,graham_pe_times_pb,munger_roe",12596166656.0,264.82956,17.817278,2.859,0.013349999999999999,0.08226,0.98305,0.058834499814159835,77395128.0,,4.0
FOX,False,45.02578259565808,munger_roe,23529388032.0,14.53125,2.0134954,3.169,0.6406000000000001,0.14291,0.36629,0.25214002,555374976.0,0.0106,4.0
KHC,False,44.91592142857143,"data_missing:trailing_pe,graham_current_ratio,graham_earnings_stability,munger_roe",26372720640.0,,0.73256695,1.061,0.52591,-0.0876,0.33498,0.1549,3250500096.0,0.0712,0.0
AMD,False,44.90527948043939,"graham_pe,graham_pe_times_pb,munger_roe",1034556538880.0,160.43924,15.385278,2.609,0.06361,0.10196,0.4951644100580271,0.10664280146655504,8841499648.0,,4.0
MHK,False,44.89704414139224,"graham_earnings_stability,munger_roe,munger_gross_margin",8575648768.0,16.768211,0.8967974,1.916,0.27604,0.055120002,0.23872086338939677,0.04541324382962152,966899968.0,,2.0
SWKS,False,44.86797204136847,"graham_pe,graham_pe_times_pb,munger_roe",12656662528.0,44.76064,2.2070396,3.101,0.11869,0.05094,0.41158335168465093,0.12234211749736965,448812512.0,0.041299999999999996,4.0
GD,False,44.85375292589629,"graham_current_ratio,graham_pe,graham_pe_times_pb,munger_gross_margin",89370451968.0,20.141464,3.3264854,1.441,0.35335,0.17803,0.15375,0.10192197906755471,4400124928.0,0.0191,4.0
RVTY,False,44.77283088099585,"graham_pe,graham_pe_times_pb,munger_roe",16905339904.0,72.488045,2.3385766,1.8,0.46225,0.03211,0.6008263729149694,0.12486996905867577,604992128.0,0.0019,4.0
TOL,False,44.73593092066512,"munger_roe,munger_gross_margin",12602945536.0,11.020951,1.4809,4.502,0.34101,0.14393,0.24826999,0.11006406320477295,557737472.0,0.0076,4.0
ASO,True,44.73489279224396,,3005049856.0,8.18792,1.3895217,1.743,0.90381,0.18613,0.34783892197031296,0.0846107667507955,169622880.0,0.0125,4.0
VAC,False,44.70879590217135,"data_missing:trailing_pe,graham_debt_to_equity,graham_earnings_stability,munger_roe",3607725056.0,,1.8079495,4.549,2.68546,-0.1471,0.53148,0.18478,275249984.0,0.031,0.0
SCSC,False,44.649224797136235,"graham_size,munger_roe,munger_gross_margin",1241602944.0,16.934065,1.3645017,1.755,0.12176000000000001,0.08681,0.135569310199246,0.030571948090272288,95035624.0,,4.0
JBL,False,44.63661926444291,"graham_current_ratio,graham_debt_to_equity,graham_pe,graham_pe_times_pb,munger_gross_margin",31960061952.0,31.314169,19.834818,0.993,2.48609,0.66369003,0.08878598751761627,0.039661767666599554,1275500032.0,0.0011,4.0
HLI,False,44.621663458861605,"data_missing:free_cash_flow,graham_pe,graham_pe_times_pb",8847980544.0,20.926447,3.9245198,1.664,0.20846,0.17794001,0.3232220760219233,0.20134318185638597,,0.0218,4.0
VNO,False,44.615329536236416,"graham_debt_to_equity,graham_earnings_stability,graham_pe,graham_pe_times_pb,munger_roe",6928114176.0,1127.6667,1.3716905,5.343,1.2231699999999999,0.00603,0.49595,0.2694253415414194,445744128.0,0.022099999999999998,3.0
MMSI,False,44.53180398873829,"graham_pe,graham_pe_times_pb,munger_roe",5110913536.0,35.224277,3.0425124,4.198,0.48822000000000004,0.0919,0.4870156856691642,0.12185452132256222,173902128.0,,4.0
MUSA,False,44.52275886357974,"graham_current_ratio,graham_debt_to_equity,graham_pe_times_pb,munger_gross_margin",9488303104.0,15.781717,12.122393,0.925,3.5293200000000002,0.86394,0.08061,0.03836614118368371,386800000.0,0.0051,4.0
DLR,False,44.51167528054185,"graham_current_ratio,graham_pe,graham_pe_times_pb,munger_roe",67756646400.0,87.517075,2.486005,0.89,0.67944,0.02912,0.56994,0.10772536879005191,3768482048.0,0.0277,4.0
EXP,False,44.48987424683881,"graham_debt_to_equity,graham_pe_times_pb,munger_gross_margin",5281217024.0,13.566982,3.5667078,3.231,1.20746,0.2703,0.2826503535820377,0.317311978017941,25278250.0,0.0058,4.0
PLNT,False,44.46424659014949,"data_missing:debt_to_equity,data_missing:return_on_equity,graham_pe_times_pb",3204629760.0,14.370748,-5.185322,1.584,,,0.58525,0.2980619932575309,156152992.0,,4.0
OLLI,False,44.43869499469141,"graham_pe_times_pb,munger_roe",5230382080.0,19.697989,2.7659976,2.228,0.38281,0.14862001,0.40500710026204156,0.11236042002145555,119643128.0,,4.0
CENT,False,44.43211547704023,munger_roe,2482735616.0,14.690741,1.4211243,3.787,0.8063400000000001,0.099709995,0.3187293470966093,0.07990859991690902,342347872.0,,4.0
CENTA,False,44.43211547704023,munger_roe,2144109568.0,12.687037,1.227294,3.787,0.8063400000000001,0.099709995,0.3187293470966093,0.07990859991690902,342347872.0,,4.0
FOXA,False,44.42415736650539,"graham_pe_times_pb,munger_roe",26200690688.0,16.18099,2.2420886,3.169,0.6406000000000001,0.14291,0.36629,0.25214002,555374976.0,0.0095,4.0
SXI,False,44.400423168849606,"graham_pe,graham_pe_times_pb",3573906432.0,33.564014,4.6442595,2.404,0.74985,0.17218,0.3563978925951351,0.10012323521384205,165311008.0,0.0048,4.0
TRN,False,44.262799502738716,"graham_debt_to_equity,munger_gross_margin,munger_fcf",2093714176.0,6.212766,1.8322526,2.168,4.68386,0.30156,0.26239002,0.30098752839723675,-335049984.0,0.0481,4.0
EFC,False,44.185249999999996,"data_missing:free_cash_flow,graham_size,graham_debt_to_equity,graham_earnings_stability,munger_roe",1527293568.0,7.26875,0.8502705,7.625,9.287799999999999,0.12247,1.0,0.55869997,,0.1334,3.0
RBA,False,44.168804559282414,"graham_current_ratio,graham_pe,graham_pe_times_pb,munger_roe",15307339776.0,35.41595,2.7315493,1.312,0.77606,0.08066,0.5472703103714923,0.15540113708149084,603587520.0,0.016200000000000003,4.0
NVT,False,44.128971906940016,"graham_pe,graham_pe_times_pb",27642908672.0,47.44028,6.9334607,1.8,0.40957,0.15748,0.37735994451722277,0.15843415273175618,452550016.0,0.0051,4.0
CCI,False,44.108546562149996,"data_missing:debt_to_equity,data_missing:return_on_equity,graham_current_ratio,graham_earnings_stability,graham_pe,graham_pe_times_pb",28441694208.0,27.285713,-8.708962,0.522,,,0.73732,0.4866322701688555,1036249984.0,0.0643,1.0
JXN,False,44.107350037500005,"data_invalid_outlier:operating_margin,graham_pe,graham_pe_times_pb,munger_roe",8943581184.0,145.1099,0.95491195,1.806,0.54611,0.0137600005,0.48801,-8.101191,1227750016.0,0.0278,4.0
URBN,False,44.06492918154954,graham_pe_times_pb,6881082880.0,12.571205,2.6340296,1.581,0.42512,0.20942,0.3597109081425042,0.09823147850187888,97297000.0,,4.0
ACLS,False,44.055173410820316,"graham_pe,graham_pe_times_pb,munger_roe",4555328000.0,49.499996,4.2739177,4.896,0.0655,0.088870004,0.4491375940351446,0.14220282987385705,42032248.0,,4.0
LKQ,False,44.00621202528334,munger_roe,5783627776.0,12.700001,0.89851433,1.578,0.8210500000000001,0.07131,0.3856860303274485,0.0727419236685957,724124992.0,0.0527,4.0
HUBB,False,43.89219814673203,"graham_debt_to_equity,graham_pe,graham_pe_times_pb",25177255936.0,28.193195,6.434977,1.609,1.41642,0.24444,0.35316360401053964,0.20682339253327858,495812512.0,0.012199999999999999,4.0
CRGY,False,43.882677723851025,"graham_current_ratio,graham_debt_to_equity,graham_earnings_stability,graham_pe,graham_pe_times_pb,munger_roe",4429061632.0,167.5625,0.85951525,0.945,1.00234,0.01517,0.62158,0.06404831355652384,601587648.0,0.0362,1.0
PPLI,False,43.830496314923984,"graham_earnings_stability,munger_roe",3089880576.0,7.0211506,0.60787845,3.691,0.27577,0.09043,0.66347003,-0.0407055188704277,76441128.0,,0.0
LNN,False,43.79132721561299,"graham_size,graham_pe,graham_pe_times_pb,munger_roe",1160981632.0,21.913628,2.326202,2.935,0.27616,0.10741,0.31163508622525016,0.13029001963428194,41360124.0,0.013500000000000002,4.0
SMP,False,43.78090734543426,"graham_size,munger_roe",837433344.0,9.571247,1.1706764,2.003,0.9527899999999999,0.12528,0.3123163897322291,0.07621159049062115,130171000.0,0.0354,4.0
OSIS,False,43.75715488265034,"graham_debt_to_equity,graham_pe,graham_pe_times_pb",3158024192.0,22.13352,3.7856407,3.153,1.26037,0.17344,0.35954928274117176,0.05132536358678988,209244624.0,,4.0
DG,False,43.71555673432457,"graham_current_ratio,graham_debt_to_equity,graham_pe_times_pb",26308550656.0,15.878828,2.8323398,1.209,1.69811,0.19692,0.30660930299520633,0.05157871377807827,1738019712.0,0.019799999999999998,4.0
LAZ,False,43.65485829857098,"data_missing:free_cash_flow,graham_debt_to_equity,graham_earnings_stability,graham_pe_times_pb",3562952192.0,17.83005,3.8579195,5.305,2.25799,0.25665,0.89509004,0.10280919363332293,,0.054900000000000004,2.0
MCD,False,43.64799164075185,"data_missing:debt_to_equity,data_missing:return_on_equity,graham_current_ratio,graham_pe_times_pb",164441751552.0,18.877335,-160.7054,1.081,,,0.57382,0.4609633624697787,6262374912.0,0.0333,4.0
CERT,False,43.594834255755615,"data_missing:trailing_pe,graham_size,graham_earnings_stability,munger_roe",1405644928.0,,1.4539287,2.551,0.31241,-0.022090001,0.61608005,0.050176918044685534,62582376.0,,0.0
TGT,False,43.59154716789655,"graham_current_ratio,graham_debt_to_equity,graham_pe_times_pb,munger_gross_margin",70471958528.0,16.091805,3.9495125,0.988,1.07583,0.26408002,0.2854195890750062,0.048835655659477,3432999936.0,0.0296,4.0
SGI,False,43.5785691248892,"graham_current_ratio,graham_debt_to_equity,graham_pe,graham_pe_times_pb",14424945664.0,24.763638,4.079969,0.748,1.98088,0.17516,0.42576071691299405,0.1009697050759045,687912512.0,0.0108,4.0
CZR,False,43.49633003324959,"data_missing:trailing_pe,graham_current_ratio,graham_debt_to_equity,graham_earnings_stability,munger_roe",6036986368.0,,1.7906793,0.851,7.2987,-0.103769995,0.49691,0.16176214522026816,762499968.0,,0.0
MATX,False,43.434797262774545,"graham_current_ratio,graham_pe_times_pb,munger_gross_margin",6905306624.0,15.581647,2.490106,0.888,0.25834,0.17206,0.23023,0.14943937808342053,147124992.0,0.0067,4.0
PAYO,False,43.39094120406795,"graham_current_ratio,graham_earnings_stability,graham_pe,graham_pe_times_pb,munger_roe,munger_fcf",2426171904.0,51.142857,3.7117677,1.003,0.13183999999999998,0.07058,0.85370004,0.11841762809491876,-69092496.0,,3.0
SABR,False,43.37891174885282,"data_missing:trailing_pe,data_missing:debt_to_equity,data_missing:return_on_equity,graham_size,graham_current_ratio,graham_earnings_stability",795058944.0,,-0.74283564,1.025,,,0.56426,0.10663905191767686,100824752.0,,1.0
REYN,False,43.33781704906842,munger_gross_margin,4690627584.0,13.653374,2.0309362,1.795,0.7134199999999999,0.15433,0.24563289438323033,0.14619,244124992.0,0.04190000000000001,4.0
PM,False,43.295449413345644,"data_missing:debt_to_equity,data_missing:return_on_equity,graham_current_ratio,graham_pe,graham_pe_times_pb",292762157056.0,25.801512,-34.10841,0.98,,,0.6711769336744735,0.36636488880141704,9714374656.0,0.034,4.0
MMI,False,43.29061059272359,"graham_size,graham_earnings_stability,graham_pe,graham_pe_times_pb,munger_roe",1079323648.0,75.0,1.8637196,2.915,0.12808999999999998,0.0242,0.37724,-0.01815651335618071,68309504.0,0.0173,0.0
ECL,False,43.28208766061813,"graham_debt_to_equity,graham_pe,graham_pe_times_pb",77098778624.0,36.966396,7.6674104,1.841,1.38023,0.21956,0.44210997,0.1702360520359177,1474824960.0,0.0108,4.0
EQIX,False,43.27890818970958,"graham_current_ratio,graham_debt_to_equity,graham_pe,graham_pe_times_pb,munger_roe",101681176576.0,66.10007,7.0699863,1.129,1.6221700000000001,0.10735,0.51979,0.2004990777910383,3785999872.0,0.0204,4.0
SJM,False,43.26915585714286,"graham_current_ratio,graham_debt_to_equity,graham_earnings_stability,graham_pe,graham_pe_times_pb,munger_roe",12513267712.0,54.738316,2.1759484,0.87,1.20682,0.03931,0.37951002,0.17898001,1464337536.0,0.038599999999999995,0.0
NXRT,False,43.24504444152326,"data_missing:trailing_pe,graham_size,graham_debt_to_equity,graham_earnings_stability,munger_roe",966539136.0,,1.9307287,2.87,6.29179,-0.11093,0.60032004,0.11115842423422384,71450872.0,0.1124,0.0
JBHT,False,43.22375005900071,"graham_current_ratio,graham_pe,graham_pe_times_pb,munger_gross_margin",22010159104.0,33.342815,6.019362,1.255,0.38372999999999996,0.18448,0.18505,0.08676307116088199,903028352.0,0.0079,4.0
WWD,False,43.22312620638468,"graham_pe,graham_pe_times_pb,munger_gross_margin",19736952832.0,37.223278,7.887702,1.645,0.5594100000000001,0.22339001,0.29626,0.17764,187228624.0,0.0038,4.0
ZBRA,False,43.1140227110414,"graham_current_ratio,graham_pe,graham_pe_times_pb",18009231360.0,34.622707,5.2159753,0.516,0.8623000000000001,0.15286,0.48054114158636024,0.12972572275759822,576750016.0,,4.0
UFPT,False,43.09708791083987,"graham_pe,graham_pe_times_pb,munger_gross_margin",2329623808.0,32.47948,5.037856,3.0,0.29483,0.17052001,0.28269881900540317,0.15318258053706305,34872376.0,,4.0
CMI,False,43.08333849890709,"graham_pe,graham_pe_times_pb,munger_gross_margin",73030713344.0,27.085464,5.671285,1.727,0.59586,0.21114,0.25292545292545293,0.11954261954261955,2229374976.0,0.017,4.0
IVZ,False,43.031600000000005,"data_missing:trailing_pe,graham_current_ratio,graham_earnings_stability,munger_roe,munger_gross_margin",13582740480.0,,1.3635155,0.708,0.12055999999999999,-0.0057300003,0.2952,-0.1090934750905584,1140787456.0,0.028300000000000002,0.0
VRSN,False,43.01636239327817,"data_missing:debt_to_equity,data_missing:return_on_equity,graham_current_ratio,graham_pe,graham_pe_times_pb",25973049344.0,31.195711,-11.522459,0.591,,,0.88465,0.6766871906314137,832837504.0,0.0113,4.0
Q,False,42.99588150738098,"graham_pe,graham_pe_times_pb,munger_roe",27659988992.0,47.18929,3.8104167,2.008,0.59992,0.06722,0.46219003,0.22323,772249984.0,0.0025,4.0
COST,False,42.987762987563336,"graham_current_ratio,graham_pe,graham_pe_times_pb,munger_gross_margin",407237296128.0,44.233025,11.374378,1.06,0.23953,0.28402,0.12824,0.03772412665540356,7147500032.0,0.0064,4.0
SUPN,False,42.976037794441446,"data_missing:trailing_pe,graham_earnings_stability,munger_roe",2471032576.0,,2.393683,2.083,0.03895,-0.104899995,0.72890997,-0.08663026182554608,84611000.0,,0.0
RSG,False,42.949869217734566,"graham_current_ratio,graham_debt_to_equity,graham_pe,graham_pe_times_pb",64297074688.0,29.615656,5.340158,0.644,1.18798,0.18152,0.43035,0.17354286014610817,1942625024.0,0.0129,4.0
MBGL,False,42.92645,"data_missing:return_on_equity,data_missing:free_cash_flow,graham_earnings_stability,graham_pe",5050245632.0,40.75,0.5130549,1.879,0.20417000000000002,,0.70948,0.25641,,0.013600000000000001,3.0
BFAM,False,42.84108696334568,"graham_current_ratio,graham_debt_to_equity,graham_pe,graham_pe_times_pb,munger_roe,munger_gross_margin",3140868096.0,20.501587,3.3705637,0.479,2.17779,0.14942999,0.23765521421240132,0.1072621520196809,240151376.0,,4.0
BA,False,42.80293143935392,"graham_current_ratio,graham_debt_to_equity,graham_earnings_stability,graham_pe,graham_pe_times_pb,munger_gross_margin",153630441472.0,69.720436,25.209953,1.138,7.90875,1.73537,0.04794160714485318,0.0478521847020556,5625375232.0,,1.0
CSGP,False,42.798261082282195,"graham_pe,graham_pe_times_pb,munger_roe",11084180480.0,151.97221,1.3960195,2.214,0.14537,0.00894,0.7887280566676933,-0.02217431475207884,412700000.0,,4.0
TNL,False,42.76438953825748,"data_missing:debt_to_equity,data_missing:return_on_equity,graham_pe_times_pb",3841160960.0,16.94054,-3.7695453,3.202,,,0.50611,0.13752797811489678,556374976.0,0.0381,4.0
R,False,42.75632142857143,"graham_current_ratio,graham_debt_to_equity,graham_pe_times_pb,munger_gross_margin",9113900032.0,19.307066,3.1656408,0.646,2.9360899999999996,0.16697,0.1983,0.08455,949249984.0,0.0175,4.0
CRH,False,42.72526656089395,graham_pe_times_pb,54646468608.0,14.512368,2.2757244,1.579,0.7759199999999999,0.15812,0.36125724357091354,0.14527198440462522,2019124992.0,0.0191,4.0
FDX,False,42.712296573359076,"graham_current_ratio,graham_debt_to_equity,graham_pe_times_pb,munger_roe,munger_gross_margin",68331487232.0,15.572815,2.1895452,1.475,1.35697,0.14846,0.27318,0.05767525337837838,5656625152.0,0.017,4.0
AJG,False,42.698538483217085,"graham_current_ratio,graham_pe,graham_pe_times_pb,munger_roe",58097123328.0,37.52318,2.449209,1.053,0.59401,0.06722,0.43186,0.1916,2082300032.0,0.0121,4.0
WINA,False,42.69807158134608,"data_missing:debt_to_equity,data_missing:return_on_equity,graham_size,graham_pe,graham_pe_times_pb",1070214912.0,27.035389,-28.40675,3.75,,,0.96664,0.6344019048128131,32954364.0,0.013600000000000001,4.0
MSCI,False,42.65524885757694,"data_missing:debt_to_equity,data_missing:return_on_equity,graham_current_ratio,graham_pe,graham_pe_times_pb",39015907328.0,28.9466,-14.506947,0.894,,,0.82975,0.5466866850068863,1194705920.0,0.015,4.0
SMTC,False,42.58340360525682,"graham_earnings_stability,graham_pe,graham_pe_times_pb",18316320768.0,135.35344,31.881496,1.698,0.7010500000000001,0.23663999,0.516339912855068,0.031015024167242077,132654752.0,,0.0
AWK,False,42.571250000000006,"graham_current_ratio,graham_debt_to_equity,graham_pe,graham_pe_times_pb,munger_roe,munger_fcf",25776144384.0,22.479202,2.2097003,0.523,1.37745,0.10095,0.61469,0.3669205233352861,-1785374976.0,0.027999999999999997,4.0
AKAM,False,42.53475533434873,"graham_debt_to_equity,graham_pe,graham_pe_times_pb,munger_roe",15689541632.0,39.554348,3.3011794,1.637,1.96672,0.08918,0.57452,0.12556512275688814,710060096.0,,4.0
DIS,False,42.464995217048354,"graham_current_ratio,graham_pe,graham_pe_times_pb,munger_roe",176857464832.0,21.118744,1.6104195,0.709,0.39404000000000006,0.0801,0.37595,0.18587238549113053,4860375040.0,0.0148,4.0
FDXF,False,42.3906985570806,"data_missing:debt_to_equity,graham_pe,graham_pe_times_pb,munger_gross_margin,munger_fcf",16841721856.0,25.716894,-33.886883,1.517,,0.69093,0.29278,0.061398521887436046,-511124992.0,,4.0
FCFS,False,42.37976375751031,"graham_debt_to_equity,graham_pe,graham_pe_times_pb",9272457216.0,24.349659,4.0035577,4.887,1.16419,0.17398001,0.5027548160455914,0.15508,219812256.0,0.008100000000000001,4.0
CVNA,False,42.346896409459475,"graham_debt_to_equity,graham_earnings_stability,graham_pe,graham_pe_times_pb,munger_gross_margin",70537084928.0,33.66931,11.359335,3.926,1.1088,0.58773,0.20627890955614606,0.09255978742249779,424375008.0,,3.0
PVH,False,42.2428456763935,"data_missing:trailing_pe,munger_roe",3490788608.0,,0.72839653,1.648,0.86909,-0.03499,0.5752497150901655,0.02576478737905298,529800000.0,0.002,4.0
ALG,False,42.181408096301574,"graham_size,graham_pe_times_pb,munger_roe,munger_gross_margin",1934696704.0,19.082834,1.600725,4.391,0.23471,0.08771,0.24805966147351619,0.09453861814599228,91344752.0,0.0084,4.0
GOLF,False,42.15919723752711,"graham_debt_to_equity,graham_pe,graham_pe_times_pb",4907484160.0,22.83288,5.3066187,2.55,1.17199,0.25239,0.4772891239013104,0.11702211644057794,45248500.0,0.012199999999999999,4.0
ES,False,42.14519880302643,"graham_current_ratio,graham_debt_to_equity,graham_earnings_stability,munger_roe",24325656576.0,16.730572,1.4883957,0.8,1.807,0.09016,0.52752,0.2206049437066314,811961344.0,0.049,2.0
RNG,False,42.054147013795415,"data_missing:debt_to_equity,data_missing:return_on_equity,graham_current_ratio,graham_earnings_stability,graham_pe,graham_pe_times_pb",6485088768.0,62.128002,-10.657335,1.106,,,0.7124484422748298,0.04793009698855969,639506496.0,0.0034999999999999996,1.0
HIMS,False,41.92801162555004,"data_missing:trailing_pe,graham_current_ratio,graham_debt_to_equity,graham_earnings_stability,munger_roe",6724092416.0,,20.74874,0.934,4.77128,-0.32033002,0.7383500941585092,0.04498693792950103,849437248.0,,2.0
SLB,False,41.914766076075686,"graham_current_ratio,graham_pe,graham_pe_times_pb,munger_roe,munger_gross_margin",72552341504.0,24.4425,2.782616,1.439,0.47002000000000005,0.12909001,0.16991,0.19686132488305416,2955124992.0,0.0242,4.0
PSX,False,41.9144299717336,"graham_current_ratio,graham_pe_times_pb,munger_gross_margin",105844293632.0,15.140411,3.3595078,1.32,0.62884,0.23452999,0.13098,0.08529,4545375232.0,0.0192,4.0
PRU,False,41.90363078095238,"graham_current_ratio,graham_debt_to_equity,graham_earnings_stability,munger_roe,munger_gross_margin",38788349952.0,10.1931095,1.2291328,0.777,1.6389099999999999,0.12011,0.29015,0.075219996,7527750144.0,0.0495,3.0
UNH,False,41.881262216575436,"graham_current_ratio,graham_pe,graham_pe_times_pb,munger_roe,munger_gross_margin",332352421888.0,23.79627,3.4038112,0.777,0.69211,0.14152999,0.19723,0.04237130977038075,24272250880.0,0.0254,4.0
ATR,False,41.86052876733123,"graham_pe,graham_pe_times_pb,munger_roe",7652942336.0,21.726534,2.9126437,1.614,0.5278,0.13459,0.3092867335304198,0.1326486604692759,265978880.0,0.0159,4.0
KRG,False,41.81232351539094,"graham_current_ratio,graham_earnings_stability,munger_roe",5095608832.0,15.317499,1.7113329,0.929,0.96238,0.10738,0.73175,0.1330063201584756,152751120.0,0.0475,3.0
LW,False,41.794166918351365,"graham_current_ratio,graham_debt_to_equity,graham_pe,graham_pe_times_pb,munger_gross_margin",5991516160.0,20.951925,3.2826154,1.423,2.21223,0.16280001,0.20563192837590552,0.08939400813635195,452924992.0,0.0369,4.0
AZZ,False,41.68804592579913,"graham_earnings_stability,graham_pe,graham_pe_times_pb,munger_gross_margin",4184671488.0,21.227135,3.0376074,1.923,0.39448,0.15314999,0.23935506157277223,0.1603661640647726,104912376.0,0.0070999999999999995,3.0
FLS,False,41.6742586517037,"graham_pe,graham_pe_times_pb",9533125632.0,25.989548,4.2008333,2.153,0.9960800000000001,0.16936001,0.35146,0.13919,428336256.0,0.012,4.0
PRLB,False,41.667233006504624,"graham_earnings_stability,graham_pe,graham_pe_times_pb,munger_roe",2367549952.0,78.54762,3.4226725,3.637,0.0032400000000000003,0.04494,0.45421,0.088520005,41775752.0,,3.0
MOG-A,False,41.63969128606604,"graham_pe,graham_pe_times_pb,munger_gross_margin",12492819456.0,33.48506,5.619563,2.087,0.51557,0.18106002,0.27388007741753667,0.1164594117427649,333472640.0,0.0031,4.0
KN,False,41.63341677505321,"graham_earnings_stability,graham_pe,graham_pe_times_pb,munger_roe",3434349312.0,47.86905,4.317157,3.201,0.18881,0.094969995,0.4320633850303439,0.11850977747808496,39312500.0,,1.0
JBSS,False,41.56872928101225,"graham_size,munger_gross_margin",797670784.0,13.118269,2.0994396,2.08,0.28779,0.16724001,0.17962562719395614,0.07586973588744489,29046376.0,0.0143,4.0
DGX,False,41.56553489802436,"graham_pe,graham_pe_times_pb,munger_roe",25552535552.0,24.786938,3.388265,1.591,0.81074,0.14602,0.3849740383596482,0.14100589034888988,909625024.0,0.0149,4.0
FORM,False,41.547296661076984,"graham_pe,graham_pe_times_pb,munger_roe",11584078848.0,112.57576,10.445663,4.078,0.02691,0.10989001,0.39344427275147675,0.07270128523439062,114850000.0,,4.0
ACMR,False,41.54076345873718,"graham_pe,graham_pe_times_pb,munger_roe,munger_fcf",5797947904.0,39.266514,3.1166232,3.656,0.14523999999999998,0.11627,0.4438732998339082,0.12141119194416121,-186610256.0,,4.0
NNN,False,41.53925,"graham_current_ratio,graham_debt_to_equity,graham_pe,graham_pe_times_pb,munger_roe,munger_fcf",7847114752.0,20.140394,1.7591755,0.18,1.1211799999999998,0.08719,0.96094,0.6364475557997998,-1371816320.0,0.0617,4.0
ENPH,False,41.519056915277716,"graham_pe,graham_pe_times_pb,munger_roe",4423148544.0,33.227726,3.7522361,3.451,0.5189900000000001,0.12996,0.4664025770798752,0.10694338367328927,78322752.0,,4.0
THRM,False,41.47892500051318,"graham_size,graham_pe,graham_pe_times_pb,munger_roe,munger_gross_margin",975349120.0,36.895348,1.3473461,2.064,0.44955,0.03735,0.24167590861349444,0.055184765534811775,84331624.0,,4.0
PHIN,False,41.472798402444525,"munger_roe,munger_gross_margin",2203964160.0,17.23639,1.4302187,1.806,0.68916,0.08523,0.21877691645133507,0.07292563881711168,269249984.0,0.02,4.0
CALY,False,41.41571718758179,"graham_earnings_stability,graham_pe,graham_pe_times_pb,munger_roe",2614573824.0,33.82558,1.2046546,3.043,0.12643000000000001,0.03466,0.4211446046308432,0.06218144750254842,94225000.0,,0.0
MTH,False,41.373473917641476,"munger_roe,munger_gross_margin",4163646720.0,13.309374,0.823186,14.355,0.37707,0.063769996,0.18275999,0.08185001,293902112.0,0.0298,4.0
NOC,False,41.285459318717734,"graham_current_ratio,graham_pe_times_pb,munger_gross_margin",68269096960.0,15.284828,3.8173218,1.168,0.95348,0.26958,0.2006,0.10752252466987654,2478000128.0,0.020499999999999997,4.0
SCHL,False,41.270293903048255,"graham_size,graham_current_ratio,graham_earnings_stability,graham_pe,munger_roe",666605952.0,25.864286,0.9042101,1.253,0.7763899999999999,0.07377,0.56494,0.009608698400657437,35037500.0,0.0279,1.0
BBWI,False,41.198346297783964,"data_missing:debt_to_equity,data_missing:return_on_equity,graham_current_ratio,graham_pe_times_pb",3273711872.0,4.261155,-3.1053941,1.201,,,0.4373885612398848,0.1544369770950487,764625024.0,0.048799999999999996,4.0
KLIC,False,41.154696464627385,"graham_earnings_stability,graham_pe,graham_pe_times_pb,munger_roe",5302770688.0,46.483944,5.815161,3.444,0.0418,0.13231,0.42490303188748796,-0.0049290531295053674,57164124.0,0.0085,1.0
PRKS,False,41.14506728985291,"data_missing:debt_to_equity,data_missing:return_on_equity,graham_size,graham_current_ratio,graham_pe_times_pb",1480393728.0,13.491735,-2.398619,0.478,,,0.46013,0.21980332728041532,97038376.0,,4.0
AMN,False,41.11677266698139,"graham_size,graham_current_ratio,graham_debt_to_equity,graham_earnings_stability,munger_gross_margin",1423133568.0,13.659851,1.9190996,1.128,1.04658,0.15556,0.28349318000944174,-0.020316221370341437,445770624.0,,0.0
ENOV,False,41.063824107370436,"data_missing:trailing_pe,graham_size,graham_earnings_stability,munger_roe",1029688832.0,,0.6970525,1.985,0.9255500000000001,-0.54142,0.5984122232211131,-0.5000905229378897,185942752.0,,0.0
TDG,False,40.97295259038922,"data_missing:debt_to_equity,data_missing:return_on_equity,graham_pe,graham_pe_times_pb",60998934528.0,33.127586,-6.4924335,3.019,,,0.6014041444909977,0.471634016532669,1457374976.0,,4.0
ELF,False,40.97096446074839,"graham_pe,graham_pe_times_pb,munger_roe",6150403584.0,106.35715,5.2553825,2.546,0.79503,0.060399998,0.7072207773796313,0.04499435370724339,281395360.0,,4.0
PPC,False,40.95298441669506,"graham_current_ratio,munger_roe,munger_gross_margin",6525364224.0,11.96725,1.740221,1.355,0.82717,0.1452,0.1274840515391414,0.08722986224177869,508525376.0,,4.0
LSCC,False,40.927659919258666,"graham_pe,graham_pe_times_pb,munger_roe",19022743552.0,559.1667,23.375717,3.024,0.04836,0.04927,0.6821496688083598,0.021465346231906768,155063248.0,,4.0
CI,False,40.904620959630336,"graham_current_ratio,munger_gross_margin",71117684736.0,11.135292,1.6652334,0.846,0.7429000000000001,0.16758,0.091359995,0.03346671516915242,7980125184.0,0.0233,4.0
GRBK,True,40.87191277053041,,2862361856.0,9.977511,1.4847288,7.051,0.14244,0.16383,0.3053680513097393,0.11514045605927713,6958250.0,,4.0
CPB,False,40.7985283467042,"graham_current_ratio,graham_debt_to_equity,graham_earnings_stability,munger_roe,munger_gross_margin",5861803008.0,15.003818,1.5214027,0.815,1.79259,0.1005,0.28541002,0.0874384236453202,634499968.0,0.0513,0.0
KMI,False,40.75893267150915,"graham_current_ratio,graham_pe,graham_pe_times_pb,munger_roe",69158707200.0,20.054838,2.186467,0.458,0.98619,0.109910004,0.49407002,0.27891598275963864,1075000064.0,0.0387,4.0
VMC,False,40.75698423519514,"graham_pe,graham_pe_times_pb,munger_roe,munger_gross_margin",31498000384.0,28.972586,3.7159672,1.757,0.5821999999999999,0.13234,0.2738411555074234,0.20395159360793844,843600000.0,0.0085,4.0
GATX,False,40.751106767857145,"graham_debt_to_equity,graham_pe_times_pb,munger_roe,munger_fcf",6088356864.0,17.19342,2.1865926,3.302,3.47592,0.117989995,0.73627,0.27771,-4936737280.0,0.015600000000000001,4.0
SKYW,False,40.72156974012825,graham_current_ratio,3827216896.0,9.58292,1.3605537,0.569,0.8633299999999999,0.15341,0.30895,0.17236351865753377,145134624.0,,4.0
PANW,False,40.71847596468978,"graham_current_ratio,graham_pe,graham_pe_times_pb,munger_roe",329220456448.0,1006.175,11.9310465,0.871,0.09337,0.01739,0.7035714285714286,0.06054006968641115,4240624896.0,,4.0
WAT,False,40.67908109647347,"graham_pe,graham_pe_times_pb,munger_roe,munger_fcf",41761390592.0,107.40656,2.749457,1.861,0.36045,0.019199999,0.56337,0.2535593940010476,-142067632.0,,4.0
MLKN,False,40.639582915343624,"graham_size,graham_debt_to_equity,graham_earnings_stability,munger_roe",1400763776.0,14.439717,1.0339224,1.647,1.2821799999999999,0.073460005,0.387536767576854,0.05161777338157587,121150000.0,0.037200000000000004,1.0
FLO,False,40.63641938571803,"graham_size,graham_current_ratio,graham_debt_to_equity,graham_pe,munger_roe",1175858432.0,21.326923,0.8884794,0.772,1.51702,0.040110003,0.48629,0.033098391527864944,298536992.0,0.08990000000000001,4.0
TMO,False,40.61702732353401,"graham_pe,graham_pe_times_pb,munger_roe",241615077376.0,35.45632,4.586553,1.551,0.8057500000000001,0.13515,0.40987998,0.17384863991381633,6237250048.0,0.0029,4.0
FRPT,False,40.44781555877812,"graham_earnings_stability,graham_pe_times_pb",2883484416.0,15.544042,2.3571932,6.046,0.39885,0.17622,0.4080035208232193,0.06866694192002831,19274124.0,,2.0
COTY,False,40.3693,"data_missing:trailing_pe,graham_current_ratio,graham_earnings_stability,munger_roe",2386660352.0,,0.79823273,0.755,0.9753799999999999,-0.16093001,0.6289394826576654,-0.014035752419660387,362687488.0,,0.0
PTON,False,40.35042635206168,"data_missing:debt_to_equity,data_missing:return_on_equity,graham_earnings_stability,graham_pe,graham_pe_times_pb",2174609664.0,35.392857,-15.581761,2.837,,,0.5260425183973835,0.06569910057236304,353875008.0,,1.0
NOVT,False,40.3133664709547,"graham_pe,graham_pe_times_pb,munger_roe",5662643712.0,94.76898,3.5029829,4.569,0.17668,0.051090002,0.4438955741382827,0.09587191515398735,118383248.0,,4.0
COR,False,40.21064062887151,"graham_current_ratio,graham_debt_to_equity,graham_pe,graham_pe_times_pb,munger_gross_margin",58923614208.0,22.906528,19.313234,0.935,4.46516,0.96871,0.03572165157521616,0.008180306662046867,2043314048.0,0.0077,4.0
EZPW,False,40.162755229769346,"graham_size,munger_roe,munger_fcf",1866588288.0,15.265829,1.6035366,4.811,0.69526,0.14745,0.5854796434064726,0.11706139937847256,-11004125.0,,4.0
WSC,False,40.13272681791319,"data_missing:trailing_pe,graham_current_ratio,graham_debt_to_equity,graham_earnings_stability,munger_roe",3153628672.0,,3.6185033,0.811,4.16655,-0.07083,0.5100212759802336,0.07953464600959216,248800992.0,0.0163,0.0
TXRH,False,40.102474965922546,"graham_current_ratio,graham_pe,graham_pe_times_pb,munger_gross_margin",10230138880.0,24.936,6.6571274,0.458,0.68842,0.27714002,0.16252,0.08076453600881241,235890752.0,0.0192,4.0
IART,False,40.0,"data_missing:trailing_pe,graham_size,graham_debt_to_equity,graham_earnings_stability,munger_roe",1006376192.0,,0.96459186,3.601,1.96489,-0.00696,0.6203468555283744,-0.30171014129381224,94402000.0,,0.0
POST,False,39.96607980881385,"graham_debt_to_equity,munger_roe,munger_gross_margin",3290872832.0,13.201818,1.036945,1.851,2.47074,0.082779996,0.2867579460903887,0.09797624446868756,394649984.0,,4.0
DVN,False,39.88844286401644,"graham_current_ratio,munger_roe",52354502656.0,10.34674,1.3109765,0.717,0.28488,0.11522,0.50349,-0.4286983562860951,782625024.0,0.0271,4.0
WTRG,False,39.868500000000004,"graham_current_ratio,graham_debt_to_equity,graham_pe,graham_pe_times_pb,munger_roe,munger_fcf",11136890880.0,20.12564,1.5868106,0.777,1.21656,0.08078,0.5643,0.3721593055889502,-657633024.0,0.0373,4.0
WYNN,False,39.81676977049533,"data_missing:debt_to_equity,data_missing:return_on_equity,graham_current_ratio,graham_earnings_stability,graham_pe_times_pb",7871324160.0,18.330936,-45.965126,0.912,,,0.683,0.10949407978373421,476188864.0,0.0129,3.0
BILL,False,39.79860006258821,"data_missing:trailing_pe,graham_earnings_stability,munger_roe",4331959808.0,,1.1341591,1.51,0.5374300000000001,-0.00302,0.8092773839192818,-0.044428246509714726,222836880.0,,0.0
OPCH,False,39.784382865486464,"graham_current_ratio,graham_debt_to_equity,graham_pe_times_pb,munger_gross_margin",3404618496.0,17.219696,2.7020924,1.465,1.00649,0.15999,0.1925641811276323,0.05981146359539635,256067872.0,,4.0
NOV,False,39.743399699385705,"graham_pe,graham_pe_times_pb,munger_roe,munger_gross_margin",6753477632.0,70.166664,1.0909249,2.422,0.37151,0.01545,0.2020814272644099,0.056495882891125344,673374976.0,0.019,4.0
BIO,False,39.733903102966934,"graham_earnings_stability,graham_pe,graham_pe_times_pb,munger_roe",9841309696.0,44.791718,1.3706145,3.142,0.19103,0.0311,0.5186977392381542,0.018271910808299784,283187488.0,,1.0
BOOT,False,39.72735248850532,graham_pe_times_pb,3679305728.0,15.378481,2.787043,2.53,0.59323,0.19174999,0.38083793174284636,0.13272569402078835,12682000.0,,4.0
ABBV,False,39.635737540595066,"data_missing:debt_to_equity,data_missing:return_on_equity,graham_current_ratio,graham_pe,graham_pe_times_pb",464893214720.0,74.31638,-78.32092,0.809,,,0.72792,0.24648463047743624,16870250496.0,0.026600000000000002,4.0
MAC,False,39.61486416686456,"data_missing:trailing_pe,graham_current_ratio,graham_debt_to_equity,graham_earnings_stability,munger_roe",6778322944.0,,2.3085814,0.329,1.6892699999999998,-0.06179,0.54914004,0.16256,388895136.0,0.0302,0.0
RHI,False,39.61038298567301,"graham_current_ratio,graham_pe,graham_pe_times_pb,munger_roe",3664156416.0,31.147827,2.924798,1.468,0.19940000000000002,0.09111,0.3722805180472049,0.014216029507078731,113581872.0,0.0625,4.0
MSEX,False,39.58473517874075,"graham_size,graham_current_ratio,graham_pe,graham_pe_times_pb,munger_roe,munger_fcf",1008151104.0,20.656372,1.9346207,0.497,0.83981,0.097679995,0.53659,0.2792895518095062,-28346000.0,0.0275,4.0
MKSI,False,39.55792709003028,"graham_current_ratio,graham_debt_to_equity,graham_earnings_stability,graham_pe,graham_pe_times_pb",18942384128.0,44.537365,6.337866,1.144,1.4009399999999999,0.15845999,0.46731111676418213,0.13431696769269905,480375008.0,0.0037,2.0
EL,False,39.411601632983775,"graham_current_ratio,graham_debt_to_equity,graham_earnings_stability,graham_pe,graham_pe_times_pb,munger_roe",33234057216.0,183.45,8.719106,1.222,2.4293199999999997,0.04745,0.7550003322479899,0.051830686424347135,1812125056.0,0.0155,1.0
HWKN,False,39.39956486418733,"graham_pe,graham_pe_times_pb,munger_gross_margin",2746747904.0,34.445026,6.2221594,2.27,0.47009,0.15614,0.2261289143818931,0.11192530008415644,81369504.0,0.0063,4.0
AFG,False,39.39600858047622,munger_gross_margin,11559251968.0,12.174672,2.397537,2.085,0.42232,0.20413,0.20156,0.13126988010765842,142250000.0,0.0255,4.0
ALHC,False,39.376109790397486,"graham_size,graham_debt_to_equity,graham_earnings_stability,graham_pe,graham_pe_times_pb,munger_gross_margin",1633551872.0,41.44737,6.1523438,1.698,1.24655,0.20044,0.12549,0.0037358951092746786,188581872.0,,0.0
DBD,False,39.35218597667409,"graham_current_ratio,graham_debt_to_equity,graham_earnings_stability,graham_pe,graham_pe_times_pb,munger_roe,munger_gross_margin",2146442752.0,20.937086,2.2184408,1.267,1.13548,0.10944,0.25256851564758126,0.06358882728538771,312012512.0,,1.0
UNF,False,39.331513063288625,"graham_pe,graham_pe_times_pb,munger_roe",4515255808.0,39.443916,2.0541847,3.111,0.03869,0.05296,0.36678,0.07585168594019287,98668752.0,0.0058,4.0
EMN,False,39.31518549373065,"graham_current_ratio,munger_roe,munger_gross_margin",7483820544.0,17.271769,1.2276589,1.498,0.88518,0.07334,0.21069469835466179,0.16043564771180227,544625024.0,0.0525,4.0
CHRW,False,39.265396625647156,"graham_debt_to_equity,graham_pe,graham_pe_times_pb,munger_gross_margin",18460745728.0,30.14981,11.367463,1.582,1.21188,0.37123,0.08447,0.04897262406898936,480618368.0,0.0165,4.0
CWEN,False,39.255865205633675,"graham_current_ratio,graham_debt_to_equity,graham_pe,graham_pe_times_pb,munger_roe",7293026304.0,34.38372,1.9357162,1.207,1.76898,-0.03167,0.64422,0.11196641007697691,421750016.0,0.0637,4.0
MCHP,False,39.24759537084305,"graham_earnings_stability,graham_pe,graham_pe_times_pb,munger_roe",44271497216.0,118.15942,6.8627944,1.921,0.8368800000000001,0.0719,0.5773482421336276,0.10398676030638009,1364762496.0,0.0232,1.0
FN,False,39.241302418949864,"graham_pe,graham_pe_times_pb,munger_gross_margin,munger_fcf",16678440960.0,35.610176,6.795716,2.253,0.00164,0.21326,0.11990936625543487,0.09973654935460302,-57873500.0,,4.0
HE,False,39.213443262345706,"graham_size,graham_current_ratio,graham_debt_to_equity,graham_earnings_stability,munger_roe,munger_gross_margin",1545950848.0,6.980469,0.87546545,0.986,1.5886799999999999,0.13448,0.17581,0.07623256501028865,324624384.0,,1.0
WOR,False,39.20138420297487,"graham_pe_times_pb,munger_gross_margin",2979885824.0,18.400303,2.981447,2.666,0.33189,0.16222,0.2738559261908416,0.05517225901547247,65798000.0,0.013500000000000002,4.0
AVNT,False,39.201175075251285,"graham_pe,graham_pe_times_pb,munger_roe",3813240320.0,22.472973,1.5647936,1.9,0.76563,0.071100004,0.3115146310042329,0.06241948346727195,263787504.0,0.0271,4.0
LFUS,False,39.136936409016535,"data_missing:trailing_pe,graham_earnings_stability,munger_roe",11651548160.0,,4.4495583,2.761,0.27093,-0.0030899998,0.3908831923869141,0.17138020170138535,364767136.0,0.0073,0.0
HCC,False,39.13005714285715,"graham_pe,graham_pe_times_pb,munger_roe,munger_fcf",4738987520.0,21.57452,2.069212,3.927,0.10297,0.10037,0.30597,0.18545,-53619500.0,0.0036,4.0
ARW,False,39.1299353023746,"graham_current_ratio,munger_roe,munger_gross_margin",12366963712.0,15.513411,1.7678136,1.217,0.30663,0.12036,0.11236269742246564,0.026649749853620085,732857856.0,,4.0
AGCO,False,39.109028265954905,"graham_current_ratio,graham_earnings_stability,graham_pe_times_pb,munger_roe,munger_gross_margin",7967509504.0,15.735823,1.9517257,1.321,0.66053,0.118269995,0.2545923427891291,0.05908549890894664,450262496.0,0.010700000000000001,1.0
JCI,False,39.07689132599575,"graham_current_ratio,graham_pe,graham_pe_times_pb,munger_roe",94671323136.0,44.025352,7.0220604,1.0,0.70107,0.14332,0.3641295134768605,0.08927489396081599,2984124928.0,0.0105,4.0
PAHC,False,39.028458182199955,"graham_size,graham_debt_to_equity,graham_pe_times_pb,munger_fcf",1517484928.0,15.380658,3.9329684,2.956,2.06406,0.29716,0.3376044814118766,0.1280527609309838,-19298000.0,0.0134,4.0
AZTA,False,38.99289446835725,"data_missing:trailing_pe,graham_size,graham_earnings_stability,munger_roe",1692975360.0,,1.1199502,2.5,0.03574,-0.07041,0.45515399421711256,-0.045205541737324884,63366000.0,,0.0
MTD,False,38.989640501877794,"data_missing:return_on_equity,data_invalid_outlier:debt_to_equity,graham_current_ratio,graham_debt_to_equity,graham_pe,graham_pe_times_pb",29758699520.0,34.010075,2320.6562,1.122,166.68447,,0.5937429449987446,0.312,693589632.0,,4.0
NJR,False,38.899083999999995,"graham_current_ratio,graham_debt_to_equity,munger_roe,munger_fcf",5196452352.0,14.263159,1.9752946,0.661,1.4677799999999999,0.14453,0.39178002,0.3765744965052301,-259436368.0,0.0391,4.0
ETN,False,38.70137437988875,"graham_current_ratio,graham_debt_to_equity,graham_pe,graham_pe_times_pb",170001629184.0,44.492886,8.395689,1.24,1.05059,0.19684,0.36022,0.1718092566619916,3106125056.0,0.0101,4.0
NSIT,False,38.6937656866785,"graham_current_ratio,graham_debt_to_equity,graham_pe,graham_pe_times_pb,munger_roe,munger_gross_margin",4725458432.0,23.818047,2.960831,1.183,1.08517,0.13112001,0.21357930832114735,0.0406106087171615,438449760.0,,4.0
NEE,False,38.60623484848485,"graham_current_ratio,graham_debt_to_equity,graham_pe_times_pb,munger_roe,munger_fcf",160310050816.0,17.273033,2.806521,0.534,1.61676,0.11677,0.61024,0.2297979797979798,-17766875136.0,0.0326,4.0
DAL,False,38.521855423277415,"graham_current_ratio,graham_pe_times_pb,munger_gross_margin",55223894016.0,13.926202,2.5177643,0.424,0.96649,0.20125,0.187,0.09188182564232056,2817374976.0,0.0102,4.0
ALB,False,38.473994442280656,"graham_earnings_stability,graham_pe,graham_pe_times_pb,munger_roe,munger_gross_margin",12362210304.0,388.0,1.537423,2.086,0.18975999999999998,0.02648,0.13003183326841972,-0.0713791674582367,1334340224.0,0.015600000000000001,0.0
NI,False,38.47033102791352,"graham_current_ratio,graham_debt_to_equity,graham_pe,graham_pe_times_pb,munger_roe,munger_fcf",18945021952.0,21.013298,1.9784155,0.498,1.46649,0.085489996,1.0,0.2813668976513154,-1772999936.0,0.0304,4.0
DIOD,False,38.44706975376147,"graham_pe,graham_pe_times_pb,munger_roe",4821613056.0,56.29032,2.459883,3.167,0.04401,0.04684,0.312019718326965,0.023927296428718423,176820256.0,,4.0
BWA,False,38.356232181109384,"graham_pe,graham_pe_times_pb,munger_roe,munger_gross_margin",12399207424.0,29.990149,2.205877,2.127,0.7011,0.08056,0.18678401788208998,0.037440625873148926,1066249984.0,0.0113,4.0
OTTR,False,38.353034393427556,"graham_pe_times_pb,munger_roe,munger_fcf",3730628864.0,19.191145,1.9876744,1.707,0.67491,0.106850006,0.42191002,0.26598288756886523,-165230496.0,0.0255,4.0
WAB,False,38.29789633585331,"graham_current_ratio,graham_pe,graham_pe_times_pb,munger_roe",48785678336.0,38.872814,4.3552837,1.121,0.61686,0.11553001,0.3408256469956121,0.16056237127249934,1101374976.0,0.0043,4.0
ROCK,False,38.27280361879072,"graham_size,graham_current_ratio,graham_debt_to_equity,graham_earnings_stability,munger_roe,munger_gross_margin",1198783744.0,19.992573,1.3457628,1.457,1.53722,0.06241,0.26877211028435904,0.10810294310617076,307628128.0,,0.0
KSS,False,38.20903164202078,"graham_current_ratio,graham_debt_to_equity,graham_earnings_stability,munger_roe",2143381888.0,8.113734,0.512539,1.491,1.54055,0.06671,0.3445030870344553,0.040188059509241966,879500032.0,0.0264,3.0
TKR,False,38.16506953668741,"graham_pe,graham_pe_times_pb,munger_roe,munger_gross_margin",8530798592.0,33.266937,2.6667316,3.095,0.65523,0.08538,0.28645451108590747,0.11798856344668035,408962496.0,0.0121,4.0
SLGN,False,38.152144584384686,"graham_current_ratio,graham_debt_to_equity,munger_roe,munger_gross_margin",3709438720.0,13.764706,1.5590298,1.272,2.03153,0.11748,0.17729362475062338,0.08006499882960236,313311264.0,0.0242,4.0
EFOR,False,38.094386250963055,"graham_size,munger_roe,munger_gross_margin",1414090112.0,17.77835,0.7814837,2.127,0.8291,0.04571,0.28868957893679026,0.057858506682745454,213500000.0,,4.0
NE,False,38.09215525829332,"graham_pe,graham_pe_times_pb,munger_roe",6459124224.0,43.042553,1.4404728,1.915,0.42557,0.03283,0.35416,0.12647797884566686,252878256.0,0.0479,4.0
MLM,False,38.0094813167416,"graham_current_ratio,graham_pe,graham_pe_times_pb,munger_roe",34272888832.0,31.377438,2.509934,1.407,0.54945,0.08894,0.3071544715447154,0.23365853658536587,593374976.0,0.006999999999999999,4.0
CRSR,False,37.821558636586914,"graham_size,graham_earnings_stability,graham_pe,graham_pe_times_pb,munger_roe,munger_gross_margin",1508527616.0,44.98387,2.2689555,1.752,0.27172999999999997,0.05845,0.2892283766163208,0.0014098663479300228,77311376.0,,0.0
EYE,False,37.8210010598449,"graham_size,graham_current_ratio,graham_earnings_stability,graham_pe,graham_pe_times_pb,munger_roe",1301480832.0,26.548386,1.4507315,0.592,0.77705,0.057550002,0.58637,0.029599675570368224,48656000.0,,1.0
SAIA,False,37.75770690186256,"graham_pe,graham_pe_times_pb,munger_roe,munger_gross_margin",9334668288.0,33.6395,3.4233916,1.584,0.09872,0.10767,0.23584999,0.10889575009754858,135712256.0,,4.0
LEA,False,37.75485250373075,"graham_current_ratio,munger_roe,munger_gross_margin",8092162560.0,11.009964,1.162157,1.314,0.66026,0.12094,0.06468006070742204,0.03341917787016695,858987520.0,0.0254,4.0
STAA,False,37.753658450569915,"graham_size,graham_earnings_stability,graham_pe,graham_pe_times_pb,munger_roe",1125732480.0,280.62503,3.0795612,4.665,0.09836,0.0109399995,0.7618546453838508,-0.38302804019344977,15348500.0,,0.0
BDC,False,37.6960910914287,graham_pe_times_pb,4427754496.0,18.39367,3.1896238,2.135,0.97069,0.18643999,0.3797783878426367,0.11626867177814919,99734624.0,0.0018,4.0
UAL,False,37.69287524713011,"graham_current_ratio,graham_debt_to_equity",36527079424.0,10.547329,2.187749,0.78,2.01641,0.23252001,0.31816,0.0797866937531742,910124992.0,,4.0
ALKS,False,37.678916986474185,"graham_earnings_stability,graham_pe,graham_pe_times_pb,munger_roe",7025086464.0,110.19737,3.8791106,2.3,0.86952,0.03852,0.87182,0.1720686849167863,153381376.0,,3.0
ABG,False,37.66256083076044,"graham_current_ratio,graham_debt_to_equity,munger_roe,munger_gross_margin",3170039296.0,6.631056,0.80799925,0.91,1.4096899999999999,0.13233,0.17065948108228235,0.047813767431523976,360600000.0,,4.0
WBD,False,37.65519258613716,"data_missing:trailing_pe,graham_current_ratio,graham_earnings_stability,munger_roe",77583343616.0,,2.3634765,0.777,0.94199,-0.08786,0.47811002,0.019787644787644786,16167374848.0,,1.0
EPC,False,37.584156712390374,"data_missing:trailing_pe,graham_size,munger_roe",1248548736.0,,0.8550867,1.842,0.87622,-0.012949999,0.4159658196536991,0.04344501911400944,241862496.0,0.0225,4.0
KR,False,37.48474249393569,"graham_current_ratio,graham_debt_to_equity,graham_pe,graham_pe_times_pb,munger_roe,munger_gross_margin",34948083712.0,31.986486,6.038882,0.702,4.1324000000000005,0.14442,0.23900999,0.012801235420815215,2535500032.0,0.0262,4.0
CUZ,False,37.4827999925,"graham_current_ratio,graham_pe,graham_pe_times_pb,munger_roe,munger_fcf",4640836608.0,704.75,1.0349132,0.524,0.8420799999999999,0.0015199999,0.67779,0.6775006641068366,-25106624.0,0.0463,4.0
RUSHA,False,37.42776756583846,"graham_current_ratio,graham_pe,graham_pe_times_pb,munger_roe,munger_gross_margin",5513177600.0,21.37104,2.3615,1.452,0.6307699999999999,0.11795,0.19647910769087978,0.05296551946781057,313673632.0,0.0121,4.0
PLUS,False,37.404980425004084,"graham_pe,graham_pe_times_pb,munger_roe,munger_gross_margin",2444911616.0,20.062231,2.2596316,2.131,0.1143,0.11698,0.25222871680363423,0.068021153311561,39345124.0,0.0116,4.0
ST,False,37.353922885222204,"graham_earnings_stability,graham_pe,graham_pe_times_pb,munger_roe,munger_gross_margin",6346818560.0,70.33871,2.1451058,2.291,0.8259799999999999,0.03079,0.29497,0.06411121608854096,504049504.0,0.0113,2.0
CG,False,37.333785264285716,"data_missing:free_cash_flow,graham_debt_to_equity,graham_earnings_stability,graham_pe,graham_pe_times_pb,munger_roe",14290726912.0,41.776043,2.7035863,1.808,1.97617,0.077659994,0.98319,0.26855,,0.0347,2.0
TBBK,False,37.22175,"data_missing:current_ratio,data_missing:debt_to_equity,data_missing:free_cash_flow,graham_size,munger_gross_margin",1987949056.0,9.161654,2.9273274,,,0.29629,0.0,0.59707,,,4.0
FA,False,37.15619964831286,"graham_debt_to_equity,graham_earnings_stability,graham_pe,graham_pe_times_pb,munger_roe",3158550272.0,122.59999,2.4383452,2.527,1.5774000000000001,0.01939,0.45219,0.0841393073757502,215071744.0,,0.0
KKR,False,37.09386666666667,"data_missing:free_cash_flow,graham_current_ratio,graham_earnings_stability,graham_pe,graham_pe_times_pb,munger_roe",83875872768.0,29.014378,2.860315,0.856,0.69812,0.0728,0.54767,0.2065,,0.0085,3.0
OGE,False,37.09075906216957,"graham_current_ratio,graham_debt_to_equity,graham_pe_times_pb,munger_roe",9340500992.0,19.850876,1.8769957,0.767,1.1730500000000001,0.09703,0.4773643495314883,0.24520720223306033,126750000.0,0.037599999999999995,4.0
IOSP,False,37.05868748214485,"graham_pe_times_pb,munger_roe,munger_gross_margin",2402635520.0,19.907143,1.788471,2.784,0.03546,0.091309994,0.2769403824521935,0.07283464566929133,32575000.0,0.018799999999999997,4.0
MGEE,False,36.99587180357143,"graham_current_ratio,graham_pe_times_pb,munger_roe,munger_fcf",2678886400.0,17.420147,1.8595259,1.137,0.64863,0.110410005,0.41184,0.22672,-206614256.0,0.028999999999999998,4.0
BWXT,False,36.95518553869346,"graham_debt_to_equity,graham_pe,graham_pe_times_pb,munger_gross_margin",12306665472.0,34.79793,9.222109,2.397,1.514,0.28289,0.22082001,0.12645567740372216,145624256.0,0.0077,4.0
RTX,False,36.83101087117272,"graham_current_ratio,graham_pe,graham_pe_times_pb,munger_roe,munger_gross_margin",249550897152.0,32.598595,3.759594,1.011,0.5702,0.12274,0.20347,0.10496258591695541,9880000512.0,0.0158,4.0
RS,False,36.82685235295344,"graham_pe,graham_pe_times_pb,munger_roe,munger_gross_margin",20422475776.0,23.230257,2.7592306,4.297,0.26921,0.12229,0.28285,0.07084642130079823,345437504.0,0.0127,4.0
HPE,False,36.79881295891074,"graham_current_ratio,graham_pe,graham_pe_times_pb,munger_roe",92126060544.0,35.773197,3.4762573,1.113,0.76464,0.10936,0.36622003,-0.012742010730114299,4738625024.0,0.0088,4.0
WD,False,36.76999992499999,"data_missing:free_cash_flow,graham_size,graham_debt_to_equity,graham_pe,munger_roe",1171366016.0,30.46875,0.665075,1.574,1.3645699999999998,0.023599999,1.0,0.371913357400722,,0.0788,4.0
DDOG,False,36.76938012294004,"graham_earnings_stability,graham_pe,graham_pe_times_pb,munger_roe",99707944960.0,555.36,22.824263,3.205,0.29259,0.04696,0.7995549081775629,-0.012947462591453327,1051412352.0,,3.0
WGO,False,36.713797895585934,"graham_size,munger_roe,munger_gross_margin",746298752.0,19.411764,0.6031115,2.373,0.3912,0.03142,0.13047673504395682,0.02044171252948324,164224992.0,0.0546,4.0
XRAY,False,36.66666666666667,"data_missing:trailing_pe,graham_size,graham_debt_to_equity,graham_earnings_stability,munger_roe",1717433600.0,,1.3092705,1.627,1.72243,-0.33031,0.5,-0.11467391304347826,141624992.0,,0.0
OSW,False,36.61310937250004,"graham_earnings_stability,graham_pe,graham_pe_times_pb,munger_roe,munger_gross_margin",2395877120.0,29.879745,4.1152368,2.905,0.15605,0.14321,0.13417,0.08494996363167157,48876500.0,0.0088,2.0
APTV,False,36.56467094782314,"munger_roe,munger_gross_margin",9222422528.0,19.719458,1.0374215,2.018,0.6493800000000001,0.05158,0.14847696311036276,0.05804490636336896,1615874944.0,,4.0
RGEN,False,36.554297712169905,"graham_earnings_stability,graham_pe,graham_pe_times_pb,munger_roe",10221901824.0,248.11642,4.839162,9.05,0.32715000000000005,0.0199,0.53836,0.09916027075249936,113421752.0,,1.0
AMCR,False,36.51680364169563,"graham_current_ratio,graham_debt_to_equity,munger_roe,munger_gross_margin",19424817152.0,17.668066,1.6475981,1.254,1.2829400000000002,0.09396,0.19952352590827874,0.0807878839445248,1504000000.0,0.0622,4.0
GNW,False,36.4900446554945,"munger_roe,munger_gross_margin",3631148288.0,18.843138,0.4152264,10.675,0.23338,0.033970002,0.06625,0.00547542735042735,673625024.0,,4.0
GLW,False,36.429555233256,"graham_pe,graham_pe_times_pb",141333053440.0,72.74779,11.859627,1.813,0.7144799999999999,0.16813,0.35965192910614885,0.1458186704203724,734499968.0,0.006999999999999999,4.0
CPT,False,36.42179604359184,"graham_current_ratio,graham_debt_to_equity,graham_pe,graham_pe_times_pb,munger_roe",9682945024.0,31.785479,2.597567,0.352,1.25648,0.07885,0.61619,0.16104001,139679632.0,0.043899999999999995,4.0
TOST,False,36.40141036956562,"data_missing:debt_to_equity,graham_earnings_stability,graham_pe,graham_pe_times_pb,munger_gross_margin",17267750912.0,37.34375,8.707374,2.4,,0.25162,0.25889809848854217,0.04745652527222493,474249984.0,,2.0
NUE,False,36.361276331130554,"graham_pe_times_pb,munger_roe,munger_gross_margin",54638469120.0,19.235622,2.4713187,2.508,0.30512,0.14548999,0.15554,0.15668,683374976.0,0.0095,4.0
JBGS,False,36.30833333333334,"data_missing:trailing_pe,graham_size,graham_current_ratio,graham_debt_to_equity,graham_earnings_stability,munger_roe",815166784.0,,0.5782928,1.149,1.64083,-0.10864,0.48925,-0.09608425580971358,249499744.0,0.0675,0.0
CNR,False,36.29679688019398,"graham_earnings_stability,graham_pe,graham_pe_times_pb,munger_roe,munger_gross_margin",4428050432.0,44.829144,1.1958284,1.825,0.12037,0.02675,0.16860001,-0.043714486376815076,274115744.0,0.0046,0.0
AEE,False,36.294589147695355,"data_missing:consecutive_positive_earnings_years,graham_current_ratio,graham_debt_to_equity,graham_pe_times_pb,munger_roe,munger_fcf",27739695104.0,17.640844,2.026412,0.531,1.57846,0.11943,0.52408004,0.2302534378906694,-1786249984.0,0.0301,
NRG,False,36.2639859162387,"graham_current_ratio,graham_debt_to_equity,graham_earnings_stability,graham_pe,graham_pe_times_pb,munger_gross_margin",20123449344.0,24.864937,4.7879367,0.968,4.83357,0.23772,0.18795,0.06007228209552958,772374976.0,0.0196,2.0
ASH,False,36.18589473684211,"graham_earnings_stability,graham_pe,graham_pe_times_pb,munger_roe",3184470784.0,44.576927,1.7029092,3.047,0.7893000000000001,0.0399,0.30098684210526316,-0.42489035087719296,269124992.0,0.0245,0.0
NPO,False,36.16543788329026,"graham_pe,graham_pe_times_pb,munger_roe",7067888128.0,162.87805,4.451644,2.282,0.37073,0.0286,0.4241441785067226,0.1356918089062649,130837504.0,0.0040999999999999995,4.0
WELL,False,36.13261518640213,"graham_current_ratio,graham_pe,graham_pe_times_pb,munger_roe",164936056832.0,102.64394,3.5453122,1.317,0.41375,0.03836,0.39560002,0.16561002,2756164352.0,0.015,4.0
MHO,False,36.12658206432066,"munger_roe,munger_gross_margin",3405245184.0,11.318068,1.0532057,8.108,0.31079,0.100600004,0.20903,0.11466231576440751,86652128.0,,4.0
GNRC,False,36.1088325410227,"graham_pe,graham_pe_times_pb,munger_roe",12829278208.0,49.933334,4.453854,2.045,0.49003,0.09491,0.3829129750041992,0.06870536952023772,289056512.0,,4.0
WING,False,36.08471983771048,"data_missing:debt_to_equity,data_missing:return_on_equity,graham_pe,graham_pe_times_pb",2871091968.0,24.914894,-3.7139232,2.967,,,0.49418998,0.2572866874362312,98595000.0,0.0126,4.0
ELV,False,36.05802642270147,"graham_pe_times_pb,munger_roe,munger_gross_margin",83856850944.0,17.116867,1.8680975,1.518,0.68953,0.11133,0.2599,0.03615317011927181,4306375168.0,0.018000000000000002,4.0
CACI,False,35.95791764096302,"graham_current_ratio,graham_debt_to_equity,graham_pe,graham_pe_times_pb,munger_roe",13683185664.0,25.648716,3.066044,1.484,1.20656,0.12824,0.33203998,0.0961367314190681,610367104.0,,4.0
LUMN,False,35.931333333333335,"data_missing:trailing_pe,data_missing:debt_to_equity,data_missing:return_on_equity,graham_current_ratio,graham_earnings_stability",5877924352.0,,-3.950831,0.964,,,0.47794,-0.06547331075632963,2116249984.0,,0.0
MRK,False,35.88929489781736,"graham_current_ratio,graham_debt_to_equity,graham_pe,graham_pe_times_pb,munger_roe",355519430656.0,116.20968,8.483458,1.323,1.2840799999999999,0.06961,0.759,-0.00241,15171500032.0,0.0236,4.0
ROG,False,35.8148192951653,"graham_earnings_stability,graham_pe,graham_pe_times_pb,munger_roe",2880039680.0,96.04762,2.3975513,3.988,0.02366,0.02596,0.31672422298963987,-0.0555007400098668,99825000.0,,0.0
BGC,False,35.7875,"data_missing:free_cash_flow,graham_debt_to_equity,graham_pe,graham_pe_times_pb",5627146240.0,29.5875,5.0598545,1.509,1.56959,0.15882,0.91666,0.09044,,0.0069,4.0
ON,False,35.74588254913659,"graham_pe,graham_pe_times_pb,munger_roe",32770895872.0,55.016342,4.539449,3.464,0.6505500000000001,0.08312,0.33090369283117055,0.014044100477032391,1656649984.0,,4.0
DE,False,35.677209122550494,"graham_debt_to_equity,graham_pe,graham_pe_times_pb,munger_gross_margin",184776982528.0,38.03052,6.6015162,2.132,2.30298,0.18242,0.25184,0.17478149895583572,4516250112.0,0.0097,4.0
HRL,False,35.65631921971746,"graham_pe,graham_pe_times_pb,munger_roe,munger_gross_margin",11141852160.0,32.65323,1.4205024,1.882,0.36326,0.042930003,0.15741,0.08615,621551616.0,0.058600000000000006,4.0
ATI,False,35.64571646805912,"graham_debt_to_equity,graham_pe,graham_pe_times_pb,munger_gross_margin",26080032768.0,56.33088,13.8967495,2.327,1.09699,0.25357,0.2195143218380782,0.13970876749356934,346687488.0,,4.0
IP,False,35.57784047619048,"data_missing:trailing_pe,graham_current_ratio,graham_earnings_stability,munger_roe,munger_gross_margin",16996598784.0,,1.1756878,1.098,0.68509,-0.16479,0.29608,0.02298,1646499968.0,0.056900000000000006,0.0
LHX,False,35.55183327251521,"graham_current_ratio,graham_pe,graham_pe_times_pb,munger_roe,munger_gross_margin",44152418304.0,23.974215,2.2200217,1.184,0.52753,0.0934,0.25484,0.08994138335287222,1608999936.0,0.021,4.0
LSTR,False,35.54768894257754,"graham_pe,graham_pe_times_pb,munger_roe,munger_gross_margin",5904685568.0,45.07513,7.0569863,1.825,0.16625,0.14977999,0.19034,0.03195292341939727,96691872.0,0.0103,4.0
EVRG,False,35.525977881044405,"graham_current_ratio,graham_debt_to_equity,graham_pe,graham_pe_times_pb,munger_roe,munger_fcf",18256308224.0,20.147583,1.7857465,0.359,1.60554,0.092539996,0.52696997,0.25712895866881375,-1443362560.0,0.0353,4.0
CAR,False,35.51833333333334,"data_missing:trailing_pe,data_missing:debt_to_equity,data_missing:return_on_equity,graham_current_ratio,graham_earnings_stability,munger_gross_margin",3914623232.0,,-1.1545995,0.848,,,0.27385,0.1491,1093124992.0,,0.0
CRWD,False,35.51540736849821,"graham_earnings_stability,graham_pe,graham_pe_times_pb,munger_roe",275095453696.0,8955.5,53.91632,1.57,0.15958,0.01461,0.75185996,-0.02259,1995385472.0,,0.0
CASY,False,35.49288630929057,"graham_current_ratio,graham_pe,graham_pe_times_pb,munger_gross_margin",22834176000.0,29.759392,5.580491,1.019,0.7054699999999999,0.19983,0.23374548352445523,0.065,503306880.0,0.0042,4.0
CIEN,False,35.416938893864184,"graham_debt_to_equity,graham_pe,graham_pe_times_pb",55893118976.0,88.97179,18.296583,3.797,1.07496,0.22396,0.42036147551518427,0.04141539156982053,633368384.0,,4.0
SO,False,35.273137680841565,"graham_current_ratio,graham_debt_to_equity,graham_pe,graham_pe_times_pb,munger_roe,munger_fcf",96526966784.0,20.219278,2.4393861,0.787,1.8205799999999999,0.114829995,0.48289,0.24650627685852536,-3913374976.0,0.0364,4.0
FOUR,False,35.252375384307996,"graham_current_ratio,graham_debt_to_equity,graham_pe,graham_pe_times_pb,munger_roe,munger_gross_margin",2880465152.0,57.0,4.699214,1.211,2.6232100000000003,0.064899996,0.20358318098720293,0.08397129186602871,353524992.0,,4.0
KWR,False,35.23587206372777,"graham_earnings_stability,graham_pe,graham_pe_times_pb,munger_roe",2776204800.0,28.913084,2.016486,2.457,0.66913,0.07175,0.3597160699214353,0.02805519756607156,129911624.0,0.0134,0.0
HP,False,35.19331035945417,"data_missing:trailing_pe,graham_earnings_stability,munger_roe",3854145280.0,,1.4972628,1.962,0.69731,-0.04639,0.31845,0.0008857417205973391,493073888.0,0.0262,0.0
JBTM,False,35.190919753549984,"graham_current_ratio,graham_earnings_stability,graham_pe,graham_pe_times_pb,munger_roe,munger_gross_margin",5660538880.0,29.41105,1.2608765,1.239,0.37545,0.0437,0.16034710431993962,0.049865725870149015,341062496.0,0.0037,0.0
DY,False,35.18470555310492,"graham_debt_to_equity,graham_pe,graham_pe_times_pb,munger_gross_margin",8295016960.0,25.093521,4.018307,2.348,1.47703,0.19197,0.20528999,0.09571,326561504.0,,4.0
MTX,False,35.131956276220805,"data_missing:trailing_pe,graham_current_ratio,graham_earnings_stability,munger_roe,munger_gross_margin",2075665920.0,,1.3435693,1.429,0.61194,-0.03835,0.24992762713499952,0.022869825340152465,392837504.0,0.0074,0.0
DPZ,False,35.09728422423475,"data_missing:debt_to_equity,data_missing:return_on_equity,graham_pe_times_pb",9839500288.0,16.86111,-2.4697745,1.538,,,0.3995065581051313,0.1931123802984376,531496512.0,0.027000000000000003,4.0
ITT,False,35.08871703484455,"graham_current_ratio,graham_pe,graham_pe_times_pb,munger_roe",18558212096.0,40.583496,3.8469563,1.263,0.7973,0.11569,0.35353561000380856,0.17379713088739368,307212512.0,0.0076,4.0
QDEL,False,34.95266766666667,"data_missing:trailing_pe,graham_size,graham_current_ratio,graham_debt_to_equity,graham_earnings_stability,munger_roe",733756992.0,,0.41174433,1.386,1.73277,-0.45905998,0.44858003,-0.33667863160208045,146762496.0,,0.0
LAD,False,34.93296529389704,"graham_current_ratio,graham_debt_to_equity,munger_roe,munger_gross_margin",6803994624.0,10.245284,1.0635899,1.003,2.57698,0.10719,0.15233201097917093,0.04237290387379799,547649984.0,0.0091,4.0
AHR,False,34.92003251392416,"graham_current_ratio,graham_earnings_stability,graham_pe,graham_pe_times_pb,munger_roe,munger_gross_margin",11091777536.0,74.82353,2.6811404,1.314,0.41888,0.03951,0.1928,0.18368911780465044,396683008.0,0.0197,1.0
SHO,False,34.908347093124284,"graham_pe,graham_pe_times_pb,munger_roe,munger_fcf",2115112320.0,51.704544,1.2932016,5.435,0.51842,0.027520001,0.43710998,0.25784066820067764,-112617752.0,0.0318,4.0
DRH,False,34.789532033739775,"munger_roe,munger_gross_margin",2575579392.0,17.416666,1.6834475,5.588,0.78244,0.09911,0.29453,0.16066919155637036,76127872.0,0.0352,4.0
LGIH,False,34.7709859190234,"graham_size,munger_roe,munger_gross_margin",1114917120.0,17.200718,0.523143,33.032,0.74344,0.03159,0.19646,0.04677561588832392,208319248.0,,4.0
CSW,False,34.76287442501345,"graham_pe,graham_pe_times_pb,munger_roe",4963159040.0,41.670315,4.6249733,2.7,0.8488500000000001,0.109280005,0.41908680346109045,0.15568348407323826,72619248.0,0.0040999999999999995,4.0
LYV,False,34.74959388592466,"data_missing:trailing_pe,graham_current_ratio,graham_debt_to_equity,munger_gross_margin",39339872256.0,,473.0252,0.852,6.202140000000001,0.17677,0.25777,0.049648698171840096,1695030656.0,,4.0
LH,False,34.72599040776677,"graham_pe,graham_pe_times_pb,munger_roe,munger_gross_margin",24894253056.0,25.410389,2.8852642,1.796,0.7912399999999999,0.11728,0.28759936065139013,0.09924955381781432,892049984.0,0.0095,4.0
SMG,False,34.700781721964816,"data_missing:debt_to_equity,data_missing:return_on_equity,graham_current_ratio,graham_earnings_stability,graham_pe_times_pb",2871423744.0,19.649403,-13.753486,1.215,,,0.3059388825407987,0.10506577598077993,248500000.0,0.0528,1.0
SAFE,False,34.695607752002324,"graham_size,graham_debt_to_equity,graham_earnings_stability,munger_roe,munger_fcf",864666752.0,7.583851,0.35569668,37.645,1.76953,0.0464,0.92913,0.26169751421338755,-317175872.0,0.0601,2.0
BTSG,False,34.67579635076545,"graham_debt_to_equity,graham_earnings_stability,graham_pe,graham_pe_times_pb,munger_roe,munger_gross_margin",11826345984.0,53.36607,6.0112643,1.588,1.1600700000000002,0.13036,0.11756085946361444,0.022869024157271517,1028438976.0,,1.0
NAVI,False,34.516142,"data_missing:trailing_pe,data_missing:free_cash_flow,graham_size,graham_debt_to_equity,graham_earnings_stability,munger_roe",863280064.0,,0.36000624,10.745,18.52711,-0.01975,1.0,0.33870998,,0.0702,0.0
AAON,False,34.48341428571428,"graham_pe,graham_pe_times_pb,munger_gross_margin,munger_fcf",6902194176.0,44.057896,6.8306813,3.013,0.44742,0.17284,0.25569,0.10987,-213758000.0,0.0049,4.0
HLT,False,34.426357528740574,"data_missing:debt_to_equity,data_missing:return_on_equity,graham_current_ratio,graham_pe,graham_pe_times_pb",72002772992.0,47.395557,-11.455581,0.649,,,0.79036003,0.22368967522219455,1393874944.0,0.0019,4.0
PSN,False,34.41494337714831,"graham_pe,graham_pe_times_pb,munger_roe,munger_gross_margin",4418004992.0,28.527586,1.6788425,1.662,0.59881,0.082440004,0.21959999,0.06569105997647796,213456128.0,,4.0
FND,False,34.3806087791441,"graham_current_ratio,graham_pe,graham_pe_times_pb,munger_roe",4874045952.0,21.38785,1.9600874,1.333,0.80645,0.09694,0.4363513238863147,0.057656901407488505,140193248.0,,4.0
LFST,False,34.36999919402267,"graham_current_ratio,graham_earnings_stability,graham_pe,graham_pe_times_pb,munger_roe",4442101248.0,89.88462,3.0217223,1.376,0.32098999999999994,0.03429,0.33558998,0.01695447189291469,172356128.0,,1.0
DXPE,False,34.327031932332076,"graham_debt_to_equity,graham_pe,graham_pe_times_pb",2985499136.0,33.873238,5.517004,2.993,1.66254,0.18469,0.315383375529728,0.08771725357264186,74078496.0,,4.0
TXT,False,34.22902160204154,"munger_roe,munger_gross_margin",13519867904.0,14.642184,1.6597998,1.861,0.5228499999999999,0.12126,0.17628999,0.08701,452750016.0,0.001,4.0
INDV,False,34.182438247984884,"data_missing:debt_to_equity,data_missing:return_on_equity,graham_current_ratio,graham_earnings_stability,graham_pe_times_pb",4223772928.0,12.826165,-20.297787,0.835,,,0.8022598870056498,0.21146085552865213,86500000.0,,2.0
VNOM,False,34.15488074760371,"data_missing:trailing_pe,graham_earnings_stability,munger_roe",14642579456.0,,1.5494697,6.374,0.1632,0.0109,1.0,-0.1003584229390681,46000000.0,0.0602,0.0
YUM,False,34.121941358032004,"data_missing:debt_to_equity,data_missing:return_on_equity,graham_current_ratio,graham_pe_times_pb",37276925952.0,17.18176,-5.176406,0.592,,,0.45311,0.3133674214755296,833249984.0,0.0219,4.0
SRE,False,34.11503809523809,"graham_pe,graham_pe_times_pb,munger_roe,munger_fcf",51318099968.0,22.747828,1.5697258,1.642,0.84663,0.06679,0.43994,0.28328,-27657750528.0,0.0337,4.0
GPK,False,34.09668748663388,"graham_current_ratio,graham_debt_to_equity,munger_roe,munger_gross_margin",2587535104.0,13.453847,0.80009145,1.379,1.7615100000000001,0.060100004,0.16771341463414635,0.09330393408378786,237875008.0,0.049100000000000005,4.0
JJSF,False,34.09562317159417,"graham_size,graham_pe,graham_pe_times_pb,munger_roe,munger_gross_margin",1462209408.0,29.988506,1.6344045,2.343,0.21512,0.05292,0.23328584651451315,0.01682324923339445,57647500.0,0.0412,4.0
TLN,False,34.033667333333334,"data_missing:trailing_pe,graham_current_ratio,graham_debt_to_equity,graham_earnings_stability,munger_roe",15126539264.0,,9.479207,0.781,5.8413699999999995,-0.12825,0.42101002,-0.03487020534676482,1261750016.0,,0.0
DXC,False,33.97225505415706,"graham_size,graham_current_ratio,graham_debt_to_equity,graham_earnings_stability,munger_roe,munger_gross_margin",1777537920.0,15.033784,0.58549553,1.408,1.25421,0.04025,0.22997,0.07671622904144258,877000000.0,,3.0
AVA,False,33.95425996508583,"graham_current_ratio,graham_debt_to_equity,munger_roe,munger_fcf",2956474880.0,12.743682,1.0480064,1.1,1.19709,0.08306,0.66753995,0.18024439918533605,-235124992.0,0.056100000000000004,4.0
ETR,False,33.95418221664194,"graham_current_ratio,graham_debt_to_equity,graham_pe,graham_pe_times_pb,munger_roe,munger_fcf",48176689152.0,25.789001,2.5812109,0.912,1.8677000000000001,0.10248999,0.47000998,0.24734345144386757,-4400858112.0,0.0255,4.0
KMPR,False,33.87056666666667,"data_missing:trailing_pe,graham_size,graham_current_ratio,graham_earnings_stability,munger_roe,munger_gross_margin",1520806528.0,,0.69353753,0.817,0.63974,-0.19700001,0.254,-0.013935520407750495,220550000.0,0.0493,2.0
KD,False,33.721547319047616,"graham_current_ratio,graham_debt_to_equity,graham_earnings_stability,graham_pe,graham_pe_times_pb,munger_roe,munger_gross_margin",2516890112.0,31.22973,2.3692846,0.848,4.22451,0.069299996,0.21841,0.02902,2652624896.0,,2.0
FUL,False,33.71870107085508,"graham_debt_to_equity,munger_roe,munger_gross_margin",2716217344.0,14.094972,1.2526065,1.816,1.00906,0.09584,0.27853710735243353,0.07800966517086641,151052752.0,0.0195,4.0
ESAB,False,33.70250458821055,"graham_pe,graham_pe_times_pb,munger_roe",4354233344.0,21.956112,1.8390926,1.962,0.9826900000000001,0.08727,0.3688027144593508,0.1449998328968129,146126368.0,0.0072,4.0
NPK,False,33.66406493780589,"graham_size,graham_pe,graham_pe_times_pb,munger_roe,munger_gross_margin",1077260672.0,24.910892,2.6193328,5.22,0.022320000000000003,0.10902,0.15952566312628594,0.07991873277142698,8961750.0,0.0067,4.0
AXON,False,33.65003951771633,"graham_pe,graham_pe_times_pb,munger_roe",33582737408.0,171.53113,9.139124,2.149,0.50363,0.06221,0.5965474093517767,-0.02233322396256066,222160000.0,,4.0
BJ,False,33.6060837166998,"graham_current_ratio,graham_debt_to_equity,graham_pe,graham_pe_times_pb,munger_gross_margin",11999895552.0,20.255863,5.466682,0.73,1.26207,0.27673,0.18244,0.03805721080879146,246668752.0,,4.0
UGI,False,33.58419910702033,"graham_current_ratio,graham_debt_to_equity,graham_earnings_stability,munger_roe,munger_fcf",7974922752.0,12.3521595,1.4709606,1.439,1.34987,0.13279,0.51343,0.1519143680526966,-236250000.0,0.041299999999999996,2.0
HSIC,False,33.57161663293543,"graham_current_ratio,graham_pe,graham_pe_times_pb,munger_roe",9662989312.0,24.73032,3.007019,1.319,0.80733,0.088549994,0.3113622572815534,0.04952973300970874,446000000.0,,4.0
MDLZ,False,33.54542741040189,"graham_current_ratio,graham_pe,graham_pe_times_pb,munger_roe,munger_gross_margin",74753343488.0,21.331501,2.799356,0.599,0.82643,0.13340001,0.2837532760723461,0.0920673638321613,2252375040.0,0.036000000000000004,4.0
ENTG,False,33.505404604799736,"graham_pe,graham_pe_times_pb,munger_roe",25513295872.0,83.76,6.154751,3.049,0.85655,0.07671,0.44419070262153537,0.14262028405180505,477787488.0,0.0025,4.0
AEP,False,33.469338180386856,"graham_current_ratio,graham_debt_to_equity,graham_pe,graham_pe_times_pb,munger_roe,munger_fcf",65322237952.0,20.904182,2.036179,0.504,1.6078899999999998,0.10130999,0.46352002,0.24314317059791551,-5995950080.0,0.0317,4.0
ONTO,False,33.40824152198818,"graham_pe,graham_pe_times_pb,munger_roe",20032593920.0,122.29104,8.358155,9.726,0.76547,0.06825,0.4971534812282955,0.13223106788969652,202947248.0,,4.0
FE,False,33.38351554955978,"graham_current_ratio,graham_debt_to_equity,graham_pe,graham_pe_times_pb,munger_roe,munger_fcf",25158862848.0,23.259357,1.9457368,0.541,2.00908,0.09491,0.68605006,0.1461895294897283,-2014625024.0,0.0429,4.0
VIAV,False,33.3606196610277,"data_missing:trailing_pe,graham_earnings_stability,munger_roe",11630552064.0,,8.038029,1.846,0.48243,-0.02728,0.5765658960679707,0.06922215635908582,158712496.0,,0.0
HTO,False,33.321282934044476,"graham_debt_to_equity,graham_pe,munger_roe,munger_fcf",2522290944.0,21.21831,1.3677735,1.667,1.02581,0.06463,0.56912,0.22174521290548221,-250611632.0,0.0292,4.0
LNT,False,33.255990813519354,"graham_current_ratio,graham_debt_to_equity,graham_pe,graham_pe_times_pb,munger_roe,munger_fcf",16713491456.0,20.398733,2.2198498,0.466,1.60951,0.11135,0.44502,0.23498395231545163,-1138625024.0,0.0336,4.0
PECO,False,33.24159017363606,"graham_pe,graham_pe_times_pb,munger_roe",5334872576.0,33.149124,2.0440285,1.567,0.91852,0.060170002,0.70998,-0.027595161620993645,160187872.0,0.0368,4.0
VECO,False,33.23695097267728,"graham_earnings_stability,graham_pe,graham_pe_times_pb,munger_roe",3510369536.0,151.11842,3.8884752,3.926,0.28931,0.02643,0.3786,0.06676,71797000.0,,2.0
WMT,False,33.21514822533837,"graham_current_ratio,graham_pe,graham_pe_times_pb,munger_gross_margin",826379010048.0,37.60289,8.421053,0.767,0.7165300000000001,0.22313999,0.24836999,0.041820733829433104,7127625216.0,0.0095,4.0
TNC,False,33.20175345521592,"graham_size,graham_pe,graham_pe_times_pb,munger_roe",1150487040.0,64.88462,2.1568754,2.045,0.73113,0.03078,0.40240963855421685,0.05675114250103864,50687500.0,0.018600000000000002,4.0
HXL,False,33.15936357998755,"graham_pe,graham_pe_times_pb,munger_roe,munger_gross_margin",6563359744.0,43.833332,5.0473976,2.427,0.73902,0.10764,0.22957917524684512,0.09060668461904008,252975008.0,0.0083,4.0
D,False,33.07885084644545,"graham_current_ratio,graham_debt_to_equity,graham_pe,graham_pe_times_pb,munger_roe,munger_fcf",54002892800.0,21.245674,1.9344676,0.809,1.60459,0.08281,0.46222,0.26741790863928266,-9181124608.0,0.043899999999999995,4.0
LTH,False,32.97792211007227,"graham_current_ratio,graham_debt_to_equity,graham_earnings_stability,graham_pe,graham_pe_times_pb,munger_roe,munger_fcf",9190989824.0,22.47541,2.7801812,0.657,1.29478,0.13445,0.48022997,0.1606851503461308,-345163264.0,,3.0
VYX,False,32.97702842610807,"graham_size,graham_current_ratio,graham_debt_to_equity,graham_earnings_stability,graham_pe,munger_roe,munger_gross_margin",922997312.0,23.875,0.9933135,1.072,1.15799,0.05272,0.25825,0.009676218831410495,216250000.0,,2.0
CLH,False,32.89504632202414,"graham_debt_to_equity,graham_pe,graham_pe_times_pb",16872916992.0,38.744244,5.7621865,2.131,1.10951,0.15562001,0.32257,0.11165481673605172,383758016.0,,4.0
OGS,False,32.86428817723744,"graham_current_ratio,munger_roe,munger_fcf",4559593984.0,15.633621,1.2875856,0.481,0.95903,0.085760005,0.6008782612479727,0.13574721538554038,-219928128.0,0.0379,4.0
SXT,False,32.840474819846534,"graham_pe,graham_pe_times_pb,munger_roe,munger_fcf",5482882048.0,34.25532,4.329703,4.39,0.6063000000000001,0.13071,0.34876,0.12848246801864138,-2621250.0,0.0128,4.0
WEC,False,32.7779134294548,"graham_current_ratio,graham_debt_to_equity,graham_pe_times_pb,munger_roe,munger_fcf",33119330304.0,19.735922,2.4298933,0.534,1.5798500000000002,0.11988,0.41909,0.22906909113172313,-2353637376.0,0.0375,4.0
FUN,False,32.73233333333333,"data_missing:trailing_pe,graham_size,graham_current_ratio,graham_debt_to_equity,graham_earnings_stability,munger_roe",1188915584.0,,10.365745,0.42,14.552999999999999,-1.4315801,0.38197,-0.443509298649255,483434880.0,,0.0
ABM,False,32.72665957803902,"graham_current_ratio,graham_debt_to_equity,munger_roe,munger_gross_margin",2874459648.0,17.768116,1.6056578,1.421,1.05134,0.09191,0.12918,0.03563955682091037,281200000.0,0.0239,4.0
BEN,False,32.71537385271415,"graham_pe,graham_pe_times_pb,munger_roe,munger_fcf",16860532736.0,22.574831,1.4347789,5.486,0.24805,0.07887,0.37707,0.06887705656333018,-2990862592.0,0.0406,4.0
CNP,False,32.70868635017329,"graham_current_ratio,graham_debt_to_equity,graham_pe,graham_pe_times_pb,munger_roe,munger_fcf",24830459904.0,22.4375,2.1185298,1.123,2.10256,0.09825,0.47027,0.22549962594848777,-5191875072.0,0.0258,4.0
CVI,False,32.65104304607128,"graham_current_ratio,graham_debt_to_equity,graham_pe,graham_pe_times_pb,munger_gross_margin",5508071424.0,79.4058,10.492148,1.418,2.4180099999999998,0.24254999,0.10905,0.02541189611840268,214500000.0,0.0074,4.0
BKH,False,32.58435018386483,"graham_current_ratio,graham_debt_to_equity,munger_roe,munger_fcf",5395291136.0,17.822418,1.368251,0.523,1.11686,0.07958,0.4993103849222529,0.2326839826839827,-77750000.0,0.0401,4.0
UFPI,False,32.473330860613856,"munger_roe,munger_gross_margin",4273912576.0,17.689499,1.4070388,3.981,0.13347,0.0802,0.13773177691362642,0.04604430853485071,117891504.0,0.0187,4.0
RRX,False,32.43961696811352,"graham_earnings_stability,graham_pe,graham_pe_times_pb,munger_roe",10754920448.0,33.300003,1.5553855,2.276,0.68843,0.047670003,0.33073095813268916,0.060329243124770025,455187488.0,0.0089,2.0
PDFS,False,32.43636237309464,"graham_earnings_stability,graham_pe,graham_pe_times_pb,munger_roe,munger_fcf",2336854016.0,221.36,6.223572,3.447,0.19210000000000002,0.03272,0.5335178804566559,0.0018651039059202324,-13259875.0,,0.0
SARO,False,32.39405151037063,"graham_earnings_stability,graham_pe,graham_pe_times_pb,munger_roe,munger_gross_margin",6980745216.0,21.747421,2.4905548,2.135,0.93207,0.12302,0.15048,0.0908977844666065,369616000.0,,2.0
VTRS,False,32.35631191068936,"data_missing:trailing_pe,graham_earnings_stability,munger_roe",20197969920.0,,1.3969653,1.585,0.9553499999999999,-0.02754,0.3505968573206806,-0.18623207155294794,2677337600.0,0.0275,0.0
CPK,False,32.341709686443934,"graham_current_ratio,graham_debt_to_equity,graham_pe,graham_pe_times_pb,munger_roe,munger_fcf",3220099328.0,20.400799,1.8366921,0.316,1.01273,0.094689995,0.40342,0.27516129032258063,-220775008.0,0.0236,4.0
FMC,False,32.33392936109669,"data_missing:trailing_pe,graham_size,graham_debt_to_equity,graham_earnings_stability,munger_roe",1310475136.0,,0.64455664,1.987,2.6504700000000003,-0.88376,0.3700178808329007,-0.4696025840687547,165637504.0,0.0374,0.0
MIR,False,32.328621187856285,"graham_earnings_stability,graham_pe,graham_pe_times_pb,munger_roe",3662171904.0,163.38889,1.9593604,3.198,0.6575700000000001,0.01511,0.47395720769397015,0.05565161011454506,115362496.0,,1.0
MAR,False,32.28219822738658,"data_missing:debt_to_equity,data_missing:return_on_equity,graham_current_ratio,graham_pe,graham_pe_times_pb",93570760704.0,37.771576,-20.760818,0.535,,,0.79241997,0.15813793630184067,2060375040.0,0.008199999999999999,4.0
GIS,False,32.2737882299403,"data_missing:trailing_pe,graham_current_ratio,graham_debt_to_equity,graham_earnings_stability,munger_roe",17166130176.0,,2.3254383,0.704,1.82422,-0.104949996,0.33728,0.048077027452427736,1302612480.0,0.077,0.0
IPGP,False,32.252234822288784,"graham_earnings_stability,graham_pe,graham_pe_times_pb,munger_roe",3581392128.0,129.81538,1.687195,6.179,0.00764,0.01302,0.38002763562026226,0.013054692426704338,45315500.0,,1.0
HOG,False,32.23337913452347,"munger_roe,munger_gross_margin",2562265088.0,13.677778,0.82675713,1.903,0.7404000000000001,0.06093,0.27989,0.08643413235565342,110030248.0,0.0302,4.0
NX,False,32.20754793650416,"graham_size,graham_debt_to_equity,graham_earnings_stability,munger_roe,munger_gross_margin",882154496.0,19.84536,1.171994,2.231,1.13017,0.06201,0.26587,-0.10554400995624282,65965624.0,0.0167,0.0
CWT,False,32.19479692270747,"graham_current_ratio,graham_pe,graham_pe_times_pb,munger_roe,munger_fcf",2833467648.0,20.547085,1.5676212,0.701,0.9267700000000001,0.07677,0.53286,0.17678726152984087,-258749376.0,0.0297,4.0
UVV,False,32.184298861020416,"graham_size,graham_pe,graham_pe_times_pb,munger_roe,munger_gross_margin",1050997568.0,55.539474,0.7579321,2.572,0.85545,0.022769999,0.17417999,0.058386982951587445,155875008.0,0.0797,4.0
KNTK,False,32.160145039504975,"graham_current_ratio,graham_debt_to_equity,graham_pe_times_pb,munger_fcf",8855074816.0,18.298952,-3.4857466,0.682,1.3657400000000002,0.19231,0.41193,0.09347088425511607,-95451128.0,0.0629,4.0
SEI,False,32.04723090049176,"graham_debt_to_equity,graham_pe,graham_pe_times_pb,munger_roe,munger_fcf",7508739072.0,94.455696,5.1967406,4.123,2.16673,0.08099,0.49943,0.21759066545591887,-806578240.0,0.0067,4.0
HASI,False,32.045964285714284,"data_missing:free_cash_flow,graham_debt_to_equity,graham_pe,graham_pe_times_pb,munger_roe",4683671552.0,56.076927,1.82661,8.703,2.22661,0.03371,1.0,0.22208,,0.0472,4.0
VTR,False,32.02140898901969,"graham_current_ratio,graham_earnings_stability,graham_pe,graham_pe_times_pb,munger_roe",43313192960.0,153.52727,2.9566863,0.295,0.8492799999999999,0.02012,0.39970002,0.14807999,1486853504.0,0.0248,2.0
OMC,False,31.961693643261974,"graham_current_ratio,graham_debt_to_equity,graham_earnings_stability,graham_pe,graham_pe_times_pb,munger_roe,munger_gross_margin",21107558400.0,200.16216,2.102902,0.924,1.07744,0.060510002,0.18959999,0.02574702262055709,4260624896.0,0.042800000000000005,0.0
ED,False,31.947189381273255,"graham_current_ratio,graham_debt_to_equity,munger_roe,munger_fcf",38316097536.0,17.012316,1.4904835,1.268,1.10113,0.08962,0.53372,0.17348386334082042,-844875008.0,0.0339,4.0
RYN,False,31.8601559098582,"graham_pe,graham_pe_times_pb,munger_roe,munger_gross_margin",5432875520.0,39.467392,1.0401032,3.562,0.36024999999999996,0.02015,0.24815,0.17200945333704862,111029624.0,0.0571,4.0
HZO,False,31.833196435685558,"graham_size,graham_current_ratio,graham_debt_to_equity,graham_earnings_stability,graham_pe,graham_pe_times_pb,munger_roe",1157234560.0,327.46875,1.2149565,1.234,1.15137,0.00497,0.3248741603472585,0.014730514340350793,183364128.0,,0.0
USPH,False,31.790422451103545,"graham_size,graham_current_ratio,graham_pe,graham_pe_times_pb,munger_roe,munger_gross_margin",1242090752.0,489.61765,2.7686858,1.271,0.5032099999999999,0.0651,0.19167082805157556,0.11098349530723825,41290124.0,0.0223,4.0
PCAR,False,31.77588285408788,"graham_pe,graham_pe_times_pb,munger_roe,munger_gross_margin",57705390080.0,23.08,2.8396406,5.519,0.7291,0.12755999,0.13715,0.12024,1943650048.0,0.0127,4.0
PTEN,False,31.732311940960134,"data_missing:trailing_pe,graham_earnings_stability,munger_roe,munger_gross_margin",4230839040.0,,1.371186,1.75,0.41383000000000003,-0.0277,0.23754999,-0.008459328922244616,254212992.0,0.0354,0.0
CNXN,False,31.71951896757236,"graham_pe,graham_pe_times_pb,munger_roe,munger_gross_margin",2335155200.0,24.477514,2.451188,2.88,0.00792,0.104320005,0.18774023182000776,0.03455996457744611,11910875.0,0.0086,4.0
GME,False,31.71652885051325,"graham_earnings_stability,graham_pe_times_pb",12302257152.0,16.042763,1.8728878,8.718,0.70557,0.15786,0.3295132097302956,0.06394115540373013,85450000.0,,3.0
PRGO,False,31.713025009208973,"data_missing:trailing_pe,graham_size,graham_debt_to_equity,graham_earnings_stability,munger_roe",1988563328.0,,0.790054,2.324,1.38183,-0.48746,0.3513907502762691,-0.26385460017399076,437212512.0,0.0827,0.0
PTCT,False,31.653,"data_missing:trailing_pe,data_missing:debt_to_equity,data_missing:return_on_equity,graham_earnings_stability,munger_fcf",5294127104.0,,-31.95592,3.394,,,0.49959,0.5009288390811572,-286804256.0,,1.0
NWE,False,31.650300939722527,"graham_current_ratio,graham_debt_to_equity,graham_pe,graham_pe_times_pb,munger_roe,munger_fcf",4246576896.0,24.920578,1.4666015,0.826,1.24221,0.05935,0.55587,0.2023011885935256,-242985632.0,0.0391,4.0
GKOS,False,31.607904188056946,"data_missing:trailing_pe,graham_earnings_stability,munger_roe",9695779840.0,,14.176801,5.04,0.15766,-0.25981,0.5572282152443038,-0.39334544637613755,15456250.0,,0.0
LITE,False,31.53145497333214,"data_missing:trailing_pe,graham_earnings_stability,munger_roe",97262608384.0,,20.687412,1.678,0.35987,-2.40027,0.4166887856668879,0.1741207697412077,224700000.0,,0.0
PRVA,False,31.485936059171603,"graham_earnings_stability,graham_pe,graham_pe_times_pb,munger_roe,munger_gross_margin",2578953728.0,91.77273,3.25908,1.616,0.01042,0.04306,0.1003,0.018609999,95646496.0,,3.0
NWL,False,31.485021548874965,"data_missing:trailing_pe,graham_current_ratio,graham_debt_to_equity,graham_earnings_stability,munger_roe",2291342080.0,,0.9337036,1.111,2.32966,-0.085939996,0.3375902276513048,0.005413659078289839,408624992.0,0.0527,0.0
ACI,False,31.472833997830097,"graham_current_ratio,graham_debt_to_equity,graham_pe,graham_pe_times_pb,munger_roe,munger_gross_margin",5762243584.0,73.53125,3.5651517,0.842,9.735850000000001,0.02717,0.27180498361838346,0.008748083801737354,1753387520.0,0.057999999999999996,4.0
PMT,False,31.377607517857143,"data_missing:free_cash_flow,graham_size,graham_debt_to_equity,graham_earnings_stability,munger_roe",683230464.0,5.440972,0.52080566,1.798,12.390820000000001,0.089370005,0.82927,0.10908,,0.20620000000000002,3.0
NEOG,False,31.31260807959969,"data_missing:trailing_pe,graham_earnings_stability,munger_roe",2676160768.0,,1.2762638,3.822,0.38827,-0.00379,0.46932444852941174,-0.024816176470588234,69500000.0,,0.0
KOP,False,31.280652781050698,"data_missing:trailing_pe,graham_size,graham_debt_to_equity,munger_roe,munger_gross_margin",872627072.0,,2.2539322,2.332,2.59302,-0.19013001,0.22362,0.08928856489118289,162850000.0,0.008,4.0
PEG,False,31.27595570081147,"graham_current_ratio,graham_debt_to_equity,graham_pe_times_pb,munger_roe",33978044416.0,16.961443,1.959508,0.877,1.4240899999999999,0.11835,0.33333,0.24490466798159105,107750000.0,0.0395,4.0
PPL,False,31.263754853290994,"graham_current_ratio,graham_debt_to_equity,graham_pe_times_pb,munger_roe,munger_fcf",24713572352.0,19.431952,1.6422464,0.905,1.3543399999999999,0.086330004,0.44094002,0.2354567573545676,-1938375040.0,0.0348,4.0
ALGM,False,31.25582429329659,"graham_earnings_stability,graham_pe,graham_pe_times_pb,munger_roe",7364744704.0,564.4285,7.634782,3.703,0.31472,0.015269999,0.4628377163811544,0.020769669788427314,103498872.0,,0.0
ORLY,False,31.243092476585275,"data_missing:debt_to_equity,data_missing:return_on_equity,graham_current_ratio,graham_pe,graham_pe_times_pb",68830429184.0,27.01111,-37.832367,0.752,,,0.5159231316716373,0.19461329191915056,1570733824.0,,4.0
OTIS,False,31.191555462711072,"data_missing:debt_to_equity,data_missing:return_on_equity,graham_current_ratio,graham_pe_times_pb",24338855936.0,16.436247,-4.234519,0.831,,,0.30313,0.14780680479523248,1436249984.0,0.0273,4.0
PSMT,False,31.17695354803553,"graham_current_ratio,graham_pe,graham_pe_times_pb,munger_roe,munger_gross_margin",5253541376.0,32.737503,3.6799612,1.277,0.24017,0.12314,0.17635,0.04411875765403805,58311500.0,0.0083,4.0
AMTM,False,31.159866210757215,"graham_earnings_stability,graham_pe,munger_roe,munger_gross_margin",4431678976.0,21.837349,0.9431754,1.523,0.7987099999999999,0.04287,0.10488,0.03334954491766831,484249984.0,,1.0
PSKY,False,31.109666000000004,"graham_current_ratio,graham_debt_to_equity,graham_earnings_stability,graham_pe,graham_pe_times_pb,munger_roe",10380329984.0,309.16666,0.8833333,1.04,1.26479,-0.00896,0.33328998,-0.18036490603498442,17593124864.0,0.021400000000000002,0.0
DUK,False,31.073792774715127,"graham_current_ratio,graham_debt_to_equity,munger_roe,munger_fcf",89049792512.0,17.252266,1.6565138,0.661,1.62155,0.098570004,0.51971,0.14833876885446393,-4477374976.0,0.0382,4.0
GSHD,False,30.929821402669162,"data_missing:debt_to_equity,data_missing:return_on_equity,graham_size,graham_pe,graham_pe_times_pb",1626445056.0,33.218975,-9.637865,1.544,,,0.49583,0.20380012263758404,36873876.0,,4.0
XPO,False,30.913865198839858,"graham_current_ratio,graham_debt_to_equity,graham_pe,graham_pe_times_pb,munger_gross_margin",21872336896.0,54.942642,11.147878,1.011,2.06167,0.21587,0.17586074327210593,0.08042172367291897,473750016.0,,4.0
OC,False,30.89068310685652,"data_missing:trailing_pe,graham_current_ratio,graham_debt_to_equity,graham_earnings_stability,munger_roe,munger_gross_margin",9369244672.0,,2.4823549,1.16,1.50328,-0.094510004,0.28090666138770665,0.035632980302880334,869500032.0,0.027000000000000003,0.0
STLD,False,30.766574903204557,"graham_pe,graham_pe_times_pb,munger_gross_margin",33225603072.0,21.035843,3.53425,3.183,0.46924,0.17568001,0.13160797401887628,0.0812026200086804,234191248.0,0.009399999999999999,4.0
CBRE,False,30.724338836267133,"graham_current_ratio,graham_debt_to_equity,graham_pe,graham_pe_times_pb,munger_gross_margin",37796814848.0,29.86842,4.5049005,1.141,1.17789,0.15798001,0.18574,0.043230579531442666,1637624960.0,,4.0
ASTH,False,30.71102514346819,"graham_size,graham_current_ratio,graham_debt_to_equity,graham_pe,graham_pe_times_pb,munger_roe,munger_gross_margin",1770876032.0,43.536587,2.11681,1.229,1.6362299999999999,0.06902,0.1343047536293536,0.024679667191427158,231191248.0,,4.0
HUBG,False,30.627694840203656,"graham_size,graham_current_ratio,munger_roe,munger_gross_margin",1818093824.0,17.086206,1.0684636,1.474,0.2841,0.06241,0.166558686562469,0.035549198127909305,59145876.0,0.0166,4.0
NWN,False,30.58986986126493,"graham_size,graham_current_ratio,graham_debt_to_equity,munger_roe,munger_fcf",1992918528.0,15.834449,1.2780747,0.772,1.73275,0.08347999,0.44977,0.21785253648507052,-268720128.0,0.042199999999999994,4.0
SYF,False,30.589499999999997,"data_missing:current_ratio,data_missing:debt_to_equity,data_missing:free_cash_flow,munger_gross_margin",23527565312.0,7.41641,1.547963,,,0.20786,0.0,0.50219,,0.019,4.0
HCA,False,30.57532324891159,"data_missing:debt_to_equity,data_missing:return_on_equity,graham_current_ratio,graham_pe_times_pb",94545911808.0,14.296881,-13.985824,0.993,,,0.42580003,0.15161,3738125056.0,0.0074,4.0
CWK,False,30.567627801059196,"graham_current_ratio,graham_debt_to_equity,graham_earnings_stability,graham_pe,graham_pe_times_pb,munger_roe,munger_gross_margin",2820085248.0,41.431038,1.3936899,1.078,1.49834,0.0352,0.18128,0.04398242646915884,302500000.0,,2.0
UTI,False,30.532547967551515,"graham_size,graham_current_ratio,graham_debt_to_equity,graham_pe,graham_pe_times_pb,munger_roe,munger_fcf",1069673984.0,31.82787,3.106897,1.302,1.04405,0.105349995,0.55051,0.09988918354842416,-4487750.0,,4.0
EXC,False,30.49966764599602,"graham_current_ratio,graham_debt_to_equity,munger_roe,munger_fcf",41951940608.0,14.970589,1.4153632,1.088,1.77362,0.09711,0.42363998,0.21221864951768488,-2685125120.0,0.0415,4.0
APG,False,30.481210821394633,"data_missing:trailing_pe,graham_current_ratio,graham_debt_to_equity,munger_roe",17549596672.0,,4.803525,1.389,1.0927200000000001,0.10348,0.3143723928706864,0.07002907344204272,648625024.0,,4.0
ICUI,False,30.406382799762422,"graham_earnings_stability,graham_pe,graham_pe_times_pb,munger_roe",4001688832.0,134.47269,1.8596456,2.43,0.59817,0.014099999,0.36841885892378395,0.019194966794576343,163559632.0,,1.0
KNX,False,30.392042267763376,"graham_current_ratio,graham_pe,graham_pe_times_pb,munger_roe,munger_gross_margin",10825715712.0,246.35184,1.5505024,0.877,0.38409999999999994,0.00611,0.24333,0.02892516676397103,491255488.0,0.012199999999999999,4.0
PBF,False,30.38910022565608,"graham_current_ratio,graham_earnings_stability,munger_gross_margin",9565330432.0,7.072305,1.4926933,1.33,0.38423999999999997,0.23228,0.050430004,-0.0018512015764191694,78462496.0,0.0134,0.0
KALU,False,30.37324236675826,"graham_debt_to_equity,graham_earnings_stability,munger_gross_margin",2475988480.0,11.243134,2.5992897,2.495,1.13255,0.26398,0.14524001,0.05597391046546101,33025000.0,0.0208,3.0
XEL,False,30.347829364735407,"graham_current_ratio,graham_debt_to_equity,graham_pe_times_pb,munger_roe,munger_fcf",44617629696.0,19.569862,1.8539764,0.701,1.73135,0.0992,0.46825,0.17032157406604836,-7907999744.0,0.0336,4.0
ETSY,False,30.317005712636202,"data_missing:debt_to_equity,data_missing:return_on_equity,graham_current_ratio,graham_earnings_stability,graham_pe,graham_pe_times_pb",6668861952.0,22.993671,-4.810965,1.476,,,0.7163864344073403,0.09232179909075808,169665376.0,,3.0
PK,False,30.307666666666673,"data_missing:trailing_pe,graham_current_ratio,graham_debt_to_equity,graham_earnings_stability,munger_roe",3118730752.0,,1.0093836,0.297,1.35246,-0.04859,0.30923,-0.012987012987012988,1068875008.0,0.0649,0.0
TMP,False,30.272251499999996,"data_missing:current_ratio,data_missing:debt_to_equity,data_missing:free_cash_flow,graham_size,munger_gross_margin",1417579136.0,8.058871,1.4702547,,,0.20363002,0.0,0.45026,,0.028900000000000002,4.0
AEIS,False,30.270465084296966,"graham_pe,graham_pe_times_pb",12210978816.0,53.962833,8.375409,3.79,0.94568,0.16267,0.37658438959306206,0.0933955970647098,34187500.0,0.0014000000000000002,4.0
BMRN,False,30.26445545506512,"graham_pe,graham_pe_times_pb,munger_roe",11136491520.0,155.48918,1.7612967,2.387,0.66473,0.011820001,0.50968,0.12711761541238767,85157376.0,,4.0
TSN,False,30.20443910960694,"graham_current_ratio,graham_earnings_stability,graham_pe,graham_pe_times_pb,munger_roe,munger_gross_margin",18253219840.0,32.027775,1.0096322,1.433,0.44025,0.03263,0.06542862915817123,0.020168622912878163,1191250048.0,0.0404,2.0
BHE,False,30.12085863922752,"graham_pe,graham_pe_times_pb,munger_roe,munger_gross_margin",3144610304.0,59.962326,2.8169446,1.993,0.26142,0.047810003,0.10156187714075547,0.0285994401130003,136417248.0,0.008,4.0
TTWO,False,30.111266575802897,"data_missing:trailing_pe,graham_current_ratio,graham_earnings_stability,munger_roe",37952356352.0,,10.718435,1.062,0.81607,-0.09039,0.5723363980530016,-0.01565410732528093,1256137472.0,,0.0
ACM,False,30.072489898384102,"graham_current_ratio,graham_debt_to_equity,graham_pe,graham_pe_times_pb,munger_gross_margin",7671271936.0,20.988556,3.497682,1.057,1.3888,0.16605,0.0753867098002667,0.06360260481936937,379882112.0,0.0208,4.0
ENSG,False,30.070168265079772,"graham_current_ratio,graham_pe,graham_pe_times_pb,munger_gross_margin",9996019712.0,26.882444,4.058736,1.211,0.92027,0.16973,0.16566,0.08408844801566519,280635360.0,0.0015,4.0
RAL,False,30.06985543609526,"data_missing:trailing_pe,graham_earnings_stability,munger_roe",8123189248.0,,5.2938204,1.524,0.79797,-0.53898996,0.5028518948182521,-0.5718290796597061,333950016.0,0.0028000000000000004,0.0
PNW,False,30.042974282873665,"graham_current_ratio,graham_debt_to_equity,graham_pe_times_pb,munger_roe,munger_fcf",11654326272.0,18.456814,1.6565887,0.594,2.3328800000000003,0.09365,0.43352002,0.19993299548927432,-929501376.0,0.0385,4.0
PEB,False,30.02734527500173,"data_missing:trailing_pe,graham_current_ratio,graham_earnings_stability,munger_roe,munger_gross_margin",2137709568.0,,0.8840216,0.708,0.97934,-0.016339999,0.25336,0.029682611972262435,258438128.0,0.0021,0.0
BAX,False,30.017194355508124,"data_missing:trailing_pe,graham_debt_to_equity,graham_earnings_stability,munger_roe",12141650944.0,,1.9564313,1.946,1.5644900000000002,-0.14371,0.3005158306652437,-0.027392387050871575,1000374976.0,0.0017000000000000001,0.0
APO,False,30.014332666666665,"data_missing:free_cash_flow,graham_debt_to_equity,graham_earnings_stability,graham_pe,graham_pe_times_pb,munger_roe",67912462336.0,40.925266,3.3780808,1.948,1.00969,0.11412,0.36141998,0.21952,,0.0197,3.0
STWD,False,29.81175377970183,"data_missing:free_cash_flow,graham_debt_to_equity,graham_pe,munger_roe",4976871936.0,22.211864,0.7473624,12.868,3.3111900000000003,0.03689,0.86453,0.16438342152637608,,0.1457,4.0
SR,False,29.804565031582325,"graham_current_ratio,graham_debt_to_equity,munger_roe,munger_fcf",4592474112.0,17.074724,1.2816325,0.37,2.02612,0.081099994,0.43965998,0.21155709901469877,-319812512.0,0.0432,4.0
TFX,False,29.77668184651693,"data_missing:trailing_pe,graham_debt_to_equity,graham_earnings_stability,munger_roe",5291041280.0,,1.8216434,2.604,1.0110299999999999,-0.00701,0.562426199859187,0.05940293459218663,179542000.0,0.0108,0.0
ESI,False,29.759889922263778,"graham_pe,graham_pe_times_pb,munger_roe",9295405056.0,51.5473,3.3048866,2.907,0.74976,0.06539,0.41960645970523675,0.1341329570398244,50812500.0,0.0088,4.0
MXL,False,29.740423971240503,"data_missing:trailing_pe,graham_earnings_stability,munger_roe",9522785280.0,,19.640852,1.776,0.30566,-0.21324,0.568414659963519,-0.27134062240051665,14404875.0,,0.0
THO,False,29.71964215882863,"graham_earnings_stability,graham_pe,munger_roe,munger_gross_margin",3610424320.0,20.695265,0.84402186,1.768,0.21361,0.04086,0.12620854493765446,0.02189,140289504.0,0.0301,0.0
FBP,False,29.6205,"data_missing:current_ratio,data_missing:debt_to_equity,data_missing:free_cash_flow,munger_gross_margin",4119753472.0,11.386077,2.0701957,,,0.19494,0.0,0.49097002,,0.03,4.0
COHR,False,29.617667921149284,"graham_earnings_stability,graham_pe,graham_pe_times_pb,munger_roe,munger_fcf",65970987008.0,81.76578,6.048025,2.427,0.31611999999999996,0.07981,0.37495998,0.02041787816014995,-649981632.0,,2.0
ALGT,False,29.590596472839692,"graham_current_ratio,graham_debt_to_equity,graham_earnings_stability,graham_pe,graham_pe_times_pb,munger_roe,munger_gross_margin",2120043008.0,66.853455,1.1854718,0.832,1.6047,0.018339999,0.22812,0.014258919449592742,194582624.0,,0.0
PKG,False,29.580655496011076,"graham_pe,graham_pe_times_pb,munger_roe,munger_gross_margin",20414646272.0,29.756495,4.3525133,2.941,0.94474,0.14887,0.21020546649906,0.12314640739545904,432950016.0,0.026099999999999998,4.0
CCS,False,29.5221103610045,"graham_size,munger_roe,munger_gross_margin",1704251264.0,13.173626,0.66422874,4.76,0.6606799999999999,0.052210003,0.17865999,0.0722738425646595,78148624.0,0.0208,4.0
OPLN,False,29.515485795378115,"data_missing:trailing_pe,graham_current_ratio,graham_debt_to_equity,graham_earnings_stability,munger_roe",4344466432.0,,2.7846022,1.168,1.5736400000000001,0.11147001,0.45846,0.10162832773326441,26375000.0,,2.0
GPC,False,29.503368026240622,"graham_current_ratio,graham_debt_to_equity,graham_pe,graham_pe_times_pb,munger_roe",17549547520.0,509.2,3.8774328,1.159,1.4641499999999998,0.0070700003,0.3679278239578939,0.08498922117053008,917241984.0,0.034,4.0
BE,False,29.428321807060993,"graham_debt_to_equity,graham_earnings_stability,graham_pe,graham_pe_times_pb,munger_gross_margin",85577867264.0,372.51282,52.877163,4.087,1.71578,0.22213,0.2902182516351333,0.035969474217808946,531637504.0,,0.0
OKE,False,29.341433421002716,"graham_current_ratio,graham_debt_to_equity,graham_pe_times_pb,munger_gross_margin",55419277312.0,15.183075,2.4159727,0.737,1.4306999999999999,0.16277,0.17273696440641567,0.17071575128609237,899875008.0,0.049100000000000005,4.0
CVS,False,29.330190884109225,"graham_current_ratio,graham_pe,graham_pe_times_pb,munger_roe,munger_gross_margin",109991452672.0,22.691294,1.3789786,0.866,0.95503,0.06205,0.15447598844068275,0.011590108116308973,8076000256.0,0.031200000000000002,4.0
HPQ,False,29.32746007345881,"data_missing:debt_to_equity,data_missing:return_on_equity,graham_current_ratio,graham_pe_times_pb,munger_gross_margin",28979050496.0,12.265267,-315.049,0.788,,,0.20602224432588842,0.057401211682792296,3389874944.0,0.0373,4.0
BALL,False,29.32462078595741,"graham_current_ratio,graham_debt_to_equity,graham_pe_times_pb,munger_gross_margin",15086859264.0,16.424637,2.6094866,1.069,1.31495,0.17151,0.1863,0.09232,379875008.0,0.014199999999999999,4.0
BC,False,29.30036419398122,"data_missing:trailing_pe,graham_current_ratio,graham_debt_to_equity,graham_earnings_stability,munger_roe,munger_gross_margin",4271770624.0,,2.5464485,1.447,1.3648099999999999,-0.048270002,0.2790109258194365,-0.00758931901245618,366062496.0,0.0274,0.0
UNM,False,29.1323548145362,"graham_pe,munger_roe,munger_gross_margin,munger_fcf",14067142656.0,20.61717,1.3013488,17.258,0.36878,0.06351,0.29304,0.11976544567251124,-2231912448.0,0.0229,4.0
ITGR,False,29.092538308372433,"graham_pe,graham_pe_times_pb,munger_roe,munger_gross_margin",4300628992.0,34.65753,2.5018294,3.733,0.79391,0.075040005,0.2699482153193964,0.1193674921249414,107673376.0,,4.0
CMS,False,28.97462648408702,"graham_current_ratio,graham_debt_to_equity,graham_pe_times_pb,munger_roe,munger_fcf",19710615552.0,19.218374,2.095196,0.936,1.8560400000000001,0.09158,0.40315,0.2022485068509193,-2198874880.0,0.0358,4.0
USFD,False,28.901633018668203,"graham_current_ratio,graham_debt_to_equity,graham_pe,graham_pe_times_pb,munger_gross_margin",21116041216.0,30.503124,4.934034,1.137,1.26315,0.16350001,0.17410714285714285,0.030412946428571428,805124992.0,,4.0
UA,False,28.86951279839158,"data_missing:trailing_pe,graham_size,graham_earnings_stability,munger_roe",1941545856.0,,1.3593985,1.81,0.96356,-0.29825002,0.4548307919063622,-0.0328433040631286,102217624.0,,0.0
RES,False,28.83773260083539,"graham_size,graham_pe,graham_pe_times_pb,munger_roe,munger_gross_margin,munger_fcf",1286718848.0,52.772724,1.1406956,3.341,0.046790000000000005,0.02076,0.23256999,0.12203915735282582,-5273000.0,0.027999999999999997,4.0
IDA,False,28.753076874206627,"graham_current_ratio,graham_debt_to_equity,graham_pe,graham_pe_times_pb,munger_roe,munger_fcf",7696462336.0,22.066334,1.9781168,0.986,1.05976,0.094390005,0.38970003,0.20262259498148796,-1221291392.0,0.026699999999999998,4.0
UNFI,False,28.747595140264632,"graham_current_ratio,graham_debt_to_equity,graham_earnings_stability,graham_pe,graham_pe_times_pb,munger_roe,munger_gross_margin",2756140800.0,34.100147,1.7357061,1.287,1.87115,0.0529,0.13469440164355417,0.006773240883410375,426875008.0,,1.0
UTL,False,28.714183984968017,"graham_size,graham_current_ratio,graham_debt_to_equity,munger_roe,munger_fcf",931073408.0,16.259554,1.4460306,0.491,1.4958799999999999,0.096219994,0.40218,0.18880597014925374,-65891876.0,0.0375,4.0
SDGR,False,28.654238492353514,"data_missing:trailing_pe,graham_earnings_stability,munger_roe,munger_fcf",2290548480.0,,6.783341,2.706,0.32832,-0.16174999,0.5573711547706053,-0.6522712794437778,-29163124.0,,0.0
PZZA,False,28.648578163563677,"data_missing:debt_to_equity,data_missing:return_on_equity,graham_size,graham_current_ratio,graham_pe,graham_pe_times_pb,munger_gross_margin",642302144.0,24.3875,-1.4175689,0.829,,,0.20365,0.043405712705374605,58907876.0,0.0747,4.0
XYZ,False,28.621902898895822,"graham_earnings_stability,graham_pe,graham_pe_times_pb,munger_roe,munger_fcf",44771241984.0,133.07143,2.0306282,2.209,0.3258,0.01612,0.428208016117265,0.07061372177191873,-27105876.0,,3.0
VIR,False,28.575899999999997,"data_missing:trailing_pe,graham_size,graham_earnings_stability,munger_roe,munger_gross_margin,munger_fcf",1893526400.0,,1.9269845,6.042,0.09494,-0.26081,-0.59389997,0.5155771424256884,-38885876.0,,0.0
PWR,False,28.561230895756427,"graham_current_ratio,graham_pe,graham_pe_times_pb,munger_gross_margin",101917040640.0,77.47372,10.569649,1.098,0.6778,0.15337,0.1501097782044521,0.05658448543184993,1955491328.0,0.0007000000000000001,4.0
UAA,False,28.487803395186955,"data_missing:trailing_pe,graham_size,graham_earnings_stability,munger_roe",1999534592.0,,1.4000001,1.81,0.96356,-0.29825002,0.4548307919063622,-0.0328433040631286,102217624.0,,0.0
TEX,False,28.477793851969825,"graham_pe,graham_pe_times_pb,munger_roe,munger_gross_margin",6516242944.0,27.277512,1.3149881,1.818,0.54558,0.042090002,0.19387566869581258,0.0876222099243682,216000000.0,0.0124,4.0
PCG,False,28.425199006158874,"graham_current_ratio,graham_debt_to_equity,munger_roe,munger_fcf",37034196992.0,8.874101,0.8404879,1.216,1.8944999999999999,0.09318,0.39823002,0.1904551834770403,-6150125056.0,0.016399999999999998,4.0
CMC,False,28.342391133509402,"munger_roe,munger_gross_margin",7061704192.0,12.067107,1.5592331,2.326,0.7998099999999999,0.13791999,0.18565,0.09476,134061248.0,0.0128,4.0
JPM,False,28.341749999999998,"data_missing:current_ratio,data_missing:debt_to_equity,data_missing:free_cash_flow,graham_pe_times_pb,munger_gross_margin",882251988992.0,14.208047,2.4953573,,,0.17789,0.0,0.50394,,0.019799999999999998,4.0
KMX,False,28.33704367544696,"graham_debt_to_equity,graham_pe,graham_pe_times_pb,munger_roe,munger_gross_margin",7750786560.0,25.757076,1.2293164,2.329,2.83466,0.04677,0.10844166740626598,0.02834,650614976.0,,4.0
COHU,False,28.270359389200845,"data_missing:trailing_pe,graham_earnings_stability,munger_roe",3475587584.0,,4.4872265,5.742,0.42764,-0.04836,0.43951,0.00621,66293124.0,,0.0
PFBC,False,28.182750000000002,"data_missing:current_ratio,data_missing:debt_to_equity,data_missing:free_cash_flow,graham_size,munger_gross_margin",1263186560.0,9.959813,1.5918562,,,0.17577,0.0,0.67442,,0.0302,4.0
SMCI,False,28.153625032313812,"graham_pe_times_pb,munger_gross_margin,munger_fcf",28318160896.0,13.428528,2.8046,3.872,0.63951,0.21465999,0.10821604097086886,0.07092340305442439,-8248783872.0,,4.0
AIR,False,28.104679059058533,"graham_pe,graham_pe_times_pb,munger_roe,munger_gross_margin",4124730112.0,20.900206,2.3374789,2.827,0.56152,0.12929,0.19063,0.08083,33200000.0,,4.0
GVA,False,28.094249740229888,"data_missing:trailing_pe,graham_current_ratio,graham_debt_to_equity,munger_roe,munger_gross_margin",5331671552.0,,6.9773254,1.013,2.1512000000000002,-0.14548,0.1607493390597867,0.06383856355886329,959048128.0,0.0045000000000000005,4.0
ACA,False,28.08922775144664,"graham_pe,graham_pe_times_pb,munger_roe,munger_gross_margin",7207897088.0,32.763393,2.415734,3.119,0.50578,0.080299996,0.22445723798293682,0.11857529305680793,60250000.0,0.0014000000000000002,4.0
SFBS,False,28.001249249999997,"data_missing:current_ratio,data_missing:debt_to_equity,data_missing:free_cash_flow,graham_pe_times_pb,munger_gross_margin",4397856768.0,13.726962,2.2234507,,,0.17334999,0.0,0.70001,,0.0191,4.0
GEO,False,27.969706376294518,"graham_debt_to_equity,graham_pe_times_pb,munger_gross_margin,munger_fcf",4156546560.0,14.896227,2.703767,1.653,1.06105,0.20127001,0.26042998,0.09784731350242766,-3632500.0,,4.0
POWI,False,27.872787621586102,"data_missing:debt_to_equity,graham_pe,graham_pe_times_pb,munger_roe",3066326528.0,124.72727,4.4983606,7.069,,0.03622,0.5448631804899167,0.02298513654893755,73703504.0,0.0167,4.0
NTRS,False,27.7995,"data_missing:current_ratio,data_missing:debt_to_equity,data_missing:free_cash_flow,graham_pe_times_pb,munger_gross_margin",31299137536.0,14.697165,2.5005846,,,0.17066,0.0,0.42496,,0.0194,4.0
DAR,False,27.749767201744564,"graham_pe_times_pb,munger_roe,munger_gross_margin",9925803008.0,16.640213,1.8921846,1.565,0.78609,0.12126,0.24013812532422016,0.04456412669289166,219643008.0,,4.0
KGS,False,27.714516140135764,"graham_current_ratio,graham_debt_to_equity,graham_pe,graham_pe_times_pb,munger_roe",5564766208.0,62.545456,2.5707614,1.447,1.30257,0.04587,0.37235192225602404,0.25992661111535814,16089375.0,0.0366,4.0
CRBG,False,27.689406905186235,"graham_current_ratio,graham_debt_to_equity,graham_earnings_stability,graham_pe,graham_pe_times_pb,munger_roe,munger_gross_margin",15236504576.0,21.910257,1.4999123,1.223,1.27231,0.07139,0.21102,0.111140005,642249984.0,0.0297,0.0
SWX,False,27.68402844935003,"graham_current_ratio,graham_earnings_stability,graham_pe,graham_pe_times_pb,munger_roe,munger_fcf",5990547968.0,21.257069,1.4521029,1.116,0.8508199999999999,0.06832,0.54035,0.05391544159594492,-390807360.0,0.0316,3.0
SW,False,27.657606132040023,"graham_current_ratio,graham_pe,graham_pe_times_pb,munger_roe,munger_gross_margin",22397128704.0,45.425533,1.2401255,1.447,0.78427,0.02715,0.1938163507489015,0.0551332627730203,1215000064.0,0.042,4.0
PLXS,False,27.644544397346632,"graham_current_ratio,graham_pe,graham_pe_times_pb,munger_roe,munger_gross_margin",7317600256.0,40.615383,4.7911215,1.488,0.20079,0.1258,0.10079777513621488,0.050179198138541214,20809250.0,,4.0
ADNT,False,27.615982802327714,"graham_size,graham_current_ratio,graham_debt_to_equity,graham_earnings_stability,graham_pe,munger_roe,munger_gross_margin",1343028480.0,31.672728,0.7767769,1.097,1.26868,0.05791,0.06611627106983144,0.024939999,354500000.0,,0.0
RITM,False,27.596964435714288,"data_missing:free_cash_flow,graham_current_ratio,graham_debt_to_equity,munger_roe",4872101888.0,14.541667,0.7077385,1.069,3.8764299999999996,0.055910002,0.95561,0.07942,,0.1143,4.0
AX,False,27.579749999999997,"data_missing:current_ratio,data_missing:debt_to_equity,data_missing:free_cash_flow,munger_gross_margin",5045359104.0,10.450059,1.593385,,,0.16773,0.0,0.45029998,,,4.0
DAN,False,27.579185714285714,"data_missing:trailing_pe,graham_current_ratio,graham_earnings_stability,munger_roe,munger_gross_margin",3013222912.0,,1.5693636,1.487,0.75794,-0.01627,0.09462,0.018533333333333332,631249984.0,0.0174,1.0
CHCO,False,27.566249999999997,"data_missing:current_ratio,data_missing:debt_to_equity,data_missing:free_cash_flow,graham_pe_times_pb,munger_gross_margin",2000171264.0,15.598029,2.4737701,,,0.16755,0.0,0.5191,,0.028300000000000002,4.0
DKS,False,27.557941414568234,"graham_current_ratio,graham_debt_to_equity,graham_pe_times_pb,munger_fcf",13553313792.0,15.183222,2.1414783,1.485,1.39077,0.18475,0.3292025847046085,0.06365967823634108,-823246016.0,0.037599999999999995,4.0
AORT,False,27.54858240380677,"data_missing:trailing_pe,graham_size,graham_earnings_stability,munger_roe",1089457664.0,,2.4418097,3.473,0.9155800000000001,-0.0073100002,0.6440237464029185,0.07646205787052772,13096750.0,,1.0
LOW,False,27.522445159143604,"data_missing:debt_to_equity,data_missing:return_on_equity,graham_current_ratio,graham_pe_times_pb",101921071104.0,15.342905,-13.70295,1.105,,,0.334758825301903,0.11766682891778504,4615374848.0,0.0274,4.0
EWBC,False,27.43275,"data_missing:current_ratio,data_missing:debt_to_equity,data_missing:free_cash_flow,munger_gross_margin",17297745920.0,12.139423,1.8708415,,,0.16577,0.0,0.65281,,0.0256,4.0
CEG,False,27.377252034891825,"graham_current_ratio,graham_earnings_stability,graham_pe,graham_pe_times_pb,munger_gross_margin,munger_fcf",91209351168.0,25.139648,2.860365,1.455,0.7641899999999999,0.15055001,0.22107,0.12086319664747582,-6625124864.0,0.0066,3.0
POR,False,27.33123509779482,"graham_current_ratio,graham_debt_to_equity,munger_roe,munger_fcf",5237072896.0,19.703539,1.2502456,0.977,1.3616300000000001,0.06445,0.47537997,0.1552013422818792,-415750016.0,0.0493,4.0
ZION,False,27.303,"data_missing:current_ratio,data_missing:debt_to_equity,data_missing:free_cash_flow,munger_gross_margin",9219873792.0,8.047133,1.2106402,,,0.16404,0.0,0.52116,,0.030699999999999998,4.0
LEN,False,27.285493690331307,"data_missing:free_cash_flow,munger_roe,munger_gross_margin",19276427264.0,15.069679,0.8824729,11.392,0.27736,0.05962,0.16014999,0.15484141610773053,,0.024399999999999998,4.0
MRTN,False,27.20396151541641,"graham_size,graham_pe,graham_pe_times_pb,munger_roe,munger_gross_margin,munger_fcf",1087991168.0,88.899994,1.4216418,2.503,0.00047,0.01646,0.22690001,0.07964081647082738,-5991125.0,0.0183,4.0
TTMI,False,27.194379849005795,"graham_earnings_stability,graham_pe,graham_pe_times_pb,munger_roe,munger_gross_margin,munger_fcf",13926593536.0,59.816746,7.198987,1.78,0.5703,0.13260001,0.20702497466749473,0.09107108756875044,-19442376.0,,2.0
KRMN,False,27.191482692016365,"graham_debt_to_equity,graham_earnings_stability,graham_pe,graham_pe_times_pb,munger_roe,munger_fcf",4527351808.0,131.38461,10.752282,3.555,2.0785400000000003,0.09503,0.40302439024390246,0.15470201484623541,-57195876.0,,3.0
ORA,False,27.146079284585163,"graham_current_ratio,graham_debt_to_equity,graham_pe,graham_pe_times_pb,munger_roe,munger_fcf",5711220736.0,46.435,2.1986792,1.046,1.24336,0.04778,0.37598694226205287,0.25735922821427926,-318099008.0,0.0054,4.0
SBRA,False,27.1377489499176,"graham_earnings_stability,graham_pe,graham_pe_times_pb,munger_roe",4883170304.0,73.51923,1.7751672,3.574,0.95672,0.02388,0.50268,-0.12527001,155119744.0,0.0625,3.0
MAN,False,27.069710642168786,"graham_current_ratio,graham_earnings_stability,graham_pe,munger_roe,munger_gross_margin",2510603008.0,24.317568,1.1919587,1.043,0.67414,0.050809998,0.166931185993284,0.008358810721107529,125012496.0,0.0256,0.0
OFG,False,27.06075,"data_missing:current_ratio,data_missing:debt_to_equity,data_missing:free_cash_flow,munger_gross_margin",2165683968.0,10.106509,1.5389236,,,0.16081,0.0,0.43318,,0.026600000000000002,4.0
PENG,False,26.943558189889178,"graham_earnings_stability,graham_pe,graham_pe_times_pb,munger_gross_margin,munger_fcf",3166286592.0,44.45324,7.2108765,1.544,0.77496,0.16194999,0.2880448044044612,0.04247169406061102,-107568000.0,,1.0
SOLS,False,26.942629910714288,"graham_current_ratio,graham_debt_to_equity,graham_pe,graham_pe_times_pb,munger_roe,munger_fcf",9173436416.0,43.75,5.7836757,1.459,1.52771,0.112629995,0.30622998,0.19338,-27375000.0,0.0053,4.0
AVTR,False,26.918806448917152,"data_missing:trailing_pe,graham_earnings_stability,munger_roe",10341526528.0,,1.837078,1.782,0.6567799999999999,-0.09701,0.32651628460669696,-0.03757516559323586,450337504.0,,0.0
CE,False,26.817546800782345,"data_missing:trailing_pe,graham_current_ratio,graham_debt_to_equity,graham_earnings_stability,munger_roe,munger_gross_margin",4904131072.0,,1.1768811,1.447,2.70205,-0.2225,0.20452640402347025,-0.08235540653813915,949875008.0,0.0027,0.0
CNC,False,26.769369721442132,"data_missing:trailing_pe,graham_current_ratio,graham_earnings_stability,munger_roe,munger_gross_margin",31168616448.0,,1.3814508,1.145,0.7108199999999999,-0.20358999,0.07295009164326384,-0.03913706443779296,9639624704.0,,0.0
FBRT,False,26.75567857142857,"data_missing:free_cash_flow,graham_size,graham_debt_to_equity,munger_roe",523601344.0,14.66279,0.42699444,8.697,2.70288,0.04119,0.99637,0.08555,,0.12359999999999999,4.0
WS,False,26.74089019127471,"graham_size,graham_current_ratio,graham_pe,graham_pe_times_pb,munger_roe,munger_gross_margin",1882987008.0,217.41176,1.7352113,1.456,0.28054,-0.01048,0.11710900749172426,-0.00040652767291944944,90725000.0,0.0176,4.0
CFR,False,26.6235,"data_missing:current_ratio,data_missing:debt_to_equity,data_missing:free_cash_flow,graham_pe_times_pb,munger_gross_margin",9627157504.0,14.655156,2.1502638,,,0.15498,0.0,0.37236,,0.0268,4.0
ARCB,False,26.615672448208482,"graham_current_ratio,graham_pe,graham_pe_times_pb,munger_roe,munger_gross_margin",2981223680.0,190.54286,2.3514273,0.968,0.3627,0.01269,0.080970004,0.02252006030685075,148348992.0,0.0037,4.0
CHEF,False,26.584702635564096,"graham_debt_to_equity,graham_pe,graham_pe_times_pb,munger_gross_margin",4799353344.0,55.75474,7.4016924,2.148,1.4602899999999999,0.15252,0.24197639399287196,0.03496920258814417,107143504.0,,4.0
GM,False,26.43916374302871,"graham_current_ratio,graham_debt_to_equity,graham_pe,graham_pe_times_pb,munger_roe,munger_gross_margin",71071801344.0,35.080357,1.1115198,1.136,2.02341,0.03164,0.10177,0.015722709559558748,21933750272.0,0.0091,4.0
FTRE,False,26.433666666666667,"data_missing:trailing_pe,graham_size,graham_current_ratio,graham_debt_to_equity,graham_earnings_stability,munger_roe,munger_gross_margin",1887735040.0,,3.6012337,0.958,2.13239,-0.15303999,0.19301,-0.3204083131379893,278862496.0,,0.0
PII,False,26.379101416853096,"data_missing:trailing_pe,graham_current_ratio,graham_debt_to_equity,graham_earnings_stability,munger_roe,munger_gross_margin",3069945088.0,,3.6698184,1.2,2.4489900000000002,-0.25571,0.19137304250559284,-0.04875559284116331,277100000.0,0.0519,0.0
LKFN,False,26.247749999999996,"data_missing:current_ratio,data_missing:debt_to_equity,data_missing:free_cash_flow,graham_size,munger_roe,munger_gross_margin",1465866880.0,13.432802,1.8957148,,,0.14997,0.0,0.51455003,,0.0358,4.0
SNDR,False,26.217504196267505,"graham_pe,graham_pe_times_pb,munger_roe,munger_gross_margin",5755128832.0,51.29688,1.8811599,2.033,0.12947,0.036760002,0.16025,0.029765786088151842,87137504.0,0.0124,4.0
ACHC,False,26.187911723043634,"data_missing:trailing_pe,graham_debt_to_equity,graham_earnings_stability,munger_roe,munger_fcf",2567240192.0,,1.2660698,1.572,1.1805700000000001,-0.41445,0.41057,0.29171905131546255,-104957000.0,,0.0
ADM,False,26.181146423640023,"graham_current_ratio,graham_pe,graham_pe_times_pb,munger_roe,munger_gross_margin",38758940672.0,21.972677,1.6443453,1.389,0.39134,0.07642,0.06270166564925438,0.04008,1164625024.0,0.0262,4.0
H,False,26.112831251824204,"graham_current_ratio,graham_debt_to_equity,graham_earnings_stability,graham_pe,graham_pe_times_pb,munger_roe",15010027520.0,199.09999,4.5424213,0.62,1.24421,0.02157,0.43444002,0.16749,170250000.0,0.0037,0.0
GT,False,26.02699966666667,"data_missing:trailing_pe,graham_size,graham_current_ratio,graham_debt_to_equity,graham_earnings_stability,munger_roe,munger_gross_margin",1404945920.0,,0.49447766,1.087,2.7367500000000002,-0.61530995,0.18080999,-0.009649999,497124992.0,,0.0
CBSH,False,26.020500749999997,"data_missing:current_ratio,data_missing:debt_to_equity,data_missing:free_cash_flow,munger_roe,munger_gross_margin",7926061568.0,13.4126215,1.8279854,,,0.14694001,0.0,0.45125,,0.020099999999999996,4.0
OI,False,26.00203163318442,"data_missing:trailing_pe,graham_size,graham_current_ratio,graham_debt_to_equity,graham_earnings_stability,munger_roe,munger_gross_margin",862799424.0,,2.2523062,1.261,9.25046,-1.18344,0.17258014316837847,0.005818404532230899,69625000.0,,0.0
MFP,False,25.996223809523812,"data_missing:return_on_equity,data_missing:free_cash_flow,graham_size,graham_earnings_stability,graham_pe,graham_pe_times_pb",1889276160.0,112.89189,2.4043057,1.837,0.32921999999999996,,0.35282,0.09739,,,3.0
EIG,False,25.96310975081738,"graham_size,graham_current_ratio,graham_pe,graham_pe_times_pb,munger_roe,munger_gross_margin",880603584.0,62.06329,1.0250245,1.115,0.14974,0.00772,0.01242,0.16349001,18350000.0,0.027999999999999997,4.0
CAG,False,25.91639840051087,"data_missing:trailing_pe,graham_current_ratio,graham_debt_to_equity,graham_earnings_stability,munger_roe,munger_gross_margin",6421185024.0,,1.01242,1.096,1.2115900000000002,-0.24886999,0.23918593107360658,-0.14434122819458234,460875008.0,0.053,0.0
CLSK,False,25.823738964139864,"data_missing:trailing_pe,graham_debt_to_equity,graham_earnings_stability,munger_roe,munger_gross_margin",3238745856.0,,4.253322,5.912,2.34725,-0.68622,0.21147823631395532,0.4162118922530451,48898124.0,,1.0
FFIN,False,25.806,"data_missing:current_ratio,data_missing:debt_to_equity,data_missing:free_cash_flow,graham_pe_times_pb,munger_roe,munger_gross_margin",4607732736.0,17.192514,2.2923353,,,0.14408,0.0,0.55958,,0.0277,4.0
CUBI,False,25.74375,"data_missing:current_ratio,data_missing:debt_to_equity,data_missing:free_cash_flow,munger_roe,munger_gross_margin",2549156608.0,9.134988,1.1553361,,,0.14325,0.0,0.46019,,,4.0
FOXF,False,25.720455114299455,"data_missing:trailing_pe,graham_size,graham_debt_to_equity,graham_earnings_stability,munger_roe",780515648.0,,1.1701323,3.105,1.02,-0.3675,0.3020790951673151,-0.3563862304158395,48863876.0,,0.0
AZO,False,25.711180510726862,"data_missing:debt_to_equity,data_missing:return_on_equity,data_missing:free_cash_flow,graham_current_ratio,graham_pe_times_pb",45463199744.0,19.39997,-16.524832,0.901,,,0.5262486365892685,0.1906230501253068,,,4.0
CPF,False,25.6845,"data_missing:current_ratio,data_missing:debt_to_equity,data_missing:free_cash_flow,graham_size,munger_roe,munger_gross_margin",938365120.0,11.71865,1.5771594,,,0.14246,0.0,0.36801997,,0.0333,4.0
NEO,False,25.678139315421134,"data_missing:trailing_pe,graham_earnings_stability,munger_roe",2386781952.0,,2.9843698,3.603,0.57064,-0.06327,0.43917,-0.048449997,43904752.0,,0.0
CC,False,25.661481962481965,"data_missing:trailing_pe,data_missing:debt_to_equity,graham_earnings_stability,munger_roe,munger_gross_margin",2067103616.0,,-42.1319,1.663,,-3.19372,0.1553030303030303,0.01131,303124992.0,0.026000000000000002,0.0
WRBY,False,25.638427813927056,"graham_earnings_stability,graham_pe,graham_pe_times_pb,munger_roe",3349778432.0,451.6667,8.532745,2.268,0.6402800000000001,0.020550001,0.5397136155888543,-0.006119932790843039,9525750.0,,1.0
BNY,False,25.593,"data_missing:current_ratio,data_missing:debt_to_equity,data_missing:free_cash_flow,graham_pe_times_pb,munger_roe,munger_gross_margin",98691817472.0,17.152714,2.4728415,,,0.14124,0.0,0.40046,,0.0154,4.0
BCC,False,25.591194349850056,"graham_pe,graham_pe_times_pb,munger_roe,munger_gross_margin",2621387264.0,25.467794,1.2954788,2.71,0.27115,0.0506,0.16511999,0.028624604678359835,43333376.0,0.011899999999999999,4.0
IRM,False,25.296888783835975,"data_missing:debt_to_equity,data_missing:return_on_equity,graham_current_ratio,graham_pe,graham_pe_times_pb,munger_fcf",33685370880.0,80.24894,-26.295841,0.726,,,0.5421,0.16862740495617262,-436093504.0,0.0311,4.0
BANF,False,25.250999999999994,"data_missing:current_ratio,data_missing:debt_to_equity,data_missing:free_cash_flow,munger_roe,munger_gross_margin",3627329792.0,14.574899,1.854109,,,0.13668,0.0,0.50523,,0.0195,4.0
GPI,False,25.19602860553655,"graham_current_ratio,graham_debt_to_equity,munger_roe,munger_gross_margin",2978290944.0,10.331265,0.9982657,1.02,1.95668,0.0949,0.16045969678442631,0.03251902850509937,135050000.0,0.0086,4.0
MDU,False,25.181037908947644,"graham_current_ratio,munger_roe,munger_fcf",3915655168.0,19.803192,1.337765,0.992,0.8805,0.068909995,0.3475,0.15486228218100057,-478334112.0,0.030600000000000002,4.0
GXO,False,25.127607842795392,"graham_current_ratio,graham_debt_to_equity,graham_pe,graham_pe_times_pb,munger_roe,munger_gross_margin",5366091264.0,41.40708,1.7978177,0.789,2.02482,0.04502,0.15255,0.018591592047351647,340624992.0,,4.0
CARR,False,25.121649328947505,"graham_current_ratio,graham_pe,graham_pe_times_pb,munger_roe,munger_gross_margin",45976776704.0,39.539288,3.4737997,1.02,0.91998,0.08966,0.24691999,0.09987584494413022,861750016.0,0.0174,4.0
ARWR,False,25.08148620700583,"data_missing:trailing_pe,graham_debt_to_equity,graham_earnings_stability,munger_roe,munger_fcf",9071192064.0,,19.526985,5.899,2.95984,-0.55207,1.0,0.1185680114968027,-48628124.0,,0.0
HNI,False,24.922259428871474,"data_missing:trailing_pe,graham_current_ratio,munger_roe",3416364800.0,,1.8925188,1.362,0.9107599999999999,0.00329,0.4142655864741106,0.044381824586121874,104212496.0,0.03,4.0
DCH,False,24.8479775345984,"data_missing:trailing_pe,graham_size,graham_current_ratio,graham_debt_to_equity,graham_earnings_stability,munger_roe,munger_gross_margin",1336525952.0,,0.88485134,1.398,3.43042,-0.15042,0.12070176640910103,0.019240324155772953,540849984.0,,0.0
WAL,False,24.764249999999997,"data_missing:current_ratio,data_missing:debt_to_equity,data_missing:free_cash_flow,munger_roe,munger_gross_margin",8368582144.0,8.65745,1.0954257,,,0.13019,0.0,0.39363998,,0.0222,4.0
BOH,False,24.76275,"data_missing:current_ratio,data_missing:debt_to_equity,data_missing:free_cash_flow,munger_roe,munger_gross_margin",2717737728.0,12.804832,1.7752867,,,0.13017,0.0,0.44022,,0.0407,4.0
UNIT,False,24.721094834596002,"data_missing:return_on_equity,graham_size,graham_current_ratio,graham_debt_to_equity,graham_earnings_stability,munger_fcf",1978209792.0,2.1223958,6.1883063,1.222,68.69969,,0.59088004,0.11725218169612889,-244203008.0,,2.0
MRCY,False,24.693397812457103,"data_missing:trailing_pe,graham_earnings_stability,munger_roe,munger_gross_margin",5159405568.0,,3.3739302,2.963,0.33582,-0.01998,0.2858465955417833,0.0002846621974701664,107115000.0,,0.0
TXNM,False,24.6931259511522,"graham_current_ratio,graham_debt_to_equity,graham_pe,graham_pe_times_pb,munger_roe,munger_fcf",6431344640.0,31.912569,1.824487,0.557,1.65512,0.06252,0.33819702784346933,0.2037208060930751,-529223744.0,0.028900000000000002,4.0
IBOC,False,24.69,"data_missing:current_ratio,data_missing:debt_to_equity,data_missing:free_cash_flow,munger_roe,munger_gross_margin",4337858048.0,10.568182,1.2850983,,,0.1292,0.0,0.60488,,0.021099999999999997,4.0
CASH,False,24.677142857142854,"data_missing:current_ratio,data_missing:debt_to_equity,data_missing:free_cash_flow,graham_size,munger_gross_margin",1537644160.0,9.26408,1.8288735,,,0.21176,0.0,0.20522,,0.0027,4.0
REZI,False,24.675143163046805,"graham_debt_to_equity,graham_earnings_stability,munger_gross_margin,munger_fcf",2827398144.0,7.273438,1.1177142,2.223,1.2990700000000002,0.15196,0.29389721627408993,0.08123661670235546,-1902749952.0,,0.0
LPX,False,24.638732935921784,"graham_pe,graham_pe_times_pb,munger_roe,munger_gross_margin,munger_fcf",4570193920.0,84.88312,2.6234248,3.221,0.21617,0.03098,0.21750369276218612,0.07717872968980798,-96000000.0,0.018600000000000002,4.0
HUM,False,24.611853393449746,"graham_pe,graham_pe_times_pb,munger_roe,munger_gross_margin",46346194944.0,36.514664,2.4122348,1.742,0.76485,0.06893,0.13653,0.02085389930898322,1940999936.0,0.009300000000000001,4.0
TSLA,False,24.54390813440594,"graham_pe,graham_pe_times_pb,munger_roe,munger_gross_margin",1469863559168.0,351.09436,16.920208,1.941,0.18373,0.046669997,0.18026511436616155,0.04592573845001951,4835999744.0,,4.0
CBRL,False,24.539238119395634,"graham_size,graham_current_ratio,graham_debt_to_equity,graham_pe,graham_pe_times_pb,munger_roe",1227371904.0,39.221428,2.6367345,0.579,2.16655,0.0674,0.31794,-0.0037574795538271753,43626876.0,0.0194,4.0
TRUP,False,24.475510913348415,"graham_size,graham_earnings_stability,graham_pe,graham_pe_times_pb,munger_roe,munger_gross_margin",1034516160.0,44.49057,2.5251658,1.774,0.26096,0.06068,0.16910110018336388,0.009613667707678358,11546000.0,,1.0
PNC,False,24.46725,"data_missing:current_ratio,data_missing:debt_to_equity,data_missing:free_cash_flow,munger_roe,munger_gross_margin",88393957376.0,12.194277,1.5226713,,,0.12623,0.0,0.38689,,0.0362,4.0
USB,False,24.46725,"data_missing:current_ratio,data_missing:debt_to_equity,data_missing:free_cash_flow,munger_roe,munger_gross_margin",89845039104.0,11.602616,1.4819717,,,0.12623,0.0,0.39646998,,0.0377,4.0
PRK,False,24.43875,"data_missing:current_ratio,data_missing:debt_to_equity,data_missing:free_cash_flow,graham_pe_times_pb,munger_roe,munger_gross_margin",3303754240.0,16.329464,1.9134756,,,0.12585,0.0,0.46613997,,0.0246,4.0
WFC,False,24.43125,"data_missing:current_ratio,data_missing:debt_to_equity,data_missing:free_cash_flow,munger_roe,munger_gross_margin",243356336128.0,11.696947,1.5128585,,,0.12575,0.0,0.37387002,,0.024900000000000002,4.0
NSP,False,24.403992953611276,"data_missing:trailing_pe,graham_size,graham_current_ratio,graham_debt_to_equity,graham_earnings_stability,munger_roe,munger_gross_margin",1778371968.0,,29.154665,1.113,7.836069999999999,-0.18496999,0.13211978860833823,-0.001467997651203758,195124992.0,0.049400000000000006,0.0
BRKR,False,24.372714612337315,"data_missing:trailing_pe,graham_earnings_stability,munger_roe",9687767040.0,,4.067878,1.847,0.76164,-0.029979998,0.45910082933216934,0.01984577331587371,179937504.0,0.0032,0.0
WABC,False,24.3645,"data_missing:current_ratio,data_missing:debt_to_equity,data_missing:free_cash_flow,graham_size,munger_roe,munger_gross_margin",1377309184.0,13.155629,1.6067673,,,0.12486,0.0,0.60288,,0.0325,4.0
NOG,False,24.255847685706357,"data_missing:trailing_pe,graham_current_ratio,graham_debt_to_equity,munger_roe,munger_fcf",2534270976.0,,1.2645541,0.796,1.36559,-0.22049999,0.75398004,0.09930311266648167,-459628992.0,0.0765,4.0
UMBF,False,24.231749999999998,"data_missing:current_ratio,data_missing:debt_to_equity,data_missing:free_cash_flow,munger_roe,munger_gross_margin",9940719616.0,10.879884,1.2848363,,,0.12309,0.0,0.51058,,0.0154,4.0
AMR,False,24.215617851981406,"data_missing:trailing_pe,graham_earnings_stability,munger_roe,munger_gross_margin",2189417472.0,,1.4615072,3.405,0.0076100000000000004,-0.0296,0.10018,-0.028817350330902224,52462248.0,,0.0
PATK,False,24.18768677197591,"graham_debt_to_equity,graham_pe_times_pb,munger_roe,munger_gross_margin",2167982848.0,16.07143,1.9171234,2.668,1.46006,0.12953,0.23105858018165054,0.0698569621691755,32754876.0,0.028300000000000002,4.0
WTFC,False,24.156,"data_missing:current_ratio,data_missing:debt_to_equity,data_missing:free_cash_flow,munger_roe,munger_gross_margin",9768060928.0,11.629317,1.3755511,,,0.12208,0.0,0.46085998,,0.015300000000000001,4.0
STT,False,24.033321428571426,"data_missing:current_ratio,data_missing:debt_to_equity,data_missing:free_cash_flow,graham_pe_times_pb,munger_roe,munger_gross_margin",48311795712.0,15.522507,2.0213082,,,0.12437,0.0,0.34313,,0.021099999999999997,4.0
WSFS,False,23.925749999999997,"data_missing:current_ratio,data_missing:debt_to_equity,data_missing:free_cash_flow,munger_roe,munger_gross_margin",3978936064.0,13.067114,1.4906975,,,0.11901,0.0,0.41717,,0.0104,4.0
RF,False,23.900249549999998,"data_missing:current_ratio,data_missing:debt_to_equity,data_missing:free_cash_flow,munger_roe,munger_gross_margin",23151183872.0,11.046747,1.3263861,,,0.118669994,0.0,0.39314997,,0.0406,4.0
BJRI,False,23.87927058416634,"graham_size,graham_current_ratio,graham_debt_to_equity,graham_pe,graham_pe_times_pb,munger_roe,munger_gross_margin",1308123776.0,31.213198,3.27702,0.289,1.09378,0.104399994,0.15534,0.03309923480801586,49461376.0,,4.0
DTE,False,23.871329837543016,"graham_current_ratio,graham_debt_to_equity,graham_pe_times_pb,munger_roe,munger_gross_margin,munger_fcf",25902802944.0,19.696203,2.132091,0.802,2.2906,0.1103,0.29347,0.13571825176489252,-2596624896.0,0.0378,4.0
MBIN,False,23.799749999999996,"data_missing:current_ratio,data_missing:debt_to_equity,data_missing:free_cash_flow,munger_roe,munger_gross_margin",2310551040.0,10.100402,1.2540826,,,0.11733,0.0,0.61074,,0.0089,4.0
CATY,False,23.77950045,"data_missing:current_ratio,data_missing:debt_to_equity,data_missing:free_cash_flow,munger_roe,munger_gross_margin",4051530240.0,11.88454,1.3320612,,,0.117060006,0.0,0.62619996,,0.0253,4.0
CBU,False,23.6475,"data_missing:current_ratio,data_missing:debt_to_equity,data_missing:free_cash_flow,munger_roe,munger_gross_margin",3197468416.0,14.099769,1.5421118,,,0.1153,0.0,0.39207,,0.0317,4.0
MOH,False,23.593203108357855,"graham_pe,graham_pe_times_pb,munger_roe,munger_gross_margin",9825084416.0,1176.375,2.3465319,1.679,0.94773,-0.0016,0.12763218864233125,0.01719279707656408,700249984.0,,4.0
FHN,False,23.58975,"data_missing:current_ratio,data_missing:debt_to_equity,data_missing:free_cash_flow,munger_roe,munger_gross_margin",11079278592.0,11.242789,1.3059869,,,0.11453,0.0,0.41284,,0.029500000000000002,4.0
NBTB,False,23.568,"data_missing:current_ratio,data_missing:debt_to_equity,data_missing:free_cash_flow,munger_roe,munger_gross_margin",2675423488.0,12.527981,1.376186,,,0.11424,0.0,0.41447,,0.0315,4.0
BROS,False,23.567223165326734,"graham_current_ratio,graham_debt_to_equity,graham_earnings_stability,graham_pe,graham_pe_times_pb,munger_roe,munger_gross_margin",6791350272.0,53.77778,6.6931725,1.35,1.23827,0.14562,0.25097,0.09839093763181718,1719625.0,,3.0
SYNA,False,23.50946319388116,"data_missing:trailing_pe,graham_current_ratio,graham_earnings_stability,munger_roe",4826200064.0,,5.1098967,1.122,0.9433,-0.42229998,0.4472101570330772,-0.05604744403608419,149650000.0,,0.0
OZK,False,23.4967503,"data_missing:current_ratio,data_missing:debt_to_equity,data_missing:free_cash_flow,munger_roe,munger_gross_margin",5096418304.0,7.7128716,0.8581343,,,0.113290004,0.0,0.55609,,0.0401,4.0
AMKR,False,23.477603399147824,"graham_pe,graham_pe_times_pb,munger_roe,munger_gross_margin,munger_fcf",13971334144.0,25.275785,3.0056524,2.171,0.57054,0.12514,0.13992272786699902,0.06967595763911674,-378785984.0,0.0063,4.0
KTOS,False,23.44791193159058,"graham_earnings_stability,graham_pe,graham_pe_times_pb,munger_roe,munger_gross_margin,munger_fcf",8055858176.0,252.70587,2.351267,5.541,0.0565,0.011469999,0.22861597861597863,0.019008019008019007,-118287504.0,,2.0
SHEN,False,23.43785,"data_missing:trailing_pe,graham_size,graham_current_ratio,graham_earnings_stability,munger_roe,munger_fcf",602090880.0,,0.7001674,0.852,0.77081,-0.03941,0.64852995,-0.06493430281623232,-236001120.0,0.009899999999999999,0.0
BAC,False,23.399250375,"data_missing:current_ratio,data_missing:debt_to_equity,data_missing:free_cash_flow,munger_roe,munger_gross_margin",375965122560.0,12.41686,1.3666056,,,0.111990005,0.0,0.38305,,0.023799999999999998,4.0
PFS,False,23.354999999999997,"data_missing:current_ratio,data_missing:debt_to_equity,data_missing:free_cash_flow,munger_roe,munger_gross_margin",2940377856.0,9.393749,1.0114855,,,0.1114,0.0,0.5227,,0.043,4.0
AAL,False,23.34999145531084,"data_missing:trailing_pe,data_missing:debt_to_equity,data_missing:return_on_equity,graham_current_ratio,munger_gross_margin",8585750016.0,,-2.1613066,0.534,,,0.21239,0.026851902696172644,519249984.0,,4.0
TRMK,False,23.339250449999998,"data_missing:current_ratio,data_missing:debt_to_equity,data_missing:free_cash_flow,munger_roe,munger_gross_margin",2658470912.0,11.648854,1.243481,,,0.111190006,0.0,0.36776,,0.0222,4.0
HOMB,False,23.329499999999996,"data_missing:current_ratio,data_missing:debt_to_equity,data_missing:free_cash_flow,munger_roe,munger_gross_margin",5734423040.0,11.845041,1.2636104,,,0.11106,0.0,0.57611,,0.0301,4.0
FULT,False,23.32575,"data_missing:current_ratio,data_missing:debt_to_equity,data_missing:free_cash_flow,munger_roe,munger_gross_margin",4343306240.0,10.9375,1.2022406,,,0.11101,0.0,0.42348,,0.0337,4.0
FBK,False,23.31,"data_missing:current_ratio,data_missing:debt_to_equity,data_missing:free_cash_flow,munger_roe,munger_gross_margin",2670831616.0,14.137566,1.3791323,,,0.1108,0.0,0.45556,,0.0161,4.0
MTRN,False,23.2890054127838,"graham_pe,graham_pe_times_pb,munger_roe,munger_gross_margin",6472725504.0,72.58995,6.5060835,2.941,0.51424,0.09458999,0.17274971313425316,0.06145699812487756,13363875.0,0.002,4.0
COLB,False,23.270999999999997,"data_missing:current_ratio,data_missing:debt_to_equity,data_missing:free_cash_flow,munger_roe,munger_gross_margin",8183309312.0,11.391732,1.0835861,,,0.11028,0.0,0.50923,,0.051500000000000004,4.0
VVX,False,23.26406037800879,"graham_current_ratio,graham_earnings_stability,graham_pe,graham_pe_times_pb,munger_roe,munger_gross_margin",2225677056.0,24.484482,1.9618975,1.318,0.97529,0.08349,0.08473,0.04336347147055449,106377504.0,,2.0
FCF,False,23.1802497,"data_missing:current_ratio,data_missing:debt_to_equity,data_missing:free_cash_flow,munger_roe,munger_gross_margin",2073162240.0,12.509146,1.3166677,,,0.109069996,0.0,0.45363998,,0.0276,4.0
PAG,False,23.140136933389794,"graham_current_ratio,graham_debt_to_equity,graham_pe_times_pb,munger_gross_margin",13410000896.0,14.852728,2.3059855,0.975,1.6064699999999998,0.15842,0.1640127638838675,0.04026282283037553,218100000.0,0.028399999999999998,4.0
BANR,False,23.086499999999997,"data_missing:current_ratio,data_missing:debt_to_equity,data_missing:free_cash_flow,munger_roe,munger_gross_margin",2310294272.0,11.217822,1.1555723,,,0.10782,0.0,0.37702,,0.030299999999999997,4.0
XHR,False,23.075591103848087,"data_missing:trailing_pe,graham_size,graham_debt_to_equity,munger_roe,munger_gross_margin",1799505408.0,,1.511802,2.198,1.18285,-0.0063300002,0.26128998,0.09970607324988409,72648248.0,0.031,4.0
MTB,False,23.0565,"data_missing:current_ratio,data_missing:debt_to_equity,data_missing:free_cash_flow,munger_roe,munger_gross_margin",31778007040.0,11.6072,1.245583,,,0.10742,0.0,0.45108002,,0.0276,4.0
ONB,False,22.9559997,"data_missing:current_ratio,data_missing:debt_to_equity,data_missing:free_cash_flow,munger_roe,munger_gross_margin",9529818112.0,11.022124,1.1407244,,,0.106079996,0.0,0.52542,,0.0232,4.0
SSB,False,22.948499549999994,"data_missing:current_ratio,data_missing:debt_to_equity,data_missing:free_cash_flow,munger_roe,munger_gross_margin",9896251392.0,10.719538,1.083713,,,0.105979994,0.0,0.50514,,0.0262,4.0
WKC,False,22.907872084141,"data_missing:trailing_pe,graham_size,graham_current_ratio,graham_earnings_stability,munger_roe,munger_gross_margin",1828158976.0,,1.6113616,1.058,0.58819,-0.12264,0.025674086996093897,-0.015296641619217372,116087504.0,0.0258,0.0
MP,False,22.898366666666664,"data_missing:trailing_pe,graham_earnings_stability,munger_roe,munger_fcf",8364540928.0,,4.272264,9.51,0.41402,-0.03585,0.42326,-0.6655379364732825,-432948864.0,,0.0
VTOL,False,22.839297003829174,"graham_size,graham_earnings_stability,munger_roe,munger_gross_margin,munger_fcf",1198129536.0,11.614942,1.0999537,2.26,0.89036,0.10082,0.27201,0.10654459675601403,-34314624.0,0.0124,2.0
HII,False,22.8269924986764,"graham_current_ratio,graham_pe_times_pb,munger_roe,munger_gross_margin,munger_fcf",10589591552.0,16.005955,1.9935018,1.23,0.55252,0.12968001,0.124,0.05262736302467158,-300249984.0,0.020099999999999996,4.0
PFGC,False,22.822642134531815,"graham_debt_to_equity,graham_pe,graham_pe_times_pb,munger_roe,munger_gross_margin",14727114752.0,40.943233,2.9873192,1.514,1.58849,0.076680005,0.13012559662654158,0.01438714181124751,713825024.0,,4.0
FHB,False,22.741499249999997,"data_missing:current_ratio,data_missing:debt_to_equity,data_missing:free_cash_flow,munger_roe,munger_gross_margin",3063328000.0,10.945652,1.0839612,,,0.10321999,0.0,0.43712002,,0.0418,4.0
FFBC,False,22.714499999999997,"data_missing:current_ratio,data_missing:debt_to_equity,data_missing:free_cash_flow,munger_roe,munger_gross_margin",3347988992.0,11.249117,1.1184303,,,0.10286,0.0,0.39804,,0.032,4.0
UCB,False,22.703249999999997,"data_missing:current_ratio,data_missing:debt_to_equity,data_missing:free_cash_flow,munger_roe,munger_gross_margin",4114639104.0,11.151961,1.1175334,,,0.10271,0.0,0.50902003,,0.0308,4.0
TCBI,False,22.641,"data_missing:current_ratio,data_missing:debt_to_equity,data_missing:free_cash_flow,munger_roe,munger_gross_margin",4067461888.0,12.16645,1.2148756,,,0.10188,0.0,0.36721,,0.0086,4.0
KEY,False,22.623214285714287,"data_missing:current_ratio,data_missing:debt_to_equity,data_missing:free_cash_flow,graham_earnings_stability,munger_roe,munger_gross_margin",21465290752.0,11.763158,1.2465914,,,0.1033,0.0,0.3471,,0.0409,1.0
FLEX,False,22.5723850914842,"graham_current_ratio,graham_debt_to_equity,graham_pe,graham_pe_times_pb,munger_gross_margin",43176742912.0,45.303295,7.849731,1.38,1.07818,0.18378,0.09196102314250913,0.04900766640395501,625750016.0,,4.0
OLN,False,22.498792107687816,"data_missing:trailing_pe,graham_size,graham_current_ratio,graham_debt_to_equity,graham_earnings_stability,munger_roe,munger_gross_margin",1811181824.0,,1.0582751,1.418,1.99059,-0.10585,0.07395882491741387,0.0007816186880604058,311800000.0,0.0501,0.0
WCC,False,22.477757627962436,"graham_debt_to_equity,graham_pe,graham_pe_times_pb,munger_roe,munger_gross_margin",18695874560.0,26.494476,3.7100005,2.091,1.2865,0.14308,0.21395001,0.05244376012828093,177050000.0,0.0054,4.0
ROAD,False,22.432394904566667,"graham_debt_to_equity,graham_pe,graham_pe_times_pb,munger_gross_margin",5210443776.0,36.00196,4.9815507,1.566,1.81754,0.15048,0.1561299494089653,0.07993689276890976,52442000.0,,4.0
STBA,False,22.404,"data_missing:current_ratio,data_missing:debt_to_equity,data_missing:free_cash_flow,graham_size,munger_roe,munger_gross_margin",1745641856.0,13.164894,1.2434686,,,0.09872,0.0,0.44693002,,0.0302,4.0
AGNT,False,22.329954327508556,"data_missing:trailing_pe,data_missing:debt_to_equity,graham_size,graham_earnings_stability,munger_roe,munger_gross_margin",597317440.0,,2.1624033,1.515,,-0.06887,0.06989862982525658,-0.0044980304091665445,98850248.0,0.0562,0.0
AUB,False,22.31925,"data_missing:current_ratio,data_missing:debt_to_equity,data_missing:free_cash_flow,munger_roe,munger_gross_margin",5542646272.0,11.314869,1.0688516,,,0.09759,0.0,0.56057,,0.0385,4.0
HWC,False,22.278000374999998,"data_missing:current_ratio,data_missing:debt_to_equity,data_missing:free_cash_flow,munger_roe,munger_gross_margin",5874734592.0,14.358825,1.3259819,,,0.097040005,0.0,0.4386,,0.0278,4.0
ASB,False,22.271249625,"data_missing:current_ratio,data_missing:debt_to_equity,data_missing:free_cash_flow,munger_roe,munger_gross_margin",5472821760.0,10.13986,0.99264073,,,0.096949995,0.0,0.41342998,,0.0334,4.0
TRST,False,22.23675,"data_missing:current_ratio,data_missing:debt_to_equity,data_missing:free_cash_flow,graham_size,munger_roe,munger_gross_margin",946912640.0,15.447223,1.4434782,,,0.09649,0.0,0.46668997,,0.0292,4.0
HGV,False,22.22595238095238,"graham_debt_to_equity,graham_pe_times_pb,munger_roe,munger_gross_margin,munger_fcf",2729671936.0,19.954544,2.4863715,4.814,6.2408600000000005,0.11456,0.24617,0.12666,-127000000.0,,4.0
CAVA,False,22.21556975360766,"graham_earnings_stability,graham_pe,graham_pe_times_pb,munger_roe,munger_gross_margin,munger_fcf",6316879360.0,96.571434,7.5090256,2.483,0.61899,0.083229996,0.24749005077535338,0.046865039536681634,-721500.0,,3.0
FIBK,False,22.212749249999998,"data_missing:current_ratio,data_missing:debt_to_equity,data_missing:free_cash_flow,munger_roe,munger_gross_margin",3436207616.0,11.267187,1.0368379,,,0.09616999,0.0,0.43242002,,0.0526,4.0
ARMK,False,22.161633265665476,"graham_current_ratio,graham_debt_to_equity,graham_pe,graham_pe_times_pb,munger_roe,munger_gross_margin",14618008576.0,38.776226,4.305793,1.285,1.8672399999999998,0.11694,0.15292,0.04422,374142496.0,0.0088,4.0
UBSI,False,22.1055,"data_missing:current_ratio,data_missing:debt_to_equity,data_missing:free_cash_flow,munger_roe,munger_gross_margin",6389050880.0,12.780653,1.1629146,,,0.09474,0.0,0.53079,,0.0327,4.0
EBC,False,22.0815,"data_missing:current_ratio,data_missing:debt_to_equity,data_missing:free_cash_flow,munger_roe,munger_gross_margin",4891290112.0,11.958101,1.0907562,,,0.09442,0.0,0.50124,,0.0265,4.0
ABCB,False,22.048499999999997,"data_missing:current_ratio,data_missing:debt_to_equity,data_missing:free_cash_flow,munger_roe,munger_gross_margin",5450114048.0,14.686255,1.3278452,,,0.09398,0.0,0.50194,,0.01,4.0
AOSL,False,21.914317913879795,"data_missing:trailing_pe,graham_size,graham_earnings_stability,munger_roe,munger_gross_margin,munger_fcf",923250112.0,,1.1551225,3.438,0.035070000000000004,-0.05217,0.2232110374163938,-0.06362245130919819,-29679500.0,,0.0
BKU,False,21.89099925,"data_missing:current_ratio,data_missing:debt_to_equity,data_missing:free_cash_flow,data_missing:consecutive_positive_earnings_years,munger_roe,munger_gross_margin",3089698816.0,11.916208,1.0438225,,,0.09187999,0.0,0.37060001,,0.030899999999999997,
J,False,21.82650032143613,"graham_current_ratio,graham_debt_to_equity,graham_pe,graham_pe_times_pb,munger_roe,munger_gross_margin",16275088384.0,45.7907,4.945461,1.287,1.24734,0.07998,0.14405078371554456,0.025855999534456803,645677888.0,0.0103,4.0
TRIP,False,21.813099644934653,"data_missing:trailing_pe,graham_size,graham_debt_to_equity,munger_roe,munger_fcf",1000882368.0,,1.4958837,1.561,1.34928,-0.00233,0.63966,0.04230565838180857,-101500000.0,,4.0
TFC,False,21.794249999999998,"data_missing:current_ratio,data_missing:debt_to_equity,data_missing:free_cash_flow,graham_earnings_stability,munger_roe,munger_gross_margin",56946110464.0,10.716092,0.9703777,,,0.09059,0.0,0.39815,,0.0449,2.0
FNB,False,21.78,"data_missing:current_ratio,data_missing:debt_to_equity,data_missing:free_cash_flow,munger_roe,munger_gross_margin",6224029696.0,10.407739,0.9039446,,,0.0904,0.0,0.44671002,,0.0302,4.0
SAH,False,21.754265732235247,"graham_size,graham_current_ratio,graham_debt_to_equity,munger_gross_margin,munger_fcf",1991100160.0,10.028662,1.9410115,1.012,4.55519,0.20631,0.15724976243268926,0.024251662971175165,-116075000.0,0.025699999999999997,4.0
HBAN,False,21.7515,"data_missing:current_ratio,data_missing:debt_to_equity,data_missing:free_cash_flow,munger_roe,munger_gross_margin",30962857984.0,11.788462,1.0410298,,,0.09002,0.0,0.41932,,0.0408,4.0
SBSI,False,21.746249625,"data_missing:current_ratio,data_missing:debt_to_equity,data_missing:free_cash_flow,graham_size,munger_roe,munger_gross_margin",916918016.0,12.085883,1.0408307,,,0.089949995,0.0,0.47232,,0.048499999999999995,4.0
WSBC,False,21.734999249999998,"data_missing:current_ratio,data_missing:debt_to_equity,data_missing:free_cash_flow,munger_roe,munger_gross_margin",3658809856.0,10.838069,0.94130135,,,0.08979999,0.0,0.48699,,0.0404,4.0
CAH,False,21.72188459411958,"data_missing:debt_to_equity,data_missing:return_on_equity,graham_current_ratio,graham_pe,graham_pe_times_pb,munger_gross_margin",52808753152.0,31.586857,-18.431835,0.883,,,0.038442780277524305,0.010277366980271232,4752500224.0,0.009000000000000001,4.0
VLY,False,21.71475,"data_missing:current_ratio,data_missing:debt_to_equity,data_missing:free_cash_flow,munger_roe,munger_gross_margin",7087162368.0,10.868645,0.9379114,,,0.08953,0.0,0.46787998,,0.0347,4.0
NIC,False,21.68024925,"data_missing:current_ratio,data_missing:debt_to_equity,data_missing:free_cash_flow,munger_roe,munger_gross_margin",3488063488.0,18.658632,1.5365121,,,0.08906999,0.0,0.52892,,0.0083,4.0
VSEC,False,21.61394082281312,"graham_pe,graham_pe_times_pb,munger_roe,munger_gross_margin,munger_fcf",4716599296.0,53.865387,1.6077067,3.768,0.34965,0.042659998,0.15621,0.08055112269897283,-260715008.0,0.0025,4.0
DCOM,False,21.552,"data_missing:current_ratio,data_missing:debt_to_equity,data_missing:free_cash_flow,graham_size,munger_roe,munger_gross_margin",1763172864.0,14.467391,1.2559763,,,0.08736,0.0,0.44626,,0.0253,4.0
ABR,False,21.481250000000003,"data_missing:free_cash_flow,graham_size,graham_debt_to_equity,graham_pe,munger_roe",725767168.0,39.777775,0.3155297,2.095,3.86741,0.01975,0.79161,-0.12729,,0.2534,4.0
HTLD,False,21.44963266666667,"data_missing:trailing_pe,graham_size,graham_earnings_stability,munger_roe,munger_gross_margin,munger_fcf",920644672.0,,1.2172801,1.585,0.19358,-0.028469998,0.28059998,-0.0712564958316216,-80482624.0,0.0069,0.0
NWBI,False,21.428250300000002,"data_missing:current_ratio,data_missing:debt_to_equity,data_missing:free_cash_flow,munger_roe,munger_gross_margin",2221052672.0,14.723301,1.1518304,,,0.085710004,0.0,0.41568002,,0.053399999999999996,4.0
C,False,21.396749999999997,"data_missing:current_ratio,data_missing:debt_to_equity,data_missing:free_cash_flow,munger_roe,munger_gross_margin",215399661568.0,13.837285,1.1191585,,,0.08529,0.0,0.36229,,0.021099999999999997,4.0
WAFD,False,21.37275,"data_missing:current_ratio,data_missing:debt_to_equity,data_missing:free_cash_flow,munger_roe,munger_gross_margin",2272893696.0,9.687696,0.8341935,,,0.08497,0.0,0.46126997,,0.036000000000000004,4.0
FITB,False,21.328500000000002,"data_missing:current_ratio,data_missing:debt_to_equity,data_missing:free_cash_flow,munger_roe,munger_gross_margin",46303215616.0,17.19697,1.4335232,,,0.08438,0.0,0.39078,,0.0333,4.0
BBT,False,21.317250449999996,"data_missing:current_ratio,data_missing:debt_to_equity,data_missing:free_cash_flow,munger_roe,munger_gross_margin",2369899776.0,9.180195,0.9331067,,,0.084230006,0.0,0.46051997,,0.045899999999999996,4.0
SHAK,False,21.26852740922288,"graham_debt_to_equity,graham_earnings_stability,graham_pe,graham_pe_times_pb,munger_roe,munger_fcf",2601180160.0,63.91579,4.503449,1.668,1.66579,0.0794,0.4038,0.04324897288186723,-41693376.0,,3.0
SCL,False,21.23992215782801,"data_missing:trailing_pe,graham_size,graham_current_ratio,munger_roe,munger_gross_margin",1432718336.0,,1.1820586,1.151,0.5836,-0.0021600001,0.11572676121321684,0.03368145811053833,55548624.0,0.025699999999999997,4.0
MET,False,21.216214377142066,"graham_debt_to_equity,graham_pe_times_pb,munger_roe,munger_gross_margin,munger_fcf",60128829440.0,18.091778,2.1990333,2.027,1.7993299999999999,0.13094,0.23951,0.07961444657775933,-20953999360.0,0.025099999999999997,4.0
AES,False,21.2079019818947,"graham_current_ratio,graham_debt_to_equity,graham_earnings_stability,munger_roe,munger_gross_margin,munger_fcf",10633181184.0,5.5842695,2.1515152,0.746,2.5688600000000004,0.095740005,0.1807406196354124,0.18673,-3089125120.0,0.0472,3.0
CFG,False,21.20250075,"data_missing:current_ratio,data_missing:debt_to_equity,data_missing:free_cash_flow,munger_roe,munger_gross_margin",27142737920.0,14.040304,1.1315868,,,0.08270001,0.0,0.35132998,,0.028900000000000002,4.0
COF,False,21.18567857142857,"data_missing:current_ratio,data_missing:debt_to_equity,data_missing:free_cash_flow,munger_roe,munger_gross_margin",119951532032.0,10.772452,1.1647872,,,0.09031,0.0,0.33629,,0.0165,4.0
INDB,False,21.17925,"data_missing:current_ratio,data_missing:debt_to_equity,data_missing:free_cash_flow,munger_roe,munger_gross_margin",3784553984.0,14.447557,1.0831751,,,0.08239,0.0,0.47252,,0.032400000000000005,4.0
INTC,False,21.162155334554228,"data_missing:trailing_pe,graham_earnings_stability,munger_roe",632667504640.0,,6.8946943,1.604,0.48997,-0.10715,0.34766238434904356,-0.04188976973870925,4866375168.0,,0.0
RNST,False,21.1575003,"data_missing:current_ratio,data_missing:debt_to_equity,data_missing:free_cash_flow,munger_roe,munger_gross_margin",3657092352.0,11.69883,0.9446346,,,0.082100004,0.0,0.43483,,0.024399999999999998,4.0
GEF,False,21.12164285714286,"data_missing:return_on_equity,data_missing:free_cash_flow,graham_current_ratio,graham_pe,graham_pe_times_pb,munger_gross_margin",4684288512.0,34.049587,1.5608721,1.289,0.39409999999999995,,0.22521,0.10561,,0.028900000000000002,4.0
FBNC,False,21.108,"data_missing:current_ratio,data_missing:debt_to_equity,data_missing:free_cash_flow,munger_roe,munger_gross_margin",2587426560.0,19.409937,1.5065323,,,0.08144,0.0,0.51192003,,0.015600000000000001,4.0
CFFN,False,21.0097497,"data_missing:current_ratio,data_missing:debt_to_equity,data_missing:free_cash_flow,graham_size,graham_earnings_stability,munger_roe,munger_gross_margin",1057276160.0,13.184615,1.0337756,,,0.080129996,0.0,0.50087,,0.0401,2.0
GBCI,False,20.9595,"data_missing:current_ratio,data_missing:debt_to_equity,data_missing:free_cash_flow,munger_roe,munger_gross_margin",5727588864.0,18.028688,1.32796,,,0.07946,0.0,0.44305,,0.0323,4.0
MATW,False,20.78049416771115,"data_missing:trailing_pe,graham_size,graham_debt_to_equity,graham_earnings_stability,munger_roe,munger_gross_margin",604755200.0,,1.2444601,1.756,1.2932,-0.05874,0.29498027829242257,-0.006862363475275054,26483000.0,0.054900000000000004,0.0
CVBF,False,20.736749999999997,"data_missing:current_ratio,data_missing:debt_to_equity,data_missing:free_cash_flow,munger_roe,munger_gross_margin",3922983168.0,15.479167,1.2394352,,,0.07649,0.0,0.55747,,0.0363,4.0
PNFP,False,20.735999999999997,"data_missing:current_ratio,data_missing:debt_to_equity,data_missing:free_cash_flow,munger_roe,munger_gross_margin",14521924608.0,13.236914,1.0294921,,,0.07648,0.0,0.47018,,0.021099999999999997,4.0
HAFC,False,20.57824278813741,"data_missing:current_ratio,data_missing:debt_to_equity,data_missing:free_cash_flow,graham_size,munger_roe,munger_gross_margin",937657728.0,10.648148,1.1448793,,,0.11344,0.0,0.28163899838987283,,0.0359,4.0
AVAV,False,20.538667901209585,"data_missing:trailing_pe,graham_earnings_stability,munger_roe,munger_gross_margin,munger_fcf",7124809216.0,,1.6147964,4.26,0.19354,-0.04597,0.2532530370362876,-0.15731885909112753,-25920876.0,,0.0
LYB,False,20.49013381266068,"data_missing:trailing_pe,graham_debt_to_equity,graham_earnings_stability,munger_roe,munger_gross_margin",18957481984.0,,1.7763418,1.641,1.3275899999999998,-0.02269,0.12888,-0.013928962292309223,1228000000.0,0.0478,0.0
PRIM,False,20.34698968175465,"graham_current_ratio,graham_pe,graham_pe_times_pb,munger_roe,munger_gross_margin",4246832384.0,30.937256,2.6436782,1.181,0.7963,0.08889,0.10734135104093784,0.05432414949372269,80155000.0,0.0042,4.0
BXMT,False,20.336000000000002,"data_missing:free_cash_flow,graham_size,graham_debt_to_equity,graham_earnings_stability,graham_pe,graham_pe_times_pb,munger_roe",1846395008.0,136.9375,0.5728404,98.576,4.84696,0.00448,1.0,-3.69142,,0.1664,1.0
IFF,False,20.330722053872055,"data_missing:trailing_pe,graham_earnings_stability,munger_roe,munger_fcf",21121257472.0,,1.5112435,2.061,0.44821,-0.05548,0.3616161616161616,-0.03507805325987144,-1720999936.0,0.0192,0.0
CRL,False,20.31342412701348,"data_missing:trailing_pe,graham_current_ratio,graham_debt_to_equity,graham_earnings_stability,munger_roe",13763116032.0,,4.8457036,1.348,1.05047,-0.07516,0.34585,0.006266402548997829,468856000.0,,0.0
PB,False,20.303250000000002,"data_missing:current_ratio,data_missing:debt_to_equity,data_missing:free_cash_flow,munger_roe,munger_gross_margin",8115536896.0,11.703639,0.8183471,,,0.07071,0.0,0.58042,,0.0359,4.0
CXW,False,20.289766961403537,"graham_current_ratio,graham_pe,graham_pe_times_pb,munger_roe,munger_gross_margin",3319359744.0,26.638887,2.3075073,1.319,0.95487,0.08772001,0.2258,0.08536514325749088,24545250.0,,4.0
MTZ,False,20.28013776190476,"graham_current_ratio,graham_earnings_stability,graham_pe,graham_pe_times_pb,munger_gross_margin,munger_fcf",17465120768.0,34.686604,4.8828044,1.4,0.89874,0.16176,0.12913999,0.05424,-57898876.0,,2.0
KBH,False,20.072245803523792,"data_missing:free_cash_flow,munger_roe,munger_gross_margin",2765184000.0,12.811268,0.7344012,6.177,0.55482,0.05908,0.17115,0.07603273541555512,,0.0215,4.0
JEF,False,20.0,"data_missing:current_ratio,data_missing:return_on_equity,data_missing:free_cash_flow,graham_debt_to_equity",9406879744.0,12.706043,0.89022774,,3.64763,,0.82623,-0.4363169496947191,,0.0354,4.0
STEP,False,20.0,"data_missing:trailing_pe,graham_current_ratio,graham_debt_to_equity,graham_earnings_stability,munger_roe,munger_gross_margin",5873964544.0,,-6.9494505,0.639,1.26487,-0.61397,-0.48369,-0.54055,2822566144.0,0.0385,0.0
PI,False,19.897994049455043,"data_missing:trailing_pe,graham_debt_to_equity,graham_earnings_stability,munger_roe",5883099136.0,,25.398365,3.277,1.15143,-0.12875,0.5253119158069653,-0.002041127189642041,56185876.0,,0.0
CWST,False,19.886930680940367,"graham_current_ratio,graham_pe,graham_pe_times_pb,munger_roe",5308216832.0,1042.6251,3.3595138,0.993,0.9162300000000001,0.00364,0.3342,0.034662227160652447,121703752.0,,4.0
WY,False,19.827058754368398,"graham_pe,graham_pe_times_pb,munger_roe,munger_gross_margin",13351633920.0,28.06818,1.4118588,1.816,0.57625,0.04974,0.14844315713251266,0.1058653149891383,13625000.0,0.0452,4.0
SNX,False,19.749076973409796,"graham_current_ratio,graham_pe_times_pb,munger_roe,munger_gross_margin,munger_fcf",22090665984.0,17.027424,2.4768643,1.191,0.64999,0.14932,0.06989466930726371,0.022635775473912288,-1070279488.0,0.0070999999999999995,4.0
SEDG,False,19.602512466256172,"data_missing:trailing_pe,graham_earnings_stability,munger_roe,munger_gross_margin",2045115904.0,,4.961935,2.03,0.9885200000000001,-0.58424,0.1657157282235378,-0.2547009398502589,113761248.0,,0.0
LEU,False,19.563474622454287,"graham_debt_to_equity,graham_pe,graham_pe_times_pb,munger_roe,munger_gross_margin,munger_fcf",2867270144.0,74.17328,3.30865,5.395,1.3928299999999998,0.08053,0.26186761756184534,0.1118787608647203,-127300000.0,,4.0
SBCF,False,19.55025,"data_missing:current_ratio,data_missing:debt_to_equity,data_missing:free_cash_flow,graham_pe,munger_roe,munger_gross_margin",3156429568.0,21.589403,1.1436188,,,0.06067,0.0,0.48815,,0.0236,4.0
WERN,False,19.453598759013715,"data_missing:trailing_pe,graham_current_ratio,graham_earnings_stability,munger_roe,munger_gross_margin",2118637056.0,,1.5628178,1.448,0.68379,-0.03909,0.1904,0.003919115006878708,69455872.0,0.0163,0.0
ASTE,False,19.427198247035626,"graham_size,graham_earnings_stability,graham_pe,graham_pe_times_pb,munger_roe,munger_gross_margin,munger_fcf",962460352.0,49.761906,1.394821,2.517,0.57089,0.02859,0.2653148043108338,0.046724333522404994,-1112500.0,0.0128,3.0
SLAB,False,19.410633855103786,"data_missing:trailing_pe,data_missing:debt_to_equity,graham_earnings_stability,munger_roe,munger_fcf",7423436800.0,,6.780446,5.407,,-0.03628,0.5823190156531135,-0.08988817020148733,-13706625.0,,0.0
SITM,False,19.143087544917808,"graham_debt_to_equity,graham_earnings_stability,graham_pe,graham_pe_times_pb,munger_roe",21151064064.0,1153.0656,18.191856,19.445,1.2941900000000002,0.013259999,0.5356823608645075,-0.205038878344456,24747500.0,,0.0
VSTS,False,19.093438804621837,"data_missing:trailing_pe,graham_size,graham_debt_to_equity,graham_earnings_stability,munger_roe,munger_gross_margin",1855527808.0,,2.1141396,2.166,1.52545,-0.00602,0.26297,0.0235593393249109,69159872.0,,0.0
HOPE,False,18.917250300000003,"data_missing:current_ratio,data_missing:debt_to_equity,data_missing:free_cash_flow,graham_size,munger_roe,munger_gross_margin",1756450304.0,13.613861,0.76503646,,,0.056550004,0.0,0.34244,,0.0415,4.0
VSAT,False,18.459043833493617,"data_missing:trailing_pe,graham_debt_to_equity,graham_earnings_stability,munger_roe",10014846976.0,,2.158423,1.675,1.46805,0.0019,0.33219,0.023301395605437602,250167376.0,,0.0
MTUS,False,18.451654154067157,"graham_size,graham_earnings_stability,graham_pe,graham_pe_times_pb,munger_roe,munger_gross_margin,munger_fcf",824438720.0,104.23685,1.1870655,1.752,0.021230000000000002,0.011720001,0.0821030821030821,0.003601142431392028,-62337500.0,,0.0
HFWA,False,18.247928571428574,"data_missing:current_ratio,data_missing:debt_to_equity,data_missing:free_cash_flow,graham_size,munger_roe,munger_gross_margin",1150136448.0,13.3857155,1.0361987,,,0.07798,0.0,0.28932,,0.0358,4.0
AAP,False,18.133310002712864,"graham_debt_to_equity,graham_earnings_stability,graham_pe,munger_roe,munger_fcf",2354089984.0,21.773743,1.0361006,1.748,2.49358,0.04888,0.4340193000813859,-0.004999418672247413,-54625000.0,0.0258,1.0
ALLY,False,18.091177714285713,"data_missing:current_ratio,data_missing:debt_to_equity,data_missing:free_cash_flow,munger_roe,munger_gross_margin",11609781248.0,8.9800005,0.8599982,,,0.09681,0.0,0.25270998,,0.0319,4.0
MCK,False,18.083006350453594,"data_missing:debt_to_equity,data_missing:return_on_equity,graham_current_ratio,graham_pe,graham_pe_times_pb,munger_gross_margin",104822308864.0,24.097158,-24.596876,0.893,,,0.036065736311132045,0.015397962471804279,6801249792.0,0.0042,4.0
TNDM,False,17.93615942143244,"data_missing:trailing_pe,graham_size,graham_debt_to_equity,graham_earnings_stability,munger_roe,munger_fcf",1145613312.0,,8.781333,3.18,5.66964,-0.48026,0.5380847826429731,-0.1845376531432806,-43949124.0,,0.0
SBUX,False,17.92309025140267,"data_missing:debt_to_equity,data_missing:return_on_equity,graham_current_ratio,graham_pe,graham_pe_times_pb,munger_gross_margin",108070977536.0,54.79717,-14.079772,0.76,,,0.22341,0.0789739783350007,3065537536.0,0.026099999999999998,4.0
HONA,False,17.804809523809524,"data_missing:debt_to_equity,data_missing:return_on_equity,data_missing:free_cash_flow,graham_earnings_stability,graham_pe,graham_pe_times_pb",48904220672.0,47.041157,-8.584344,1.526,,,0.34535,0.14684,,,3.0
CNH,False,17.76013532727202,"graham_debt_to_equity,graham_pe,graham_pe_times_pb,munger_roe,munger_gross_margin",21557366784.0,53.62,2.1393235,4.883,3.35044,0.03914,0.17762,0.05538,563124992.0,0.0078000000000000005,4.0
VSH,False,17.45612485582934,"graham_earnings_stability,graham_pe,graham_pe_times_pb,munger_roe,munger_gross_margin,munger_fcf",5838377984.0,190.325,2.0043705,1.802,0.37664000000000003,0.01134,0.19383307136284605,0.018529524464915504,-3755125.0,0.011699999999999999,0.0
SNEX,False,17.426669087760168,"data_missing:free_cash_flow,graham_current_ratio,graham_debt_to_equity,graham_pe_times_pb,munger_gross_margin",7980003840.0,18.076504,2.7914436,1.065,8.2347,0.2185,0.031175072632805098,-0.0006477267494128412,,,4.0
NBHC,False,17.139535714285714,"data_missing:current_ratio,data_missing:debt_to_equity,data_missing:free_cash_flow,graham_size,munger_roe,munger_gross_margin",1709650432.0,16.128149,1.0242554,,,0.06527,0.0,0.2857,,0.0327,4.0
ANDE,False,17.01886069803224,"munger_roe,munger_gross_margin,munger_fcf",2308865024.0,13.165049,1.7326859,1.51,0.6635,0.12159,0.06482474951239575,0.01613,-109108872.0,0.012199999999999999,4.0
LUV,False,16.852965036899967,"graham_current_ratio,graham_pe,graham_pe_times_pb,munger_roe,munger_gross_margin,munger_fcf",20722810880.0,26.474937,2.926216,0.489,0.97275,0.11099,0.22399001,0.015251398638777038,-834750016.0,0.0172,4.0
KNF,False,16.85291853786408,"graham_debt_to_equity,graham_pe,graham_pe_times_pb,munger_roe,munger_gross_margin,munger_fcf",2869191168.0,20.550814,1.786964,2.665,1.03908,0.09122,0.1835113788504303,0.09086869344427166,-3501250.0,,4.0
CCOI,False,16.781668000000003,"data_missing:trailing_pe,data_missing:debt_to_equity,graham_size,graham_current_ratio,graham_earnings_stability,munger_roe,munger_fcf",426627072.0,,-11.699438,0.632,,-7.2150297,0.50345004,-0.0669,-132067000.0,0.0097,0.0
BTU,False,16.533066866666665,"data_missing:trailing_pe,graham_earnings_stability,munger_roe,munger_gross_margin,munger_fcf",3024338944.0,,0.93095684,2.009,0.12884,-0.047709998,0.103970006,-0.020743234494367473,-53975000.0,0.0121,0.0
ICHR,False,16.492939484294006,"data_missing:trailing_pe,graham_earnings_stability,munger_roe,munger_gross_margin",2351938304.0,,2.7122924,3.701,0.17809999999999998,-0.051659998,0.09262366353893624,-0.041441372993461734,10132000.0,,0.0
DMC,False,16.356956547880703,"graham_size,graham_earnings_stability,graham_pe,munger_roe,munger_gross_margin,munger_fcf",1395292288.0,41.683098,0.69507724,2.226,0.2943,0.01775,0.09233509936839183,0.031788631052911645,-99887504.0,0.0406,2.0
SLVM,False,16.030545839195124,"graham_size,graham_current_ratio,graham_debt_to_equity,munger_roe,munger_gross_margin,munger_fcf",1277894272.0,17.187166,1.3394456,1.472,1.07958,0.07941,0.20594,0.07490301402566397,-16375000.0,0.054299999999999994,4.0
DNOW,False,16.010018203309695,"data_missing:trailing_pe,graham_earnings_stability,munger_roe,munger_gross_margin,munger_fcf",2849185536.0,,1.3622612,2.136,0.30934,-0.11599,0.16950354609929077,-0.03297872340425532,-536249984.0,,0.0
SANM,False,15.94899834701889,"graham_pe,graham_pe_times_pb,munger_roe,munger_gross_margin,munger_fcf",12173165568.0,40.55759,4.7556953,1.78,0.88161,0.12488,0.08813033147310252,0.04362098139580546,-222215744.0,,4.0
BFH,False,15.921847847779446,"data_missing:current_ratio,data_missing:debt_to_equity,data_missing:free_cash_flow,munger_gross_margin",3775845632.0,7.624515,1.1302918,,,0.17424999,0.0,0.06657230061485381,,0.0095,4.0
GBX,False,15.768297726330823,"graham_size,graham_debt_to_equity,munger_roe,munger_gross_margin,munger_fcf",1263576832.0,12.08284,0.80317813,3.676,1.0874899999999998,0.06341,0.18748842664033086,0.11113511511635084,-164687504.0,0.0339,4.0
ADIG,False,15.67260680952381,"data_missing:return_on_equity,data_missing:free_cash_flow,graham_size,graham_earnings_stability,graham_pe,munger_gross_margin",1378765312.0,33.01818,0.56162053,2.796,0.50835,,0.21893999,0.02333,,,0.0
MOS,False,15.343909294730471,"data_missing:trailing_pe,graham_current_ratio,munger_roe,munger_gross_margin,munger_fcf",6771176960.0,,0.5906494,1.337,0.52249,-0.05073,0.15780259533370947,0.06816069828415917,-746275008.0,0.0408,4.0
RDNT,False,15.343883897016495,"data_missing:trailing_pe,graham_current_ratio,graham_debt_to_equity,graham_earnings_stability,munger_roe,munger_gross_margin",5510023680.0,,5.089409,1.484,1.56668,0.01498,0.17284,0.03038510741541312,157737248.0,,0.0
BANC,False,15.0,"data_missing:trailing_pe,data_missing:current_ratio,data_missing:debt_to_equity,data_missing:free_cash_flow,data_invalid_outlier:operating_margin,graham_earnings_stability,munger_roe,munger_gross_margin",2816055040.0,,0.967189,,,-0.0065499996,0.0,2.16263,,0.0274,2.0
SFNC,False,15.0,"data_missing:trailing_pe,data_missing:current_ratio,data_missing:debt_to_equity,data_missing:free_cash_flow,graham_earnings_stability,munger_roe,munger_gross_margin",3306330880.0,,0.9490998,,,-0.09941,0.0,0.38306,,0.0378,0.0
DFH,False,14.75967857142857,"graham_size,graham_debt_to_equity,munger_roe,munger_gross_margin,munger_fcf",982306112.0,7.9197083,0.68893266,7.59,1.12734,0.09423,0.1998,0.02409,-217692992.0,,4.0
ROIV,False,14.673449999999999,"data_missing:trailing_pe,data_invalid_outlier:operating_margin,graham_earnings_stability,munger_roe,munger_gross_margin,munger_fcf",25772484608.0,,6.093937,16.721,0.02177,-0.08515,0.0,-254.08113,-1127230080.0,,0.0
CALM,False,14.631828621853572,"data_missing:debt_to_equity,data_missing:free_cash_flow,graham_pe,graham_pe_times_pb,munger_roe,munger_gross_margin",3108591360.0,53.24,1.1875871,7.701,,0.02378,0.23081522664952164,0.12027138044917764,,0.0729,4.0
LBRT,False,14.224808324635918,"graham_pe,graham_pe_times_pb,munger_roe,munger_gross_margin,munger_fcf",3104716800.0,25.70946,1.5810688,1.986,0.8214400000000001,0.06123,0.18529,0.018149249797060295,-302047872.0,0.0195,4.0
AVT,False,14.218540805765612,"graham_pe,graham_pe_times_pb,munger_roe,munger_gross_margin,munger_fcf",8789194752.0,26.705732,1.7501512,1.777,0.6920499999999999,0.06665,0.1042930214195994,0.02622915769706474,-129337000.0,0.014499999999999999,4.0
MBC,False,14.077610305213248,"data_missing:trailing_pe,graham_size,munger_roe,munger_fcf",1433590528.0,,0.72786444,1.759,0.85833,-0.0582,0.30262917321826893,0.04351482795187772,-24387500.0,,4.0
SRPT,False,13.960459626178176,"data_missing:trailing_pe,graham_size,graham_earnings_stability,munger_roe,munger_gross_margin",1831572608.0,,1.1987556,4.422,0.6953900000000001,-0.09478,0.19108,-0.3183373767250756,22139876.0,,0.0
DELL,False,13.94461278397621,"data_missing:debt_to_equity,data_missing:return_on_equity,graham_current_ratio,graham_pe,graham_pe_times_pb,munger_gross_margin",358948077568.0,32.880024,-253.16142,0.962,,,0.19999471542567246,0.07177332699184415,6033375232.0,0.004699999999999999,4.0
FERG,False,13.854291472781819,"data_missing:return_on_equity,data_missing:free_cash_flow,graham_debt_to_equity,graham_earnings_stability,graham_pe,graham_pe_times_pb",43232813056.0,21.974434,6.9719844,1.729,1.11063,,0.3067095767505364,0.0847149080033808,,0.0161,0.0
MSGS,False,13.766400403689138,"data_missing:debt_to_equity,data_missing:return_on_equity,graham_current_ratio,graham_earnings_stability,graham_pe,graham_pe_times_pb",9752134656.0,1265.5938,-37.032734,0.503,,,0.33605,0.02501945707396808,58219124.0,,1.0
AIN,False,13.599062686986827,"data_missing:trailing_pe,graham_size,graham_earnings_stability,munger_roe,munger_gross_margin",1712639872.0,,2.2980633,2.238,0.59922,-0.061339997,0.2062202562873421,-0.030522998986314828,4886875.0,0.019,0.0
MARA,False,13.374000666666669,"data_missing:trailing_pe,graham_current_ratio,graham_debt_to_equity,graham_earnings_stability,munger_roe,munger_fcf",4328483328.0,,2.5770469,0.891,1.40159,-1.0557,0.40122002,-1.349641106259226,-1168091392.0,,0.0
MRNA,False,13.133591678787585,"data_missing:trailing_pe,graham_earnings_stability,munger_roe,munger_gross_margin",75645222912.0,,11.181766,2.295,0.19036,-0.38998002,-0.66023004,-1.581275720164609,299249984.0,,0.0
RXO,False,13.085041792680036,"data_missing:trailing_pe,graham_current_ratio,graham_earnings_stability,munger_roe,munger_gross_margin",3934312704.0,,2.6122427,1.268,0.48340000000000005,-0.06787,0.14912,-0.013758272378962034,5750000.0,,0.0
HTH,False,12.4717497,"data_missing:current_ratio,data_missing:debt_to_equity,data_missing:free_cash_flow,munger_roe,munger_gross_margin",2204094720.0,14.302973,1.036587,,,0.076009996,0.0,0.15799,,0.021099999999999997,4.0
DOW,False,12.39356538987839,"data_missing:trailing_pe,graham_debt_to_equity,graham_earnings_stability,munger_roe,munger_gross_margin",20268879872.0,,1.2780106,1.749,1.11913,-0.0554,0.1348139691764828,0.11594,237624992.0,0.0507,0.0
TFIN,False,12.209464285714287,"data_missing:current_ratio,data_missing:debt_to_equity,data_missing:free_cash_flow,graham_size,graham_pe,graham_pe_times_pb,munger_roe,munger_gross_margin",1480266496.0,41.85811,1.6120219,,,0.04121,0.0,0.21277,,,4.0
WHR,False,11.886468567870335,"graham_size,graham_current_ratio,graham_debt_to_equity,graham_earnings_stability,munger_roe,munger_gross_margin,munger_fcf",1970325120.0,9.940789,0.5193778,1.149,2.05431,0.05933,0.15369750064416388,0.05398093274929142,-485375008.0,0.099,1.0
FISV,False,11.76534030778357,"data_missing:current_ratio,data_missing:debt_to_equity,data_missing:return_on_equity,data_missing:gross_margin,data_missing:free_cash_flow",23639691264.0,8.516284,0.8773956,,,,,0.2745246071816166,,,4.0
RUN,False,11.764332666666666,"graham_size,graham_current_ratio,graham_debt_to_equity,graham_earnings_stability,munger_roe,munger_fcf",1861747072.0,5.2585034,0.5318563,1.422,2.92511,-0.19856001,0.35292998,-0.04265442271331354,-1971139840.0,,1.0
PENN,False,11.720333333333333,"data_missing:trailing_pe,graham_size,graham_current_ratio,graham_debt_to_equity,graham_earnings_stability,munger_roe,munger_fcf",1984978816.0,,1.0114164,0.885,5.96731,-0.37578,0.35161,-0.1084725518238539,-54325000.0,,0.0
CNXC,False,11.6530668857097,"data_missing:trailing_pe,data_missing:free_cash_flow,graham_size,graham_current_ratio,graham_debt_to_equity,graham_earnings_stability,munger_roe",1507244032.0,,0.8521709,1.231,2.47372,-0.78216004,0.34959200657129097,-0.09344640741169319,,0.0548,0.0
APD,False,11.301872246310538,"data_missing:trailing_pe,graham_current_ratio,graham_debt_to_equity,graham_earnings_stability,munger_roe,munger_fcf",62052438016.0,,4.469421,1.085,1.1009099999999998,0.00023,0.3385386673893161,-0.07285686989607304,-1497500032.0,0.0265,0.0
EGBN,False,10.360713857142857,"data_missing:trailing_pe,data_missing:current_ratio,data_missing:debt_to_equity,data_missing:free_cash_flow,graham_size,graham_earnings_stability,munger_roe,munger_gross_margin",867269056.0,,0.7539819,,,-0.04137,0.0,0.24174999,,0.0014000000000000002,0.0
GO,False,10.090040171965903,"data_missing:trailing_pe,graham_size,graham_current_ratio,graham_debt_to_equity,graham_earnings_stability,munger_roe,munger_fcf",1150866432.0,,1.4094163,1.291,2.26658,-0.3806,0.302701205158977,-0.047284366716224914,-44593500.0,,0.0
FLR,False,10.031038305885032,"data_missing:trailing_pe,graham_earnings_stability,munger_roe,munger_gross_margin",6678360064.0,,2.520315,1.796,0.38492,-0.45167,-0.007740437334709411,-0.024382377604334645,21500000.0,,0.0
XNCR,False,9.929549999999999,"data_missing:trailing_pe,graham_size,graham_earnings_stability,munger_roe,munger_gross_margin,munger_fcf",1835041920.0,,3.645495,6.391,0.33803,-0.29072002,-1.4364799,-1.4135025801108492,-94537504.0,,0.0
CLF,False,9.877614403130796,"data_missing:trailing_pe,graham_debt_to_equity,graham_earnings_stability,munger_roe,munger_gross_margin",6532683264.0,,1.1657504,1.89,1.3274299999999999,-0.13862,0.2892964824120603,-0.08484685652874799,6125000.0,,0.0
ECHO,False,9.846667333333334,"data_missing:trailing_pe,graham_debt_to_equity,graham_earnings_stability,munger_roe,munger_gross_margin,munger_fcf",27479187456.0,,1.9388529,5.201,1.23757,-0.33428,0.29540002,-1.1811502161047902,-18870501376.0,,0.0
BG,False,9.278703344063375,"graham_pe,munger_roe,munger_gross_margin,munger_fcf",20527927296.0,23.077753,1.2866982,1.567,0.9799500000000001,0.071779996,0.04847218075047278,0.04617,-6475375104.0,0.027000000000000003,4.0
FLG,False,9.135107165357143,"data_missing:current_ratio,data_missing:debt_to_equity,data_missing:free_cash_flow,graham_earnings_stability,graham_pe,graham_pe_times_pb,munger_roe,munger_gross_margin",4889793536.0,392.66666,0.64325887,,,0.0059100003,0.0,0.20281,,0.0034000000000000002,0.0
WLK,False,8.559121245552092,"data_missing:trailing_pe,graham_earnings_stability,munger_roe,munger_gross_margin",8199426560.0,,0.94192266,2.453,0.63814,-0.11911,0.07278424350940017,-0.14127126230975828,23125000.0,0.0341,0.0
VGNT,False,7.8881426857142865,"data_missing:return_on_equity,data_missing:free_cash_flow,graham_current_ratio,graham_debt_to_equity,graham_pe_times_pb,munger_gross_margin",3305173504.0,6.801749,38.88333,1.398,8.53169,,0.12354,0.087969996,,0.011200000000000002,4.0
AHCO,False,7.591890917300251,"data_missing:trailing_pe,graham_size,graham_current_ratio,graham_debt_to_equity,graham_earnings_stability,munger_roe,munger_gross_margin,munger_fcf",767345344.0,,0.5456656,1.124,1.48969,-0.15224,0.19174999,0.028005240292561427,-80691504.0,,0.0
UCTT,False,7.525380480185973,"data_missing:trailing_pe,graham_debt_to_equity,graham_earnings_stability,munger_roe,munger_gross_margin,munger_fcf",3232124160.0,,5.144121,2.733,1.082,-0.0155299995,0.16986079328756673,0.043478260869565216,-81487504.0,,0.0
RCUS,False,7.30605,"data_missing:trailing_pe,graham_earnings_stability,munger_roe,munger_gross_margin,munger_fcf",3113937664.0,,6.6926656,3.818,0.51293,-0.90819,0.0,-1.562753036437247,-270624992.0,,0.0
ALK,False,6.816315515067604,"data_missing:trailing_pe,graham_current_ratio,graham_debt_to_equity,munger_roe,munger_gross_margin,munger_fcf",4424745984.0,,1.2056544,0.547,2.0752,-0.04598,0.17713,0.021279584240466325,-23750000.0,,4.0
JBLU,False,6.741666666666666,"data_missing:trailing_pe,graham_size,graham_current_ratio,graham_debt_to_equity,graham_earnings_stability,munger_roe,munger_gross_margin,munger_fcf",1573391872.0,,0.99144083,0.696,5.9143,-0.44355,0.20225,-0.04060913705583756,-921249984.0,,0.0
AESI,False,5.444266361882331,"data_missing:trailing_pe,graham_size,graham_earnings_stability,munger_roe,munger_gross_margin,munger_fcf",1495041280.0,,1.3432165,1.824,0.94273,-0.09925,0.13755649085646987,-0.009960650409473117,-118395504.0,0.0848,0.0
EQH,False,4.256,"data_missing:trailing_pe,graham_debt_to_equity,graham_earnings_stability,munger_roe,munger_gross_margin,munger_fcf",14411580416.0,,-7.78703,2.03,5.861000000000001,-0.25131,0.12768,-0.26357,-8824250368.0,0.0219,0.0
F,False,2.371666666666667,"data_missing:trailing_pe,graham_current_ratio,graham_debt_to_equity,graham_earnings_stability,munger_roe,munger_gross_margin,munger_fcf",48389476352.0,,1.354655,1.089,4.567080000000001,-0.18252,0.07115,-0.04896217699861695,-7940250112.0,0.0489,0.0
CTVA,False,0.0,"data_missing:current_ratio,data_missing:debt_to_equity,data_missing:return_on_equity,data_missing:free_cash_flow,munger_gross_margin",8043048448.0,7.306061,0.3196002,,,,0.0,0.0,,0.057300000000000004,4.0
BLFS,False,0.0,data_missing:fetch_failed,,,,,,,,,,,
BMI,False,0.0,data_missing:fetch_failed,,,,,,,,,,,
CYTK,False,0.0,"data_missing:trailing_pe,data_missing:debt_to_equity,data_missing:return_on_equity,graham_earnings_stability,munger_gross_margin,munger_fcf",9061547008.0,,-52.144,6.661,,,0.0,-3.427517232629932,-397408736.0,,0.0
CWEN-A,False,0.0,data_missing:fetch_failed,,,,,,,,,,,
