symbol,buyable,score,fail_reasons,market_cap,trailing_pe,price_to_book,current_ratio,debt_to_equity,return_on_equity,gross_margin,operating_margin,free_cash_flow,dividend_yield,consecutive_positive_earnings_years
HCI,False,95.28161516666668,"graham_current_ratio,graham_earnings_stability",2268476160.0,7.8641653,2.1058648,0.865,0.05722000000000001,0.34974998,0.59726,0.45431,423198496.0,0.0087,3.0
EXEL,False,92.50714071691542,graham_pe_times_pb,13345522688.0,16.572308,7.2705183,3.456,0.08999,0.44393003,0.96483004,0.39513,739715136.0,,4.0
INVA,False,91.5385654119657,graham_size,1527269632.0,4.8486238,1.2451407,16.007,0.26859,0.36676,0.72670996,0.43277,110332496.0,,4.0
ADBE,False,90.78355000000002,"graham_current_ratio,graham_pe_times_pb",107338915840.0,15.439394,9.354453,0.751,0.61443,0.62953997,0.89404,0.35327998,9218374656.0,,4.0
YOU,False,88.46966470678672,"graham_current_ratio,graham_earnings_stability,graham_pe,graham_pe_times_pb",5997759488.0,29.844593,24.443829,1.04,0.45141,1.19174,0.66656,0.29865,418440384.0,0.013000000000000001,3.0
SNDK,False,87.91508150399841,"graham_earnings_stability,graham_pe,graham_pe_times_pb",238103674880.0,22.05289,17.469278,2.29,0.012769999999999998,0.9164,0.71474,0.78472,7720875008.0,,1.0
TDC,False,87.61760714285714,graham_current_ratio,2559824896.0,5.794737,4.3586698,0.915,0.16695000000000002,1.19116,0.61325,0.11951,348500000.0,,4.0
QLYS,False,86.59849061842864,"graham_current_ratio,graham_pe,graham_pe_times_pb",6419794432.0,32.16118,11.437288,1.384,0.09498,0.38592,0.83417,0.33979,244382624.0,,4.0
NFLX,False,86.48632923989732,"graham_current_ratio,graham_pe,graham_pe_times_pb",332421038080.0,25.10481,11.025175,1.142,0.55236,0.49541,0.49118,0.33381,25387552768.0,,4.0
DECK,False,85.7140777612378,graham_pe_times_pb,12105885696.0,12.645092,5.280682,2.747,0.20521,0.42558,0.57804,0.15233,871420352.0,,4.0
PEGA,False,85.04549294285715,"graham_current_ratio,graham_earnings_stability,graham_pe_times_pb",5493591552.0,18.985796,9.79912,1.059,0.12851,0.54693,0.75573,0.046040002,507401984.0,0.0034999999999999996,3.0
GEN,False,85.00000000000001,"graham_current_ratio,graham_debt_to_equity,graham_pe_times_pb",16497057792.0,16.116959,6.2156067,0.466,3.07831,0.41944,0.78007007,0.35554,1547124992.0,0.0182,4.0
FHI,False,84.96864853627211,graham_pe_times_pb,4740928000.0,11.802974,3.6211224,2.592,0.32354,0.31137,0.69044,0.27722,371463872.0,0.0225,4.0
CARG,False,83.84775892970677,graham_pe_times_pb,3257417216.0,18.376884,13.862775,1.85,0.7003499999999999,0.53470004,0.92375,0.25275,241320752.0,,4.0
ALL,False,83.71084933333334,"graham_current_ratio,graham_earnings_stability",64885874688.0,5.1373367,2.056318,0.363,0.22261,0.46113998,0.36800998,0.22827,15158625280.0,0.0166,2.0
NEM,False,83.6608317743184,"graham_earnings_stability,graham_pe_times_pb",132744159232.0,15.886508,3.785457,2.546,0.15807000000000002,0.25905,0.68041,0.51569,8815875072.0,0.0083,2.0
APAM,False,83.4094443809524,graham_pe_times_pb,3001729024.0,10.139089,7.146721,3.007,0.57111,0.64552003,0.45593,0.27482998,291218624.0,0.0814,4.0
INCY,False,82.82152605480768,graham_pe_times_pb,25985849344.0,15.691554,4.0610743,4.593,0.00603,0.30667,0.55659,0.41899,1180664576.0,,4.0
APA,False,82.66614999999999,graham_current_ratio,15627429888.0,9.410337,2.2277994,0.946,0.48854,0.26659,0.78255,0.56331,2146749952.0,0.023,4.0
HRMY,True,82.58763442857142,,2240354048.0,12.449839,2.2375386,3.479,0.16030999999999998,0.20456,0.75424004,0.34183997,182835504.0,,4.0
PRI,False,82.51435,graham_pe_times_pb,9278139392.0,12.111691,3.6919196,3.73,0.71521,0.32966,0.72097,0.31542,1038982144.0,0.0159,4.0
PTC,False,82.0588763460668,"graham_current_ratio,graham_pe_times_pb",16508142592.0,14.770873,4.854654,1.025,0.46335,0.35053003,0.84501,0.28232,1031425152.0,,4.0
IDCC,False,81.7293135831306,"graham_pe,graham_pe_times_pb",8868751360.0,40.527126,7.377268,1.743,0.33401000000000003,0.26403,0.82498,0.53518003,600847744.0,0.008100000000000001,4.0
GDDY,False,81.59585628571429,"data_invalid_outlier:debt_to_equity,graham_current_ratio,graham_debt_to_equity,graham_pe_times_pb",12330420224.0,14.466568,1836.9812,0.632,573.3433,4.42861,0.63802,0.27056998,1204950016.0,,4.0
KNSL,False,81.42671666666666,"graham_current_ratio,graham_pe_times_pb",8640312320.0,15.406986,4.2456126,0.194,0.11033,0.30268,0.31142,0.40678,982102720.0,0.0026,4.0
ZTS,False,81.22717565626539,"data_missing:price_to_book,graham_debt_to_equity",31074414592.0,12.267536,,3.084,2.9399599999999997,0.64911,0.71738,0.40721,2016999936.0,0.0276,4.0
NVDA,False,81.20622950005038,"graham_pe,graham_pe_times_pb",5290740678656.0,33.45116,27.06767,3.441,0.06555,1.14288,0.74144995,0.65596,46335873024.0,0.0046,4.0
AMP,False,81.06098217503185,graham_pe_times_pb,49301430272.0,13.49118,7.7546077,2.182,0.67578,0.63432,0.54932,0.30719998,2903124992.0,0.0121,4.0
WH,False,80.70332640482515,"graham_current_ratio,graham_debt_to_equity,graham_pe,graham_pe_times_pb",5615926784.0,27.41848,11.824219,0.988,5.57292,0.39429,0.62835,0.47733003,362375008.0,0.0227,4.0
BMY,False,79.74735794818871,"graham_debt_to_equity,graham_earnings_stability,graham_pe_times_pb",135268564992.0,14.585903,6.0613275,1.532,2.01859,0.46598998,0.71661,0.34418,8114375168.0,0.0373,1.0
IT,False,79.69557142857143,"data_missing:debt_to_equity,graham_current_ratio,graham_pe_times_pb",12048824320.0,17.142857,-73.44111,0.88,,1.13581,0.69629997,0.22623,1052553024.0,,4.0
CROX,False,79.53709523809525,"graham_current_ratio,graham_debt_to_equity,graham_earnings_stability,graham_pe_times_pb",5904915968.0,10.928127,4.2814436,1.49,1.21993,0.42299998,0.5747,0.24221,533888736.0,,0.0
PLTR,False,79.5357389420514,"graham_earnings_stability,graham_pe,graham_pe_times_pb",420439130112.0,147.0252,43.008854,7.228,0.02139,0.38097,0.84796,0.47120997,2159104512.0,,3.0
HLNE,False,79.41686571027819,graham_pe_times_pb,6937726464.0,15.7972555,4.725705,4.111,0.21558,0.32416,0.6066,0.45933998,231402752.0,0.0229,4.0
RNR,False,79.39093333333334,"graham_current_ratio,graham_earnings_stability",13353531392.0,5.572568,1.2137887,1.352,0.12211,0.21475,0.45349,0.41674,2787289856.0,0.0052,3.0
ADSK,False,79.2828282823184,"graham_current_ratio,graham_pe,graham_pe_times_pb",52985847808.0,36.580906,16.603481,0.835,0.85419,0.50396,0.92434,0.29524,3060999936.0,,4.0
BLKB,False,79.21047485714286,"graham_current_ratio,graham_debt_to_equity,graham_earnings_stability,graham_pe_times_pb",2100199808.0,14.459375,30.949833,0.828,17.27037,1.94448,0.59661996,0.21754,214087872.0,,1.0
NMIH,True,79.2073,,3415266304.0,8.937992,1.2650098,2.029,0.15753,0.15427,0.76384,0.76672995,329759616.0,,4.0
MU,False,79.0505,"data_missing:market_cap,graham_earnings_stability,graham_pe,graham_pe_times_pb",,21.661543,10.739114,3.425,0.0633,0.66638,0.72569,0.80370003,7639499776.0,0.0006,2.0
FTNT,False,78.97627592730767,"graham_current_ratio,graham_pe,graham_pe_times_pb",113109303296.0,54.4735,72.92337,1.282,0.36194000000000004,1.17442,0.80204004,0.33595002,2265587456.0,,4.0
HRB,False,78.88095238095238,"graham_current_ratio,graham_debt_to_equity,graham_pe_times_pb",6551583744.0,9.1010275,56.183933,1.133,17.894190000000002,7.13542,0.4433,0.3291,624796864.0,0.0352,4.0
CNX,False,78.56619999999998,"graham_current_ratio,graham_earnings_stability",5348162560.0,5.8589954,1.1122736,0.716,0.49137000000000003,0.21249,0.73616,0.62878,437116736.0,,1.0
SEZL,False,78.5128468742732,"graham_earnings_stability,graham_pe,graham_pe_times_pb",3942670848.0,25.67544,19.99317,4.017,0.52416,0.88851,0.74967,0.57167,100542000.0,,3.0
MTG,False,78.50679999999998,munger_roe,6329126400.0,9.7334385,1.2715322,4.964,0.12903,0.13923,0.92607003,0.80851996,518861888.0,0.022000000000000002,4.0
TROW,True,78.4942230595238,,24031096832.0,11.32211,2.1841254,4.039,0.03702,0.19399999,0.51614,0.28688,2023912448.0,0.0463,4.0
EXPE,False,78.13428571428571,"graham_current_ratio,graham_debt_to_equity,graham_pe,graham_pe_times_pb",39029379072.0,20.464758,32.27643,0.801,2.30271,0.89489,0.90433,0.1898,3434374912.0,0.0059,4.0
GOOG,False,78.12098027453783,graham_pe_times_pb,4153354223616.0,17.048473,6.6725397,2.724,0.18859,0.48676,0.60897,0.34033,22665000960.0,0.0026,4.0
GOOGL,False,78.10907599868374,graham_pe_times_pb,4189914660864.0,17.16408,6.7312756,2.724,0.18859,0.48676,0.60897,0.34033,22665000960.0,0.0026,4.0
TER,False,77.69868245915073,"graham_pe,graham_pe_times_pb",59974656000.0,52.622086,19.101479,2.125,0.02883,0.36465,0.59242,0.33161,437381248.0,0.0014000000000000002,4.0
ESNT,False,77.69319999999999,munger_roe,6175379968.0,9.582984,1.0904099,1.791,0.08757,0.12009,0.76005995,0.6575,690249472.0,0.0203,4.0
WDC,False,77.57927013862488,"data_missing:price_to_book,graham_current_ratio,graham_earnings_stability",171303813120.0,17.6366,,1.329,0.13436,1.30853,0.48851,0.43608,2268750080.0,0.0013,2.0
PRDO,True,77.5382935,,2062539648.0,11.985455,1.9958823,4.692,0.11009000000000001,0.17554002,0.79890996,0.25722998,184656128.0,0.0208,4.0
CF,False,77.42051874728504,graham_pe_times_pb,18849058816.0,9.239563,3.284788,4.86,0.40503999999999996,0.29867,0.42486,0.49325,1276749952.0,0.0202,4.0
V,False,77.28328433842529,"graham_current_ratio,graham_pe,graham_pe_times_pb",684107169792.0,31.23711,19.417662,0.985,0.67821,0.6119,0.97725,0.66130996,20404000768.0,0.0073,4.0
INSW,True,77.27959046009043,,4914868224.0,6.2881813,2.238635,5.944,0.28815,0.37412,0.725,0.64219004,69650376.0,0.08199999999999999,4.0
TPL,False,77.26295,"graham_pe,graham_pe_times_pb,munger_fcf",27159470080.0,50.22449,17.455448,4.552,0.01077,0.36566,0.93336,0.78177,-32836124.0,0.0064,4.0
LVS,False,77.06169990200853,"graham_current_ratio,graham_debt_to_equity,graham_pe_times_pb",29684146176.0,17.763567,51.092533,0.997,17.03902,1.22869,0.79335,0.19658001,2212875008.0,0.0258,4.0
EOG,False,76.96683859534107,graham_pe_times_pb,80148062208.0,11.881804,2.6441476,1.851,0.25891,0.22507,0.62636,0.40717998,4478750208.0,0.0273,4.0
ACT,False,76.77597731508729,"graham_current_ratio,munger_roe",6792380416.0,10.422996,1.2648165,0.922,0.13812,0.12869,0.73177004,0.73258,521546880.0,0.019299999999999998,4.0
MCRI,False,76.64824801599497,"graham_current_ratio,graham_pe_times_pb",2226693888.0,19.658228,3.8606632,1.207,0.02218,0.20544,0.68021005,0.27436,131950872.0,0.0096,4.0
LOPE,False,76.6360266584754,graham_pe_times_pb,3798718464.0,17.622732,5.6385655,2.818,0.15564999999999998,0.30979002,0.53271,0.22023001,205755248.0,,4.0
MEDP,False,76.34129231112574,"graham_current_ratio,graham_pe,graham_pe_times_pb",17178508288.0,36.13975,39.59215,0.732,0.33216,1.6215401,0.7235,0.20757,510396512.0,,4.0
RDDT,False,76.31210220983908,"graham_earnings_stability,graham_pe,graham_pe_times_pb",28086042624.0,35.346245,8.544837,10.486,0.00635,0.30712,0.91442,0.28788,678068736.0,,1.0
DUOL,False,75.84438445741395,"graham_earnings_stability,graham_pe_times_pb",6861069312.0,17.406029,4.8805184,2.719,0.0611,0.3442,0.72717005,0.11684,300198016.0,,3.0
MANH,False,75.78743632444827,"graham_current_ratio,graham_pe,graham_pe_times_pb",12173203456.0,59.99569,77.270546,0.983,0.34209,0.96378,0.5581,0.25015,321116384.0,,4.0
SEIC,False,75.76704286800951,graham_pe_times_pb,12974073856.0,19.065256,5.188385,5.059,0.02383,0.27587998,0.78388,0.30706,377482240.0,0.0097,4.0
LULU,True,75.74779285714285,,13053023232.0,9.307692,2.7256775,2.226,0.44264000000000003,0.32027,0.55695,0.11205,1133960960.0,,4.0
VCTR,False,75.69042955851603,"graham_pe,graham_pe_times_pb",6961038336.0,20.576363,2.9996288,2.066,0.42615000000000003,0.19045,0.57335997,0.48994,520321760.0,0.0173,4.0
CINF,False,75.68008333333333,"graham_current_ratio,graham_earnings_stability",25861818368.0,7.955855,1.5505121,1.151,0.05255,0.21484,0.31066,0.37202,2984875008.0,0.0223,3.0
CHH,False,75.60866191682163,"graham_current_ratio,graham_debt_to_equity,graham_pe_times_pb",5002457088.0,15.596454,34.631496,0.926,14.817260000000001,5.66362,0.90328,0.37729,212277504.0,0.0105,4.0
FSLR,False,75.38674155909146,"graham_earnings_stability,graham_pe,graham_pe_times_pb",23352111104.0,22.195097,2.2627068,2.518,0.018799999999999997,0.18509,0.44015998,0.42641997,1598684800.0,,3.0
FTDR,False,75.33082597569056,"graham_debt_to_equity,graham_pe,graham_pe_times_pb",5665097216.0,21.696571,20.060991,1.591,4.16901,1.01859,0.55544996,0.28217,333624992.0,,4.0
INTU,False,75.18405350889738,"graham_current_ratio,graham_pe,graham_pe_times_pb",98130026496.0,21.901405,4.769594,1.453,0.33448,0.22496,0.80793,0.46974,5232000000.0,0.0132,4.0
IDXX,False,74.98069014439116,"graham_current_ratio,graham_pe,graham_pe_times_pb",43846860800.0,38.51665,27.222578,1.172,0.67971,0.74211,0.62446,0.3498,909368384.0,,4.0
MGY,True,74.93708677686422,,6822514176.0,12.286027,2.381295,1.583,0.19243,0.20854001,0.8222,0.50688,332475744.0,0.024,4.0
CPAY,False,74.87860362887226,"graham_current_ratio,graham_debt_to_equity,graham_pe,graham_pe_times_pb",27079333888.0,25.071125,7.6449113,0.972,2.75291,0.29215,0.80539,0.4692,1946175872.0,,4.0
CRUS,False,74.2433673128609,graham_pe_times_pb,5936424960.0,14.340193,2.7295141,7.583,0.0596,0.20903999,0.52785,0.18367,450997248.0,,4.0
AMGN,False,74.2265893727507,"graham_current_ratio,graham_debt_to_equity,graham_pe,graham_pe_times_pb",234258415616.0,26.895031,20.028214,1.371,4.90281,0.91473,0.71891,0.35548002,8645624832.0,0.022799999999999997,4.0
WEX,False,74.18864285714287,"graham_current_ratio,graham_debt_to_equity,graham_pe_times_pb",6740320768.0,19.717848,5.0450244,1.045,3.98423,0.3019,0.73232,0.26941,1331299968.0,,4.0
PAYC,False,74.15851523943896,"graham_current_ratio,graham_debt_to_equity,graham_pe,graham_pe_times_pb",10027759616.0,23.568327,12.4802265,1.074,1.71969,0.41089,0.88055,0.31721002,423724992.0,0.0068000000000000005,4.0
AMAT,False,74.11477006188292,"graham_pe,graham_pe_times_pb",395264819200.0,42.880283,15.424944,2.423,0.25537,0.41068,0.49398,0.33736,3195375104.0,0.0043,4.0
RELY,False,74.11036217147915,"graham_earnings_stability,graham_pe_times_pb",5274108416.0,17.924461,4.6797523,3.181,0.03396,0.32246,0.61548,0.14324,196120992.0,,1.0
DAVE,False,73.87900468738293,"graham_debt_to_equity,graham_earnings_stability,graham_pe,graham_pe_times_pb",4282151168.0,21.61687,20.598232,4.223,1.29139,1.04779,0.71748,0.32945,167170368.0,,2.0
GFF,False,73.8752380952381,"graham_debt_to_equity,graham_earnings_stability,graham_pe,graham_pe_times_pb",4632988672.0,21.043749,35.566902,2.411,10.351759999999999,2.27544,0.41297,0.23589,444938752.0,0.0086,3.0
LRCX,False,73.8452095087619,"graham_pe,graham_pe_times_pb",390299516928.0,57.654346,31.294271,2.629,0.33049,0.65066004,0.50469,0.37390998,3090484480.0,0.0034000000000000002,4.0
DXCM,False,73.79363456438335,"graham_pe,graham_pe_times_pb",34032279552.0,35.646244,12.983731,1.733,0.5334599999999999,0.38491002,0.62473,0.24327,1021162496.0,,4.0
MA,False,73.42409480366227,"graham_current_ratio,graham_debt_to_equity,graham_pe,graham_pe_times_pb",503355277312.0,31.588783,89.837395,1.061,4.39583,2.41202,1.0,0.61108,16961250304.0,0.0060999999999999995,4.0
LAMR,False,73.34053728921782,"graham_current_ratio,graham_debt_to_equity,graham_pe,graham_pe_times_pb",15553349632.0,27.596395,15.83704,0.627,5.0011399999999995,0.59433,0.67430997,0.33283,564673344.0,0.0416,4.0
ADEA,False,73.29980072665441,"graham_earnings_stability,graham_pe,graham_pe_times_pb",3024984576.0,25.165136,6.3378005,3.247,0.82832,0.27878,1.0,0.31948,195100624.0,0.0073,3.0
KTB,False,73.07147561904763,"graham_debt_to_equity,graham_pe_times_pb",4338677760.0,16.102434,7.0140486,1.831,2.05768,0.49523997,0.49308997,0.15482001,440592512.0,0.0258,4.0
QCOM,False,72.9517367325292,graham_pe_times_pb,171807768576.0,18.717392,6.2517676,2.016,0.5521,0.33754003,0.54226,0.18528,10241000448.0,0.0227,4.0
LNTH,False,72.82309558732584,"graham_pe,graham_pe_times_pb",6548124160.0,24.0,4.991293,3.06,0.47642,0.22215,0.60143,0.25817,451656000.0,,4.0
SPG,False,72.7070199233671,"graham_current_ratio,graham_debt_to_equity,graham_pe_times_pb",84185300992.0,15.649964,16.328693,0.266,5.03504,1.20508,0.81426,0.46023998,2595271168.0,0.039900000000000005,4.0
HL,False,72.68139284601457,"graham_earnings_stability,graham_pe,graham_pe_times_pb",13868659712.0,21.731579,5.179378,5.197,0.008020000000000001,0.22173999,0.61395,0.4427,342344736.0,0.0007000000000000001,2.0
APPF,False,72.64974384549332,"graham_earnings_stability,graham_pe,graham_pe_times_pb",7620674048.0,49.013668,14.48371,3.831,0.06799000000000001,0.3209,0.63532,0.18845,198919872.0,,3.0
CNS,False,72.61981780037473,"graham_pe,graham_pe_times_pb",4153574400.0,24.853848,7.0465846,6.638,0.19326000000000002,0.27329,0.47300997,0.34554002,156940496.0,0.033,4.0
HAS,False,72.55376766732067,"graham_debt_to_equity,graham_earnings_stability,graham_pe_times_pb",13174964224.0,16.740145,18.711939,1.661,5.310420000000001,1.5956,0.63822,0.22157,688150016.0,0.03,0.0
APP,False,72.54420076550136,"graham_debt_to_equity,graham_earnings_stability,graham_pe,graham_pe_times_pb",105377505280.0,24.092165,33.249947,4.3,1.1113,2.03686,0.88464,0.77678,3179956224.0,,3.0
TRV,False,72.50983504761905,graham_current_ratio,75966152704.0,9.790726,2.293863,0.323,0.27378,0.26511,0.34730998,0.23698,14775124992.0,0.0138,4.0
MCO,False,72.48464944760417,"graham_current_ratio,graham_debt_to_equity,graham_pe,graham_pe_times_pb",86147153920.0,31.563452,28.478848,1.19,2.4068199999999997,0.76932,0.74974996,0.49473998,2579124992.0,0.0083,4.0
LYFT,False,72.36834757619047,"graham_current_ratio,graham_earnings_stability",6450704896.0,2.480495,2.1370704,0.586,0.42738,1.52579,0.3802,0.025799999,1153134464.0,,2.0
MSFT,False,72.31913584822745,"graham_current_ratio,graham_pe,graham_pe_times_pb",3573284077568.0,26.7788,8.078821,1.23,0.29118,0.34039003,0.67944,0.45111,16545500160.0,0.0075,4.0
ABNB,False,72.31826224745963,"graham_current_ratio,graham_pe,graham_pe_times_pb",111218450432.0,42.40639,14.050988,1.408,0.32004,0.34542,0.82901,0.21009001,3206874880.0,,4.0
CART,False,72.21005779977318,"graham_earnings_stability,graham_pe,graham_pe_times_pb",11845858304.0,27.961746,5.1354876,2.279,0.01348,0.16001,0.72577006,0.14094,917875008.0,,2.0
TPR,False,72.07737931555862,"graham_debt_to_equity,graham_pe_times_pb",25768384512.0,17.77648,38.314556,1.752,5.71608,1.97135,0.76595,0.19823,1399924992.0,0.013999999999999999,4.0
HALO,False,71.99344593805044,"graham_debt_to_equity,graham_pe,graham_pe_times_pb",12058027008.0,31.155424,84.38444,2.709,15.17687,1.73674,0.76271003,0.59803003,337308640.0,,4.0
WLY,False,71.81073866932266,"graham_current_ratio,graham_earnings_stability,graham_pe_times_pb",2650366976.0,12.550481,3.1300957,0.539,0.9074899999999999,0.27694,0.74262,0.24714,202073248.0,0.0274,2.0
RMD,False,71.63361802381027,"graham_earnings_stability,graham_pe,graham_pe_times_pb",33124657152.0,22.016298,5.0458155,3.1,0.12542,0.24269,0.61618,0.30857,939248256.0,0.011399999999999999,0.0
ACGL,False,71.58950465476191,graham_current_ratio,33699788800.0,7.7276998,1.4455926,0.589,0.17836,0.19936001,0.38758,0.26584998,4302125056.0,,4.0
DOCU,False,71.56460789285714,"graham_current_ratio,graham_earnings_stability,graham_pe,graham_pe_times_pb",11780327424.0,40.061687,6.545194,0.665,0.10074999999999999,0.16440001,0.79541,0.13407,1250368768.0,,3.0
PGR,False,71.52014523809524,"graham_current_ratio,graham_pe_times_pb,munger_gross_margin",127628541952.0,11.020582,3.7149918,0.293,0.24428,0.34943,0.18521,0.18208,15114500096.0,0.0018,4.0
AGX,False,71.4183598337625,"graham_pe,graham_pe_times_pb,munger_gross_margin",7316715520.0,45.74102,15.453322,1.53,0.02023,0.38521,0.20743999,0.15602,416462240.0,0.0038,4.0
RLI,False,71.32447075500305,"data_missing:price_to_book,graham_current_ratio",5923036672.0,13.558844,,1.06,0.18189,0.25164,0.35513002,0.36861,316104256.0,0.011200000000000002,4.0
GPOR,False,71.2856544706975,"graham_current_ratio,graham_earnings_stability",3072660224.0,6.5247846,1.6815218,0.576,0.5047999999999999,0.27411,0.68134004,0.49495,102005000.0,,1.0
YELP,False,71.20113646428572,graham_size,1275195008.0,11.352657,2.0820413,1.749,0.19131,0.18190001,0.89647,0.12666,283744640.0,,4.0
ULS,False,71.15637483942933,"graham_current_ratio,graham_pe,graham_pe_times_pb",15352337408.0,30.661291,9.625317,1.425,0.29383,0.38712,0.50413,0.18382,420500000.0,0.0076,4.0
CPRI,False,71.11471432857144,"graham_size,graham_current_ratio,graham_debt_to_equity,graham_earnings_stability,graham_pe_times_pb",1576150400.0,17.602564,11.300411,1.189,9.73427,1.4461501,0.6271,0.026010001,192624992.0,,1.0
CL,False,71.09073624815065,"graham_current_ratio,graham_debt_to_equity,graham_pe,graham_pe_times_pb",71422697472.0,35.273624,302.68582,1.026,13.88163,2.67367,0.60431,0.20966,3458374912.0,0.0233,4.0
GGG,False,71.06812602594115,"graham_pe,graham_pe_times_pb",13204905984.0,25.639938,5.23432,2.992,0.0207,0.21240999,0.52642,0.29729,536623264.0,0.0143,4.0
COCO,False,71.06336217419538,"graham_pe,graham_pe_times_pb",3826267136.0,36.53315,9.466714,3.356,0.03508,0.31370002,0.41127998,0.29209998,104597248.0,,4.0
CHRD,False,70.95208095238095,"graham_current_ratio,munger_roe",8293291008.0,10.244595,1.0014001,1.221,0.17981999999999998,0.10312,0.4811,0.34717,961228032.0,0.0352,4.0
ORI,False,70.77869242857142,graham_current_ratio,10132939776.0,9.203948,1.6575176,0.294,0.37518,0.18571,0.63918,0.17448999,1418687488.0,0.0301,4.0
AVGO,False,70.7623259735436,"graham_pe,graham_pe_times_pb",1742463827968.0,60.83887,19.87249,2.238,0.7401800000000001,0.37280998,0.76284,0.48988,27212249088.0,0.0072,4.0
LAUR,False,70.68494347376011,"graham_current_ratio,graham_pe_times_pb",5346052608.0,17.561087,4.683804,0.712,0.643,0.29318002,0.36800998,0.36278,343739264.0,,4.0
RRC,False,70.64650894752835,graham_current_ratio,9543472128.0,11.281769,2.0265977,0.649,0.21589,0.19475001,0.52119,0.36101002,454483360.0,0.009899999999999999,4.0
BYD,False,70.62721067852162,"graham_current_ratio,graham_debt_to_equity",5933041664.0,3.6228926,2.3877194,0.774,1.3047,0.93084997,0.59126,0.20891,283961504.0,0.0097,4.0
RAMP,False,70.40270105787324,"graham_earnings_stability,graham_pe_times_pb",2288019200.0,15.7468605,2.3407762,2.657,0.03388,0.16055,0.70816004,0.1249,169467120.0,,1.0
STZ,False,70.34083333333334,"graham_current_ratio,graham_debt_to_equity,graham_earnings_stability,graham_pe_times_pb",22466510848.0,12.281382,2.731917,0.913,1.23205,0.2369,0.5272,0.35931,2210487552.0,0.030899999999999997,1.0
TTD,False,70.13915714285716,graham_pe_times_pb,6256454656.0,15.851191,2.5561526,1.724,0.16863,0.15441,0.76872003,0.14205,582992768.0,,4.0
DOCS,False,70.12010844459996,"graham_pe,graham_pe_times_pb",4559532032.0,30.452381,5.021594,6.078,0.01056,0.17206,0.88068,0.21539,239703872.0,,4.0
NTAP,False,70.06001049643154,"graham_current_ratio,graham_debt_to_equity,graham_pe,graham_pe_times_pb",38652264448.0,30.970125,28.575365,1.436,2.02295,1.06734,0.70744,0.27259,1295250048.0,0.010700000000000001,4.0
UNP,False,70.05671761770023,"graham_current_ratio,graham_debt_to_equity,graham_pe,graham_pe_times_pb",180925693952.0,24.679901,9.311177,0.986,1.50772,0.39696,0.56285,0.40982,4720750080.0,0.018799999999999997,4.0
MORN,False,69.99523350955951,"graham_current_ratio,graham_debt_to_equity,graham_pe_times_pb",7953627648.0,19.686165,7.768862,1.056,1.86052,0.3196,0.62240005,0.24215999,497800000.0,0.009399999999999999,4.0
META,False,69.73160112276669,"graham_pe,graham_pe_times_pb",1392607100928.0,20.5974,5.3321795,2.226,0.42997,0.29848,0.81747,0.34827,21553625088.0,0.0038,4.0
MNST,False,69.68803557277803,"graham_pe,graham_pe_times_pb",92623962112.0,43.777775,9.891212,3.729,0.00992,0.25704,0.55546004,0.2918,1681231104.0,,4.0
THC,False,69.67218007142857,"graham_current_ratio,graham_debt_to_equity,graham_pe_times_pb",22023161856.0,10.642611,4.727351,1.406,1.5227600000000001,0.37337002,0.41661,0.18159,2247875072.0,,4.0
ACAD,False,69.59546061162109,"graham_earnings_stability,graham_pe_times_pb",5091628032.0,13.251121,3.8927677,3.388,0.05652,0.35743,0.62061,0.12286,68647000.0,,2.0
ADP,False,69.3907193601708,"graham_current_ratio,graham_pe,graham_pe_times_pb",110756847616.0,25.461187,18.389288,1.051,0.9143600000000001,0.72239,0.48653,0.23459,5243049984.0,0.0245,4.0
AMT,False,69.3621119151659,"graham_current_ratio,graham_debt_to_equity,graham_pe,graham_pe_times_pb",81778319360.0,24.10783,21.984844,0.352,4.38721,0.33914003,0.73774004,0.45411,2920012544.0,0.04,4.0
NBIX,False,69.35291403491001,"graham_pe,graham_pe_times_pb",15719029760.0,22.608187,4.2537274,1.872,0.12497,0.22089,0.6448,0.2219,638237504.0,,4.0
JAZZ,False,69.34587142857143,"graham_earnings_stability,graham_pe_times_pb",16212090880.0,17.105822,3.3703778,1.779,0.91828,0.22114,0.91353995,0.26914,1429392896.0,,0.0
RDN,False,69.3012083243504,munger_roe,4847520256.0,9.046913,1.017693,1.588,0.27967,0.12026,0.69302005,0.31627,308735264.0,0.0281,4.0
VRTX,False,69.29861883810533,"graham_earnings_stability,graham_pe,graham_pe_times_pb",137228812288.0,31.532906,6.77444,3.185,0.09766999999999999,0.23542999,0.54957,0.38055,2627887616.0,,1.0
NXPI,False,69.29481617062103,"graham_pe,graham_pe_times_pb",56894541824.0,44.94522,4.9931397,2.04,0.93325,0.27921,0.56102,0.30406,3555000064.0,0.0179,4.0
AAMI,False,69.27309839152272,"graham_current_ratio,graham_debt_to_equity,graham_pe,graham_pe_times_pb",3238829056.0,32.247353,35.208336,1.048,1.9331800000000001,1.0676999,0.40853,0.17612,234587504.0,0.0044,4.0
AAPL,False,69.26341913072011,"graham_current_ratio,graham_pe,graham_pe_times_pb",4618328211456.0,36.331802,42.995926,1.003,0.78445,1.4875101,0.48653,0.32623002,107721875456.0,0.0034000000000000002,4.0
ENR,False,69.1000482857143,"graham_size,graham_debt_to_equity,graham_earnings_stability,graham_pe_times_pb",1427199104.0,17.512604,7.02393,2.072,16.88484,0.42183998,0.38998002,0.14235,234537504.0,0.0552,3.0
CBOE,False,68.94603959442918,"graham_pe,graham_pe_times_pb",30456782848.0,22.731487,5.4202056,1.565,0.2809,0.26297,0.54078996,0.34634,678249984.0,0.0123,4.0
ANF,False,68.89290541050084,"graham_current_ratio,graham_pe_times_pb",4608012800.0,10.029981,3.4385464,1.448,0.9546399999999999,0.39224,0.61657,0.07982,283367872.0,,4.0
MMM,False,68.88071876921234,"graham_current_ratio,graham_debt_to_equity,graham_earnings_stability,graham_pe,graham_pe_times_pb",93265821696.0,32.064716,31.594166,1.24,4.37937,0.81891996,0.39408,0.20354,6350125056.0,0.0173,2.0
CHTR,False,68.87087845238095,"graham_current_ratio,graham_debt_to_equity",19596646400.0,3.7844872,1.0230647,0.361,4.41578,0.27201998,0.55189997,0.23503,2198374912.0,,4.0
PCTY,False,68.79514845957412,"graham_current_ratio,graham_pe,graham_pe_times_pb",8346424320.0,30.578094,7.068836,1.089,0.10887000000000001,0.21972999,0.69281995,0.19062,359865120.0,,4.0
KRYS,False,68.79318409293427,"graham_earnings_stability,graham_pe,graham_pe_times_pb",9988571136.0,42.341908,7.7807107,8.318,0.00651,0.20124,0.94639,0.48999,151739744.0,,3.0
CNK,False,68.77197994946883,"graham_current_ratio,graham_debt_to_equity,graham_earnings_stability,graham_pe,graham_pe_times_pb",4377411072.0,21.097765,8.739875,0.845,5.87527,0.45816,0.49416,0.21705,227587504.0,0.0096,3.0
LQDA,False,68.77104790037187,"graham_earnings_stability,graham_pe,graham_pe_times_pb",6559211008.0,52.342857,33.461185,2.312,0.93738,1.3181599,0.92542,0.49812,74296128.0,,0.0
CTAS,False,68.66915942295418,"graham_current_ratio,graham_pe,graham_pe_times_pb",80918290432.0,41.183304,15.742312,1.434,0.52646,0.40714002,0.50668997,0.23688,1464424832.0,0.0102,4.0
GRMN,False,68.6601343481357,"graham_pe,graham_pe_times_pb",57011068928.0,30.476288,6.316127,3.028,0.02513,0.21886998,0.60081,0.30438998,1043656256.0,0.014199999999999999,4.0
FDS,False,68.6487238143714,"graham_current_ratio,graham_pe_times_pb",10527757312.0,19.512856,5.2110767,0.683,0.7728400000000001,0.27032,0.51382,0.30542,621161344.0,0.015600000000000001,4.0
EQT,False,68.5900164673709,"graham_current_ratio,munger_roe",33796630528.0,12.535963,1.3380054,0.673,0.19594999999999999,0.11078,0.80748004,0.23372999,2460903936.0,0.0123,4.0
RRR,False,68.43700885775178,"graham_current_ratio,graham_debt_to_equity,graham_pe,graham_pe_times_pb",6167198208.0,21.367493,20.470549,0.677,12.456679999999999,1.08938,0.67221,0.26652,173044752.0,0.017,4.0
HIG,True,68.36820313095238,,37131132928.0,9.466851,1.9293183,1.772,0.22329999999999997,0.22061001,0.37868,0.17615,5507500032.0,0.0175,4.0
FANG,False,68.31805015,"graham_current_ratio,graham_pe,graham_pe_times_pb,munger_roe",60013842432.0,41.136276,1.5865803,0.467,0.28678000000000003,0.034930002,0.72353995,0.48466998,5035500032.0,0.021099999999999997,4.0
KO,False,68.28241814290996,"graham_current_ratio,graham_debt_to_equity,graham_pe,graham_pe_times_pb",390994132992.0,27.289791,10.817164,1.305,1.1551900000000002,0.42054,0.61888003,0.34873,5218749952.0,0.0235,4.0
OXY,False,68.17456057230835,"graham_current_ratio,graham_pe_times_pb,munger_roe",61577662464.0,18.064516,1.8405089,1.411,0.34511000000000003,0.10629,0.73318,0.45443,3788124928.0,0.018600000000000002,4.0
RMBS,False,68.16316818358513,"graham_earnings_stability,graham_pe,graham_pe_times_pb",10025951232.0,42.402657,6.836104,9.754,0.014870000000000001,0.17789,0.80357003,0.36671,202302368.0,,3.0
KLAC,False,68.12781297795972,"graham_pe,graham_pe_times_pb",246689103872.0,51.728764,38.86579,2.876,0.9688,0.87496,0.61301,0.42486,2624587520.0,0.0049,4.0
MAS,False,68.01851360002556,"data_missing:debt_to_equity,graham_pe_times_pb",14485388288.0,16.926266,-39.686657,1.865,,58.625,0.37205002,0.23645,897124992.0,0.017,4.0
SM,False,67.82334999999999,graham_current_ratio,9026562048.0,6.7287235,1.1535656,0.615,0.95136,0.16125,0.86457,0.60323,1472082944.0,0.024300000000000002,4.0
USLM,False,67.80013468119871,"graham_pe,graham_pe_times_pb",3442603776.0,25.69593,5.1936812,27.543,0.0046700000000000005,0.21354,0.55302,0.41013,47104248.0,0.002,4.0
TXN,False,67.74700526837849,"graham_pe,graham_pe_times_pb",244248100864.0,40.6459,13.560311,4.857,0.78036,0.35176,0.58325,0.42576998,3545250048.0,0.0212,4.0
FFIV,False,67.74132398636013,"graham_pe,graham_pe_times_pb",21634699264.0,30.442629,5.630794,1.665,0.06546,0.1983,0.81865996,0.24649,717135488.0,,4.0
EBAY,False,67.73562377084892,"graham_current_ratio,graham_debt_to_equity,graham_earnings_stability,graham_pe,graham_pe_times_pb",46506950656.0,21.955881,10.168321,1.019,1.53012,0.46611,0.72052,0.2157,1579624960.0,0.0121,3.0
DVA,False,67.67128571428572,"graham_current_ratio,graham_debt_to_equity,graham_pe_times_pb",11224014848.0,14.896274,-14.705759,1.467,12.419860000000002,0.88475,0.32364,0.16061,1042460032.0,,4.0
AFL,False,67.66305866666667,graham_current_ratio,58627084288.0,13.168919,1.9376326,0.892,0.5336500000000001,0.16908,0.50888,0.25722998,5152249856.0,0.0209,4.0
IPAR,False,67.63455831027201,"graham_pe,graham_pe_times_pb",3709225728.0,22.145315,4.2612214,3.31,0.1512,0.19105,0.58882,0.14351,219527504.0,0.0273,4.0
FIZZ,False,67.55971501512491,graham_pe_times_pb,2996055552.0,16.329082,4.676359,4.386,0.09271000000000001,0.34018,0.37039003,0.16876,106155752.0,,4.0
UPWK,False,67.55675671428573,"graham_size,graham_current_ratio,graham_earnings_stability",1068548352.0,10.96795,1.8557484,1.424,0.6206900000000001,0.16695,0.77242,0.21806999,156381744.0,,3.0
ACN,False,67.49053571428571,"graham_current_ratio,graham_pe_times_pb",111970107392.0,14.602954,3.5105813,1.339,0.25035,0.24406,0.32013,0.16964,12089380864.0,0.0356,4.0
LLY,False,67.45840000177917,"graham_current_ratio,graham_debt_to_equity,graham_pe,graham_pe_times_pb",1125315248128.0,42.304058,33.20694,1.355,1.6207099999999999,1.02286,0.83399004,0.54222,11065900032.0,0.0054,4.0
WU,False,67.28571495238096,"graham_current_ratio,graham_debt_to_equity",2256444416.0,5.8346777,2.4659169,0.277,2.94873,0.43975,0.35094002,0.13038,357275008.0,0.1306,4.0
CME,False,67.16826102336977,"graham_current_ratio,graham_pe,graham_pe_times_pb",96904921088.0,22.838585,3.6509063,1.018,0.14587,0.15802,1.0,0.65036005,2909012480.0,0.0195,4.0
WEN,False,67.16214285714285,"data_missing:price_to_book,graham_size,graham_debt_to_equity",1669044480.0,13.265151,,1.897,33.806149999999995,1.08042,0.33111,0.14292,173339744.0,0.031400000000000004,4.0
WDFC,False,67.15046859086482,"graham_pe,graham_pe_times_pb",2927006720.0,33.194824,10.514415,2.654,0.41048,0.33306,0.55821997,0.20673001,68620496.0,0.0183,4.0
WRB,False,67.04367670238096,"data_missing:price_to_book,graham_current_ratio",25859710976.0,14.452282,,0.406,0.31527,0.20207001,0.43785998,0.16385001,3045504768.0,0.005699999999999999,4.0
SNA,False,67.02951012114275,"graham_pe,graham_pe_times_pb",20307163136.0,20.0093,3.3609788,3.433,0.21594999999999998,0.17932,0.5183,0.25397,1109474944.0,0.0248,4.0
FAST,False,66.94086119056213,"graham_pe,graham_pe_times_pb",58608439296.0,43.653847,14.403554,4.18,0.10851000000000001,0.34334,0.44701,0.21023001,916124992.0,0.0187,4.0
PATH,False,66.90696136134362,"graham_earnings_stability,graham_pe,graham_pe_times_pb",8090447872.0,26.024998,4.2710614,2.307,0.04362,0.18181999,0.8305,0.07274,511553632.0,,1.0
CPRT,False,66.87637040520379,"graham_pe,graham_pe_times_pb",31292426240.0,20.993788,3.5665293,7.613,0.010589999999999999,0.17607,0.47522998,0.37530997,999977152.0,,4.0
GNTX,True,66.85631687069285,,4931043328.0,12.383598,1.9429687,3.038,0.00441,0.16354999,0.35018003,0.21757,368035744.0,0.0203,4.0
AON,False,66.7778473701785,"graham_current_ratio,graham_debt_to_equity,graham_pe_times_pb",74738155520.0,19.41212,7.782171,1.033,1.6348099999999999,0.44699,0.48154,0.23457001,3190874880.0,0.009399999999999999,4.0
EXE,False,66.76583744863764,"graham_current_ratio,graham_earnings_stability,munger_roe",22208159744.0,8.269827,1.1582252,0.959,0.19207000000000002,0.14893,0.47069,0.26323998,1466249984.0,0.024,1.0
IIPR,False,66.76233852429593,"graham_size,munger_roe",1545305088.0,12.680429,0.8970758,4.581,0.32892000000000005,0.073850006,0.88355005,0.48824,99872376.0,0.1352,4.0
MC,False,66.48103657142858,"data_missing:free_cash_flow,graham_current_ratio,graham_earnings_stability,graham_pe,graham_pe_times_pb",5014906368.0,23.587109,9.914323,1.167,0.40954999999999997,0.41454,0.92286,0.17790002,,0.0379,2.0
PLMR,False,66.45355714285714,"graham_current_ratio,graham_pe_times_pb,munger_gross_margin",3359365888.0,17.036291,3.3836997,0.541,0.30152,0.22226,0.27354,0.23774,569934144.0,0.014199999999999999,4.0
VEEV,False,66.25012891287425,"graham_pe,graham_pe_times_pb,munger_roe",40605949952.0,44.242477,5.5762024,4.738,0.014110000000000001,0.13934,0.75021005,0.30932,1259549056.0,,4.0
LTC,False,66.05935,munger_roe,2186948608.0,14.489285,2.066524,20.833,0.85301,0.11806,0.60456,0.52867,256029248.0,0.056600000000000004,4.0
SSD,False,66.00591347202784,"graham_pe,graham_pe_times_pb",7756555776.0,20.371906,3.7817721,3.288,0.21084,0.18722,0.45841,0.24405001,446386496.0,0.0062,4.0
BR,False,65.98960697077159,"graham_current_ratio,graham_debt_to_equity,graham_pe_times_pb",20110024704.0,18.391031,7.239256,1.236,1.23939,0.40916002,0.31780002,0.24609,1194499968.0,0.0248,4.0
RL,False,65.95211942019705,"graham_debt_to_equity,graham_pe,graham_pe_times_pb",22189023232.0,23.46629,8.155439,2.045,1.10373,0.37537,0.70268995,0.18395,880087488.0,0.009899999999999999,4.0
GMED,False,65.92336335691417,"graham_pe,graham_pe_times_pb,munger_roe",11735820288.0,22.355473,2.505874,4.622,0.02347,0.118140005,0.68974996,0.24755,554194880.0,,4.0
IBM,False,65.91459676570767,"graham_current_ratio,graham_debt_to_equity,graham_pe,graham_pe_times_pb",221326213120.0,20.844719,6.424196,0.791,1.8897,0.34460998,0.58098,0.16548,12049750016.0,0.0285,4.0
GEV,False,65.91231107306017,"graham_current_ratio,graham_earnings_stability,graham_pe,graham_pe_times_pb,munger_gross_margin",260118691840.0,28.507444,21.754427,0.85,0.28364,0.82577,0.2057,0.07466,15722125312.0,0.002,2.0
YETI,False,65.84072760495495,graham_pe_times_pb,3166983936.0,18.702587,5.0040364,1.751,0.41515,0.25320998,0.59208,0.19327,127417000.0,,4.0
PJT,False,65.82422857142858,"data_missing:free_cash_flow,graham_pe,graham_pe_times_pb",7348865024.0,23.095034,14.145613,1.706,0.42652999999999996,0.37633,0.95252,0.20994,,0.0058,4.0
UBER,False,65.68684547926415,"graham_current_ratio,graham_earnings_stability,graham_pe_times_pb",160197984256.0,16.442348,5.857356,0.843,0.51872,0.3716,0.40752,0.13317999,7244749824.0,,3.0
OLED,False,65.5946228715242,"graham_pe,graham_pe_times_pb,munger_roe",3909938944.0,20.545895,2.3352094,8.498,0.01288,0.115159996,0.73767996,0.35257998,111837128.0,0.0231,4.0
EPAC,False,65.53525679985887,"graham_size,graham_pe,graham_pe_times_pb",1898334976.0,20.926138,4.441095,2.67,0.43579999999999997,0.21645,0.50092,0.2469,102963752.0,0.0011,4.0
PEP,False,65.42369873873324,"graham_current_ratio,graham_debt_to_equity,graham_pe_times_pb",192879198208.0,18.505898,8.728441,0.934,2.3894900000000003,0.51508,0.54171,0.16836001,7831875072.0,0.0415,4.0
MSI,False,65.28448340266114,"graham_current_ratio,graham_debt_to_equity,graham_pe,graham_pe_times_pb",79918604288.0,38.054375,29.910809,1.099,3.5785,0.91567004,0.52112,0.27354,1979000064.0,0.0101,4.0
VNT,False,65.26663637736685,"graham_current_ratio,graham_debt_to_equity,graham_pe_times_pb",4448080384.0,13.651452,3.6829736,1.252,1.6099199999999998,0.289,0.47235,0.19387,347624992.0,0.003,4.0
MKTX,False,65.21374999999999,"graham_pe_times_pb,munger_fcf",5693506048.0,19.12293,4.59537,7.465,0.14275000000000002,0.2314,0.61662996,0.41862,-457790016.0,0.019299999999999998,4.0
CSCO,False,65.1587777668738,"graham_current_ratio,graham_pe,graham_pe_times_pb",437696331776.0,33.34835,8.720748,0.931,0.58731,0.27319,0.64564,0.27701,11568000000.0,0.0152,4.0
NSSC,False,65.1479641072127,"graham_size,graham_pe,graham_pe_times_pb",1342804864.0,36.490097,7.553216,4.946,0.12493,0.21744,0.573,0.17812,48234624.0,0.0159,4.0
SPGI,False,65.06714398097179,"graham_current_ratio,graham_pe,graham_pe_times_pb,munger_roe",125850116096.0,25.982958,3.9951334,0.954,0.42979999999999996,0.14255,0.70903,0.4479,5448249856.0,0.0091,4.0
AOS,False,65.01282498915224,graham_pe_times_pb,8530981376.0,17.48468,4.6317887,1.594,0.36766,0.27133,0.38592,0.18929,484612512.0,0.0226,4.0
ORCL,False,65.0,"graham_current_ratio,graham_debt_to_equity,graham_pe,graham_pe_times_pb,munger_fcf",410726367232.0,24.291311,10.934815,1.115,3.8887,0.53376,0.65822,0.36202,-24536750080.0,0.0139,4.0
VIRT,False,65.0,"data_missing:free_cash_flow,graham_current_ratio,graham_debt_to_equity",5125422080.0,9.642043,2.911426,1.108,4.15015,0.53617,0.65787005,0.36321,,0.016,4.0
IESC,False,64.90215305718087,"graham_pe,graham_pe_times_pb,munger_gross_margin",13929316352.0,31.05775,11.331713,1.63,0.062329999999999997,0.44522998,0.26305,0.14364,329443360.0,,4.0
NATL,False,64.85933333333334,"graham_current_ratio,graham_debt_to_equity,graham_earnings_stability,graham_pe_times_pb,munger_gross_margin",3422167296.0,17.949614,7.3659935,1.026,6.342670000000001,0.48529,0.25345,0.14959,477875008.0,,2.0
MPWR,False,64.81276814707967,"graham_pe,graham_pe_times_pb",64502648832.0,80.13126,16.558176,4.975,0.00486,0.21979,0.55195,0.30989,444316128.0,0.0062,4.0
ODFL,False,64.79618609720652,"graham_pe,graham_pe_times_pb",42561748992.0,39.28119,9.337303,1.889,0.0044,0.24818,0.39566,0.28835,970776000.0,0.005699999999999999,4.0
CVSA,False,64.78349920741576,"graham_current_ratio,graham_pe_times_pb",4528524288.0,17.76235,3.1307948,1.093,0.62613,0.18569,0.57338,0.19256,323942752.0,,4.0
OGN,False,64.71389285714287,"graham_debt_to_equity,graham_pe_times_pb",3606940672.0,17.608974,3.5852256,1.954,8.50199,0.24037,0.53403,0.20732,490750016.0,0.0058,4.0
JNJ,False,64.64891695463257,"graham_current_ratio,graham_pe,graham_pe_times_pb",650552147968.0,31.35308,7.650777,1.089,0.57709,0.25742,0.6814,0.2919,16885125120.0,0.0196,4.0
FAF,False,64.64292142857143,"graham_current_ratio,munger_roe",7375703552.0,10.019417,1.310928,0.396,0.49421,0.13846,0.63984,0.15567,2337762560.0,0.0302,4.0
TRNO,False,64.47168707499887,"graham_current_ratio,graham_pe_times_pb,munger_roe",7450845184.0,18.380377,1.6827456,0.62,0.21396,0.0928,0.76206,0.41769,319524640.0,0.0332,4.0
PG,False,64.46747522964279,"graham_current_ratio,graham_pe,graham_pe_times_pb",331995054080.0,21.542746,6.224273,0.677,0.6448999999999999,0.30290002,0.50873,0.22084999,13280874496.0,0.0302,4.0
EVR,False,64.36697857142858,"data_missing:free_cash_flow,graham_pe_times_pb",11236400128.0,16.460562,6.0452914,1.827,0.50183,0.39504,0.93934995,0.16955,,0.011899999999999999,4.0
DFIN,False,64.31420639285714,"graham_size,graham_current_ratio,graham_pe,graham_pe_times_pb,munger_roe",1184277888.0,31.27922,3.0712826,1.326,0.5464600000000001,0.08590999,0.64206004,0.25825,132825000.0,,4.0
OVV,False,64.2660226724596,"graham_current_ratio,graham_pe_times_pb,munger_roe",18570924032.0,18.75419,1.6149904,1.008,0.43734,0.08411,0.53859,0.36176997,1230499968.0,0.0183,4.0
MUR,False,64.22128392004294,"graham_current_ratio,munger_roe",5503190016.0,19.00495,1.0464767,0.854,0.41896,0.06461,0.82672995,0.3793,344718368.0,0.038,4.0
GL,False,64.22035572619048,graham_current_ratio,13258834944.0,11.47141,2.1595945,0.795,0.55675,0.20944999,0.33905998,0.24642,1163503360.0,0.0077,4.0
KEYS,False,63.92905422737256,"graham_pe,graham_pe_times_pb",54504513536.0,43.367207,8.632269,2.024,0.4179,0.20897,0.64692,0.24972999,1923374976.0,,4.0
BRO,False,63.85922526623187,"graham_current_ratio,graham_pe,graham_pe_times_pb,munger_roe",23907909632.0,22.827475,1.8738525,1.127,0.63975,0.10023,0.56281,0.41838002,1642749952.0,0.0092,4.0
ROL,False,63.83241898539511,"graham_current_ratio,graham_pe,graham_pe_times_pb",17263497216.0,32.618183,12.076742,0.629,0.78015,0.37008998,0.52366,0.18799,501737504.0,0.020099999999999996,4.0
ITW,False,63.77400773977728,"graham_current_ratio,graham_debt_to_equity,graham_pe,graham_pe_times_pb",80837632000.0,25.733454,28.089066,1.109,3.3485300000000002,1.04618,0.44162,0.26900998,2432999936.0,0.0242,4.0
VSNT,False,63.62632814285715,munger_roe,5412324352.0,7.13578,0.66694105,2.38,0.38869,0.08063,0.56526,0.22323999,1979750016.0,0.0382,4.0
SPSC,False,63.53741696737389,"graham_pe,graham_pe_times_pb,munger_roe",2840953856.0,37.939907,3.0435033,2.259,0.00672,0.08262,0.69821,0.16108999,176569376.0,,4.0
CDNS,False,63.494567758224775,"graham_pe,graham_pe_times_pb",86999400448.0,62.680557,12.68613,1.743,0.38661,0.23229,0.85871005,0.28575,1609676544.0,,4.0
LPG,False,63.417049999999996,munger_fcf,2135283584.0,6.6193633,1.7268701,3.256,0.5226299999999999,0.28342,0.72923,0.59928,-119725848.0,0.0675,4.0
LZ,False,63.38733608928572,"graham_size,graham_current_ratio,graham_earnings_stability,graham_pe,graham_pe_times_pb,munger_roe",1003611840.0,65.11111,7.7206855,0.667,0.11903000000000001,0.104940005,0.66700995,0.05372,124770128.0,,3.0
PYPL,False,63.37357685714286,"graham_current_ratio,graham_pe_times_pb",52704944128.0,11.494403,2.679511,1.288,0.7175100000000001,0.24497,0.40477002,0.16966,4423124992.0,0.0091,4.0
FTI,False,63.30878593623075,"graham_current_ratio,graham_earnings_stability,graham_pe,graham_pe_times_pb,munger_gross_margin",30753529856.0,27.41958,9.415296,1.08,0.37898000000000004,0.35814,0.22966999,0.1769,1463362560.0,0.0026,3.0
BX,False,63.3027515,"data_missing:free_cash_flow,graham_current_ratio,graham_pe,graham_pe_times_pb",169708371968.0,31.762863,12.599165,0.872,0.6818500000000001,0.31374002,1.0,0.54357,,0.036000000000000004,4.0
STRL,False,63.28066941166195,"graham_current_ratio,graham_pe,graham_pe_times_pb,munger_gross_margin",16225373184.0,38.188625,11.958428,1.107,0.24222000000000002,0.40005,0.23807,0.20055,349384384.0,,4.0
NTCT,False,63.24811428571429,"graham_earnings_stability,graham_pe,graham_pe_times_pb,munger_roe",2775965184.0,23.280489,1.6690711,1.825,0.02404,0.0754,0.79839,0.06892,226413504.0,,1.0
WSM,False,63.243347205596045,"graham_current_ratio,graham_pe,graham_pe_times_pb",27880630272.0,26.545404,14.910894,1.331,0.79878,0.54007,0.46062002,0.16173,885462144.0,0.0125,4.0
ADT,False,63.22632067857143,"graham_current_ratio,graham_debt_to_equity",5362231808.0,10.194305,1.5316987,0.69,2.23863,0.17212999,0.80657,0.24072,1197478400.0,0.0298,4.0
STRA,False,63.213164285714285,"graham_size,graham_current_ratio,munger_roe",1844448896.0,13.86561,1.1166759,1.096,0.06532,0.08151,0.49056,0.15698,154841120.0,0.028999999999999998,4.0
VLTO,False,63.185891713670095,"graham_debt_to_equity,graham_pe,graham_pe_times_pb",24330575872.0,25.13854,7.8694215,1.775,1.15978,0.34312,0.60183,0.21370001,807124992.0,0.0052,4.0
MSA,False,63.05955729014183,"graham_pe,graham_pe_times_pb",7322159104.0,23.577639,5.2407775,3.236,0.45911,0.2366,0.47571,0.24591999,316457248.0,0.011399999999999999,4.0
BF-B,False,63.0529421768253,graham_pe_times_pb,12797723648.0,18.228758,3.1823368,3.239,0.6495000000000001,0.17846,0.6054,0.23246,739625024.0,0.0325,4.0
MLI,False,63.05089158333923,"graham_pe_times_pb,munger_gross_margin",13855553536.0,16.313385,3.9054484,4.775,0.0069099999999999995,0.26325,0.28776,0.2181,524939744.0,0.011200000000000002,4.0
ULTA,False,63.02000717088182,"graham_current_ratio,graham_pe_times_pb",22248902656.0,19.41279,8.153525,1.311,0.89209,0.47449002,0.43186,0.14168,973080128.0,,4.0
ALGN,False,62.975265378277115,"graham_current_ratio,graham_pe,graham_pe_times_pb,munger_roe",11266210816.0,27.532984,2.6695507,1.395,0.02855,0.10155,0.70365,0.18247,584361344.0,,4.0
BCO,False,62.88261887619048,"graham_debt_to_equity,graham_pe,graham_pe_times_pb,munger_gross_margin",4543502848.0,25.53935,14.640393,1.62,10.29747,0.46236,0.26431,0.095019996,391237504.0,0.009300000000000001,4.0
CSL,False,62.82611652534118,"graham_debt_to_equity,graham_pe,graham_pe_times_pb",14079851520.0,20.120884,8.704823,2.6,1.78698,0.39183,0.35264,0.22849001,669737472.0,0.0137,4.0
OHI,False,62.805258598257986,"graham_current_ratio,graham_pe_times_pb",14949498880.0,16.661922,2.597936,0.444,0.7147100000000001,0.16529,0.97924006,0.61487,665501376.0,0.057999999999999996,4.0
ANET,False,62.739739078543856,"data_missing:debt_to_equity,graham_pe,graham_pe_times_pb",235407589376.0,59.253963,15.908122,2.957,,0.31476,0.63004,0.45393002,3891512576.0,,4.0
AWI,False,62.69765095864523,"graham_pe,graham_pe_times_pb",7467630080.0,24.204796,8.457543,1.519,0.65589,0.36618,0.40308997,0.21568,220824992.0,0.0076,4.0
THG,False,62.687021428571434,"graham_current_ratio,munger_gross_margin",7694920704.0,10.583813,2.1000867,0.36,0.22982,0.21885,0.25191,0.14755,1081224960.0,0.0174,4.0
STX,False,62.66719395693799,"graham_debt_to_equity,graham_earnings_stability,graham_pe,graham_pe_times_pb",196323000320.0,62.317665,177.50317,1.67,1.7988,3.7152898,0.45576,0.4307,1943750016.0,0.0036,3.0
CTSH,False,62.65881666666666,munger_roe,27350974464.0,13.030044,1.8977373,2.182,0.14479,0.14924,0.3344,0.17479,2215500032.0,0.0217,4.0
VRT,False,62.63589982762302,"graham_current_ratio,graham_pe,graham_pe_times_pb",99804323840.0,58.78458,20.975805,1.379,0.70166,0.43943,0.38039002,0.20362,2696537600.0,0.001,4.0
BRX,False,62.44898754436807,"graham_current_ratio,graham_debt_to_equity,graham_pe,graham_pe_times_pb,munger_roe",9061940224.0,20.943264,2.998883,0.596,1.76202,0.14413,0.7515,0.36018002,603135104.0,0.0414,4.0
BRK-B,False,62.4301923499094,"graham_earnings_stability,munger_roe",1068128534528.0,12.54614,0.00095544854,2.891,0.17142,0.121199995,0.30332002,0.32561,71975247872.0,,3.0
ZWS,False,62.382866854375884,"graham_pe,graham_pe_times_pb",8154708480.0,30.537268,4.9214215,3.053,0.33181,0.16919,0.49008998,0.31365,322675008.0,0.0089,4.0
AROC,False,62.34375303629296,"graham_current_ratio,graham_debt_to_equity,graham_pe_times_pb",5638876160.0,17.290323,3.6306164,1.394,1.51872,0.22194,0.67337996,0.35931998,241304496.0,0.0285,4.0
TT,False,62.33075366022728,"graham_current_ratio,graham_pe,graham_pe_times_pb",99896025088.0,33.781624,11.690526,1.073,0.5340400000000001,0.36643,0.35389,0.19251,3121687552.0,0.0092,4.0
DV,False,62.2701732852335,"graham_pe,graham_pe_times_pb,munger_roe",2063659648.0,38.04286,1.8849093,4.498,0.10217999999999999,0.05389,0.82434,0.11942001,162146880.0,,4.0
REGN,False,62.21709188066647,"graham_pe_times_pb,munger_roe",85551472640.0,19.803621,2.6286967,3.335,0.08535,0.14043,0.44458,0.33106,3065299968.0,0.0045000000000000005,4.0
OUT,False,62.084288476375924,"graham_current_ratio,graham_debt_to_equity,graham_earnings_stability,graham_pe,graham_pe_times_pb",5302551552.0,21.658274,7.6486278,0.67,5.7364,0.35024,0.51405,0.22278,193724992.0,0.0406,2.0
CVLT,False,61.93056307501376,"graham_debt_to_equity,graham_earnings_stability,graham_pe,graham_pe_times_pb",5618846720.0,86.3535,107.94187,2.043,17.62992,0.32773998,0.81087,0.089499995,303740256.0,,3.0
QTWO,False,61.91744819708066,"graham_current_ratio,graham_earnings_stability,graham_pe,graham_pe_times_pb,munger_roe",3994441728.0,45.112675,6.2085676,0.945,0.06361,0.14984,0.56988996,0.1336,190320000.0,,1.0
CRI,False,61.906691571428574,"graham_size,graham_debt_to_equity",1324355968.0,6.7304106,1.2891756,2.47,1.15325,0.20742,0.48601002,0.23683001,246791008.0,0.0269,4.0
PRGS,False,61.879214714285716,"graham_size,graham_current_ratio,graham_debt_to_equity,graham_pe,graham_pe_times_pb",1768068096.0,20.927185,3.5191836,0.809,2.6216199999999996,0.18574,0.8557,0.18547001,307682624.0,,4.0
LRN,True,61.8410529632467,,3486455296.0,11.700139,2.1110246,5.941,0.33448,0.21735,0.37750998,0.15981,224867120.0,,4.0
CB,False,61.79843957401106,"graham_current_ratio,munger_roe",132001423360.0,12.120085,1.7505755,0.41,0.30940999999999996,0.14822,0.31129998,0.23527001,10488000512.0,0.012,4.0
BAH,False,61.74361904761905,"graham_debt_to_equity,graham_pe_times_pb,munger_gross_margin",9376201728.0,12.237033,7.80045,1.595,3.4608999999999996,0.68637,0.2242,0.09964,860875008.0,0.029900000000000003,4.0
ROP,False,61.660877718861386,"graham_current_ratio,graham_pe_times_pb,munger_roe",40289247232.0,16.419588,2.1544507,0.553,0.60531,0.13066,0.69525003,0.27725,2265687552.0,0.0089,4.0
EPR,False,61.593907181508015,"graham_debt_to_equity,graham_pe_times_pb,munger_roe",4663192576.0,19.447315,2.017771,1.666,1.52233,0.113170005,0.91873,0.54328996,337729984.0,0.061399999999999996,4.0
SHW,False,61.57142976610621,"graham_current_ratio,graham_debt_to_equity,graham_pe,graham_pe_times_pb",83795255296.0,31.78453,21.610218,0.727,3.8995800000000003,0.65124,0.48981997,0.18124,2506037504.0,0.0091,4.0
BLK,False,61.56804056298343,"graham_pe,graham_pe_times_pb,munger_roe",187188002816.0,27.614931,3.0994956,2.447,0.23192000000000002,0.122779995,0.47152,0.35079,7578124800.0,0.019799999999999998,4.0
VZ,False,61.55588095238096,"graham_current_ratio,graham_debt_to_equity",205079707648.0,12.854167,1.9734528,0.604,1.8408099999999998,0.15842,0.59453,0.22999,17466624000.0,0.057300000000000004,4.0
COP,False,61.54639704336064,"graham_pe_times_pb,munger_roe",161651965952.0,17.79894,2.4736657,1.542,0.35639000000000004,0.1418,0.47574002,0.3151,7691375104.0,0.025699999999999997,4.0
G,True,61.49225347761773,,6237436928.0,11.047619,2.3945296,1.996,0.54308,0.22447,0.36456,0.15016,479428736.0,0.0206,4.0
POWL,False,61.49184995296218,"graham_pe,graham_pe_times_pb",7303635968.0,38.330784,9.658412,1.971,0.00334,0.28252,0.3008,0.20554,190403632.0,0.0018,4.0
INSP,False,61.34015024924118,"graham_size,graham_earnings_stability",1766279424.0,13.486754,2.1391807,8.551,0.03524,0.17965001,0.86132,-0.0025600002,94637248.0,,2.0
ILMN,False,61.19163013981287,"graham_earnings_stability,graham_pe,graham_pe_times_pb",31986329600.0,36.27226,11.270551,1.796,0.89042,0.32339,0.67934996,0.21139,797625024.0,,1.0
SHC,False,61.16558138436242,"graham_debt_to_equity,graham_earnings_stability,graham_pe,graham_pe_times_pb",5493464576.0,33.77193,8.251179,2.796,3.4073399999999996,0.27781,0.54969,0.37956002,153967120.0,,3.0
PSA,False,61.13393108600184,"graham_current_ratio,graham_debt_to_equity,graham_pe,graham_pe_times_pb",60240441344.0,30.80993,11.704219,0.22,1.09632,0.21929,0.7442,0.45703998,2334240256.0,0.0369,4.0
LQDT,False,60.99692919321791,"graham_size,graham_pe,graham_pe_times_pb,munger_roe",1352899328.0,42.333336,5.7351575,1.58,0.05869,0.14965001,0.47627997,0.10837,81894248.0,,4.0
PIPR,False,60.96836428571428,"data_missing:free_cash_flow,graham_pe_times_pb",5209813504.0,17.064814,3.6275957,2.429,0.11269,0.24528,0.91817003,0.21613,,0.010700000000000001,4.0
EME,False,60.945283741250364,"graham_current_ratio,graham_pe,graham_pe_times_pb,munger_gross_margin",35270275072.0,25.44066,8.672545,1.277,0.13432,0.40348998,0.19426,0.10618,978281600.0,0.002,4.0
SKT,False,60.92988129470187,"graham_current_ratio,graham_debt_to_equity,graham_pe,graham_pe_times_pb",4596385792.0,35.27523,6.553605,0.743,2.7831099999999998,0.19399999,0.73124003,0.32639998,227820992.0,0.032400000000000005,4.0
GWW,False,60.79844472098574,"graham_pe,graham_pe_times_pb",61461553152.0,33.279522,14.878001,2.805,0.6197699999999999,0.46091,0.39395002,0.16072,1247750016.0,0.0076,4.0
DLB,False,60.71690786002443,"graham_pe,graham_pe_times_pb,munger_roe",5906754048.0,26.834044,2.2856936,3.185,0.0183,0.08758,0.87612,0.12548,331846016.0,0.023,4.0
NVR,False,60.60677549517547,"graham_pe_times_pb,munger_gross_margin",16957006848.0,16.467543,5.0003037,5.67,0.3215,0.31544,0.2184,0.13889,918313280.0,,4.0
PTGX,False,60.519592539267904,"graham_earnings_stability,graham_pe,graham_pe_times_pb,munger_roe",9830481920.0,146.07692,11.675376,21.709,0.01095,0.10985,1.0,0.74372,96145752.0,,0.0
WWW,False,60.470216115618626,"data_missing:price_to_book,graham_size,graham_debt_to_equity,graham_earnings_stability",1657740032.0,15.781251,,1.549,1.59137,0.27647,0.47120997,0.09854,131325000.0,0.0192,2.0
CDE,False,60.46670764155806,"graham_earnings_stability,graham_pe_times_pb,munger_roe",21648310272.0,17.697477,2.080822,3.654,0.06851,0.12848,0.56644,0.20309,802993600.0,0.0019,2.0
ICE,False,60.45291045317348,"graham_current_ratio,graham_pe,graham_pe_times_pb,munger_roe",88484200448.0,22.230606,3.0263436,1.012,0.69226,0.14094,1.0,0.52626,3633625088.0,0.0132,4.0
ANIP,False,60.445924870442234,"graham_size,graham_debt_to_equity,graham_earnings_stability,graham_pe_times_pb",1768946816.0,16.777779,2.763583,2.91,1.0482500000000001,0.20459,0.60403997,0.14974,132205752.0,,1.0
PR,False,60.35191109821528,"graham_current_ratio,munger_roe",19975735296.0,14.90625,1.6637601,0.624,0.26245999999999997,0.114029996,0.75848997,0.57444,458368128.0,0.0274,4.0
VLO,False,60.33669252380952,"graham_pe_times_pb,munger_gross_margin",100768858112.0,14.5825,4.0306344,1.636,0.40148000000000006,0.27637,0.16118999,0.12269,8416374784.0,0.0139,4.0
CRC,False,60.310887191704424,"data_missing:trailing_pe,graham_current_ratio,munger_roe",4834466816.0,,1.4210747,0.661,0.39594,-0.03554,0.5676,0.46795,335124992.0,0.0301,4.0
ELS,False,60.280154302340264,"graham_current_ratio,graham_debt_to_equity,graham_pe,graham_pe_times_pb",13149505536.0,31.681162,7.235216,0.139,1.82359,0.22877,0.53656,0.32112998,603528512.0,0.033,4.0
EXPO,False,60.23476762760262,"graham_pe,graham_pe_times_pb",3304928512.0,31.170404,11.447629,1.977,0.27968,0.31204,0.36416999,0.18823999,76945872.0,0.0176,4.0
SPNT,False,60.20953157105184,"graham_current_ratio,graham_earnings_stability,munger_gross_margin",2723488768.0,5.7746305,1.1956245,0.655,0.30786,0.23068,0.23864001,0.136,204187504.0,,3.0
BFS,False,60.1929024689906,"graham_size,graham_current_ratio,graham_debt_to_equity,graham_pe,graham_pe_times_pb,munger_roe",1172103936.0,34.79381,7.5402145,0.624,3.41757,0.09559,0.70258003,0.41125,84502376.0,0.069,4.0
TDS,False,60.153668416666676,"data_missing:price_to_book,graham_earnings_stability,munger_roe",3976106752.0,8.635,,3.818,0.23120000000000002,0.11784001,0.59351003,-0.065630004,599447616.0,0.0046,0.0
HON,False,60.1414535957019,"graham_current_ratio,graham_debt_to_equity,graham_pe_times_pb",70224396288.0,8.518647,3.7883635,1.211,1.85369,0.46577,0.36511,0.20249,2610374912.0,0.0126,4.0
CGNX,False,60.12555097773556,"graham_pe,graham_pe_times_pb,munger_roe",10090907648.0,57.677887,6.1923194,3.934,0.044480000000000006,0.111490004,0.68865997,0.29361,195671376.0,0.005600000000000001,4.0
MPC,False,60.08485714285714,"graham_current_ratio,graham_debt_to_equity,graham_pe_times_pb,munger_gross_margin",102340968448.0,12.645038,5.406171,1.25,1.33328,0.42099,0.12819,0.13561,9249375232.0,0.0111,4.0
BKE,False,59.959865619047626,"data_missing:market_cap,graham_pe_times_pb",,9.708715,4.6696086,2.042,0.89539,0.48981997,0.58698004,0.20591,162151376.0,0.032400000000000005,4.0
AM,False,59.8994971033114,"graham_current_ratio,graham_debt_to_equity,graham_pe,graham_pe_times_pb",10779845632.0,27.361444,5.5417275,0.842,1.8554499999999998,0.19822,0.79644996,0.52005,432616640.0,0.0401,4.0
TALO,False,59.84975800000001,"data_missing:trailing_pe,graham_earnings_stability,munger_roe",3035432448.0,,1.4933466,1.613,0.66094,-0.17822,0.71367997,0.34449002,550837376.0,,0.0
LMAT,False,59.716930597273596,"graham_size,graham_pe,graham_pe_times_pb",1893459968.0,28.9493,4.503644,16.312,0.45262,0.16774,0.71867996,0.28983,49263624.0,0.011899999999999999,4.0
COLM,False,59.71307857142858,munger_roe,3050090496.0,15.556136,1.9043663,2.493,0.28798999999999997,0.12658,0.52155,0.05027,255117376.0,0.0199,4.0
EXTR,False,59.61825076991063,"graham_current_ratio,graham_debt_to_equity,graham_earnings_stability,graham_pe,graham_pe_times_pb",2968662528.0,73.38709,33.703705,0.928,2.19625,0.54638,0.61479,0.064380005,81449504.0,,1.0
EW,False,59.56331815871766,"graham_pe,graham_pe_times_pb,munger_roe",52406288384.0,53.16959,4.937279,4.522,0.06568,0.09175,0.77839,0.29839,1232412544.0,,4.0
NEU,False,59.55811720979334,"graham_pe,graham_pe_times_pb",8601582592.0,20.13606,4.6789865,2.252,0.51129,0.25123,0.31494,0.23868,435517888.0,0.0129,4.0
PGNY,False,59.51933571428572,"graham_pe,graham_pe_times_pb,munger_gross_margin",2013694976.0,28.527174,4.4452915,2.137,0.04963,0.16242,0.24573,0.11413,200944368.0,,4.0
RGLD,False,59.422100000000015,"graham_pe,graham_pe_times_pb,munger_roe,munger_fcf",21241272320.0,27.763012,2.8665843,2.924,0.051859999999999996,0.136,0.86802,0.62036,-189505504.0,0.0077,4.0
CON,False,59.402763922391586,"graham_current_ratio,graham_debt_to_equity,graham_pe,graham_pe_times_pb,munger_gross_margin",4505201664.0,22.79355,9.443999,1.377,4.23325,0.4706,0.29314,0.1929,204793632.0,0.0072,4.0
PFE,False,59.372636218098606,"graham_current_ratio,graham_pe,graham_pe_times_pb,munger_roe",157624483840.0,36.38816,1.8503278,1.267,0.74253,0.05014,0.74716,0.27877,12485624832.0,0.060899999999999996,4.0
GLPI,False,59.32599878712033,"graham_debt_to_equity,graham_pe_times_pb",12914492416.0,12.390804,2.5172212,24.29,1.5571899999999999,0.19354999,1.02151,0.77479,506751744.0,0.0765,4.0
APH,False,59.301006667186584,"graham_debt_to_equity,graham_pe,graham_pe_times_pb",192135806976.0,39.055138,12.39895,1.888,1.20415,0.38115,0.38952,0.29779,3818374912.0,0.0064,4.0
GIII,False,59.29012142857143,"graham_size,graham_earnings_stability,munger_roe",1393976576.0,11.633803,0.7641957,3.177,0.16093,0.0719,0.43488,0.15903,128402376.0,0.011699999999999999,3.0
VICR,False,59.27385032264647,"graham_pe,graham_pe_times_pb",9975652352.0,69.124596,11.954912,13.249,0.00912,0.20131999,0.56628,0.2433,339500.0,,4.0
WAY,False,59.216807575246364,"graham_earnings_stability,graham_pe,graham_pe_times_pb,munger_roe",4751621632.0,34.417362,1.206392,1.847,0.37171,0.03765,0.69107,0.2441,313745376.0,,1.0
WMG,False,59.212072572530914,"graham_current_ratio,graham_debt_to_equity,graham_pe,graham_pe_times_pb",14089961472.0,21.548,21.739305,0.734,4.52947,0.70074,0.45769,0.16738,382249984.0,0.0294,4.0
RSI,False,59.14991450982281,"graham_earnings_stability,graham_pe,graham_pe_times_pb",6379732480.0,84.258064,16.294449,2.116,0.015189999999999999,0.30279,0.34967998,0.1174,127112000.0,,2.0
HQY,False,59.1497362435484,"graham_earnings_stability,graham_pe,graham_pe_times_pb,munger_roe",8824626176.0,39.094444,4.326911,3.437,0.48094000000000003,0.11062,0.70677,0.29343998,370328512.0,,3.0
T,False,59.0108715318718,"graham_current_ratio,graham_debt_to_equity,graham_earnings_stability",172166184960.0,8.292079,1.5648355,0.971,1.29054,0.18339,0.59721,0.24786,10142000128.0,0.044199999999999996,3.0
TILE,False,58.99675016687771,graham_pe_times_pb,2246703872.0,15.736841,3.3120313,2.527,0.42808999999999997,0.23225,0.40485,0.18611,103601872.0,0.0031,4.0
SBH,False,58.98890401190477,"graham_size,graham_debt_to_equity",1520425984.0,8.458333,1.7534009,2.367,1.7389,0.23527999,0.52114,0.09267,177001248.0,,4.0
QNST,False,58.95679277142858,"graham_size,graham_current_ratio,graham_earnings_stability,graham_pe_times_pb,munger_gross_margin",1212384512.0,15.075,3.735398,1.218,0.23184000000000002,0.28647,0.11271,0.051149998,121533624.0,,1.0
CACC,False,58.949,"data_missing:free_cash_flow,graham_debt_to_equity,graham_pe_times_pb",5976256000.0,12.703333,3.7595997,4.833,3.95632,0.31932,0.94652003,0.52556,,,4.0
CVX,False,58.91980765356788,"graham_current_ratio,graham_pe_times_pb,munger_roe",407283400704.0,19.983427,2.1449153,1.252,0.18959,0.12231,0.44267,0.21866,21934000128.0,0.0346,4.0
TMUS,False,58.89673237747355,"graham_current_ratio,graham_debt_to_equity,graham_pe_times_pb",194207203328.0,18.938284,3.458585,0.924,2.1403499999999998,0.17994,0.63054,0.2522,11335999488.0,0.022400000000000003,4.0
HSY,False,58.8649686774922,"graham_current_ratio,graham_debt_to_equity,graham_pe,graham_pe_times_pb",37715759104.0,25.60846,8.265886,1.18,1.29821,0.32808998,0.38377,0.23119,1743636352.0,0.0308,4.0
PARR,False,58.72167221025278,"graham_earnings_stability,munger_gross_margin",3804565760.0,4.4565725,1.8875053,1.84,0.5616599999999999,0.53489,0.23056,0.21122,82314872.0,,1.0
CRVL,False,58.71267505911499,"graham_pe,graham_pe_times_pb,munger_gross_margin",3627089920.0,31.911112,8.885039,1.941,0.06944,0.30697,0.24792999,0.16674,91710128.0,,4.0
CENX,False,58.66204133333333,"graham_earnings_stability,munger_gross_margin,munger_fcf",4228498688.0,7.3773746,3.0136166,2.751,0.31281,0.51749,0.18889,0.28135002,-46287500.0,,2.0
MRSH,False,58.5739979720465,"graham_current_ratio,graham_debt_to_equity,graham_pe,graham_pe_times_pb",90627194880.0,23.188036,5.9778404,1.139,1.45027,0.25902998,0.43994,0.26323998,4785249792.0,0.0209,4.0
ALLE,False,58.528812004110755,"graham_debt_to_equity,graham_pe,graham_pe_times_pb",13723236352.0,21.178478,6.4793034,1.93,1.04895,0.3373,0.44801,0.22102,484449984.0,0.013000000000000001,4.0
NDAQ,False,58.503157099967765,"graham_current_ratio,graham_pe,graham_pe_times_pb",54461161472.0,28.405247,4.567531,1.006,0.77687,0.16521999,1.0,0.49333,1691500032.0,0.012,4.0
BSY,False,58.42156081177276,"graham_current_ratio,graham_debt_to_equity,graham_pe,graham_pe_times_pb",10675962880.0,38.0,9.112945,0.595,1.05442,0.24517,0.81845003,0.25,397979616.0,0.0078000000000000005,4.0
EGP,False,58.398540311684044,"graham_current_ratio,graham_pe,graham_pe_times_pb,munger_roe",10822956032.0,35.43486,2.9986591,0.412,0.46090000000000003,0.08732,0.73607004,0.40761003,379368000.0,0.030600000000000002,4.0
NGVT,False,58.37841376116892,"graham_debt_to_equity,graham_earnings_stability,graham_pe,graham_pe_times_pb",2389952768.0,97.91549,51.117645,1.611,26.36034,0.30072,0.41127,0.29895002,88937504.0,,0.0
RCL,False,58.3627619047619,"graham_current_ratio,graham_debt_to_equity,graham_earnings_stability,graham_pe_times_pb,munger_fcf",78514569216.0,18.121296,7.67029,0.209,2.24816,0.44669998,0.50284,0.2707,-1516249984.0,0.0166,3.0
SONO,False,58.342762340120245,"graham_size,graham_earnings_stability,graham_pe,graham_pe_times_pb,munger_roe",1895069568.0,35.600002,4.964363,1.615,0.14081,0.14175999,0.46567002,0.10587,111909872.0,,0.0
REG,False,58.33819481372944,"graham_current_ratio,graham_pe,graham_pe_times_pb,munger_roe",14302343168.0,25.844595,2.1018217,0.964,0.7197199999999999,0.081870005,0.71539,0.39643002,743363968.0,0.0395,4.0
EXPD,False,58.33799584591374,"graham_pe,graham_pe_times_pb,munger_gross_margin",24185352192.0,27.12166,11.417894,1.566,0.26745,0.4267,0.13549,0.107080005,797562240.0,0.0087,4.0
BMI,False,58.27611930057544,"graham_pe,graham_pe_times_pb",3744231168.0,30.250586,5.4830627,2.422,0.03438,0.1848,0.4131,0.17724001,128289624.0,0.0134,4.0
GTY,False,58.27538660747377,"graham_pe_times_pb,munger_roe",2036037504.0,19.924242,1.8137931,1.719,0.81057,0.094639994,0.96416,0.47073,108609872.0,0.058600000000000006,4.0
AYI,False,58.19473737691857,"graham_pe,graham_pe_times_pb",10347671552.0,22.937294,3.624539,2.053,0.28206,0.17378001,0.48669997,0.16052,467275008.0,0.0022,4.0
FCPT,False,58.143397941710205,"graham_current_ratio,graham_pe,graham_pe_times_pb,munger_roe",2771898112.0,22.95909,2.4365654,0.252,0.9804600000000001,0.07646,0.85603994,0.62556,189772992.0,0.0582,4.0
WT,False,58.11561388946549,"graham_debt_to_equity,graham_pe,graham_pe_times_pb",3467354624.0,41.60909,7.192018,2.995,2.5767200000000003,0.18731001,0.53330004,0.41166002,156595376.0,0.0053,4.0
PNR,False,58.108777486565174,"graham_current_ratio,graham_pe_times_pb",10352453632.0,16.717783,2.761858,1.451,0.47067,0.17126,0.41388,0.2344,558312512.0,0.016200000000000003,4.0
HSTM,False,58.09240206431049,"graham_size,graham_current_ratio,graham_pe,graham_pe_times_pb,munger_roe",844479168.0,40.1125,2.3680716,1.062,0.03766,0.059959996,0.65081,0.099379994,50334876.0,0.0048,4.0
TDW,False,58.04120757171272,"graham_earnings_stability,graham_pe_times_pb",4776100352.0,19.470589,3.4886425,3.582,0.45454,0.19448,0.48092,-0.08663999,367619136.0,,3.0
ENS,False,57.973668619047615,"graham_pe,graham_pe_times_pb",6953555456.0,21.375275,3.6897652,2.795,0.56108,0.18363,0.30574,0.17327999,633937472.0,0.0059,4.0
AKR,False,57.93291679863923,"graham_current_ratio,graham_earnings_stability,graham_pe,graham_pe_times_pb,munger_roe",3066088192.0,60.085716,1.2359684,1.245,0.63176,0.057150003,0.70607,0.29906,187720752.0,0.0378,3.0
ECPG,False,57.90650000000001,"graham_debt_to_equity,graham_earnings_stability,munger_fcf",2061444352.0,7.385638,1.9109927,11.376,3.88056,0.30542,1.0,0.37998,-157004624.0,,1.0
CR,False,57.90072111216714,"graham_pe,graham_pe_times_pb",12074493952.0,36.45724,5.544644,2.804,0.51181,0.16521999,0.46965,0.35463002,363750016.0,0.0049,4.0
JLL,False,57.82310559761905,"graham_current_ratio,graham_pe_times_pb,munger_roe",17764263936.0,18.52759,2.3807073,1.126,0.42351999999999995,0.13520001,0.51232,0.045700002,1500125056.0,,4.0
FIX,False,57.82236575656192,"graham_current_ratio,graham_pe,graham_pe_times_pb,munger_gross_margin",59703484416.0,41.67023,92.42142,1.214,0.45488999999999996,0.55292,0.25661,0.07885,1841915392.0,0.0021,4.0
SN,False,57.78405213376049,"graham_pe,graham_pe_times_pb",25371066368.0,36.661552,8.884676,2.08,0.3211,0.27528,0.48921,0.1016,638667520.0,,4.0
NXT,False,57.67389896968044,"graham_pe,graham_pe_times_pb,munger_gross_margin",13775215616.0,23.167961,5.317597,2.689,0.01502,0.27224,0.22983,0.20858,324051264.0,,4.0
CHE,False,57.63245092582938,"graham_current_ratio,graham_pe,graham_pe_times_pb",7054118912.0,27.162554,8.458102,0.911,0.35495,0.27106002,0.33113998,0.1325,307859488.0,0.0052,4.0
STAG,False,57.613145475511814,"graham_pe,graham_pe_times_pb,munger_roe",7138234368.0,27.900078,1.9340959,1.816,0.9378,0.069759995,0.79549,0.37036,469642880.0,0.0425,4.0
WPC,False,57.588398046374536,"graham_current_ratio,graham_debt_to_equity,graham_pe,graham_pe_times_pb,munger_roe",16356560896.0,24.58904,1.886049,1.164,1.01882,0.077800006,0.94371,0.59301996,1096111872.0,0.052300000000000006,4.0
FIS,False,57.564476619047625,"graham_current_ratio,graham_debt_to_equity,graham_earnings_stability",20746848256.0,6.1797233,1.3018154,0.535,1.3251,0.22348,0.35836,0.20669001,2653125120.0,0.0433,2.0
WTS,False,57.49689356874034,"graham_pe,graham_pe_times_pb",12440527872.0,32.489975,5.936629,2.66,0.09673999999999999,0.18805,0.48853,0.20912,228787504.0,0.0060999999999999995,4.0
CCL,False,57.44677927540671,"graham_current_ratio,graham_debt_to_equity,graham_earnings_stability,graham_pe_times_pb",35460214784.0,11.662162,2.7391028,0.334,2.0155600000000002,0.26689,0.55676997,0.12787,1899374976.0,0.0169,2.0
EPAM,False,57.23770744285714,"munger_roe,munger_gross_margin",5522128384.0,14.524424,1.5692986,2.755,0.04325999999999999,0.111770004,0.29451,0.10936,650156096.0,,4.0
SYK,False,57.23174589430641,"graham_pe,graham_pe_times_pb",129471250432.0,34.94203,5.631204,2.157,0.6439100000000001,0.16508,0.65588,0.27015,4107624960.0,0.0104,4.0
KMB,False,57.2236154743737,"graham_current_ratio,graham_debt_to_equity,graham_pe,graham_pe_times_pb",35963437056.0,20.956396,20.55017,0.909,3.48933,1.04913,0.37612998,0.19002001,941124992.0,0.0466,4.0
BSX,False,57.20458378449813,"graham_current_ratio,graham_pe,graham_pe_times_pb",72867258368.0,20.356274,2.9178271,1.24,0.50151,0.15338999,0.69189,0.22895999,2451375104.0,,4.0
HMN,False,57.18358095238095,munger_roe,2046518272.0,11.806074,1.3614808,2.872,0.39537,0.12385,0.39488,0.13213,222650000.0,0.0286,4.0
CHDN,False,57.16938356507051,"graham_current_ratio,graham_debt_to_equity,graham_pe_times_pb",6433332224.0,15.6706295,4.8180823,0.356,3.49173,0.33848,0.34179002,0.36530998,138712496.0,0.0048,4.0
PODD,False,57.16620257628235,"graham_pe,graham_pe_times_pb",10347645952.0,27.992495,7.275564,2.485,0.66685,0.26016,0.71075,0.16178,236900000.0,,4.0
NWSA,False,57.10903936128646,"graham_pe,graham_pe_times_pb,munger_roe",15902429184.0,28.582525,1.876474,1.623,0.31561,0.07979,0.57167,0.12537,1045124992.0,0.0068000000000000005,4.0
ARLO,False,57.10583431170657,"graham_size,graham_current_ratio,graham_earnings_stability,graham_pe,graham_pe_times_pb",1436637696.0,47.678574,9.056988,1.402,0.03606,0.22068001,0.4461,-0.035550002,64509248.0,,1.0
FNF,False,57.100176640476185,"graham_current_ratio,munger_roe",12787434496.0,16.613241,1.7144912,0.94,0.54297,0.102110006,0.54046,0.10666,3589125120.0,0.043,4.0
AA,False,57.09930437632568,"graham_earnings_stability,munger_gross_margin",13016013824.0,10.253638,1.7660961,1.535,0.29918,0.18226999,0.19790001,0.18356001,960750016.0,0.0078000000000000005,2.0
CUBE,False,57.06601217613267,"graham_current_ratio,graham_debt_to_equity,graham_pe,graham_pe_times_pb,munger_roe",9314589696.0,27.993198,3.5979714,0.1,1.3430000000000002,0.12028,0.70712,0.41088,486035744.0,0.051100000000000007,4.0
AVY,False,57.065837849109414,"graham_current_ratio,graham_debt_to_equity,graham_pe_times_pb,munger_gross_margin",13788895232.0,19.905907,5.945363,1.132,1.58653,0.3116,0.28978002,0.13586001,1004600000.0,0.0218,4.0
AIG,False,57.06105238095238,"graham_current_ratio,graham_earnings_stability,munger_roe",39575171072.0,13.811131,0.97801924,0.612,0.22466,0.0722,0.35087,0.19414,7365000192.0,0.0264,1.0
VRRM,False,57.04596807147926,"graham_size,graham_debt_to_equity,graham_pe_times_pb",707479936.0,17.240742,3.164514,2.058,4.863980000000001,0.15384,0.55711,0.27168,43281376.0,,4.0
BHF,False,56.964582666666665,"graham_current_ratio,graham_debt_to_equity,graham_earnings_stability,munger_roe",3055589376.0,4.213323,0.4664741,0.774,1.78382,0.13535,0.35439998,0.77778,19879124992.0,,2.0
TEL,False,56.93731247263402,graham_pe_times_pb,58173337600.0,19.660957,4.3982706,1.876,0.43441,0.23290001,0.36119,0.20775,2336875008.0,0.0146,4.0
AR,False,56.9065237121775,"graham_current_ratio,munger_roe",11618120704.0,10.82808,1.4018103,0.401,0.55493,0.14216,0.67154,0.26017,391220736.0,,4.0
EXLS,False,56.68401574421276,"graham_current_ratio,graham_pe,graham_pe_times_pb",5646049792.0,23.56962,6.523034,1.244,0.56585,0.25944,0.38511002,0.14609,262332752.0,,4.0
MCY,False,56.63364285714285,"data_missing:market_cap,graham_current_ratio,graham_earnings_stability,munger_gross_margin",,6.127955,2.0250185,0.952,0.33925,0.38991,0.26808,0.19934,1143784576.0,0.012199999999999999,3.0
ROST,False,56.57832686383165,"graham_pe,graham_pe_times_pb",73843802112.0,32.150837,11.720978,1.541,0.74911,0.38981998,0.32740003,0.13377,2047583488.0,0.0076,4.0
LECO,False,56.57583220099834,"graham_pe,graham_pe_times_pb",15231634432.0,27.917084,10.130874,1.982,0.77347,0.37736,0.36051998,0.18243,307077120.0,0.0113,4.0
TRGP,False,56.56638813938728,"graham_current_ratio,graham_debt_to_equity,graham_pe,graham_pe_times_pb",64932929536.0,28.949808,20.730814,0.771,5.15794,0.70839995,0.43192002,0.27803,65837500.0,0.0168,4.0
IBP,False,56.52743109398308,"graham_debt_to_equity,graham_pe,graham_pe_times_pb",6438135296.0,26.158184,10.005568,2.983,1.87209,0.38451,0.33633998,0.122530006,289112512.0,0.0062,4.0
A,False,56.52282276358505,"graham_pe,graham_pe_times_pb",44081975296.0,31.404428,6.1848154,2.099,0.49733,0.21330999,0.52641,0.23706,930625024.0,0.0066,4.0
EVTC,False,56.48179761904761,"graham_size,graham_debt_to_equity,graham_pe_times_pb,munger_roe",1769272832.0,19.227274,2.7582674,1.702,1.84286,0.14845,0.51118,0.19387,151623120.0,0.0067,4.0
WDAY,False,56.476052002837974,"graham_current_ratio,graham_earnings_stability,graham_pe,graham_pe_times_pb,munger_roe",48205516800.0,60.805294,7.272439,1.009,0.56936,0.10858,0.75766,0.13297,3118749952.0,,3.0
CMG,False,56.447281579758666,"graham_current_ratio,graham_debt_to_equity,graham_pe,graham_pe_times_pb",43454455808.0,30.660715,19.792507,0.715,2.4635,0.49560001,0.39361998,0.16108,1116464384.0,,4.0
CDP,False,56.39153932288954,"graham_debt_to_equity,graham_earnings_stability,graham_pe,graham_pe_times_pb,munger_roe",4268868096.0,25.590275,2.7219677,2.594,1.6415,0.10825,0.58258,0.32167,257286368.0,0.0348,2.0
DGII,False,56.38891940747632,"graham_current_ratio,graham_pe,graham_pe_times_pb,munger_roe",2829222400.0,59.170635,4.1284122,1.129,0.17279,0.07459,0.64914,0.16510001,128003128.0,,4.0
EPRT,False,56.34640914343962,"graham_pe,graham_pe_times_pb,munger_roe",6733061632.0,23.884615,1.5232534,3.841,0.65659,0.064780004,0.98414004,0.62468,305324384.0,0.0412,4.0
UE,False,56.33408012131464,"graham_current_ratio,graham_debt_to_equity,graham_pe,graham_pe_times_pb,munger_roe",2969911552.0,40.698116,2.1105673,0.689,1.26633,0.05092,0.64747,0.31436002,226218256.0,0.0387,4.0
ADMA,False,56.290797220084656,"graham_debt_to_equity,graham_earnings_stability,graham_pe_times_pb",2176011008.0,13.8785715,5.3644395,6.972,1.10673,0.41897,0.64705,-1.23389,54755376.0,,2.0
SFM,False,56.277147611120526,"graham_current_ratio,graham_debt_to_equity,graham_pe_times_pb",7280774656.0,14.929255,4.990413,0.992,1.4033799999999998,0.35197,0.38939,0.074889995,398699872.0,,4.0
MKC,False,56.236719753163754,graham_current_ratio,14820442112.0,8.978013,2.1185627,0.781,0.65143,0.24728,0.38853002,0.17422001,714025024.0,0.034,4.0
DLTR,False,56.169012819199835,"graham_current_ratio,graham_debt_to_equity,graham_earnings_stability,graham_pe,graham_pe_times_pb",24955793408.0,20.810898,7.1611333,1.161,2.16518,0.33976,0.36991,0.09088001,1443624960.0,,1.0
CRGY,False,56.13775000000001,"graham_current_ratio,graham_debt_to_equity,graham_earnings_stability,graham_pe,graham_pe_times_pb,munger_roe",5428962816.0,172.5,0.8848423,0.945,1.00234,0.01517,0.62158,0.53849,601587648.0,0.035699999999999996,1.0
PLD,False,56.101008937424446,"graham_current_ratio,graham_pe,graham_pe_times_pb,munger_roe",137055174656.0,31.400894,2.4513607,0.649,0.63823,0.07749,0.75549006,0.43030998,5406941184.0,0.030299999999999997,4.0
SOLV,False,56.0795168535012,"graham_current_ratio,graham_debt_to_equity,graham_pe_times_pb",14983092224.0,10.76039,3.0738604,1.021,1.10313,0.33960998,0.54777,0.09778,489000000.0,,4.0
ADC,False,56.04670967851565,"graham_current_ratio,graham_pe,graham_pe_times_pb,munger_roe",9239771136.0,39.614975,1.4499903,0.271,0.58984,0.037049998,0.87656,0.48116,447780000.0,0.0431,4.0
ERIE,False,56.0413973980181,"graham_current_ratio,graham_pe,graham_pe_times_pb,munger_gross_margin",13879822336.0,24.087114,5.6259937,1.246,0.0256,0.24808,0.17904,0.19096,481207744.0,0.0219,4.0
SHOO,False,56.00902041948075,"graham_pe,graham_pe_times_pb",3343461376.0,22.845,3.557857,1.906,0.38795999999999997,0.15913,0.46948,0.06686,219048992.0,0.0177,4.0
CMCSA,False,56.00199927142857,"graham_current_ratio,graham_debt_to_equity,munger_roe",93258170368.0,8.423078,1.0382837,0.796,1.00474,0.114879996,0.6939,0.17233999,12697624576.0,0.0496,4.0
MWA,False,55.92657655210229,graham_pe_times_pb,3935928320.0,17.753521,3.6829803,4.636,0.40423000000000003,0.21684,0.37862998,0.23162001,128775000.0,0.0111,4.0
CTVA,False,55.90784587360195,"graham_pe,graham_pe_times_pb,munger_roe",54109597696.0,49.151516,2.1501098,1.516,0.19191,0.04256,0.4954,0.3013,2417250048.0,0.0092,4.0
LII,False,55.79793228166473,"graham_debt_to_equity,graham_pe_times_pb",14191996928.0,18.234459,10.9398985,1.569,1.5608199999999999,0.71757007,0.33330002,0.22856002,277737504.0,0.013000000000000001,4.0
TGTX,False,55.74314613729202,"graham_debt_to_equity,graham_earnings_stability,graham_pe_times_pb",7870792704.0,18.232271,12.49757,4.267,1.2489,1.0028,0.82372004,0.090179995,59134500.0,,3.0
UTHR,False,55.73743183485615,"data_missing:debt_to_equity,graham_pe_times_pb",22281285632.0,18.619713,3.4639366,5.732,,0.19315,0.8614,0.42231998,557137472.0,,4.0
HWM,False,55.697454504402444,"graham_pe,graham_pe_times_pb",113235673088.0,61.062366,19.814375,1.818,0.81368,0.34732,0.36032,0.28504,1189874944.0,0.002,4.0
VCYT,False,55.67068060967022,"graham_earnings_stability,graham_pe,graham_pe_times_pb,munger_roe",3331391744.0,29.6,2.3987033,9.162,0.02889,0.087740004,0.73756,0.15287,106230872.0,,2.0
HIW,False,55.655052301025464,"graham_current_ratio,graham_debt_to_equity,graham_pe,graham_pe_times_pb,munger_roe",3514600960.0,20.721855,1.4594898,1.05,1.3264799999999999,0.06815,0.67342,0.26328,270770112.0,0.064,4.0
JKHY,False,55.63685810714285,"data_missing:current_ratio,data_missing:free_cash_flow,graham_pe,graham_pe_times_pb",11634566144.0,23.459885,5.462157,,0.06398,0.23572999,0.43897998,0.21663,,0.0146,4.0
COLL,False,55.63128571428572,"graham_size,graham_current_ratio,graham_debt_to_equity,graham_earnings_stability,graham_pe,graham_pe_times_pb",858057664.0,21.795277,2.8839343,1.031,3.90461,0.17612,0.89449,0.05652,324038496.0,,3.0
TMDX,False,55.591053267490786,"graham_debt_to_equity,graham_earnings_stability,graham_pe,graham_pe_times_pb",3217679872.0,24.040155,6.202874,6.625,1.67496,0.36285,0.58694,0.124960005,44496752.0,,2.0
FRT,False,55.474623785503475,"graham_current_ratio,graham_debt_to_equity,graham_pe,graham_pe_times_pb,munger_roe",10309243904.0,23.824244,3.1972349,0.564,1.34114,0.12550999,0.68136,0.35035,456137632.0,0.0395,4.0
KVUE,False,55.390738582709176,"graham_current_ratio,graham_pe,graham_pe_times_pb",36273807360.0,22.217648,3.4361355,1.005,0.8161700000000001,0.15581,0.58437,0.19418,1907500032.0,0.043899999999999995,4.0
APLE,False,55.3625101904762,"graham_current_ratio,graham_pe,munger_roe",3889462528.0,22.263514,1.2383494,0.291,0.51367,0.05529,0.42902002,0.22447,360905376.0,0.0587,4.0
SLM,False,55.26875,"data_missing:price_to_book,data_missing:free_cash_flow,graham_current_ratio,graham_debt_to_equity",4891684864.0,7.2477994,,1.334,2.36158,0.30333,1.0,0.29211,,0.0195,4.0
FR,False,55.19817853865754,"graham_current_ratio,graham_pe,graham_pe_times_pb,munger_roe",8565056000.0,22.73091,2.985766,1.498,0.90051,0.1363,0.73745,0.45097,290640736.0,0.0319,4.0
NHI,False,55.18637104032986,"graham_pe,graham_pe_times_pb,munger_roe",3648669184.0,21.472599,2.3767617,1.817,0.9756900000000001,0.10717,0.73925,0.61341,171983248.0,0.0508,4.0
SCHL,False,55.15147968958163,"graham_size,graham_current_ratio,graham_earnings_stability,munger_roe",764311616.0,17.31624,1.0118364,1.232,0.55874,0.066810004,0.56394,0.14367,56762500.0,0.0245,1.0
COKE,False,55.13227856475442,"graham_current_ratio,graham_debt_to_equity,graham_pe,graham_pe_times_pb",12434210816.0,24.807436,3.906397,1.211,1.97906,0.97331,0.39111,0.07417,443481760.0,0.0054,4.0
NWS,False,55.117788399658465,"graham_pe,graham_pe_times_pb,munger_roe",18095495168.0,32.524273,2.135254,1.623,0.31561,0.07979,0.57167,0.12537,1045124992.0,0.006,4.0
ADI,False,55.092200000000005,"data_missing:market_cap,graham_current_ratio,graham_pe,graham_pe_times_pb,munger_roe",,44.6019,5.4509125,1.25,0.27187,0.12227,0.65800005,0.39503,4161274112.0,0.0118,4.0
ROK,False,55.05093179012195,"graham_current_ratio,graham_debt_to_equity,graham_pe,graham_pe_times_pb",48443117568.0,40.83959,13.836448,1.075,1.0334699999999999,0.30629,0.49091998,0.20968,1303874944.0,0.0127,4.0
KRC,False,55.01356428571429,"graham_current_ratio,graham_pe,munger_roe",4298984448.0,25.597902,0.8146393,1.103,0.85616,0.03431,0.65379,0.23993,718001472.0,0.0588,4.0
MPT,False,55.00000000000001,"data_missing:trailing_pe,graham_current_ratio,graham_debt_to_equity,graham_earnings_stability,munger_roe",2463450112.0,,0.54254895,1.172,2.15671,-0.00622,0.95944,0.57359004,753948992.0,0.08650000000000001,0.0
MO,False,55.00000000000001,"data_missing:debt_to_equity,data_missing:return_on_equity,graham_current_ratio,graham_pe_times_pb",110436859904.0,13.924211,-41.389236,0.518,,,0.8717,0.61464,9035249664.0,0.0642,4.0
MZTI,False,54.996935349106245,"graham_pe_times_pb,munger_gross_margin",3136023296.0,17.924765,3.001575,2.584,0.03561,0.17231001,0.24192,0.10877,186684496.0,0.0342,4.0
KIM,False,54.98999721879761,"graham_current_ratio,graham_pe,graham_pe_times_pb,munger_roe",16277911552.0,28.217209,1.5844084,0.971,0.84993,0.05806,0.68933,0.36565,871483392.0,0.0461,4.0
LIF,False,54.95548217378291,"graham_earnings_stability,graham_pe,graham_pe_times_pb",3710208512.0,26.473837,6.0219045,5.601,0.50803,0.30056,0.77592003,-0.00035999998,74707752.0,,1.0
SIGI,False,54.95320639285715,"graham_current_ratio,munger_roe,munger_gross_margin",5337691136.0,11.299497,1.5413529,0.318,0.24596,0.14152999,0.22764,0.12693,1355778304.0,0.0191,4.0
NDSN,False,54.94642691008751,"graham_pe,graham_pe_times_pb",18292758528.0,34.414047,5.7125206,2.597,0.61637,0.1714,0.55218,0.23516001,574589504.0,0.0108,4.0
DVN,False,54.750072471308044,"graham_current_ratio,munger_roe",54367498240.0,10.744565,1.3613827,0.717,0.28488,0.11522,0.50349,0.41077,782625024.0,0.026600000000000002,4.0
TECH,False,54.742261914986,"graham_pe,graham_pe_times_pb,munger_roe",11276795904.0,62.392242,5.432335,4.547,0.13712,0.09032,0.66243,0.23452,224372368.0,0.0044,4.0
RHP,False,54.67475546000797,"graham_current_ratio,graham_debt_to_equity,graham_pe,graham_pe_times_pb",8857582592.0,31.39364,10.7035675,1.313,3.3457,0.22583,0.35156,0.23305,567982976.0,0.0374,4.0
SAM,False,54.628035714285716,"data_missing:trailing_pe,graham_size,graham_current_ratio,munger_roe",1916928384.0,,2.6277103,1.045,0.04415,-0.08614001,0.48879,0.09327,372617632.0,,4.0
KMT,False,54.54265075,"graham_earnings_stability,munger_fcf",2311723008.0,6.893182,1.7061371,2.618,0.47334000000000004,0.23853001,0.41259,0.41251,-171881504.0,0.0262,0.0
AXP,False,54.491321428571425,"data_missing:free_cash_flow,graham_debt_to_equity,graham_pe,graham_pe_times_pb",225398145024.0,20.240751,6.572216,1.553,1.7238,0.34377,0.62338,0.2032,,0.011200000000000002,4.0
OMCL,False,54.471459523809514,"graham_size,graham_earnings_stability,graham_pe,graham_pe_times_pb,munger_roe",1651111808.0,43.22024,1.2820921,1.644,0.15484,0.03059,0.45137,0.10393,142931872.0,,2.0
DORM,False,54.45950777471899,graham_pe_times_pb,3924749056.0,18.343273,2.589681,3.598,0.34867,0.15048,0.42314997,0.23629,143988752.0,,4.0
AMPH,False,54.43512857142858,"graham_size,munger_roe",907547008.0,12.624259,1.1812744,2.397,0.89607,0.10297,0.47685,0.21603,230095872.0,,4.0
STC,False,54.41286030951734,munger_roe,2093975680.0,15.012035,1.255858,1.847,0.46090000000000003,0.096140005,0.61847997,0.06954,135150000.0,0.0305,4.0
EMR,False,54.37145029006227,"graham_current_ratio,graham_pe,graham_pe_times_pb,munger_roe",86888505344.0,34.08534,4.263583,0.896,0.6767700000000001,0.128,0.53161,0.26924,3706249984.0,0.0141,4.0
EG,False,54.23309523809523,"graham_current_ratio,munger_roe,munger_gross_margin",14107826176.0,7.777214,0.92283076,0.388,0.23260000000000003,0.12572,0.15281,0.19132,2064625024.0,0.022000000000000002,4.0
INVX,False,54.200097619047625,"graham_pe,graham_pe_times_pb,munger_roe",2049819008.0,32.932583,1.9072098,5.006,0.07043,0.05994,0.32401,0.11575,174039872.0,,4.0
AMZN,False,54.15068830779034,"graham_current_ratio,graham_earnings_stability,graham_pe,graham_pe_times_pb",2826876747776.0,21.067524,5.1231527,1.033,0.45616999999999996,0.30558002,0.5077,0.13689,3219124992.0,,3.0
CSX,False,54.11004314476815,"graham_current_ratio,graham_debt_to_equity,graham_pe,graham_pe_times_pb",94781882368.0,29.747093,6.7304654,0.82,1.3806800000000001,0.24357,0.47070998,0.38424,1953250048.0,0.011000000000000001,4.0
DINO,False,54.09864686904762,munger_gross_margin,16997914624.0,9.114395,1.652694,1.971,0.32261,0.19504999,0.12892,0.11694,2035624960.0,0.0222,4.0
CAKE,False,54.058497971164066,"graham_current_ratio,graham_debt_to_equity,graham_pe,graham_pe_times_pb",5186550784.0,28.246613,9.997124,0.587,4.00999,0.38834,0.40701,0.07767,166743120.0,0.0113,4.0
ALB,False,54.001980619047615,"graham_earnings_stability,graham_pe,graham_pe_times_pb,munger_roe,munger_gross_margin",15783767040.0,495.3889,1.962944,2.086,0.18975999999999998,0.02648,0.23959999,0.2771,1334340224.0,0.012199999999999999,0.0
MTSI,False,53.966360393131815,"graham_earnings_stability,graham_pe,graham_pe_times_pb",20665208832.0,86.45048,13.411478,2.338,0.26873,0.17184,0.56536,0.23337,104351504.0,,0.0
DLX,False,53.95113095238096,"graham_size,graham_current_ratio,graham_debt_to_equity,munger_roe",1078998528.0,10.793578,1.5231745,1.196,2.0812299999999997,0.14957,0.52544,0.12177,184692992.0,0.0407,4.0
FCX,False,53.93443536235702,"graham_pe,graham_pe_times_pb,munger_roe",96116998144.0,33.65441,4.902878,2.066,0.32149,0.14755,0.38275,0.33404,2159249920.0,0.0087,4.0
EAT,False,53.91394274462521,"data_missing:consecutive_positive_earnings_years,graham_current_ratio,graham_debt_to_equity,graham_pe,graham_pe_times_pb,munger_gross_margin",9878773760.0,21.170956,22.116179,0.455,3.6375900000000003,1.19568,0.18646999,0.11206,509575008.0,,
KLIC,False,53.84136932108638,"graham_earnings_stability,graham_pe,graham_pe_times_pb,munger_roe",4546353664.0,39.853207,5.30144,3.444,0.0418,0.13231,0.52641,0.20661,57164124.0,0.0095,1.0
REXR,False,53.797514511987146,"data_missing:trailing_pe,graham_current_ratio,munger_roe",8532638208.0,,1.123555,0.344,0.41445,-0.047280002,0.76798,0.4159,341792384.0,0.0463,4.0
PH,False,53.79616812828066,"graham_current_ratio,graham_pe,graham_pe_times_pb",128909467648.0,35.93638,8.369475,1.262,0.5527799999999999,0.25076,0.37295,0.23858,2900124928.0,0.0078000000000000005,4.0
SIRI,False,53.784367952380954,"graham_current_ratio,graham_earnings_stability,munger_roe",9537307648.0,11.363454,0.81041986,0.458,0.81105,0.07574,0.47355998,0.22129999,1186000000.0,0.0377,1.0
AGYS,False,53.77905500737876,"graham_pe,graham_pe_times_pb,munger_roe",3202485248.0,74.69737,9.438072,1.741,0.054509999999999996,0.13802,0.63057,0.11107001,57453376.0,,4.0
QRVO,False,53.7469946395664,"graham_earnings_stability,graham_pe,graham_pe_times_pb,munger_roe",8606020608.0,22.633411,2.4786565,3.543,0.44619,0.115559995,0.48535,0.1578,476142016.0,,2.0
GE,False,53.68515435542821,"graham_current_ratio,graham_debt_to_equity,graham_pe,graham_pe_times_pb",364853657600.0,41.46757,20.683783,0.982,1.13225,0.48231998,0.31051,0.20571,6594625024.0,0.0053,4.0
UFCS,False,53.6814119047619,"graham_size,graham_current_ratio,graham_earnings_stability,munger_gross_margin",1353391488.0,9.768089,1.3847247,0.356,0.14974,0.15465,0.12865,0.11761,255639504.0,0.0152,2.0
CHWY,False,53.67701061970077,"graham_current_ratio,graham_debt_to_equity,graham_pe,graham_pe_times_pb,munger_gross_margin",9598950400.0,39.074997,22.652174,0.784,1.2338500000000001,0.63816,0.29912,0.03828,463275008.0,,4.0
PINS,False,53.643249999999995,"graham_earnings_stability,graham_pe,graham_pe_times_pb,munger_roe",13036525568.0,67.70588,4.4987297,3.81,0.41350000000000003,0.06461,0.79473,-0.03464,1196440960.0,,2.0
CTS,False,53.63919804124107,"graham_size,graham_pe,graham_pe_times_pb,munger_roe",1645693568.0,24.11297,2.8740275,2.609,0.15692,0.12429,0.39713,0.17448,72120000.0,0.0028000000000000004,4.0
TJX,False,53.62802972549383,"graham_current_ratio,graham_debt_to_equity,graham_pe,graham_pe_times_pb",156304621568.0,26.201853,15.029744,1.147,1.3441900000000002,0.62171,0.31998,0.1309,4596624896.0,0.013300000000000001,4.0
DOCN,False,53.550428357142856,"graham_current_ratio,graham_debt_to_equity,graham_earnings_stability,graham_pe,graham_pe_times_pb,munger_fcf",13571032064.0,52.463634,13.021209,1.311,2.12506,0.62273,0.57222,0.104449995,-23832624.0,,3.0
VFC,False,53.50166666666667,"graham_current_ratio,graham_debt_to_equity,graham_earnings_stability,graham_pe",5484227072.0,20.217392,1.4755658,1.443,2.80723,0.22092,0.50798,-0.05529,781847872.0,0.025099999999999997,1.0
DT,False,53.491874921946035,"graham_current_ratio,graham_pe,graham_pe_times_pb,munger_roe",14331501568.0,98.76,5.850018,1.208,0.06498999999999999,0.058790002,0.81597,0.12889,546524224.0,,4.0
JOE,False,53.47305621528036,"graham_pe,graham_pe_times_pb",3948696064.0,32.563377,5.1707172,3.839,0.71346,0.16246,0.44053,0.34486,118878000.0,0.0091,4.0
ESS,False,53.42576818925103,"graham_current_ratio,graham_debt_to_equity,graham_pe,graham_pe_times_pb,munger_roe",19948832768.0,45.147427,3.4940116,0.249,1.2240900000000001,0.0771,0.68771005,0.33975,1043926720.0,0.0361,4.0
GNL,False,53.403570571428574,"data_missing:trailing_pe,graham_debt_to_equity,graham_earnings_stability,munger_roe",2073764608.0,,1.25297,5.63,1.61696,-0.00962,0.85733,0.31274998,366119616.0,0.08439999999999999,0.0
LNC,False,53.37032301428572,"graham_earnings_stability,munger_gross_margin",8264780800.0,3.7703056,0.79743606,2.184,0.63803,0.22587,0.27076998,0.046079997,2069374976.0,0.0414,2.0
ATMU,False,53.33055792598918,"graham_debt_to_equity,graham_pe_times_pb,munger_gross_margin",4019395584.0,18.873564,8.83746,2.65,2.32278,0.5579,0.28789,0.16973,103862496.0,0.0049,4.0
BXP,False,53.28054413063388,"graham_current_ratio,graham_debt_to_equity,graham_pe,graham_pe_times_pb,munger_roe",12124213248.0,36.037632,2.0742047,0.506,2.11631,0.05308,0.56452,0.28755,880636864.0,0.0417,4.0
NTST,False,53.27663682238152,"graham_earnings_stability,graham_pe,graham_pe_times_pb,munger_roe",2100780928.0,147.2143,1.3307077,5.531,0.88837,0.00962,0.90376997,0.39020002,133447376.0,0.0438,1.0
OII,False,53.22681885298736,"graham_pe_times_pb,munger_gross_margin",5252179456.0,15.251445,4.5114136,2.176,0.70343,0.34570998,0.1982,0.11486,237835120.0,,4.0
WFRD,False,53.16580952380953,graham_pe_times_pb,6632336896.0,18.24852,3.715215,2.344,0.9066500000000001,0.22793,0.30515,0.10498,558000000.0,0.011899999999999999,4.0
BNL,False,53.11717583401234,"graham_pe,graham_pe_times_pb,munger_roe",4495311872.0,27.782894,1.4057922,2.017,0.8932599999999999,0.04922,0.9486,0.46188998,230601872.0,0.0553,4.0
AME,False,53.11081296877489,"graham_current_ratio,graham_pe,graham_pe_times_pb,munger_roe",55310422016.0,35.32284,4.911743,1.214,0.20521999999999999,0.14562,0.36905998,0.26182,1492221312.0,0.005600000000000001,4.0
HLI,False,53.10217217857143,"data_missing:free_cash_flow,graham_pe,graham_pe_times_pb",8995439616.0,21.632772,3.9899256,1.664,0.20846,0.17794001,0.94111,0.18395,,0.0215,4.0
UDR,False,53.032388165807575,"graham_current_ratio,graham_debt_to_equity,graham_pe,graham_pe_times_pb,munger_roe",13845956608.0,23.85443,4.1817374,0.178,1.5614400000000002,0.13739,0.66581,0.20177999,779827776.0,0.0461,4.0
NXST,False,53.028499095238104,"graham_debt_to_equity,graham_pe,graham_pe_times_pb,munger_roe",5742666752.0,35.30303,2.5352263,1.562,5.337899999999999,0.07434,0.55070996,0.21224001,800625024.0,0.0397,4.0
IBKR,False,53.01424850000001,"data_missing:free_cash_flow,graham_current_ratio,graham_debt_to_equity,graham_pe,graham_pe_times_pb",154536067072.0,35.99206,6.9220786,1.093,2.05748,0.24018998,0.93036,0.76532996,,0.0039000000000000003,4.0
FTV,False,52.951042241111665,"graham_current_ratio,graham_pe,graham_pe_times_pb,munger_roe",17849206784.0,31.26984,2.9508686,1.241,0.59283,0.07318,0.6323,0.19137,939112512.0,0.0040999999999999995,4.0
IRDM,False,52.91788066711073,"graham_debt_to_equity,graham_pe,graham_pe_times_pb",5128482816.0,55.632187,10.852018,2.782,3.7865699999999998,0.19715,0.71851,0.15099,239205376.0,0.0123,4.0
LIVN,False,52.899972704801556,"graham_current_ratio,graham_earnings_stability,graham_pe,graham_pe_times_pb",4393584640.0,23.59292,3.3222566,1.45,0.26556,0.15404001,0.68266,0.15516,64685124.0,,0.0
ECG,False,52.83449345954894,"graham_pe,graham_pe_times_pb,munger_gross_margin",6559867904.0,25.755512,8.487651,1.587,0.47096,0.39525002,0.13016,0.09076,184378496.0,,4.0
MD,False,52.803278255293876,"graham_current_ratio,graham_earnings_stability,graham_pe_times_pb,munger_gross_margin",2163774464.0,12.927184,2.396724,1.316,0.70371,0.20389,0.26236,0.13407,160776992.0,,1.0
AIZ,False,52.778039392857146,"graham_current_ratio,graham_pe_times_pb,munger_gross_margin",13787719680.0,13.374881,2.2637346,0.382,0.36211,0.18341999,0.13272999,0.11734,2149574912.0,0.0126,4.0
CAT,False,52.7738052083419,"graham_current_ratio,graham_debt_to_equity,graham_pe,graham_pe_times_pb,munger_gross_margin",375393517568.0,35.10963,19.355106,1.368,2.32783,0.56972003,0.29713,0.22183001,5048999936.0,0.008,4.0
MDT,False,52.757581626664575,"graham_pe,graham_pe_times_pb,munger_roe",119691010048.0,25.069706,2.4201562,2.126,0.58214,0.098409995,0.65309,0.22045,4625375232.0,0.030600000000000002,4.0
HOOD,False,52.71424925,"data_missing:free_cash_flow,graham_current_ratio,graham_debt_to_equity,graham_earnings_stability,graham_pe,graham_pe_times_pb",86044246016.0,42.34615,9.075609,1.116,2.40279,0.23618999,0.9189,0.43884,,,2.0
VOYA,False,52.713047244047615,"graham_pe_times_pb,munger_roe",8911963136.0,16.931154,1.9515147,5.669,0.6890999999999999,0.096099995,0.55609,0.0538,1433500032.0,0.0192,4.0
HAYW,False,52.70838239510085,"graham_pe,graham_pe_times_pb,munger_roe",3138309376.0,20.54861,1.976884,3.327,0.6325500000000001,0.104119994,0.47951,0.24106,164106256.0,,4.0
ZBH,False,52.69662080972424,"graham_pe,graham_pe_times_pb,munger_roe",19184398336.0,24.412622,1.5186013,1.691,0.60175,0.06413,0.69877,0.17959999,1090899968.0,0.0095,4.0
CHD,False,52.514962699810056,"graham_current_ratio,graham_pe,graham_pe_times_pb",23060963328.0,31.160257,5.3024273,1.147,0.55851,0.17041,0.45562,0.18065001,939262528.0,0.0124,4.0
NABL,False,52.51220671428571,"data_missing:trailing_pe,graham_size,graham_current_ratio,graham_earnings_stability,munger_roe",654557632.0,,0.81702423,1.305,0.5425099999999999,-0.00632,0.79855,0.13182999,70063376.0,,0.0
ENVA,False,52.39389285714285,"data_missing:free_cash_flow,graham_debt_to_equity,graham_pe_times_pb",5918592000.0,17.660477,3.9513624,20.146,3.3701499999999998,0.26081,0.83291,0.29944,,,4.0
WST,False,52.38979617547515,"graham_pe,graham_pe_times_pb",25078050816.0,44.879723,8.389721,2.822,0.10585000000000001,0.19087,0.36786,0.22469,277937504.0,0.0025,4.0
BIIB,False,52.379834118820824,"graham_pe,graham_pe_times_pb,munger_roe",32128368640.0,38.62256,1.7039809,1.865,0.44329,0.04575,0.78322,0.25058,1266987520.0,,4.0
TRU,False,52.374567716621186,"graham_debt_to_equity,graham_earnings_stability,graham_pe,graham_pe_times_pb",15999557632.0,22.032982,3.3868022,1.9,1.13212,0.15626,0.5873,0.19701,808625024.0,0.006,2.0
CRS,False,52.33758107386593,"graham_earnings_stability,graham_pe,graham_pe_times_pb",24786223104.0,47.58706,11.137736,3.81,0.32658000000000004,0.25752002,0.30584,0.24078,238787504.0,0.0016,0.0
MTCH,False,52.33042857142858,"data_missing:debt_to_equity,data_missing:return_on_equity,graham_pe_times_pb",9275843584.0,14.101064,-38.569347,1.724,,,0.74872,0.28771,930664000.0,0.0202,4.0
UHS,False,52.301387992141315,graham_current_ratio,10163012608.0,7.0354958,1.3525767,1.116,0.6873999999999999,0.20948,0.44607,0.1114,498316992.0,0.0046,4.0
ISRG,False,52.15055359163774,"data_missing:debt_to_equity,data_missing:consecutive_positive_earnings_years,graham_pe,graham_pe_times_pb",139640668160.0,43.94081,7.5919394,4.963,,0.17423001,0.66679,0.33603,2615200000.0,,
ARE,False,52.10607142857143,"data_missing:trailing_pe,graham_earnings_stability,munger_roe",8648871936.0,,0.55164266,2.35,0.6867,-0.040760003,0.68198997,0.17282,1344973952.0,0.057,0.0
BDX,False,52.017297190476185,"graham_current_ratio,graham_pe,graham_pe_times_pb,munger_roe",51146072064.0,32.48616,2.0947824,0.865,0.6884,0.06607,0.46936,0.15732999,4478374912.0,0.022400000000000003,4.0
PRG,False,51.96426257142858,"graham_size,graham_debt_to_equity",1559408512.0,12.629033,1.9362977,4.518,1.10148,0.17066,0.36145002,0.16605,1535915904.0,0.013500000000000002,4.0
INVH,False,51.93977689793927,"graham_current_ratio,graham_pe,graham_pe_times_pb,munger_roe",17931157504.0,27.193693,1.9688865,0.43,0.9442499999999999,0.070539996,0.56262,0.25115,1168785536.0,0.0397,4.0
WRLD,False,51.9316783849832,"graham_size,graham_debt_to_equity,graham_pe,graham_pe_times_pb,munger_roe",845900800.0,22.90404,2.317352,10.382,1.78936,0.099,0.69242996,0.15316,60710904.0,,4.0
CNMD,False,51.9293761904762,"graham_size,graham_current_ratio,graham_earnings_stability,graham_pe,graham_pe_times_pb,munger_roe",1536049792.0,27.72162,1.4767622,1.484,0.80109,0.05527,0.55576,0.14642,131359624.0,0.015600000000000001,3.0
WMS,False,51.895237763653746,"graham_pe,graham_pe_times_pb",10845550592.0,24.502556,5.7252607,2.119,0.97185,0.26354,0.38645,0.26325,327261376.0,0.0055000000000000005,4.0
HCSG,False,51.8850805730972,"graham_size,graham_pe_times_pb,munger_gross_margin",1575452160.0,13.423976,3.0077307,3.022,0.03417,0.24691999,0.17114,0.04717,70280248.0,,4.0
HLIT,False,51.82520935264849,"graham_size,graham_earnings_stability,graham_pe,graham_pe_times_pb,munger_roe",1372055936.0,52.416668,3.8423946,3.047,0.36111,0.06546,0.50009,0.18027,71000248.0,,0.0
MGM,False,51.82189232142858,"graham_current_ratio,graham_debt_to_equity,graham_pe,graham_pe_times_pb",10976018432.0,26.000002,4.293435,1.335,8.933110000000001,0.18924999,0.44157,0.067880005,878991104.0,,4.0
ALV,False,51.81041688095237,"graham_current_ratio,graham_pe_times_pb,munger_gross_margin",8836802560.0,14.212015,3.548928,1.029,0.8752500000000001,0.25858,0.19298,0.095970005,742124992.0,0.0285,4.0
MAT,False,51.80808333333333,graham_debt_to_equity,4152649472.0,10.847014,2.0782099,1.902,1.37445,0.20497,0.47605,0.01323,425315872.0,,4.0
EXR,False,51.79978805900649,"graham_current_ratio,graham_debt_to_equity,graham_pe,graham_pe_times_pb,munger_roe",32357199872.0,32.36424,2.33634,0.886,1.01674,0.06953,0.74919,0.45882,1499437568.0,0.0438,4.0
URI,False,51.793048849173076,"graham_current_ratio,graham_debt_to_equity,graham_pe,graham_pe_times_pb",69266554880.0,26.783394,7.5208826,0.764,1.6679300000000001,0.28895,0.3848,0.25986,1706249984.0,0.0070999999999999995,4.0
CLX,False,51.78115284775562,"graham_current_ratio,graham_debt_to_equity,graham_pe,graham_pe_times_pb",12822315008.0,22.04366,142.51344,0.658,22.214290000000002,1.6376,0.42321,0.12885,110375000.0,0.0463,4.0
FORM,False,51.69730317181952,"graham_pe,graham_pe_times_pb,munger_roe",9181529088.0,87.708954,8.261634,4.078,0.02691,0.10989001,0.46182,0.24122,114850000.0,,4.0
HAE,False,51.69317388592678,"graham_debt_to_equity,graham_pe,graham_pe_times_pb,munger_roe",4940297216.0,52.456524,5.8984733,3.08,1.40265,0.111999996,0.59331,0.17932,312840000.0,,4.0
ROKU,False,51.66478097964677,"graham_earnings_stability,graham_pe,graham_pe_times_pb,munger_roe",23347787776.0,66.37553,8.267724,2.866,0.16792,0.13122,0.45504,0.12172,836552128.0,,1.0
IVZ,False,51.58160042857143,"data_missing:trailing_pe,graham_current_ratio,graham_earnings_stability,munger_roe,munger_gross_margin",14101510144.0,,1.415592,0.708,0.12055999999999999,-0.0057300003,0.2952,0.19950001,1140787456.0,0.026699999999999998,0.0
AMG,False,51.54615952380953,"data_missing:market_cap,graham_pe_times_pb",,12.411929,3.0274036,101.314,0.7609600000000001,0.24257,0.50273,0.30357,277175008.0,0.0001,4.0
PFG,False,51.539882274553726,"graham_pe_times_pb,munger_roe",23887654912.0,16.122831,1.9721073,1.586,0.35307,0.12949,0.47345,0.12336001,1056374976.0,0.0301,4.0
AGO,False,51.52656648558569,"graham_current_ratio,munger_roe",3289424896.0,9.946143,0.5924403,0.99,0.30563,0.06666,0.94342005,0.4264,14625000.0,0.0202,4.0
ACIW,False,51.44766864309366,"graham_pe,graham_pe_times_pb",5192632832.0,23.702765,3.4786284,1.582,0.57698,0.15617,0.49082002,0.10466,260535632.0,,4.0
HST,False,51.41189523809524,"graham_pe_times_pb,munger_gross_margin",16093339648.0,15.54698,2.483916,1.671,0.8529800000000001,0.15558,0.29195,0.18215,1692375040.0,0.0346,4.0
GHC,False,51.37574405965785,"munger_roe,munger_gross_margin",4934156800.0,9.418075,1.0362438,1.86,0.30218,0.118710004,0.29947,0.1974,267685120.0,0.0064,4.0
DEA,False,51.328107180357144,"graham_size,graham_current_ratio,graham_debt_to_equity,graham_pe,graham_pe_times_pb,munger_roe",1188390784.0,127.631584,0.871174,0.604,1.25876,0.0077100005,0.67524004,0.25083,127493128.0,0.0737,4.0
LIN,False,51.26677689359261,"graham_current_ratio,graham_pe,graham_pe_times_pb",224126255104.0,31.38767,5.7349195,0.879,0.68947,0.18400998,0.48348,0.28119,4160750080.0,0.013300000000000001,4.0
BRC,False,51.263004011904755,"data_missing:market_cap,graham_pe,graham_pe_times_pb",,20.763521,3.2077348,2.01,0.06586,0.16695999,0.51409,0.17716,145758368.0,0.010700000000000001,4.0
DRI,False,51.26096350734852,"graham_current_ratio,graham_debt_to_equity,graham_pe,graham_pe_times_pb,munger_gross_margin",24787869696.0,20.891388,11.281846,0.314,3.64507,0.53718,0.21667999,0.14142,790974976.0,0.0292,4.0
DBX,False,51.184428571428576,"data_missing:debt_to_equity,data_missing:return_on_equity,graham_current_ratio,graham_pe_times_pb",7384351232.0,18.76243,-3.4096384,1.074,,,0.79732,0.26097,783075008.0,,4.0
CURB,False,51.167665762468,"graham_pe,graham_pe_times_pb,munger_roe",3421230848.0,110.14814,1.6256696,2.654,0.28476,0.0146200005,0.75179,0.19184,152188000.0,0.0227,4.0
AMRX,False,51.1278578095238,"graham_debt_to_equity,graham_earnings_stability,graham_pe,graham_pe_times_pb,munger_fcf",6220567552.0,37.208336,173.39807,2.205,23.86528,6.1301703,0.39810002,0.18335,-115327128.0,,1.0
WMB,False,51.127250000000004,"graham_current_ratio,graham_debt_to_equity,graham_pe,graham_pe_times_pb,munger_fcf",89792733184.0,29.247013,6.8250284,0.477,2.00371,0.21503,0.63637,0.39540002,-1516749952.0,0.0287,4.0
ALRM,False,51.0616199896727,"graham_pe,graham_pe_times_pb,munger_roe",2790779392.0,25.154867,3.2246172,4.96,0.62337,0.13311,0.65809,0.15068,100146624.0,,4.0
NFG,False,51.044,munger_fcf,8035045888.0,11.774276,2.0476506,3.201,0.9092,0.19576,0.63229,0.40073,-24765500.0,0.026600000000000002,4.0
STE,False,50.93757825416693,"graham_pe,graham_pe_times_pb,munger_roe",23150426112.0,29.062424,3.2123384,1.906,0.28312000000000004,0.11389,0.44422,0.19153,798862528.0,0.0109,4.0
CELH,False,50.87649198747827,"graham_earnings_stability,graham_pe,graham_pe_times_pb,munger_roe",8121159680.0,139.54349,6.7782474,1.798,0.22802,0.05113,0.48759997,0.19087,358259008.0,,3.0
TKO,False,50.80589067890126,"graham_current_ratio,graham_pe,graham_pe_times_pb,munger_roe",37602213888.0,69.95422,4.3483114,1.278,0.59216,0.07063,0.59455,0.32388002,856147520.0,0.0154,4.0
ZD,False,50.78414285714287,"data_missing:trailing_pe,graham_size,munger_roe",1913397632.0,,0.87202126,2.164,0.3998,-0.01456,0.85010004,0.04156,519709248.0,,4.0
DD,False,50.72179523809523,"graham_earnings_stability,graham_pe,graham_pe_times_pb,munger_roe",18799333376.0,59.746784,1.3652992,2.427,0.22902,0.01792,0.35132,0.14239,1835250048.0,0.0172,0.0
SCI,False,50.6777468222644,"graham_current_ratio,graham_debt_to_equity,graham_pe,graham_pe_times_pb,munger_gross_margin",11338097664.0,21.720627,7.253466,0.531,3.44863,0.34714,0.26026,0.21003,315907872.0,0.0173,4.0
VICI,False,50.64393059750626,munger_roe,29040918528.0,10.222869,1.0002276,11.236,0.60277,0.09849,0.99271005,0.70182997,267028992.0,0.0683,4.0
WM,False,50.59372556932546,"graham_current_ratio,graham_debt_to_equity,graham_pe,graham_pe_times_pb",89736060928.0,59.07895,9.0469475,0.907,2.35301,0.29841,0.40601003,0.18986,2348375040.0,0.015700000000000002,4.0
AMD,False,50.54740309212696,"graham_pe,graham_pe_times_pb,munger_roe",765622616064.0,119.64158,11.38586,2.609,0.06361,0.10196,0.55724,0.1725,8841499648.0,,4.0
SYY,False,50.48032181565662,"graham_current_ratio,graham_debt_to_equity,graham_pe,graham_pe_times_pb,munger_gross_margin",40133058560.0,22.913933,15.053849,1.277,5.6140300000000005,0.77692,0.18496001,0.05013,1953124992.0,0.026699999999999998,4.0
VAL,False,50.452113112721854,munger_gross_margin,6203395072.0,6.737556,1.9505271,1.547,0.36219999999999997,0.33619,0.24784,0.09792,79725000.0,,4.0
MAA,False,50.26166989344052,"graham_current_ratio,graham_debt_to_equity,graham_pe,graham_pe_times_pb,munger_roe",15727012864.0,38.65497,2.8224342,0.048,1.0237699999999998,0.0705,0.58392,0.25356,921182272.0,0.0466,4.0
ARR,False,50.24824999999999,"data_missing:free_cash_flow,graham_current_ratio,graham_debt_to_equity,graham_earnings_stability",2320762112.0,3.7176874,0.8669099,1.142,7.567240000000001,0.20331,1.0,0.86998004,,0.1748,1.0
AIT,False,50.2384890810409,"graham_pe,graham_pe_times_pb",12602020864.0,31.388485,6.9725275,2.578,0.25967,0.22368999,0.30337998,0.117740005,362843616.0,0.0059,4.0
OKTA,False,50.22608888866328,"graham_current_ratio,graham_earnings_stability,graham_pe,graham_pe_times_pb,munger_roe",23890690048.0,99.60507,3.4935822,1.43,0.05957,0.036679998,0.77436996,0.0732,977750016.0,,2.0
PLAB,False,50.20735891002319,"graham_size,munger_roe",1791316992.0,11.210332,1.4232842,5.049,0.00228,0.13239999,0.33773997,0.20091,39001500.0,,4.0
SCHW,False,50.20475,"data_missing:free_cash_flow,graham_current_ratio,graham_debt_to_equity,graham_pe,graham_pe_times_pb",192025427968.0,20.225866,4.3676987,0.655,1.5110599999999998,0.20273,0.97495,0.52277,,0.0115,4.0
AMSF,False,50.16378784158398,"data_missing:debt_to_equity,graham_size,munger_gross_margin",483123808.0,10.509677,1.9312388,2.042,,0.18225001,0.27679002,0.19858,36250000.0,0.0626,4.0
CDW,False,50.09851358168507,"graham_current_ratio,graham_debt_to_equity,graham_pe_times_pb,munger_gross_margin",17211148288.0,16.566786,7.0636225,1.167,2.6327800000000003,0.44009998,0.21360001,0.07345,676787520.0,0.0184,4.0
IEX,False,50.08655631242137,"graham_pe,graham_pe_times_pb,munger_roe",17324175360.0,33.86167,4.3388352,3.049,0.4706,0.12955,0.4473,0.2217,555612480.0,0.0125,4.0
EEFT,False,50.08058333333334,"graham_current_ratio,graham_debt_to_equity,munger_gross_margin",2599923968.0,11.033334,2.5774994,1.371,2.25391,0.22371,0.24004,0.12369,311637504.0,,4.0
CW,False,50.07783985173667,"graham_pe,graham_pe_times_pb",24676825088.0,45.950825,8.908215,1.602,0.41481999999999997,0.19746,0.37727,0.19395,553040256.0,0.0015,4.0
NYT,False,50.06351119927624,"data_missing:debt_to_equity,graham_pe,graham_pe_times_pb",10504399872.0,27.137497,5.138461,1.58,,0.19724001,0.50958997,0.17122,459932128.0,0.0139,4.0
VMI,False,50.031623138386585,graham_pe_times_pb,9391234048.0,19.129768,5.4564524,2.354,0.50676,0.29777,0.30403998,0.14849,142812496.0,0.0064,4.0
DLR,False,49.97963191743663,"graham_current_ratio,graham_pe,graham_pe_times_pb,munger_roe",73049890816.0,245.46834,2.6870635,0.89,0.67944,0.02912,0.56994,0.25882,3768482048.0,0.0254,4.0
PCRX,False,49.97879293214286,"graham_size,graham_earnings_stability,graham_pe,graham_pe_times_pb,munger_roe",953496384.0,68.34286,1.4175655,5.042,0.61329,0.020480001,0.79206,0.06165,98341248.0,,1.0
TWLO,False,49.94740951632958,"graham_earnings_stability,graham_pe,graham_pe_times_pb,munger_roe",33787316224.0,30.42946,4.299072,4.621,0.11868000000000001,0.13497,0.48561,0.078260005,954675392.0,,1.0
RYAN,False,49.9454825957531,"graham_current_ratio,graham_debt_to_equity,graham_pe,graham_pe_times_pb",16583058432.0,57.45946,10.135876,0.998,3.74707,0.22092,0.41487,0.25041,584760128.0,0.0123,4.0
RJF,False,49.94475789285715,"data_missing:free_cash_flow,graham_pe_times_pb",33758693376.0,15.307927,2.6587038,2.109,0.47594000000000003,0.18416001,0.93156,0.19301,,0.0121,4.0
MIDD,False,49.89401257142857,"graham_earnings_stability,graham_pe_times_pb,munger_roe",5073495552.0,17.050152,2.2957294,1.987,0.90515,0.10974,0.38401002,0.17361,604098624.0,,0.0
KFY,False,49.884895225097004,"graham_pe_times_pb,munger_roe,munger_gross_margin",4339593216.0,16.18774,2.1514957,1.941,0.30126000000000003,0.14583999,0.24304001,0.14693,244188256.0,0.026099999999999998,4.0
TDY,False,49.84875004688089,"graham_pe,graham_pe_times_pb,munger_roe",29766135808.0,31.035524,2.7261825,2.181,0.18565,0.09154,0.43339002,0.20198,912675008.0,,4.0
MMS,False,49.842861904761904,munger_gross_margin,3045127424.0,8.60355,1.7495413,2.421,0.99546,0.21112,0.25594,0.12622,354073760.0,0.0226,4.0
MTDR,False,49.8284,"graham_current_ratio,munger_roe,munger_fcf",7344812544.0,10.180102,1.2413201,0.65,0.69104,0.13592,0.8239,0.492,-907763968.0,0.0259,4.0
RBC,False,49.80909309929088,"graham_pe,graham_pe_times_pb,munger_roe",16326038528.0,51.057423,4.7024064,2.53,0.25364000000000003,0.09747,0.45953,0.2718,283237504.0,,4.0
CCK,False,49.72674669644868,"graham_current_ratio,graham_debt_to_equity,graham_pe_times_pb,munger_gross_margin",12692895744.0,16.792088,4.376383,1.049,1.86334,0.27367002,0.20957,0.12595001,853875008.0,0.011200000000000002,4.0
MRP,False,49.7029997,"graham_earnings_stability,munger_roe,munger_fcf",5029591552.0,10.337884,0.85948586,54.111,0.42579999999999996,0.081199996,0.85307,0.85156995,-1379807232.0,0.1009,1.0
TRMB,False,49.68051639408231,"data_missing:trailing_pe,graham_current_ratio,munger_roe",13748283392.0,,2.4233456,0.954,0.28553,-0.01939,0.71773005,0.15134,686174976.0,,4.0
NLY,False,49.675250000000005,"data_missing:free_cash_flow,graham_current_ratio,graham_debt_to_equity,graham_earnings_stability",17761280000.0,5.6920295,1.169595,0.558,7.37543,0.19567,0.97972,0.91652,,0.1264,2.0
INGR,False,49.66451482061846,"munger_roe,munger_gross_margin",6724512256.0,11.590218,1.4872518,2.798,0.39411999999999997,0.13693,0.23728001,0.12595001,457249984.0,0.030600000000000002,4.0
BCPC,False,49.579704044018634,"graham_pe,graham_pe_times_pb,munger_roe",5743303168.0,35.46555,4.420576,2.665,0.12801,0.12793,0.36294997,0.20853001,134847504.0,0.0053,4.0
DOV,False,49.53099148446455,"graham_pe,graham_pe_times_pb,munger_roe",27244179456.0,24.549503,3.5363781,1.979,0.42316000000000004,0.14914,0.40092,0.18691999,906472128.0,0.0104,4.0
UPS,False,49.51844797616151,"graham_current_ratio,graham_debt_to_equity,graham_pe_times_pb,munger_gross_margin",87021936640.0,19.012026,5.7771645,1.179,1.899,0.29602,0.22413,0.09052,5557749760.0,0.0638,4.0
DTM,False,49.515532045884584,"graham_current_ratio,graham_pe,graham_pe_times_pb,munger_roe",13495094272.0,29.00987,2.823827,1.372,0.6854300000000001,0.09901,0.75344,0.50437,128000000.0,0.026600000000000002,4.0
PBH,False,49.471575909443985,"graham_debt_to_equity,graham_earnings_stability,munger_roe",2393834496.0,14.154061,1.2488569,3.23,1.07864,0.0912,0.54772997,0.20834999,147887504.0,,3.0
GTES,False,49.442381459510635,"graham_pe_times_pb,munger_roe",6662938624.0,18.666666,1.891892,3.244,0.60695,0.10384,0.40532002,0.15346,417662496.0,,4.0
CORT,False,49.36494944071681,"graham_pe,graham_pe_times_pb,munger_roe",13025857536.0,267.77777,18.425077,2.859,0.013349999999999999,0.08226,0.98305,0.16124001,77395128.0,,4.0
FSS,False,49.358617684441676,"graham_pe,graham_pe_times_pb,munger_gross_margin",7549016064.0,26.653017,5.007288,2.739,0.32223,0.20608,0.29167998,0.17650999,194724992.0,0.0049,4.0
LZB,False,49.341306219047624,"graham_size,munger_roe",1372982528.0,17.401014,1.3172961,1.665,0.5279200000000001,0.080469996,0.45161998,0.027320001,182847744.0,0.0285,4.0
CXT,False,49.33362004761905,"graham_current_ratio,graham_debt_to_equity,graham_pe_times_pb,munger_roe",2784815872.0,19.746939,2.198991,1.415,1.141,0.11484,0.42115003,0.15592,239787504.0,0.0148,4.0
LMT,False,49.330422736475136,"graham_current_ratio,graham_debt_to_equity,graham_pe,graham_pe_times_pb,munger_gross_margin",135365705728.0,21.643175,15.385604,1.193,2.34238,0.89165,0.11798,0.119569995,5562625024.0,0.023399999999999997,4.0
ADUS,False,49.29461016154839,"graham_pe,graham_pe_times_pb,munger_roe",2263138560.0,21.224169,1.9308532,1.69,0.09478,0.09706,0.32359,0.10318,119751504.0,,4.0
ITRI,False,49.26401917490428,"graham_earnings_stability,graham_pe_times_pb",4289788160.0,16.382944,2.6535034,2.746,0.9775400000000001,0.16885,0.39869,0.13455,295262240.0,,3.0
DASH,False,49.21818256676849,"graham_current_ratio,graham_earnings_stability,graham_pe,graham_pe_times_pb,munger_roe",95459442688.0,114.10677,9.567449,1.368,0.33276000000000006,0.088870004,0.52225,0.03862,5147500032.0,,2.0
WHD,False,49.11154089598844,"graham_pe,graham_pe_times_pb,munger_roe",5647838208.0,59.193275,3.9568589,2.587,0.033010000000000005,0.13114001,0.33233002,0.18593,129337624.0,0.008100000000000001,4.0
SXI,False,49.09490338667318,"graham_pe,graham_pe_times_pb",3789877760.0,35.985043,4.990743,2.404,0.74985,0.17218,0.41726002,0.1777,165311008.0,0.0043,4.0
PEN,False,49.09360597194108,"graham_earnings_stability,graham_pe,graham_pe_times_pb,munger_roe",12822044672.0,79.58923,8.376306,5.75,0.13896,0.1137,0.6784,0.105220005,161100128.0,,3.0
BURL,False,49.08580574424693,"graham_current_ratio,graham_debt_to_equity,graham_pe,graham_pe_times_pb",20762744832.0,33.93724,11.172188,1.164,3.19733,0.39141,0.43947,0.05933,210811744.0,,4.0
WTW,False,49.05872728940416,"graham_current_ratio,graham_earnings_stability,graham_pe,graham_pe_times_pb",31462688768.0,20.989777,4.098266,1.098,0.9139,0.19761999,0.42516,0.17559,1415624960.0,0.011399999999999999,1.0
XYL,False,49.04010292188211,"graham_pe,graham_pe_times_pb,munger_roe",26695714816.0,27.22262,2.4259493,1.613,0.28642,0.09182999,0.39240003,0.16995001,1183750016.0,0.0148,4.0
OSK,False,49.03479594079238,"graham_pe_times_pb,munger_roe,munger_gross_margin",9412224000.0,17.442791,2.082451,1.718,0.24359000000000003,0.12387,0.15898,0.08405,734037504.0,0.0152,4.0
TREX,False,49.02045896532056,"graham_current_ratio,graham_pe,graham_pe_times_pb",4773912576.0,27.567648,4.889921,1.061,0.30034,0.17740999,0.38204,0.20618999,69669128.0,,4.0
NVST,False,49.016163203417186,"graham_earnings_stability,graham_pe,graham_pe_times_pb,munger_roe",4404137472.0,47.275864,1.4504868,2.425,0.5162,0.030569999,0.55862,0.121149994,275762496.0,,1.0
GPN,False,48.98347857142858,"graham_current_ratio,graham_pe,graham_pe_times_pb,munger_roe",24149073920.0,42.64486,1.0496411,0.825,0.98273,0.02428,0.63959,0.16108,7867763200.0,0.0109,4.0
DCI,False,48.97268742857143,"data_missing:market_cap,graham_pe,graham_pe_times_pb",,25.070082,6.358789,2.353,0.35882,0.27777,0.34570998,0.1633,302387488.0,0.0134,4.0
ESE,False,48.92302984237043,"graham_current_ratio,graham_pe,graham_pe_times_pb,munger_roe",7450498048.0,53.45353,4.606808,1.382,0.09315,0.095,0.42008,0.148,233938368.0,0.0011,4.0
TTEK,False,48.91898994003274,"graham_current_ratio,graham_pe,graham_pe_times_pb,munger_gross_margin",9358424064.0,22.018072,5.0532284,1.184,0.55247,0.24297,0.21837,0.14253001,396642240.0,0.0079,4.0
VST,False,48.86582744791206,"graham_current_ratio,graham_debt_to_equity,graham_earnings_stability,graham_pe,graham_pe_times_pb",47245688832.0,23.697811,15.733208,0.973,3.7327999999999997,0.42962003,0.38309,0.13766,37125000.0,0.0064,3.0
VNOM,False,48.8560263705348,"data_missing:trailing_pe,graham_earnings_stability,munger_roe",23636951040.0,,1.7146224,6.374,0.1632,0.0109,1.0,0.66980004,46000000.0,0.0558,0.0
SF,False,48.846520999999996,"data_missing:free_cash_flow,graham_current_ratio,graham_pe_times_pb",12335331328.0,14.613596,2.3241062,0.895,0.52002,0.16427,0.95567,0.21761999,,0.016399999999999998,4.0
GTM,False,48.80885714285715,"data_missing:trailing_pe,graham_size,graham_current_ratio,graham_debt_to_equity,munger_roe",1091662720.0,,1.3227513,0.651,1.83227,-0.45449,0.86507004,0.20554,356462496.0,,4.0
SPXC,False,48.71971517913721,"graham_pe,graham_pe_times_pb,munger_roe",10392815616.0,36.40351,4.4249673,1.825,0.26175,0.14684,0.40287998,0.17673,234024992.0,,4.0
MRVL,False,48.629275891348165,"graham_earnings_stability,graham_pe,graham_pe_times_pb",219898396672.0,83.904106,11.776581,3.278,0.2897,0.16028,0.51502997,0.14479999,2269700096.0,0.001,1.0
SNPS,False,48.571956565635396,"graham_current_ratio,graham_pe,graham_pe_times_pb,munger_roe",76335153152.0,91.22655,2.50413,1.434,0.35574,0.03824,0.82598996,0.10383,3538958592.0,,4.0
EHC,False,48.532290004922224,"graham_current_ratio,graham_pe,graham_pe_times_pb",12062349312.0,20.446487,4.650287,1.192,0.82121,0.24968,0.43865,0.18054001,229924992.0,0.0069,4.0
UPBD,False,48.519320761904766,"graham_size,graham_debt_to_equity,graham_earnings_stability,munger_roe",1087301376.0,12.110584,1.4825357,3.126,2.32932,0.12733,0.49133998,0.06047,1568163200.0,0.08,2.0
MS,False,48.47749925,"data_missing:free_cash_flow,graham_debt_to_equity,graham_pe_times_pb",334055505920.0,17.180735,3.1370847,1.999,5.172820000000001,0.17969999,0.87641,0.41567,,0.0215,4.0
WSO,False,48.42603179005675,"graham_pe,graham_pe_times_pb,munger_gross_margin",12973195264.0,26.948156,4.052746,3.199,0.15411,0.16744,0.27512,0.1094,483663744.0,0.041299999999999996,4.0
DEI,False,48.410286142857146,"data_missing:trailing_pe,graham_current_ratio,graham_debt_to_equity,graham_earnings_stability,munger_roe",2368729088.0,,1.0731529,0.547,1.6313300000000002,-0.01928,0.63176996,0.19624001,395813120.0,0.0643,2.0
TSCO,False,48.39635648438742,"graham_current_ratio,graham_debt_to_equity,graham_pe_times_pb",18155642880.0,18.14844,6.9343286,1.334,2.4871,0.39513,0.36499,0.120740004,103175000.0,0.0271,4.0
DOC,False,48.348107142857145,"graham_debt_to_equity,graham_pe,graham_pe_times_pb,munger_roe",14759005184.0,59.48057,1.8493559,2.286,1.08653,0.03039,0.57648,0.1599,1645113088.0,0.0588,4.0
LGND,False,48.348053384581256,"graham_debt_to_equity,graham_earnings_stability,graham_pe,graham_pe_times_pb",5731188224.0,29.576643,5.9189825,31.178,1.16944,0.21962,0.81198996,0.13488,139748880.0,,1.0
MTN,False,48.345661940590965,"graham_current_ratio,graham_debt_to_equity,graham_pe,graham_pe_times_pb",5381731840.0,32.54957,9.75394,0.911,3.55585,0.1685,0.43330002,0.42097,134862496.0,0.057999999999999996,4.0
ATEN,False,48.33813226029322,"graham_size,graham_current_ratio,graham_pe,graham_pe_times_pb",1876217216.0,44.551727,7.8684535,1.29,0.9500700000000001,0.19444999,0.79379,0.11261,61384500.0,0.009300000000000001,4.0
NKE,False,48.287823355789065,graham_pe_times_pb,59221266432.0,18.56744,3.982442,1.961,0.74289,0.22138001,0.43245,0.12687,1889250048.0,0.04,4.0
SAFT,False,48.272133333333336,"graham_size,graham_current_ratio,graham_pe,graham_pe_times_pb,munger_roe,munger_gross_margin",1519723392.0,22.262365,1.733858,0.385,0.06817999999999999,0.07842,0.07645,0.13685,160487248.0,0.0355,4.0
CNO,False,48.272072095238094,"graham_debt_to_equity,graham_pe_times_pb,munger_roe",4960995840.0,18.489655,1.9178767,1.92,1.75664,0.10934,0.38706002,0.16729,996099968.0,0.013500000000000002,4.0
ON,False,48.19670426462842,"graham_pe,graham_pe_times_pb,munger_roe",29391089664.0,49.34314,4.071348,3.464,0.6505500000000001,0.08312,0.42776,0.19532,1656649984.0,,4.0
GILD,False,48.11735299584401,"data_missing:trailing_pe,graham_current_ratio,graham_debt_to_equity,munger_roe",178479153152.0,,15.100715,1.265,2.2346500000000002,-0.2068,0.79603994,0.33679,9768875008.0,0.0222,4.0
CALX,False,47.97448939301855,"graham_earnings_stability,graham_pe,graham_pe_times_pb,munger_roe",2545287680.0,53.190132,3.5846856,2.83,0.01969,0.06905,0.56581,0.074489996,61477124.0,,1.0
DHR,False,47.92229207370015,"graham_pe,graham_pe_times_pb,munger_roe",152210538496.0,38.664288,2.8944204,1.651,0.5297,0.07605,0.58752996,0.19777,4325125120.0,0.0076,4.0
SAIC,False,47.91087547703108,"graham_current_ratio,graham_debt_to_equity,graham_pe_times_pb,munger_gross_margin",5442616320.0,14.497477,3.8901763,1.156,1.8798300000000001,0.27664,0.12605,0.08762,418124992.0,0.0115,4.0
O,False,47.836978204219726,"graham_pe,graham_pe_times_pb,munger_roe",59687436288.0,46.043797,1.5091631,1.528,0.74722,0.03225,0.9268,0.46965998,1582081920.0,0.051699999999999996,4.0
ABT,False,47.80427290391516,"graham_current_ratio,graham_pe,graham_pe_times_pb,munger_roe",198007767040.0,37.032364,3.8741238,1.376,0.63212,0.10576,0.56847,0.14706999,7209124864.0,0.022000000000000002,4.0
XPEL,False,47.78734015476191,"graham_size,graham_pe,graham_pe_times_pb,munger_fcf",1379088768.0,24.640394,4.7944026,2.61,0.19949000000000003,0.19365999,0.42901,0.16228001,-15348625.0,,4.0
VRTS,False,47.7359675076266,"graham_size,munger_roe",1111203456.0,9.497145,1.2112416,2.659,0.44522,0.106709994,0.41079,0.117910005,56292376.0,0.0576,4.0
MHK,False,47.733971364285715,"graham_earnings_stability,munger_roe,munger_gross_margin",8984786944.0,17.270834,1.0529574,1.916,0.27604,0.055120002,0.25641,0.097849995,966899968.0,,2.0
ZBRA,False,47.722156654007364,"graham_current_ratio,graham_pe,graham_pe_times_pb",16855841792.0,32.626373,4.967721,0.516,0.8623000000000001,0.15286,0.49581,0.21259001,576750016.0,,4.0
CSR,False,47.72133376190476,"graham_size,graham_debt_to_equity,graham_earnings_stability,graham_pe,graham_pe_times_pb,munger_roe",961289152.0,42.441406,1.34106,3.112,1.24015,0.03388,0.59305,0.12628001,106247624.0,0.057,1.0
NCLH,False,47.71783333333333,"graham_current_ratio,graham_debt_to_equity,graham_earnings_stability,graham_pe_times_pb,munger_fcf",7636248064.0,10.26537,2.968035,0.2,6.21051,0.3673,0.42457,0.14042,-1680301312.0,,3.0
MYRG,False,47.71207736828349,"graham_current_ratio,graham_pe,graham_pe_times_pb,munger_gross_margin",5100097024.0,31.108738,6.760257,1.398,0.08895,0.24714,0.12488,0.06199,177308880.0,,4.0
CALY,False,47.699498256297524,"graham_earnings_stability,graham_pe,graham_pe_times_pb,munger_roe",2837478400.0,36.965813,1.3164899,3.043,0.12643000000000001,0.03466,0.44812,0.19046,100975000.0,,0.0
GS,False,47.6765,"data_missing:free_cash_flow,graham_debt_to_equity,graham_pe_times_pb",296316370944.0,15.712059,2.7770972,1.563,7.25381,0.16902,0.82075995,0.42176998,,0.0196,4.0
LCII,False,47.66166216190476,munger_gross_margin,2528882944.0,12.053302,1.766314,2.486,0.80054,0.15,0.25651,0.113620006,264589248.0,0.042699999999999995,4.0
TYL,False,47.65348119030172,"graham_pe,graham_pe_times_pb,munger_roe",14168667136.0,45.523685,4.662552,1.554,0.47906,0.09731,0.47205,0.14741,594435648.0,,4.0
CVCO,False,47.64102513851273,"graham_pe,graham_pe_times_pb,munger_gross_margin",4459161088.0,25.202518,4.026258,2.229,0.03702,0.16658,0.21886,0.09846,163879120.0,,4.0
L,False,47.50863066462868,"graham_current_ratio,munger_roe",22713962496.0,13.785359,1.1881136,0.507,0.44609000000000004,0.09313,0.36290002,0.14533,1262000000.0,0.0022,4.0
LDOS,False,47.50680339916762,"graham_debt_to_equity,graham_pe_times_pb,munger_gross_margin",18237167616.0,13.569104,3.451411,1.629,1.2327599999999999,0.27781,0.17795,0.11715999,1146625024.0,0.0118,4.0
POOL,False,47.470676403309206,"graham_debt_to_equity,graham_pe_times_pb,munger_gross_margin",6929090560.0,17.49266,5.49925,2.671,1.34537,0.31254998,0.29579002,0.15137,212930256.0,0.0265,4.0
RVTY,False,47.375380338152326,"graham_pe,graham_pe_times_pb,munger_roe",13423844352.0,57.83654,1.8569688,1.8,0.46225,0.03211,0.54976004,0.17052999,604992128.0,0.0023,4.0
CENT,False,47.352768005952385,munger_roe,2731854080.0,16.164814,1.5637205,3.787,0.8063400000000001,0.099709995,0.32571998,0.14262,342347872.0,,4.0
CENTA,False,47.352768005952385,munger_roe,2366626304.0,14.003704,1.3546631,3.787,0.8063400000000001,0.099709995,0.32571998,0.14262,342347872.0,,4.0
ADAM,False,47.3285,"data_missing:free_cash_flow,graham_size,graham_current_ratio,graham_debt_to_equity,graham_earnings_stability",901044800.0,5.967262,0.9668241,0.844,7.69104,0.16438,0.78673,0.51676,,0.11789999999999999,1.0
PBI,False,47.31885714285715,"data_missing:debt_to_equity,data_missing:return_on_equity,graham_current_ratio,graham_earnings_stability,graham_pe_times_pb",2235941120.0,13.260162,-2.5893,0.734,,,0.54081,0.21681,233828128.0,0.024900000000000002,1.0
VSXY,False,47.26214782001369,"graham_current_ratio,graham_debt_to_equity,graham_pe,graham_pe_times_pb",6960294912.0,34.88446,8.756,1.264,3.3739600000000003,0.32016,0.37012002,0.05192,241875008.0,,4.0
BLFS,False,47.25813229198022,"graham_size,graham_earnings_stability,graham_pe,graham_pe_times_pb,munger_roe",1808080896.0,36.97,4.303341,9.694,0.037469999999999996,0.12829,0.63613,0.059580002,4664875.0,,0.0
DHI,False,47.23042258348652,"munger_roe,munger_gross_margin",41597173760.0,14.177312,1.7527815,6.011,0.29451,0.12632,0.21298,0.1299,2413900032.0,0.011899999999999999,4.0
VVV,False,47.21534188799353,"graham_current_ratio,graham_debt_to_equity,graham_pe,graham_pe_times_pb",4383414784.0,42.4321,12.412422,0.702,4.7499400000000005,0.28399,0.38284,0.21043,72525000.0,,4.0
NSC,False,47.1957381076545,"graham_current_ratio,graham_debt_to_equity,graham_pe,graham_pe_times_pb",78465810432.0,29.807592,4.827741,0.831,1.05519,0.16985,0.45159,0.35296002,1382249984.0,0.015600000000000001,4.0
ATO,False,47.1947,"graham_current_ratio,graham_pe,graham_pe_times_pb,munger_roe,munger_fcf",29096448000.0,20.522049,1.9069241,0.814,0.6766200000000001,0.09792,0.62212,0.37223998,-2220956928.0,0.0233,4.0
HD,False,47.19252338095238,"data_missing:market_cap,graham_current_ratio,graham_debt_to_equity,graham_pe,graham_pe_times_pb",,23.452065,26.051773,1.078,3.76524,1.0429599,0.33206,0.14288999,11190750208.0,0.0271,4.0
AWR,False,47.18751666666667,"graham_current_ratio,graham_pe,graham_pe_times_pb,munger_roe,munger_fcf",3549766400.0,24.469944,3.1652234,0.98,0.8181100000000001,0.1367,0.5762,0.35755002,-25544000.0,0.0245,4.0
FELE,False,47.18371319674313,"graham_pe,graham_pe_times_pb,munger_roe",4570139136.0,29.618912,3.2471573,2.406,0.21844999999999998,0.11767,0.35525,0.15447,149414368.0,0.0108,4.0
PPG,False,47.15122123541063,graham_pe_times_pb,25155469312.0,16.235294,2.979463,1.58,0.86938,0.19297001,0.41202998,0.14016,1104625024.0,0.026000000000000002,4.0
BL,False,47.12625458346924,"graham_size,graham_debt_to_equity,graham_earnings_stability,graham_pe,graham_pe_times_pb,munger_roe",1815252224.0,55.767857,5.766248,1.721,2.0288,0.070300005,0.75563,0.06446,138621248.0,,3.0
EFX,False,47.12456640006425,"graham_current_ratio,graham_debt_to_equity,graham_pe,graham_pe_times_pb,munger_roe",22586470400.0,33.787346,5.1614895,0.602,1.20956,0.14275,0.55542,0.17305,947537472.0,0.011699999999999999,4.0
NHC,False,47.052687088666076,"graham_pe,graham_pe_times_pb,munger_roe",3744482816.0,26.894262,3.3364496,1.862,0.027839999999999997,0.13267,0.39488,0.11993,63169624.0,0.0115,4.0
EIX,False,47.044290337462016,"graham_current_ratio,graham_debt_to_equity",28776388608.0,7.7172346,1.6493526,0.662,2.28042,0.19734,0.61005,0.26899,82375000.0,0.0478,4.0
ALSN,False,47.040614790045964,"graham_debt_to_equity,graham_pe,graham_pe_times_pb",10590633984.0,20.29272,5.357143,1.807,2.11925,0.28349,0.37846002,0.19093001,211000000.0,0.009300000000000001,4.0
APOG,False,47.02742398095238,"graham_size,munger_roe,munger_gross_margin",847878784.0,12.736677,1.6713974,1.76,0.5625399999999999,0.13756,0.23378,0.054970004,102537000.0,0.0259,4.0
TPC,False,46.99957857142857,"data_missing:price_to_book,graham_current_ratio,graham_earnings_stability,graham_pe,munger_roe,munger_gross_margin",4706911232.0,38.560345,,1.285,0.34819,0.13736,0.11481,0.07218,573201344.0,0.004,1.0
NOW,False,46.99351163301721,"graham_current_ratio,graham_pe,graham_pe_times_pb,munger_roe",132716863488.0,75.51176,10.603832,0.701,0.67538,0.14244,0.74768996,0.04063,5149374976.0,,4.0
BKNG,False,46.93826061383798,"data_missing:debt_to_equity,data_missing:return_on_equity,graham_current_ratio,graham_pe,graham_pe_times_pb",158443601920.0,23.403994,-14.82286,1.094,,,0.87227994,0.34412,7725875200.0,0.0079,4.0
LEG,False,46.93721504761905,"graham_size,graham_debt_to_equity,graham_earnings_stability,munger_gross_margin",1303741952.0,6.11859,1.253118,2.35,1.5219900000000002,0.22642,0.19089001,0.08383001,241450000.0,0.0207,1.0
SMPL,False,46.82658980952381,"data_missing:trailing_pe,graham_size,munger_roe",978159808.0,,0.6897412,4.796,0.31623999999999997,-0.12197,0.33273998,0.12784,107168376.0,,4.0
LXP,False,46.80583090889564,"graham_current_ratio,graham_pe,graham_pe_times_pb,munger_roe",3588728576.0,61.484848,1.9356377,1.026,0.69889,0.03497,0.81463,0.16078,183396368.0,0.046,4.0
RGA,False,46.80126428571428,"graham_current_ratio,munger_roe,munger_gross_margin",15797778432.0,10.657269,1.1534555,1.166,0.41418,0.11687,0.1407,0.10637,9836499968.0,0.0163,4.0
GEHC,False,46.696804565361106,"graham_current_ratio,graham_pe_times_pb",33713860608.0,17.198156,3.0718577,1.264,0.93965,0.19376,0.39528,0.14976,1573124992.0,0.0019,4.0
RPM,False,46.61303640964826,"graham_pe,graham_pe_times_pb",14012648448.0,21.234041,4.2314215,1.678,0.89022,0.21371001,0.41435,0.15307,480144864.0,0.019299999999999998,4.0
IQV,False,46.55834430010446,"graham_current_ratio,graham_debt_to_equity,graham_pe,graham_pe_times_pb",41750790144.0,31.509315,6.7656236,0.706,2.57975,0.22818,0.32968,0.13027,2149750016.0,,4.0
KDP,False,46.38641190476191,"graham_current_ratio,graham_pe,graham_pe_times_pb,munger_roe",42702716928.0,31.696968,1.7058983,0.479,0.99649,0.051,0.50956,0.12888,4607249920.0,0.0296,4.0
NVT,False,46.36776673103646,"graham_pe,graham_pe_times_pb",25556559872.0,45.89971,6.4101577,1.8,0.40957,0.15748,0.36971,0.20526,468175008.0,0.0054,4.0
JBSS,False,46.34962274534502,"graham_size,munger_gross_margin",880225024.0,13.187391,2.2706714,2.299,0.26699,0.18265,0.18536,0.08099,42272124.0,0.011399999999999999,4.0
SMP,False,46.304007142857145,"graham_size,munger_roe",850048064.0,9.681933,1.1842146,2.003,0.9527899999999999,0.12528,0.31992,0.12917,130171000.0,0.0342,4.0
MCHP,False,46.28471493065497,"graham_earnings_stability,graham_pe,graham_pe_times_pb,munger_roe",41722073088.0,114.6791,6.4675922,1.921,0.8368800000000001,0.0719,0.60194,0.23958,1364762496.0,0.0236,1.0
XOM,False,46.25371385504935,"graham_current_ratio,graham_pe,graham_pe_times_pb,munger_roe,munger_gross_margin",690431131648.0,21.721863,2.6618578,1.135,0.15921,0.12584,0.29767,0.15859,20671000576.0,0.025,4.0
AXTA,False,46.2474292265277,"graham_debt_to_equity,graham_pe,graham_pe_times_pb,munger_roe",7642654208.0,21.907974,3.030123,1.533,1.19424,0.14344,0.34039003,0.15156001,539500032.0,,4.0
KEX,False,46.16380122527201,"graham_pe,graham_pe_times_pb,munger_roe",7418003456.0,21.61423,2.167191,1.684,0.35618,0.10414,0.33196998,0.13833,347219136.0,,4.0
SPHR,False,46.15615377434567,"data_missing:trailing_pe,graham_current_ratio,graham_earnings_stability,munger_roe",5803998208.0,,2.6051424,1.224,0.40995,-0.03097,0.54707,-0.19548,442722880.0,,1.0
BKR,False,46.07812393685633,"graham_earnings_stability,graham_pe,graham_pe_times_pb,munger_gross_margin",63124144128.0,20.446945,3.169674,2.095,0.80925,0.16463,0.23657,0.1283,4415000064.0,0.0143,3.0
CTRE,False,45.99979999999999,"graham_earnings_stability,graham_pe,graham_pe_times_pb,munger_roe,munger_fcf",9432823808.0,24.949999,2.098071,3.304,0.7194799999999999,0.09056,0.96365,0.57791,-80309504.0,0.0392,3.0
KRG,False,45.98202802397979,"graham_current_ratio,graham_earnings_stability,graham_pe_times_pb,munger_roe",5400772608.0,16.449999,1.8378605,0.929,0.96238,0.10738,0.73175,0.24018,152751120.0,0.043899999999999995,3.0
LSCC,False,45.96883230866011,"graham_pe,graham_pe_times_pb,munger_roe",16956994560.0,477.56,20.796028,3.024,0.04836,0.04927,0.69024,0.1333,155063248.0,,4.0
AAT,False,45.95575912715268,"graham_size,graham_current_ratio,graham_debt_to_equity,graham_pe,graham_pe_times_pb,munger_roe",1759256832.0,75.58333,1.2406982,0.62,1.61778,0.02164,0.61821,0.24256,98077376.0,0.0596,4.0
AN,False,45.94750697242457,"graham_current_ratio,graham_debt_to_equity,munger_gross_margin",6584886272.0,9.229611,2.9207544,0.782,5.0158499999999995,0.32766998,0.17834999,0.04449,356124992.0,,4.0
VRSK,False,45.84324948050133,"data_missing:debt_to_equity,data_missing:return_on_equity,graham_current_ratio,graham_pe,graham_pe_times_pb",24336570368.0,28.721964,-20.978346,1.005,,,0.70179003,0.45106998,1055550016.0,0.010700000000000001,4.0
EQIX,False,45.82288006200819,"graham_current_ratio,graham_debt_to_equity,graham_pe,graham_pe_times_pb,munger_roe",106492903424.0,69.585106,7.40455,1.131,1.6221700000000001,0.10735,0.51979,0.27021998,3776000000.0,0.0192,4.0
SWK,False,45.79479590476191,"graham_current_ratio,graham_earnings_stability,graham_pe,graham_pe_times_pb,munger_roe",14808691712.0,23.975548,1.6980087,1.432,0.58172,0.06886,0.32213002,0.08443,1419049984.0,0.0337,2.0
FIVN,False,45.715368833333336,"graham_debt_to_equity,graham_earnings_stability,graham_pe,graham_pe_times_pb,munger_roe",2431503616.0,47.852943,3.0981624,4.149,1.07449,0.079169996,0.55063,0.033210002,260481504.0,,1.0
FBIN,False,45.66984514601447,"graham_debt_to_equity,graham_pe,graham_pe_times_pb,munger_roe",5366414336.0,36.278225,2.326249,2.014,1.21292,0.06406,0.46490002,0.20045,360150016.0,0.022400000000000003,4.0
FG,False,45.47653266666667,"graham_current_ratio,graham_earnings_stability,munger_roe",2978776064.0,7.483553,0.6463252,0.941,0.48807,0.09167,0.32766998,-0.0373,2268624896.0,0.0424,2.0
SGI,False,45.39976325802314,"graham_current_ratio,graham_debt_to_equity,graham_pe,graham_pe_times_pb",13667445760.0,25.679842,4.3411736,0.748,1.98088,0.17516,0.44733003,0.111269996,687912512.0,0.0103,4.0
KAI,False,45.37130827935007,"graham_pe,graham_pe_times_pb,munger_roe",3690230784.0,33.56498,3.5694377,2.591,0.49396,0.11291,0.44798002,0.16839,105733624.0,0.0046,4.0
SON,False,45.363868952380955,"graham_current_ratio,graham_debt_to_equity,munger_gross_margin",5739693568.0,8.972179,1.6027056,0.995,1.32433,0.18855,0.20794001,0.10012999,527077760.0,0.0373,4.0
IR,False,45.34659751782142,"graham_pe,graham_pe_times_pb,munger_roe",31036618752.0,33.0543,3.0494986,1.616,0.47903,0.0947,0.42821,0.16882999,1107425024.0,0.001,4.0
TNL,False,45.33676190476191,"data_missing:debt_to_equity,data_missing:return_on_equity,graham_pe_times_pb",4399440896.0,19.402702,-4.317416,3.202,,,0.50611,0.19755,556374976.0,0.0329,4.0
MMSI,False,45.32891857055189,"graham_pe,graham_pe_times_pb,munger_roe",5394238976.0,37.176952,3.2111754,4.198,0.48822000000000004,0.0919,0.49514,0.14456001,173902128.0,,4.0
OLLI,False,45.28555203936227,"graham_pe_times_pb,munger_roe",4529160704.0,18.544554,2.4039786,2.32,0.37579999999999997,0.13781,0.40708,0.10556,135756496.0,,4.0
PECO,False,45.221572545142116,"graham_pe,graham_pe_times_pb,munger_roe",5605526528.0,34.76316,2.1435525,1.567,0.91852,0.060170002,0.70998,0.28799,160187872.0,0.0326,4.0
SWKS,False,45.2055473751276,"graham_pe,graham_pe_times_pb,munger_roe",10384126976.0,35.209183,1.8099561,3.101,0.11869,0.05094,0.40734002,0.08825,448812512.0,0.041299999999999996,4.0
SCSC,False,45.11067142857142,"graham_size,munger_roe,munger_gross_margin",1234613376.0,18.463526,1.3929144,1.862,0.12430999999999999,0.08113,0.13695,0.03093,107137000.0,,4.0
FCFS,False,45.08970485052203,"graham_debt_to_equity,graham_pe,graham_pe_times_pb",9000949760.0,23.636675,3.8863294,4.887,1.16419,0.17398001,0.57869,0.15508,219812256.0,0.0079,4.0
CSGP,False,45.019699580525845,"graham_pe,graham_pe_times_pb,munger_roe",12883014656.0,176.63554,1.6225772,2.214,0.14537,0.00894,0.78683996,0.082159996,412700000.0,,4.0
SKY,False,45.01469409897857,"graham_pe,graham_pe_times_pb,munger_roe,munger_gross_margin",4891183104.0,26.347952,3.109386,2.738,0.07833,0.12645,0.25958002,0.08486,184228752.0,,4.0
M,False,44.96167857142857,"graham_current_ratio,graham_debt_to_equity,munger_roe",6043297280.0,9.493801,1.2493882,1.475,1.05623,0.14363,0.40308,0.01758,748875008.0,0.0327,4.0
KHC,False,44.91592142857143,"data_missing:trailing_pe,graham_current_ratio,graham_earnings_stability,munger_roe",30030987264.0,,0.8341843,1.061,0.52591,-0.0876,0.33498,0.1549,3250500096.0,0.0623,0.0
SBAC,False,44.76739318122358,"data_missing:debt_to_equity,data_missing:return_on_equity,graham_current_ratio,graham_pe_times_pb",19249158144.0,19.573355,-4.157578,0.165,,,0.742,0.52165,752056384.0,0.0274,4.0
ELAN,False,44.67521389960806,"data_missing:trailing_pe,graham_earnings_stability,munger_roe",12044226560.0,,1.8285563,2.05,0.64253,-0.029779999,0.55359,0.086260006,826875008.0,,0.0
HR,False,44.6198629233516,"data_missing:trailing_pe,graham_current_ratio,graham_debt_to_equity,graham_earnings_stability,munger_roe",6730022400.0,,1.5761886,0.342,1.03031,-0.019199999,0.61946,0.14713,493022368.0,0.049699999999999994,0.0
DG,False,44.563935188897055,"graham_current_ratio,graham_debt_to_equity,graham_pe_times_pb",26788042752.0,17.176804,3.0291843,1.169,1.78649,0.1891,0.30827,0.05919,1882562304.0,0.019299999999999998,4.0
FOX,False,44.55858398529546,"graham_pe_times_pb,munger_roe",25552496640.0,15.856771,2.1971638,3.169,0.6406000000000001,0.14291,0.36629,0.25214002,555374976.0,0.0096,4.0
SABR,False,44.39380952380952,"data_missing:trailing_pe,data_missing:debt_to_equity,data_missing:return_on_equity,graham_size,graham_current_ratio,graham_earnings_stability",841470976.0,,-0.79217327,1.025,,,0.56426,0.13032,100824752.0,,1.0
HUBB,False,44.344951827561374,"graham_debt_to_equity,graham_pe,graham_pe_times_pb",25057431552.0,28.080523,6.405467,1.609,1.41642,0.24444,0.35338002,0.21666999,495812512.0,0.011899999999999999,4.0
JBL,False,44.27058757248297,"graham_current_ratio,graham_debt_to_equity,graham_pe,graham_pe_times_pb,munger_gross_margin",33799073792.0,40.31875,25.55661,0.981,2.9713600000000002,0.65876,0.092259996,0.05211,1211624960.0,0.001,4.0
GRBK,True,44.26444820961392,,3049888512.0,10.382138,1.5820004,7.051,0.14244,0.16383,0.30501,0.19545001,6958250.0,,4.0
KN,False,44.2404762965239,"graham_earnings_stability,graham_pe,graham_pe_times_pb,munger_roe",2922741504.0,40.7381,3.6740391,3.201,0.18881,0.094969995,0.45259997,0.15168001,39312500.0,,1.0
IVT,False,44.22004059749992,"graham_pe,graham_pe_times_pb,munger_roe",2581865984.0,174.26317,1.4620038,1.849,0.62113,0.0085,0.72560996,0.15293999,117164248.0,0.03,4.0
PPLI,False,44.214760047228225,"graham_earnings_stability,munger_roe",2813991936.0,6.3942475,0.5536023,3.691,0.27577,0.09043,0.66347003,-0.03297,73941128.0,,0.0
EFC,False,44.185249999999996,"data_missing:free_cash_flow,data_missing:consecutive_positive_earnings_years,graham_size,graham_debt_to_equity,munger_roe",1784674688.0,8.493688,0.99355894,7.625,9.287799999999999,0.12247,1.0,0.55869997,,0.11380000000000001,
MATX,False,44.18187943523099,"graham_current_ratio,graham_pe_times_pb,munger_gross_margin",6579657728.0,14.846828,2.3726747,0.888,0.25834,0.17206,0.23023,0.16072,147124992.0,0.006999999999999999,4.0
VC,False,44.13922406364743,"graham_pe,graham_pe_times_pb,munger_roe,munger_gross_margin",2786868992.0,20.114643,1.7913585,1.775,0.25696,0.09538999,0.12808,0.07813,203124992.0,0.014199999999999999,4.0
CZR,False,44.13866623809524,"data_missing:trailing_pe,graham_current_ratio,graham_debt_to_equity,graham_earnings_stability,munger_roe",6035215872.0,,1.7906793,0.851,7.2987,-0.103769995,0.49691,0.17674999,762499968.0,,0.0
GWRE,False,44.13684149020987,"graham_earnings_stability,graham_pe,graham_pe_times_pb,munger_roe",15110198272.0,97.05348,11.472188,2.445,0.53467,0.1193,0.64011,0.08224,283154240.0,,1.0
JXN,False,44.107350037500005,"graham_pe,graham_pe_times_pb,munger_roe",8861628416.0,145.37778,0.94616187,1.806,0.54611,0.0137600005,0.48801,-8.101191,1227750016.0,0.0275,4.0
ABBV,False,44.06900770236246,"data_missing:debt_to_equity,data_missing:return_on_equity,graham_current_ratio,graham_pe,graham_pe_times_pb",465052270592.0,72.29945,-78.347725,0.809,,,0.72792,0.40035,16870250496.0,0.026000000000000002,4.0
FCN,False,44.041309149823284,graham_pe_times_pb,4259085568.0,18.674334,3.137969,2.028,0.9501999999999999,0.15634,0.31824,0.092250004,289741120.0,,4.0
MUSA,False,43.98992646453034,"graham_current_ratio,graham_debt_to_equity,graham_pe_times_pb,munger_gross_margin",10509974528.0,17.502449,13.427696,0.925,3.5293200000000002,0.86394,0.08061,0.049050003,386800000.0,0.0046,4.0
FOXA,False,43.96199274624467,"graham_pe_times_pb,munger_roe",28704069632.0,17.8125,2.4681559,3.169,0.6406000000000001,0.14291,0.36629,0.25214002,555374976.0,0.0085,4.0
RSG,False,43.923412946829885,"graham_current_ratio,graham_debt_to_equity,graham_pe,graham_pe_times_pb",67366858752.0,31.205673,5.6561084,0.644,1.18798,0.18152,0.43035,0.20429,1942625024.0,0.0121,4.0
BIO,False,43.81917029702889,"graham_earnings_stability,graham_pe,graham_pe_times_pb,munger_roe",9815985152.0,44.770123,1.3682851,3.142,0.19103,0.0311,0.52041,0.111829996,283187488.0,,1.0
LKQ,False,43.81807142857143,munger_roe,6475588096.0,14.219444,1.0060136,1.578,0.8210500000000001,0.07131,0.3834,0.07013,724124992.0,0.0464,4.0
FLO,False,43.8094879452381,"graham_size,graham_current_ratio,graham_debt_to_equity,graham_pe,munger_roe",1546490624.0,20.842857,1.1686959,0.771,1.1100700000000001,0.053629998,0.48716,0.0828,239973744.0,0.067,4.0
GOLF,False,43.79509065778904,"graham_debt_to_equity,graham_pe,graham_pe_times_pb",5179359232.0,24.097826,5.6006064,2.55,1.17199,0.25239,0.47506002,0.15975,45248500.0,0.011399999999999999,4.0
ECL,False,43.78219734425464,"graham_debt_to_equity,graham_pe,graham_pe_times_pb",79459147776.0,38.04698,7.9021473,1.841,1.38023,0.21956,0.44210997,0.18521999,1474824960.0,0.0102,4.0
RNG,False,43.76971428571429,"data_missing:debt_to_equity,data_missing:return_on_equity,graham_current_ratio,graham_earnings_stability,graham_pe,graham_pe_times_pb",5523514880.0,52.915997,-9.077123,1.106,,,0.71861,0.08796,639506496.0,0.0042,1.0
CWEN,False,43.76724608137973,"graham_current_ratio,graham_debt_to_equity,graham_pe,graham_pe_times_pb,munger_roe",8119256576.0,38.279068,2.1550143,1.207,1.76898,-0.03167,0.64422,0.25156,421750016.0,0.055099999999999996,4.0
PTON,False,43.719380952380945,"data_missing:debt_to_equity,data_missing:return_on_equity,graham_earnings_stability,graham_pe,graham_pe_times_pb",2370917120.0,38.587856,-16.988365,2.837,,,0.52604,0.14431,353875008.0,,1.0
PLNT,False,43.64796081074099,"data_missing:debt_to_equity,data_missing:return_on_equity,graham_pe_times_pb",4017733376.0,18.017006,-8.692157,1.584,,,0.58525,0.33653998,156152992.0,,4.0
ARES,False,43.60832192841196,"graham_current_ratio,graham_debt_to_equity,graham_pe,graham_pe_times_pb,munger_roe",46435807232.0,64.57798,12.762216,0.544,1.7237799999999999,0.14941,0.37407002,0.19381,2159716096.0,0.0377,4.0
CRH,False,43.60429136290519,graham_pe_times_pb,61947961344.0,16.451414,2.5797915,1.579,0.7759199999999999,0.15812,0.3625,0.19022,2019124992.0,0.0165,4.0
CNM,False,43.56393749883218,"graham_debt_to_equity,graham_pe_times_pb,munger_gross_margin",8649304064.0,18.936441,4.11548,2.312,1.15941,0.23888001,0.2706,0.09267,437875008.0,,4.0
UFPT,False,43.44957378051066,"graham_pe,graham_pe_times_pb,munger_gross_margin",2391280384.0,33.556522,5.4423976,3.0,0.29483,0.17052001,0.28496,0.1619,34872376.0,,4.0
VAC,False,43.44627566609681,"data_missing:trailing_pe,graham_debt_to_equity,graham_earnings_stability,munger_roe",3863454208.0,,1.9361038,4.549,2.68546,-0.1471,0.53148,0.18478,275249984.0,0.0276,0.0
KBR,False,43.433481646074,"graham_current_ratio,graham_debt_to_equity,graham_earnings_stability,graham_pe_times_pb,munger_gross_margin",4788052992.0,11.439759,2.9267163,1.148,1.7040199999999999,0.27531,0.14476,0.07611,281500000.0,0.0174,2.0
ACMR,False,43.43131709523809,"graham_pe,graham_pe_times_pb,munger_roe,munger_fcf",5375525376.0,36.405663,2.8895545,3.656,0.14523999999999998,0.11627,0.43835,0.16982001,-186610256.0,,4.0
VRSN,False,43.39435465685813,"data_missing:debt_to_equity,data_missing:return_on_equity,graham_current_ratio,graham_pe,graham_pe_times_pb",24803500032.0,29.82337,-11.00361,0.591,,,0.88465,0.68178004,832837504.0,0.011899999999999999,4.0
FIVE,False,43.339540088740975,"graham_pe,graham_pe_times_pb",13272543232.0,30.230478,5.7397356,2.098,0.86432,0.21127,0.36805,0.11998,427309888.0,,4.0
IRT,False,43.3214089967725,"graham_current_ratio,graham_earnings_stability,graham_pe,graham_pe_times_pb,munger_roe",4018033152.0,92.36111,1.1646235,0.588,0.7015600000000001,0.0125899995,0.60678,0.14755,186066880.0,0.0415,2.0
VCEL,False,43.27311948452095,"graham_earnings_stability,graham_pe,graham_pe_times_pb,munger_roe",2156054528.0,87.71875,5.822846,5.039,0.25168,0.07157,0.7456,0.0056,55544876.0,,2.0
Q,False,43.25386310709114,"graham_pe,graham_pe_times_pb,munger_roe",26674089984.0,45.535713,3.676895,2.008,0.59992,0.06722,0.46219003,0.22323,772249984.0,0.0025,4.0
VMRK,False,43.22218657142858,"data_missing:market_cap,data_missing:trailing_pe,data_missing:price_to_book,data_missing:consecutive_positive_earnings_years,graham_current_ratio,munger_roe",,,,0.338,0.75129,0.08487,0.62721,0.30628002,1409144064.0,,
FDX,False,43.22135444543295,"graham_current_ratio,graham_debt_to_equity,graham_pe_times_pb,munger_roe,munger_gross_margin",77652754432.0,17.687603,2.4882264,1.475,1.35697,0.14846,0.27318,0.11129,5656625152.0,0.0149,4.0
PM,False,43.21974441753998,"data_missing:debt_to_equity,data_missing:return_on_equity,graham_current_ratio,graham_pe,graham_pe_times_pb",295458537472.0,26.074966,-34.422554,0.98,,,0.67481005,0.40002,9714374656.0,0.031,4.0
WWD,False,43.10261626611208,"graham_pe,graham_pe_times_pb,munger_gross_margin",20793575424.0,39.12889,8.309973,1.645,0.5594100000000001,0.22339001,0.29626,0.17764,187228624.0,0.0036,4.0
MOG-A,False,43.08649867680706,"graham_pe,graham_pe_times_pb,munger_gross_margin",12597048320.0,33.85064,5.666448,2.087,0.51557,0.18106002,0.28204,0.14516,333472640.0,0.0029,4.0
SLG,False,42.99490452380953,"data_missing:trailing_pe,graham_debt_to_equity,graham_earnings_stability,munger_roe",4414942208.0,,1.2757466,2.466,1.4255600000000002,-0.03573,0.44757998,0.18843001,581023296.0,0.0438,0.0
GD,False,42.96638057451789,"graham_current_ratio,graham_pe,graham_pe_times_pb,munger_gross_margin",106377674752.0,23.97439,3.9595165,1.441,0.35335,0.17803,0.15375,0.1038,4400124928.0,0.016200000000000003,4.0
MBGL,False,42.92645,"data_missing:return_on_equity,data_missing:free_cash_flow,graham_earnings_stability,graham_pe",6491200000.0,48.29762,0.60808176,1.879,0.20417000000000002,,0.70948,0.25641,,0.0116,3.0
ENOV,False,42.91032142857143,"data_missing:trailing_pe,graham_size,graham_earnings_stability,munger_roe",1531419264.0,,1.0367011,1.985,0.9255500000000001,-0.54142,0.61316,0.04185,185567744.0,,0.0
CCI,False,42.8633817147973,"data_missing:debt_to_equity,data_missing:return_on_equity,graham_current_ratio,graham_earnings_stability,graham_pe,graham_pe_times_pb",32945430528.0,30.771427,-9.821522,0.522,,,0.73732,0.46825,1036249984.0,0.056900000000000006,1.0
CBT,False,42.81701089863494,"graham_current_ratio,graham_pe,graham_pe_times_pb,munger_roe,munger_gross_margin",4366692352.0,23.427979,2.720678,1.467,0.74394,0.13345,0.24215999,0.14257,258250000.0,0.0217,4.0
FICO,False,42.791075559701106,"data_missing:debt_to_equity,data_missing:return_on_equity,graham_current_ratio,graham_pe,graham_pe_times_pb",24849377280.0,33.349567,-6.064868,1.183,,,0.851,0.53787,774413504.0,,4.0
PRSU,False,42.785535714285714,"graham_size,graham_pe,graham_pe_times_pb,munger_roe,munger_fcf",1323740672.0,32.584457,2.451703,1.606,0.39954999999999996,0.08914,0.92541003,0.16551,-54856000.0,,4.0
HAL,False,42.7721160704751,"graham_pe_times_pb,munger_roe,munger_gross_margin",29821900800.0,18.740837,2.711537,2.018,0.7418600000000001,0.14917,0.15076,0.12793,2052249984.0,0.0194,4.0
R,False,42.75632142857143,"graham_current_ratio,graham_debt_to_equity,graham_pe,graham_pe_times_pb,munger_gross_margin",9572145152.0,20.294308,3.3248086,0.646,2.9360899999999996,0.16697,0.1983,0.08455,949249984.0,0.0161,4.0
JCI,False,42.73736256848528,"graham_current_ratio,graham_pe,graham_pe_times_pb,munger_roe",87935549440.0,42.20061,6.522447,1.0,0.70107,0.14332,0.36651,0.15875,2984124928.0,0.011000000000000001,4.0
PSX,False,42.730707549223084,"graham_current_ratio,graham_pe_times_pb,munger_gross_margin",98365390848.0,14.003424,3.1072216,1.32,0.62884,0.23452999,0.13098,0.08529,4545375232.0,0.021,4.0
PRLB,False,42.68003624536088,"graham_size,graham_earnings_stability,graham_pe,graham_pe_times_pb,munger_roe",1925473408.0,63.88095,2.7835798,3.637,0.0032400000000000003,0.04494,0.45421,0.088520005,41775752.0,,3.0
AMN,False,42.642,"graham_size,graham_current_ratio,graham_debt_to_equity,graham_earnings_stability,munger_gross_margin",1369105152.0,13.141263,1.8462422,1.128,1.04658,0.15556,0.27786,0.03997,445770624.0,,0.0
TR,False,42.6216559167442,"graham_pe,graham_pe_times_pb,munger_roe",3122273536.0,32.708664,3.2698362,2.893,0.013959999999999998,0.1034,0.34493,0.08946,59253124.0,0.0087,4.0
MKSI,False,42.6140771995502,"graham_current_ratio,graham_debt_to_equity,graham_earnings_stability,graham_pe,graham_pe_times_pb",19204739072.0,45.226112,6.799942,1.144,1.4009399999999999,0.15845999,0.46952,0.20593001,480375008.0,0.0036,2.0
AWK,False,42.571250000000006,"graham_current_ratio,graham_debt_to_equity,graham_pe,graham_pe_times_pb,munger_roe,munger_fcf",27316293632.0,23.822357,2.3417323,0.523,1.37745,0.10095,0.61469,0.40664002,-1785374976.0,0.0258,4.0
LNN,False,42.50947547772323,"graham_size,graham_pe,graham_pe_times_pb,munger_roe,munger_gross_margin",1169726848.0,22.078695,2.3437245,2.935,0.27616,0.10741,0.29463,0.115159996,41360124.0,0.013300000000000001,4.0
ATR,False,42.48558007341965,"graham_pe,graham_pe_times_pb,munger_roe",8384761344.0,23.804152,3.1911676,1.614,0.5278,0.13459,0.3607,0.12494001,265978880.0,0.0144,4.0
ROG,False,42.48069914210271,"graham_earnings_stability,graham_pe,graham_pe_times_pb,munger_roe",2272137728.0,75.2426,1.889394,3.988,0.02366,0.02596,0.32439,0.09548,99825000.0,,0.0
DIS,False,42.46675819930092,"graham_current_ratio,graham_pe,graham_pe_times_pb,munger_roe",185049022464.0,22.096907,1.6850098,0.709,0.39404000000000006,0.0801,0.37595,0.19301,4860375040.0,0.013999999999999999,4.0
MSEX,False,42.35804010119048,"graham_size,graham_current_ratio,graham_pe,graham_pe_times_pb,munger_roe,munger_fcf",1103124608.0,22.602318,2.1168728,0.497,0.83981,0.097679995,0.53659,0.344,-28346000.0,0.0245,4.0
MCD,False,42.342746693093545,"data_missing:debt_to_equity,data_missing:return_on_equity,graham_current_ratio,graham_pe,graham_pe_times_pb",190567858176.0,21.894308,-186.23788,1.081,,,0.57382,0.46485,6262374912.0,0.0278,4.0
CIEN,False,42.33215928199344,"graham_pe,graham_pe_times_pb",57072017408.0,134.395,19.738813,2.727,0.54649,0.15464,0.43047002,0.15195,700927872.0,,4.0
CMI,False,42.29386326244137,"graham_pe,graham_pe_times_pb,munger_gross_margin",83094962176.0,30.811893,6.468051,1.727,0.59586,0.21114,0.25772,0.11896,2229374976.0,0.014499999999999999,4.0
MSCI,False,42.28959326205795,"data_missing:debt_to_equity,data_missing:return_on_equity,graham_current_ratio,graham_pe,graham_pe_times_pb",40972996608.0,30.78045,-15.234633,0.894,,,0.82975,0.56298,1194705920.0,0.014499999999999999,4.0
NEE,False,42.26803571428571,"graham_current_ratio,graham_debt_to_equity,graham_pe_times_pb,munger_roe,munger_fcf",177621057536.0,19.134832,3.109026,0.534,1.61676,0.11677,0.61024,0.31524,-17766875136.0,0.028999999999999998,4.0
UNH,False,42.24279803916231,"graham_current_ratio,graham_pe,graham_pe_times_pb,munger_roe,munger_gross_margin",349173383168.0,25.03282,3.5760841,0.777,0.69211,0.14152999,0.19723,0.071329996,24272250880.0,0.0239,4.0
ARW,False,42.2325746836015,"graham_current_ratio,munger_roe,munger_gross_margin",10556767232.0,13.259591,1.5090524,1.217,0.30663,0.12036,0.11271,0.0395,732857856.0,,4.0
STAA,False,42.22034945123286,"graham_size,graham_earnings_stability,graham_pe,graham_pe_times_pb,munger_roe",1195432576.0,298.0,3.3681831,4.665,0.09836,0.0109399995,0.76622003,0.10885999,15348500.0,,0.0
COIN,False,42.22014065805837,"data_missing:trailing_pe,graham_earnings_stability,munger_roe",44870750208.0,,3.4298682,2.423,0.5098199999999999,-0.07847,0.8581,-0.13922,2668452864.0,,3.0
ASH,False,42.19761904761905,"graham_earnings_stability,graham_pe,graham_pe_times_pb,munger_roe",3321622016.0,46.4968,1.7762516,3.047,0.7893000000000001,0.0399,0.33388,0.11469,269124992.0,0.0232,0.0
JBTM,False,42.190151876049605,"graham_current_ratio,graham_earnings_stability,graham_pe,graham_pe_times_pb,munger_roe",5986584576.0,31.18919,1.3335028,1.239,0.37545,0.0437,0.35551,0.08053,341062496.0,0.0034999999999999996,0.0
BFAM,False,42.11348989200501,"graham_current_ratio,graham_debt_to_equity,graham_pe,graham_pe_times_pb,munger_roe,munger_gross_margin",3538218240.0,23.095238,3.796973,0.479,2.17779,0.14942999,0.25485,0.127,240151376.0,,4.0
CERT,False,42.11005162041523,"data_missing:trailing_pe,graham_size,graham_earnings_stability,munger_roe",1326324736.0,,1.3718839,2.551,0.31241,-0.022090001,0.61608005,-0.0021,62582376.0,,0.0
ES,False,42.05754903495109,"graham_current_ratio,graham_debt_to_equity,graham_earnings_stability,graham_pe_times_pb,munger_roe",27214751744.0,18.766233,1.6651686,0.8,1.807,0.09016,0.52752,0.23923,811961344.0,0.0438,2.0
AZZ,False,42.046531950737545,"graham_earnings_stability,graham_pe,graham_pe_times_pb,munger_gross_margin",4243271680.0,21.959564,3.080145,1.923,0.39448,0.15314999,0.23807,0.17175,104912376.0,0.0067,3.0
CRM,False,42.023857142857146,"data_missing:market_cap,graham_current_ratio,graham_debt_to_equity,graham_pe,graham_pe_times_pb",,22.669792,4.918902,0.786,1.24282,0.16908,0.77643996,0.218,16552999936.0,0.0085,4.0
SUPN,False,42.01870318941434,"data_missing:trailing_pe,graham_earnings_stability,munger_roe",2782175488.0,,2.6976876,2.083,0.03895,-0.104899995,0.72890997,-0.02485,84611000.0,,0.0
ALG,False,41.98514579205746,"graham_size,graham_pe_times_pb,munger_roe,munger_gross_margin",1984962688.0,19.531734,1.6423141,4.391,0.23471,0.08771,0.24215001,0.10153,91344752.0,0.008100000000000001,4.0
MMI,False,41.98372066135637,"graham_size,graham_earnings_stability,graham_pe,graham_pe_times_pb,munger_roe",1215659136.0,86.75675,2.1327486,2.915,0.12808999999999998,0.0242,0.37724,0.01091,68309504.0,0.015300000000000001,0.0
DIOD,False,41.947538836655944,"graham_pe,graham_pe_times_pb,munger_roe",4283269120.0,50.00538,2.1852314,3.167,0.04401,0.04684,0.31734,0.07458,176820256.0,,4.0
PRU,False,41.90363078095238,"graham_current_ratio,graham_debt_to_equity,graham_earnings_stability,munger_roe,munger_gross_margin",42155552768.0,11.088021,1.3272722,0.777,1.6389099999999999,0.12011,0.29015,0.075219996,7527750144.0,0.0458,3.0
REYN,False,41.87469395777581,"graham_pe_times_pb,munger_gross_margin",5375170048.0,15.644172,2.327067,1.795,0.7134199999999999,0.15433,0.25145,0.14619,244124992.0,0.0353,4.0
AVNT,False,41.79474764328288,"graham_pe,graham_pe_times_pb,munger_roe",4002641152.0,23.589188,1.6425157,1.9,0.76563,0.071100004,0.32994,0.1277,263787504.0,0.024900000000000002,4.0
ST,False,41.777883333333335,"graham_earnings_stability,graham_pe,graham_pe_times_pb,munger_roe,munger_gross_margin",6193278464.0,68.6371,2.0932121,2.291,0.8259799999999999,0.03079,0.29497,0.16394,504049504.0,0.011200000000000002,2.0
ACLS,False,41.749028323021534,"graham_pe,graham_pe_times_pb,munger_roe",3906353920.0,42.447987,3.6650345,4.896,0.0655,0.088870004,0.43011,0.09425,42032248.0,,4.0
PHIN,False,41.649135457142854,"graham_pe,graham_pe_times_pb,munger_roe,munger_gross_margin",2609364736.0,20.406878,1.6932952,1.806,0.68916,0.08523,0.21798,0.077659994,269249984.0,0.016399999999999998,4.0
WINA,False,41.6425884866705,"data_missing:debt_to_equity,data_missing:return_on_equity,graham_size,graham_pe,graham_pe_times_pb",1240268160.0,31.331213,-32.92048,3.75,,,0.96664,0.62101,32954364.0,0.0115,4.0
KMI,False,41.58537742517047,"graham_current_ratio,graham_pe,graham_pe_times_pb,munger_roe",71079526400.0,20.59355,2.2451994,0.458,0.98619,0.109910004,0.49407002,0.30065,1075000064.0,0.0368,4.0
AJG,False,41.576280655433365,"graham_current_ratio,graham_pe,graham_pe_times_pb,munger_roe",66415386624.0,43.038204,2.7998831,1.053,0.59401,0.06722,0.43186,0.1916,2082300032.0,0.0109,4.0
RBA,False,41.56979392268958,"graham_current_ratio,graham_pe,graham_pe_times_pb,munger_roe",16203147264.0,37.71121,2.900862,1.312,0.77606,0.08066,0.45761,0.17721,603587520.0,0.015300000000000001,4.0
TMO,False,41.54620188643711,"graham_pe,graham_pe_times_pb,munger_roe",229398609920.0,33.373856,4.3546495,1.551,0.8057500000000001,0.13515,0.40987998,0.18751,6237250048.0,0.0031,4.0
NNN,False,41.53925,"graham_current_ratio,graham_debt_to_equity,graham_pe,graham_pe_times_pb,munger_roe,munger_fcf",8779001856.0,22.731527,1.9854999,0.179,1.1211799999999998,0.08719,0.96094,0.61697,-1371816320.0,0.0536,4.0
BWA,False,41.52545220952381,"graham_pe,graham_pe_times_pb,munger_roe,munger_gross_margin",13237295104.0,32.017242,2.3549767,2.127,0.7011,0.08056,0.19325,0.106359996,1066249984.0,0.0103,4.0
GNRC,False,41.521078384540964,"graham_pe,graham_pe_times_pb,munger_roe",12272142336.0,47.921658,4.264594,2.045,0.49003,0.09491,0.39539,0.17932,289056512.0,,4.0
WSC,False,41.508352930236406,"data_missing:trailing_pe,graham_current_ratio,graham_debt_to_equity,graham_earnings_stability,munger_roe",4027875072.0,,4.6216216,0.811,4.16655,-0.07083,0.52324003,0.20124,248800992.0,0.0124,0.0
CVNA,False,41.419292224844696,"graham_debt_to_equity,graham_earnings_stability,graham_pe,graham_pe_times_pb,munger_gross_margin",104909094912.0,34.390244,12.58479,3.926,1.1088,0.58773,0.19371,0.09219,424375008.0,,3.0
NOVT,False,41.35471381301934,"graham_pe,graham_pe_times_pb,munger_roe",5483198464.0,92.35032,3.3919759,4.569,0.17668,0.051090002,0.44544998,0.11497,118383248.0,,4.0
CRSR,False,41.343653454403636,"graham_size,graham_earnings_stability,graham_pe,graham_pe_times_pb,munger_roe",1218613504.0,36.33871,1.8328996,1.752,0.27172999999999997,0.05845,0.30526,-0.02543,77311376.0,,0.0
LAZ,False,41.31832142857142,"data_missing:free_cash_flow,graham_debt_to_equity,graham_earnings_stability,graham_pe,graham_pe_times_pb",4312187904.0,21.798029,4.905221,5.305,2.25799,0.25665,0.89509004,0.04829,,0.044199999999999996,2.0
FLS,False,41.28913347389221,"graham_pe,graham_pe_times_pb",9871579136.0,27.059237,4.373733,2.153,0.9960800000000001,0.16936001,0.35146,0.13919,428336256.0,0.0113,4.0
JBHT,False,41.21116448953719,"graham_current_ratio,graham_pe,graham_pe_times_pb,munger_gross_margin",25708273664.0,38.9943,7.0296082,1.255,0.38372999999999996,0.18448,0.18505,0.07423,903028352.0,0.0066,4.0
CI,False,41.178190309523806,"graham_current_ratio,munger_gross_margin",72943583232.0,11.411739,1.7079871,0.846,0.7429000000000001,0.16758,0.091359995,0.03985,7980125184.0,0.0225,4.0
REX,False,41.15496849727476,"graham_size,graham_pe_times_pb,munger_gross_margin",1466551936.0,15.901787,2.330664,6.76,0.027000000000000003,0.15793,0.16525,0.117910005,24365876.0,,4.0
AFG,False,41.061705650588046,"graham_pe_times_pb,munger_gross_margin",11937374208.0,12.594926,2.4759645,2.085,0.42232,0.20413,0.20156,0.17241,142250000.0,0.0246,4.0
APTV,False,40.977371,"graham_pe,munger_roe,munger_gross_margin",9812750336.0,21.384615,1.1250237,2.018,0.6493800000000001,0.05158,0.19251,0.12675999,1615874944.0,,4.0
PAYO,False,40.96189982857143,"graham_current_ratio,graham_earnings_stability,graham_pe,graham_pe_times_pb,munger_roe,munger_fcf",2410923776.0,50.821426,3.6884394,1.003,0.13183999999999998,0.07058,0.85370004,0.061739996,-69092496.0,,3.0
NOV,False,40.87429047619048,"graham_pe,graham_pe_times_pb,munger_roe,munger_gross_margin",7393355776.0,76.81481,1.1942878,2.422,0.37151,0.01545,0.21646,0.0717,673374976.0,0.0174,4.0
TAP,False,40.7747380952381,"data_missing:trailing_pe,graham_current_ratio,graham_earnings_stability,munger_roe",7741567488.0,,0.766844,0.879,0.7603,-0.19466,0.37013,0.11297,935137472.0,0.0452,0.0
LFUS,False,40.76201232480163,"data_missing:trailing_pe,graham_earnings_stability,munger_roe",10536416256.0,,4.0237055,2.761,0.27093,-0.0030899998,0.39343,0.18799,364767136.0,0.0077,0.0
EZPW,False,40.760850000000005,"graham_size,munger_roe,munger_fcf",1737925888.0,14.213568,1.4930061,4.811,0.69526,0.14745,0.58554,0.13097,-11004125.0,,4.0
GATX,False,40.751106767857145,"data_missing:consecutive_positive_earnings_years,graham_debt_to_equity,graham_pe_times_pb,munger_roe,munger_fcf",6183684096.0,17.35878,2.2208288,3.302,3.47592,0.117989995,0.73627,0.27771,-4936737280.0,0.015,
IART,False,40.65187561242964,"data_missing:trailing_pe,graham_size,graham_debt_to_equity,graham_earnings_stability,munger_roe",1343131136.0,,1.287365,3.601,1.96489,-0.00696,0.56872004,0.09621,94402000.0,,0.0
VMC,False,40.607001048059225,"graham_pe,graham_pe_times_pb,munger_roe,munger_gross_margin",35244118016.0,31.553364,4.1667686,1.757,0.5821999999999999,0.13234,0.27506,0.21611,843600000.0,0.0075,4.0
FUL,False,40.5521371319983,"graham_debt_to_equity,munger_roe",3224017408.0,17.78635,1.5481172,1.796,1.06252,0.09388,0.32394,0.13299,219408128.0,0.0161,4.0
PANW,False,40.521895522588494,"graham_current_ratio,graham_earnings_stability,graham_pe,graham_pe_times_pb,munger_roe",293069914112.0,312.6913,10.566379,0.856,0.07698,0.048309997,0.71963996,-0.02465,3579375104.0,,3.0
MAR,False,40.51453950519371,"data_missing:debt_to_equity,data_missing:return_on_equity,graham_current_ratio,graham_pe,graham_pe_times_pb",93406486528.0,37.119175,-20.72437,0.535,,,0.79241997,0.65276,2060375040.0,0.008100000000000001,4.0
DBD,False,40.5111436952381,"graham_current_ratio,graham_debt_to_equity,graham_earnings_stability,graham_pe,graham_pe_times_pb,munger_roe,munger_gross_margin",2296486656.0,22.777779,2.3735178,1.267,1.13548,0.10944,0.26274002,0.082720004,312012512.0,,1.0
AGCO,False,40.43467734263919,"graham_current_ratio,graham_earnings_stability,munger_roe,munger_gross_margin",7218170368.0,14.255878,1.7681671,1.321,0.66053,0.118269995,0.25267,0.057290003,450262496.0,0.0121,1.0
COR,False,40.426126027283146,"graham_current_ratio,graham_debt_to_equity,graham_pe,graham_pe_times_pb,munger_gross_margin",60101967872.0,23.364614,19.699461,0.935,4.46516,0.96871,0.03961,0.014149999,2043314048.0,0.0076,4.0
FRPT,False,40.41737559068475,"graham_earnings_stability,graham_pe_times_pb",3579365376.0,19.295338,2.9260628,6.046,0.39885,0.17622,0.41367,0.07113,19274124.0,,2.0
TDG,False,40.412375206917,"data_missing:debt_to_equity,data_missing:return_on_equity,graham_pe,graham_pe_times_pb",66594947072.0,36.485767,-7.1723003,3.019,,,0.59824,0.46005002,1457374976.0,,4.0
COTY,False,40.3285,"data_missing:trailing_pe,graham_current_ratio,graham_earnings_stability,munger_roe",2412477952.0,,0.77996016,0.821,0.9781,-0.13938,0.63197,-0.00624,402875008.0,,0.0
POST,False,40.22173753809524,"graham_debt_to_equity,munger_roe,munger_gross_margin",3513859840.0,14.096363,1.1072075,1.851,2.47074,0.082779996,0.2882,0.102819994,394649984.0,,4.0
AKAM,False,40.1459468968832,"graham_debt_to_equity,graham_pe,graham_pe_times_pb,munger_roe",16083325952.0,40.547104,3.384034,1.637,1.96672,0.08918,0.57452,0.076290004,710060096.0,,4.0
CHRW,False,40.06963653690933,"graham_debt_to_equity,graham_pe,graham_pe_times_pb,munger_gross_margin",16865141760.0,27.491428,10.384948,1.582,1.21188,0.37123,0.08447,0.05337,480618368.0,0.0174,4.0
NOC,False,40.05305014287567,"graham_current_ratio,graham_pe_times_pb,munger_gross_margin",82854748160.0,18.53274,4.63289,1.168,0.95348,0.26958,0.2006,0.11604,2478000128.0,0.0161,4.0
FOUR,False,40.045832366666666,"graham_current_ratio,graham_debt_to_equity,graham_pe,graham_pe_times_pb,munger_roe",3801140224.0,75.21875,6.201211,1.211,2.6232100000000003,0.064899996,0.35904998,0.0749,353524992.0,,4.0
WAB,False,40.04433354174422,"graham_current_ratio,graham_pe,graham_pe_times_pb,munger_roe",50086289408.0,39.962936,4.4713945,1.121,0.61686,0.11553001,0.35735,0.19188,1101374976.0,0.0042,4.0
HIMS,False,40.0,"data_missing:trailing_pe,graham_current_ratio,graham_debt_to_equity,graham_earnings_stability,munger_roe",7582685696.0,,23.398127,0.934,4.77128,-0.32033002,0.69528997,-0.12751001,849437248.0,,2.0
AMH,False,39.97713233333333,"data_missing:market_cap,graham_pe,graham_pe_times_pb,munger_roe",,27.23016,1.8135208,1.672,0.68848,0.07084,0.56646997,0.25921,822327360.0,0.0385,4.0
WTRG,False,39.95616666666667,"graham_current_ratio,graham_debt_to_equity,graham_pe,graham_pe_times_pb,munger_roe,munger_fcf",11560880128.0,20.902563,1.6480672,0.777,1.21656,0.08078,0.56693,0.35409,-653414272.0,0.0351,4.0
NSIT,False,39.84981060714286,"graham_current_ratio,graham_debt_to_equity,graham_pe,graham_pe_times_pb,munger_roe,munger_gross_margin",4383250944.0,22.093195,2.7464142,1.183,1.08517,0.13112001,0.22103001,0.06179,438449760.0,,4.0
DGX,False,39.84573707130865,"graham_pe,graham_pe_times_pb,munger_roe",26891364352.0,25.83669,3.5657938,1.591,0.81074,0.14602,0.33192003,0.15248,909625024.0,0.014199999999999999,4.0
MTX,False,39.82275747619048,"data_missing:trailing_pe,graham_current_ratio,graham_earnings_stability,munger_roe,munger_gross_margin",2184928000.0,,1.4142941,1.429,0.61194,-0.03835,0.24516001,0.13603,392837504.0,0.0067,0.0
HWKN,False,39.813848593085304,"graham_pe,graham_pe_times_pb,munger_gross_margin",2557827840.0,31.743525,5.794203,2.27,0.42302999999999996,0.15614,0.22304001,0.09476,81369504.0,0.006500000000000001,4.0
FDXF,False,39.75933333333334,"data_missing:debt_to_equity,graham_pe,graham_pe_times_pb,munger_gross_margin,munger_fcf",20164014080.0,30.789953,-40.5716,1.517,,0.69093,0.29278,-0.057719998,-511124992.0,,4.0
INDV,False,39.746574827705366,"data_missing:debt_to_equity,data_missing:return_on_equity,graham_current_ratio,graham_earnings_stability,graham_pe_times_pb",4555916800.0,13.836918,-21.897333,0.835,,,0.85725,0.46939,86500000.0,,2.0
BA,False,39.70680855864508,"graham_current_ratio,graham_debt_to_equity,graham_earnings_stability,graham_pe,graham_pe_times_pb,munger_gross_margin",172873695232.0,78.67806,28.346941,1.138,7.90875,1.73537,0.0471,4.0000003e-05,5625375232.0,,1.0
ONTO,False,39.69621086751236,"graham_pe,graham_pe_times_pb,munger_roe",18667708416.0,114.385765,7.12526,9.726,0.76547,0.06825,0.55492,0.2297,202947248.0,,4.0
HLT,False,39.64788423451173,"data_missing:debt_to_equity,data_missing:return_on_equity,graham_current_ratio,graham_pe,graham_pe_times_pb",74973626368.0,48.98823,-11.928242,0.649,,,0.79036003,0.62987,1393874944.0,0.0018,4.0
GAP,False,39.63857142857143,"data_missing:market_cap,graham_debt_to_equity,graham_earnings_stability",,7.827381,1.9481481,1.806,1.5436400000000001,0.2758,0.405,0.12725,928499968.0,0.0348,3.0
EXP,False,39.58514982942043,"graham_debt_to_equity,graham_pe_times_pb,munger_gross_margin",6194881536.0,15.914105,4.183758,3.231,1.20746,0.2703,0.2702,0.21666999,25278250.0,0.0048,4.0
VTRS,False,39.48441623809524,"data_missing:trailing_pe,graham_earnings_stability,munger_roe",18515286016.0,,1.2805847,1.585,0.9553499999999999,-0.02754,0.40307,0.12550999,2677337600.0,0.0296,0.0
GIS,False,39.47033376190476,"data_missing:trailing_pe,graham_current_ratio,graham_debt_to_equity,graham_earnings_stability,munger_roe",21021095936.0,,3.7974696,0.682,2.17629,-0.01028,0.33733,0.19194001,2308499968.0,0.061,0.0
MTH,False,39.45661477205519,"munger_roe,munger_gross_margin",4671027200.0,14.931249,0.9234991,14.355,0.37707,0.063769996,0.18275999,0.08185001,293902112.0,0.0259,4.0
MTD,False,39.442891557332146,"data_missing:return_on_equity,data_invalid_outlier:debt_to_equity,graham_current_ratio,graham_debt_to_equity,graham_pe,graham_pe_times_pb",28559411200.0,32.160763,2227.1328,1.122,166.68447,,0.60256,0.312,693589632.0,,4.0
CXM,False,39.40745,"data_missing:market_cap,graham_current_ratio,graham_earnings_stability,graham_pe,graham_pe_times_pb,munger_roe",,59.666668,3.4291186,1.434,0.08972,0.05079,0.66342,0.04536,130164128.0,,3.0
GNW,False,39.36166919761905,"munger_roe,munger_gross_margin",3738836224.0,19.401962,0.42754066,10.675,0.23338,0.033970002,0.06625,0.07248,673625024.0,,4.0
FN,False,39.351614285714284,"graham_pe,graham_pe_times_pb,munger_gross_margin,munger_fcf",16094332928.0,34.415707,6.5577183,2.253,0.00164,0.21326,0.11991,0.10231,-57873500.0,,4.0
MSM,False,39.34895238095238,"data_missing:market_cap,graham_pe,graham_pe_times_pb",,28.777779,4.687414,1.548,0.39130000000000004,0.16322,0.40823,0.10195,195171120.0,0.028900000000000002,4.0
MDLZ,False,39.30435762749968,"graham_current_ratio,graham_pe,graham_pe_times_pb,munger_roe",81670955008.0,39.018295,3.0759988,0.599,0.82643,0.13340001,0.31146,0.21978001,2252375040.0,0.032400000000000005,4.0
EPC,False,39.281270761904764,"data_missing:trailing_pe,graham_size,munger_roe",1290489600.0,,0.8909253,1.842,0.87622,-0.012949999,0.40952998,0.08805,241862496.0,0.0209,4.0
SKYW,False,39.23719074592833,graham_current_ratio,3890209792.0,10.008991,1.4580089,0.569,0.8633299999999999,0.15341,0.30895,0.14130999,145134624.0,,4.0
NXRT,False,39.22425369586682,"data_missing:trailing_pe,graham_size,graham_debt_to_equity,graham_earnings_stability,munger_roe",1238491136.0,,2.4739716,2.87,6.29179,-0.11093,0.60032004,0.11203,71450872.0,0.08810000000000001,0.0
BOOT,False,39.207235893643585,"graham_pe,graham_pe_times_pb",4946120704.0,20.673418,3.7466452,2.53,0.59323,0.19174999,0.37824002,0.12776,12682000.0,,4.0
AZTA,False,39.18846673638128,"data_missing:trailing_pe,graham_size,graham_earnings_stability,munger_roe",1577540096.0,,1.0435866,2.5,0.03574,-0.07041,0.44048,-0.022739999,63366000.0,,0.0
HCC,False,39.13005714285715,"graham_pe,graham_pe_times_pb,munger_roe,munger_fcf",5514650112.0,25.10577,2.4078941,3.927,0.10297,0.10037,0.30597,0.18545,-53619500.0,0.003,4.0
JJSF,False,39.1242495791069,"graham_size,graham_pe,graham_pe_times_pb,munger_roe",1665745536.0,34.560078,1.8999574,2.343,0.21512,0.05292,0.3027,0.10827,57647500.0,0.0353,4.0
BBWI,False,39.10628571428572,"data_missing:debt_to_equity,data_missing:return_on_equity,graham_current_ratio,graham_pe_times_pb",3918361600.0,5.5227275,-3.448643,1.379,,,0.4323,0.10958,729000000.0,0.0407,4.0
OPCH,False,39.080268933135784,"graham_current_ratio,graham_debt_to_equity,graham_pe_times_pb,munger_gross_margin",3517706752.0,17.791666,2.791845,1.465,1.00649,0.15999,0.19058001,0.05903,256067872.0,,4.0
THRM,False,39.0492158948208,"graham_size,graham_pe,graham_pe_times_pb,munger_roe,munger_gross_margin",1244789120.0,47.139534,1.7214438,2.064,0.44955,0.03735,0.24033001,0.07101,84331624.0,,4.0
WBD,False,38.995007809523806,"data_missing:trailing_pe,graham_current_ratio,graham_earnings_stability,munger_roe",71478468608.0,,2.1774993,0.777,0.94199,-0.08786,0.47811002,0.05105,16167374848.0,,1.0
PAHC,False,38.99435607142857,"graham_size,graham_debt_to_equity,graham_pe_times_pb,munger_fcf",1416114176.0,14.982833,3.913677,3.172,2.17971,0.30337998,0.32574,0.12560001,-17678250.0,0.013500000000000002,4.0
TXRH,False,38.99274514966001,"graham_current_ratio,graham_pe,graham_pe_times_pb,munger_gross_margin",13194482688.0,32.1616,8.586135,0.458,0.68842,0.27714002,0.16252,0.08509,235890752.0,0.0148,4.0
WYNN,False,38.93855441381702,"data_missing:debt_to_equity,data_missing:return_on_equity,graham_current_ratio,graham_earnings_stability,graham_pe,graham_pe_times_pb",10045103104.0,23.393286,-58.659054,0.912,,,0.683,0.16537,476188864.0,0.01,3.0
KGS,False,38.756906803057355,"graham_current_ratio,graham_debt_to_equity,graham_pe,graham_pe_times_pb,munger_roe",6130823680.0,69.03409,2.837459,1.447,1.30257,0.04587,0.63846,0.34208,16089375.0,0.0327,4.0
LW,False,38.68406650390567,"graham_current_ratio,graham_debt_to_equity,graham_pe,graham_pe_times_pb,munger_gross_margin",7356036096.0,25.723558,4.030205,1.423,2.21223,0.16280001,0.20678,0.097729996,452924992.0,0.0282,4.0
MAC,False,38.65107159616434,"data_missing:trailing_pe,graham_current_ratio,graham_debt_to_equity,graham_earnings_stability,munger_roe",7266597888.0,,2.4748795,0.329,1.6892699999999998,-0.06179,0.54914004,0.16256,388895136.0,0.0273,0.0
ETN,False,38.6224548789747,"graham_current_ratio,graham_debt_to_equity,graham_pe,graham_pe_times_pb",163353264128.0,43.448345,8.065277,1.24,1.05059,0.19684,0.36022,0.16563,3106125056.0,0.0104,4.0
SAIA,False,38.58801989319296,"graham_pe,graham_pe_times_pb,munger_roe,munger_gross_margin",9634617344.0,34.931335,3.5241833,1.584,0.09872,0.10767,0.23584999,0.13091,135712256.0,,4.0
BBY,False,38.56542857142857,"data_missing:market_cap,graham_current_ratio,graham_debt_to_equity,graham_pe_times_pb,munger_gross_margin",,16.131481,5.95339,1.121,1.3409,0.39104,0.22518,0.0404,1143750016.0,0.043,4.0
PHM,False,38.55980995238095,"data_missing:market_cap,munger_roe,munger_gross_margin",,13.044944,1.8417143,7.272,0.19065000000000001,0.14901,0.25565,0.15685001,1078512896.0,0.008,4.0
ENPH,False,38.54541935167705,"graham_pe,graham_pe_times_pb,munger_roe",5066425856.0,37.960396,4.2866726,3.451,0.5189900000000001,0.12996,0.30037,0.17981,78322752.0,,4.0
LEA,False,38.51179047619048,"graham_current_ratio,munger_roe,munger_gross_margin",8217323008.0,11.492552,1.180132,1.314,0.66026,0.12094,0.07696,0.04153,858987520.0,0.0248,4.0
SAFE,False,38.480000000000004,"graham_size,graham_debt_to_equity,graham_earnings_stability,munger_roe,munger_fcf",1070041088.0,9.385155,0.4401812,37.645,1.76953,0.0464,0.92913,0.73670995,-317175872.0,0.0466,2.0
SJM,False,38.47705227127918,"data_missing:trailing_pe,graham_current_ratio,graham_debt_to_equity,graham_earnings_stability,munger_roe",13131361280.0,,2.363829,0.777,1.2860900000000002,-0.02386,0.34257,0.18456,1005774976.0,0.0365,0.0
ROCK,False,38.42398826666667,"graham_size,graham_current_ratio,graham_debt_to_equity,graham_earnings_stability,graham_pe,graham_pe_times_pb,munger_roe,munger_gross_margin",1368007680.0,22.831682,1.5533849,1.457,1.53722,0.06241,0.25445,0.122770004,307628128.0,,0.0
FUN,False,38.30119047619048,"data_missing:trailing_pe,graham_size,graham_current_ratio,graham_debt_to_equity,graham_earnings_stability,munger_roe",1724029952.0,,15.031221,0.42,14.552999999999999,-1.4315801,0.38197,0.12994,483434880.0,,0.0
URBN,False,38.175521754649466,"graham_current_ratio,graham_pe_times_pb",6221816832.0,13.9721155,2.3823655,1.476,0.46143,0.18732001,0.36061,0.08964,4627125.0,,4.0
NPO,False,38.17461677823199,"graham_pe,graham_pe_times_pb,munger_roe",6750902272.0,155.57317,4.251993,2.282,0.37073,0.0286,0.43226,0.17119,130837504.0,0.004,4.0
NWL,False,38.141522809523806,"data_missing:trailing_pe,data_missing:consecutive_positive_earnings_years,graham_current_ratio,graham_debt_to_equity,munger_roe",2527716352.0,,1.0300243,1.111,2.32966,-0.085939996,0.35467997,0.14744,408624992.0,0.0455,
BDC,False,38.13779536391949,"graham_pe,graham_pe_times_pb",4904508416.0,20.540916,3.5330632,2.135,0.97069,0.18643999,0.3766,0.13171,108234624.0,0.0016,4.0
PDFS,False,38.09964242857143,"graham_size,graham_earnings_stability,graham_pe,graham_pe_times_pb,munger_roe,munger_fcf",1887556608.0,178.8,6.3611784,3.447,0.19210000000000002,0.03272,0.71462,0.08229999,-13259875.0,,0.0
KNTK,False,38.026821,"graham_current_ratio,graham_debt_to_equity,graham_pe_times_pb,munger_fcf",9370289152.0,19.363638,-3.6885574,0.682,1.3657400000000002,0.19231,0.41193,0.23035999,-95451128.0,0.0587,4.0
RS,False,37.990307304365814,"graham_pe,graham_pe_times_pb,munger_roe,munger_gross_margin",19895449600.0,22.643232,2.6879435,4.297,0.26921,0.12229,0.28285,0.09538,345437504.0,0.0125,4.0
VIAV,False,37.967544155466314,"data_missing:trailing_pe,graham_earnings_stability,munger_roe",9744150528.0,,6.7343116,1.846,0.48243,-0.02728,0.6089,0.14308,158712496.0,,1.0
SLB,False,37.94171087720623,"graham_current_ratio,graham_pe,graham_pe_times_pb,munger_roe,munger_gross_margin",80292143104.0,26.390244,3.0794625,1.439,0.47002000000000005,0.12909001,0.16991,0.12706,2955124992.0,0.022000000000000002,4.0
TKR,False,37.9233837539056,"graham_pe,graham_pe_times_pb,munger_roe",8671113216.0,34.855152,2.7183263,3.095,0.65523,0.08538,0.30859,0.13649,354212512.0,0.0115,4.0
HE,False,37.894190561904765,"graham_current_ratio,graham_debt_to_equity,graham_earnings_stability,munger_roe,munger_gross_margin",2030417664.0,9.112404,1.2393253,0.986,1.5886799999999999,0.13448,0.17581,0.045450002,324624384.0,,1.0
CSW,False,37.885498034634544,"graham_pe,graham_pe_times_pb,munger_roe",5281860096.0,44.28552,4.9219584,2.7,0.8488500000000001,0.109280005,0.42529,0.22886999,72619248.0,0.0037,4.0
COST,False,37.87633909168528,"graham_current_ratio,graham_pe,graham_pe_times_pb,munger_gross_margin",415459835904.0,47.05274,25.13064,1.072,0.6025699999999999,0.29152,0.12876001,0.036730003,6954375168.0,0.0060999999999999995,4.0
PK,False,37.859523809523814,"data_missing:trailing_pe,graham_current_ratio,graham_debt_to_equity,graham_earnings_stability,munger_roe",3181145856.0,,1.0295843,0.297,1.35246,-0.04859,0.30923,0.17621,1068875008.0,0.0632,0.0
TTC,False,37.831014202380956,"data_missing:market_cap,graham_pe,graham_pe_times_pb",,28.134005,6.806456,1.556,0.83108,0.23889999,0.33567002,0.14445,670537472.0,0.016,4.0
ABG,False,37.81465493333334,"graham_current_ratio,graham_debt_to_equity,munger_roe,munger_gross_margin",3805581824.0,7.8893747,0.9699903,0.91,1.4096899999999999,0.13233,0.1711,0.051020004,360600000.0,,4.0
EYE,False,37.7766127130858,"graham_size,graham_current_ratio,graham_earnings_stability,graham_pe,graham_pe_times_pb,munger_roe",1435107968.0,29.274193,1.5996827,0.592,0.77705,0.057550002,0.58637,0.04887,48656000.0,,1.0
ALHC,False,37.73936254354818,"graham_debt_to_equity,graham_earnings_stability,graham_pe,graham_pe_times_pb,munger_gross_margin",2745404160.0,69.65789,10.339844,1.698,1.24655,0.20044,0.12549,0.031519998,188581872.0,,0.0
RAL,False,37.72348275107566,"data_missing:trailing_pe,graham_earnings_stability,munger_roe",7256877568.0,,4.729252,1.524,0.79797,-0.53898996,0.50952,0.14477,333950016.0,0.003,0.0
DRH,False,37.67471381190084,"munger_roe,munger_gross_margin",2612549376.0,17.424658,1.7076118,5.588,0.78244,0.09911,0.29453,0.23042999,76127872.0,0.0346,4.0
EFOR,False,37.66717857142858,"graham_size,munger_roe,munger_gross_margin",1312614912.0,16.502577,0.72540444,2.127,0.8291,0.04571,0.28527,0.05055,213500000.0,,4.0
KWR,False,37.661633310263745,"graham_earnings_stability,graham_pe,graham_pe_times_pb,munger_roe",2852692736.0,29.709677,2.0720427,2.457,0.66913,0.07175,0.36061,0.091280006,129911624.0,0.0127,0.0
RRX,False,37.66133162398042,"graham_earnings_stability,graham_pe,graham_pe_times_pb,munger_roe",11226459136.0,34.700104,1.6241237,2.276,0.68843,0.047670003,0.37979,0.14399,475187488.0,0.0083,2.0
PRKS,False,37.6558695680457,"data_missing:debt_to_equity,data_missing:return_on_equity,graham_current_ratio,graham_pe_times_pb",2033557632.0,17.868525,-3.2948866,0.478,,,0.46013,0.24239999,97038376.0,,4.0
ATI,False,37.652528558979995,"graham_debt_to_equity,graham_pe,graham_pe_times_pb,munger_gross_margin",29347442688.0,63.202347,15.637789,2.327,1.09699,0.25357,0.23647,0.18198,346687488.0,,4.0
JBGS,False,37.624904804761904,"data_missing:trailing_pe,graham_size,graham_current_ratio,graham_debt_to_equity,graham_earnings_stability,munger_roe",945778816.0,,0.62755966,1.149,1.64083,-0.10864,0.48925,0.030720001,249499744.0,0.0575,0.0
DDOG,False,37.52704543531369,"graham_earnings_stability,graham_pe,graham_pe_times_pb,munger_roe",84560363520.0,480.60202,21.01133,3.205,0.29259,0.04696,0.79536,0.00666,1051412352.0,,3.0
IOSP,False,37.49804132370734,"graham_pe_times_pb,munger_roe,munger_gross_margin",2284406528.0,18.927551,1.7004639,2.784,0.03546,0.091309994,0.27462998,0.080790006,32575000.0,0.0191,4.0
OMC,False,37.45139267380952,"graham_current_ratio,graham_debt_to_equity,graham_earnings_stability,graham_pe,graham_pe_times_pb,munger_roe,munger_gross_margin",23696631808.0,233.44594,2.4525812,0.924,1.07744,0.060510002,0.18959999,0.15384,4260624896.0,0.0366,0.0
CVI,False,37.446485313775696,"graham_current_ratio,graham_debt_to_equity,graham_pe,graham_pe_times_pb,munger_gross_margin",3724155904.0,53.688404,7.0940247,1.418,2.4180099999999998,0.24254999,0.10905,0.02849,214500000.0,0.0109,4.0
SO,False,37.39944010119048,"graham_current_ratio,graham_debt_to_equity,graham_pe,graham_pe_times_pb,munger_roe,munger_fcf",105787383808.0,22.159035,2.6734114,0.787,1.8205799999999999,0.114829995,0.48289,0.29612,-3913374976.0,0.033,4.0
RHI,False,37.38475427858089,"graham_current_ratio,graham_pe,graham_pe_times_pb,munger_roe",4523368960.0,38.426086,3.681273,1.468,0.19940000000000002,0.09111,0.36795,-0.04662,113581872.0,0.0542,4.0
HP,False,37.339349999999996,"data_missing:trailing_pe,graham_earnings_stability,munger_roe",4430793216.0,,1.7212796,1.962,0.69731,-0.04639,0.31845,0.05096,493073888.0,0.0229,0.0
CG,False,37.333785264285716,"data_missing:free_cash_flow,graham_debt_to_equity,graham_earnings_stability,graham_pe,graham_pe_times_pb,munger_roe",17289267200.0,50.541668,3.2708642,1.808,1.97617,0.077659994,0.98319,0.26855,,0.028300000000000002,2.0
ELF,False,37.28614801992468,"graham_pe,graham_pe_times_pb,munger_roe",5871018496.0,101.52582,22.34845,3.071,0.79503,-0.00291,0.60951,0.24766001,84486248.0,,4.0
NRG,False,37.26177042416198,"graham_current_ratio,graham_debt_to_equity,graham_earnings_stability,graham_pe,graham_pe_times_pb,munger_gross_margin",25088096256.0,31.161228,5.9691663,0.968,4.83357,0.23772,0.18795,0.12765999,772374976.0,0.0158,2.0
OTTR,False,37.251910211904764,"graham_pe_times_pb,munger_roe,munger_fcf",3897521408.0,19.793177,2.075109,1.707,0.67491,0.106850006,0.42191002,0.24028999,-165230496.0,0.024399999999999998,4.0
AEE,False,37.24201323809524,"data_missing:consecutive_positive_earnings_years,graham_current_ratio,graham_debt_to_equity,graham_pe_times_pb,munger_roe,munger_fcf",30372474880.0,19.315142,2.2187393,0.531,1.57846,0.11943,0.52408004,0.25236,-1786249984.0,0.0275,
WGO,False,37.23269047619048,"graham_size,graham_pe,munger_roe,munger_gross_margin",902625728.0,23.477942,0.7294451,2.373,0.3912,0.03142,0.13,0.03292,164224992.0,0.0438,4.0
PLUS,False,37.23143998302781,"graham_pe_times_pb,munger_roe,munger_gross_margin",2311848448.0,19.01483,2.159091,2.131,0.1143,0.11698,0.25062,0.05982,39345124.0,0.0125,4.0
UNF,False,37.228637200194065,"graham_pe,graham_pe_times_pb,munger_roe",5244048384.0,45.73817,2.3857439,3.111,0.03869,0.05296,0.36678,0.044499997,98668752.0,0.005,4.0
TBBK,False,37.22175,"data_missing:current_ratio,data_missing:debt_to_equity,data_missing:free_cash_flow,graham_pe_times_pb,munger_gross_margin",2740873472.0,12.6315775,3.9499204,,,0.29629,0.0,0.59707,,,4.0
TOST,False,37.145992726147206,"data_missing:debt_to_equity,graham_earnings_stability,graham_pe,graham_pe_times_pb,munger_gross_margin",20258899968.0,44.36709,10.21568,2.4,,0.25162,0.26793,0.07966,480500000.0,,2.0
GLW,False,37.12463035419502,"graham_pe,graham_pe_times_pb",131753656320.0,70.8125,11.033326,1.813,0.7144799999999999,0.16813,0.36395,0.15649,734499968.0,0.0073,4.0
KKR,False,37.09386666666667,"data_missing:free_cash_flow,graham_current_ratio,graham_earnings_stability,graham_pe,graham_pe_times_pb,munger_roe",99890929664.0,34.55431,3.441358,0.856,0.69812,0.0728,0.54767,0.2065,,0.0070999999999999995,3.0
SLGN,False,37.05313525679637,"graham_current_ratio,graham_debt_to_equity,munger_roe,munger_gross_margin",4318167040.0,16.02353,1.8148708,1.272,2.03153,0.11748,0.1707,0.10297,313311264.0,0.0204,4.0
LITE,False,37.052708873446484,"data_missing:trailing_pe,graham_earnings_stability,munger_roe",77753753600.0,,16.537947,1.678,0.35987,-2.40027,0.44244,0.27954,224700000.0,,0.0
LEN,False,37.02720032870004,"munger_roe,munger_gross_margin",20586897408.0,13.394984,0.9521899,8.508,0.28692,0.07368,0.16363001,0.052750003,1077926016.0,0.0229,4.0
MGEE,False,36.99587180357143,"graham_current_ratio,graham_pe_times_pb,munger_roe,munger_fcf",3063696384.0,19.94226,2.1287506,1.137,0.64863,0.110410005,0.41184,0.22672,-206614256.0,0.023399999999999997,4.0
WING,False,36.94623963698468,"data_missing:debt_to_equity,data_missing:return_on_equity,graham_pe,graham_pe_times_pb",3193098752.0,27.709219,-4.1304574,2.967,,,0.49418998,0.29759002,98595000.0,0.011000000000000001,4.0
BILL,False,36.89265564905171,"data_missing:trailing_pe,graham_earnings_stability,munger_roe",4740804096.0,,1.2464974,1.661,0.49591999999999997,4.0000003e-05,0.83681,0.01143,167608256.0,,1.0
XRAY,False,36.874883658176785,"data_missing:trailing_pe,graham_debt_to_equity,graham_earnings_stability,munger_roe",2158005504.0,,1.6451367,1.627,1.72243,-0.33031,0.4952,0.09243,141624992.0,0.0504,0.0
OGE,False,36.82275208779213,"graham_current_ratio,graham_debt_to_equity,graham_pe,graham_pe_times_pb,munger_roe",9759932416.0,20.72149,1.9593165,0.767,1.1730500000000001,0.09703,0.44762,0.26549,126750000.0,0.0362,4.0
ASO,True,36.788951654626615,,2866489344.0,8.166079,1.3839567,1.677,0.91982,0.18847999,0.34604,0.05177,88252000.0,0.0126,4.0
FA,False,36.768452053572446,"graham_debt_to_equity,graham_earnings_stability,graham_pe,graham_pe_times_pb,munger_roe",3641178368.0,141.33333,2.8109257,2.527,1.5774000000000001,0.01939,0.45219,0.12774,215071744.0,,0.0
ENTG,False,36.72978479432003,"graham_pe,graham_pe_times_pb,munger_roe",22198784000.0,72.27861,5.4643245,3.049,0.85655,0.07671,0.45555001,0.19271,477787488.0,0.0028000000000000004,4.0
CWT,False,36.70862857142858,"graham_current_ratio,graham_pe,graham_pe_times_pb,munger_roe,munger_fcf",3076495104.0,22.309418,1.7020767,0.701,0.9267700000000001,0.07677,0.53286,0.28211,-258749376.0,0.0268,4.0
UAL,False,36.60665448575923,"graham_current_ratio,graham_debt_to_equity",36754276352.0,10.612933,2.201357,0.78,2.01641,0.23252001,0.31816,0.05534,910124992.0,,4.0
TRN,False,36.558048285714285,"graham_debt_to_equity,munger_gross_margin,munger_fcf",2352241664.0,6.979905,2.0584953,2.168,4.68386,0.30156,0.26239002,0.12121,-335049984.0,0.04190000000000001,4.0
OSW,False,36.50571898803675,"graham_earnings_stability,graham_pe,graham_pe_times_pb,munger_roe,munger_gross_margin",2649116416.0,33.037975,4.550209,2.905,0.15605,0.14321,0.13417,0.09382,48876500.0,0.0076,2.0
DUK,False,36.50341782380953,"graham_current_ratio,graham_debt_to_equity,graham_pe_times_pb,munger_roe,munger_fcf",96472555520.0,18.634037,1.794593,0.661,1.62155,0.098570004,0.51971,0.27503002,-4477374976.0,0.0351,4.0
CNR,False,36.48019884763221,"graham_earnings_stability,graham_pe,graham_pe_times_pb,munger_roe,munger_gross_margin",4651413504.0,47.09045,1.2561494,1.825,0.12037,0.02675,0.16860001,0.02162,274115744.0,0.0043,0.0
NUE,False,36.31226527266104,"graham_pe_times_pb,munger_roe,munger_gross_margin",55508537344.0,19.510765,2.5253394,2.508,0.30512,0.14548999,0.15554,0.15668,683374976.0,0.009000000000000001,4.0
RGEN,False,36.30948181370909,"graham_earnings_stability,graham_pe,graham_pe_times_pb,munger_roe",10165691392.0,250.17915,4.8125515,9.05,0.32715000000000005,0.0199,0.53836,0.09309,113421752.0,,1.0
RTX,False,36.21996261344789,"graham_current_ratio,graham_pe,graham_pe_times_pb,munger_roe,munger_gross_margin",296021590016.0,38.601055,4.4596953,1.011,0.5702,0.12274,0.20347,0.12696,9880000512.0,0.013300000000000001,4.0
MLM,False,36.1801362306614,"graham_current_ratio,graham_pe,graham_pe_times_pb,munger_roe,munger_gross_margin",31625265152.0,33.450447,2.7383888,1.407,0.54945,0.08894,0.2823,0.20185,593374976.0,0.0063,4.0
ALKS,False,36.1353549569559,"graham_earnings_stability,graham_pe,graham_pe_times_pb,munger_roe",8250597376.0,129.42105,4.555813,2.3,0.86952,0.03852,0.87182,0.15496999,153381376.0,,3.0
ELV,False,36.12588384462902,"graham_pe_times_pb,munger_roe,munger_gross_margin",86114459648.0,17.577688,1.9183906,1.518,0.68953,0.11133,0.2599,0.04559,4306375168.0,0.0173,4.0
CPT,False,36.01367640558459,"graham_current_ratio,graham_debt_to_equity,graham_pe,graham_pe_times_pb,munger_roe",10918573056.0,35.723682,2.9290395,0.352,1.25648,0.07885,0.61619,0.16104001,139679632.0,0.0391,4.0
WELL,False,35.986873155074136,"graham_current_ratio,graham_pe,graham_pe_times_pb,munger_roe",170898063360.0,105.87946,3.673466,1.317,0.41375,0.03836,0.39560002,0.16561002,2756164352.0,0.0144,4.0
BAX,False,35.94887680828367,"data_missing:trailing_pe,graham_debt_to_equity,graham_earnings_stability,munger_roe",13591825408.0,,2.1901035,1.946,1.5644900000000002,-0.14371,0.34098,0.14425999,1000374976.0,0.0015,0.0
LSTR,False,35.93173772480566,"graham_pe,graham_pe_times_pb,munger_roe,munger_gross_margin",6247109120.0,47.81299,7.4662337,1.825,0.16625,0.14977999,0.19034,0.04615,96691872.0,0.0095,4.0
LUMN,False,35.931333333333335,"data_missing:trailing_pe,data_missing:debt_to_equity,data_missing:return_on_equity,graham_current_ratio,graham_earnings_stability",6214458368.0,,-4.1724377,0.964,,,0.47794,-0.02888,2116249984.0,,0.0
NE,False,35.88680897551529,"graham_pe,graham_pe_times_pb,munger_roe",7513561088.0,50.06915,1.6756266,1.915,0.42557,0.03283,0.35416,0.10707,252878256.0,0.0436,4.0
VNO,False,35.85798350147948,"data_missing:price_to_book,graham_debt_to_equity,graham_earnings_stability,graham_pe,munger_roe",7593192448.0,1278.0,,5.343,1.2231699999999999,0.00603,0.49595,0.097959995,445744128.0,0.019299999999999998,3.0
LFST,False,35.84773108050565,"graham_current_ratio,graham_earnings_stability,graham_pe,graham_pe_times_pb,munger_roe",4897952768.0,98.61539,3.3152313,1.376,0.32098999999999994,0.03429,0.33558998,0.0725,172356128.0,,1.0
BGC,False,35.7875,"data_missing:free_cash_flow,graham_debt_to_equity,graham_pe,graham_pe_times_pb",5170698240.0,27.1875,4.6494226,1.509,1.56959,0.15882,0.91666,0.09044,,0.0074,4.0
CRK,False,35.771500128571425,"graham_current_ratio,graham_debt_to_equity,graham_earnings_stability,munger_fcf",4037282560.0,7.724719,1.565346,0.476,1.0020099999999998,0.19018,0.56847,0.059710003,-868676608.0,,1.0
SWX,False,35.726795666666675,"graham_current_ratio,graham_earnings_stability,graham_pe,graham_pe_times_pb,munger_roe,munger_fcf",6694722048.0,23.755785,1.622794,1.116,0.8508199999999999,0.06832,0.54035,0.24158001,-390807360.0,0.0281,3.0
FMC,False,35.71361904761905,"data_missing:trailing_pe,graham_size,graham_debt_to_equity,graham_earnings_stability,munger_roe",1339927168.0,,0.8186061,1.987,2.6504700000000003,-0.88376,0.31927,0.11833,165637504.0,0.0296,0.0
IPGP,False,35.655917865947494,"graham_earnings_stability,graham_pe,graham_pe_times_pb,munger_roe",3227095552.0,116.72308,1.517036,6.179,0.00764,0.01302,0.38351002,0.07595,48475500.0,,1.0
WOR,False,35.626439455356035,"graham_pe_times_pb,munger_gross_margin",2775861248.0,18.06847,2.7773156,2.369,0.34689,0.15777001,0.27386,0.06448,23372124.0,0.013999999999999999,4.0
HPE,False,35.58262292258298,"graham_current_ratio,graham_pe,graham_pe_times_pb,munger_roe",71228907520.0,50.271027,2.8143148,1.088,0.8403,0.06315,0.33776,0.087,3836000000.0,0.010700000000000001,4.0
OC,False,35.57620372036687,"data_missing:trailing_pe,graham_current_ratio,graham_debt_to_equity,graham_earnings_stability,munger_roe,munger_gross_margin",11577864192.0,,3.0675223,1.16,1.50328,-0.094510004,0.26485002,0.17816,885124992.0,0.0202,0.0
SMG,False,35.52648549336387,"data_missing:debt_to_equity,data_missing:return_on_equity,graham_current_ratio,graham_earnings_stability,graham_pe,graham_pe_times_pb",3530477312.0,23.413128,-12.317693,1.215,,,0.32157,0.16825001,248500000.0,0.0432,1.0
CAR,False,35.51833333333334,"data_missing:trailing_pe,data_missing:debt_to_equity,data_missing:return_on_equity,graham_current_ratio,graham_earnings_stability,munger_gross_margin",4958322688.0,,-1.4624337,0.848,,,0.27385,0.1491,1093124992.0,,0.0
BWXT,False,35.51523486452867,"graham_debt_to_equity,graham_pe,graham_pe_times_pb,munger_gross_margin",14658143232.0,41.44689,10.984209,2.397,1.514,0.28289,0.22082001,0.10393,145624256.0,0.006500000000000001,4.0
EMN,False,35.49683563930575,"graham_current_ratio,munger_roe,munger_gross_margin",8407580160.0,19.151043,1.379194,1.498,0.88518,0.07334,0.19662,0.12893,544625024.0,0.0447,4.0
CACI,False,35.483443843133614,"graham_current_ratio,graham_debt_to_equity,graham_pe,graham_pe_times_pb,munger_roe",14546579456.0,27.210829,3.2595165,1.484,1.20656,0.12824,0.33203998,0.100509994,610367104.0,,4.0
MRK,False,35.45772189977671,"graham_current_ratio,graham_debt_to_equity,graham_pe,graham_pe_times_pb,munger_roe",370507513856.0,120.14,8.8411045,1.323,1.2840799999999999,0.06961,0.759,-0.00241,15171500032.0,0.0223,4.0
NPK,False,35.45342891840417,"graham_size,graham_pe,graham_pe_times_pb,munger_roe,munger_gross_margin",1065200768.0,24.961538,2.6944044,5.22,0.022320000000000003,0.10902,0.16466999,0.11712,8961750.0,0.0068000000000000005,4.0
TOL,False,35.44991395238095,"data_missing:market_cap,data_missing:free_cash_flow,munger_roe,munger_gross_margin",,11.056991,1.6678127,4.422,0.32377,0.14393,0.24827999,0.1455,,0.006999999999999999,4.0
FE,False,35.39139328571429,"graham_current_ratio,graham_debt_to_equity,graham_pe,graham_pe_times_pb,munger_roe,munger_fcf",27560620032.0,25.470589,2.130715,0.541,2.00908,0.09491,0.68605006,0.19304001,-2007124992.0,0.0394,4.0
BTSG,False,35.34733333333333,"graham_debt_to_equity,graham_earnings_stability,graham_pe,graham_pe_times_pb,munger_roe,munger_gross_margin",11828304896.0,53.37491,6.01226,1.588,1.1600700000000002,0.13036,0.12382,0.03367,1028438976.0,,1.0
BEN,False,35.325929,"graham_pe,graham_pe_times_pb,munger_roe,munger_fcf",17401632768.0,23.29932,1.480825,5.486,0.24805,0.07887,0.37707,0.12979001,-2990862592.0,0.0388,4.0
EVRG,False,35.32245108095238,"graham_current_ratio,graham_debt_to_equity,graham_pe,graham_pe_times_pb,munger_roe,munger_fcf",19388391424.0,21.396946,1.8964816,0.359,1.60554,0.092539996,0.52696997,0.25238,-1443362560.0,0.0333,4.0
AXON,False,35.24514822038796,"graham_pe,graham_pe_times_pb,munger_roe",51594694656.0,265.7364,14.040854,2.149,0.50363,0.06221,0.59525,0.0517,222160000.0,,4.0
LGIH,False,35.21774523809524,"graham_size,munger_roe,munger_gross_margin",1318177024.0,18.9,0.61809146,33.032,0.74344,0.03159,0.19646,0.0572,208319248.0,,4.0
KMPR,False,35.15970943809524,"data_missing:trailing_pe,graham_size,graham_current_ratio,graham_earnings_stability,munger_roe,munger_gross_margin",1568704000.0,,0.71597475,0.817,0.63974,-0.19700001,0.254,0.030079998,220550000.0,0.0479,2.0
PSKY,False,35.11466600000001,"graham_current_ratio,graham_debt_to_equity,graham_earnings_stability,graham_pe,graham_pe_times_pb,munger_roe",11718722560.0,348.16666,0.9947619,1.04,1.26479,-0.00896,0.33328998,0.09345,17593124864.0,0.0189,0.0
ALGM,False,35.06878836777771,"graham_earnings_stability,graham_pe,graham_pe_times_pb,munger_roe",7103782400.0,544.4286,7.364251,3.703,0.31472,0.015269999,0.47375,0.09824,103498872.0,,0.0
LH,False,35.04582402234644,"graham_pe,graham_pe_times_pb,munger_roe,munger_gross_margin",27048067072.0,27.586021,3.1348932,1.796,0.7912399999999999,0.11728,0.28882998,0.1224,892049984.0,0.0087,4.0
NOG,False,35.0,"data_missing:trailing_pe,graham_current_ratio,graham_debt_to_equity,munger_roe,munger_fcf",2869900800.0,,1.4320272,0.796,1.36559,-0.22049999,0.75398004,0.57063997,-459628992.0,0.0691,4.0
PAYX,False,35.0,"data_missing:return_on_equity,data_missing:free_cash_flow,graham_current_ratio,graham_debt_to_equity,graham_pe,graham_pe_times_pb",43677855744.0,25.112476,11.690785,1.152,1.23967,,0.67197996,0.38325,,0.038900000000000004,4.0
HXL,False,34.95356037964055,"graham_pe,graham_pe_times_pb,munger_roe,munger_gross_margin",7279514112.0,48.61616,5.5981393,2.427,0.73902,0.10764,0.24956,0.13904999,252975008.0,0.0074,4.0
QDEL,False,34.95266766666667,"data_missing:trailing_pe,graham_size,graham_current_ratio,graham_debt_to_equity,graham_earnings_stability,munger_roe",998458176.0,,0.56028014,1.386,1.73277,-0.45905998,0.44858003,-0.020920001,146762496.0,,0.0
AMCR,False,34.90188611026683,"graham_current_ratio,graham_debt_to_equity,graham_pe_times_pb,munger_roe,munger_gross_margin",22051577856.0,19.38821,1.8687799,1.254,1.2829400000000002,0.09396,0.19951999,0.09691,1504000000.0,0.0548,4.0
PEB,False,34.89751904761905,"data_missing:trailing_pe,graham_current_ratio,graham_earnings_stability,munger_roe,munger_gross_margin",2076306048.0,,0.8556548,0.708,0.97934,-0.016339999,0.25336,0.14332,258438128.0,0.0022,0.0
CNXC,False,34.87271428571429,"data_missing:trailing_pe,graham_size,graham_current_ratio,graham_debt_to_equity,graham_earnings_stability,munger_roe",1546205056.0,,0.57093936,1.179,2.03764,-0.37662,0.3447,0.07893,775551744.0,0.055999999999999994,0.0
DXPE,False,34.855502008524354,"graham_debt_to_equity,graham_pe,graham_pe_times_pb",2944301056.0,34.436478,5.4408727,2.993,1.66254,0.18469,0.31765,0.096260004,74078496.0,,4.0
CRWD,False,34.76656437008998,"data_missing:trailing_pe,graham_earnings_stability,munger_roe",200515616768.0,,43.26961,1.531,0.17568,-0.0024899999,0.75136,-0.022079999,1926365056.0,,0.0
IP,False,34.67567174635182,"data_missing:trailing_pe,graham_current_ratio,graham_earnings_stability,munger_roe,munger_gross_margin",21553494016.0,,1.4908972,1.098,0.68509,-0.16479,0.29608,0.02298,1646499968.0,0.0451,0.0
RH,False,34.65166666666667,"data_missing:return_on_equity,graham_current_ratio,graham_debt_to_equity,graham_pe,graham_pe_times_pb",3041064960.0,31.019304,53.34661,1.127,70.60079999999999,,0.43541,0.00322,285438016.0,,4.0
PPC,False,34.62927408296671,"graham_current_ratio,munger_roe,munger_gross_margin",7388507648.0,13.550219,1.9704089,1.355,0.82717,0.1452,0.09739,0.01619,508525376.0,,4.0
CLH,False,34.62888030330763,"graham_debt_to_equity,graham_pe,graham_pe_times_pb",17245857792.0,39.55266,5.889548,2.131,1.10951,0.15562001,0.32257,0.15498,383758016.0,,4.0
LYV,False,34.53906145444699,"data_missing:trailing_pe,graham_current_ratio,graham_debt_to_equity,munger_gross_margin",43155746816.0,,518.9076,0.852,6.202140000000001,0.17677,0.25777,0.06696,1695030656.0,,4.0
MHO,False,34.52585498283655,"munger_roe,munger_gross_margin",3801935872.0,12.636555,1.175898,8.108,0.31079,0.100600004,0.20903,0.0928,86652128.0,,4.0
NAVI,False,34.516142,"data_missing:trailing_pe,data_missing:free_cash_flow,graham_size,graham_debt_to_equity,graham_earnings_stability,munger_roe",857653120.0,,0.35765967,10.745,18.52711,-0.01975,1.0,0.33870998,,0.0691,0.0
AAON,False,34.48341428571428,"graham_pe,graham_pe_times_pb,munger_gross_margin,munger_fcf",6683279872.0,42.660526,6.614035,3.013,0.44742,0.17284,0.25569,0.10987,-213758000.0,0.0049,4.0
SXT,False,34.43594004761905,"graham_pe,graham_pe_times_pb,munger_roe,munger_fcf",5690648064.0,36.135136,4.4944196,4.39,0.6063000000000001,0.13071,0.34876,0.16570999,-2621250.0,0.0123,4.0
VECO,False,34.41733982456165,"graham_earnings_stability,graham_pe,graham_pe_times_pb,munger_roe",2911907584.0,125.55263,3.2306337,3.926,0.28931,0.02643,0.37917998,0.06883,72047000.0,,2.0
YUM,False,34.39756326991238,"data_missing:debt_to_equity,data_missing:return_on_equity,graham_current_ratio,graham_pe_times_pb",39713927168.0,18.328085,-5.5031385,0.592,,,0.45311,0.32779998,833249984.0,0.0206,4.0
HZO,False,34.3859876,"graham_size,graham_current_ratio,graham_debt_to_equity,graham_earnings_stability,graham_pe,graham_pe_times_pb,munger_roe",1152264960.0,326.0625,1.2097391,1.234,1.15137,0.00497,0.34210998,0.060890004,183364128.0,,0.0
PBF,False,34.34860761878076,"graham_current_ratio,graham_earnings_stability,munger_gross_margin",8763428864.0,6.479404,1.3675545,1.33,0.38423999999999997,0.23228,0.050430004,0.08801,78462496.0,0.0149,0.0
AEIS,False,34.341282376039054,"graham_pe,graham_pe_times_pb",11990501376.0,55.237087,8.224185,3.79,0.94568,0.16267,0.3996,0.17018,34187500.0,0.0014000000000000002,4.0
ICUI,False,34.184720253669624,"graham_earnings_stability,graham_pe,graham_pe_times_pb,munger_roe",4683818496.0,156.08333,2.1766415,2.43,0.59817,0.014099999,0.39134,0.10954001,175372128.0,,1.0
D,False,34.14051190476191,"graham_current_ratio,graham_debt_to_equity,graham_pe,graham_pe_times_pb,munger_roe,munger_fcf",59596681216.0,23.446367,2.1348457,0.809,1.60459,0.08281,0.46222,0.29219,-9181124608.0,0.0391,4.0
TXNM,False,34.11780952380952,"graham_current_ratio,graham_debt_to_equity,graham_pe,graham_pe_times_pb,munger_roe,munger_fcf",5936486400.0,31.480873,1.7998064,0.557,1.65512,0.06252,0.59381,0.22482,-529223744.0,0.029300000000000003,4.0
SRE,False,34.11503809523809,"graham_pe,graham_pe_times_pb,munger_roe,munger_fcf",57428795392.0,25.45652,1.7566406,1.642,0.84663,0.06679,0.43994,0.28328,-27657750528.0,0.030699999999999998,4.0
MLKN,False,34.09458830598349,"graham_size,graham_debt_to_equity,graham_earnings_stability,munger_roe",1543672576.0,17.166666,1.1507211,1.577,1.28174,0.06983,0.38794997,0.060739998,82262496.0,0.0323,1.0
WMT,False,34.08496384535572,"graham_current_ratio,graham_pe,graham_pe_times_pb,munger_gross_margin",826139344896.0,36.682476,8.761935,0.771,0.74816,0.24132,0.24976,0.042150002,6862249984.0,0.0087,4.0
SEI,False,34.0734880952381,"graham_debt_to_equity,graham_pe,graham_pe_times_pb,munger_roe,munger_fcf",5732683776.0,72.11392,3.9675465,4.123,2.16673,0.08099,0.49943,0.26487,-806578240.0,0.008199999999999999,4.0
TLN,False,34.033667333333334,"data_missing:trailing_pe,graham_current_ratio,graham_debt_to_equity,graham_earnings_stability,munger_roe",15136593920.0,,9.363903,0.781,5.8413699999999995,-0.12825,0.42101002,-0.04797,1261750016.0,,0.0
CAG,False,33.88585714285715,"data_missing:trailing_pe,graham_current_ratio,graham_debt_to_equity,graham_earnings_stability,munger_roe,munger_gross_margin",7642693120.0,,1.2021077,0.904,1.17577,-0.25064,0.23952,0.13771,859000000.0,0.0755,0.0
WAT,False,33.850249925,"graham_pe,graham_pe_times_pb,munger_roe,munger_fcf",40574332928.0,104.61775,2.6527672,1.861,0.36045,0.019199999,0.56337,0.09422,-142067632.0,,4.0
ETR,False,33.835748583333334,"graham_current_ratio,graham_debt_to_equity,graham_pe,graham_pe_times_pb,munger_roe,munger_fcf",50638848000.0,27.754475,2.7779343,0.912,1.8677000000000001,0.10248999,0.47000998,0.24458,-4400858112.0,0.023700000000000002,4.0
COHR,False,33.81133007142857,"graham_earnings_stability,graham_pe,graham_pe_times_pb,munger_roe,munger_fcf",56586702848.0,70.30534,5.1877017,2.427,0.31611999999999996,0.07981,0.37495998,0.118269995,-649981632.0,,2.0
HSIC,False,33.73586567428398,"graham_current_ratio,graham_pe,graham_pe_times_pb,munger_roe",9868592128.0,25.816326,3.1390693,1.319,0.80733,0.088549994,0.31319,0.057550002,446000000.0,,4.0
KD,False,33.721547319047616,"graham_current_ratio,graham_debt_to_equity,graham_earnings_stability,graham_pe,graham_pe_times_pb,munger_roe,munger_gross_margin",2700205824.0,33.504322,2.5418496,0.848,4.22451,0.069299996,0.21841,0.02902,2652624896.0,,2.0
TGT,False,33.707668166666664,"data_missing:market_cap,graham_current_ratio,graham_debt_to_equity,graham_pe_times_pb,munger_gross_margin",,16.410788,4.382514,0.988,1.04741,0.26408002,0.29303,0.09646,4078000128.0,0.0292,4.0
ETSY,False,33.686966974656954,"data_missing:debt_to_equity,data_missing:return_on_equity,graham_current_ratio,graham_earnings_stability,graham_pe,graham_pe_times_pb",7502239744.0,25.867086,-5.41217,1.476,,,0.71401,0.18744,169665376.0,,3.0
VYX,False,33.627761904761904,"graham_size,graham_current_ratio,graham_debt_to_equity,graham_earnings_stability,graham_pe,graham_pe_times_pb,munger_roe,munger_gross_margin",1036905024.0,26.82143,1.1208956,1.072,1.15799,0.05272,0.25825,0.02486,216250000.0,,2.0
BMRN,False,33.60148359638997,"graham_pe,graham_pe_times_pb,munger_roe",13083650048.0,182.67566,2.0692503,2.387,0.66473,0.011820001,0.50968,0.21162,85157376.0,,4.0
CNP,False,33.539702380952384,"graham_current_ratio,graham_debt_to_equity,graham_pe,graham_pe_times_pb,munger_roe,munger_fcf",26628765696.0,24.0625,2.271961,1.123,2.10256,0.09825,0.47027,0.24489,-5191875072.0,0.023799999999999998,4.0
TXT,False,33.49761162474639,"graham_pe_times_pb,munger_roe,munger_gross_margin",14814093312.0,16.375475,1.8388021,1.861,0.5228499999999999,0.12126,0.17628999,0.08701,452750016.0,0.0009,4.0
FND,False,33.41048423838548,"graham_current_ratio,graham_pe,graham_pe_times_pb,munger_roe",5926167040.0,26.004673,2.3831956,1.333,0.80645,0.09694,0.44976002,0.054380003,140193248.0,,4.0
LTH,False,33.3994160952381,"graham_current_ratio,graham_debt_to_equity,graham_earnings_stability,graham_pe,graham_pe_times_pb,munger_roe,munger_fcf",10001040384.0,24.86389,3.025213,0.657,1.29478,0.13445,0.48022997,0.17052001,-345163264.0,,3.0
CASY,False,33.3114506777759,"graham_current_ratio,graham_pe,graham_pe_times_pb,munger_gross_margin",30754596864.0,43.399216,7.76144,1.01,0.7351399999999999,0.19153,0.24606001,0.05351,550939648.0,0.0031,4.0
NTNX,False,33.10507246747946,"data_missing:debt_to_equity,data_missing:return_on_equity,graham_earnings_stability,graham_pe,graham_pe_times_pb",17933062144.0,69.83157,-24.371784,1.777,,,0.87095,0.10029,631740864.0,,1.0
USPH,False,33.066695137187246,"graham_size,graham_current_ratio,graham_pe,graham_pe_times_pb,munger_roe,munger_gross_margin",1171954176.0,461.9706,2.492779,1.271,0.5032099999999999,0.0651,0.21466999,0.111269996,41290124.0,0.0232,4.0
AEP,False,33.013630869047624,"graham_current_ratio,graham_debt_to_equity,graham_pe,graham_pe_times_pb,munger_roe,munger_fcf",69122138112.0,22.0052,2.1546268,0.504,1.6078899999999998,0.10130999,0.46352002,0.23251,-5995950080.0,0.0301,4.0
GME,False,33.00906265476191,"graham_earnings_stability,munger_roe,munger_fcf",8005728768.0,13.315224,1.370384,12.401,0.74273,0.14095001,0.34387,0.16605,-1261250048.0,,3.0
MIR,False,32.98953574348939,"graham_earnings_stability,graham_pe,graham_pe_times_pb,munger_roe",3810276096.0,170.0,2.038641,3.198,0.6575700000000001,0.01511,0.482,0.07196,115362496.0,,1.0
GKOS,False,32.97981912073763,"data_missing:trailing_pe,graham_earnings_stability,munger_roe",11209307136.0,,16.389822,5.04,0.15766,-0.25981,0.79121,-0.08495,15456250.0,,0.0
ALGT,False,32.93435706785714,"graham_current_ratio,graham_debt_to_equity,graham_earnings_stability,graham_pe,graham_pe_times_pb,munger_roe,munger_gross_margin",2080129792.0,65.594826,1.2687165,0.832,1.6047,0.018339999,0.22812,0.09228,194582624.0,,0.0
XPO,False,32.932118100771135,"data_missing:price_to_book,graham_current_ratio,graham_debt_to_equity,graham_pe,munger_gross_margin",23064276992.0,57.936764,,1.011,2.06167,0.21587,0.18988001,0.12314,473750016.0,,4.0
HTO,False,32.92934566666667,"graham_debt_to_equity,graham_pe,graham_pe_times_pb,munger_roe,munger_fcf",2678835456.0,22.535212,1.4526637,1.667,1.02581,0.06463,0.56912,0.21260001,-250611632.0,0.0277,4.0
CUZ,False,32.864943278214284,"graham_current_ratio,graham_pe,graham_pe_times_pb,munger_roe,munger_fcf",4824486400.0,732.75,1.0760306,0.524,0.8420799999999999,0.0015199999,0.67779,0.24225001,-25106624.0,0.0436,4.0
UFPI,False,32.8015305136484,"graham_pe,graham_pe_times_pb,munger_roe,munger_gross_margin",4869932544.0,20.156393,1.6191655,3.981,0.13347,0.0802,0.16128,0.05508,117891504.0,0.0159,4.0
STLD,False,32.791612471656464,"graham_pe,graham_pe_times_pb,munger_gross_margin",31783723008.0,21.7834,3.3808753,3.183,0.46924,0.17568001,0.14652,0.114989996,234191248.0,0.0092,4.0
XEL,False,32.77690519047619,"graham_current_ratio,graham_debt_to_equity,graham_pe,graham_pe_times_pb,munger_roe,munger_fcf",49677164544.0,21.729507,2.0851576,0.701,1.73135,0.0992,0.46825,0.22700001,-7907999744.0,0.0298,4.0
PRGO,False,32.7342380952381,"data_missing:trailing_pe,graham_size,graham_debt_to_equity,graham_earnings_stability,munger_roe",1872115968.0,,0.7459477,2.324,1.38183,-0.48746,0.33263,0.03842,437212512.0,0.08310000000000001,0.0
BHE,False,32.67928324268987,"graham_pe,graham_pe_times_pb,munger_roe,munger_gross_margin",2662205696.0,50.763695,2.384806,1.993,0.26142,0.047810003,0.10281,0.04147,136417248.0,0.0092,4.0
ABM,False,32.64153505,"graham_current_ratio,graham_debt_to_equity,munger_roe,munger_gross_margin",2739829760.0,17.988462,1.5670441,1.462,1.12697,0.08866999,0.12921,0.039300002,284024992.0,0.0246,4.0
CNXN,False,32.63901686734151,"graham_pe,graham_pe_times_pb,munger_roe,munger_gross_margin",2015009792.0,21.121693,2.1151347,2.88,0.00792,0.104320005,0.18892,0.05037,11910875.0,0.0103,4.0
P,False,32.63450075,"data_missing:market_cap,graham_debt_to_equity,graham_pe,graham_pe_times_pb",,171.37122,25.846664,1.617,1.27364,0.16846001,0.7023,-0.18452999,267954368.0,,4.0
SIG,False,32.55597719047619,data_missing:market_cap,,11.427967,1.693103,1.615,0.64495,0.15933,0.39337003,0.05059,451787488.0,0.016399999999999998,4.0
KALU,False,32.49501894638156,"graham_debt_to_equity,graham_earnings_stability,munger_gross_margin",2479748608.0,11.243514,2.6032372,2.495,1.13255,0.26398,0.14524001,0.10560001,33025000.0,0.0196,3.0
RUSHA,False,32.45876595942605,"graham_current_ratio,graham_pe,graham_pe_times_pb,munger_roe,munger_gross_margin",8463227392.0,23.518074,2.6026666,1.452,0.6307699999999999,0.11795,0.19850999,0.05113,313673632.0,0.0070999999999999995,4.0
OPLN,False,32.41691769548121,"data_missing:trailing_pe,graham_current_ratio,graham_debt_to_equity,graham_earnings_stability,munger_roe",4193099520.0,,2.687583,1.168,1.5736400000000001,0.11147001,0.45846,0.16805,26375000.0,,2.0
TNC,False,32.36232241329196,"graham_size,graham_pe,graham_pe_times_pb,munger_roe",1170775680.0,66.02885,2.2025146,2.045,0.73113,0.03078,0.38766,0.05309,50687500.0,0.0182,4.0
TFX,False,32.36157564123813,"data_missing:trailing_pe,graham_debt_to_equity,graham_earnings_stability,munger_roe",5752476160.0,,1.98051,2.604,1.0110299999999999,-0.00701,0.55108,0.14442,179542000.0,0.01,0.0
WEC,False,32.3048090952381,"data_missing:price_to_book,graham_current_ratio,graham_debt_to_equity,graham_pe,munger_roe,munger_fcf",35673989120.0,21.258253,,0.534,1.5798500000000002,0.11988,0.41909,0.21802999,-2353637376.0,0.0348,4.0
COO,False,32.175799999999995,"data_missing:market_cap,graham_current_ratio,graham_pe,graham_pe_times_pb,munger_roe",,64.76271,1.807816,1.274,0.33093000000000006,0.02853,0.65550005,-0.02866,424275008.0,,4.0
NEOG,False,32.06363961341981,"data_missing:trailing_pe,graham_earnings_stability,munger_roe",2611220992.0,,1.2455794,3.822,0.38827,-0.00379,0.46932,0.0137600005,69500000.0,,0.0
HASI,False,32.045964285714284,"data_missing:free_cash_flow,graham_debt_to_equity,graham_pe,graham_pe_times_pb,munger_roe",5277322240.0,63.184616,2.0581307,8.703,2.22661,0.03371,1.0,0.22208,,0.0406,4.0
LAD,False,32.03438648268028,"graham_current_ratio,graham_debt_to_equity,munger_roe,munger_gross_margin",8114297856.0,12.22235,1.2684146,1.003,2.57698,0.10719,0.15438,0.04611,547649984.0,0.0075,4.0
OSIS,False,31.991905839503225,"graham_debt_to_equity,graham_pe,graham_pe_times_pb",3615192320.0,25.094967,4.042353,3.245,1.16873,0.17165,0.32839,0.13101,36977752.0,,4.0
AVA,False,31.936786142857144,"graham_current_ratio,graham_debt_to_equity,munger_roe,munger_fcf",3226159104.0,13.906137,1.1436037,1.1,1.19709,0.08306,0.66753995,0.13317001,-235124992.0,0.0513,4.0
CE,False,31.859761571428574,"data_missing:trailing_pe,graham_current_ratio,graham_debt_to_equity,graham_earnings_stability,munger_roe,munger_gross_margin",5059425280.0,,1.2141483,1.447,2.70205,-0.2225,0.21375999,0.11047,984875008.0,0.0026,0.0
IDA,False,31.837394232142856,"graham_current_ratio,graham_debt_to_equity,graham_pe,graham_pe_times_pb,munger_roe,munger_fcf",8195639296.0,23.536545,2.1064134,0.986,1.05976,0.094390005,0.38970003,0.27459,-1221291392.0,0.025,4.0
HOG,False,31.80767691404453,"munger_roe,munger_gross_margin",2845342208.0,15.1888895,0.91809666,1.903,0.7404000000000001,0.06093,0.28456,0.07242,122405248.0,0.026600000000000002,4.0
CPK,False,31.778082958333332,"graham_current_ratio,graham_debt_to_equity,graham_pe,graham_pe_times_pb,munger_roe,munger_fcf",3310057472.0,21.969599,1.9779317,0.316,1.01273,0.094689995,0.40342,0.26201,-220775008.0,0.0215,4.0
ESAB,False,31.769185301788,"graham_pe,graham_pe_times_pb,munger_roe",4873324032.0,24.586206,2.059395,1.962,0.9826900000000001,0.08727,0.36955002,0.12016,146126368.0,0.0053,4.0
ACI,False,31.663084,"graham_current_ratio,graham_debt_to_equity,graham_pe,graham_pe_times_pb,munger_roe,munger_gross_margin",5755962368.0,74.125,3.5939393,0.842,9.735850000000001,0.02717,0.27040002,0.01428,1753387520.0,0.056100000000000004,4.0
PTCT,False,31.653,"data_missing:trailing_pe,data_missing:debt_to_equity,data_missing:return_on_equity,graham_earnings_stability,munger_fcf",5958266368.0,,-35.964733,3.394,,,0.49959,0.41323003,-286804256.0,,1.0
DAR,False,31.65230045529348,"graham_pe_times_pb,munger_roe,munger_gross_margin",10881300480.0,18.536291,2.0743337,1.565,0.78609,0.12126,0.26333,0.12892,219643008.0,,4.0
AMTM,False,31.609457142857146,"graham_earnings_stability,graham_pe,munger_roe,munger_gross_margin",5019717120.0,24.734941,1.068325,1.523,0.7987099999999999,0.04287,0.10488,0.04384,484249984.0,,1.0
ED,False,31.600738523809525,"graham_current_ratio,graham_debt_to_equity,munger_roe,munger_fcf",40155996160.0,17.858553,1.5620549,1.268,1.10113,0.08962,0.53372,0.16540001,-844875008.0,0.0325,4.0
KOP,False,31.59057185714286,"data_missing:trailing_pe,graham_size,graham_debt_to_equity,munger_roe,munger_gross_margin",858017792.0,,2.2161977,2.332,2.59302,-0.19013001,0.22362,0.09652001,162850000.0,0.008,4.0
DXC,False,31.556130952380958,"graham_size,graham_current_ratio,graham_debt_to_equity,graham_earnings_stability,munger_roe,munger_gross_margin",1719218688.0,14.157895,0.566286,1.408,1.25421,0.04025,0.22997,0.02034,877000000.0,,3.0
DE,False,31.548030579753494,"graham_debt_to_equity,graham_pe,graham_pe_times_pb,munger_gross_margin",167463796736.0,35.14901,6.1104927,2.213,3.76022,0.18349001,0.25965,0.17479,1098749952.0,0.011200000000000002,4.0
DKS,False,31.407047083333328,"graham_debt_to_equity,graham_pe_times_pb,munger_fcf",16278274048.0,17.709347,2.8747668,1.501,1.3899199999999998,0.20903999,0.33565,0.105950005,-537311360.0,0.026099999999999998,4.0
THO,False,31.395194152824136,"munger_roe,munger_gross_margin",4055269376.0,15.769231,0.9399472,1.707,0.21316,0.06091,0.13216,0.03452,148253872.0,0.026000000000000002,4.0
PMT,False,31.377607517857143,"data_missing:market_cap,data_missing:free_cash_flow,graham_debt_to_equity,graham_earnings_stability,munger_roe",,6.438356,0.6248338,1.798,12.390820000000001,0.089370005,0.82927,0.10908,,0.1677,3.0
PSN,False,31.366234000865955,"graham_pe,graham_pe_times_pb,munger_roe,munger_gross_margin",4899270144.0,31.63517,1.8617232,1.662,0.59881,0.082440004,0.21959999,0.02224,213456128.0,,4.0
LNT,False,31.35082142857143,"graham_current_ratio,graham_debt_to_equity,graham_pe,graham_pe_times_pb,munger_roe,munger_fcf",18235494400.0,22.256329,2.4219987,0.466,1.60951,0.11135,0.44502,0.19053,-1138625024.0,0.0305,4.0
PTEN,False,31.328656924972055,"data_missing:trailing_pe,graham_earnings_stability,munger_roe,munger_gross_margin",4681499136.0,,1.5102115,1.75,0.41383000000000003,-0.0277,0.23754999,-0.00567,273732384.0,0.0332,0.0
HCA,False,31.326113457157,"data_missing:debt_to_equity,data_missing:return_on_equity,graham_current_ratio,graham_pe_times_pb",87871463424.0,13.6015415,-13.319004,0.993,,,0.42580003,0.15161,3738125056.0,0.0077,4.0
PPL,False,31.28317953809524,"graham_current_ratio,graham_debt_to_equity,graham_pe,graham_pe_times_pb,munger_roe,munger_fcf",26749204480.0,21.032543,1.7775166,0.905,1.3543399999999999,0.086330004,0.44094002,0.23591,-1938375040.0,0.0321,4.0
ORLY,False,31.277437627373388,"data_missing:debt_to_equity,data_missing:return_on_equity,graham_current_ratio,graham_pe,graham_pe_times_pb",72321097728.0,28.380953,-39.751,0.752,,,0.51636004,0.2015,1570733824.0,,4.0
VTR,False,31.2499740505826,"graham_current_ratio,graham_earnings_stability,graham_pe,graham_pe_times_pb,munger_roe",47591161856.0,168.6909,3.2487133,0.295,0.8492799999999999,0.02012,0.39970002,0.14807999,1486853504.0,0.0218,2.0
PSMT,False,31.167694879125545,"graham_current_ratio,graham_pe,graham_pe_times_pb,munger_roe,munger_gross_margin",5302455296.0,33.04231,3.7142243,1.277,0.24017,0.12314,0.17635,0.044499997,58311500.0,0.008,4.0
BC,False,31.11384362022722,"data_missing:trailing_pe,graham_current_ratio,graham_debt_to_equity,graham_earnings_stability,munger_roe,munger_gross_margin",5194485760.0,,3.096489,1.447,1.3648099999999999,-0.048270002,0.26487,0.08756,385062496.0,0.0216,0.0
APG,False,31.029806769154245,"data_missing:trailing_pe,graham_current_ratio,graham_debt_to_equity,munger_roe",18200430592.0,,4.9816656,1.389,1.0927200000000001,0.10348,0.31441,0.090509996,648625024.0,,4.0
PRVA,False,30.91088945233489,"graham_earnings_stability,graham_pe,graham_pe_times_pb,munger_roe,munger_gross_margin",2749478656.0,97.840904,3.474576,1.616,0.01042,0.04306,0.1003,0.018609999,95646496.0,,3.0
KNX,False,30.89182561058534,"graham_current_ratio,graham_pe,graham_pe_times_pb,munger_roe,munger_gross_margin",11305031680.0,257.25925,1.619152,0.877,0.38409999999999994,0.00611,0.24333,0.051810004,491255488.0,0.0115,4.0
PCG,False,30.886262571428574,"graham_current_ratio,graham_debt_to_equity,munger_roe,munger_fcf",40083079168.0,13.093526,1.24012,1.216,1.8944999999999999,0.09318,0.39823002,0.24788,-6150125056.0,0.0113,4.0
SMCI,False,30.795775307142854,"munger_gross_margin,munger_fcf",23824334848.0,11.297546,2.203674,3.872,0.6430800000000001,0.21465999,0.108219996,0.13382,-8231267840.0,,4.0
CWK,False,30.764666666666667,"graham_current_ratio,graham_debt_to_equity,graham_earnings_stability,graham_pe,graham_pe_times_pb,munger_roe,munger_gross_margin",3494887168.0,51.34483,1.7271779,1.078,1.49834,0.0352,0.18128,0.04858,302500000.0,,2.0
NI,False,30.754654461904764,"graham_current_ratio,graham_debt_to_equity,graham_pe,graham_pe_times_pb,munger_roe,munger_fcf",20203868160.0,22.409575,2.0910263,0.498,1.46649,0.085489996,0.50971,0.17156,-1772999936.0,0.0288,4.0
OKE,False,30.65879722183605,"graham_current_ratio,graham_debt_to_equity,graham_pe_times_pb,munger_gross_margin",60811763712.0,16.661486,2.7185369,0.737,1.4306999999999999,0.16277,0.27214,0.13254,899875008.0,0.0446,4.0
PNW,False,30.620988333333333,"graham_current_ratio,graham_debt_to_equity,graham_pe_times_pb,munger_roe,munger_fcf",12087000064.0,19.142035,1.7180905,0.594,2.3328800000000003,0.09365,0.43352002,0.21341999,-929501376.0,0.0366,4.0
SYF,False,30.589499999999997,"data_missing:current_ratio,data_missing:debt_to_equity,data_missing:free_cash_flow,munger_gross_margin",25069824000.0,7.9025645,1.6494339,,,0.20786,0.0,0.50219,,0.0171,4.0
BJ,False,30.582995775818944,"graham_current_ratio,graham_debt_to_equity,graham_pe,graham_pe_times_pb,munger_gross_margin",11512890368.0,20.726439,5.4146905,0.727,1.34579,0.27885,0.18475,0.03672,89211000.0,,4.0
NX,False,30.565095238095243,"data_missing:trailing_pe,graham_size,graham_debt_to_equity,graham_earnings_stability,munger_roe,munger_gross_margin",912129408.0,,1.2419486,2.28,1.22271,-0.29746,0.26492,0.04047,82574872.0,0.0155,0.0
AVTR,False,30.52775375038972,"data_missing:trailing_pe,graham_earnings_stability,munger_roe",9621204992.0,,1.7091193,1.782,0.6567799999999999,-0.09701,0.31825,0.07162,450337504.0,,0.0
SARO,False,30.519071550360316,"graham_earnings_stability,graham_pe,graham_pe_times_pb,munger_roe,munger_gross_margin",8600595456.0,26.793814,3.2106237,2.135,0.93207,0.12302,0.15048,0.10532,369616000.0,,2.0
PCAR,False,30.514821019412974,"graham_pe,graham_pe_times_pb,munger_roe,munger_gross_margin",67869499392.0,27.145264,3.339809,5.519,0.7291,0.12755999,0.13715,0.12024,1943650048.0,0.011000000000000001,4.0
NWE,False,30.41296471428571,"graham_current_ratio,graham_debt_to_equity,graham_pe,graham_pe_times_pb,munger_roe,munger_fcf",4375764480.0,25.6787,1.5112177,0.826,1.24221,0.05935,0.55587,0.17343001,-242985632.0,0.0379,4.0
TMP,False,30.272251499999996,"data_missing:current_ratio,data_missing:debt_to_equity,data_missing:free_cash_flow,graham_size,munger_gross_margin",1393272064.0,7.920687,1.4450444,,,0.20363002,0.0,0.45026,,0.0288,4.0
ASTH,False,30.174595238095236,"graham_size,graham_current_ratio,graham_debt_to_equity,graham_pe,graham_pe_times_pb,munger_roe,munger_gross_margin",1965077120.0,48.310978,2.3489478,1.229,1.6362299999999999,0.06902,0.10457,0.03529,231191248.0,,4.0
MXL,False,30.155387914141773,"data_missing:trailing_pe,graham_earnings_stability,munger_roe",6195251712.0,,12.777777,1.776,0.30566,-0.21324,0.57477003,-0.02441,14404875.0,,0.0
WS,False,30.079367425489423,"graham_size,graham_current_ratio,graham_pe,graham_pe_times_pb,munger_roe,munger_gross_margin",1757913216.0,202.9706,1.6199532,1.456,0.28054,-0.01048,0.11711001,0.0579,90725000.0,0.0178,4.0
APO,False,30.014332666666665,"data_missing:free_cash_flow,graham_debt_to_equity,graham_earnings_stability,graham_pe,graham_pe_times_pb,munger_roe",77597368320.0,46.761566,3.8598242,1.948,1.00969,0.11412,0.36141998,0.21952,,0.0168,3.0
ENSG,False,29.881345821405077,"graham_current_ratio,graham_pe,graham_pe_times_pb,munger_gross_margin",10692495360.0,28.710487,4.3415294,1.211,0.92027,0.16973,0.16566,0.09035,280635360.0,0.0014000000000000002,4.0
UVV,False,29.869713877380953,"graham_size,graham_pe,graham_pe_times_pb,munger_roe,munger_gross_margin",1120217600.0,59.197372,0.8078505,2.572,0.85545,0.022769999,0.17417999,0.00438,155875008.0,0.0735,4.0
XYZ,False,29.845571428571432,"graham_earnings_stability,graham_pe,graham_pe_times_pb,munger_roe,munger_fcf",47787237376.0,142.03572,2.1674204,2.209,0.3258,0.01612,0.46572,0.06999,-27105876.0,,3.0
COHU,False,29.82368975262967,"data_missing:trailing_pe,graham_earnings_stability,munger_roe",2621602304.0,,3.384672,5.742,0.42764,-0.04836,0.43951,0.00621,66293124.0,,0.0
OTIS,False,29.813510952556182,"data_missing:debt_to_equity,data_missing:return_on_equity,graham_current_ratio,graham_pe_times_pb",27153145856.0,18.336761,-4.724154,0.831,,,0.30313,0.15133001,1436249984.0,0.0245,4.0
POWI,False,29.76465814135119,"data_missing:debt_to_equity,graham_pe,graham_pe_times_pb,munger_roe",3104879104.0,126.295456,4.5549183,7.069,,0.03622,0.53720003,0.074829996,73703504.0,0.0154,4.0
CNC,False,29.754128571428573,"data_missing:trailing_pe,graham_current_ratio,graham_earnings_stability,munger_roe,munger_gross_margin",31783636992.0,,1.4087096,1.145,0.7108199999999999,-0.20358999,0.11415,0.0376,9639624704.0,,0.0
GEO,False,29.729964797619047,"graham_debt_to_equity,graham_pe_times_pb,munger_gross_margin,munger_fcf",4176947456.0,14.96934,2.8196356,1.653,1.06105,0.20127001,0.26042998,0.13892001,-3632500.0,,4.0
KRMN,False,29.686154095238095,"graham_debt_to_equity,graham_earnings_stability,graham_pe,graham_pe_times_pb,munger_roe,munger_fcf",7394055680.0,206.62962,17.560593,3.555,2.0785400000000003,0.09503,0.41667998,0.20229,-57195876.0,,3.0
DPZ,False,29.673838578098366,"data_missing:debt_to_equity,data_missing:return_on_equity,graham_pe_times_pb,munger_gross_margin",11142590464.0,19.104937,-2.7968578,1.538,,,0.28709,0.19084999,531496512.0,0.023700000000000002,4.0
FBP,False,29.6205,"data_missing:current_ratio,data_missing:debt_to_equity,data_missing:free_cash_flow,munger_gross_margin",4354099200.0,12.033756,2.1879556,,,0.19494,0.0,0.49097002,,0.0281,4.0
PKG,False,29.5588512378121,"graham_pe,graham_pe_times_pb,munger_roe,munger_gross_margin",22489745408.0,32.823795,4.7949357,2.941,0.94474,0.14887,0.21385999,0.13121,432950016.0,0.023700000000000002,4.0
PENG,False,29.469563792857144,"graham_earnings_stability,graham_pe,graham_pe_times_pb,munger_gross_margin,munger_fcf",2673844224.0,37.53957,6.0893917,1.544,0.77496,0.16194999,0.27924,0.108260006,-107568000.0,,1.0
PII,False,29.430046318792996,"data_missing:trailing_pe,graham_current_ratio,graham_debt_to_equity,graham_earnings_stability,munger_roe,munger_gross_margin",3638411264.0,,4.349364,1.2,2.4489900000000002,-0.25571,0.21948,0.071729995,277100000.0,0.0412,0.0
GSHD,False,29.39757469330247,"data_missing:debt_to_equity,data_missing:return_on_equity,graham_pe,graham_pe_times_pb",3238551040.0,47.068962,-14.453621,1.544,,,0.49583,0.23388,36873876.0,,4.0
PWR,False,29.38677422507036,"graham_current_ratio,graham_pe,graham_pe_times_pb,munger_gross_margin",101720842240.0,77.41305,10.549302,1.098,0.6778,0.15337,0.15456,0.07217,1955491328.0,0.0006,4.0
SHO,False,29.332175598809528,"graham_pe,graham_pe_times_pb,munger_roe,munger_fcf",2080712576.0,50.863636,1.2721692,5.435,0.51842,0.027520001,0.43710998,0.12773,-112617752.0,0.0322,4.0
AHR,False,29.252726671903684,"graham_current_ratio,graham_earnings_stability,graham_pe,graham_pe_times_pb,munger_roe,munger_gross_margin",12066231296.0,81.39706,2.9166887,1.314,0.41888,0.03951,0.1928,0.0683,396683008.0,0.0181,1.0
GPK,False,29.229696766239798,"graham_current_ratio,graham_debt_to_equity,munger_roe,munger_gross_margin",3375215872.0,17.538462,1.0430008,1.379,1.7615100000000001,0.060100004,0.15491,0.045250002,237875008.0,0.038599999999999995,4.0
TTWO,False,29.180674518746557,"data_missing:trailing_pe,graham_current_ratio,graham_earnings_stability,munger_roe",43865612288.0,,12.388446,1.062,0.81607,-0.09039,0.57126,0.0051499996,1256137472.0,,0.0
GVA,False,29.069095238095237,"data_missing:trailing_pe,graham_current_ratio,graham_debt_to_equity,munger_roe,munger_gross_margin",5509379072.0,,7.2098837,1.013,2.1512000000000002,-0.14548,0.15641,0.08996,959048128.0,0.0040999999999999995,4.0
SDGR,False,29.031533333333336,"data_missing:trailing_pe,graham_size,graham_earnings_stability,munger_roe,munger_fcf",1458709760.0,,4.6362343,2.706,0.32832,-0.16174999,0.56869,-0.70551,-29163124.0,,0.0
BRKR,False,28.969964232682248,"data_missing:trailing_pe,graham_earnings_stability,munger_roe",8990723072.0,,3.7751904,1.847,0.76164,-0.029979998,0.48477,0.09875,179937504.0,0.0034000000000000002,0.0
DAN,False,28.959900000000005,"data_missing:trailing_pe,graham_current_ratio,graham_earnings_stability,munger_roe,munger_gross_margin",3288511488.0,,1.712741,1.487,0.75794,-0.01627,0.09462,0.05075,631249984.0,0.015600000000000001,1.0
CBRE,False,28.874708830920927,"graham_current_ratio,graham_debt_to_equity,graham_pe,graham_pe_times_pb,munger_gross_margin",44076257280.0,34.830666,5.2533307,1.141,1.17789,0.15798001,0.18574,0.03608,1637624960.0,,4.0
UNM,False,28.867692857142856,"graham_pe,munger_roe,munger_gross_margin,munger_fcf",13913584640.0,20.39211,1.2871432,17.258,0.36878,0.06351,0.29304,0.11359,-2231912448.0,0.023,4.0
AOSL,False,28.80900698715386,"data_missing:trailing_pe,graham_size,graham_earnings_stability,munger_roe,munger_gross_margin",800494336.0,,1.0032607,3.438,0.035070000000000004,-0.05217,0.22320999,-0.06449,22076750.0,,0.0
PEG,False,28.793275539565528,"graham_current_ratio,graham_debt_to_equity,graham_pe_times_pb,munger_roe",37516075008.0,18.72388,2.1631174,0.877,1.4240899999999999,0.11835,0.33333,0.18872,107750000.0,0.0356,4.0
TSN,False,28.79050051347442,"graham_current_ratio,graham_earnings_stability,graham_pe,graham_pe_times_pb,munger_roe,munger_gross_margin",20397451264.0,35.790123,1.1282351,1.433,0.44025,0.03263,0.06554,0.02711,1191250048.0,0.0348,2.0
BALL,False,28.766538052605828,"graham_current_ratio,graham_debt_to_equity,graham_pe_times_pb,munger_gross_margin",16554548224.0,17.919771,2.8800368,1.069,1.31495,0.17151,0.1863,0.09232,379875008.0,0.0128,4.0
PZZA,False,28.76550136009496,"data_missing:debt_to_equity,data_missing:return_on_equity,graham_size,graham_current_ratio,graham_pe,graham_pe_times_pb,munger_gross_margin",755881920.0,28.699999,-1.6682409,0.829,,,0.20365,0.055560004,59249124.0,0.0747,4.0
HRL,False,28.736364285714284,"data_missing:market_cap,graham_pe,graham_pe_times_pb,munger_roe,munger_gross_margin",,28.194117,1.6590517,1.938,0.04244,0.05831,0.15783,0.11057,471169760.0,0.0479,4.0
ITT,False,28.68982125714286,"data_missing:market_cap,graham_current_ratio,graham_pe,graham_pe_times_pb,munger_roe",,41.74608,3.964933,1.263,0.7973,0.11569,0.3498,0.123959996,275087488.0,0.0072,4.0
BLDR,False,28.588628627001277,"graham_debt_to_equity,graham_pe,graham_pe_times_pb,munger_roe,munger_gross_margin",7467194368.0,75.434784,1.8643386,1.789,1.30786,0.02506,0.29188,0.033269998,464577120.0,,4.0
GPC,False,28.557886872782696,"graham_current_ratio,graham_debt_to_equity,graham_pe,graham_pe_times_pb,munger_roe",18064453632.0,503.9808,3.9911973,1.159,1.4641499999999998,0.0070700003,0.37564,0.06562,917241984.0,0.0316,4.0
EXC,False,28.51501080952381,"graham_current_ratio,graham_debt_to_equity,munger_roe,munger_fcf",46958977024.0,16.757353,1.5842892,1.088,1.77362,0.09711,0.42363998,0.16590999,-2685125120.0,0.0371,4.0
USFD,False,28.503408140773136,"graham_current_ratio,graham_debt_to_equity,graham_pe,graham_pe_times_pb,munger_gross_margin",23429699584.0,33.120796,5.47465,1.137,1.26315,0.16350001,0.17554002,0.04197,805124992.0,,4.0
ACA,False,28.424101404945834,"graham_pe,graham_pe_times_pb,munger_roe,munger_gross_margin",7138411520.0,32.520138,2.3924458,3.119,0.50578,0.080299996,0.22805001,0.12312,60250000.0,0.0014000000000000002,4.0
BKH,False,28.38802380952381,"graham_current_ratio,graham_debt_to_equity,munger_roe,munger_fcf",5617950720.0,18.557936,1.4247177,0.523,1.11686,0.07958,0.39716,0.21422,-77750000.0,0.0384,4.0
INTC,False,28.35392434449535,"data_missing:trailing_pe,graham_earnings_stability,munger_roe",482483961856.0,,5.2580223,1.604,0.48997,-0.10715,0.38873002,0.12189999,4866375168.0,,0.0
JPM,False,28.341749999999998,"data_missing:current_ratio,data_missing:debt_to_equity,data_missing:free_cash_flow,graham_pe_times_pb,munger_gross_margin",947311149056.0,15.275396,2.6793702,,,0.17789,0.0,0.50394,,0.0168,4.0
CRBG,False,28.334022071963883,"graham_current_ratio,graham_debt_to_equity,graham_earnings_stability,graham_pe,munger_roe,munger_gross_margin",14358206464.0,20.647436,1.4134632,1.223,1.27231,0.07139,0.21102,0.111140005,642249984.0,0.030699999999999998,0.0
CVS,False,28.328683820013627,"graham_current_ratio,graham_pe,graham_pe_times_pb,munger_roe,munger_gross_margin",120197636096.0,24.796835,1.506935,0.866,0.95503,0.06205,0.13645001,0.03861,8076000256.0,0.028399999999999998,4.0
OGS,False,28.250408184523806,"graham_current_ratio,munger_roe,munger_fcf",5149814272.0,17.657328,1.4542582,0.481,0.95903,0.085760005,0.38094002,0.19847,-219928128.0,0.0334,4.0
PFBC,False,28.182750000000002,"data_missing:current_ratio,data_missing:debt_to_equity,data_missing:free_cash_flow,graham_size,munger_gross_margin",1222826752.0,9.6325865,1.5409951,,,0.17577,0.0,0.67442,,0.0311,4.0
TTMI,False,28.123453302380952,"graham_earnings_stability,graham_pe,graham_pe_times_pb,munger_roe,munger_gross_margin,munger_fcf",12391133184.0,52.981983,6.646324,1.78,0.5703,0.13260001,0.21191,0.108950004,-19442376.0,,2.0
ESI,False,28.053751881686562,"graham_pe,graham_pe_times_pb,munger_roe",8690018304.0,48.18919,3.0895858,2.907,0.74976,0.06539,0.38591,0.118310004,50812500.0,0.0088,4.0
ITGR,False,28.04110736254523,"graham_pe,graham_pe_times_pb,munger_roe,munger_gross_margin",4262093056.0,34.352055,2.4797778,3.733,0.79391,0.075040005,0.2613,0.10024,107673376.0,,4.0
SFBS,False,28.001249249999997,"data_missing:current_ratio,data_missing:debt_to_equity,data_missing:free_cash_flow,graham_pe_times_pb,munger_gross_margin",4774003712.0,14.875639,2.4135547,,,0.17334999,0.0,0.70001,,0.0173,4.0
CHEF,False,27.82260571553677,"graham_debt_to_equity,graham_pe,graham_pe_times_pb,munger_gross_margin",4404753408.0,51.66029,6.7931294,2.148,1.4602899999999999,0.15252,0.24457,0.05017,107143504.0,,4.0
NJR,False,27.81322728571428,"graham_current_ratio,graham_debt_to_equity,graham_pe_times_pb,munger_roe,munger_fcf",5619294720.0,15.340721,2.1089911,0.661,1.4677799999999999,0.14453,0.39178002,0.09133001,-259436368.0,0.0345,4.0
CAVA,False,27.80078065238095,"graham_earnings_stability,graham_pe,graham_pe_times_pb,munger_roe,munger_fcf",8392525312.0,128.30357,9.976395,2.483,0.61899,0.083229996,0.37733,0.0762,-721500.0,,3.0
NTRS,False,27.7995,"data_missing:current_ratio,data_missing:debt_to_equity,data_missing:free_cash_flow,graham_pe_times_pb,munger_gross_margin",34045302784.0,15.986684,2.8452494,,,0.17066,0.0,0.42496,,0.0177,4.0
CMS,False,27.664547190476192,"graham_current_ratio,graham_debt_to_equity,graham_pe,graham_pe_times_pb,munger_roe,munger_fcf",22182447104.0,21.243242,2.322924,0.936,1.8560400000000001,0.09158,0.40315,0.17167999,-2198874880.0,0.0323,4.0
ARCB,False,27.628228627979556,"graham_current_ratio,graham_pe,graham_pe_times_pb,munger_roe,munger_gross_margin",3067276288.0,196.04286,2.4193008,0.968,0.3627,0.01269,0.080970004,0.05429,148348992.0,0.0034999999999999996,4.0
ADNT,False,27.6071071,"graham_size,graham_current_ratio,graham_debt_to_equity,graham_earnings_stability,graham_pe,graham_pe_times_pb,munger_roe,munger_gross_margin",1521219584.0,35.272724,0.8650673,1.097,1.26868,0.05791,0.06585,0.024939999,354500000.0,,0.0
RITM,False,27.596964435714288,"data_missing:free_cash_flow,graham_current_ratio,graham_debt_to_equity,munger_roe",5700665856.0,16.735739,0.82809865,1.069,3.8764299999999996,0.055910002,0.95561,0.07942,,0.09630000000000001,4.0
UA,False,27.581980687553255,"data_missing:trailing_pe,graham_earnings_stability,munger_roe",2160614144.0,,1.512782,1.81,0.96356,-0.29825002,0.45624,-0.01604,102217624.0,,0.0
AX,False,27.579749999999997,"data_missing:current_ratio,data_missing:debt_to_equity,data_missing:free_cash_flow,munger_gross_margin",5460368384.0,11.3496475,1.72445,,,0.16773,0.0,0.45029998,,,4.0
PLXS,False,27.573697018887405,"graham_current_ratio,graham_pe,graham_pe_times_pb,munger_roe,munger_gross_margin",6487254528.0,35.953472,4.247461,1.488,0.20079,0.1258,0.100389995,0.046719998,20809250.0,,4.0
CHCO,False,27.566249999999997,"data_missing:current_ratio,data_missing:debt_to_equity,data_missing:free_cash_flow,graham_pe_times_pb,munger_gross_margin",2006625664.0,15.640745,2.4805448,,,0.16755,0.0,0.5191,,0.024300000000000002,4.0
FTRE,False,27.539380909523814,"data_missing:trailing_pe,graham_size,graham_current_ratio,graham_debt_to_equity,graham_earnings_stability,munger_roe,munger_gross_margin",1744134016.0,,3.327286,0.958,2.13239,-0.15303999,0.19301,0.025799999,278862496.0,,0.0
AORT,False,27.489873455656333,"data_missing:trailing_pe,graham_size,graham_earnings_stability,munger_roe",1387114496.0,,3.10895,3.473,0.9155800000000001,-0.0073100002,0.64373,0.09014,13096750.0,,1.0
EWBC,False,27.43275,"data_missing:current_ratio,data_missing:debt_to_equity,data_missing:free_cash_flow,munger_gross_margin",17933481984.0,12.573487,1.9395995,,,0.16577,0.0,0.65281,,0.0245,4.0
ZION,False,27.303,"data_missing:current_ratio,data_missing:debt_to_equity,data_missing:free_cash_flow,munger_gross_margin",9997805568.0,8.726115,1.3127886,,,0.16404,0.0,0.52116,,0.0281,4.0
UAA,False,27.283781132730322,"data_missing:trailing_pe,graham_earnings_stability,munger_roe",2216497920.0,,1.5519098,1.81,0.96356,-0.29825002,0.45624,-0.01604,102217624.0,,0.0
GM,False,27.13761904761905,"graham_current_ratio,graham_debt_to_equity,graham_pe,graham_pe_times_pb,munger_roe,munger_gross_margin",76272402432.0,37.647324,1.1928539,1.136,2.02341,0.03164,0.10177,0.03202,21933750272.0,0.0085,4.0
POR,False,27.103177142857138,"graham_current_ratio,graham_debt_to_equity,graham_pe,graham_pe_times_pb,munger_roe,munger_fcf",5946835456.0,22.373894,1.4196872,0.977,1.3616300000000001,0.06445,0.47537997,0.14987999,-415750016.0,0.0429,4.0
UTI,False,27.102297244047623,"graham_size,graham_current_ratio,graham_debt_to_equity,graham_pe,graham_pe_times_pb,munger_roe,munger_fcf",1327795072.0,39.508198,3.856617,1.302,1.04405,0.105349995,0.55051,0.01985,-4487750.0,,4.0
NWN,False,27.08790401190476,"data_missing:consecutive_positive_earnings_years,graham_current_ratio,graham_debt_to_equity,munger_roe,munger_fcf",2147191168.0,17.0602,1.3770112,0.772,1.73275,0.08347999,0.44977,0.13614,-268720128.0,0.038900000000000004,
TEX,False,27.08640095936723,"graham_pe,graham_pe_times_pb,munger_roe,munger_gross_margin",7451217408.0,31.19139,1.5036676,1.818,0.54558,0.042090002,0.17163,0.084,232250000.0,0.0105,4.0
UGI,False,27.073583333333335,"data_missing:consecutive_positive_earnings_years,graham_current_ratio,graham_debt_to_equity,munger_roe,munger_fcf",8232316928.0,12.750831,1.5184366,1.439,1.34987,0.13279,0.51343,-0.02479,-236250000.0,0.038900000000000004,
CCS,False,27.071065486493723,"graham_size,munger_roe,munger_gross_margin",1973527680.0,15.254945,0.7691712,4.76,0.6606799999999999,0.052210003,0.17865999,0.05158,78148624.0,0.0176,4.0
OFG,False,27.06075,"data_missing:current_ratio,data_missing:debt_to_equity,data_missing:free_cash_flow,munger_gross_margin",2189564160.0,10.217948,1.5558926,,,0.16081,0.0,0.43318,,0.0262,4.0
HUBG,False,27.002901763734638,"graham_current_ratio,graham_pe,graham_pe_times_pb,munger_roe,munger_gross_margin",2461428736.0,22.869318,1.4465408,1.474,0.2841,0.06241,0.11378,0.04162,59145876.0,0.0125,4.0
SOLS,False,26.942629910714288,"graham_current_ratio,graham_debt_to_equity,graham_pe,graham_pe_times_pb,munger_roe,munger_fcf",8943901696.0,42.6553,5.6389585,1.459,1.52771,0.112629995,0.30622998,0.19338,-27375000.0,0.0052,4.0
AEO,False,26.919940519047625,"data_missing:market_cap,graham_debt_to_equity",,10.141509,1.6423916,1.545,1.1406399999999999,0.17569,0.38194,0.023610001,144004128.0,0.03,4.0
CPB,False,26.89022661904762,"data_missing:market_cap,graham_current_ratio,graham_debt_to_equity,munger_gross_margin",,11.272059,1.7011912,0.866,1.82035,0.15389,0.292,0.13102001,603249984.0,0.0655,4.0
FBRT,False,26.75567857142857,"data_missing:free_cash_flow,graham_size,graham_current_ratio,graham_debt_to_equity,munger_roe",666439424.0,18.66279,0.54347825,1.403,2.70288,0.04119,0.99637,0.08555,,0.13720000000000002,4.0
VIR,False,26.752757142857142,"data_missing:trailing_pe,graham_size,graham_earnings_stability,munger_roe,munger_gross_margin,munger_fcf",1558022016.0,,1.8264829,6.042,0.09494,-0.26081,-0.59389997,0.30746,-38885876.0,,0.0
HNI,False,26.6557126998462,"data_missing:trailing_pe,graham_current_ratio,munger_roe",3422860800.0,,1.8961172,1.362,0.9107599999999999,0.00329,0.4188,0.08164,104212496.0,0.028900000000000002,4.0
UTL,False,26.64649955,"graham_size,graham_current_ratio,graham_debt_to_equity,munger_roe,munger_fcf",995357696.0,17.382166,1.6049166,0.491,1.4958799999999999,0.096219994,0.40218,0.14056,-65891876.0,0.0352,4.0
SNDR,False,26.6453665754148,"graham_pe,graham_pe_times_pb,munger_roe,munger_gross_margin",6157444096.0,54.882812,2.0126634,2.033,0.12947,0.036760002,0.16025,0.04552,87137504.0,0.011399999999999999,4.0
CFR,False,26.6235,"data_missing:current_ratio,data_missing:debt_to_equity,data_missing:free_cash_flow,graham_pe_times_pb,munger_gross_margin",10276612096.0,15.643804,2.295322,,,0.15498,0.0,0.37236,,0.025,4.0
SBRA,False,26.572424691176483,"graham_earnings_stability,graham_pe,graham_pe_times_pb,munger_roe",5257423360.0,79.15385,1.9112185,3.574,0.95672,0.02388,0.50268,-0.12527001,155119744.0,0.0584,3.0
CRL,False,26.307382690314473,"data_missing:trailing_pe,graham_current_ratio,graham_debt_to_equity,graham_earnings_stability,munger_roe",14118682624.0,,4.926634,1.348,1.05047,-0.07516,0.34585,0.15113,468856000.0,,0.0
LKFN,False,26.247749999999996,"data_missing:current_ratio,data_missing:debt_to_equity,data_missing:free_cash_flow,graham_size,munger_roe,munger_gross_margin",1489357568.0,13.741972,1.9260938,,,0.14997,0.0,0.51455003,,0.0346,4.0
IRM,False,26.23814285714286,"data_missing:debt_to_equity,data_missing:return_on_equity,graham_current_ratio,graham_pe,graham_pe_times_pb,munger_fcf",36275089408.0,87.03571,-28.317453,0.726,,,0.5421,0.19059,-436093504.0,0.028300000000000002,4.0
MAN,False,26.2369216740963,"graham_current_ratio,graham_earnings_stability,graham_pe,graham_pe_times_pb,munger_roe,munger_gross_margin",2820670464.0,27.31982,1.3391181,1.043,0.67414,0.050809998,0.16235,0.024419999,125012496.0,0.0242,0.0
NEO,False,26.236908747015086,"data_missing:trailing_pe,graham_earnings_stability,munger_roe",2128195712.0,,2.6970043,3.603,0.57064,-0.06327,0.43917,-0.048449997,43904752.0,,0.0
PVH,False,26.214776040476195,"data_missing:market_cap,graham_pe,munger_roe",,23.015106,0.71713,1.677,0.8633799999999999,0.033239998,0.57532,0.05822,465637504.0,0.0019,4.0
ADM,False,26.185443581293775,"graham_current_ratio,graham_pe,graham_pe_times_pb,munger_roe,munger_gross_margin",39795400704.0,22.560108,1.6883063,1.389,0.39134,0.07642,0.0687,0.04008,1164625024.0,0.0258,4.0
GT,False,26.113666333333335,"data_missing:trailing_pe,graham_size,graham_current_ratio,graham_debt_to_equity,graham_earnings_stability,munger_roe,munger_gross_margin",1688526080.0,,0.5942851,1.087,2.7367500000000002,-0.61530995,0.18340999,-0.009649999,525875008.0,,0.0
EIG,False,26.094658579960555,"graham_size,graham_current_ratio,graham_pe,graham_pe_times_pb,munger_roe,munger_gross_margin",858914496.0,60.53468,0.9997784,1.115,0.14974,0.00772,0.01242,0.16349001,18350000.0,0.028399999999999998,4.0
CARR,False,26.074876814266375,"graham_current_ratio,graham_pe,graham_pe_times_pb,munger_roe,munger_gross_margin",49888153600.0,43.228573,3.797929,1.02,0.91998,0.08966,0.24691999,0.13069001,861750016.0,0.015700000000000002,4.0
GXO,False,26.06166741268479,"graham_current_ratio,graham_debt_to_equity,graham_pe,graham_pe_times_pb,munger_roe,munger_gross_margin",5218721792.0,40.269913,1.748444,0.789,2.02482,0.04502,0.15255,0.029930001,340624992.0,,4.0
BCC,False,26.036617566703786,"graham_pe,graham_pe_times_pb,munger_roe,munger_gross_margin",2820965632.0,27.406778,1.3941097,2.71,0.27115,0.0506,0.16511999,0.045840003,43333376.0,0.010700000000000001,4.0
CBSH,False,26.020500749999997,"data_missing:current_ratio,data_missing:debt_to_equity,data_missing:free_cash_flow,munger_roe,munger_gross_margin",8488316416.0,14.504902,1.957658,,,0.14694001,0.0,0.45125,,0.0187,4.0
MFP,False,25.996223809523812,"data_missing:return_on_equity,data_missing:free_cash_flow,graham_earnings_stability,graham_pe,graham_pe_times_pb",2080549248.0,127.819435,2.6486504,1.837,0.32921999999999996,,0.35282,0.09739,,,3.0
TRUP,False,25.99272234772577,"graham_size,graham_earnings_stability,graham_pe,graham_pe_times_pb,munger_roe,munger_gross_margin",1353543296.0,58.547173,3.3229814,1.774,0.26096,0.06068,0.22584,0.01623,11546000.0,,1.0
LYB,False,25.940570369272187,"data_missing:trailing_pe,graham_debt_to_equity,graham_earnings_stability,munger_roe,munger_gross_margin",21987579904.0,,2.060266,1.641,1.3275899999999998,-0.02269,0.12888,0.17924999,1228000000.0,0.0418,0.0
CEG,False,25.90968629285715,"graham_current_ratio,graham_earnings_stability,graham_pe,graham_pe_times_pb,munger_gross_margin,munger_fcf",98022686720.0,27.04399,3.0740342,1.455,0.7641899999999999,0.15055001,0.22107,0.086619996,-6625124864.0,0.0062,3.0
J,False,25.8927631034501,"graham_current_ratio,graham_debt_to_equity,graham_pe,graham_pe_times_pb,munger_roe,munger_gross_margin",17222230016.0,47.315113,5.2798705,1.287,1.24734,0.07998,0.22067,0.07387,645677888.0,0.0098,4.0
DCH,False,25.856380952380952,"data_missing:trailing_pe,graham_size,graham_current_ratio,graham_debt_to_equity,graham_earnings_stability,munger_roe,munger_gross_margin",1511165312.0,,1.000472,1.398,3.43042,-0.15042,0.11327,0.04855,540849984.0,,0.0
ACM,False,25.81137846636514,"graham_current_ratio,graham_debt_to_equity,graham_pe,graham_pe_times_pb,munger_gross_margin",8283545088.0,22.663733,3.7768455,1.057,1.3888,0.16605,0.05678,-0.01844,379882112.0,0.0183,4.0
FFIN,False,25.806,"data_missing:current_ratio,data_missing:debt_to_equity,data_missing:free_cash_flow,graham_pe_times_pb,munger_roe,munger_gross_margin",4898217472.0,18.2754,2.4367201,,,0.14408,0.0,0.55958,,0.0258,4.0
CUBI,False,25.74375,"data_missing:current_ratio,data_missing:debt_to_equity,data_missing:free_cash_flow,munger_roe,munger_gross_margin",2655201792.0,9.51816,1.2037973,,,0.14325,0.0,0.46019,,,4.0
H,False,25.740710551379674,"graham_current_ratio,graham_debt_to_equity,graham_earnings_stability,graham_pe,graham_pe_times_pb,munger_roe",17277362176.0,226.34567,5.2285757,0.62,1.24421,0.02157,0.43444002,0.16749,170250000.0,0.0033,0.0
CPF,False,25.6845,"data_missing:current_ratio,data_missing:debt_to_equity,data_missing:free_cash_flow,graham_size,munger_roe,munger_gross_margin",958061952.0,11.96463,1.6102648,,,0.14246,0.0,0.36801997,,0.0323,4.0
SMTC,False,25.68107638277356,"data_missing:trailing_pe,graham_earnings_stability,munger_roe",11884691456.0,,20.725307,2.37,0.9028400000000001,-0.05806,0.52394,0.09267,132511376.0,,0.0
FOXF,False,25.622217940202592,"data_missing:trailing_pe,graham_size,graham_debt_to_equity,graham_earnings_stability,munger_roe,munger_gross_margin",893158720.0,,1.3390044,3.105,1.02,-0.3675,0.29549,0.04889,48863876.0,,0.0
CC,False,25.619714285714284,"data_missing:trailing_pe,data_missing:debt_to_equity,graham_earnings_stability,munger_roe,munger_gross_margin",2380893952.0,,-48.527607,1.663,,-3.19372,0.15405,0.01131,303124992.0,0.022000000000000002,0.0
AIR,False,25.608259940476184,"graham_pe,graham_pe_times_pb,munger_roe,munger_gross_margin,munger_fcf",5499764224.0,28.109076,3.1569364,2.841,0.59397,0.12876001,0.18802999,0.08384,-50362500.0,,4.0
BNY,False,25.593,"data_missing:current_ratio,data_missing:debt_to_equity,data_missing:free_cash_flow,graham_pe_times_pb,munger_roe,munger_gross_margin",108947415040.0,18.758177,2.7298076,,,0.14124,0.0,0.40046,,0.0139,4.0
OI,False,25.57433410631657,"data_missing:trailing_pe,graham_size,graham_current_ratio,graham_debt_to_equity,graham_earnings_stability,munger_roe,munger_gross_margin",991873664.0,,2.5892498,1.261,9.25046,-1.18344,0.14827,0.07194,69625000.0,,0.0
SW,False,25.559561164486993,"graham_current_ratio,graham_pe,graham_pe_times_pb,munger_roe,munger_gross_margin",25544265728.0,51.80851,1.4162741,1.447,0.78427,0.02715,0.18160999,0.05466,1215000064.0,0.0371,4.0
RES,False,25.527482999999997,"graham_size,graham_pe,graham_pe_times_pb,munger_roe,munger_gross_margin,munger_fcf",1410846848.0,57.863636,1.2507368,3.341,0.046790000000000005,0.02076,0.23256999,0.0448,-5273000.0,0.0253,4.0
AMKR,False,25.511447619047615,"graham_pe,graham_pe_times_pb,munger_roe,munger_gross_margin,munger_fcf",12951828480.0,23.376682,2.7798219,2.171,0.57054,0.12514,0.15511,0.10532,-378785984.0,0.0066,4.0
BFH,False,25.48489296428571,"data_missing:current_ratio,data_missing:debt_to_equity,data_missing:free_cash_flow,munger_gross_margin",3969478656.0,8.015515,1.1882555,,,0.17424999,0.0,0.28971002,,0.0085,4.0
SITM,False,25.45166912673156,"graham_debt_to_equity,graham_earnings_stability,graham_pe,graham_pe_times_pb,munger_roe",18572423168.0,1000.0,14.121078,19.445,1.2941900000000002,0.013259999,0.58714,0.10623,24747500.0,,0.0
AZO,False,25.4293350952381,"data_missing:market_cap,data_missing:debt_to_equity,data_missing:return_on_equity,graham_current_ratio,graham_pe,graham_pe_times_pb",,20.31569,-17.38127,0.89,,,0.51754004,0.19082001,903784256.0,,4.0
SYNA,False,25.35202950278905,"data_missing:trailing_pe,graham_current_ratio,graham_earnings_stability,munger_roe",3899357440.0,,4.1903763,1.122,0.9433,-0.42229998,0.44721,-0.02792,149650000.0,,0.0
WRBY,False,25.351433336266677,"graham_earnings_stability,graham_pe,graham_pe_times_pb,munger_roe",3363375104.0,453.5,8.886349,2.268,0.6402800000000001,0.020550001,0.53119,-0.03596,9525750.0,,1.0
HUM,False,25.276049632824428,"graham_pe,graham_pe_times_pb,munger_roe,munger_gross_margin",46025580544.0,36.608406,2.3955474,1.742,0.76485,0.06893,0.13653,0.034649998,1940999936.0,0.009399999999999999,4.0
BANF,False,25.250999999999994,"data_missing:current_ratio,data_missing:debt_to_equity,data_missing:free_cash_flow,munger_roe,munger_gross_margin",3794473984.0,15.2408905,1.9388314,,,0.13668,0.0,0.50523,,0.0174,4.0
DAL,False,25.224447619047623,"data_missing:market_cap,graham_current_ratio,graham_pe_times_pb,munger_gross_margin",,13.545605,2.448955,0.424,0.96649,0.20125,0.187,0.07921,2817374976.0,0.009300000000000001,4.0
UNFI,False,24.969857142857144,"data_missing:trailing_pe,graham_current_ratio,graham_debt_to_equity,graham_earnings_stability,munger_roe,munger_gross_margin",2809903616.0,,1.7636557,1.328,1.97248,-0.02296,0.13494,0.01101,482500000.0,,0.0
GPI,False,24.890823589603247,"graham_current_ratio,graham_debt_to_equity,munger_roe,munger_gross_margin",3120999936.0,10.830782,1.046099,1.02,1.95668,0.0949,0.15946001,0.03827,135050000.0,0.0083,4.0
BROS,False,24.855276868090456,"graham_current_ratio,graham_debt_to_equity,graham_earnings_stability,graham_pe,graham_pe_times_pb,munger_roe,munger_gross_margin",8628487168.0,68.604164,8.538462,1.35,1.23827,0.14562,0.25097,0.12876001,1719625.0,,3.0
MRTN,False,24.795783666666665,"graham_size,graham_pe,graham_pe_times_pb,munger_roe,munger_gross_margin,munger_fcf",1207776128.0,98.6,1.576759,2.503,0.00047,0.01646,0.22690001,0.02345,-5991125.0,0.016200000000000003,4.0
WAL,False,24.764249999999997,"data_missing:current_ratio,data_missing:debt_to_equity,data_missing:free_cash_flow,munger_roe,munger_gross_margin",8735706112.0,9.037247,1.1795816,,,0.13019,0.0,0.39363998,,0.0209,4.0
BOH,False,24.76275,"data_missing:current_ratio,data_missing:debt_to_equity,data_missing:free_cash_flow,munger_roe,munger_gross_margin",3058983680.0,14.41264,1.9981961,,,0.13017,0.0,0.44022,,0.036000000000000004,4.0
DY,False,24.73110680952381,"data_missing:market_cap,graham_debt_to_equity,graham_pe,graham_pe_times_pb,munger_gross_margin",,38.48233,6.3814187,2.584,1.58196,0.19699,0.20462999,0.07317,288279744.0,,4.0
IBOC,False,24.69,"data_missing:current_ratio,data_missing:debt_to_equity,data_missing:free_cash_flow,munger_roe,munger_gross_margin",4451979264.0,10.780873,1.318907,,,0.1292,0.0,0.60488,,0.0204,4.0
CASH,False,24.677142857142854,"data_missing:current_ratio,data_missing:debt_to_equity,data_missing:free_cash_flow,graham_size,munger_gross_margin",1723981312.0,10.386733,2.0505028,,,0.21176,0.0,0.20522,,0.0024,4.0
PI,False,24.661857846349236,"data_missing:trailing_pe,graham_debt_to_equity,graham_earnings_stability,munger_roe",4861970944.0,,20.989975,3.277,1.15143,-0.12875,0.52856,0.09693,56185876.0,,0.0
MRCY,False,24.587404368099055,"data_missing:trailing_pe,graham_earnings_stability,munger_roe,munger_gross_margin",5859023872.0,,3.9291325,2.963,0.33582,-0.01998,0.28585,0.01227,107115000.0,,0.0
REZI,False,24.529428904761907,"graham_debt_to_equity,graham_earnings_stability,munger_gross_margin,munger_fcf",3181202688.0,8.183595,1.2575785,2.223,1.2990700000000002,0.15196,0.29208001,0.07925,-1902749952.0,,0.0
PNC,False,24.46725,"data_missing:current_ratio,data_missing:debt_to_equity,data_missing:free_cash_flow,munger_roe,munger_gross_margin",98491457536.0,13.594747,1.7187694,,,0.12623,0.0,0.38689,,0.0325,4.0
USB,False,24.46725,"data_missing:current_ratio,data_missing:debt_to_equity,data_missing:free_cash_flow,munger_roe,munger_gross_margin",97993646080.0,12.553892,1.616381,,,0.12623,0.0,0.39646998,,0.0331,4.0
NSP,False,24.4502380952381,"data_missing:trailing_pe,graham_size,graham_current_ratio,graham_debt_to_equity,graham_earnings_stability,munger_roe,munger_gross_margin",1986154112.0,,32.56105,1.113,7.836069999999999,-0.18496999,0.12893,0.00356,195124992.0,0.0463,0.0
PRK,False,24.43875,"data_missing:current_ratio,data_missing:debt_to_equity,data_missing:free_cash_flow,graham_pe_times_pb,munger_roe,munger_gross_margin",3656005376.0,18.086685,2.1174932,,,0.12585,0.0,0.46613997,,0.0218,4.0
RYN,False,24.432023809523812,"data_missing:market_cap,graham_pe,graham_pe_times_pb,munger_roe,munger_gross_margin",,46.597824,1.2280148,3.562,0.36024999999999996,0.02015,0.24815,0.1179,111029624.0,0.0484,4.0
WFC,False,24.43125,"data_missing:current_ratio,data_missing:debt_to_equity,data_missing:free_cash_flow,munger_roe,munger_gross_margin",257871544320.0,12.394622,1.6030943,,,0.12575,0.0,0.37387002,,0.0233,4.0
WABC,False,24.3645,"data_missing:current_ratio,data_missing:debt_to_equity,data_missing:free_cash_flow,graham_size,munger_roe,munger_gross_margin",1342989056.0,12.827814,1.5667295,,,0.12486,0.0,0.60288,,0.033,4.0
BJRI,False,24.250360904362044,"graham_size,graham_current_ratio,graham_debt_to_equity,graham_pe,graham_pe_times_pb,munger_roe,munger_gross_margin",1359287168.0,33.806877,3.405191,0.289,1.09378,0.104399994,0.15534,0.05006,49461376.0,,4.0
UMBF,False,24.231749999999998,"data_missing:current_ratio,data_missing:debt_to_equity,data_missing:free_cash_flow,munger_roe,munger_gross_margin",11173768192.0,12.229426,1.5102861,,,0.12309,0.0,0.51058,,0.0137,4.0
WTFC,False,24.156,"data_missing:current_ratio,data_missing:debt_to_equity,data_missing:free_cash_flow,munger_roe,munger_gross_margin",10343613440.0,12.306581,1.4568291,,,0.12208,0.0,0.46085998,,0.0143,4.0
LHX,False,24.120614457142857,"data_missing:current_ratio,data_missing:return_on_equity,data_missing:free_cash_flow,graham_pe,graham_pe_times_pb",51407339520.0,27.913548,2.6859536,,0.34574,,0.30414,0.097270004,,0.018000000000000002,4.0
IFF,False,24.11189761904762,"data_missing:trailing_pe,graham_earnings_stability,munger_roe,munger_fcf",21312675840.0,,1.5258572,2.061,0.44821,-0.05548,0.36583,0.08495,-1720999936.0,0.0192,0.0
MTRN,False,24.06426614155068,"graham_pe,graham_pe_times_pb,munger_roe,munger_gross_margin",4971343360.0,55.622375,5.186827,2.941,0.51424,0.09458999,0.16011,0.08574,13363875.0,0.0024,4.0
TRIP,False,24.044428571428572,"data_missing:trailing_pe,graham_size,graham_debt_to_equity,munger_roe,munger_fcf",1171175168.0,,1.7630056,1.561,1.34928,-0.00233,0.63966,0.09437,-101500000.0,,4.0
WSFS,False,23.925749999999997,"data_missing:current_ratio,data_missing:debt_to_equity,data_missing:free_cash_flow,munger_roe,munger_gross_margin",4117720320.0,13.444631,1.5337646,,,0.11901,0.0,0.41717,,0.01,4.0
MDU,False,23.914511529761903,"graham_current_ratio,graham_pe,graham_pe_times_pb,munger_roe,munger_fcf",4351078400.0,22.005318,1.4865253,0.992,0.8805,0.068909995,0.3475,0.12531,-478334112.0,0.0276,4.0
RF,False,23.900249549999998,"data_missing:current_ratio,data_missing:debt_to_equity,data_missing:free_cash_flow,munger_roe,munger_gross_margin",26047746048.0,12.428862,1.492337,,,0.118669994,0.0,0.39314997,,0.0358,4.0
DTE,False,23.89369004761905,"graham_current_ratio,graham_debt_to_equity,graham_pe,graham_pe_times_pb,munger_roe,munger_gross_margin,munger_fcf",28978341888.0,22.175158,2.3852425,0.802,2.2906,0.1103,0.29347,0.13623999,-2596624896.0,0.0335,4.0
MBIN,False,23.799749999999996,"data_missing:current_ratio,data_missing:debt_to_equity,data_missing:free_cash_flow,munger_roe,munger_gross_margin",2461362176.0,10.759036,1.3358598,,,0.11733,0.0,0.61074,,0.008199999999999999,4.0
CATY,False,23.77950045,"data_missing:current_ratio,data_missing:debt_to_equity,data_missing:free_cash_flow,munger_roe,munger_gross_margin",4174283776.0,12.244618,1.37242,,,0.117060006,0.0,0.62619996,,0.024300000000000002,4.0
SR,False,23.766975073809522,"graham_current_ratio,graham_debt_to_equity,munger_roe,munger_fcf",4959860224.0,18.440659,1.3841598,0.37,2.02612,0.081099994,0.43965998,0.07068,-326512512.0,0.0395,4.0
XHR,False,23.75357281452563,"data_missing:trailing_pe,graham_size,graham_debt_to_equity,munger_roe,munger_gross_margin",1928606848.0,,1.6202627,2.198,1.18285,-0.0063300002,0.26128998,0.13129,72648248.0,0.0288,4.0
AMR,False,23.659531385757056,"data_missing:trailing_pe,graham_earnings_stability,munger_roe,munger_gross_margin",2413456384.0,,1.6110604,3.405,0.0076100000000000004,-0.0296,0.10018,-0.02903,52462248.0,,0.0
CBU,False,23.6475,"data_missing:current_ratio,data_missing:debt_to_equity,data_missing:free_cash_flow,munger_roe,munger_gross_margin",3327429888.0,14.672854,1.604791,,,0.1153,0.0,0.39207,,0.0301,4.0
HII,False,23.60581979761905,"graham_current_ratio,graham_pe_times_pb,munger_roe,munger_gross_margin,munger_fcf",12070023168.0,18.232738,2.2721946,1.23,0.55252,0.12968001,0.124,0.0708,-300249984.0,0.0177,4.0
VSEC,False,23.596892707142857,"graham_pe,graham_pe_times_pb,munger_roe,munger_gross_margin,munger_fcf",6264522752.0,71.31469,2.135334,3.768,0.34965,0.042659998,0.15621,0.12682,-260715008.0,0.0017000000000000001,4.0
CMC,False,23.596325440476193,"data_missing:market_cap,munger_roe,munger_gross_margin",,12.52741,1.6187103,2.326,0.7998099999999999,0.13791999,0.18565,0.09476,134061248.0,0.011699999999999999,4.0
FHN,False,23.58975,"data_missing:current_ratio,data_missing:debt_to_equity,data_missing:free_cash_flow,munger_roe,munger_gross_margin",11785206784.0,11.959135,1.389432,,,0.11453,0.0,0.41284,,0.0273,4.0
PATK,False,23.586971282882192,"graham_debt_to_equity,graham_pe,graham_pe_times_pb,munger_roe,munger_gross_margin",2713351168.0,20.114288,2.3993866,2.668,1.46006,0.12953,0.23055,0.07395,32754876.0,0.0215,4.0
NBTB,False,23.568,"data_missing:current_ratio,data_missing:debt_to_equity,data_missing:free_cash_flow,munger_roe,munger_gross_margin",2686854656.0,12.581508,1.3829901,,,0.11424,0.0,0.41447,,0.030899999999999997,4.0
EL,False,23.55875,"data_missing:market_cap,data_missing:free_cash_flow,graham_current_ratio,graham_debt_to_equity,graham_earnings_stability,graham_pe,graham_pe_times_pb,munger_roe",,195.04,8.835734,1.222,2.4293199999999997,0.04745,0.755,-0.15439999,,0.0143,0.0
TSLA,False,23.533388830987796,"graham_pe,graham_pe_times_pb,munger_roe,munger_gross_margin",1342135205888.0,311.76147,15.449875,1.941,0.18373,0.046669997,0.18852,0.014099999,4835999744.0,,4.0
HAFC,False,23.508,"data_missing:current_ratio,data_missing:debt_to_equity,data_missing:free_cash_flow,graham_size,munger_roe,munger_gross_margin",920609408.0,10.454545,1.1240633,,,0.11344,0.0,0.45029998,,0.036000000000000004,4.0
OZK,False,23.4967503,"data_missing:current_ratio,data_missing:debt_to_equity,data_missing:free_cash_flow,munger_roe,munger_gross_margin",5386458624.0,8.358714,0.9069712,,,0.113290004,0.0,0.55609,,0.037599999999999995,4.0
SHEN,False,23.43785,"data_missing:trailing_pe,graham_size,graham_current_ratio,graham_earnings_stability,munger_roe,munger_fcf",674341824.0,,0.7841875,0.852,0.77081,-0.03941,0.64852995,-0.00944,-236001120.0,0.009000000000000001,0.0
BAC,False,23.399250375,"data_missing:current_ratio,data_missing:debt_to_equity,data_missing:free_cash_flow,munger_roe,munger_gross_margin",440683003904.0,14.554273,1.6018505,,,0.111990005,0.0,0.38305,,0.0203,4.0
PFS,False,23.354999999999997,"data_missing:current_ratio,data_missing:debt_to_equity,data_missing:free_cash_flow,munger_roe,munger_gross_margin",3083855872.0,9.852124,1.0608417,,,0.1114,0.0,0.5227,,0.0405,4.0
SEDG,False,23.34931647978497,"data_missing:trailing_pe,graham_size,graham_earnings_stability,munger_roe,munger_gross_margin",1936215296.0,,4.660151,2.03,0.9885200000000001,-0.58424,0.2225,-0.026789999,122062496.0,,0.0
TRMK,False,23.339250449999998,"data_missing:current_ratio,data_missing:debt_to_equity,data_missing:free_cash_flow,munger_roe,munger_gross_margin",2703418624.0,12.122716,1.2611364,,,0.111190006,0.0,0.36776,,0.0215,4.0
HOMB,False,23.329499999999996,"data_missing:current_ratio,data_missing:debt_to_equity,data_missing:free_cash_flow,munger_roe,munger_gross_margin",6081508864.0,12.561983,1.3400925,,,0.11106,0.0,0.57611,,0.028300000000000002,4.0
FULT,False,23.32575,"data_missing:current_ratio,data_missing:debt_to_equity,data_missing:free_cash_flow,munger_roe,munger_gross_margin",4535711232.0,11.389423,1.2519157,,,0.11101,0.0,0.42348,,0.0321,4.0
FBK,False,23.31,"data_missing:current_ratio,data_missing:debt_to_equity,data_missing:free_cash_flow,munger_roe,munger_gross_margin",2953957632.0,15.636244,1.5253297,,,0.1108,0.0,0.45556,,0.014199999999999999,4.0
COLB,False,23.270999999999997,"data_missing:current_ratio,data_missing:debt_to_equity,data_missing:free_cash_flow,munger_roe,munger_gross_margin",8771384320.0,12.206693,1.1611055,,,0.11028,0.0,0.50923,,0.047599999999999996,4.0
FCF,False,23.1802497,"data_missing:current_ratio,data_missing:debt_to_equity,data_missing:free_cash_flow,munger_roe,munger_gross_margin",2143396096.0,13.092592,1.3612733,,,0.109069996,0.0,0.45363998,,0.026600000000000002,4.0
ROAD,False,23.149491244463498,"graham_debt_to_equity,graham_pe,graham_pe_times_pb,munger_gross_margin",6430120448.0,44.429413,6.537507,1.566,1.81754,0.15048,0.15759,0.10667,52442000.0,,4.0
WCC,False,23.114705439886535,"graham_debt_to_equity,graham_pe,graham_pe_times_pb,munger_roe,munger_gross_margin",16731450368.0,23.710634,3.3201814,2.091,1.2865,0.14308,0.21395001,0.06082,177050000.0,0.0058,4.0
BANR,False,23.086499999999997,"data_missing:current_ratio,data_missing:debt_to_equity,data_missing:free_cash_flow,munger_roe,munger_gross_margin",2419725312.0,11.749174,1.210308,,,0.10782,0.0,0.37702,,0.0287,4.0
MTB,False,23.0565,"data_missing:current_ratio,data_missing:debt_to_equity,data_missing:free_cash_flow,munger_roe,munger_gross_margin",35122032640.0,12.881356,1.3815826,,,0.10742,0.0,0.45108002,,0.0245,4.0
WBS,False,23.011499999999995,"data_missing:current_ratio,data_missing:debt_to_equity,data_missing:free_cash_flow,munger_roe,munger_gross_margin",12568934400.0,12.633551,1.3531382,,,0.10682,0.0,0.50575,,0.0206,4.0
ONB,False,22.9559997,"data_missing:current_ratio,data_missing:debt_to_equity,data_missing:free_cash_flow,munger_roe,munger_gross_margin",9920039936.0,11.473452,1.1874342,,,0.106079996,0.0,0.52542,,0.022400000000000003,4.0
SSB,False,22.948499549999994,"data_missing:current_ratio,data_missing:debt_to_equity,data_missing:free_cash_flow,munger_roe,munger_gross_margin",10347183104.0,11.207982,1.1330934,,,0.105979994,0.0,0.50514,,0.024700000000000003,4.0
WKC,False,22.936313949003345,"data_missing:trailing_pe,graham_size,graham_current_ratio,graham_earnings_stability,munger_roe,munger_gross_margin",1867545600.0,,1.6460774,1.058,0.58819,-0.12264,0.026889998,0.00753,116087504.0,0.0252,0.0
MP,False,22.898366666666664,"data_missing:trailing_pe,graham_earnings_stability,munger_roe,munger_fcf",9553369088.0,,4.879469,9.51,0.41402,-0.03585,0.42326,-0.1472,-432948864.0,,0.0
FLEX,False,22.862546831598387,"graham_current_ratio,graham_debt_to_equity,graham_pe,graham_pe_times_pb,munger_gross_margin",41469177856.0,43.34363,7.539288,1.38,1.07818,0.18378,0.0953,0.0497,625750016.0,,4.0
AAL,False,22.779298607234207,"data_missing:trailing_pe,data_missing:debt_to_equity,data_missing:return_on_equity,graham_current_ratio,munger_gross_margin",8956519424.0,,-2.2546408,0.534,,,0.21239,0.02814,519249984.0,,4.0
PAG,False,22.775735344338674,"graham_current_ratio,graham_debt_to_equity,graham_pe_times_pb,munger_gross_margin",14305313792.0,15.82135,2.4599438,0.975,1.6064699999999998,0.15842,0.16149001,0.03966,218100000.0,0.0264,4.0
STWD,False,22.76675,"data_missing:free_cash_flow,graham_debt_to_equity,graham_pe,munger_roe",6260491776.0,27.94068,0.9169031,12.868,3.3111900000000003,0.03689,0.86453,-0.05869,,0.1159,4.0
FHB,False,22.741499249999997,"data_missing:current_ratio,data_missing:debt_to_equity,data_missing:free_cash_flow,munger_roe,munger_gross_margin",3250697984.0,11.615218,1.1502692,,,0.10321999,0.0,0.43712002,,0.0388,4.0
FFBC,False,22.714499999999997,"data_missing:current_ratio,data_missing:debt_to_equity,data_missing:free_cash_flow,munger_roe,munger_gross_margin",3469223424.0,11.678445,1.1611158,,,0.10286,0.0,0.39804,,0.030699999999999998,4.0
UCB,False,22.703249999999997,"data_missing:current_ratio,data_missing:debt_to_equity,data_missing:free_cash_flow,munger_roe,munger_gross_margin",4281556736.0,11.683006,1.1432683,,,0.10271,0.0,0.50902003,,0.0291,4.0
KTOS,False,22.680083258333333,"graham_earnings_stability,graham_pe,graham_pe_times_pb,munger_roe,munger_gross_margin,munger_fcf",10848434176.0,339.94177,3.1629412,5.541,0.0565,0.011469999,0.23002,-0.00174,-118287504.0,,2.0
TCBI,False,22.641,"data_missing:current_ratio,data_missing:debt_to_equity,data_missing:free_cash_flow,munger_roe,munger_gross_margin",4291354880.0,12.83615,1.3038424,,,0.10188,0.0,0.36721,,0.008100000000000001,4.0
KEY,False,22.623214285714287,"data_missing:current_ratio,data_missing:debt_to_equity,data_missing:free_cash_flow,graham_earnings_stability,munger_roe,munger_gross_margin",23492835328.0,12.874269,1.3643405,,,0.1033,0.0,0.3471,,0.0371,1.0
SCL,False,22.47608231536172,"data_missing:trailing_pe,graham_size,graham_current_ratio,munger_roe,munger_gross_margin",1440592512.0,,1.1981676,1.151,0.5836,-0.0021600001,0.11812,0.0619,55548624.0,0.024700000000000003,4.0
AGNT,False,22.45257156190476,"data_missing:trailing_pe,data_missing:debt_to_equity,graham_size,graham_earnings_stability,munger_roe,munger_gross_margin",758715392.0,,2.7007732,1.515,,-0.06887,0.068280004,0.00412,98850248.0,0.0421,0.0
STBA,False,22.404,"data_missing:current_ratio,data_missing:debt_to_equity,data_missing:free_cash_flow,graham_size,munger_roe,munger_gross_margin",1762569216.0,13.292553,1.2555265,,,0.09872,0.0,0.44693002,,0.029500000000000002,4.0
MATW,False,22.38934291710383,"data_missing:trailing_pe,graham_size,graham_debt_to_equity,graham_earnings_stability,munger_roe",678262208.0,,1.3957223,1.756,1.2932,-0.05874,0.37884,-0.02657,26483000.0,0.0464,0.0
LPX,False,22.347616666666664,"graham_pe,graham_pe_times_pb,munger_roe,munger_gross_margin,munger_fcf",5135175168.0,95.37663,2.9477403,3.221,0.21617,0.03098,0.18023,0.05271,-96000000.0,0.0158,4.0
AUB,False,22.31925,"data_missing:current_ratio,data_missing:debt_to_equity,data_missing:free_cash_flow,munger_roe,munger_gross_margin",5892542464.0,12.029154,1.136326,,,0.09759,0.0,0.56057,,0.0358,4.0
HWC,False,22.278000374999998,"data_missing:current_ratio,data_missing:debt_to_equity,data_missing:free_cash_flow,munger_roe,munger_gross_margin",6107782656.0,15.349799,1.378583,,,0.097040005,0.0,0.4386,,0.0263,4.0
ASB,False,22.271249625,"data_missing:current_ratio,data_missing:debt_to_equity,data_missing:free_cash_flow,munger_roe,munger_gross_margin",5820346368.0,10.776224,1.0549375,,,0.096949995,0.0,0.41342998,,0.031200000000000002,4.0
TRST,False,22.23675,"data_missing:current_ratio,data_missing:debt_to_equity,data_missing:free_cash_flow,graham_size,munger_roe,munger_gross_margin",969729792.0,15.819445,1.4782609,,,0.09649,0.0,0.46668997,,0.028300000000000002,4.0
HGV,False,22.22595238095238,"graham_debt_to_equity,graham_pe,graham_pe_times_pb,munger_roe,munger_gross_margin,munger_fcf",3490591232.0,25.517046,3.179469,4.814,6.2408600000000005,0.11456,0.24617,0.12666,-127000000.0,,4.0
FIBK,False,22.212749249999998,"data_missing:current_ratio,data_missing:debt_to_equity,data_missing:free_cash_flow,munger_roe,munger_gross_margin",3610138624.0,11.727554,1.0893197,,,0.09616999,0.0,0.43242002,,0.049699999999999994,4.0
SAH,False,22.15477380952381,"graham_current_ratio,graham_debt_to_equity,munger_gross_margin,munger_fcf",2458366976.0,12.382166,2.3965237,1.012,4.55519,0.20631,0.15704,0.03376,-116075000.0,0.0208,4.0
UBSI,False,22.1055,"data_missing:current_ratio,data_missing:debt_to_equity,data_missing:free_cash_flow,munger_roe,munger_gross_margin",6519134208.0,13.040872,1.215276,,,0.09474,0.0,0.53079,,0.0319,4.0
WD,False,22.098714210714284,"data_missing:free_cash_flow,graham_size,graham_debt_to_equity,graham_pe,munger_roe",1371313536.0,35.669643,0.77860063,1.574,1.3645699999999998,0.023599999,1.0,0.00767,,0.0654,4.0
EBC,False,22.0815,"data_missing:current_ratio,data_missing:debt_to_equity,data_missing:free_cash_flow,munger_roe,munger_gross_margin",5231772160.0,12.7905035,1.1666837,,,0.09442,0.0,0.50124,,0.024300000000000002,4.0
ABCB,False,22.048499999999997,"data_missing:current_ratio,data_missing:debt_to_equity,data_missing:free_cash_flow,munger_roe,munger_gross_margin",5804776448.0,15.6419525,1.4142537,,,0.09398,0.0,0.50194,,0.0092,4.0
AES,False,21.93988132738095,"graham_current_ratio,graham_debt_to_equity,graham_earnings_stability,munger_roe,munger_gross_margin,munger_fcf",10505384960.0,5.5149813,2.1248198,0.746,2.5688600000000004,0.095740005,0.2027,0.18673,-3089125120.0,0.0479,3.0
VTOL,False,21.89667142857143,"graham_size,graham_earnings_stability,munger_roe,munger_gross_margin,munger_fcf",1367978368.0,13.036724,1.2558848,2.26,0.89036,0.10082,0.27201,0.08455,-34202124.0,0.010700000000000001,2.0
BKU,False,21.89099925,"data_missing:current_ratio,data_missing:debt_to_equity,data_missing:free_cash_flow,munger_roe,munger_gross_margin",3325121280.0,12.824176,1.1233575,,,0.09187999,0.0,0.37060001,,0.0282,4.0
CAH,False,21.851333376190478,"data_missing:debt_to_equity,data_missing:return_on_equity,graham_current_ratio,graham_earnings_stability,graham_pe,graham_pe_times_pb,munger_gross_margin",53885472768.0,32.045643,-18.72545,0.883,,,0.03844,0.013300001,4752500224.0,0.0088,3.0
AVAV,False,21.80115952380952,"data_missing:trailing_pe,graham_earnings_stability,munger_roe,munger_gross_margin,munger_fcf",8326269440.0,,1.8772558,4.304,0.18971,-0.10029,0.25325,0.02812,-251387504.0,,0.0
VVX,False,21.795510274840314,"graham_current_ratio,graham_earnings_stability,graham_pe,graham_pe_times_pb,munger_roe,munger_gross_margin",2531921408.0,27.853447,2.2318468,1.318,0.97529,0.08349,0.08473,0.04282,106377504.0,,2.0
TFC,False,21.794249999999998,"data_missing:current_ratio,data_missing:debt_to_equity,data_missing:free_cash_flow,graham_earnings_stability,munger_roe,munger_gross_margin",62168559616.0,11.698851,1.0593697,,,0.09059,0.0,0.39815,,0.0408,2.0
FNB,False,21.78,"data_missing:current_ratio,data_missing:debt_to_equity,data_missing:free_cash_flow,munger_roe,munger_gross_margin",6624488960.0,11.077382,0.96210515,,,0.0904,0.0,0.44671002,,0.027999999999999997,4.0
PFGC,False,21.778432432168344,"graham_debt_to_equity,graham_pe,graham_pe_times_pb,munger_roe,munger_gross_margin",16401506304.0,45.59825,3.326961,1.514,1.58849,0.076680005,0.12575,0.02229,713825024.0,,4.0
HBAN,False,21.7515,"data_missing:current_ratio,data_missing:debt_to_equity,data_missing:free_cash_flow,munger_roe,munger_gross_margin",34811748352.0,13.253846,1.1704367,,,0.09002,0.0,0.41932,,0.0361,4.0
SBSI,False,21.746249625,"data_missing:current_ratio,data_missing:debt_to_equity,data_missing:free_cash_flow,graham_size,munger_roe,munger_gross_margin",947446656.0,12.464706,1.0734549,,,0.089949995,0.0,0.47232,,0.0458,4.0
WSBC,False,21.734999249999998,"data_missing:current_ratio,data_missing:debt_to_equity,data_missing:free_cash_flow,munger_roe,munger_gross_margin",3924468736.0,11.625,1.0323946,,,0.08979999,0.0,0.48699,,0.0369,4.0
VLY,False,21.71475,"data_missing:current_ratio,data_missing:debt_to_equity,data_missing:free_cash_flow,munger_roe,munger_gross_margin",7943700480.0,12.5,1.0661573,,,0.08953,0.0,0.46787998,,0.0305,4.0
NIC,False,21.68024925,"data_missing:current_ratio,data_missing:debt_to_equity,data_missing:free_cash_flow,graham_pe_times_pb,munger_roe,munger_gross_margin",3618838528.0,19.80218,1.5941193,,,0.08906999,0.0,0.52892,,0.0079,4.0
APD,False,21.646583333333336,"data_missing:trailing_pe,graham_current_ratio,graham_debt_to_equity,graham_earnings_stability,munger_roe,munger_fcf",68495843328.0,,4.933517,1.085,1.1009099999999998,0.00023,0.32056,0.25536,-1497500032.0,0.0239,0.0
ARMK,False,21.64405586704424,"graham_current_ratio,graham_debt_to_equity,graham_pe,graham_pe_times_pb,munger_roe,munger_gross_margin",15904498688.0,42.188812,4.684734,1.285,1.8672399999999998,0.11694,0.15292,0.04422,374142496.0,0.008,4.0
SHAK,False,21.587428571428575,"graham_debt_to_equity,graham_earnings_stability,graham_pe,graham_pe_times_pb,munger_roe,munger_fcf",3100162816.0,76.278946,5.3745456,1.668,1.66579,0.0794,0.4038,0.05069,-41693376.0,,3.0
DCOM,False,21.552,"data_missing:current_ratio,data_missing:debt_to_equity,data_missing:free_cash_flow,graham_size,munger_roe,munger_gross_margin",1766705280.0,14.496376,1.2584927,,,0.08736,0.0,0.44626,,0.025099999999999997,4.0
ABR,False,21.481250000000003,"data_missing:free_cash_flow,graham_size,graham_debt_to_equity,graham_pe,munger_roe",1028845888.0,56.388885,0.4472942,2.095,3.86741,0.01975,0.79161,-0.12729,,0.1818,4.0
HTLD,False,21.44963266666667,"data_missing:trailing_pe,graham_size,graham_earnings_stability,munger_roe,munger_gross_margin,munger_fcf",962790976.0,,1.2730062,1.585,0.19358,-0.028469998,0.28059998,-0.04617,-80482624.0,0.0063,0.0
NWBI,False,21.428250300000002,"data_missing:current_ratio,data_missing:debt_to_equity,data_missing:free_cash_flow,munger_roe,munger_gross_margin",2236206592.0,14.830097,1.1601852,,,0.085710004,0.0,0.41568002,,0.0524,4.0
C,False,21.396749999999997,"data_missing:current_ratio,data_missing:debt_to_equity,data_missing:free_cash_flow,munger_roe,munger_gross_margin",222159732736.0,14.271552,1.154282,,,0.08529,0.0,0.36229,,0.0202,4.0
WAFD,False,21.37275,"data_missing:current_ratio,data_missing:debt_to_equity,data_missing:free_cash_flow,munger_roe,munger_gross_margin",2709705728.0,11.55205,0.99473023,,,0.08497,0.0,0.46126997,,0.0294,4.0
VSTS,False,21.36861912146539,"data_missing:trailing_pe,graham_size,graham_debt_to_equity,graham_earnings_stability,munger_roe,munger_gross_margin",1714116608.0,,1.9530193,2.166,1.52545,-0.00602,0.26297,0.058709998,69159872.0,0.0175,0.0
FITB,False,21.328500000000002,"data_missing:current_ratio,data_missing:debt_to_equity,data_missing:free_cash_flow,munger_roe,munger_gross_margin",49879089152.0,18.518518,1.5436863,,,0.08438,0.0,0.39078,,0.0291,4.0
BBT,False,21.317250449999996,"data_missing:current_ratio,data_missing:debt_to_equity,data_missing:free_cash_flow,munger_roe,munger_gross_margin",2661579776.0,10.5149,1.0548081,,,0.084230006,0.0,0.46051997,,0.0404,4.0
UNIT,False,21.262666666666668,"data_missing:return_on_equity,graham_current_ratio,graham_debt_to_equity,graham_earnings_stability,munger_fcf",2512205312.0,2.6953127,7.85877,1.222,68.69969,,0.5846,0.04144,-258078000.0,,2.0
STT,False,21.24975,"data_missing:current_ratio,data_missing:debt_to_equity,data_missing:free_cash_flow,graham_pe_times_pb,munger_roe,munger_gross_margin",51311538176.0,16.486319,2.1468139,,,0.12437,0.0,0.27818,,0.019799999999999998,4.0
CFG,False,21.20250075,"data_missing:current_ratio,data_missing:debt_to_equity,data_missing:free_cash_flow,munger_roe,munger_gross_margin",29735081984.0,15.381263,1.2396622,,,0.08270001,0.0,0.35132998,,0.026000000000000002,4.0
COF,False,21.18567857142857,"data_missing:current_ratio,data_missing:debt_to_equity,data_missing:free_cash_flow,munger_roe,munger_gross_margin",131000492032.0,11.7715,1.2721094,,,0.09031,0.0,0.33629,,0.014499999999999999,4.0
INDB,False,21.17925,"data_missing:current_ratio,data_missing:debt_to_equity,data_missing:free_cash_flow,munger_roe,munger_gross_margin",3951530240.0,15.0849905,1.1309652,,,0.08239,0.0,0.47252,,0.029500000000000002,4.0
RNST,False,21.1575003,"data_missing:current_ratio,data_missing:debt_to_equity,data_missing:free_cash_flow,munger_roe,munger_gross_margin",3835331328.0,12.269006,0.9906741,,,0.082100004,0.0,0.43483,,0.022799999999999997,4.0
GEF,False,21.12164285714286,"data_missing:return_on_equity,data_missing:free_cash_flow,graham_current_ratio,graham_pe,graham_pe_times_pb,munger_gross_margin",4986151936.0,36.2438,1.6601994,1.289,0.39409999999999995,,0.22521,0.10561,,0.0263,4.0
FBNC,False,21.108,"data_missing:current_ratio,data_missing:debt_to_equity,data_missing:free_cash_flow,graham_pe_times_pb,munger_roe,munger_gross_margin",2649605120.0,19.888199,1.5436532,,,0.08144,0.0,0.51192003,,0.0149,4.0
CXW,False,21.036228641575352,"graham_current_ratio,graham_pe,graham_pe_times_pb,munger_roe,munger_gross_margin",3244695552.0,26.039684,2.255603,1.319,0.95487,0.08772001,0.2258,0.101789996,24545250.0,,4.0
CFFN,False,21.0097497,"data_missing:current_ratio,data_missing:debt_to_equity,data_missing:free_cash_flow,graham_size,graham_earnings_stability,munger_roe,munger_gross_margin",1046172864.0,13.046154,1.0229192,,,0.080129996,0.0,0.50087,,0.0401,2.0
GBCI,False,20.9595,"data_missing:current_ratio,data_missing:debt_to_equity,data_missing:free_cash_flow,munger_roe,munger_gross_margin",6217620480.0,19.569672,1.441466,,,0.07946,0.0,0.44305,,0.0275,4.0
MOH,False,20.888826384040286,"graham_pe,graham_pe_times_pb,munger_roe,munger_gross_margin",10484897792.0,1255.3757,2.5041156,1.679,0.94773,-0.0016,0.08427,0.01398,700249984.0,,4.0
CVBF,False,20.736749999999997,"data_missing:current_ratio,data_missing:debt_to_equity,data_missing:free_cash_flow,munger_roe,munger_gross_margin",3970502144.0,15.666666,1.2544484,,,0.07649,0.0,0.55747,,0.0355,4.0
PNFP,False,20.735999999999997,"data_missing:current_ratio,data_missing:debt_to_equity,data_missing:free_cash_flow,munger_roe,munger_gross_margin",15430866944.0,14.065426,1.0933785,,,0.07648,0.0,0.47018,,0.0197,4.0
SNX,False,20.434928571428568,"data_missing:market_cap,graham_current_ratio,graham_pe_times_pb,munger_roe,munger_gross_margin",,18.271685,2.2594228,1.199,0.52735,0.13141,0.07047,0.02661,304888992.0,0.0076,4.0
VSH,False,20.431793849287455,"graham_earnings_stability,graham_pe,graham_pe_times_pb,munger_roe,munger_gross_margin",4900464640.0,168.1579,2.0948074,1.802,0.37664000000000003,0.01134,0.20927,0.0581,14999875.0,0.0125,0.0
BXMT,False,20.336000000000002,"data_missing:free_cash_flow,graham_debt_to_equity,graham_earnings_stability,graham_pe,graham_pe_times_pb,munger_roe",2410173184.0,178.75,0.74775153,98.576,4.84696,0.00448,1.0,-3.69142,,0.13,1.0
PB,False,20.303250000000002,"data_missing:current_ratio,data_missing:debt_to_equity,data_missing:free_cash_flow,munger_roe,munger_gross_margin",8801745920.0,12.69324,0.8875424,,,0.07071,0.0,0.58042,,0.0329,4.0
MTZ,False,20.28013776190476,"graham_current_ratio,graham_earnings_stability,graham_pe,graham_pe_times_pb,munger_gross_margin,munger_fcf",21857800192.0,43.34156,6.1108866,1.4,0.89874,0.16176,0.12913999,0.05424,-57898876.0,,2.0
HLX,False,20.261507142857145,"data_missing:market_cap,graham_earnings_stability,graham_pe,graham_pe_times_pb,munger_roe,munger_gross_margin",,43.770836,0.97766405,3.465,0.38543999999999995,0.02191,0.13374,0.11531,296176736.0,,2.0
MET,False,20.169023895238094,"graham_debt_to_equity,graham_pe_times_pb,munger_roe,munger_gross_margin,munger_fcf",60516470784.0,18.527239,2.21321,2.027,1.7993299999999999,0.13094,0.23951,0.055180002,-20953999360.0,0.024900000000000002,4.0
ASTE,False,20.020280952380954,"graham_size,graham_earnings_stability,graham_pe,graham_pe_times_pb,munger_roe,munger_gross_margin,munger_fcf",969599168.0,50.20238,1.4071676,2.517,0.57089,0.02859,0.26159,0.06346,-1112500.0,0.0125,3.0
CWST,False,20.00705806263658,"graham_current_ratio,graham_pe,graham_pe_times_pb,munger_roe",5852338688.0,1149.5,3.7038827,0.993,0.9162300000000001,0.00364,0.3342,0.0499,121703752.0,,4.0
STEP,False,20.0,"data_missing:trailing_pe,graham_current_ratio,graham_debt_to_equity,graham_earnings_stability,munger_roe,munger_gross_margin",6274770432.0,,-7.423641,0.639,1.26487,-0.61397,-0.48369,-0.54055,2822566144.0,0.0345,0.0
ARWR,False,20.0,"data_missing:trailing_pe,graham_debt_to_equity,graham_earnings_stability,munger_roe,munger_fcf",12242524160.0,,26.279562,5.899,2.95984,-0.55207,1.0,-2.26028,-48628124.0,,0.0
SLAB,False,20.0,"data_missing:trailing_pe,data_missing:debt_to_equity,graham_earnings_stability,munger_roe,munger_fcf",7292639232.0,,6.6609774,5.407,,-0.03628,0.60611,-0.04674,-13706625.0,,0.0
BOX,False,20.0,"data_missing:market_cap,graham_current_ratio,graham_debt_to_equity,graham_pe,graham_pe_times_pb,munger_roe",,51.640625,237.76978,0.76,20.48842,-5.75826,0.69536,-0.22146,152298752.0,,4.0
WERN,False,19.8491145050006,"data_missing:trailing_pe,graham_current_ratio,graham_earnings_stability,munger_roe,munger_gross_margin",2270135296.0,,1.6774508,1.448,0.68379,-0.03909,0.1904,0.025910001,69455872.0,0.0147,0.0
KBH,False,19.812076276190474,"data_missing:market_cap,munger_roe,munger_gross_margin",,13.357664,0.88651335,5.635,0.5264099999999999,0.06989,0.17731,0.036310002,316819744.0,0.0177,4.0
MTUS,False,19.775407217857143,"graham_size,graham_earnings_stability,graham_pe,graham_pe_times_pb,munger_roe,munger_gross_margin,munger_fcf",819037888.0,104.0,1.2046577,1.752,0.021230000000000002,0.011720001,0.08196,0.0346,-62337500.0,,0.0
KR,False,19.708965369047615,"data_missing:market_cap,graham_current_ratio,graham_debt_to_equity,graham_pe,graham_pe_times_pb,munger_roe,munger_gross_margin",,32.409355,5.990056,0.791,3.73449,0.13779001,0.23979001,0.03224,2994500096.0,0.0256,4.0
CLSK,False,19.573996464269268,"data_missing:trailing_pe,graham_debt_to_equity,graham_earnings_stability,munger_roe",3126747904.0,,4.10624,5.912,2.34725,-0.68622,0.46993,-1.65191,48898124.0,,1.0
SBCF,False,19.55025,"data_missing:current_ratio,data_missing:debt_to_equity,data_missing:free_cash_flow,graham_pe,munger_roe,munger_gross_margin",3376210944.0,22.642857,1.2232512,,,0.06067,0.0,0.48815,,0.0216,4.0
CNH,False,19.446305157027815,"graham_debt_to_equity,graham_pe,graham_pe_times_pb,munger_roe,munger_gross_margin",17247502336.0,41.250004,1.7116184,4.883,3.35044,0.03914,0.17789,0.05538,566249984.0,0.0097,4.0
SBUX,False,19.442231283777133,"data_missing:debt_to_equity,data_missing:return_on_equity,graham_current_ratio,graham_pe,graham_pe_times_pb,munger_gross_margin",118662594560.0,60.167625,-15.459676,0.76,,,0.22341,0.12919,3065537536.0,0.0236,4.0
KSS,False,19.377036057142856,"data_missing:market_cap,graham_current_ratio,graham_debt_to_equity,graham_earnings_stability,munger_roe",,7.3508406,0.4912808,1.482,1.62351,0.069970004,0.40521,0.014520001,807124992.0,0.0265,3.0
VSAT,False,19.127323699933736,"data_missing:trailing_pe,graham_debt_to_equity,graham_earnings_stability,munger_roe",10408828928.0,,2.2140827,1.675,1.46805,0.0019,0.33219,0.04441,250167376.0,,0.0
MCK,False,18.997165712914157,"data_missing:debt_to_equity,data_missing:return_on_equity,graham_current_ratio,graham_pe,graham_pe_times_pb,munger_gross_margin",98806824960.0,22.714285,-23.185326,0.893,,,0.03633,0.01348,6801249792.0,0.0044,4.0
HOPE,False,18.917250300000003,"data_missing:current_ratio,data_missing:debt_to_equity,data_missing:free_cash_flow,graham_size,munger_roe,munger_gross_margin",1781973120.0,13.811683,0.7761531,,,0.056550004,0.0,0.34244,,0.0401,4.0
ICHR,False,18.852209913677868,"data_missing:trailing_pe,graham_earnings_stability,munger_roe,munger_gross_margin",2263733504.0,,2.6105735,3.701,0.17809999999999998,-0.051659998,0.12667,0.027590001,10132000.0,,0.0
AIN,False,18.786918175293653,"data_missing:trailing_pe,graham_size,graham_earnings_stability,munger_roe,munger_gross_margin",1686948480.0,,2.2622988,2.238,0.59922,-0.061339997,0.21078,0.11725,4886875.0,0.0187,0.0
AAP,False,18.772333483333334,"data_missing:market_cap,graham_debt_to_equity,graham_earnings_stability,graham_pe,graham_pe_times_pb,munger_roe,munger_fcf",,39.113125,1.1877207,1.778,2.5531,0.030840002,0.44509,0.03787,-228000000.0,0.0178,1.0
ORA,False,18.720785714285718,"graham_current_ratio,graham_debt_to_equity,graham_pe,graham_pe_times_pb,munger_roe,munger_gross_margin,munger_fcf",6785880064.0,54.090687,2.6123962,1.046,1.24336,0.04778,0.2793,0.13597,-318099008.0,0.0044,4.0
TNDM,False,18.67066666666667,"data_missing:trailing_pe,graham_size,graham_debt_to_equity,graham_earnings_stability,munger_roe,munger_fcf",1609007488.0,,12.333333,3.18,5.66964,-0.48026,0.56012,-0.054180004,-43949124.0,,0.0
WY,False,18.55826398574965,"graham_pe,graham_pe_times_pb,munger_roe,munger_gross_margin",17676050432.0,37.15909,1.8734245,1.816,0.57625,0.04974,0.14507,0.080340005,13625000.0,0.0341,4.0
HFWA,False,18.247928571428574,"data_missing:current_ratio,data_missing:debt_to_equity,data_missing:free_cash_flow,graham_size,munger_roe,munger_gross_margin",1174685696.0,13.671429,1.0583161,,,0.07798,0.0,0.28932,,0.0347,4.0
ALLY,False,18.091177714285713,"data_missing:current_ratio,data_missing:debt_to_equity,data_missing:free_cash_flow,munger_roe,munger_gross_margin",12914797568.0,9.989412,0.9566678,,,0.09681,0.0,0.25270998,,0.0278,4.0
ACHC,False,18.03009523809524,"data_missing:trailing_pe,graham_debt_to_equity,graham_earnings_stability,munger_roe,munger_fcf",2580739584.0,,1.2727273,1.572,1.1805700000000001,-0.41445,0.41057,0.10137,-104957000.0,,0.0
HONA,False,17.804809523809524,"data_missing:debt_to_equity,data_missing:return_on_equity,data_missing:free_cash_flow,graham_earnings_stability,graham_pe,graham_pe_times_pb",54119677952.0,52.217125,-9.499832,1.526,,,0.34535,0.14684,,,3.0
MSGS,False,17.722430346918024,"data_missing:debt_to_equity,data_missing:return_on_equity,graham_current_ratio,graham_earnings_stability,graham_pe,graham_pe_times_pb",9817873408.0,1274.125,-37.28237,0.503,,,0.33605,0.11756,58219124.0,,0.0
LUV,False,17.64790518095238,"graham_current_ratio,graham_pe,graham_pe_times_pb,munger_roe,munger_gross_margin,munger_fcf",19852068864.0,25.362501,2.8032608,0.489,0.97275,0.11099,0.22399001,0.033800002,-834750016.0,0.0174,4.0
DNOW,False,17.56223333333333,"data_missing:trailing_pe,graham_earnings_stability,munger_roe,munger_gross_margin,munger_fcf",2835626752.0,,1.3557783,2.136,0.30934,-0.11599,0.2023,0.01071,-533750016.0,,0.0
CALM,False,17.43587404946739,"data_missing:debt_to_equity,munger_roe,munger_gross_margin",3812143104.0,12.310709,1.4565117,7.695,,0.122200005,0.23082,-0.11043,8796500.0,0.0596,4.0
PRIM,False,17.253976672446026,"graham_current_ratio,graham_pe,graham_pe_times_pb,munger_roe,munger_gross_margin",4301336576.0,31.090235,2.5533044,1.181,0.7963,0.08889,0.08619001,-0.01564,80155000.0,0.004,4.0
ANDE,False,17.251035714285713,"munger_roe,munger_gross_margin,munger_fcf",2341596160.0,13.330753,1.7613083,1.51,0.6635,0.12159,0.07179,0.01613,-109108872.0,0.0118,4.0
SANM,False,17.16399305714286,"graham_pe,graham_pe_times_pb,munger_roe,munger_gross_margin,munger_fcf",10427365376.0,34.865593,4.073663,1.78,0.88161,0.12488,0.090150006,0.0704,-222215744.0,,4.0
SNEX,False,17.143642857142858,"data_missing:free_cash_flow,graham_current_ratio,graham_debt_to_equity,graham_pe_times_pb,munger_gross_margin",8034280960.0,18.149864,2.9253404,1.065,8.2347,0.2185,0.01731,0.00418,,,4.0
NBHC,False,17.139535714285714,"data_missing:current_ratio,data_missing:debt_to_equity,data_missing:free_cash_flow,graham_size,munger_roe,munger_gross_margin",1855072256.0,17.5,1.111378,,,0.06527,0.0,0.2857,,0.030600000000000002,4.0
RDNT,False,16.833995062797047,"data_missing:trailing_pe,graham_current_ratio,graham_debt_to_equity,graham_earnings_stability,munger_roe,munger_gross_margin",6005425664.0,,5.546994,1.484,1.56668,0.01498,0.17284,0.07893,157737248.0,,0.0
CCOI,False,16.781668000000003,"data_missing:trailing_pe,data_missing:debt_to_equity,graham_size,graham_current_ratio,graham_earnings_stability,munger_roe,munger_fcf",511737408.0,,-14.033427,0.632,,-7.2150297,0.50345004,-0.0669,-132067000.0,0.0077,0.0
DMC,False,16.694273976190477,"graham_size,graham_earnings_stability,graham_pe,graham_pe_times_pb,munger_roe,munger_gross_margin,munger_fcf",1468812032.0,43.879436,0.73170185,2.226,0.2943,0.01775,0.092810005,0.03929,-99887504.0,0.0384,2.0
KNF,False,16.55645238095238,"graham_debt_to_equity,graham_pe,graham_pe_times_pb,munger_roe,munger_gross_margin,munger_fcf",3739574016.0,26.672064,2.3286557,2.665,1.03908,0.09122,0.17828,0.08802,-3501250.0,,4.0
BTU,False,16.533066866666665,"data_missing:trailing_pe,graham_earnings_stability,munger_roe,munger_gross_margin,munger_fcf",3291300096.0,,1.0131332,2.009,0.12884,-0.047709998,0.103970006,-0.0947,-53975000.0,0.011200000000000002,0.0
LEU,False,16.212464200000003,"graham_debt_to_equity,graham_pe,graham_pe_times_pb,munger_roe,munger_gross_margin,munger_fcf",3519684096.0,93.33333,4.163323,5.395,1.3928299999999998,0.08053,0.23655,0.053379998,-127300000.0,,4.0
ECHO,False,15.96623876190476,"data_missing:trailing_pe,graham_debt_to_equity,graham_earnings_stability,munger_roe,munger_gross_margin,munger_fcf",25054824448.0,,1.7697753,5.201,1.23757,-0.33428,0.29540002,0.14279,-18870501376.0,,0.0
LOW,False,15.84066666666667,"data_missing:market_cap,data_missing:debt_to_equity,data_missing:return_on_equity,graham_current_ratio,graham_pe_times_pb",,18.358952,-13.154804,1.093,,,0.33293,0.11067,4816124928.0,0.0227,4.0
ADIG,False,15.67260680952381,"data_missing:return_on_equity,data_missing:free_cash_flow,graham_size,graham_earnings_stability,graham_pe,munger_gross_margin",1687772672.0,39.696426,0.68749034,2.796,0.50835,,0.21893999,0.02333,,,0.0
PENN,False,15.118904761904762,"data_missing:trailing_pe,graham_current_ratio,graham_debt_to_equity,graham_earnings_stability,munger_roe,munger_fcf",2475836160.0,,1.2605962,0.885,5.96731,-0.37578,0.35161,0.0793,-54325000.0,,0.0
CBRL,False,15.105535864285713,"graham_size,graham_current_ratio,graham_debt_to_equity,graham_pe,graham_pe_times_pb,munger_roe,munger_fcf",1235114880.0,48.051132,2.6534836,0.501,2.4666300000000003,0.056110002,0.31608,0.00843,-3550125.0,0.0178,4.0
SFNC,False,15.0,"data_missing:trailing_pe,data_missing:current_ratio,data_missing:debt_to_equity,data_missing:free_cash_flow,graham_earnings_stability,munger_roe,munger_gross_margin",3328875264.0,,0.9555712,,,-0.09941,0.0,0.38306,,0.0373,0.0
BANC,False,15.0,"data_missing:trailing_pe,data_missing:current_ratio,data_missing:debt_to_equity,data_missing:free_cash_flow,graham_earnings_stability,munger_roe,munger_gross_margin",2991205632.0,,1.0273153,,,-0.0065499996,0.0,2.16263,,0.0253,2.0
DELL,False,14.969761609924841,"data_missing:debt_to_equity,data_missing:return_on_equity,graham_current_ratio,graham_pe,graham_pe_times_pb,munger_gross_margin",284813099008.0,35.094746,-203.7864,0.946,,,0.19212,0.088570006,5434124800.0,0.0058,4.0
DFH,False,14.75967857142857,"graham_size,graham_debt_to_equity,munger_roe,munger_gross_margin,munger_fcf",1321846912.0,10.333333,0.9251381,7.59,1.12734,0.09423,0.1998,0.02409,-217692992.0,,4.0
AVT,False,14.745190476190476,"graham_earnings_stability,graham_pe,graham_pe_times_pb,munger_roe,munger_gross_margin,munger_fcf",7250326528.0,22.029922,1.4437236,1.777,0.6920499999999999,0.06665,0.10429,0.03852,-129337000.0,0.0158,0.0
ROIV,False,14.673449999999999,"data_missing:trailing_pe,graham_earnings_stability,munger_roe,munger_gross_margin,munger_fcf",26877638656.0,,5.9204454,16.721,0.02177,-0.08515,0.0,-254.08113,-1127230080.0,,0.0
FERG,False,14.564857571428574,"data_missing:return_on_equity,data_missing:free_cash_flow,graham_debt_to_equity,graham_earnings_stability,graham_pe,graham_pe_times_pb",46521507840.0,23.646017,7.5023394,1.729,1.11063,,0.30633,0.10159001,,0.0146,0.0
LBRT,False,14.141697661904761,"graham_pe,graham_pe_times_pb,munger_roe,munger_gross_margin,munger_fcf",3257300736.0,26.972971,1.6587716,1.986,0.8214400000000001,0.06123,0.18529,0.016210001,-302047872.0,0.0179,4.0
WLK,False,14.020973921123641,"data_missing:trailing_pe,graham_earnings_stability,munger_roe,munger_gross_margin",10033945600.0,,1.176854,2.453,0.63814,-0.11911,0.09625,0.1122,23125000.0,0.0268,0.0
MRNA,False,13.49505555113367,"data_missing:trailing_pe,graham_earnings_stability,munger_roe,munger_gross_margin",55397969920.0,,8.188846,2.295,0.19036,-0.38998002,-0.66023004,-5.5793104,299249984.0,,0.0
RUN,False,13.478189809523808,"graham_current_ratio,graham_debt_to_equity,graham_earnings_stability,munger_roe,munger_fcf",2224472064.0,6.3435373,0.6573845,1.422,2.92511,-0.19856001,0.35292998,0.03999,-1971139840.0,,1.0
SLVM,False,13.458559480952381,"graham_size,graham_current_ratio,graham_debt_to_equity,munger_roe,munger_gross_margin,munger_fcf",1450851328.0,19.51337,1.5207335,1.472,1.07958,0.07941,0.20594,0.014889999,-16375000.0,0.0484,4.0
RXO,False,13.40700975147172,"data_missing:trailing_pe,graham_current_ratio,graham_earnings_stability,munger_roe,munger_gross_margin",3615180800.0,,2.4003503,1.268,0.48340000000000005,-0.06787,0.14912,0.00676,5750000.0,,0.0
MARA,False,13.374000666666669,"data_missing:trailing_pe,graham_current_ratio,graham_debt_to_equity,graham_earnings_stability,munger_roe,munger_fcf",4046485248.0,,2.4091537,0.891,1.40159,-1.0557,0.40122002,-2.65211,-1168091392.0,,0.0
SRPT,False,12.96777312287205,"data_missing:trailing_pe,graham_size,graham_earnings_stability,munger_roe,munger_gross_margin",1967303296.0,,1.2875907,4.422,0.6953900000000001,-0.09478,-0.17299,0.13032,22139876.0,,0.0
HTH,False,12.4717497,"data_missing:current_ratio,data_missing:debt_to_equity,data_missing:free_cash_flow,munger_roe,munger_gross_margin",2211828480.0,14.35316,1.0402242,,,0.076009996,0.0,0.15799,,0.0208,4.0
TFIN,False,12.209464285714287,"data_missing:current_ratio,data_missing:debt_to_equity,data_missing:free_cash_flow,graham_size,graham_pe,graham_pe_times_pb,munger_roe,munger_gross_margin",1764133632.0,49.885136,1.9211553,,,0.04121,0.0,0.21277,,,4.0
MBC,False,12.133383333333333,"data_missing:trailing_pe,graham_size,munger_roe,munger_gross_margin,munger_fcf",1854815872.0,,0.9417295,1.759,0.85833,-0.0582,0.26902,0.02429,-23637500.0,,4.0
GBX,False,11.722654428571428,"graham_size,graham_debt_to_equity,munger_roe,munger_gross_margin,munger_fcf",1412396672.0,13.505918,0.8977738,3.676,1.0874899999999998,0.06341,0.15123999,0.04493,-164687504.0,0.029900000000000003,4.0
FLR,False,11.373897013496574,"data_missing:trailing_pe,graham_earnings_stability,munger_roe,munger_gross_margin",7149128704.0,,2.697976,1.796,0.38492,-0.45167,-0.00798,0.03257,21500000.0,,0.0
MOS,False,10.907983333333332,"data_missing:trailing_pe,graham_current_ratio,munger_roe,munger_gross_margin,munger_fcf",7197157376.0,,0.6278076,1.337,0.52249,-0.05073,0.11236,-0.00117,-746275008.0,0.039599999999999996,4.0
GO,False,10.756572095238095,"data_missing:trailing_pe,graham_size,graham_current_ratio,graham_debt_to_equity,graham_earnings_stability,munger_roe,munger_gross_margin,munger_fcf",1087452416.0,,1.3317559,1.291,2.26658,-0.3806,0.29985002,0.01777,-44593500.0,,0.0
DOW,False,10.752383367266907,"data_missing:trailing_pe,graham_debt_to_equity,graham_earnings_stability,munger_roe,munger_gross_margin",23562754048.0,,1.4856987,1.749,1.11913,-0.0554,0.09787,0.11594,237624992.0,0.0441,0.0
EGBN,False,10.360713857142857,"data_missing:trailing_pe,data_missing:current_ratio,data_missing:debt_to_equity,data_missing:free_cash_flow,graham_size,graham_earnings_stability,munger_roe,munger_gross_margin",841052800.0,,0.7311902,,,-0.04137,0.0,0.24174999,,0.0014000000000000002,0.0
XNCR,False,9.929549999999999,"data_missing:trailing_pe,graham_earnings_stability,munger_roe,munger_gross_margin,munger_fcf",2035795968.0,,3.096234,6.391,0.33803,-0.29072002,-1.4364799,-0.72369003,-94537504.0,,0.0
HPQ,False,9.82052380952381,"data_missing:market_cap,data_missing:debt_to_equity,data_missing:return_on_equity,graham_current_ratio,graham_pe_times_pb,munger_gross_margin",,11.038889,-189.84076,0.794,,,0.20315,0.07114,3450874880.0,0.0401,4.0
WHR,False,9.670464328571429,"graham_current_ratio,graham_debt_to_equity,graham_earnings_stability,munger_roe,munger_gross_margin,munger_fcf",2591023360.0,13.07237,0.6829939,1.149,2.05431,0.05933,0.13578,0.016210001,-485375008.0,0.099,1.0
BG,False,9.304297219047616,"graham_pe,graham_pe_times_pb,munger_roe,munger_gross_margin,munger_fcf",22466410496.0,25.202587,1.4082031,1.567,0.9799500000000001,0.071779996,0.049239997,0.04617,-6475375104.0,0.0253,4.0
FLG,False,9.135107165357143,"data_missing:current_ratio,data_missing:debt_to_equity,data_missing:free_cash_flow,graham_earnings_stability,graham_pe,graham_pe_times_pb,munger_roe,munger_gross_margin",5653564416.0,454.0,0.74373394,,,0.0059100003,0.0,0.20281,,0.0029,0.0
AESI,False,8.661717333333335,"data_missing:trailing_pe,graham_size,graham_earnings_stability,munger_roe,munger_gross_margin,munger_fcf",1654999040.0,,1.4880952,1.824,0.94273,-0.09925,0.23408002,-0.06807,-118395504.0,0.0848,0.0
JEF,False,8.135428571428571,"data_missing:current_ratio,data_missing:return_on_equity,data_missing:free_cash_flow,graham_debt_to_equity,munger_gross_margin",10808250368.0,14.8435755,1.0228475,,3.64763,,0.02625,0.16941,,0.029900000000000003,4.0
KMX,False,8.093857142857143,"data_missing:market_cap,graham_debt_to_equity,graham_pe,graham_pe_times_pb,munger_roe,munger_gross_margin,munger_fcf",,38.204967,1.4266165,2.705,3.07787,0.03588,0.11805,0.03425,-159998368.0,,4.0
VGNT,False,7.8881426857142865,"data_missing:return_on_equity,data_missing:free_cash_flow,graham_current_ratio,graham_debt_to_equity,graham_pe_times_pb,munger_gross_margin",3311548672.0,6.8148685,-69.05466,1.398,8.53169,,0.12354,0.087969996,,0.011000000000000001,4.0
RCUS,False,7.30605,"data_missing:trailing_pe,graham_earnings_stability,munger_roe,munger_gross_margin,munger_fcf",3714081536.0,,8.081554,3.818,0.51293,-0.90819,0.0,-2.34146,-270624992.0,,0.0
UCTT,False,7.236952252380954,"data_missing:trailing_pe,graham_debt_to_equity,graham_earnings_stability,munger_roe,munger_gross_margin,munger_fcf",3361366528.0,,5.2968035,2.733,1.082,-0.0155299995,0.1583,0.045739997,-81487504.0,,0.0
AHCO,False,6.752523476190476,"data_missing:trailing_pe,graham_size,graham_current_ratio,graham_debt_to_equity,graham_earnings_stability,munger_roe,munger_gross_margin,munger_fcf",736418560.0,,0.5340557,1.124,1.48969,-0.15224,0.19174999,0.00842,-80691504.0,,0.0
JBLU,False,6.741666666666666,"data_missing:trailing_pe,graham_size,graham_current_ratio,graham_debt_to_equity,graham_earnings_stability,munger_roe,munger_gross_margin,munger_fcf",1791591552.0,,1.1289349,0.696,5.9143,-0.44355,0.20225,-0.05228,-921249984.0,,0.0
ALK,False,5.904333333333334,"data_missing:trailing_pe,graham_current_ratio,graham_debt_to_equity,munger_roe,munger_gross_margin,munger_fcf",4499837952.0,,1.2257181,0.547,2.0752,-0.04598,0.17713,-0.02927,-23750000.0,,4.0
EQH,False,4.256,"data_missing:trailing_pe,graham_debt_to_equity,graham_earnings_stability,munger_roe,munger_gross_margin,munger_fcf",13488268288.0,,-7.288136,2.03,5.861000000000001,-0.25131,0.12768,-0.26357,-8824250368.0,0.022799999999999997,0.0
OLN,False,4.013142857142858,"data_missing:market_cap,data_missing:trailing_pe,graham_current_ratio,graham_debt_to_equity,graham_earnings_stability,munger_roe,munger_gross_margin",,,1.2340993,1.418,1.99059,-0.10585,0.06858,0.0403,311800000.0,0.042800000000000005,0.0
F,False,3.178238052380953,"data_missing:trailing_pe,graham_current_ratio,graham_debt_to_equity,graham_earnings_stability,munger_roe,munger_gross_margin,munger_fcf",55168389120.0,,1.5444295,1.089,4.567080000000001,-0.18252,0.07115,0.018819999,-7940250112.0,0.0414,0.0
CLF,False,0.4018470854415282,"data_missing:trailing_pe,graham_debt_to_equity,graham_earnings_stability,munger_roe,munger_gross_margin",6018626560.0,,1.0740175,1.89,1.3274299999999999,-0.13862,-0.01052,0.0034400001,6125000.0,,0.0
CWEN-A,False,0.0,data_missing:fetch_failed,,,,,,,,,,,
FISV,False,0.0,"data_missing:current_ratio,data_missing:debt_to_equity,data_missing:return_on_equity,data_missing:gross_margin,data_missing:operating_margin,data_missing:free_cash_flow",27069583360.0,9.751916,1.0046973,,,,,,,,4.0
CYTK,False,0.0,"data_missing:trailing_pe,data_missing:debt_to_equity,data_missing:return_on_equity,graham_earnings_stability,munger_gross_margin,munger_fcf",10645023744.0,,-61.256,6.661,,,0.0,-6.2595,-397408736.0,,0.0
