symbol,buyable,score,fail_reasons,market_cap,trailing_pe,price_to_book,current_ratio,debt_to_equity,return_on_equity,gross_margin,operating_margin,free_cash_flow,dividend_yield,consecutive_positive_earnings_years
HCI,False,95.28161516666668,"graham_current_ratio,graham_earnings_stability",2334402048.0,8.089224,2.1670651,0.865,0.05722000000000001,0.34974998,0.59726,0.45431,423198496.0,0.0085,3.0
INVA,False,91.5385654119657,graham_size,1527269632.0,4.9048724,1.2451407,16.007,0.26859,0.36676,0.7479845767854364,0.3980886299984441,110332496.0,,4.0
EXEL,False,91.43866171724548,graham_pe_times_pb,14460539904.0,18.352201,7.8779697,3.456,0.08999,0.44393003,0.96483004,0.3759239799907419,739715136.0,,4.0
ADBE,False,91.378,"graham_current_ratio,graham_pe_times_pb",98945695744.0,13.890625,8.358068,0.77,0.5748,0.61902,0.8926753334174765,0.36627540073204595,9129875456.0,,4.0
DECK,False,91.04709242457784,graham_pe_times_pb,10680742912.0,11.156472,4.659024,2.747,0.20521,0.42558,0.5770385958654284,0.23078119312259424,871420352.0,,4.0
PEGA,False,89.53107195042438,"graham_current_ratio,graham_earnings_stability,graham_pe_times_pb",5762393088.0,19.914772,10.278592,1.059,0.12851,0.54693,0.7586326591866708,0.15070351217656883,507401984.0,0.0034000000000000002,3.0
TDC,False,87.56232503650888,graham_current_ratio,2686769920.0,6.082105,4.550323,0.915,0.16695000000000002,1.19116,0.5935057125676488,0.1232711966325917,348500000.0,,4.0
SNDK,False,87.16568623568894,"graham_earnings_stability,graham_pe,graham_pe_times_pb",262356500480.0,24.272825,16.966225,2.29,0.012769999999999998,0.9164,0.7147372580007902,0.61186290003951,7720875008.0,,1.0
YOU,False,87.10107535795603,"graham_current_ratio,graham_earnings_stability,graham_pe,graham_pe_times_pb",5173525504.0,25.743242,21.08467,1.04,0.45141,1.19174,0.66656,0.207018591685641,418440384.0,0.0151,3.0
PTC,False,86.8273121879888,"graham_current_ratio,graham_pe_times_pb",14744915968.0,13.180407,4.3361306,1.025,0.46335,0.35053003,0.8375515565345831,0.35863597965264643,1031425152.0,,4.0
QLYS,False,86.65082406065221,"graham_current_ratio,graham_pe,graham_pe_times_pb",6161567744.0,30.427828,10.78336,1.384,0.09498,0.38592,0.828480478236503,0.3317048384083691,244382624.0,,4.0
CARG,False,86.04540633830325,graham_pe_times_pb,2958130176.0,17.118555,11.223386,1.85,0.7003499999999999,0.53470004,0.9278186950098127,0.2695153145604093,241320752.0,,4.0
APAM,False,85.94305360289638,graham_pe_times_pb,2604149248.0,8.796163,6.200135,3.007,0.57111,0.64552003,0.45593,0.3339475285120265,291218624.0,0.0943,4.0
FHI,False,85.7304307100575,graham_pe_times_pb,4263101952.0,10.613382,3.2561588,2.592,0.32354,0.31137,0.69044,0.2853848832346752,371463872.0,0.0252,4.0
GEN,False,85.00000000000001,"graham_current_ratio,graham_debt_to_equity,graham_pe_times_pb",17365008384.0,16.964912,6.5426254,0.466,3.07831,0.41944,0.7846,0.424,1547124992.0,0.0172,4.0
NEM,False,84.00659010691744,"graham_earnings_stability,graham_pe_times_pb",130036170752.0,15.542822,3.7082334,2.546,0.15807000000000002,0.25905,0.68041,0.51569,8815875072.0,0.0084,2.0
ALL,False,83.71084933333334,"graham_current_ratio,graham_earnings_stability",63171502080.0,5.0026035,2.0019872,0.363,0.22261,0.46113998,0.36800998,0.22827,15158625280.0,0.0173,2.0
IDCC,False,82.81040258433573,"graham_pe,graham_pe_times_pb",8336630784.0,38.005882,6.9346356,1.743,0.33401000000000003,0.26403,0.82498,0.5525715964341169,600847744.0,0.009300000000000001,4.0
APA,False,82.66614999999999,graham_current_ratio,15720271872.0,9.466245,2.241035,0.946,0.48854,0.26659,0.78255,0.56331,2146749952.0,0.0223,4.0
PRI,False,82.51435,graham_pe_times_pb,8943590400.0,11.684359,3.558797,3.73,0.71521,0.32966,0.72097,0.31542,1038982144.0,0.0165,4.0
ZTS,False,82.09080629203925,"graham_debt_to_equity,graham_pe_times_pb",29504165888.0,11.6476345,9.108305,3.084,2.9399599999999997,0.64911,0.71738,0.40721,2016999936.0,0.0297,4.0
TROW,True,81.81879755558789,,22218979328.0,10.457831,2.0194266,4.039,0.03702,0.19399999,0.9985236428059223,0.2992289604637174,2023912448.0,0.0499,4.0
NFLX,False,81.46990152810189,"graham_current_ratio,graham_pe,graham_pe_times_pb",298929225728.0,22.575472,9.914376,1.142,0.55236,0.49541,0.3634414152008206,0.29494704605507255,25387552768.0,,4.0
KNSL,False,81.42671666666666,"graham_current_ratio,graham_pe_times_pb",8128480768.0,14.494313,3.9941127,0.194,0.11033,0.30268,0.31142,0.40678,982102720.0,0.0028000000000000004,4.0
AMP,False,81.42280092683244,graham_pe_times_pb,48118771712.0,13.157603,7.5628705,2.182,0.67578,0.63432,0.54932,0.30719998,2903124992.0,0.0125,4.0
HLNE,False,80.91598891294265,graham_pe_times_pb,5880516096.0,13.354642,4.0010943,4.111,0.21558,0.32416,0.6066,0.45933998,231402752.0,0.0274,4.0
INCY,False,80.71128056297097,graham_pe_times_pb,25400053760.0,15.9834175,3.9695258,4.593,0.00603,0.30667,0.55659,0.2946484526501573,1180664576.0,,4.0
BMY,False,80.49886177540053,"graham_debt_to_equity,graham_earnings_stability,graham_pe_times_pb",128813588480.0,13.889869,5.7720823,1.532,2.01859,0.46598998,0.7231055082553272,0.34418,8114375168.0,0.04,1.0
GDDY,False,79.75800471468102,"data_invalid_outlier:debt_to_equity,graham_current_ratio,graham_debt_to_equity,graham_pe_times_pb",12343085056.0,14.481426,1838.8679,0.632,573.3433,4.42861,0.63802,0.2276867766758902,1204950016.0,,4.0
WH,False,79.56461712423123,"graham_current_ratio,graham_debt_to_equity,graham_pe,graham_pe_times_pb",5050808832.0,24.65942,10.634375,0.988,5.57292,0.39429,0.62835,0.2813156053184045,362375008.0,0.0253,4.0
NVDA,False,79.40183829598625,"graham_pe,graham_pe_times_pb",5367153557504.0,28.099874,23.438786,4.589,0.16971,1.17211,0.7106808435754708,0.6038168363141272,41809874944.0,0.0045000000000000005,4.0
RNR,False,79.39093333333334,"graham_current_ratio,graham_earnings_stability",13592455168.0,5.672273,1.235506,1.352,0.12211,0.21475,0.45349,0.41674,2787289856.0,0.005,3.0
LVS,False,79.2779771507589,"graham_current_ratio,graham_debt_to_equity,graham_pe_times_pb",25895092224.0,15.496124,44.57079,0.997,17.03902,1.22869,0.79335,0.21648613351770762,2212875008.0,0.03,4.0
NMIH,True,79.2073,,3226845696.0,8.444882,1.1952192,2.029,0.15753,0.15427,0.76384,0.76672995,329759616.0,,4.0
LULU,True,78.87019378953664,,10856224768.0,8.070782,2.2857807,2.19,0.44689,0.30898002,0.566005440167168,0.19910786662583538,1148515840.0,,4.0
CNX,False,78.56619999999998,"graham_current_ratio,graham_earnings_stability",4865865728.0,5.3306317,1.0119689,0.716,0.49137000000000003,0.21249,0.73616,0.62878,437116736.0,,1.0
SEZL,False,78.54183736416796,"graham_earnings_stability,graham_pe,graham_pe_times_pb",3924823296.0,25.559212,16.842485,4.017,0.52416,0.88851,0.74967,0.39262101941240873,100542000.0,,3.0
MTG,False,78.50679999999998,munger_roe,6090156544.0,9.278125,1.2235227,4.964,0.12903,0.13923,0.92607003,0.80851996,518861888.0,0.0229,4.0
ADMA,False,78.3468012926803,"graham_earnings_stability,graham_pe_times_pb",2040500224.0,13.014285,5.0303698,6.972,0.49935,0.41897,0.5738543592075629,0.37525114029946705,54755376.0,,2.0
PLTR,False,78.05706374307404,"graham_earnings_stability,graham_pe,graham_pe_times_pb",426879287296.0,151.82907,43.667652,7.228,0.02139,0.38097,0.8236651721415028,0.3159495165398041,2159104512.0,,3.0
ESNT,False,77.69319999999999,munger_roe,6038801920.0,9.370991,1.066288,1.791,0.08757,0.12009,0.76005995,0.6575,690249472.0,0.0208,4.0
PAYX,False,77.67125594408601,"graham_current_ratio,graham_debt_to_equity,graham_pe,graham_pe_times_pb",41343574016.0,23.750511,11.056741,1.259,1.23967,0.44769,0.74286,0.3855190417690418,2095500032.0,0.040999999999999995,4.0
WDC,False,77.60471252779354,"graham_current_ratio,graham_earnings_stability,graham_pe_times_pb",159128338432.0,16.395245,21.102556,1.329,0.13436,1.30853,0.4885053022679774,0.34468612121681247,2268750080.0,0.0014000000000000002,2.0
AGX,False,77.50811194956768,"graham_pe,graham_pe_times_pb,munger_gross_margin",5469534208.0,30.769535,10.793787,1.501,0.02154,0.39847,0.20503575035517455,0.1426001952136658,467822016.0,0.0072,4.0
INTU,False,77.40765779504247,graham_pe_times_pb,81023287296.0,18.419807,4.284523,1.507,0.4434,0.23596,0.80982,0.2743379336068631,6353625088.0,0.0182,4.0
TPL,False,77.26295,"graham_pe,graham_pe_times_pb,munger_fcf",24325302272.0,45.04087,15.633922,4.552,0.01077,0.36566,0.93336,0.741879752941029,-32836124.0,0.0068000000000000005,4.0
FTNT,False,77.25575165405691,"graham_current_ratio,graham_pe,graham_pe_times_pb",124613926912.0,59.80282,80.34058,1.282,0.36194000000000004,1.17442,0.8045620330607682,0.3065915642096594,2265587456.0,,4.0
GOOG,False,77.24465151244407,graham_pe_times_pb,4212111966208.0,17.272316,6.766937,2.724,0.18859,0.48676,0.60897,0.32032638592380025,22665000960.0,0.0026,4.0
GOOGL,False,77.22490832361157,graham_pe_times_pb,4274851676160.0,17.54719,6.8677306,2.724,0.18859,0.48676,0.60897,0.32032638592380025,22665000960.0,0.0025,4.0
V,False,77.20451543165433,"graham_current_ratio,graham_pe,graham_pe_times_pb",691411156992.0,31.34383,19.517223,0.985,0.67821,0.6119,0.97725,0.59985,20404000768.0,0.0073,4.0
ACT,False,77.15435063662146,"graham_current_ratio,munger_roe",6661083648.0,10.221519,1.2403677,0.922,0.13812,0.12869,0.73177004,0.73258,521546880.0,0.019799999999999998,4.0
LOPE,False,77.00584875204612,graham_pe_times_pb,3942857984.0,18.291414,5.8525167,2.818,0.15564999999999998,0.30979002,0.53271,0.24040973898577847,205755248.0,,4.0
HRMY,False,76.90389726926637,graham_pe_times_pb,2447093248.0,13.598706,2.444018,3.479,0.16030999999999998,0.20456,0.771614583633196,0.2400463813240325,182835504.0,,4.0
INSW,True,76.89956774153947,,5505405440.0,7.1067777,2.4297738,5.944,0.28815,0.37412,0.725,0.40956264778217055,69650376.0,0.0736,4.0
VCTR,False,76.84959570145612,graham_pe_times_pb,6554459648.0,19.374544,2.7622676,2.066,0.42615000000000003,0.19045,0.57335997,0.36629021131877276,520321760.0,0.018799999999999997,4.0
BLKB,False,76.83963501340858,"graham_size,graham_current_ratio,graham_debt_to_equity,graham_earnings_stability,graham_pe_times_pb",1944965504.0,13.390624,28.662207,0.828,17.27037,1.94448,0.5878346102546606,0.1690534534481307,214087872.0,,1.0
DUOL,False,76.80254465423553,"graham_earnings_stability,graham_pe_times_pb",6638971392.0,16.773048,4.7030354,2.719,0.0611,0.3442,0.7223062310799363,0.13065867120796384,300198016.0,,3.0
ADSK,False,76.79418092103226,"graham_current_ratio,graham_debt_to_equity,graham_pe,graham_pe_times_pb",45342547968.0,28.102331,13.40273,0.855,1.09518,0.53854,0.9097973910630031,0.2189841798501249,3157499904.0,,4.0
IT,False,76.76581711289447,"data_missing:debt_to_equity,graham_current_ratio,graham_pe_times_pb",11731816448.0,16.691824,-71.50885,0.88,,1.13581,0.6877113401934918,0.15786906596753753,1052553024.0,,4.0
MCY,False,76.63364285714285,"graham_current_ratio,graham_earnings_stability,munger_gross_margin",5590928384.0,5.965721,1.9714074,0.952,0.33925,0.38991,0.26808,0.19934,1143784576.0,0.0126,3.0
MEDP,False,76.54414085538637,"graham_current_ratio,graham_pe,graham_pe_times_pb",17091144704.0,35.977085,39.3908,0.732,0.33216,1.6215401,0.7235,0.21141720489093105,510396512.0,,4.0
PRDO,True,76.44210293813468,,2036883072.0,11.836364,1.9710548,4.692,0.11009000000000001,0.17554002,0.79890996,0.23165220022314253,184656128.0,0.0209,4.0
ADEA,False,76.30336554682681,"graham_earnings_stability,graham_pe,graham_pe_times_pb",2737153280.0,22.770641,5.7347503,3.247,0.82832,0.27878,1.0,0.3946967202392498,195100624.0,0.008100000000000001,3.0
CRUS,False,76.18847237022982,graham_pe_times_pb,5954968576.0,14.525672,2.7380404,7.583,0.0596,0.20903999,0.5277776526137503,0.2304920598444261,450997248.0,,4.0
MANH,False,76.07217954190175,"graham_current_ratio,graham_pe,graham_pe_times_pb",12329169920.0,60.59026,78.26055,0.983,0.34209,0.96378,0.5581,0.25874058620740675,321116384.0,,4.0
FTDR,False,75.9832657277726,"graham_debt_to_equity,graham_pe,graham_pe_times_pb",5393657344.0,20.656992,19.099781,1.591,4.16901,1.01859,0.5527950310559007,0.28217,333624992.0,,4.0
CINF,False,75.68008333333333,"graham_current_ratio,graham_earnings_stability",25937790976.0,7.97546,1.5550668,1.151,0.05255,0.21484,0.31066,0.37202,2984875008.0,0.0223,3.0
HRB,False,75.59209401655906,"graham_current_ratio,graham_debt_to_equity,graham_pe_times_pb",5454516736.0,7.776801,46.775898,1.133,17.894190000000002,7.13542,0.4433,0.2523599714974895,624796864.0,0.0416,4.0
QCOM,False,75.55433280442156,"graham_pe,graham_pe_times_pb",189815717888.0,20.334097,6.791761,2.016,0.5521,0.33754003,0.54226,0.27899467076144885,10241000448.0,0.0207,4.0
CPAY,False,75.54081584351749,"graham_current_ratio,graham_debt_to_equity,graham_pe,graham_pe_times_pb",26116763648.0,24.209373,7.3731627,0.972,2.75291,0.29215,0.80539,0.44035568389120844,1946175872.0,,4.0
AVGO,False,75.54017739184647,"graham_pe,graham_pe_times_pb",1707097718784.0,45.671772,17.125275,2.504,0.59604,0.44245,0.6776652527118193,0.3988917933225852,30596499456.0,0.0073,4.0
TPR,False,75.51333301458433,"graham_debt_to_equity,graham_pe_times_pb",22930042880.0,15.818432,33.29473,1.752,5.71608,1.97135,0.7782164363709053,0.2391744334224532,1399924992.0,0.0161,4.0
ANF,False,75.50476914819912,"graham_current_ratio,graham_pe_times_pb",5760890880.0,11.723661,4.2529993,1.407,0.93997,0.40609002,0.6292023434610927,0.13275811519756214,435861760.0,,4.0
EXPE,False,75.44259243098583,"graham_current_ratio,graham_debt_to_equity,graham_pe_times_pb",33527404544.0,17.569183,27.727049,0.801,2.30271,0.89489,0.90433,0.12699382338966944,3434374912.0,0.0069,4.0
EQT,False,75.04023946736211,"graham_current_ratio,munger_roe",31275802624.0,11.600928,1.238206,0.673,0.19594999999999999,0.11078,0.80748004,0.37593008777782033,2460903936.0,0.0132,4.0
DOCS,False,74.90575370010478,"graham_pe,graham_pe_times_pb",4654002688.0,31.083336,5.1256385,6.078,0.01056,0.17206,0.8909442780869735,0.3332800920505596,239703872.0,,4.0
EOG,True,74.66284826914709,,76821012480.0,11.224124,2.37862,1.851,0.25891,0.22507,0.62636,0.28212265818310356,4478750208.0,0.028300000000000002,4.0
CF,False,74.57299029695135,graham_pe_times_pb,19325878272.0,9.466271,3.3678825,4.86,0.40503999999999996,0.29867,0.3845285149632976,0.3246753246753247,1276749952.0,0.018799999999999997,4.0
FIZZ,False,74.40867970383309,graham_pe_times_pb,2958142464.0,16.989248,7.937704,2.392,0.15983,0.4012,0.370387750814873,0.19491729292737633,131415752.0,,4.0
FSLR,False,74.23125589645568,graham_earnings_stability,21059780608.0,12.073938,2.0405912,2.518,0.018799999999999997,0.18509,0.4062437732020073,0.30594921691788446,1598684800.0,,3.0
CHH,False,74.20923979975097,"graham_current_ratio,graham_debt_to_equity,graham_pe_times_pb",4359085056.0,13.71813,30.503937,0.926,14.817260000000001,5.66362,0.90328,0.28081222800951655,212277504.0,0.011899999999999999,4.0
MGY,True,74.11874071362209,,6916822016.0,10.995633,2.1311893,1.583,0.19243,0.20854001,0.8222,0.33478116698237975,332475744.0,0.0262,4.0
LRCX,False,74.00873818628757,"graham_pe,graham_pe_times_pb",360518057984.0,50.019093,28.90639,2.629,0.33049,0.65066004,0.5046900724797688,0.35294212594408997,3090484480.0,0.0046,4.0
IDXX,False,73.9806052866859,"graham_current_ratio,graham_pe,graham_pe_times_pb",40360484864.0,35.98101,25.025679,1.172,0.67971,0.74211,0.6179747110743262,0.316014212879981,909368384.0,,4.0
LAMR,False,73.63286027011304,"graham_current_ratio,graham_debt_to_equity,graham_pe,graham_pe_times_pb",14908508160.0,26.790146,15.180437,0.627,5.0011399999999995,0.59433,0.67430997,0.33283,558694400.0,0.0449,4.0
MA,False,73.56359198907786,"graham_current_ratio,graham_debt_to_equity,graham_pe,graham_pe_times_pb",495155838976.0,31.05714,88.373985,1.061,4.39583,2.41202,1.0,0.5762861760849013,16961250304.0,0.0062,4.0
WEX,False,73.33584679151275,"graham_current_ratio,graham_debt_to_equity,graham_pe_times_pb",6597177856.0,19.299105,4.9378843,1.045,3.98423,0.3019,0.73232,0.24951142513529764,1331299968.0,,4.0
SPG,False,73.32412114799386,"graham_current_ratio,graham_debt_to_equity,graham_pe_times_pb",77944299520.0,14.489768,15.11818,0.266,5.03504,1.20508,0.81426,0.49892269705185244,2595271168.0,0.0433,4.0
ABNB,False,73.06776879635407,"graham_current_ratio,graham_pe,graham_pe_times_pb",99530153984.0,37.863327,12.574325,1.408,0.32004,0.34542,0.82901,0.20782615799362797,3206874880.0,,4.0
BOX,False,73.02844236297794,"graham_current_ratio,graham_debt_to_equity,graham_pe,graham_pe_times_pb",4626409984.0,49.588238,-13.177023,1.059,3.7952,0.70227,0.7921882552008787,0.0706636551361517,378295360.0,,4.0
MCO,False,72.9454624066473,"graham_current_ratio,graham_debt_to_equity,graham_pe,graham_pe_times_pb",81150877696.0,29.770649,26.827162,1.19,2.4068199999999997,0.76932,0.74974996,0.4341798393366157,2579124992.0,0.0088,4.0
BKE,False,72.89619649196794,graham_pe_times_pb,2075435904.0,9.28341,4.1712394,2.083,0.8618000000000001,0.45764,0.4899374727912254,0.2014462547242138,131653504.0,0.0347,4.0
RMD,False,72.85803128216119,"graham_pe,graham_pe_times_pb",32455325696.0,21.550768,4.92794,3.1,0.12542,0.24269,0.6105551961875267,0.33372849076217803,939248256.0,0.011699999999999999,4.0
TTD,False,72.77165141778717,graham_pe_times_pb,6581307904.0,16.571428,2.5392194,1.724,0.16863,0.15441,0.76872003,0.20347486641503387,582992768.0,,4.0
APP,False,72.71141976265137,"graham_debt_to_equity,graham_earnings_stability,graham_pe,graham_pe_times_pb",103092436992.0,23.696922,32.65423,4.3,1.1113,2.03686,0.88464,0.757549422821868,3179956224.0,,3.0
CART,False,72.50214624341451,"graham_earnings_stability,graham_pe,graham_pe_times_pb",10503157760.0,24.792349,4.5533924,2.279,0.01348,0.16001,0.7370390165686799,0.13308391234633885,917875008.0,,2.0
RLI,False,72.48145317335451,"graham_current_ratio,graham_pe_times_pb",5450398208.0,12.47689,3.039406,1.06,0.18189,0.25164,0.35513002,0.36861,316104256.0,0.0121,4.0
RDDT,False,72.37981620770033,"graham_earnings_stability,graham_pe,graham_pe_times_pb",29023014912.0,35.081394,8.8299,10.486,0.00635,0.30712,0.91442,0.20067323312626617,678068736.0,,1.0
COCO,False,72.3250250365363,"graham_pe,graham_pe_times_pb",3229976832.0,30.839779,7.99141,3.356,0.03508,0.31370002,0.41127998,0.29209998,104597248.0,,4.0
MSFT,False,72.28967939988884,"graham_current_ratio,graham_pe,graham_pe_times_pb",3666585845760.0,27.47802,8.289767,1.23,0.29118,0.34039003,0.6794409337058032,0.4678081840892722,16545500160.0,0.0079,4.0
PAYC,False,72.23464631829023,"graham_current_ratio,graham_debt_to_equity,graham_pe,graham_pe_times_pb",10198806528.0,23.91966,17.223322,1.074,1.71969,0.41089,0.8316518009455574,0.27645367256421505,423724992.0,0.0066,4.0
TER,False,71.9402140493066,"graham_pe,graham_pe_times_pb",58075897856.0,51.026096,16.910366,2.125,0.02883,0.36465,0.582235431457569,0.20377620983415798,437381248.0,0.0014000000000000002,4.0
ULS,False,71.90395208733949,"graham_current_ratio,graham_pe,graham_pe_times_pb",12906086400.0,25.818548,8.105063,1.425,0.29383,0.38712,0.50413,0.17097936455944973,420500000.0,0.0091,4.0
GPOR,False,71.87247221746951,"graham_current_ratio,graham_earnings_stability",2869751552.0,6.0745525,1.5455037,0.576,0.5047999999999999,0.27411,0.68134004,0.4220660587115128,102005000.0,,1.0
DXCM,False,71.81993554056146,"graham_pe,graham_pe_times_pb",33717184512.0,35.316204,12.863518,1.733,0.5334599999999999,0.38491002,0.601008151008151,0.19558129558129558,1021162496.0,,4.0
NSSC,False,71.76724784340492,"graham_size,graham_pe,graham_pe_times_pb",1292313600.0,30.108334,6.765918,4.899,0.02711,0.2393,0.5920984993772119,0.22557780897210306,50773248.0,0.0169,4.0
AMAT,False,71.62681865543391,"graham_pe,graham_pe_times_pb",352809615360.0,38.325,13.767613,2.423,0.28666,0.41068,0.4867456288776086,0.2921954314720812,3075375104.0,0.0048,4.0
AAMI,False,71.60049544072105,"graham_current_ratio,graham_debt_to_equity,graham_pe,graham_pe_times_pb",3220374016.0,32.063602,35.007713,1.048,1.9331800000000001,1.0676999,0.40853,0.23434450949086394,231087504.0,0.0044,4.0
ACGL,False,71.58950465476191,graham_current_ratio,33039489024.0,7.581377,1.4182206,0.589,0.17836,0.19936001,0.38758,0.26584998,4302125056.0,,4.0
PGR,False,71.52014523809524,"graham_current_ratio,graham_pe_times_pb,munger_gross_margin",123903787008.0,10.706118,3.6126106,0.293,0.24428,0.34943,0.18521,0.18208,15114500096.0,0.0019,4.0
APPF,False,71.48228060454144,"graham_earnings_stability,graham_pe,graham_pe_times_pb",7601549312.0,49.00228,14.447362,3.831,0.06799000000000001,0.3209,0.63532,0.16082610625332608,198919872.0,,3.0
RRC,False,71.38983601899457,graham_current_ratio,8982640640.0,10.618785,1.9075029,0.649,0.21589,0.19475001,0.52119,0.36101002,454483360.0,0.0104,4.0
RELY,False,71.26731824967074,"graham_earnings_stability,graham_pe_times_pb",4642231296.0,15.7769785,4.1190834,3.181,0.03396,0.32246,0.61548,0.04737678019162803,196120992.0,,1.0
LYFT,False,71.26263333333334,"graham_current_ratio,graham_earnings_stability",5715957760.0,2.1979623,1.8936545,0.586,0.42738,1.52579,0.3802,-0.02982365674882656,1153134464.0,,2.0
YELP,False,71.17099803585032,graham_size,1065194816.0,9.483091,1.7391689,1.749,0.19131,0.18190001,0.89647,0.12595677000317415,283744640.0,,4.0
RRR,False,71.06088910008458,"graham_current_ratio,graham_debt_to_equity,graham_pe_times_pb",5192195072.0,17.989399,17.234259,0.677,12.456679999999999,1.08938,0.67221,0.2970082272631685,173044752.0,0.0204,4.0
CROX,False,71.03036610579585,"graham_current_ratio,graham_debt_to_equity,graham_earnings_stability,graham_pe_times_pb",5860806144.0,10.846495,4.249461,1.49,1.21993,0.42299998,0.5833360350458726,0.037002737432891314,533888736.0,,0.0
KTB,False,71.01518405130452,"graham_debt_to_equity,graham_pe_times_pb",3626814208.0,13.433198,5.863227,1.831,2.05768,0.49523997,0.49308997,0.10683987341932766,440592512.0,0.0319,4.0
HALO,False,70.99940206949015,"graham_debt_to_equity,graham_pe,graham_pe_times_pb",12762849280.0,32.97654,89.31692,2.709,15.17687,1.73674,0.76271003,0.3358172032154981,337308640.0,,4.0
PCTY,False,70.98327983547776,"graham_current_ratio,graham_pe,graham_pe_times_pb",7625876992.0,29.213413,6.5151167,1.089,0.10887000000000001,0.21972999,0.691855705838451,0.2179118919950365,359865120.0,,4.0
AMGN,False,70.95535216118594,"graham_current_ratio,graham_debt_to_equity,graham_pe,graham_pe_times_pb",208494723072.0,23.98321,17.83765,1.371,4.90281,0.91473,0.71891,0.24706810699028597,8645624832.0,0.026099999999999998,4.0
GGG,False,70.93930451721806,"graham_pe,graham_pe_times_pb",12350599168.0,23.981133,4.89568,2.992,0.0207,0.21240999,0.5245376472544984,0.27935074783019254,536623264.0,0.0155,4.0
BYD,False,70.93724333995803,"graham_current_ratio,graham_debt_to_equity",5301665792.0,3.2373557,2.1336257,0.774,1.3047,0.93084997,0.59126,0.18289540856537004,283961504.0,0.011000000000000001,4.0
ORI,False,70.77869242857142,graham_current_ratio,9645245440.0,8.760965,1.5777419,0.294,0.37518,0.18571,0.63918,0.17448999,1418687488.0,0.0315,4.0
DOCU,False,70.72875563973999,"graham_current_ratio,graham_earnings_stability,graham_pe,graham_pe_times_pb",12909351936.0,42.115852,7.5626845,0.643,0.10654,0.17803,0.7940481441217581,0.09274079826059947,1312730880.0,,3.0
UNP,False,70.64464912769705,"graham_current_ratio,graham_debt_to_equity,graham_pe,graham_pe_times_pb",165966872576.0,22.621052,8.541335,0.986,1.50772,0.39696,0.56285,0.40171358629130965,4720750080.0,0.0203,4.0
LNTH,False,70.35318850019601,"graham_pe,graham_pe_times_pb",6565902848.0,24.055025,5.0027366,3.06,0.47642,0.22215,0.6110187472958448,0.2016282987450125,451656000.0,,4.0
CPRI,False,70.28374043918086,"graham_size,graham_current_ratio,graham_debt_to_equity,graham_earnings_stability,graham_pe_times_pb",1676361344.0,18.910257,12.139917,1.189,9.73427,1.4461501,0.6226252158894646,0.006620610247553253,192624992.0,,1.0
MU,False,70.18101375322823,"graham_earnings_stability,graham_pe,graham_pe_times_pb",1147237564416.0,22.9352,11.385978,3.425,0.0633,0.66638,0.39790786023864305,0.2613837016426775,7639499776.0,0.0005,2.0
IPAR,False,70.16887802229262,"graham_pe,graham_pe_times_pb",3603220480.0,21.512428,4.139441,3.31,0.1512,0.19105,0.6367746831600516,0.19077331714350762,215215008.0,0.0285,4.0
LTC,False,70.13949999999998,"graham_pe_times_pb,munger_roe",2294220800.0,15.200001,2.167889,20.833,0.581,0.11806,0.60456,0.7788658342654097,256029248.0,0.0536,4.0
MNST,False,70.04458794335339,"graham_pe,graham_pe_times_pb",87589199872.0,41.398144,9.353556,3.729,0.00992,0.25704,0.5584764218214752,0.29168723791625206,1681231104.0,,4.0
FDS,False,70.00521257089746,"graham_current_ratio,graham_pe_times_pb",10094567424.0,18.697628,4.996655,0.683,0.7728400000000001,0.27032,0.51382,0.3223015589977896,621161344.0,0.0163,4.0
ADP,False,69.72146886834895,"graham_current_ratio,graham_pe,graham_pe_times_pb",107745607680.0,24.814272,17.88932,1.051,0.9143600000000001,0.72239,0.48653,0.23459,5243049984.0,0.025099999999999997,4.0
WU,False,69.71037242604513,"graham_size,graham_current_ratio,graham_debt_to_equity",1927411968.0,4.983871,2.1222527,0.277,2.94873,0.43975,0.35094002,0.18695534105216383,357275008.0,0.1521,4.0
NBIX,False,69.7023047495916,"graham_pe,graham_pe_times_pb",14864159744.0,21.378654,4.022391,1.872,0.12497,0.22089,0.6448,0.2164306939346268,638237504.0,,4.0
RH,False,69.66062522608344,"graham_current_ratio,graham_debt_to_equity,graham_pe,graham_pe_times_pb",2395802112.0,22.356892,19.905617,1.122,34.139160000000004,2.80715,0.4136117308929353,0.1370499090252195,263892880.0,,4.0
MMM,False,69.64404131619327,"graham_current_ratio,graham_debt_to_equity,graham_earnings_stability,graham_pe,graham_pe_times_pb",85553192960.0,29.517794,28.981482,1.24,4.37937,0.81891996,0.39408,0.18554593554593554,6350125056.0,0.018799999999999997,2.0
AON,False,69.60742009766277,"graham_current_ratio,graham_debt_to_equity,graham_pe_times_pb",62712766464.0,16.288706,6.530018,1.033,1.6348099999999999,0.44699,0.48154,0.2528374367033351,3190874880.0,0.0111,4.0
VRTX,False,69.51642587852781,"graham_earnings_stability,graham_pe,graham_pe_times_pb",128762519552.0,29.589056,6.3605313,3.185,0.09766999999999999,0.23542999,0.54957,0.3477373284560839,2627887616.0,,1.0
MORN,False,69.47426382440813,"graham_current_ratio,graham_debt_to_equity,graham_pe_times_pb",7646391296.0,19.375475,7.4687624,1.056,1.86052,0.3196,0.62240005,0.21533428746677571,497800000.0,0.0098,4.0
AMT,False,69.44035715270122,"graham_current_ratio,graham_debt_to_equity,graham_pe,graham_pe_times_pb",81067728896.0,23.931223,21.793812,0.352,4.38721,0.33914003,0.73774004,0.45523551847885313,2920012544.0,0.0401,4.0
RAMP,False,69.43777116265828,"graham_earnings_stability,graham_pe_times_pb",2289539072.0,15.757321,2.3423312,2.657,0.03388,0.16055,0.70709154427141,0.10267178389549045,169467120.0,,1.0
CL,False,69.35090615730157,"graham_current_ratio,graham_debt_to_equity,graham_pe,graham_pe_times_pb",69728706560.0,34.437008,295.50674,1.026,13.88163,2.67367,0.6010695711902659,0.162201942890786,3458374912.0,0.0242,4.0
META,False,69.11357219617574,"graham_pe,graham_pe_times_pb",1696002211840.0,25.06589,6.493855,2.226,0.42997,0.29848,0.81747,0.41437855159579234,21553625088.0,0.0032,4.0
ENR,False,69.05336295391143,"graham_size,graham_debt_to_equity,graham_earnings_stability,graham_pe_times_pb",1463963136.0,17.966385,7.2059317,2.072,16.88484,0.42183998,0.4174823043316287,0.11987001,194475008.0,0.056100000000000004,3.0
NTAP,False,69.04064349928024,"graham_current_ratio,graham_debt_to_equity,graham_pe,graham_pe_times_pb",38849716224.0,27.93644,25.92947,1.242,1.69498,1.14818,0.7854737854737854,0.2683982683982684,1171374976.0,0.0105,4.0
THC,False,68.94478937624858,"graham_current_ratio,graham_debt_to_equity,graham_pe_times_pb",21095172096.0,10.13109,4.528155,1.406,1.5227600000000001,0.37337002,0.41661,0.1646175504458001,2247875072.0,,4.0
CHTR,False,68.89784649769963,"graham_current_ratio,graham_debt_to_equity",16656665600.0,3.3351548,0.90183085,0.361,4.41578,0.27201998,0.55189997,0.23565925439076935,2198374912.0,,4.0
OXY,False,68.89596311653357,"graham_current_ratio,graham_pe_times_pb,munger_roe",58818662400.0,17.356932,1.7580447,1.411,0.34511000000000003,0.10629,0.73318,0.45443,3788124928.0,0.019,4.0
ACAD,False,68.82410338897517,"graham_earnings_stability,graham_pe_times_pb",4673027072.0,12.237668,3.5950468,3.388,0.05652,0.35743,0.9426818843203196,0.09781662241426778,68647000.0,,2.0
KRYS,False,68.80215193593268,"graham_earnings_stability,graham_pe,graham_pe_times_pb",9965040640.0,42.189224,7.331185,8.318,0.00651,0.20124,0.94639,0.41450158044869323,151739744.0,,3.0
CTAS,False,68.53848700365987,"graham_current_ratio,graham_pe,graham_pe_times_pb",79089516544.0,40.334694,15.386532,1.434,0.52646,0.40714002,0.5066945494893322,0.2313863560886911,1464424832.0,0.0105,4.0
RMBS,False,68.45773374228983,"graham_earnings_stability,graham_pe,graham_pe_times_pb",9472798720.0,40.183483,6.4783316,9.754,0.014870000000000001,0.17789,0.80357003,0.36671,202302368.0,,3.0
KLAC,False,68.30544435935039,"graham_pe,graham_pe_times_pb",231245725696.0,48.357925,36.43269,2.876,0.9688,0.87496,0.61301,0.42486,2624587520.0,0.0052,4.0
CNS,False,68.23385526919013,"graham_pe,graham_pe_times_pb",3794394880.0,22.704617,6.437233,6.638,0.19326000000000002,0.27329,0.47300997,0.22233683245387523,156940496.0,0.0363,4.0
TRV,False,68.0959081006424,graham_current_ratio,78136377344.0,10.07043,2.3593948,0.323,0.27378,0.26511,0.34730998,0.13398837123721205,14775124992.0,0.013300000000000001,4.0
AAPL,False,68.05988148680015,"graham_current_ratio,graham_pe,graham_pe_times_pb",4905541566464.0,38.591274,45.669838,1.003,0.78445,1.4875101,0.4690516410716045,0.31970799762591884,107721875456.0,0.0032,4.0
PATH,False,67.90719031252912,"graham_earnings_stability,graham_pe_times_pb",6978271232.0,19.985075,3.580214,2.387,0.04093,0.20027,0.8317467334586718,0.0352421375759668,474257632.0,,1.0
WEN,False,67.79864834554023,"graham_size,graham_debt_to_equity,graham_pe_times_pb",1285115264.0,10.21212,11.103789,1.897,33.806149999999995,1.08042,0.33111,0.15777179472927216,173339744.0,0.0416,4.0
LAUR,False,67.73308243711588,"graham_current_ratio,graham_pe_times_pb",4976884736.0,16.348417,4.360367,0.712,0.643,0.29318002,0.36800998,0.2533018396761324,343739264.0,,4.0
STZ,False,67.71403994653996,"graham_current_ratio,graham_debt_to_equity,graham_earnings_stability",20320593920.0,11.319695,2.4709744,0.913,1.23205,0.2369,0.5155378050114893,0.29777875041032936,2210487552.0,0.0346,1.0
LLY,False,67.6919816576999,"graham_current_ratio,graham_debt_to_equity,graham_pe,graham_pe_times_pb",1027672309760.0,38.753952,30.338669,1.355,1.6207099999999999,1.02286,0.83399004,0.54222,11065900032.0,0.006,4.0
WSM,False,67.57552355221002,"graham_current_ratio,graham_pe,graham_pe_times_pb",26403586048.0,22.994871,14.118387,1.447,0.71369,0.54960996,0.46152631239163316,0.1813443534470391,1069320128.0,0.013600000000000001,4.0
GFF,False,67.50340136594336,"graham_debt_to_equity,graham_earnings_stability,graham_pe_times_pb",4222373376.0,19.461378,32.823944,2.411,10.351759999999999,2.27544,0.4198555830607724,0.08185835615807766,444938752.0,0.009399999999999999,3.0
DVA,False,67.20763329511857,"graham_current_ratio,graham_debt_to_equity,graham_pe_times_pb",11801054208.0,15.581356,-15.369054,1.467,12.419860000000002,0.88475,0.32364,0.1497914435527666,1042460032.0,,4.0
WRB,False,67.04367670238096,"graham_current_ratio,graham_pe_times_pb",25982214144.0,14.401234,2.8031878,0.406,0.31527,0.20207001,0.43785998,0.16385001,3045504768.0,0.005699999999999999,4.0
CME,False,66.9911239513354,"graham_current_ratio,graham_pe,graham_pe_times_pb",99247472640.0,23.410519,3.7391622,1.018,0.14587,0.15802,1.0,0.6486366285311168,2909012480.0,0.018799999999999997,4.0
TXN,False,66.92277354239286,"graham_pe,graham_pe_times_pb",243508379648.0,40.461308,13.519242,4.857,0.78036,0.35176,0.5702409229725144,0.3406288881348264,3545250048.0,0.022799999999999997,4.0
IIPR,False,66.88652557946752,"graham_size,munger_roe",1533518336.0,12.58371,0.89023334,4.581,0.32892000000000005,0.073850006,0.88355005,0.46670301366772576,99872376.0,0.1366,4.0
FAST,False,66.85224346007529,"graham_pe,graham_pe_times_pb",56238854144.0,41.88889,13.821206,4.18,0.10851000000000001,0.34334,0.45011889518931775,0.2019023230290836,916124992.0,0.0196,4.0
FFIV,False,66.84894351181337,"graham_pe,graham_pe_times_pb",24464642048.0,34.47965,6.3673344,1.665,0.06546,0.1983,0.8141306290785966,0.2480346960822157,717135488.0,,4.0
CDE,False,66.82806207159797,"graham_earnings_stability,graham_pe_times_pb,munger_roe",20311994368.0,16.605042,1.9523762,3.654,0.06851,0.12848,0.56329,0.3415313850461276,796743616.0,0.002,2.0
EBAY,False,66.72632113703727,"graham_current_ratio,graham_debt_to_equity,graham_earnings_stability,graham_pe,graham_pe_times_pb",49768800256.0,23.495796,10.668701,1.019,1.53012,0.46611,0.7145045045045045,0.20513513513513512,1579624960.0,0.0111,3.0
GRMN,False,66.65306273915317,"graham_pe,graham_pe_times_pb",52854173696.0,28.253609,5.855482,3.028,0.02513,0.21886998,0.5874393538958355,0.25892913951367735,1043656256.0,0.015300000000000001,4.0
AOS,False,66.5847179115892,graham_pe_times_pb,7739993600.0,15.86351,4.202332,1.594,0.36766,0.27133,0.38833481280350896,0.1902250535220093,484612512.0,0.0253,4.0
ACN,False,66.51024594573292,"graham_current_ratio,graham_pe_times_pb",110938972160.0,14.468475,3.4782524,1.339,0.25035,0.24406,0.32013,0.14676657206710142,12089380864.0,0.036000000000000004,4.0
WLY,False,66.50685612783425,"graham_current_ratio,graham_debt_to_equity,graham_earnings_stability,graham_pe_times_pb",2437896960.0,12.964959,2.883693,0.636,1.7253100000000001,0.25906,0.6779290868250905,0.16513830964946605,275353632.0,0.0296,2.0
MC,False,66.48103657142858,"data_missing:free_cash_flow,graham_current_ratio,graham_earnings_stability,graham_pe,graham_pe_times_pb",4424851968.0,20.811848,8.747803,1.167,0.40954999999999997,0.41454,0.92286,0.17790002,,0.0435,2.0
PLMR,False,66.45355714285714,"graham_current_ratio,graham_pe_times_pb,munger_gross_margin",3579205120.0,18.27957,3.6306362,0.541,0.30152,0.22226,0.27354,0.23774,569934144.0,0.0132,4.0
SM,False,66.4115373358094,graham_current_ratio,8793464832.0,6.554965,1.1237766,0.615,0.95136,0.16125,0.86457,0.31705770450221943,1472082944.0,0.023799999999999998,4.0
NXPI,False,66.29104468565362,graham_pe_times_pb,57490911232.0,19.453072,5.045478,2.04,0.93325,0.27921,0.5473958757844976,0.24834949873665335,3555000064.0,0.0178,4.0
IBM,False,66.26287244178324,"graham_current_ratio,graham_debt_to_equity,graham_pe,graham_pe_times_pb",216266948608.0,20.368235,6.277346,0.791,1.8897,0.34460998,0.5818760642629748,0.16548,12049750016.0,0.0294,4.0
SEIC,False,66.2356310107963,graham_pe_times_pb,12626017280.0,18.553791,5.0491962,5.059,0.02383,0.27587998,0.3517631598763984,0.2730548394019103,377482240.0,0.009899999999999999,4.0
OLED,False,66.21198600458878,"graham_pe_times_pb,munger_roe",3599203328.0,18.913044,2.1496227,8.498,0.01288,0.115159996,0.7631057575110166,0.38206854787269195,111837128.0,0.0256,4.0
WDFC,False,66.10203488474859,"graham_pe,graham_pe_times_pb",2540479232.0,28.767477,9.125928,2.654,0.41048,0.33306,0.5505665459648217,0.16741211480922927,68620496.0,0.0216,4.0
AFL,False,65.9470223540827,graham_current_ratio,58321264640.0,12.549083,1.9275252,0.892,0.5336500000000001,0.16908,0.50888,0.21718913270637408,5152249856.0,0.021,4.0
USLM,False,65.8740612572616,"graham_pe,graham_pe_times_pb",3256129280.0,24.356224,4.912357,27.543,0.0046700000000000005,0.21354,0.48936084587378964,0.423524456237407,47104248.0,0.0021,4.0
SNA,False,65.86043772014068,graham_pe_times_pb,19250249728.0,18.977562,3.186052,3.433,0.21594999999999998,0.17932,0.4561907856910732,0.2575008242664029,1109474944.0,0.0262,4.0
ODFL,False,65.85944817825965,"graham_pe,graham_pe_times_pb",35872694272.0,33.205376,7.8930564,1.889,0.0044,0.24818,0.39566,0.28835,970776000.0,0.0067,4.0
UBER,False,65.83588795680365,"graham_current_ratio,graham_earnings_stability,graham_pe_times_pb",144000483328.0,15.460526,5.265123,0.843,0.51872,0.3716,0.40752,0.10698425514735567,7244749824.0,,3.0
CVSA,False,65.83107334944019,"graham_current_ratio,graham_pe_times_pb",4313399296.0,16.918558,2.982068,1.093,0.62613,0.18569,0.57338,0.1961920796690011,323942752.0,,4.0
PJT,False,65.82422857142858,"data_missing:free_cash_flow,graham_pe,graham_pe_times_pb",6452198400.0,20.608164,12.419645,1.706,0.42652999999999996,0.37633,0.95252,0.20994,,0.0066,4.0
NTCT,False,65.77070516320961,"graham_earnings_stability,graham_pe,graham_pe_times_pb,munger_roe",2778146304.0,23.29878,1.6703825,1.825,0.02404,0.0754,0.7940759666869114,0.12778045380822403,226413504.0,,1.0
AWI,False,65.74885248107832,"graham_pe,graham_pe_times_pb",6746414592.0,21.867123,7.6407237,1.519,0.65589,0.36618,0.40640424481737414,0.2658563672260612,220824992.0,0.0085,4.0
KO,False,65.7387232296633,"graham_current_ratio,graham_debt_to_equity,graham_pe,graham_pe_times_pb",379699953664.0,26.501503,10.504702,1.305,1.1551900000000002,0.42054,0.6162574831563797,0.28706117936630443,5218749952.0,0.024,4.0
SPGI,False,65.64337450340153,"graham_current_ratio,graham_pe,graham_pe_times_pb,munger_roe",119488339968.0,24.684532,3.7931776,0.954,0.42979999999999996,0.14255,0.70903,0.42240479916536255,5448249856.0,0.0096,4.0
MAS,False,65.59374963186706,"data_missing:debt_to_equity,graham_pe_times_pb",13420575744.0,15.682027,-36.769314,1.865,,58.625,0.3542713567839196,0.16503570483998942,897124992.0,0.018799999999999997,4.0
BRO,False,65.55799272819695,"graham_current_ratio,graham_pe,graham_pe_times_pb,munger_roe",21756364800.0,20.77316,1.7052189,1.127,0.63975,0.10023,0.56281,0.41838002,1642749952.0,0.0102,4.0
JKHY,False,65.52472295117177,"graham_current_ratio,graham_pe,graham_pe_times_pb",10856937472.0,22.184814,5.287871,1.167,0.03793,0.24040002,0.4276959885180597,0.24958663134118528,352223744.0,0.0158,4.0
SSD,False,65.47966997218231,graham_pe_times_pb,7017806336.0,18.754654,3.421589,3.288,0.21084,0.18722,0.4585053720666253,0.1963577799801784,446386496.0,0.006999999999999999,4.0
GNTX,True,65.44821835628065,,4736048640.0,11.767196,1.846256,3.038,0.00441,0.16354999,0.3419956413347784,0.18701083450311676,356785760.0,0.0216,4.0
FIX,False,65.43053071894883,"graham_current_ratio,graham_pe,graham_pe_times_pb,munger_gross_margin",58118856704.0,40.654114,18.037903,1.214,0.11498,0.55292,0.2412640753464128,0.14443428388353266,1841915392.0,0.0022,4.0
RL,False,65.40057669132628,"graham_debt_to_equity,graham_pe,graham_pe_times_pb",19966009344.0,21.102015,7.3383846,2.045,1.10373,0.37537,0.6986505638055333,0.14532010598311665,880087488.0,0.011899999999999999,4.0
ENS,False,65.27605,"graham_pe_times_pb,munger_gross_margin",6423937536.0,19.091105,3.283197,2.795,0.56108,0.18363,0.2976,0.8800231347599768,614659776.0,0.006500000000000001,4.0
VEEV,False,65.26662308500649,"graham_pe,graham_pe_times_pb,munger_roe",42130300928.0,42.72742,5.8046308,5.458,0.020409999999999998,0.14425,0.7552604425672493,0.2867855429408906,1257709824.0,,4.0
UPWK,False,65.24547873151597,"graham_size,graham_current_ratio,graham_earnings_stability",1042943168.0,10.705129,1.8489816,1.424,0.6206900000000001,0.16695,0.77817269708448,0.16414017040203913,156381744.0,,3.0
EXE,False,65.22673332180784,"graham_current_ratio,graham_earnings_stability,munger_roe",20930131968.0,7.542241,1.0563235,0.959,0.19207000000000002,0.14893,0.47069,0.203810623556582,1466249984.0,0.0263,1.0
MKTX,False,65.21374999999999,"graham_pe_times_pb,munger_fcf",5751222272.0,19.316784,4.641954,7.465,0.14275000000000002,0.2314,0.61662996,0.40393586901548917,-457790016.0,0.0191,4.0
DLB,False,65.07404500047609,"graham_pe,graham_pe_times_pb,munger_roe",5400006144.0,24.531916,2.089601,3.185,0.0183,0.08758,0.8813072127963947,0.19639248997502093,331846016.0,0.025,4.0
CPRT,False,65.01550890192365,graham_pe_times_pb,28205670400.0,18.890324,2.983797,7.912,0.0097,0.1616,0.4898,0.3236122379471616,885121728.0,,4.0
VIRT,False,65.0,"data_missing:free_cash_flow,graham_current_ratio,graham_debt_to_equity",5099364352.0,9.593023,2.727788,1.108,4.15015,0.53617,0.65787005,0.36321,,0.0166,4.0
EPAC,False,64.94196380839891,"graham_size,graham_pe,graham_pe_times_pb",1822566400.0,20.09091,4.263837,2.67,0.43579999999999997,0.21645,0.5054782063190246,0.2163579451417493,102963752.0,0.0011,4.0
TRNO,False,64.89971551381595,"graham_current_ratio,munger_roe",7164797952.0,17.67473,1.5979682,0.62,0.21396,0.0928,0.76206,0.41769,319524640.0,0.0347,4.0
ROL,False,64.82221024775859,"graham_current_ratio,graham_pe,graham_pe_times_pb",15603546112.0,29.481817,10.915517,0.629,0.78015,0.37008998,0.52366,0.19304928145065872,501737504.0,0.0225,4.0
MSI,False,64.69998533001493,"graham_current_ratio,graham_debt_to_equity,graham_pe,graham_pe_times_pb",75907039232.0,36.087334,28.409414,1.099,3.5785,0.91567004,0.5166067454203047,0.25577812018489987,1979000064.0,0.0106,4.0
BF-B,False,64.68811897038375,graham_pe_times_pb,11902939136.0,16.735485,2.9978044,3.263,0.61502,0.18122,0.6053971486761711,0.25483706720977595,685625024.0,0.0356,4.0
OGN,False,64.67887312312313,"graham_debt_to_equity,graham_pe_times_pb",3592497152.0,17.538462,3.5708692,1.954,8.50199,0.24037,0.532979407979408,0.20732,490750016.0,0.0058,4.0
JNJ,False,64.64795619882459,"graham_current_ratio,graham_pe,graham_pe_times_pb",650648485888.0,31.357723,7.65191,1.089,0.57709,0.25742,0.6787871710212011,0.2919,16885125120.0,0.0199,4.0
FAF,False,64.64292142857143,"graham_current_ratio,munger_roe",7105138688.0,9.651872,1.2628388,0.396,0.49421,0.13846,0.63984,0.15567,2337762560.0,0.0351,4.0
GEV,False,64.6002708541384,"graham_current_ratio,graham_earnings_stability,graham_pe,graham_pe_times_pb,munger_gross_margin",250441465856.0,26.951277,20.945095,0.85,0.28364,0.82577,0.19793527372071032,0.03646106966481034,15722125312.0,0.0021,2.0
PG,False,64.48366259830166,"graham_current_ratio,graham_pe,graham_pe_times_pb",340273758208.0,22.113293,6.379483,0.677,0.6448999999999999,0.30290002,0.50873,0.22690504641970768,13280874496.0,0.0297,4.0
VNT,False,64.45166192360574,"graham_current_ratio,graham_debt_to_equity,graham_pe_times_pb",4239872000.0,13.012448,3.5105789,1.252,1.6099199999999998,0.289,0.44853033538500187,0.18259851736246585,347624992.0,0.0032,4.0
GMED,False,64.43531870749462,"graham_pe_times_pb,munger_roe",9946123264.0,18.946291,2.0855856,4.622,0.02347,0.118140005,0.650505331289736,0.1632620840707046,554194880.0,,4.0
VLTO,False,64.42163907318391,"graham_debt_to_equity,graham_pe,graham_pe_times_pb",23036033024.0,23.801006,7.4507174,1.775,1.15978,0.34312,0.599491186625477,0.2320552425949482,807124992.0,0.0055000000000000005,4.0
EVR,False,64.36697857142858,"data_missing:free_cash_flow,graham_pe_times_pb",10099012608.0,14.794367,5.433366,1.827,0.50183,0.39504,0.93934995,0.16955,,0.013600000000000001,4.0
PEP,False,64.34302730458904,"graham_current_ratio,graham_debt_to_equity,graham_pe_times_pb",177238507520.0,17.005241,8.020647,0.934,2.3894900000000003,0.51508,0.541485227575193,0.12241682193239287,7831875072.0,0.045599999999999995,4.0
HAS,False,64.0173920535769,"graham_debt_to_equity,graham_earnings_stability,graham_pe_times_pb",12351263744.0,15.581851,17.542067,1.661,5.310420000000001,1.5956,0.63822,0.0020686184982947873,688150016.0,0.032,0.0
MLI,False,63.94077120468942,"graham_pe_times_pb,munger_gross_margin",13286366208.0,15.6432295,3.7450123,4.775,0.0069099999999999995,0.26325,0.28776,0.22939600775101968,524939744.0,0.011699999999999999,4.0
PYPL,False,63.93821632933111,graham_current_ratio,45177421824.0,9.907372,2.2793894,1.288,0.7175100000000001,0.24497,0.40477002,0.1828349210177258,4423124992.0,0.010700000000000001,4.0
ITW,False,63.909615984845594,"graham_current_ratio,graham_debt_to_equity,graham_pe,graham_pe_times_pb",76730818560.0,24.3819,26.512499,1.109,3.3485300000000002,1.04618,0.44162,0.26277736225380205,2432999936.0,0.0255,4.0
IESC,False,63.85367792491574,"graham_pe,graham_pe_times_pb,munger_gross_margin",12837661696.0,28.661922,10.443465,1.63,0.062329999999999997,0.44522998,0.25493256943266257,0.1137572713132677,329443360.0,,4.0
CDNS,False,63.85235781760981,"graham_pe,graham_pe_times_pb",78028341248.0,56.13095,11.360533,1.743,0.38661,0.23229,0.85871005,0.28168961434718853,1609676544.0,,4.0
ADT,False,63.847564750945416,"graham_current_ratio,graham_debt_to_equity",5040858624.0,9.583333,1.4556963,0.69,2.23863,0.17212999,0.80657,0.2552156950220596,1197478400.0,0.0319,4.0
NTNX,False,63.74806703018254,"graham_debt_to_equity,graham_earnings_stability,graham_pe_times_pb",18885799936.0,13.500968,26.877169,1.798,2.16559,374.6021,0.8679715932287734,0.09601040109758213,727732992.0,,2.0
LRN,True,63.683768382730776,,3279071744.0,11.050421,1.9854552,5.941,0.33448,0.21735,0.37750969885400826,0.17901211279541843,224867120.0,,4.0
BCO,False,63.579750413630066,"graham_debt_to_equity,graham_pe,graham_pe_times_pb,munger_gross_margin",4371043840.0,24.564814,14.081741,1.62,10.29747,0.46236,0.26431,0.11128639854025697,391237504.0,0.0096,4.0
LPG,False,63.417049999999996,munger_fcf,2487812864.0,7.7122016,2.0119715,3.256,0.5226299999999999,0.28342,0.72923,0.4364913851793309,-119725848.0,0.0576,4.0
BRX,False,63.33942117026117,"graham_current_ratio,graham_debt_to_equity,graham_pe,graham_pe_times_pb,munger_roe",8601631744.0,20.02143,2.8465524,0.596,1.76202,0.14413,0.7515,0.36018002,603135104.0,0.043899999999999995,4.0
BX,False,63.3027515,"data_missing:free_cash_flow,graham_current_ratio,graham_pe,graham_pe_times_pb",149364408320.0,27.95526,11.088828,0.872,0.6818500000000001,0.31374002,1.0,0.54357,,0.04190000000000001,4.0
EXPD,False,63.24388631023973,"graham_pe,graham_pe_times_pb",24820410368.0,27.793304,11.717705,1.566,0.26745,0.4267,0.30441130700417124,0.09508945200062625,797562240.0,0.0085,4.0
SPSC,False,63.219437056483386,"graham_pe,graham_pe_times_pb,munger_roe",2870653952.0,38.33654,3.075321,2.259,0.00672,0.08262,0.6917798284775217,0.15742144097510993,176569376.0,,4.0
CSL,False,63.218744952378124,"graham_debt_to_equity,graham_pe_times_pb",12498037760.0,17.860386,7.726871,2.6,1.78698,0.39183,0.3562754801717936,0.19970517340982888,669737472.0,0.0159,4.0
ROP,False,63.208004849749535,"graham_current_ratio,graham_pe_times_pb,munger_roe",36864311296.0,15.530833,1.9713036,0.553,0.60531,0.13066,0.6924391015501423,0.28287250869977854,2265687552.0,0.0098,4.0
FCPT,False,63.20296906956535,"graham_current_ratio,graham_pe,graham_pe_times_pb,munger_roe",2482526976.0,20.563637,2.1823447,0.252,0.77616,0.07646,0.85603994,0.55078,189772992.0,0.06709999999999999,4.0
NATL,False,63.15336647199072,"data_missing:consecutive_positive_earnings_years,graham_current_ratio,graham_debt_to_equity,graham_pe_times_pb,munger_gross_margin",3372656128.0,17.689922,7.2594237,1.026,6.342670000000001,0.48529,0.25345,0.10978410656867249,477875008.0,,
CRM,False,63.13401266448784,"graham_current_ratio,graham_debt_to_equity,graham_pe,graham_pe_times_pb",195808165888.0,21.787546,5.1020756,0.839,1.10417,0.19381,0.7767609873570138,0.20062612883804937,17731874816.0,0.0074,4.0
ORCL,False,63.110950394380474,"graham_current_ratio,graham_debt_to_equity,graham_pe,graham_pe_times_pb,munger_fcf",446333681664.0,23.136364,11.319785,1.171,2.51716,0.41192,0.6166874031942716,0.30592217586887777,-45853626368.0,0.013500000000000002,4.0
CSCO,False,63.06259998108483,"graham_current_ratio,graham_pe,graham_pe_times_pb",431752708096.0,32.885887,8.593738,0.931,0.62017,0.27319,0.645242795104619,0.24268456375838926,11182624768.0,0.015300000000000001,4.0
OHI,False,62.981581304260004,"graham_current_ratio,graham_pe_times_pb",14716343296.0,16.604982,2.589058,0.444,0.7147100000000001,0.16529,0.97924006,0.5940215109331094,665501376.0,0.0583,4.0
FTI,False,62.98095513228566,"graham_current_ratio,graham_earnings_stability,graham_pe,graham_pe_times_pb,munger_gross_margin",28243677184.0,25.181818,8.646895,1.08,0.37898000000000004,0.35814,0.22966999,0.1445844995268107,1463362560.0,0.0028000000000000004,3.0
EPR,False,62.918701612163645,"graham_debt_to_equity,graham_pe_times_pb,munger_roe",4345257984.0,18.17949,1.8802003,1.666,1.52233,0.113170005,0.91873,0.576734130801259,337729984.0,0.06559999999999999,4.0
COLL,False,62.85486731732921,"graham_size,graham_current_ratio,graham_debt_to_equity,graham_earnings_stability,graham_pe_times_pb",705851648.0,17.929134,2.3723693,1.031,3.90461,0.17612,0.5934878107836995,0.23013527346147095,324038496.0,,3.0
MPWR,False,62.85106844157154,"graham_pe,graham_pe_times_pb",59846348800.0,74.075424,15.36288,4.975,0.00486,0.21979,0.551787716644466,0.26111689868942706,444316128.0,0.0066,4.0
BR,False,62.7813114682906,"graham_current_ratio,graham_debt_to_equity,graham_pe_times_pb,munger_gross_margin",18867339264.0,17.010427,6.546936,1.236,1.23939,0.40916002,0.28495904840098524,0.1739514230686925,1194499968.0,0.026699999999999998,4.0
SOLV,False,62.60425644425263,"graham_current_ratio,graham_debt_to_equity,graham_pe_times_pb",15122675712.0,10.860635,3.1485682,1.021,1.10313,0.33960998,0.5346546546546547,0.26198198198198197,489000000.0,,4.0
TT,False,62.508422951032685,"graham_current_ratio,graham_pe,graham_pe_times_pb",94414143488.0,31.9516,10.962904,1.073,0.5340400000000001,0.36643,0.35389,0.18607159774691748,3121687552.0,0.0098,4.0
LZ,False,62.50084286299341,"graham_size,graham_current_ratio,graham_earnings_stability,graham_pe,graham_pe_times_pb,munger_roe",1012175040.0,65.666664,7.786561,0.667,0.11903000000000001,0.104940005,0.6588024755205723,0.03303515805317952,124770128.0,,3.0
ANET,False,62.4756782263097,"data_missing:debt_to_equity,graham_pe,graham_pe_times_pb",251475591168.0,63.298412,16.993948,2.957,,0.31476,0.6405609780472368,0.42818437211987964,3891512576.0,,4.0
THG,False,62.42703641964611,"graham_current_ratio,munger_gross_margin",7914983936.0,10.881283,2.160146,0.36,0.22982,0.21885,0.25191,0.1414836831250758,1081224960.0,0.0167,4.0
STRA,False,62.37326351590643,"graham_size,graham_current_ratio,munger_roe",1773051520.0,13.328881,1.0734501,1.096,0.06532,0.08151,0.49056,0.13738231537115012,154841120.0,0.0301,4.0
VSNT,False,62.20995946684894,munger_roe,4896003584.0,6.455046,0.6033167,2.38,0.38869,0.08063,0.56526,0.1901913875598086,1979750016.0,0.0426,4.0
BFS,False,62.16925,"graham_size,graham_current_ratio,graham_debt_to_equity,graham_pe,graham_pe_times_pb,munger_roe",1050205056.0,31.175257,6.7560325,0.624,3.41757,0.09559,0.7389690016212622,0.6738786170443999,84502376.0,0.078,4.0
ALGN,False,62.148839520407904,"graham_current_ratio,graham_pe,graham_pe_times_pb,munger_roe",10486193152.0,25.582323,2.484724,1.395,0.02855,0.10155,0.6718803439138491,0.13525647316803818,594111360.0,,4.0
YETI,False,62.137547880728675,graham_pe_times_pb,3080857088.0,18.513157,5.0544844,1.751,0.41515,0.25320998,0.5740901496071168,0.11429365039438179,127417000.0,,4.0
STX,False,62.06800763033045,"graham_debt_to_equity,graham_earnings_stability,graham_pe,graham_pe_times_pb",195282829312.0,61.739037,89.87859,1.67,1.7988,3.7152898,0.45576,0.33571135711357114,1943750016.0,0.0034000000000000002,3.0
SHW,False,62.066455498010576,"graham_current_ratio,graham_debt_to_equity,graham_pe,graham_pe_times_pb",77859823616.0,29.587639,20.07951,0.727,3.8995800000000003,0.65124,0.48847685827362847,0.1805360946386198,2506037504.0,0.01,4.0
G,True,62.033081797757774,,5736694272.0,10.160714,2.2022965,1.996,0.54308,0.22447,0.36044401845004576,0.14768206093097888,479428736.0,0.022000000000000002,4.0
PSA,False,61.98675545159741,"graham_current_ratio,graham_debt_to_equity,graham_pe,graham_pe_times_pb",55366201344.0,28.246902,10.7510605,0.22,1.09632,0.21929,0.730038488535881,0.5333060024103176,2334240256.0,0.0405,4.0
CB,False,61.88648953945055,"graham_current_ratio,munger_roe",131418873856.0,12.0794325,1.74285,0.41,0.30940999999999996,0.14822,0.31129998,0.23527001,10488000512.0,0.012,4.0
SKT,False,61.84746523630804,"graham_current_ratio,graham_debt_to_equity,graham_pe,graham_pe_times_pb",4279487232.0,32.844036,6.101926,0.743,2.7831099999999998,0.19399999,0.73124003,0.32639998,227820992.0,0.0349,4.0
VRT,False,61.84145366941034,"graham_current_ratio,graham_pe,graham_pe_times_pb",96012197888.0,56.55102,20.178816,1.379,0.70166,0.43943,0.38039002,0.1788580533534052,2696537600.0,0.001,4.0
COP,False,61.79272366559418,"graham_pe_times_pb,munger_roe",158372315136.0,17.460926,2.4234793,1.542,0.35639000000000004,0.1418,0.47574002,0.3151,7691375104.0,0.0255,4.0
CCL,False,61.666745832846935,"graham_current_ratio,graham_debt_to_equity,graham_earnings_stability",29913137152.0,9.837838,2.3106222,0.334,2.0155600000000002,0.26689,0.55676997,0.1683945608894899,1899374976.0,0.0206,2.0
CTSH,False,61.60751854217062,munger_roe,28318509056.0,12.84764,1.8711714,2.182,0.14479,0.14924,0.3344,0.1605552397195376,2215500032.0,0.022000000000000002,4.0
STRL,False,61.51977514453488,"graham_current_ratio,graham_pe,graham_pe_times_pb,munger_gross_margin",15865652224.0,37.31511,11.693307,1.107,0.24222000000000002,0.40005,0.22984045695486313,0.1630152659646457,349384384.0,,4.0
POWL,False,61.487583432616574,"graham_pe,graham_pe_times_pb,munger_gross_margin",6701966336.0,35.241383,8.86298,1.971,0.00334,0.28252,0.293738760031078,0.19728013126653735,190403632.0,0.002,4.0
DV,False,61.47649990859034,"graham_pe,graham_pe_times_pb,munger_roe",2086132864.0,38.45714,1.905436,4.498,0.10217999999999999,0.05389,0.82434,0.10583850400445816,162146880.0,,4.0
BAH,False,61.42014875380482,"graham_debt_to_equity,graham_pe_times_pb,munger_gross_margin",9270363136.0,12.098901,7.7123985,1.595,3.4608999999999996,0.68637,0.2242,0.09209235981100115,860875008.0,0.030600000000000002,4.0
MSA,False,61.26048034458377,"graham_pe,graham_pe_times_pb",6930975232.0,22.318012,4.960791,3.236,0.45911,0.2366,0.4646396922574719,0.1983226069359414,316457248.0,0.012,4.0
EME,False,61.14244269502157,"graham_current_ratio,graham_pe,graham_pe_times_pb,munger_gross_margin",33086396416.0,23.367292,8.135555,1.277,0.13432,0.40348998,0.19327130810714582,0.10086985946775608,978281600.0,0.0021,4.0
DFIN,False,61.130498998556526,"graham_size,graham_current_ratio,graham_pe,graham_pe_times_pb,munger_roe",1175427200.0,31.045456,3.0483296,1.326,0.5464600000000001,0.08590999,0.64206004,0.18396349413298566,132825000.0,,4.0
EXPO,False,61.091083428451384,"graham_pe,graham_pe_times_pb",3247397632.0,30.627804,11.248354,1.977,0.27968,0.31204,0.36416999,0.205814636761315,76945872.0,0.018000000000000002,4.0
NVR,False,61.075026293482516,"graham_pe_times_pb,munger_gross_margin",16390141952.0,15.974418,4.857255,5.67,0.3215,0.31544,0.2184,0.13889,918313280.0,,4.0
AMG,False,61.06715743984593,graham_pe_times_pb,9200963584.0,12.48421,3.0450335,101.314,0.7609600000000001,0.24257,0.50273,0.48065075921908895,277175008.0,0.0001,4.0
NXT,False,61.005062745101256,"graham_pe,graham_pe_times_pb",12363278336.0,20.793283,4.772552,2.689,0.01502,0.27224,0.32592522876110797,0.19589480219925323,324051264.0,,4.0
INSP,False,60.99825818171099,"graham_earnings_stability,graham_pe_times_pb",2219738624.0,16.949226,2.6883755,8.551,0.03524,0.17965001,0.8539169127426997,0.05587177803046335,94637248.0,,2.0
PIPR,False,60.96836428571428,"data_missing:free_cash_flow,graham_pe_times_pb",5113701888.0,16.788864,3.560673,2.429,0.11269,0.24528,0.91817003,0.21613,,0.0111,4.0
HIG,True,60.81891741666667,,35725307904.0,9.108426,1.8562722,1.772,0.22329999999999997,0.22061001,0.37868,-0.0707240207915524,5507500032.0,0.0182,4.0
VZ,False,60.773253567095374,"graham_current_ratio,graham_debt_to_equity",199803142144.0,12.5234375,1.9226772,0.604,1.8408099999999998,0.15842,0.59453,0.2117286943433364,17466624000.0,0.0588,4.0
BRC,False,60.76848007819077,graham_pe_times_pb,3944224000.0,19.558138,2.90541,1.937,0.06158,0.1611,0.51748141059784,0.15857700420988646,166669376.0,0.011899999999999999,4.0
PTGX,False,60.67211137296379,"graham_earnings_stability,graham_pe,graham_pe_times_pb,munger_roe",9253284864.0,138.83496,10.989856,21.709,0.01095,0.10985,1.0,0.74372,96145752.0,,0.0
PRGS,False,60.649014169188156,"graham_size,graham_current_ratio,graham_debt_to_equity,graham_pe_times_pb",1645029248.0,19.470875,3.2742858,0.809,2.6216199999999996,0.18574,0.808166237315037,0.1567653306143904,307682624.0,,4.0
AM,False,60.61918227098732,"graham_current_ratio,graham_debt_to_equity,graham_pe,graham_pe_times_pb",10058342400.0,25.53012,5.170815,0.842,1.8554499999999998,0.19822,0.79644996,0.5424561562941235,432616640.0,0.0425,4.0
ICE,False,60.59455441501209,"graham_current_ratio,graham_pe,graham_pe_times_pb,munger_roe",87280001024.0,21.928068,2.9514391,1.012,0.69226,0.14094,1.0,0.38995253164556964,3633625088.0,0.0134,4.0
MCRI,False,60.57753858991435,"graham_current_ratio,graham_pe_times_pb,munger_gross_margin",2177048576.0,19.497593,3.7745876,1.207,0.02218,0.20544,0.23388213712451272,0.17625235127380529,131950872.0,0.009899999999999999,4.0
CNK,False,60.50067321187036,"graham_current_ratio,graham_debt_to_equity,graham_earnings_stability,graham_pe_times_pb",4055756032.0,19.547487,8.097663,0.845,5.87527,0.45816,0.49416,-0.16714465408805032,227587504.0,0.0103,3.0
TGTX,False,60.27434392695141,"graham_debt_to_equity,graham_earnings_stability,graham_pe,graham_pe_times_pb",8705037312.0,20.755474,13.823529,4.267,1.2489,1.0028,0.82372004,0.2001080665339363,59134500.0,,3.0
NGVT,False,60.21250734688477,"graham_debt_to_equity,graham_earnings_stability,graham_pe,graham_pe_times_pb",2344573952.0,96.056335,50.147057,1.611,26.36034,0.30072,0.395255224391915,0.35859883521754027,88937504.0,,0.0
GLPI,False,60.20070114354815,"data_invalid_outlier:gross_margin,graham_debt_to_equity",11857223680.0,11.576023,2.31115,24.29,1.5571899999999999,0.19354999,1.02151,0.75337920880488,506751744.0,0.0828,4.0
SN,False,60.16897671909865,"graham_pe,graham_pe_times_pb",23349458944.0,33.757637,8.214392,2.08,0.3211,0.27528,0.4901387488537608,0.1438121524168379,638667520.0,,4.0
TDS,False,60.153668416666676,"graham_earnings_stability,munger_roe",4132664576.0,8.975,1.0615335,3.818,0.23120000000000002,0.11784001,0.59351003,-0.07929038020463977,599447616.0,0.0045000000000000005,0.0
OUT,False,60.09739961182831,"graham_current_ratio,graham_debt_to_equity,graham_earnings_stability,graham_pe,graham_pe_times_pb",4928264192.0,20.129496,7.1087394,0.67,5.7364,0.35024,0.51405,0.16023366271769396,193724992.0,0.044000000000000004,2.0
GL,False,60.0192310222842,"graham_current_ratio,munger_gross_margin",13327230976.0,11.530585,2.1707346,0.795,0.55675,0.20944999,0.23128671271931717,0.23221740923827355,1163503360.0,0.0076,4.0
HON,False,59.96682358163628,"graham_current_ratio,graham_debt_to_equity",65435435008.0,7.9377165,3.5300155,1.211,1.85369,0.46577,0.32074026411741274,0.2170557128358528,2610374912.0,0.013600000000000001,4.0
WWW,False,59.93911785669825,"graham_size,graham_debt_to_equity,graham_earnings_stability,graham_pe_times_pb",1553515776.0,14.789063,3.7337277,1.549,1.59137,0.27647,0.4730832844261858,0.0801365843248146,131325000.0,0.021099999999999997,2.0
CVLT,False,59.935541665348936,"graham_debt_to_equity,graham_earnings_stability,graham_pe,graham_pe_times_pb",5990396928.0,92.65385,115.079605,2.043,17.62992,0.32773998,0.8115047013998598,0.06250792014801172,303740256.0,,3.0
HIW,False,59.92364551012636,"graham_current_ratio,graham_debt_to_equity,graham_pe,munger_roe",3416675584.0,20.145695,1.4189095,1.05,1.3264799999999999,0.06815,0.67342,0.6757609364455559,270770112.0,0.06570000000000001,4.0
GWW,False,59.90101080116169,"graham_pe,graham_pe_times_pb",59800608768.0,32.2621,14.441543,2.805,0.6197699999999999,0.46091,0.3906476424032995,0.1390591907256716,1247750016.0,0.0079,4.0
BLK,False,59.81495161630789,"graham_pe,graham_pe_times_pb,munger_roe",173813792768.0,25.6419,2.8780427,2.447,0.23192000000000002,0.122779995,0.47152,0.2909233564585398,7578124800.0,0.021400000000000002,4.0
DAVE,False,59.69876061397721,"graham_debt_to_equity,graham_earnings_stability,graham_pe,graham_pe_times_pb",4309065216.0,21.780787,20.727697,4.223,1.29139,1.04779,0.71748,-0.04167572689902165,167170368.0,,2.0
UDR,False,59.68176745625051,"graham_current_ratio,graham_debt_to_equity,graham_pe,graham_pe_times_pb,munger_roe",12560481280.0,21.455696,3.761234,0.178,1.5614400000000002,0.13739,0.66581,0.3233081257734403,779827776.0,0.051,4.0
ANIP,False,59.63174656561383,"graham_size,graham_debt_to_equity,graham_earnings_stability,graham_pe_times_pb",1748962560.0,16.588234,2.732362,2.91,1.0482500000000001,0.20459,0.60403997,0.1257610095928528,132205752.0,,1.0
COLM,False,59.629151261620216,munger_roe,2909820928.0,14.840732,1.8167871,2.493,0.28798999999999997,0.12658,0.5053119327381834,0.060941303974773285,255117376.0,0.021099999999999997,4.0
KEYS,False,59.52791872380897,"graham_pe,graham_pe_times_pb",57031991296.0,45.27027,8.682131,2.024,0.42094000000000004,0.20897,0.63278997,0.16297674418604652,1867124992.0,,4.0
IBP,False,59.49698986822547,"graham_debt_to_equity,graham_pe,graham_pe_times_pb",5252842496.0,21.31931,8.163493,2.983,1.87209,0.38451,0.3397401373367443,0.13006597549481622,289112512.0,0.0079,4.0
RGLD,False,59.422100000000015,"graham_pe,graham_pe_times_pb,munger_roe,munger_fcf",21152309248.0,27.61615,2.786148,2.924,0.051859999999999996,0.136,0.693207280942404,0.6192964188220726,-189505504.0,0.0076,4.0
HQY,False,59.40657946794109,"graham_earnings_stability,graham_pe,graham_pe_times_pb,munger_roe",7869533184.0,34.34657,3.9635062,2.993,0.48792,0.11434,0.6952153485266429,0.24550698971927679,397510624.0,,3.0
ILMN,False,59.37261016839766,"graham_earnings_stability,graham_pe,graham_pe_times_pb",36182618112.0,44.621975,12.749135,1.796,0.89042,0.32339,0.6608335252129864,0.18581625604420907,797625024.0,,1.0
PFE,False,59.36905736426523,"graham_current_ratio,graham_pe,graham_pe_times_pb,munger_roe",157652975616.0,36.394737,1.8504148,1.267,0.74253,0.05014,0.74716,0.27877,12485624832.0,0.0622,4.0
VRRM,False,59.320378950890415,"graham_size,graham_debt_to_equity,graham_pe_times_pb",528900160.0,12.888888,2.3657377,2.058,4.863980000000001,0.15384,0.55711,0.21494773107633203,43281376.0,,4.0
LMAT,False,59.27996166210049,"graham_size,graham_pe,graham_pe_times_pb",1803698304.0,27.576925,4.2901435,16.312,0.45262,0.16774,0.7152947492407914,0.2720811531958878,49263624.0,0.0127,4.0
REGN,False,59.24596193839562,"graham_pe_times_pb,munger_roe",80804225024.0,19.417368,2.4828303,3.335,0.08535,0.14043,0.44458,0.24945443390109392,3065299968.0,0.0048,4.0
SPNT,False,59.22125460905265,"graham_current_ratio,graham_earnings_stability,munger_gross_margin",2875084032.0,6.0960593,1.2621756,0.655,0.30786,0.23068,0.23864001,0.136,204187504.0,,3.0
BMI,False,59.14756002140751,"graham_pe,graham_pe_times_pb",3848293888.0,31.091333,5.6354527,2.422,0.03438,0.1848,0.4168053035848507,0.20009643674938335,128289624.0,0.013300000000000001,4.0
EXTR,False,59.087670824030326,"graham_current_ratio,graham_debt_to_equity,graham_earnings_stability,graham_pe,graham_pe_times_pb",2911246592.0,71.96774,33.05185,0.928,2.19625,0.54638,0.6147906696281453,0.04884336390117428,81449504.0,,1.0
CXM,False,59.08556565394141,"graham_size,graham_earnings_stability,graham_pe,graham_pe_times_pb,munger_roe",1237473280.0,53.3,2.4326792,1.555,0.0796,0.043569997,0.674035230984601,0.04694237050863276,100564752.0,,3.0
DD,False,59.01112857142857,"graham_earnings_stability,graham_pe,graham_pe_times_pb,munger_roe",17418852352.0,55.132477,1.2652628,2.427,0.22902,0.01792,0.9136939010356732,0.14239,1835250048.0,0.018600000000000002,0.0
REG,False,58.970515527567194,"graham_current_ratio,graham_pe,graham_pe_times_pb,munger_roe",13638639616.0,24.562288,2.004286,0.964,0.7197199999999999,0.081870005,0.71539,0.7231565138356407,743363968.0,0.0414,4.0
CACC,False,58.949,"data_missing:free_cash_flow,graham_debt_to_equity,graham_pe_times_pb",6048954368.0,12.762965,3.7764149,4.833,3.95632,0.31932,0.94652003,0.52556,,,4.0
ULTA,False,58.89245994536255,"graham_current_ratio,graham_pe_times_pb",23130937344.0,19.686317,8.759107,1.345,0.9547199999999999,0.46117002,0.39097025535753765,0.12370001339485283,914087360.0,,4.0
NHI,False,58.885816846672824,"graham_pe_times_pb,munger_roe",3329687552.0,19.595377,2.1191475,1.817,0.80432,0.10717,0.73925,0.6565420968953649,171983248.0,0.0555,4.0
BSY,False,58.84510055265414,"graham_current_ratio,graham_debt_to_equity,graham_pe,graham_pe_times_pb",9842187264.0,36.200005,8.401238,0.595,1.05442,0.24517,0.815199173779897,0.2414609606340214,397979616.0,0.0086,4.0
CVX,False,58.798854038705386,"graham_current_ratio,graham_pe,graham_pe_times_pb,munger_roe",410975502336.0,20.16458,2.1643593,1.252,0.18959,0.12231,0.44267,0.21866,21934000128.0,0.034,4.0
AROC,False,58.7377544252735,"graham_current_ratio,graham_debt_to_equity,graham_pe_times_pb",5533673472.0,16.967741,3.562881,1.394,1.51872,0.22194,0.4857183897630449,0.35931998,241304496.0,0.0292,4.0
SBH,False,58.648888948667334,"graham_size,graham_debt_to_equity",1478295936.0,8.223959,1.7048154,2.367,1.7389,0.23527999,0.5162197035519303,0.088563212428514,177001248.0,,4.0
CRVL,False,58.647363168049374,"graham_pe,graham_pe_times_pb,munger_gross_margin",3570006016.0,31.408888,8.745204,1.941,0.06944,0.30697,0.2429383835823091,0.16674,91710128.0,,4.0
AA,False,58.646073821428566,"graham_earnings_stability,munger_gross_margin",11725496320.0,9.237006,1.5909904,1.535,0.29918,0.18226999,0.19790001,0.18356001,960750016.0,0.009000000000000001,2.0
ALLE,False,58.64046721916464,"graham_debt_to_equity,graham_pe,graham_pe_times_pb",12949401600.0,20.010511,6.113944,1.93,1.04895,0.3373,0.44801,0.21131954859489097,484449984.0,0.0144,4.0
TMDX,False,58.596814820314556,"graham_debt_to_equity,graham_earnings_stability,graham_pe,graham_pe_times_pb",2986754048.0,22.388601,5.7767377,6.625,1.67496,0.36285,0.5991900828084176,0.1793296052479463,44496752.0,,2.0
PNR,False,58.52213094912566,"graham_current_ratio,graham_pe_times_pb",9036981248.0,14.412371,2.380993,1.451,0.47067,0.17126,0.4047653256704981,0.20534003831417624,558312512.0,0.019,4.0
CBOE,False,58.49799498500319,"graham_pe,graham_pe_times_pb",28495044608.0,21.28393,5.0710874,1.565,0.2809,0.26297,0.44663765645327713,0.16683863442645014,678249984.0,0.0126,4.0
RCL,False,58.49417813001978,"graham_current_ratio,graham_debt_to_equity,graham_earnings_stability,graham_pe_times_pb,munger_fcf",65742393344.0,15.173456,6.4225435,0.209,2.24816,0.44669998,0.50284,0.27376637858935043,-1516249984.0,0.024399999999999998,3.0
NEU,False,58.485918159596736,graham_pe_times_pb,8201998336.0,19.19238,4.4616256,2.252,0.51129,0.25123,0.31462268945522276,0.1995197362071857,435517888.0,0.013500000000000002,4.0
ELS,False,58.46166287903639,"graham_current_ratio,graham_debt_to_equity,graham_pe,graham_pe_times_pb",12103185408.0,29.178745,6.663725,0.139,1.82359,0.22877,0.53656,0.2555528274460585,603528512.0,0.0359,4.0
CHE,False,58.45555333457655,"graham_current_ratio,graham_pe,graham_pe_times_pb",6588044288.0,25.380663,7.899265,0.911,0.35495,0.27106002,0.33113998,0.13369523371349473,307859488.0,0.005600000000000001,4.0
IRDM,False,58.45336657601516,"graham_debt_to_equity,graham_pe,graham_pe_times_pb",4956756992.0,53.75862,10.486547,2.782,3.7865699999999998,0.19715,0.71851,0.27072513448493046,239205376.0,0.0128,4.0
QTWO,False,58.44811290572402,"graham_current_ratio,graham_earnings_stability,graham_pe,graham_pe_times_pb,munger_roe",3662091264.0,41.359158,5.6919947,0.945,0.06361,0.14984,0.5406116438037315,0.050196965560279264,190320000.0,,1.0
AVY,False,58.35515557711952,"graham_current_ratio,graham_debt_to_equity,graham_pe_times_pb,munger_gross_margin",12828203008.0,18.349016,5.480361,1.132,1.58653,0.3116,0.28753881768392525,0.13586001,1004600000.0,0.0239,4.0
EGP,False,58.3509091053063,"graham_current_ratio,graham_pe,graham_pe_times_pb,munger_roe",10882105344.0,35.565903,3.0150476,0.412,0.46090000000000003,0.08732,0.73607004,0.3613811286585528,379368000.0,0.0346,4.0
LQDT,False,58.337525463502175,"graham_size,graham_pe,graham_pe_times_pb,munger_roe",1343499776.0,42.03922,5.6953115,1.58,0.05869,0.14965001,0.43807128216854885,0.07356467485823497,81894248.0,,4.0
RSI,False,58.3296855514399,"graham_earnings_stability,graham_pe,graham_pe_times_pb",5395679744.0,75.161285,14.535246,2.116,0.015189999999999999,0.30279,0.34967998,0.07706438839661926,127112000.0,,2.0
MRSH,False,58.30087171602123,"graham_current_ratio,graham_debt_to_equity,graham_pe,graham_pe_times_pb",83516743680.0,21.368742,5.508829,1.139,1.45027,0.25902998,0.43994,0.23064378636818503,4785249792.0,0.0226,4.0
SUI,False,58.2583,"graham_current_ratio,graham_earnings_stability,graham_pe,graham_pe_times_pb,munger_roe",14544166912.0,145.83334,2.524748,0.597,0.72848,0.01722,0.53682,0.560718320323234,1873449984.0,0.0394,2.0
DLTR,False,58.24780784315412,"graham_current_ratio,graham_debt_to_equity,graham_earnings_stability,graham_pe_times_pb",21007089664.0,13.720589,6.1344585,1.134,2.2394499999999997,0.46032003,0.36321721839293625,0.08515954213416582,1049587520.0,,1.0
NDSN,False,58.20861593100635,"graham_pe,graham_pe_times_pb",17360041984.0,31.535425,5.3086505,1.823,0.55619,0.17763,0.55391,0.2549444117481652,613806656.0,0.0121,4.0
AYI,False,58.187938957683905,"graham_pe,graham_pe_times_pb",9069273088.0,20.116865,3.1767468,2.053,0.28206,0.17378001,0.47829988954344627,0.12976343888070693,467275008.0,0.0025,4.0
EPRT,False,58.17040831611451,"graham_pe,munger_roe",5799901184.0,20.736435,1.3123037,3.841,0.65659,0.064780004,0.98414004,0.6413200550943571,305324384.0,0.0479,4.0
SHC,False,58.1204501085566,"graham_debt_to_equity,graham_earnings_stability,graham_pe,graham_pe_times_pb",5345069568.0,32.85965,8.02829,2.796,3.4073399999999996,0.27781,0.5547650128865426,0.27046066077145436,153967120.0,,3.0
PODD,False,58.081001473732094,"graham_pe,graham_pe_times_pb",9751200768.0,26.378988,6.856196,2.485,0.66685,0.26016,0.7163324840293933,0.17495661164654186,236900000.0,,4.0
TMUS,False,58.07582964420641,"graham_current_ratio,graham_debt_to_equity,graham_pe_times_pb",180401897472.0,17.61047,3.2127302,0.924,2.1403499999999998,0.17994,0.63054,0.20698909510921876,11335999488.0,0.024300000000000002,4.0
WT,False,58.02507312959051,"graham_debt_to_equity,graham_pe,graham_pe_times_pb",3495384320.0,41.945454,7.2501574,2.995,2.5767200000000003,0.18731001,0.53330004,0.3527978564180876,156595376.0,0.0052,4.0
VLO,False,58.01894603077975,"graham_pe_times_pb,munger_gross_margin",118994657280.0,17.241552,4.759645,1.636,0.40148000000000006,0.27637,0.16118999,0.12269,8416374784.0,0.0116,4.0
PR,False,58.00290434587747,"graham_current_ratio,munger_roe",19062798336.0,14.683871,1.5877224,0.624,0.26245999999999997,0.114029996,0.75848997,0.28877948026252015,458368128.0,0.0277,4.0
BXP,False,57.91208073784787,"graham_current_ratio,graham_debt_to_equity,graham_pe,graham_pe_times_pb,munger_roe",11426026496.0,33.962364,1.9547591,0.506,2.11631,0.05308,0.591178650533171,0.34899441830292427,880636864.0,0.0443,4.0
WAY,False,57.90915170715102,"graham_earnings_stability,graham_pe,graham_pe_times_pb,munger_roe",4920264192.0,36.657143,1.2492089,1.847,0.37171,0.03765,0.69107,0.22678976564617867,313745376.0,,1.0
ECPG,False,57.90650000000001,"graham_debt_to_equity,graham_earnings_stability,munger_fcf",2111180288.0,7.56383,1.9570987,11.376,3.88056,0.30542,1.0,0.3542776410248292,-157004624.0,,1.0
JAZZ,False,57.811299999999996,"graham_earnings_stability,graham_pe_times_pb",15627535360.0,16.477757,3.248853,1.779,0.91828,0.22114,0.91353995,-0.10081577735047402,1429392896.0,,0.0
QNST,False,57.810280530796,"graham_size,graham_current_ratio,graham_earnings_stability,graham_pe_times_pb,munger_gross_margin",1004270464.0,12.535714,3.0687182,1.218,0.24036000000000002,0.28647,0.11270591909172985,0.027383219758338795,125921376.0,,2.0
CHRD,False,57.80821449068668,"graham_current_ratio,munger_roe",7903296000.0,9.762838,0.95430887,1.221,0.17981999999999998,0.10312,0.4811,0.04047978256046696,961228032.0,0.036000000000000004,4.0
WDAY,False,57.78122848739004,"graham_current_ratio,graham_earnings_stability,graham_pe,graham_pe_times_pb",46722670592.0,39.565304,7.223443,0.908,0.5839,0.16006,0.75795,0.07548157453936348,3046374912.0,,3.0
SFM,False,57.76888935468916,"graham_current_ratio,graham_debt_to_equity,graham_pe_times_pb",6600999424.0,13.535373,4.5244794,0.992,1.4033799999999998,0.35197,0.38795449866394643,0.0779179662779198,398699872.0,,4.0
CON,False,57.70712510364918,"graham_current_ratio,graham_debt_to_equity,graham_pe,graham_pe_times_pb,munger_gross_margin",4523054080.0,22.883873,9.481422,1.377,4.23325,0.4706,0.29314,0.15438170264909631,204793632.0,0.006999999999999999,4.0
JLL,False,57.66641276339976,"graham_current_ratio,graham_pe_times_pb,munger_roe",15476071424.0,16.125599,2.0740514,1.126,0.42351999999999995,0.13520001,0.51232,0.042043835868216695,1500125056.0,,4.0
ROST,False,57.60022030680476,"graham_pe,graham_pe_times_pb",72391270400.0,27.40145,10.742866,1.612,0.70281,0.42628,0.33385,0.11900177925298451,2002041600.0,0.0079,4.0
CUBE,False,57.572232620295516,"graham_current_ratio,graham_debt_to_equity,graham_pe,graham_pe_times_pb,munger_roe",8966633472.0,26.90476,3.4580746,0.1,1.3430000000000002,0.12028,0.70712,0.3501519832970446,486035744.0,0.0536,4.0
COKE,False,57.55452151806458,"data_missing:debt_to_equity,graham_current_ratio,graham_pe,graham_pe_times_pb",12785670144.0,25.50863,-25.56635,1.211,,0.97331,0.39739072267712405,0.13152307225111043,443481760.0,0.0052,4.0
GTY,False,57.460511228728926,"graham_size,munger_roe",1835685248.0,17.963636,1.6353103,1.719,0.96193,0.094639994,0.96416,0.5718067713900427,108609872.0,0.0655,4.0
VSXY,False,57.4327201723172,"graham_current_ratio,graham_debt_to_equity,graham_pe_times_pb",6216011776.0,17.39509,7.793,1.36,2.7583300000000004,0.46905,0.3638028383946284,0.0413551045322753,336500000.0,,4.0
DOCN,False,57.41708424531326,"graham_current_ratio,graham_debt_to_equity,graham_earnings_stability,graham_pe,graham_pe_times_pb,munger_fcf",15214419968.0,59.154545,14.681859,1.311,2.12506,0.62273,0.5985975569846477,0.1741560880692502,-23832624.0,,3.0
EXLS,False,57.413792152224076,"graham_current_ratio,graham_pe,graham_pe_times_pb",5370320384.0,22.246836,6.156945,1.244,0.56585,0.25944,0.3837160789565829,0.15028651435397875,262332752.0,,4.0
LIF,False,57.355349227359945,"graham_earnings_stability,graham_pe,graham_pe_times_pb",3228252160.0,23.034883,5.2396584,5.601,0.50803,0.30056,0.778052672115976,0.03846114558072734,74707752.0,,1.0
ARLO,False,57.199100294615434,"graham_size,graham_current_ratio,graham_earnings_stability,graham_pe,graham_pe_times_pb",1424800128.0,47.285713,8.982361,1.402,0.03606,0.22068001,0.4461,-0.035550002,64509248.0,,1.0
HMN,False,57.18358095238095,"graham_size,munger_roe",1959441152.0,11.303738,1.3035513,2.872,0.39537,0.12385,0.39488,0.13213,222650000.0,0.0298,4.0
ADI,False,57.173014054520046,"graham_current_ratio,graham_pe,graham_pe_times_pb,munger_roe",182060941312.0,44.622326,5.4264216,1.25,0.27314,0.12227,0.614669518890112,0.26611379050277834,4147339008.0,0.011699999999999999,4.0
PGNY,False,57.14909547828735,"graham_pe,graham_pe_times_pb,munger_gross_margin",2081598080.0,29.489128,4.5951896,2.137,0.04963,0.16242,0.23627936284251638,0.0661748900603029,200944368.0,,4.0
ADC,False,57.12008411988704,"graham_current_ratio,graham_pe,graham_pe_times_pb,munger_roe",8487797248.0,36.58602,1.3319633,0.271,0.58984,0.037049998,0.87656,0.47382509416785684,447780000.0,0.0471,4.0
FNF,False,57.100176640476185,"graham_current_ratio,munger_roe",11398195200.0,14.808363,1.5282273,0.94,0.54297,0.102110006,0.54046,0.10666,3589125120.0,0.0489,4.0
AIG,False,57.06105238095238,"graham_current_ratio,graham_earnings_stability,munger_roe",39389544448.0,13.74635,0.9734319,0.612,0.22466,0.0722,0.35087,0.19414,7365000192.0,0.0265,1.0
TILE,False,57.06072023126734,"graham_size,graham_pe_times_pb",1980243712.0,13.870444,2.9192228,2.527,0.42808999999999997,0.23225,0.3874813066119433,0.1182496499271012,103601872.0,0.0034999999999999996,4.0
NWSA,False,57.04591455444912,"graham_pe,graham_pe_times_pb,munger_roe",15963761664.0,28.912622,1.8981452,1.623,0.31561,0.07979,0.57167,0.12537,1045124992.0,0.0067,4.0
STAG,False,57.03178849035464,"graham_pe,graham_pe_times_pb,munger_roe",7399778304.0,28.923077,1.9964954,1.816,0.9378,0.069759995,0.79549,0.37036,469642880.0,0.0412,4.0
BHF,False,56.964582666666665,"graham_current_ratio,graham_debt_to_equity,graham_earnings_stability,munger_roe",2872702720.0,3.961142,0.43855414,0.774,1.78382,0.13535,0.35439998,0.77778,19879124992.0,,2.0
BBY,False,56.93860936106782,"graham_current_ratio,graham_debt_to_equity,graham_pe_times_pb,munger_gross_margin",19473215488.0,15.44925,6.137625,1.117,1.3009700000000002,0.43126,0.22482070470845025,0.033316543138806935,1403374976.0,0.0414,4.0
FANG,False,56.928934141557484,"graham_current_ratio,graham_pe,graham_pe_times_pb,munger_roe",54130307072.0,36.65143,1.4244577,0.467,0.28678000000000003,0.034930002,0.72353995,0.08425395980300812,5035500032.0,0.0229,4.0
HLX,False,56.91034523809524,"data_missing:free_cash_flow,graham_size,graham_earnings_stability,graham_pe",1562253952.0,44.166668,0.30309096,1.745,0.8317,0.37597,0.5078,0.2161,,,2.0
WTS,False,56.899718889348684,"graham_pe,graham_pe_times_pb",11706100736.0,30.571926,5.5861597,2.66,0.09673999999999999,0.18805,0.4945663317613287,0.1837605085093295,228787504.0,0.0066,4.0
PINS,False,56.89053281512727,"graham_earnings_stability,graham_pe,graham_pe_times_pb,munger_roe",10418926592.0,54.705883,3.6349423,3.81,0.41350000000000003,0.06461,0.79473,0.07576993235296973,1196440960.0,,2.0
VICR,False,56.81941694574968,"graham_pe,graham_pe_times_pb",10268891136.0,71.38462,12.306333,13.249,0.00912,0.20131999,0.5730692002005738,0.1807550679145838,339500.0,,4.0
APH,False,56.76227542931114,"graham_debt_to_equity,graham_pe,graham_pe_times_pb",191235735552.0,38.775,12.340866,1.888,1.20415,0.38115,0.3688162219037268,0.2541102504037723,3818374912.0,0.0064,4.0
EVTC,False,56.748025773043366,"graham_size,graham_debt_to_equity,graham_pe_times_pb,munger_roe",1703802496.0,17.954546,2.5756872,1.702,1.84286,0.14845,0.51118,0.20008199025990053,151623120.0,0.0072,4.0
MKC,False,56.74357494894521,graham_current_ratio,13098447872.0,8.106489,1.8724059,0.781,0.65143,0.24728,0.3789599871350672,0.15654284168823004,714025024.0,0.0394,4.0
CMG,False,56.675394587129254,"graham_current_ratio,graham_debt_to_equity,graham_pe,graham_pe_times_pb",42302922752.0,30.953703,19.268011,0.715,2.4635,0.49560001,0.39361998,0.16232288838105519,1116464384.0,,4.0
EPAM,False,56.634708493345066,"munger_roe,munger_gross_margin",5880915968.0,15.48913,1.6712602,2.755,0.04325999999999999,0.111770004,0.29451,0.0952900245113849,650156096.0,,4.0
PLD,False,56.55084417806948,"graham_current_ratio,graham_pe,graham_pe_times_pb,munger_roe",131076800512.0,30.031181,2.3444319,0.649,0.63823,0.07749,0.75549006,0.4957680361159742,5406941184.0,0.0317,4.0
LECO,False,56.527757585362735,"graham_pe,graham_pe_times_pb",14018881536.0,25.694305,9.020131,1.982,0.77347,0.37736,0.3624500148003675,0.16963347297415096,307077120.0,0.0123,4.0
RDN,False,56.48809424377771,munger_roe,4631868928.0,8.6444435,0.97241896,1.588,0.27967,0.12026,0.69302005,-0.2761079388616707,308735264.0,0.0291,4.0
T,False,56.47024463037865,"graham_current_ratio,graham_debt_to_equity,graham_earnings_stability",174050590720.0,8.382838,1.5819632,0.971,1.29054,0.18339,0.59721,0.1922991213548962,10142000128.0,0.0437,3.0
BSX,False,56.45236781720592,"graham_current_ratio,graham_pe_times_pb",62809608192.0,17.546558,2.515088,1.24,0.50151,0.15338999,0.6901464581050114,0.17998405898176745,2451375104.0,,4.0
UE,False,56.42955078782528,"graham_current_ratio,graham_debt_to_equity,graham_pe,graham_pe_times_pb,munger_roe",2755119616.0,37.75472,1.9669714,0.689,1.26633,0.05092,0.64747,0.2942461850492563,226218256.0,0.042,4.0
ERIE,False,56.3712834027197,"graham_current_ratio,graham_pe,graham_pe_times_pb,munger_gross_margin",12499893248.0,21.692377,5.0666585,1.246,0.0256,0.24808,0.17904,0.17633108103788842,481207744.0,0.0245,4.0
FRT,False,56.24239704221344,"graham_current_ratio,graham_debt_to_equity,graham_pe,graham_pe_times_pb,munger_roe",9640120320.0,22.406063,3.0069137,0.564,1.34114,0.12550999,0.68136,0.4708450126077523,456137632.0,0.0418,4.0
WMG,False,56.21061610594096,"graham_current_ratio,graham_debt_to_equity,graham_pe,graham_pe_times_pb",14657536000.0,22.416,17.158604,0.734,4.52947,0.70074,0.45769,0.10347398240644103,382249984.0,0.0286,4.0
NTST,False,56.19438552649877,"graham_size,graham_earnings_stability,graham_pe,graham_pe_times_pb,munger_roe",1774713856.0,129.78572,1.1731663,5.531,0.88837,0.00962,0.90376997,0.39020002,133447376.0,0.0495,1.0
AMH,False,56.1434068851913,"graham_pe,graham_pe_times_pb,munger_roe",12716710912.0,24.61905,1.6396215,1.672,0.68848,0.07084,0.56646997,0.25921,822327360.0,0.0426,4.0
UTHR,False,56.051614898129124,"data_missing:debt_to_equity,graham_pe_times_pb",21215023104.0,17.728674,3.2981713,5.732,,0.19315,0.8792220441763283,0.4689414647940428,557137472.0,,4.0
FIS,False,56.03741525843269,"graham_current_ratio,graham_debt_to_equity,graham_earnings_stability",18411233280.0,5.471582,1.1460378,0.535,1.3251,0.22348,0.36864287721270017,0.16306078486466236,2653125120.0,0.049400000000000006,2.0
KIM,False,56.0217812109683,"graham_current_ratio,graham_pe,graham_pe_times_pb,munger_roe",15112885248.0,26.197676,1.4710108,0.971,0.84993,0.05806,0.68933,0.3601781398765301,871483392.0,0.049699999999999994,4.0
MAT,False,55.99376325428228,graham_debt_to_equity,3788381952.0,9.895522,1.8959109,1.902,1.37445,0.20497,0.4872551786092625,0.1021807259038268,425315872.0,,4.0
CTVA,False,55.98689625172521,"graham_pe,graham_pe_times_pb,munger_roe",53729296384.0,48.80606,2.134998,1.516,0.19191,0.04256,0.4954,0.3013,2417250048.0,0.0089,4.0
OVV,False,55.974226749149345,"graham_current_ratio,munger_roe",17251540992.0,17.421787,1.5002525,1.008,0.43734,0.08411,0.53859,0.12696452626852267,1230499968.0,0.0192,4.0
NDAQ,False,55.91756684532552,"graham_current_ratio,graham_pe,graham_pe_times_pb",52286742528.0,27.271137,4.385167,1.006,0.77687,0.16521999,0.6353183248608085,0.2821350762527233,1691500032.0,0.0124,4.0
EW,False,55.88806805712938,"graham_pe,graham_pe_times_pb,munger_roe",50820108288.0,52.535717,4.792832,4.522,0.06568,0.09175,0.7801107521919705,0.2083525611444393,1232412544.0,,4.0
HSTM,False,55.85506484344616,"graham_size,graham_current_ratio,graham_pe,graham_pe_times_pb,munger_roe",894317824.0,40.59722,2.3966873,1.062,0.03766,0.059959996,0.65081,0.06655177857293201,50334876.0,0.004699999999999999,4.0
STC,False,55.84546060003341,"graham_size,munger_roe",1923222016.0,13.820568,1.1561625,1.847,0.46090000000000003,0.096140005,0.61847997,0.06954,135150000.0,0.0348,4.0
VOYA,False,55.839707397912555,"graham_pe_times_pb,munger_roe",9201871872.0,17.128162,1.9638817,5.669,0.6890999999999999,0.096099995,0.55609,0.12675540359018195,1433500032.0,0.018500000000000003,4.0
SYK,False,55.79585302814962,"graham_pe,graham_pe_times_pb",105528614912.0,28.480331,4.3992453,2.157,0.6439100000000001,0.16508,0.6396321070234113,0.19465679248287943,4107624960.0,0.0128,4.0
CMCSA,False,55.777622382167195,"graham_current_ratio,graham_debt_to_equity,munger_roe",80696000512.0,7.2884617,0.89842355,0.796,1.00474,0.114879996,0.6939,0.16710452925056787,12697624576.0,0.057999999999999996,4.0
NWS,False,55.59350518560605,"graham_pe,graham_pe_times_pb,munger_roe",17518325760.0,31.728157,2.082988,1.623,0.31561,0.07979,0.57167,0.12537,1045124992.0,0.0060999999999999995,4.0
MPC,False,55.592479288019426,"graham_current_ratio,graham_debt_to_equity,graham_pe_times_pb,munger_gross_margin",124040962048.0,14.727556,6.3030705,1.25,1.33328,0.42099,0.12819,0.06247974739824716,9249375232.0,0.009399999999999999,4.0
SIG,True,55.540834468877364,,3846284800.0,11.658537,2.1005273,1.639,0.66703,0.19855,0.3954737583656217,0.057693436656099564,422037504.0,0.0139,4.0
HD,False,55.53181562916686,"graham_current_ratio,graham_debt_to_equity,graham_pe,graham_pe_times_pb",299286921216.0,21.007004,18.016817,1.078,3.80261,1.0429599,0.33315521334928316,0.12684976591390731,10762625024.0,0.0311,4.0
VRTS,False,55.49410622943153,"graham_size,munger_roe",827836224.0,7.1265674,0.91046154,2.659,0.44522,0.106709994,0.41079,0.19778042245841956,56292376.0,0.0784,4.0
TEL,False,55.47111359959144,"graham_pe,graham_pe_times_pb",59559612416.0,20.11949,4.496443,1.876,0.43441,0.23290001,0.3521608156644653,0.18601552543158384,2336875008.0,0.0152,4.0
ALSN,False,55.448042109374775,"graham_debt_to_equity,graham_pe_times_pb",9669888000.0,18.52848,4.891395,1.807,2.11925,0.28349,0.48604651162790696,0.292358803986711,211000000.0,0.009899999999999999,4.0
AGYS,False,55.39292804764992,"graham_pe,graham_pe_times_pb,munger_roe",2824245504.0,65.875,8.323359,1.741,0.054509999999999996,0.13802,0.6261055018289322,0.13471150473518065,57453376.0,,4.0
KMB,False,55.373446705211,"graham_current_ratio,graham_debt_to_equity,graham_pe_times_pb",32483682304.0,19.339922,18.597492,0.909,3.48933,1.04913,0.36012646683285704,0.14294400194564358,941124992.0,0.052300000000000006,4.0
ZWS,False,55.34938318786355,"graham_pe,graham_pe_times_pb",7641358848.0,28.614906,4.611612,3.053,0.33181,0.16919,0.4509699864378796,0.16445545138274661,322675008.0,0.0096,4.0
LII,False,55.31480628045829,"graham_debt_to_equity,graham_pe_times_pb",12415232000.0,15.951599,9.57028,1.569,1.5608199999999999,0.71757007,0.3339171943872346,0.20046965526533597,277737504.0,0.0151,4.0
DGII,False,55.30088984398598,"graham_current_ratio,graham_pe,graham_pe_times_pb,munger_roe",2737198080.0,57.24603,3.9941301,1.129,0.17279,0.07459,0.629158037380788,0.13083973120791406,128003128.0,,4.0
FR,False,55.29579908924508,"graham_current_ratio,graham_pe,graham_pe_times_pb,munger_roe",8467616256.0,22.472727,2.951853,1.498,0.90051,0.1363,0.73745,0.45097,290640736.0,0.032400000000000005,4.0
A,False,55.29308955625749,"graham_pe,graham_pe_times_pb",44113408000.0,30.861933,5.9920344,2.05,0.56336,0.20971,0.53648996,0.21286701208981001,1060374976.0,0.006500000000000001,4.0
ACIW,False,55.28755023435996,"graham_pe,graham_pe_times_pb",5075019776.0,23.059633,3.3998377,1.582,0.57698,0.15617,0.49082002,0.18747435761929604,260535632.0,,4.0
SLM,False,55.26875,"data_missing:free_cash_flow,graham_current_ratio,graham_debt_to_equity",4718799872.0,6.991644,2.121545,1.334,2.36158,0.30333,1.0,0.29211,,0.0207,4.0
COO,False,55.13840250232946,"graham_current_ratio,munger_roe",10513686528.0,19.0,1.2620406,1.222,0.33634000000000003,0.06838,0.6553855928061773,0.16687029615873325,542649984.0,,4.0
VAL,False,55.098904408466595,munger_gross_margin,5815943680.0,6.316742,1.8287011,1.547,0.36219999999999997,0.33619,0.24784,0.2013507809202195,79725000.0,,4.0
INVX,False,55.049680048009385,"graham_pe,graham_pe_times_pb,munger_roe",2010827264.0,32.35955,1.8740239,5.006,0.07043,0.05994,0.32401,0.1355735900091081,174039872.0,,4.0
KRC,False,55.01356428571429,"graham_current_ratio,graham_pe,munger_roe",4020058624.0,23.937063,0.76178396,1.103,0.85616,0.03431,0.65379,0.23993,718001472.0,0.06309999999999999,4.0
HL,False,55.01057306062561,"graham_earnings_stability,graham_pe,graham_pe_times_pb,munger_gross_margin",12689878016.0,22.795181,4.746613,5.197,0.008020000000000001,0.22173999,0.2848502299688679,0.16942149400037465,342344736.0,0.0008,2.0
MPT,False,55.00000000000001,"data_missing:trailing_pe,graham_current_ratio,graham_debt_to_equity,graham_earnings_stability,munger_roe",2030480000.0,,0.45104802,1.172,2.15671,-0.00622,0.95944,0.6890208515136681,753948992.0,0.1059,0.0
SIGI,False,54.95320639285715,"graham_current_ratio,munger_roe,munger_gross_margin",5167320064.0,10.756823,1.491382,0.318,0.24596,0.14152999,0.22764,0.12693,1355778304.0,0.019799999999999998,4.0
TTC,False,54.927127855334376,"graham_pe,graham_pe_times_pb",8850078720.0,24.997326,6.518162,1.576,0.80671,0.26447,0.333628946434906,0.09087885775097553,608062528.0,0.0167,4.0
ROK,False,54.830872494835184,"graham_current_ratio,graham_debt_to_equity,graham_pe,graham_pe_times_pb",46154047488.0,38.91573,13.209382,1.075,1.0334699999999999,0.30629,0.48141932390314074,0.20414768640613762,1303874944.0,0.013300000000000001,4.0
ESS,False,54.80358424662636,"graham_current_ratio,graham_debt_to_equity,graham_pe,graham_pe_times_pb,munger_roe",18613516288.0,41.998444,3.2604496,0.249,1.2240900000000001,0.0771,0.6988536806996071,0.47649793757898,1043926720.0,0.0384,4.0
OII,False,54.77605828344628,"graham_pe_times_pb,munger_gross_margin",4607227392.0,13.3786125,3.957425,2.176,0.70343,0.34570998,0.20417031229571905,0.10938754868620867,237835120.0,,4.0
HWM,False,54.72819548337583,"graham_pe,graham_pe_times_pb",91592720384.0,49.497845,16.027216,1.818,0.81368,0.34732,0.36032,0.24793989335918565,1189874944.0,0.0024,4.0
EMR,False,54.63385187100121,"graham_current_ratio,graham_pe,graham_pe_times_pb,munger_roe",83970187264.0,32.80525,4.103462,0.896,0.6767700000000001,0.128,0.528363676731794,0.26924,3706249984.0,0.0148,4.0
MWA,False,54.615570730266825,graham_pe_times_pb,3419152384.0,15.422535,3.0514143,4.636,0.40423000000000003,0.21684,0.36140449045254247,0.1822760019584528,130712496.0,0.0128,4.0
PBH,False,54.60918771283787,"graham_debt_to_equity,graham_earnings_stability,munger_roe",2130432256.0,12.59664,1.1114407,3.23,1.07864,0.0912,0.5470517725187264,0.2841991172999114,147887504.0,,3.0
KVUE,False,54.60143915068729,"graham_current_ratio,graham_pe,graham_pe_times_pb",34208974848.0,20.95294,3.2405386,1.005,0.8161700000000001,0.15581,0.581327691087014,0.15961385876752182,1907500032.0,0.0472,4.0
CGNX,False,54.42487654794388,"graham_pe,graham_pe_times_pb,munger_roe",10355859456.0,59.19231,6.3549085,3.934,0.044480000000000006,0.111490004,0.6691677754211507,0.16348823714573912,195671376.0,0.0055000000000000005,4.0
MO,False,54.41458346771354,"data_missing:debt_to_equity,data_missing:return_on_equity,graham_current_ratio,graham_pe_times_pb",116080590848.0,14.635789,-43.504375,0.518,,,0.6246831908587138,0.4252330426564715,9014625280.0,0.0639,4.0
ZD,False,54.40968081783851,"data_missing:trailing_pe,graham_size,munger_roe",1971171584.0,,0.8983515,2.164,0.3998,-0.01456,0.8672618904767484,0.1261558857495652,519709248.0,,4.0
BNL,False,54.39629331223431,"graham_pe,graham_pe_times_pb,munger_roe",4087614976.0,25.263159,1.2782956,2.017,0.8932599999999999,0.04922,0.9486,0.4675071462798037,230601872.0,0.060899999999999996,4.0
MUR,False,54.38500933502928,"graham_current_ratio,munger_roe",5361019904.0,18.509901,1.0192176,0.854,0.41896,0.06461,0.82672995,0.11079684113309325,344718368.0,0.0374,4.0
CHWY,False,54.340997724805526,"graham_current_ratio,graham_debt_to_equity,graham_pe,graham_pe_times_pb,munger_gross_margin",8287740416.0,31.72308,22.340197,0.838,3.13414,0.71988,0.2978931079633377,0.02018013728524382,449075008.0,,4.0
VCYT,False,54.23677470364514,"graham_earnings_stability,graham_pe,graham_pe_times_pb,munger_roe",3199148800.0,28.425,2.3034847,9.162,0.02889,0.087740004,0.7010258244786278,0.11172301772230225,106230872.0,,2.0
EG,False,54.23309523809523,"graham_current_ratio,munger_roe,munger_gross_margin",14372774912.0,7.923272,0.9401617,0.388,0.23260000000000003,0.12572,0.15281,0.19132,2064625024.0,0.0213,4.0
AMPH,False,54.127041137203626,"graham_size,munger_roe",1004746304.0,13.976332,1.3077903,2.397,0.89607,0.10297,0.494601236027321,0.19503477629127905,230095872.0,,4.0
GE,False,54.11844399968096,"graham_current_ratio,graham_debt_to_equity,graham_pe,graham_pe_times_pb",326074761216.0,37.01649,18.485384,0.982,1.13225,0.48231998,0.31051,0.20328098909297615,6594625024.0,0.006,4.0
TJX,False,54.10493114855653,"graham_current_ratio,graham_debt_to_equity,graham_pe,graham_pe_times_pb",140562579456.0,23.60668,13.516041,1.147,1.3441900000000002,0.62171,0.31467,0.13518329941526713,4398125056.0,0.0151,4.0
SHOO,False,54.057301547384796,"graham_pe,graham_pe_times_pb",3081487616.0,21.055,3.2790842,1.906,0.38795999999999997,0.15913,0.41413727665226713,0.031873530301972014,219048992.0,0.0199,4.0
LQDA,False,54.04202854794751,"graham_earnings_stability,graham_pe,graham_pe_times_pb",5986354176.0,47.771427,30.53881,2.312,0.93738,1.3181599,0.92542,-0.3245073269327943,74296128.0,,0.0
INVH,False,54.02877023525243,"graham_current_ratio,graham_pe,graham_pe_times_pb,munger_roe",15893670912.0,24.688072,1.755267,0.43,0.9442499999999999,0.070539996,0.56262,0.25115,1168785536.0,0.0446,4.0
ATMU,False,53.9280787671671,"graham_debt_to_equity,graham_pe_times_pb,munger_gross_margin",3581227776.0,16.816092,7.8740582,2.65,2.32278,0.5579,0.28243496004080937,0.1694723119650853,103862496.0,0.0055000000000000005,4.0
TRU,False,53.89658435891847,"graham_debt_to_equity,graham_earnings_stability,graham_pe_times_pb",13877587968.0,19.110819,2.8655643,1.9,1.13212,0.15626,0.5873,0.18744400498219085,808625024.0,0.0069,2.0
HSY,False,53.85085198302968,"graham_current_ratio,graham_debt_to_equity,graham_pe,graham_pe_times_pb",34115166208.0,23.195354,7.4767714,1.18,1.29821,0.32808998,0.33548561069861765,0.12328574986384523,1743636352.0,0.0342,4.0
MDT,False,53.78504601438995,"graham_pe,graham_pe_times_pb,munger_roe",117846974464.0,22.692118,2.3477395,2.067,0.55365,0.106479995,0.6976930524488365,0.17784072159278408,5412499968.0,0.0313,4.0
UFCS,False,53.6814119047619,"graham_size,graham_current_ratio,graham_earnings_stability,munger_gross_margin",1395438848.0,10.090909,1.4304876,0.356,0.14974,0.15465,0.12865,0.11761,255639504.0,0.0147,2.0
TECH,False,53.660836327623926,"graham_pe,graham_pe_times_pb,munger_roe",11348936704.0,62.387936,5.35836,4.547,0.13712,0.09032,0.6576504951692909,0.20731021802592345,229653120.0,0.0044,4.0
SAM,False,53.656839645105904,"data_missing:trailing_pe,graham_size,graham_current_ratio,munger_roe",1786634368.0,,2.4204676,1.045,0.04415,-0.08614001,0.4847750171247342,0.07373152284434456,372617632.0,,4.0
AR,False,53.64207564041726,"graham_current_ratio,munger_roe",10717324288.0,9.988539,1.2931226,0.401,0.55493,0.14216,0.67154,0.16748969781586684,391220736.0,,4.0
RHP,False,53.635295323582774,"graham_current_ratio,graham_debt_to_equity,graham_pe,graham_pe_times_pb",8411944448.0,29.741465,10.165055,1.313,3.3457,0.22583,0.35156,0.18897961670290303,567982976.0,0.0394,4.0
DLX,False,53.583244512508735,"graham_size,graham_current_ratio,graham_debt_to_equity,munger_roe",1068910080.0,10.69266,1.5089332,1.196,2.09945,0.14957,0.5308935809218588,0.1089443090193137,171792992.0,0.051500000000000004,4.0
WPC,False,53.573823299067854,"graham_current_ratio,graham_debt_to_equity,graham_pe,graham_pe_times_pb,munger_roe",15095146496.0,22.69178,1.7405238,1.164,1.01882,0.077800006,0.94371,0.22366027517548806,1096111872.0,0.0567,4.0
APLE,False,53.56511752849447,"graham_current_ratio,graham_pe,munger_roe",3678168576.0,21.054054,1.1710764,0.291,0.51367,0.05529,0.42902002,0.18253083788709318,360905376.0,0.0616,4.0
REXR,False,53.518359508219824,"data_missing:trailing_pe,graham_current_ratio,munger_roe",8777312256.0,,1.1557683,0.344,0.41445,-0.047280002,0.76798,0.4159,341792384.0,0.0453,4.0
CAKE,False,53.51206939442482,"graham_current_ratio,graham_debt_to_equity,graham_pe,graham_pe_times_pb",4802398720.0,26.154472,9.256666,0.587,4.00999,0.38834,0.40701,0.0499186258564542,166743120.0,0.0124,4.0
BRK-B,False,53.41501267395864,"graham_earnings_stability,munger_roe",1091269558272.0,12.8211775,0.0009761484,2.891,0.17142,0.121199995,0.30332002,0.12359121769264386,71975247872.0,,3.0
LNC,False,53.37032301428572,"graham_earnings_stability,munger_gross_margin",8079077376.0,3.5551813,0.77951825,2.184,0.63803,0.22587,0.27076998,0.046079997,2069374976.0,0.042699999999999995,2.0
SIRI,False,53.36201070844322,"graham_current_ratio,graham_earnings_stability,munger_roe",9205296128.0,10.967872,0.78220767,0.458,0.81105,0.07574,0.5244215938303342,0.17188595466230427,1186000000.0,0.0395,1.0
CLX,False,53.34397607155565,"graham_current_ratio,graham_debt_to_equity,graham_pe_times_pb",10049367040.0,17.276506,111.69354,0.658,22.214290000000002,1.6376,0.45228040540540543,0.12885,110375000.0,0.0602,4.0
MD,False,53.30474904032384,"graham_current_ratio,graham_earnings_stability,munger_gross_margin",2106897408.0,12.406699,2.3337233,1.316,0.70371,0.20389,0.26236,0.13407,160776992.0,,1.0
CSX,False,53.3041296265372,"graham_current_ratio,graham_debt_to_equity,graham_pe,graham_pe_times_pb",87251566592.0,27.38372,6.1957374,0.82,1.3806800000000001,0.24357,0.47070998,0.3208203235878513,1953250048.0,0.011899999999999999,4.0
CDP,False,53.18786583352153,"graham_debt_to_equity,graham_earnings_stability,graham_pe,graham_pe_times_pb,munger_roe",3982732544.0,23.875,2.5395184,2.594,1.6415,0.10825,0.58258,0.22165888841747985,257286368.0,0.037200000000000004,2.0
HAYW,False,53.119975458624246,"graham_pe_times_pb,munger_roe",2755433472.0,18.041666,1.7357028,3.327,0.6325500000000001,0.104119994,0.4800495475224011,0.20785898561250452,164106256.0,,4.0
AMZN,False,53.07420748468894,"graham_current_ratio,graham_earnings_stability,graham_pe,graham_pe_times_pb",2736595664896.0,20.411102,4.959536,1.033,0.45616999999999996,0.30558002,0.5077,0.11155296795755199,3219124992.0,,3.0
AME,False,53.05624141818407,"graham_current_ratio,graham_pe,graham_pe_times_pb,munger_roe",54467801088.0,34.74269,4.838145,1.214,0.20521999999999999,0.14562,0.36905998,0.2581120198629504,1492221312.0,0.005699999999999999,4.0
FTV,False,53.01939447330779,"graham_current_ratio,graham_pe,graham_pe_times_pb,munger_roe",16767355904.0,29.100529,2.7461555,1.241,0.59283,0.07318,0.6350171912192542,0.1731624630328677,939112512.0,0.0051,4.0
IBKR,False,53.01424850000001,"data_missing:free_cash_flow,graham_current_ratio,graham_debt_to_equity,graham_pe,graham_pe_times_pb",154519044096.0,35.9881,6.921316,1.093,2.05748,0.24018998,0.93036,0.76532996,,0.0039000000000000003,4.0
CHDN,False,52.86910032226213,"graham_current_ratio,graham_debt_to_equity,graham_pe_times_pb",5709147136.0,13.906622,4.275722,0.356,3.49173,0.33848,0.34179002,0.23370586827984552,138712496.0,0.0053,4.0
BIIB,False,52.81577757713144,"graham_pe,graham_pe_times_pb,munger_roe",31840987136.0,38.345196,1.6887391,1.865,0.44329,0.04575,0.8657304791514809,0.25867579700774923,1266987520.0,,4.0
CRI,False,52.80370836166151,"graham_size,graham_debt_to_equity",1088119424.0,5.5298505,1.0592145,2.47,1.15325,0.20742,0.4535689370713622,0.049659021827709246,246791008.0,0.0337,4.0
CTRE,False,52.786849999999994,"graham_earnings_stability,graham_pe,graham_pe_times_pb,munger_roe,munger_fcf",8870447104.0,23.4625,1.9729857,3.304,0.26701,0.09056,0.96365,0.64858,-80309504.0,0.0416,3.0
AIZ,False,52.778039392857146,"graham_current_ratio,graham_pe_times_pb,munger_gross_margin",13920647168.0,13.510293,2.2855594,0.382,0.36211,0.18341999,0.13272999,0.11734,2149574912.0,0.0125,4.0
HOOD,False,52.71424925,"data_missing:free_cash_flow,graham_current_ratio,graham_debt_to_equity,graham_earnings_stability,graham_pe,graham_pe_times_pb",107728044032.0,53.0177,11.362731,1.116,2.40279,0.23618999,0.9189,0.43884,,,2.0
HCSG,False,52.65645035549028,"graham_size,graham_pe_times_pb,munger_gross_margin",1473533312.0,12.555555,2.8131552,3.022,0.03417,0.24691999,0.17114,0.04717,70280248.0,,4.0
EXR,False,52.63873036265567,"graham_current_ratio,graham_debt_to_equity,graham_pe,graham_pe_times_pb,munger_roe",30172246016.0,30.178808,2.1785762,0.886,1.01674,0.06953,0.74919,0.4182600838124293,1499437568.0,0.047400000000000005,4.0
INGR,False,52.45402527057807,"munger_roe,munger_gross_margin",6138017280.0,10.579349,1.3575374,2.798,0.39411999999999997,0.13693,0.2532206676825045,0.14073971464191717,457249984.0,0.0341,4.0
WTW,False,52.440607252029814,"graham_current_ratio,graham_earnings_stability,graham_pe_times_pb",28788443136.0,19.19381,3.7499244,1.098,0.9139,0.19761999,0.42516,0.23011948908117016,1415624960.0,0.0124,1.0
ECG,False,52.43200569191869,"graham_pe,graham_pe_times_pb,munger_gross_margin",5921872896.0,23.28715,7.6588297,1.587,0.47096,0.39525002,0.12120691215296231,0.0706680863455911,184378496.0,,4.0
VMRK,False,52.41644960896667,"data_missing:price_to_book,graham_current_ratio,graham_pe,munger_roe",47370760192.0,23.45594,,0.348,0.75129,0.08487,0.7043402764301141,0.5020815786307303,1387120000.0,0.0416,4.0
CSR,False,52.41622222755843,"graham_size,graham_debt_to_equity,graham_earnings_stability,graham_pe,graham_pe_times_pb,munger_roe",991120704.0,43.75,1.3824089,3.112,1.24015,0.03388,0.59305,0.23582740753191894,106247624.0,0.055,1.0
WHD,False,52.321199426556106,"graham_pe,graham_pe_times_pb,munger_roe",4649807872.0,56.03361,3.7456465,2.587,0.033010000000000005,0.13114001,0.33233002,0.23214936087358243,129337624.0,0.009000000000000001,4.0
PARR,False,52.22213609174319,"graham_earnings_stability,munger_gross_margin",4226905856.0,4.951291,2.0970347,1.84,0.5616599999999999,0.53489,0.23056,0.07217458286724762,82314872.0,,1.0
DT,False,52.2187553082015,"graham_current_ratio,graham_pe,graham_pe_times_pb,munger_roe",15935576064.0,110.28,6.532401,1.208,0.06498999999999999,0.058790002,0.8155933426047631,0.12157579294753681,546524224.0,,4.0
MAA,False,52.209380742394174,"graham_current_ratio,graham_debt_to_equity,graham_pe,graham_pe_times_pb,munger_roe",14191517696.0,34.67347,2.5391233,0.048,1.0237699999999998,0.0705,0.58392,0.2620377540655517,921182272.0,0.051500000000000004,4.0
LIVN,False,52.208623709575775,"graham_current_ratio,graham_earnings_stability,graham_pe,graham_pe_times_pb",4297844736.0,23.011799,3.2404256,1.45,0.26556,0.15404001,0.677113914238145,0.1436472526625424,59872624.0,,0.0
CHD,False,52.20651589077732,"graham_current_ratio,graham_pe,graham_pe_times_pb",22475069440.0,30.368591,5.167712,1.147,0.55851,0.17041,0.447317513541398,0.1737167913335053,939262528.0,0.013000000000000001,4.0
CRS,False,52.19131996674481,"graham_pe,graham_pe_times_pb",20225843200.0,38.757835,9.08852,3.81,0.32658000000000004,0.25752002,0.3058382946034185,0.22469752256577685,238787504.0,0.002,4.0
UHS,False,52.15356694687365,graham_current_ratio,10413493248.0,7.2088943,1.3859127,1.116,0.6873999999999999,0.20948,0.44607,0.11483067296545219,498316992.0,0.0045000000000000005,4.0
CTS,False,52.15067396547581,"graham_size,graham_pe,graham_pe_times_pb,munger_roe",1664826240.0,24.393305,2.9074407,2.609,0.15692,0.12429,0.3842953679722455,0.15266811744667644,72120000.0,0.0027,4.0
ARE,False,52.10607142857143,"data_missing:trailing_pe,graham_earnings_stability,munger_roe",9172678656.0,,0.5850521,2.35,0.6867,-0.040760003,0.68198997,0.17282,1344973952.0,0.054000000000000006,0.0
SCI,False,52.03387111023462,"graham_current_ratio,graham_debt_to_equity,graham_pe,graham_pe_times_pb,munger_gross_margin",10598033408.0,20.302874,6.910772,0.531,3.44863,0.34714,0.26456534966539297,0.22697467809824207,315907872.0,0.018500000000000003,4.0
STE,False,51.98923930562774,"graham_pe,graham_pe_times_pb,munger_roe",19991422976.0,25.066013,2.773997,1.906,0.28312000000000004,0.11389,0.4424771306794252,0.18561633450698292,798862528.0,0.0126,4.0
EAT,False,51.975654125630655,"graham_current_ratio,graham_debt_to_equity,graham_pe_times_pb,munger_gross_margin",8215595008.0,18.079964,18.709341,0.455,3.95763,1.19568,0.18646999,0.1067431208458174,367575008.0,,4.0
ALV,False,51.968578456949125,"graham_current_ratio,graham_pe_times_pb,munger_gross_margin",8567289856.0,13.794812,3.4406896,1.029,0.8752500000000001,0.25858,0.1917706888580675,0.10060101710587148,742124992.0,0.0297,4.0
WRLD,False,51.869389499733245,"graham_size,graham_debt_to_equity,graham_pe,graham_pe_times_pb,munger_roe",848847616.0,23.055696,2.272404,10.382,1.78936,0.099,0.69242996,0.15316,60710904.0,,4.0
PLAB,False,51.85439207882578,"graham_size,munger_roe",1717407616.0,10.359431,1.3224605,4.941,0.00223,0.13769001,0.3530344026921184,0.2450988703558485,29464124.0,,4.0
GPN,False,51.838596842886886,"graham_current_ratio,graham_pe,graham_pe_times_pb,munger_roe",22508439552.0,40.312798,0.97833085,0.825,0.98273,0.02428,0.63959,0.2276994263340271,7867763200.0,0.0118,4.0
CURB,False,51.82356840441751,"graham_pe,graham_pe_times_pb,munger_roe",3230686464.0,104.92592,1.5485951,2.654,0.28476,0.0146200005,0.75179,0.19184,152188000.0,0.024,4.0
DASH,False,51.73425994524792,"graham_current_ratio,graham_earnings_stability,graham_pe,graham_pe_times_pb,munger_roe",83600506880.0,101.01571,8.425695,1.368,0.33276000000000006,0.088870004,0.52225,0.05270831814536706,5147500032.0,,2.0
URI,False,51.72827505913439,"graham_current_ratio,graham_debt_to_equity,graham_pe,graham_pe_times_pb",63108280320.0,24.390425,6.8522243,0.764,1.6679300000000001,0.28895,0.38163861109385677,0.24678551462823778,1706249984.0,0.0078000000000000005,4.0
DBX,False,51.714739049130166,"data_missing:debt_to_equity,data_missing:return_on_equity,graham_current_ratio,graham_pe,graham_pe_times_pb",7932306944.0,20.154697,-3.6626506,1.074,,,0.8013486711622372,0.27334391114637047,783075008.0,,4.0
AKR,False,51.66265159799703,"graham_current_ratio,graham_earnings_stability,graham_pe,graham_pe_times_pb,munger_roe",2810890752.0,55.085716,1.1331179,1.245,0.63176,0.057150003,0.70607,0.1203290509960877,187720752.0,0.0415,3.0
AGO,False,51.59679669373504,"graham_current_ratio,munger_roe",3093937152.0,9.355053,0.55723214,0.99,0.30563,0.06666,0.94342005,0.4264,14625000.0,0.0216,4.0
GIII,False,51.576866666666675,"graham_size,graham_earnings_stability,munger_roe",1182105344.0,9.069079,0.6441288,2.704,0.18736999999999998,0.07677,0.39953,0.00728,151427872.0,0.014499999999999999,3.0
RYAN,False,51.49760044583914,"graham_current_ratio,graham_debt_to_equity,graham_pe,graham_pe_times_pb",10319951872.0,54.41892,9.599523,0.998,3.74707,0.22092,0.41487,0.16178945084536003,584760128.0,0.0129,4.0
TDW,False,51.48117560793588,"graham_earnings_stability,graham_pe_times_pb,munger_gross_margin",4313368064.0,17.584179,3.095961,3.582,0.47051000000000004,0.19448,-0.07472836353195413,0.20889926418517046,367619136.0,,3.0
MGM,False,51.36081656718372,"graham_current_ratio,graham_debt_to_equity,graham_pe,graham_pe_times_pb",9512722432.0,22.915154,3.7840276,1.335,8.933110000000001,0.18924999,0.44157,0.05712157073428685,878991104.0,,4.0
SONO,False,51.33821190927149,"graham_size,graham_earnings_stability,graham_pe,graham_pe_times_pb,munger_roe",1837105408.0,34.511112,4.551583,1.615,0.14081,0.14175999,0.43687416682602637,-0.0349676707712177,97409872.0,,0.0
NXST,False,51.28463329703933,"graham_debt_to_equity,graham_pe,graham_pe_times_pb,munger_roe",4822423040.0,29.702087,2.1289647,1.562,5.337899999999999,0.07434,0.55070996,0.17154980804202868,800625024.0,0.0475,4.0
ZBH,False,51.237183135209676,"graham_pe,graham_pe_times_pb,munger_roe",18188746752.0,23.145632,1.4397874,1.691,0.60175,0.06413,0.69524,0.13340217457328554,1072150016.0,0.0101,4.0
JOE,False,51.22153309195132,"graham_pe,graham_pe_times_pb",3634440192.0,29.97183,4.759207,3.839,0.71346,0.16246,0.4305342857031521,0.28491405680706716,118878000.0,0.01,4.0
KDP,False,51.17277451851788,"graham_current_ratio,graham_pe,graham_pe_times_pb,munger_roe",42131169280.0,31.272726,1.683066,0.479,0.99649,0.051,0.5420104800337289,0.215322532072517,4607249920.0,0.0297,4.0
REX,False,51.145537621726845,"graham_size,munger_gross_margin",1434182912.0,11.843835,2.1290321,6.884,0.023090000000000003,0.19591999,0.14405514637494676,0.20159,47938876.0,,4.0
WMB,False,51.127250000000004,"graham_current_ratio,graham_debt_to_equity,graham_pe,graham_pe_times_pb,munger_fcf",88129224704.0,28.705181,6.6985874,0.477,2.00371,0.21503,0.63637,0.3511297071129707,-1516749952.0,0.0291,4.0
MZTI,False,51.11280613430152,"graham_pe_times_pb,munger_gross_margin",2726916608.0,14.315186,2.5893388,1.559,0.24097000000000002,0.18677999,0.24732216374247792,0.12369580008114733,132784872.0,0.04,4.0
DEI,False,51.10491226325629,"data_missing:trailing_pe,graham_current_ratio,graham_debt_to_equity,graham_earnings_stability,munger_roe",2061075968.0,,0.9337706,0.547,1.6313300000000002,-0.01928,0.6335223141450743,0.25911461947598013,395813120.0,0.0741,2.0
AMSF,False,51.08591286688359,"data_missing:debt_to_equity,graham_size,munger_gross_margin",460486880.0,9.92742,1.8242443,2.042,,0.18225001,0.27679002,0.19858,36250000.0,0.0666,4.0
NFG,False,51.044,munger_fcf,7691048960.0,11.270195,1.9599864,3.201,0.9092,0.19576,0.63229,0.35716546924951076,-24765500.0,0.0274,4.0
DORM,False,51.036214194383724,graham_pe_times_pb,3633482752.0,16.98197,2.3974936,3.598,0.34867,0.15048,0.4214096574268924,0.140611335673202,143988752.0,,4.0
PFG,False,50.96675818304781,"graham_pe_times_pb,munger_roe",25193693184.0,16.738264,2.0799305,1.586,0.35307,0.12949,0.47345,0.12336001,1056374976.0,0.0286,4.0
CCK,False,50.8674444720488,"graham_current_ratio,graham_debt_to_equity,graham_pe_times_pb,munger_gross_margin",11876647936.0,15.712231,4.094949,1.049,1.86334,0.27367002,0.20957,0.1255964415689446,853875008.0,0.012,4.0
SCHL,False,50.83945166002818,"graham_size,graham_current_ratio,graham_earnings_stability,munger_roe",648961088.0,14.850428,0.8677521,1.232,0.55874,0.066810004,0.56394,0.009608698400657437,56762500.0,0.0287,1.0
EIX,False,50.76806675438807,"graham_current_ratio,graham_debt_to_equity",21284061184.0,5.707947,1.219921,0.662,2.28042,0.19734,0.61005,0.36718952218253353,82375000.0,0.0635,4.0
ALRM,False,50.748367499176894,"graham_pe,graham_pe_times_pb,munger_roe",2648908544.0,23.876106,3.060692,4.96,0.62337,0.13311,0.65809,0.1321595313230886,100146624.0,,4.0
AXP,False,50.74776826273877,"data_missing:free_cash_flow,graham_debt_to_equity,graham_pe_times_pb",210399526912.0,18.90534,6.1348825,1.553,1.7238,0.34377,0.62338,0.1158504261305713,,0.012199999999999999,4.0
LIN,False,50.7279168761118,"graham_current_ratio,graham_pe,graham_pe_times_pb",212235255808.0,29.664948,5.430654,0.879,0.68947,0.18400998,0.48348,0.26254928499970576,4160750080.0,0.0139,4.0
MTCH,False,50.72325423542174,"data_missing:debt_to_equity,data_missing:return_on_equity,graham_pe_times_pb",9916603392.0,15.31915,-41.901066,1.724,,,0.74872,0.250209265493174,930664000.0,0.018500000000000003,4.0
NOW,False,50.63114115961861,"graham_current_ratio,graham_pe,graham_pe_times_pb,munger_roe",140057280512.0,84.66875,11.190319,0.701,0.67538,0.14244,0.7753426720891701,0.13737008585630367,5149374976.0,,4.0
PHM,False,50.631041704021726,"munger_roe,munger_gross_margin",22336430080.0,11.977529,1.6910142,7.272,0.19065000000000001,0.14901,0.25565,0.15685001,1078512896.0,0.0089,4.0
WST,False,50.57789452388335,"graham_pe,graham_pe_times_pb",25497841664.0,46.27203,8.53016,2.822,0.10585000000000001,0.19087,0.35912950131745874,0.19026707003675872,277937504.0,0.0024,4.0
GAP,False,50.57575058832794,"graham_debt_to_equity,graham_earnings_stability",7215089152.0,6.1867476,1.8248047,1.822,1.44773,0.33776,0.4079135754262658,0.07256280098919693,246375008.0,0.0341,3.0
TRMB,False,50.570567850517115,"data_missing:trailing_pe,graham_current_ratio,munger_roe",13421832192.0,,2.3658035,0.954,0.28553,-0.01939,0.6907423410364341,0.16502662169319543,686174976.0,,4.0
DINO,False,50.56553511519427,munger_gross_margin,20605149184.0,11.048618,2.0034225,1.971,0.32261,0.19504999,0.12892,0.034500725743421785,2035624960.0,0.0181,4.0
CRC,False,50.55692967248522,"data_missing:trailing_pe,graham_current_ratio,munger_roe",4802491904.0,,1.4116757,0.661,0.39594,-0.03554,0.5676,0.16298718997001907,299500000.0,0.03,4.0
DCI,False,50.50903858914503,"graham_pe,graham_pe_times_pb",10019351552.0,22.45195,5.6831036,2.076,0.7508499999999999,0.28205,0.3333333333333333,0.1364547084256037,347024992.0,0.0143,4.0
VFC,False,50.502825827339606,"graham_current_ratio,graham_debt_to_equity,graham_earnings_stability",5028191232.0,18.536232,1.3528664,1.425,2.80723,0.17938,0.55037,0.06002671259453336,324440736.0,0.0281,1.0
PEN,False,50.440716372966676,"graham_earnings_stability,graham_pe,graham_pe_times_pb,munger_roe",12510081024.0,78.03439,8.172508,5.75,0.13896,0.1137,0.6714116259933817,0.13482490480278414,161100128.0,,3.0
AIT,False,50.408410851115946,"graham_pe,graham_pe_times_pb",11822437376.0,29.418648,6.534955,2.578,0.25967,0.22368999,0.30337834926548607,0.11063091163806207,362843616.0,0.0063,4.0
BDX,False,50.40282724514179,"graham_current_ratio,graham_pe,graham_pe_times_pb,munger_roe",49285672960.0,31.358753,2.0185862,0.865,0.6884,0.06607,0.47138235660072164,0.11808608058608058,4478374912.0,0.0232,4.0
LZB,False,50.40078678204567,"graham_size,munger_roe",1195174784.0,15.147208,1.1794933,1.665,0.5279200000000001,0.080469996,0.44041455162733617,0.06075654731535971,182847744.0,0.032400000000000005,4.0
MIDD,False,50.38567666794713,"graham_earnings_stability,graham_pe_times_pb,munger_roe",5077564928.0,17.06383,2.297571,1.987,0.90515,0.10974,0.3910765393748973,0.17958598051606864,604098624.0,,0.0
CAT,False,50.36932022236969,"graham_current_ratio,graham_debt_to_equity,graham_pe,graham_pe_times_pb,munger_gross_margin",371872366592.0,34.840225,19.17356,1.368,2.32783,0.56972003,0.29713,0.16498246756128956,5048999936.0,0.008100000000000001,4.0
ATEN,False,50.368469658881665,"graham_size,graham_current_ratio,graham_pe,graham_pe_times_pb",1898725888.0,45.08621,7.96285,1.29,0.9500700000000001,0.19444999,0.7933555206035304,0.1622469945656102,61384500.0,0.0092,4.0
AAT,False,50.360991494179,"graham_size,graham_current_ratio,graham_debt_to_equity,graham_pe,graham_pe_times_pb,munger_roe",1702715776.0,73.166664,1.2010288,0.62,1.61778,0.02164,0.6112025566019569,0.33454988950124254,98077376.0,0.062,4.0
SYY,False,50.35615961512923,"graham_current_ratio,graham_debt_to_equity,graham_pe,graham_pe_times_pb,munger_gross_margin",37909872640.0,21.59836,14.189553,1.277,5.64591,0.77692,0.18496091209064136,0.03660426004990953,1914000000.0,0.0278,4.0
CW,False,50.336885689542655,"graham_pe,graham_pe_times_pb",20988737536.0,39.05636,7.576833,1.602,0.41481999999999997,0.19746,0.3720399088490304,0.18109023282829842,553040256.0,0.0018,4.0
OSK,False,50.31733597839432,"graham_pe_times_pb,munger_roe,munger_gross_margin",9141324800.0,16.813072,2.0026774,1.718,0.24359000000000003,0.12387,0.17452961438454084,0.09014325053011331,734037504.0,0.015600000000000001,4.0
ABT,False,50.26895572881692,"graham_current_ratio,graham_pe,graham_pe_times_pb,munger_roe",178727452672.0,33.20712,3.4739478,1.376,0.63212,0.10576,0.56847,0.18166847139505504,7209124864.0,0.0246,4.0
WMS,False,50.25190513077118,"graham_pe,graham_pe_times_pb",9504843776.0,21.473595,5.0175147,2.119,0.97185,0.26354,0.38270232915548774,0.2029920245897555,327261376.0,0.0063,4.0
ISRG,False,50.24913498096974,"data_missing:debt_to_equity,data_missing:consecutive_positive_earnings_years,graham_pe,graham_pe_times_pb",140921503744.0,45.054985,7.661576,4.963,,0.17423001,0.6599600584220096,0.29265651236499846,2615200000.0,,
ARR,False,50.24824999999999,"data_missing:free_cash_flow,graham_current_ratio,graham_debt_to_equity,graham_earnings_stability",2077998720.0,3.3287983,0.7762267,1.142,7.567240000000001,0.20331,1.0,0.86998004,,0.1962,1.0
KFY,False,50.223997642594874,"munger_roe,munger_gross_margin",4189028608.0,14.541666,1.9553314,2.371,0.29869,0.14506,0.24725,0.1275225520912558,253317744.0,0.0287,4.0
DRI,False,50.22395310563099,"graham_current_ratio,graham_debt_to_equity,graham_pe,graham_pe_times_pb,munger_gross_margin",23762020352.0,20.045979,10.814945,0.314,3.64507,0.53718,0.20302174719360527,0.11981015676448993,790974976.0,0.031,4.0
SCHW,False,50.20475,"data_missing:free_cash_flow,graham_current_ratio,graham_debt_to_equity,graham_pe_times_pb",182012575744.0,19.17122,4.139952,0.655,1.5110599999999998,0.20273,0.97495,0.52277,,0.012199999999999999,4.0
TREX,False,50.199050938712496,"graham_current_ratio,graham_pe,graham_pe_times_pb",4435436544.0,25.111763,4.454299,1.061,0.30034,0.17740999,0.3917030794529694,0.21967831847441852,69669128.0,,4.0
WM,False,50.19753158973952,"graham_current_ratio,graham_debt_to_equity,graham_pe,graham_pe_times_pb",84379877376.0,29.858557,8.506951,0.907,2.35301,0.29841,0.40601003,0.17092524996032377,2348375040.0,0.0179,4.0
EEFT,False,50.12940527521032,"graham_current_ratio,graham_debt_to_equity,munger_gross_margin",2514098432.0,10.480952,2.0078452,1.371,2.25391,0.22371,0.24004,0.12482917864379624,311637504.0,,4.0
UPS,False,50.06907587792914,"graham_current_ratio,graham_debt_to_equity,graham_pe_times_pb,munger_gross_margin",84278419456.0,18.412638,5.5950294,1.179,1.899,0.29602,0.22413,0.08873123470296974,5593999872.0,0.0662,4.0
IRT,False,50.04967386468484,"graham_current_ratio,graham_earnings_stability,graham_pe,graham_pe_times_pb,munger_roe",3574096896.0,82.166664,1.0360771,0.588,0.7015600000000001,0.0125899995,0.60678,0.2709902108433735,186066880.0,0.0487,2.0
FCX,False,50.03596353327566,"graham_pe,graham_pe_times_pb,munger_roe",102732693504.0,35.06863,5.1089053,2.066,0.32149,0.14755,0.38275,0.25151456685317386,2159249920.0,0.0084,4.0
NCLH,False,50.02969396874373,"graham_current_ratio,graham_debt_to_equity,graham_earnings_stability,munger_fcf",6483732480.0,8.557576,2.5200784,0.2,6.21051,0.3673,0.42457,0.19436341482624267,-1680301312.0,,3.0
WFRD,False,49.980075565872646,"graham_pe_times_pb,munger_gross_margin",5866137600.0,16.179487,3.2939806,2.344,0.9066500000000001,0.22793,0.22224465078724262,0.0951281459247287,558000000.0,0.0134,4.0
NABL,False,49.94521848360759,"data_missing:trailing_pe,graham_size,graham_current_ratio,graham_earnings_stability,munger_roe",725397184.0,,0.9016201,1.305,0.5425099999999999,-0.00632,0.7711241030052989,0.07193359795084371,70063376.0,,0.0
RJF,False,49.94475789285715,"data_missing:free_cash_flow,graham_pe_times_pb",31691591680.0,14.363557,2.492511,2.109,0.47594000000000003,0.18416001,0.93156,0.19301,,0.0131,4.0
SLG,False,49.91933266666667,"data_missing:trailing_pe,graham_debt_to_equity,graham_earnings_stability,munger_roe",3996006144.0,,1.1546904,2.466,1.4255600000000002,-0.03573,0.44757998,0.6499512484970779,581023296.0,0.047400000000000005,0.0
ESE,False,49.88471142074442,"graham_current_ratio,graham_pe,graham_pe_times_pb,munger_roe",6889340928.0,49.244446,4.259832,1.382,0.09315,0.095,0.42008,0.15552023575208054,233938368.0,0.0012,4.0
LDOS,False,49.877718993579165,"graham_debt_to_equity,graham_pe_times_pb,munger_gross_margin",16061546496.0,11.9225025,3.0325847,1.629,1.2327599999999999,0.27781,0.17795,0.12280190986374752,1146625024.0,0.013500000000000002,4.0
ITRI,False,49.870814371484954,"graham_earnings_stability,graham_pe_times_pb",3960073984.0,15.123746,2.4495544,2.746,0.9775400000000001,0.16885,0.37686729520267453,0.13225278536528903,295262240.0,,3.0
MRVL,False,49.78062831107265,"graham_earnings_stability,graham_pe,graham_pe_times_pb",219508604928.0,80.610565,11.55666,3.168,0.28525,0.16523,0.5101774339198984,0.16143557952798185,2408049920.0,0.001,1.0
TDY,False,49.74615107111491,"graham_pe,graham_pe_times_pb,munger_roe",27957780480.0,29.152657,2.562028,2.181,0.18565,0.09154,0.43339002,0.18801713706380613,912675008.0,,4.0
MRP,False,49.7029997,"graham_earnings_stability,munger_roe,munger_fcf",4793803776.0,10.059235,0.819193,46.568,0.42579999999999996,0.081199996,0.85307,0.8094913741275453,-1379807232.0,0.1067,1.0
SNPS,False,49.69189624587014,"graham_current_ratio,graham_pe,graham_pe_times_pb,munger_roe",73774358528.0,67.06795,2.3677783,1.337,0.34804,0.03661,0.7698457566565516,0.1297000160755796,3425542400.0,,4.0
NLY,False,49.675250000000005,"data_missing:free_cash_flow,graham_current_ratio,graham_debt_to_equity,graham_earnings_stability",15865688064.0,5.084541,1.0447687,0.558,7.37543,0.19567,0.97972,0.91652,,0.1425,2.0
CDW,False,49.66620928156084,"graham_current_ratio,graham_debt_to_equity,graham_pe_times_pb,munger_gross_margin",18276296704.0,17.570915,7.5007696,1.167,2.6327800000000003,0.44009998,0.21732867762808764,0.07383127973920915,676787520.0,0.0172,4.0
EFX,False,49.63865088498666,"graham_current_ratio,graham_debt_to_equity,graham_pe,graham_pe_times_pb,munger_roe",18664824832.0,27.920914,4.26531,0.602,1.20956,0.14275,0.55542,0.1802946744588032,947537472.0,0.0141,4.0
DTM,False,49.63658070880622,"graham_current_ratio,graham_pe,graham_pe_times_pb,munger_roe",12839645184.0,27.600878,2.6866755,1.372,0.6854300000000001,0.09901,0.75344,0.49396621078037006,128000000.0,0.027999999999999997,4.0
GNL,False,49.60336913563938,"data_missing:trailing_pe,graham_debt_to_equity,graham_earnings_stability,munger_roe",2028657664.0,,1.2257164,5.63,1.61696,-0.00962,0.85733,0.22407861316491887,366119616.0,0.0867,0.0
HST,False,49.598737380251414,"graham_pe_times_pb,munger_gross_margin",15172826112.0,14.657718,2.34184,1.671,0.8529800000000001,0.15558,0.29195,0.13984298331697742,1692375040.0,0.0366,4.0
IEX,False,49.58288492576421,"graham_pe,graham_pe_times_pb,munger_roe",16492615680.0,32.143677,4.1305714,3.049,0.4706,0.12955,0.44506146059291396,0.20225596529284165,555612480.0,0.0131,4.0
BCPC,False,49.566666204932844,"graham_pe,graham_pe_times_pb,munger_roe",5325223424.0,32.883858,4.098783,2.665,0.12801,0.12793,0.3573533906500534,0.20182594601995255,134847504.0,0.005699999999999999,4.0
PH,False,49.50400774458408,"graham_current_ratio,graham_pe,graham_pe_times_pb,munger_gross_margin",118992109568.0,33.118286,7.7239947,1.262,0.5666,0.25076,0.23611907314400027,0.23573189450672125,2961750016.0,0.0085,4.0
BURL,False,49.37607965275672,"graham_current_ratio,graham_debt_to_equity,graham_pe,graham_pe_times_pb",14894739456.0,21.32374,7.439059,1.172,2.94974,0.41412997,0.44084,0.06718,107377376.0,,4.0
DOV,False,49.344780892585774,"graham_pe,graham_pe_times_pb,munger_roe",25241767936.0,22.662634,3.2764587,1.979,0.42316000000000004,0.14914,0.397669541607976,0.16970638873603952,906472128.0,0.011200000000000002,4.0
OMCL,False,49.321664438296025,"graham_size,graham_earnings_stability,graham_pe,graham_pe_times_pb,munger_roe",1470167680.0,38.36905,1.1381855,1.644,0.15484,0.03059,0.4249011474074668,0.004355000021099806,134181872.0,,2.0
VVV,False,49.21342777496251,"graham_current_ratio,graham_debt_to_equity,graham_pe,graham_pe_times_pb",3414576128.0,33.037037,8.193509,0.702,4.7499400000000005,0.28399,0.38502017189966675,0.2279717008711922,72525000.0,,4.0
LGND,False,49.20808341679921,"graham_debt_to_equity,graham_earnings_stability,graham_pe,graham_pe_times_pb",5651545088.0,29.165636,5.8367305,31.178,1.16944,0.21962,0.81198996,0.1529428879430931,139748880.0,,1.0
NKE,False,49.16778555126307,graham_pe_times_pb,52679036928.0,16.909523,3.5424979,1.961,0.74289,0.22138001,0.42913487650329757,0.12687,1889250048.0,0.0462,4.0
CVCO,False,49.16069822248169,"graham_pe,graham_pe_times_pb,munger_gross_margin",4083379968.0,23.078661,3.6869583,2.229,0.03702,0.16658,0.23474530018868303,0.10183492574086492,163879120.0,,4.0
ADUS,False,49.15730784189522,"graham_pe,graham_pe_times_pb,munger_roe",2185085440.0,20.466784,1.8652115,1.69,0.09478,0.09706,0.3246848924100019,0.0974425846906568,116251504.0,,4.0
CR,False,49.13575578249292,"graham_pe,graham_pe_times_pb",11422505984.0,34.488655,5.245249,2.804,0.51181,0.16521999,0.40718843843843844,0.1840347071583514,363750016.0,0.0052,4.0
PPG,False,49.11026438623316,graham_pe_times_pb,23234795520.0,14.995696,2.7519746,1.58,0.86938,0.19297001,0.41202998,0.1646964659524689,1104625024.0,0.028300000000000002,4.0
LMT,False,49.095985365483266,"graham_current_ratio,graham_debt_to_equity,graham_pe_times_pb,munger_gross_margin",123099168768.0,19.68192,13.991396,1.193,2.34238,0.89165,0.10152169278328536,0.10301407099456347,5562625024.0,0.0259,4.0
MTSI,False,49.07023923247051,"graham_earnings_stability,graham_pe,graham_pe_times_pb",21067683840.0,87.85349,13.672679,2.338,0.26873,0.17184,0.5469088909060458,0.13404076265070952,104351504.0,,0.0
MTDR,False,49.04975995605462,"graham_current_ratio,munger_roe,munger_fcf",7030477312.0,9.744426,1.1881955,0.65,0.69104,0.13592,0.8239,0.3318317323079412,-907763968.0,0.0264,4.0
NVST,False,49.03517544906533,"graham_earnings_stability,graham_pe,graham_pe_times_pb,munger_roe",3750423552.0,40.25862,1.2190028,2.425,0.5162,0.030569999,0.5466813752528038,0.07946313660599374,267887504.0,,1.0
FSS,False,48.97815359256204,"graham_pe,graham_pe_times_pb,munger_gross_margin",6948366848.0,24.53233,4.6088753,2.739,0.32223,0.20608,0.2894748910800275,0.1563402889245586,194724992.0,0.0053,4.0
ENVA,False,48.973244392776174,"data_missing:free_cash_flow,graham_debt_to_equity,graham_pe_times_pb",4350243840.0,12.9903345,2.9043036,20.146,3.3701499999999998,0.26081,0.5807241469793788,0.23461719929192712,,,4.0
HAE,False,48.97271909766805,"graham_debt_to_equity,graham_pe,graham_pe_times_pb,munger_roe",4931880448.0,52.367153,5.888424,3.08,1.40265,0.111999996,0.5903823535805497,0.11748937615205689,312840000.0,,4.0
PRSU,False,48.96018080736299,"graham_size,graham_pe,graham_pe_times_pb,munger_roe,munger_fcf",1332126720.0,33.01351,2.483986,1.606,0.39954999999999996,0.08914,0.92541003,0.309585052171803,-54856000.0,,4.0
COIN,False,48.93597214057876,"data_missing:trailing_pe,graham_earnings_stability,munger_roe",51250323456.0,,3.9175155,2.423,0.5098199999999999,-0.07847,0.8581,0.1998852579433461,2668452864.0,,3.0
AEO,False,48.92015949067762,graham_debt_to_equity,2523654400.0,7.7628865,1.4312868,1.592,1.0898999999999999,0.20003,0.36510453133776893,0.040781030408657576,210763744.0,0.0332,4.0
BKNG,False,48.896924313580556,"data_missing:debt_to_equity,data_missing:return_on_equity,graham_current_ratio,graham_pe_times_pb",130102091776.0,18.655556,-11.802334,1.094,,,0.9809163315195962,0.3278597169075306,7725875200.0,0.01,4.0
GTES,False,48.86016828751791,"graham_pe_times_pb,munger_roe",6483201536.0,18.163122,1.8408569,3.244,0.60695,0.10384,0.39837941449814124,0.13513592007434944,417662496.0,,4.0
O,False,48.58781323158715,"graham_pe,graham_pe_times_pb,munger_roe",53612716032.0,41.357662,1.3555672,1.528,0.74722,0.03225,0.9268,0.46965998,1582081920.0,0.0575,4.0
QRVO,False,48.57950157884765,"graham_earnings_stability,graham_pe,graham_pe_times_pb,munger_roe",10337386496.0,27.187935,2.9774368,3.543,0.44619,0.115559995,0.4589083046238471,0.11184507234844912,476142016.0,,2.0
SPXC,False,48.57223314970208,"graham_pe,graham_pe_times_pb,munger_roe",9104106496.0,31.945518,3.8762715,1.825,0.26175,0.14684,0.40287998,0.15469515694671318,234024992.0,,4.0
PRG,False,48.52607383085003,"graham_size,graham_debt_to_equity",1413226240.0,11.445162,1.7547851,4.518,1.10148,0.17066,0.36145002,0.08582559605316735,1535915904.0,0.0158,4.0
CNMD,False,48.525135933626714,"graham_size,graham_current_ratio,graham_earnings_stability,graham_pe,graham_pe_times_pb,munger_roe",1360385664.0,24.55135,1.3078783,1.484,0.80109,0.05527,0.5459095789409365,0.07464916594167266,131359624.0,0.0172,3.0
NYT,False,48.48070612067615,"data_missing:debt_to_equity,graham_pe,graham_pe_times_pb",11323720704.0,29.254166,5.5392504,1.58,,0.19724001,0.50958997,0.15276797415004612,459932128.0,0.0131,4.0
MS,False,48.47749925,"data_missing:free_cash_flow,graham_debt_to_equity,graham_pe_times_pb",318165319680.0,16.36349,2.9878614,1.999,5.172820000000001,0.17969999,0.87641,0.41567,,0.0227,4.0
AN,False,48.46989917331156,"graham_current_ratio,graham_debt_to_equity,munger_gross_margin",5563802624.0,7.8020396,2.4678485,0.782,5.0158499999999995,0.32766998,0.17908973124778332,0.04487286203377317,356124992.0,,4.0
PCRX,False,48.46888985189136,"graham_size,graham_earnings_stability,graham_pe,graham_pe_times_pb,munger_roe",971500288.0,70.54286,1.4631978,5.042,0.61329,0.020480001,0.79206,0.02641892812746503,98341248.0,,1.0
TRGP,False,48.459399174760605,"graham_current_ratio,graham_debt_to_equity,graham_pe,graham_pe_times_pb,munger_gross_margin",62654603264.0,27.934034,20.003422,0.771,5.15794,0.70839995,0.2943801824451338,0.19562727929388135,65837500.0,0.0171,4.0
OKTA,False,48.44481290676798,"graham_earnings_stability,graham_pe,graham_pe_times_pb,munger_roe",31882092544.0,109.86144,4.572166,1.525,0.0076,0.043130003,0.7735525865022268,0.05104487838300788,1037625024.0,,2.0
DHI,False,48.35512401713633,"munger_roe,munger_gross_margin",38604369920.0,13.157293,1.6266737,6.011,0.29451,0.12632,0.21298,0.1299,2413900032.0,0.013000000000000001,4.0
DOC,False,48.348107142857145,"graham_debt_to_equity,graham_pe,graham_pe_times_pb,munger_roe",14412898304.0,58.085716,1.7867814,2.286,1.08653,0.03039,0.57648,0.1599,1645113088.0,0.06,4.0
SAFT,False,48.272133333333336,"graham_size,graham_current_ratio,graham_pe,graham_pe_times_pb,munger_roe,munger_gross_margin",1519576704.0,22.260216,1.7336906,0.385,0.06817999999999999,0.07842,0.07645,0.13685,160487248.0,0.0355,4.0
WSO,False,48.261745915250465,"graham_pe,graham_pe_times_pb,munger_gross_margin",12861195264.0,26.73842,4.017758,3.199,0.15411,0.16744,0.28047833420128215,0.09950520009558948,483663744.0,0.042300000000000004,4.0
MMS,False,48.25445645230644,munger_gross_margin,2928893184.0,8.275147,1.6827602,2.421,0.99546,0.21112,0.2455119202191161,0.09726793482783788,354073760.0,0.0236,4.0
MYRG,False,48.21265811116294,"data_missing:consecutive_positive_earnings_years,graham_current_ratio,graham_pe,graham_pe_times_pb,munger_gross_margin",4348179968.0,26.522318,5.7635794,1.398,0.08895,0.24714,0.11585534716881786,0.045619755000766836,177308880.0,,
KMT,False,48.10190208438315,munger_fcf,2274131200.0,6.7352943,1.445286,2.618,0.47334000000000004,0.23853001,0.4115741601172488,0.20050596215552438,-171881504.0,0.0269,4.0
DEA,False,48.0461825320256,"data_missing:consecutive_positive_earnings_years,graham_size,graham_current_ratio,graham_debt_to_equity,graham_pe,graham_pe_times_pb,munger_roe",1146735872.0,123.1579,0.840638,0.604,1.25876,0.0077100005,0.67524004,0.17425175820559718,127493128.0,0.07690000000000001,
VMI,False,48.016382419762834,graham_pe_times_pb,9214495744.0,18.555122,5.3063827,2.354,0.50676,0.29777,0.30212114611186563,0.10125869191360254,142812496.0,0.006500000000000001,4.0
XYL,False,47.996551660773854,"graham_pe,graham_pe_times_pb,munger_roe",25113841664.0,25.670643,2.2821982,1.613,0.28642,0.09182999,0.38461538461538464,0.13536247924737133,1183750016.0,0.016,4.0
GEHC,False,47.99001708602027,"graham_current_ratio,graham_pe_times_pb",29172207616.0,14.776497,2.6393118,1.264,0.93965,0.19376,0.3999030303030303,0.13396363636363637,1573124992.0,0.0022,4.0
L,False,47.939112920903995,"graham_current_ratio,munger_roe",22031173632.0,13.223313,1.1523985,0.507,0.44609000000000004,0.09313,0.36290002,0.14533,1262000000.0,0.0023,4.0
TYL,False,47.92482370772218,"graham_pe,graham_pe_times_pb,munger_roe",13821391872.0,44.466404,4.548272,1.554,0.47906,0.09731,0.46464066131010057,0.15335499969987224,594435648.0,,4.0
DHR,False,47.905938207863045,"graham_pe,graham_pe_times_pb,munger_roe",148899479552.0,37.75579,2.8314574,1.651,0.5297,0.07605,0.5911348095083034,0.19089873005535657,4325125120.0,0.0076,4.0
AMRX,False,47.888171049734076,"graham_debt_to_equity,graham_earnings_stability,graham_pe,graham_pe_times_pb,munger_fcf",6516618240.0,38.979164,181.65048,2.205,23.86528,6.1301703,0.36879645947342615,0.13054896712557473,-115327128.0,,1.0
HR,False,47.87514886377739,"data_missing:trailing_pe,graham_current_ratio,graham_debt_to_equity,graham_earnings_stability,munger_roe",6404731392.0,,1.4839495,0.342,1.03031,-0.019199999,0.61946,0.2013827586768514,493022368.0,0.0526,0.0
AXTA,False,47.83165555844871,"graham_debt_to_equity,graham_pe_times_pb,munger_roe",6891444224.0,19.754602,2.732287,1.533,1.19424,0.14344,0.34039003,0.1436388508891929,539500032.0,,4.0
GTM,False,47.74138226719259,"data_missing:trailing_pe,graham_size,graham_current_ratio,graham_debt_to_equity,munger_roe",1112040320.0,,1.3474426,0.651,1.83227,-0.45449,0.8402561024409764,0.18063225290116047,356462496.0,,4.0
UPBD,False,47.71685104917649,"graham_size,graham_debt_to_equity,graham_earnings_stability,munger_roe",998668736.0,11.123376,1.3616852,3.126,2.32932,0.12733,0.48385079554876925,0.04757062794285314,1568163200.0,0.0911,2.0
GILD,False,47.70905366716121,"data_missing:trailing_pe,graham_current_ratio,graham_debt_to_equity,munger_roe",186129678336.0,,15.748008,1.265,2.2346500000000002,-0.2068,0.79603994,0.34038650952688243,9768875008.0,0.0219,4.0
NSC,False,47.68897198551763,"graham_current_ratio,graham_debt_to_equity,graham_pe,graham_pe_times_pb",70562963456.0,26.80546,4.3415055,0.831,1.05519,0.16985,0.45159,0.35763546798029555,1382249984.0,0.0172,4.0
GS,False,47.6765,"data_missing:free_cash_flow,graham_debt_to_equity,graham_pe_times_pb",274283446272.0,14.555006,2.6018577,1.563,7.25381,0.16902,0.82075995,0.42176998,,0.0212,4.0
RPM,False,47.606712479727456,graham_pe_times_pb,12556241920.0,19.027079,3.7916281,1.678,0.89022,0.21371001,0.41435204672978254,0.15307,480144864.0,0.022000000000000002,4.0
VST,False,47.571371235305925,"graham_current_ratio,graham_debt_to_equity,graham_earnings_stability,graham_pe,graham_pe_times_pb",47213801472.0,23.681818,15.7225895,0.973,3.7327999999999997,0.42962003,0.38309,0.10745292592174992,37125000.0,0.006500000000000001,3.0
P,False,47.43560687313596,"graham_pe,graham_pe_times_pb,munger_fcf",34702286848.0,142.65753,23.797989,1.511,0.14622,0.17714001,0.7038120388998382,0.03134614287317256,-114351752.0,,4.0
RBC,False,47.40525217531325,"graham_pe,graham_pe_times_pb,munger_roe",15861598208.0,49.50692,4.568633,2.53,0.25364000000000003,0.09747,0.4437436527874285,0.22502538885028595,283237504.0,,4.0
TSCO,False,47.364083645474665,"graham_current_ratio,graham_debt_to_equity,graham_pe_times_pb",16782701568.0,16.776041,6.40995,1.334,2.4871,0.39513,0.3642418993089817,0.09452361839175173,103175000.0,0.0298,4.0
TWLO,False,47.35625341343188,"graham_earnings_stability,graham_pe,graham_pe_times_pb,munger_roe",37447778304.0,33.679558,4.171057,4.621,0.11868000000000001,0.13497,0.4891703932333706,0.03114173057416098,954675392.0,,1.0
ADAM,False,47.3285,"data_missing:free_cash_flow,graham_size,graham_current_ratio,graham_debt_to_equity,graham_earnings_stability",800828864.0,5.3035717,0.8592921,0.844,7.69104,0.16438,0.78673,0.51676,,0.13470000000000001,1.0
BLFS,False,47.26283378489384,"graham_size,graham_earnings_stability,graham_pe,graham_pe_times_pb,munger_roe",1794996992.0,36.69,4.2707486,9.694,0.037469999999999996,0.12829,0.63613,0.059580002,4664875.0,,0.0
SWK,False,47.179253657057664,"graham_current_ratio,graham_earnings_stability,graham_pe,graham_pe_times_pb,munger_roe,munger_gross_margin",13528071168.0,21.9022,1.5099874,1.432,0.58172,0.06886,0.2527880382831585,0.17066666666666666,1419049984.0,0.0375,2.0
CXT,False,47.13298433192531,"graham_current_ratio,graham_debt_to_equity,graham_pe_times_pb,munger_roe",2625371136.0,18.847107,2.0730877,1.415,1.141,0.11484,0.36414319248826293,0.14891048469849702,239787504.0,0.0158,4.0
VICI,False,47.126919845497916,munger_roe,26117558272.0,9.193798,0.8953308,11.236,0.60277,0.09849,0.99271005,0.26193277598904674,267028992.0,0.0776,4.0
IVT,False,47.10609774794135,"graham_pe,graham_pe_times_pb,munger_roe",2403295232.0,162.21053,1.3608867,1.849,0.62113,0.0085,0.72560996,0.2006123629119327,117164248.0,0.032400000000000005,4.0
SPHR,False,47.086416666666665,"data_missing:trailing_pe,graham_current_ratio,graham_earnings_stability,munger_roe",5214297088.0,,2.340453,1.224,0.40995,-0.03097,0.54707,-0.18816027277682382,442722880.0,,1.0
APOG,False,47.03702088065677,"graham_size,munger_roe,munger_gross_margin",767953216.0,11.53605,1.5138426,1.76,0.5625399999999999,0.13756,0.22742684908804733,0.060135271257954356,102537000.0,0.029300000000000003,4.0
HLIT,False,46.984976712126546,"graham_size,graham_earnings_stability,graham_pe,graham_pe_times_pb,munger_roe",1210637568.0,46.250004,3.3585477,3.047,0.36111,0.06546,0.4846986183960524,0.0390543737847516,71000248.0,,0.0
SMPL,False,46.968988269117915,"data_missing:trailing_pe,graham_size,munger_roe",895909440.0,,0.6317431,4.796,0.31623999999999997,-0.12197,0.36235423041932013,0.10812932484216911,107168376.0,,4.0
FIVE,False,46.94801265742144,"graham_pe,graham_pe_times_pb",12890351616.0,20.980288,5.2060037,2.222,0.8233199999999999,0.28250998,0.35610576054153226,0.09600858243878704,367360512.0,,4.0
CELH,False,46.9415179050116,"graham_earnings_stability,graham_pe,graham_pe_times_pb,munger_roe",7090041856.0,121.82609,5.9176345,1.798,0.22802,0.05113,0.5038558500104761,0.05608227191604556,349633984.0,,3.0
LEG,False,46.93721504761905,"graham_size,graham_debt_to_equity,graham_earnings_stability,munger_gross_margin",1256618752.0,5.897436,1.1617628,2.35,1.5219900000000002,0.22642,0.19089001,0.08383001,241450000.0,0.00021700000000000002,1.0
SON,False,46.9223119153266,"graham_current_ratio,graham_debt_to_equity,munger_gross_margin",4828746752.0,7.5486865,1.3484262,0.995,1.32433,0.18855,0.20939815418860017,0.13535954698870942,527077760.0,0.044199999999999996,4.0
M,False,46.89107944536571,graham_debt_to_equity,5730215424.0,8.036631,1.1628153,1.59,1.03267,0.15993,0.38834756806608123,0.04553291189602582,605000000.0,0.0349,4.0
BL,False,46.83595483104712,"graham_size,graham_debt_to_equity,graham_earnings_stability,graham_pe,graham_pe_times_pb,munger_roe",1635645056.0,50.25,5.1957164,1.721,2.0288,0.070300005,0.7524581433896752,0.036480603974432736,138621248.0,,3.0
LXP,False,46.81843557948869,"graham_current_ratio,graham_pe,graham_pe_times_pb,munger_roe",3585191424.0,61.424244,1.9337298,1.026,0.69889,0.03497,0.81463,0.16078,183396368.0,0.046,4.0
RGA,False,46.80126428571428,"graham_current_ratio,munger_roe,munger_gross_margin",16043312128.0,10.8229065,1.1713829,1.166,0.41418,0.11687,0.1407,0.10637,9836499968.0,0.016,4.0
POOL,False,46.77305839057313,"graham_debt_to_equity,graham_pe_times_pb,munger_gross_margin",6103792128.0,15.4375,4.844255,2.671,1.34537,0.31254998,0.2972849830112928,0.1096919194554539,212930256.0,0.031,4.0
KEX,False,46.73912045907141,"graham_pe,graham_pe_times_pb,munger_roe",7304880128.0,21.219326,2.1341417,1.684,0.35618,0.10414,0.33196998,0.14752575021179828,347219136.0,,4.0
PBI,False,46.69835333183498,"data_missing:debt_to_equity,data_missing:return_on_equity,graham_current_ratio,graham_earnings_stability,graham_pe_times_pb",2309970176.0,13.699187,-2.6750278,0.734,,,0.5221948856693349,0.21681,233828128.0,0.023700000000000002,1.0
CALX,False,46.6533240149132,"graham_earnings_stability,graham_pe,graham_pe_times_pb,munger_roe",2218851072.0,46.368423,3.1249447,2.83,0.01969,0.06905,0.568310316896831,0.02098979010209898,61477124.0,,1.0
FELE,False,46.626266125647554,"graham_pe,graham_pe_times_pb,munger_roe",4222637056.0,27.445402,3.0002513,2.406,0.21844999999999998,0.11767,0.35468621700879766,0.12620668621700878,149414368.0,0.011699999999999999,4.0
SAIC,False,46.624130440912246,"graham_current_ratio,graham_debt_to_equity,graham_pe_times_pb,munger_gross_margin",5580346368.0,15.523311,3.9326208,1.204,1.8837000000000002,0.25737,0.1274,0.07174332139906361,505375008.0,0.0111,4.0
VRSK,False,46.48208548469855,"data_missing:debt_to_equity,data_missing:return_on_equity,graham_current_ratio,graham_pe,graham_pe_times_pb",22982541312.0,26.9447,-19.680243,1.005,,,0.70179003,0.43736778728805287,1055550016.0,0.011399999999999999,4.0
XOM,False,46.45371779469011,"graham_current_ratio,graham_pe,graham_pe_times_pb,munger_roe,munger_gross_margin",672462077952.0,21.047619,2.5925806,1.135,0.15921,0.12584,0.29767,0.15859,20671000576.0,0.0252,4.0
ATO,False,46.41102638740483,"graham_current_ratio,graham_pe_times_pb,munger_roe,munger_fcf",27088867328.0,19.128878,1.7753512,0.814,0.6766200000000001,0.09792,0.7108538576610577,0.33171428237277933,-2220956928.0,0.025,4.0
CNO,False,46.38586551681852,"graham_debt_to_equity,graham_pe_times_pb,munger_roe",5108104704.0,19.03793,1.9747478,2.27,1.75664,0.10934,0.38706002,0.12327851317020992,996099968.0,0.013000000000000001,4.0
CENX,False,46.36915818164522,"graham_earnings_stability,munger_gross_margin,munger_fcf",3861728256.0,6.7374783,2.7522223,2.751,0.31281,0.51749,0.10142806281894062,0.06254203093476798,-46287500.0,,2.0
VC,False,46.35457647677181,"munger_roe,munger_gross_margin",2525521152.0,18.229286,1.6234535,1.775,0.25696,0.09538999,0.14118895966029724,0.07813,203124992.0,0.0159,4.0
XPEL,False,46.24149506308374,"graham_size,graham_pe,graham_pe_times_pb,munger_fcf",1233790976.0,22.60101,4.2892747,2.61,0.19949000000000003,0.19365999,0.42213145737085256,0.1315602687946241,-15348625.0,,4.0
SF,False,46.20552735452729,"data_missing:free_cash_flow,graham_current_ratio",11444420608.0,13.55814,2.1562493,0.895,0.52002,0.16427,0.95567,0.15599680493897022,,0.0179,4.0
SKY,False,46.20446109467858,"graham_pe,graham_pe_times_pb,munger_roe,munger_gross_margin",4591556608.0,24.733917,2.9189095,2.738,0.07833,0.12645,0.26441984067660823,0.09451918972503406,184228752.0,,4.0
FCN,False,46.1662205289212,graham_pe_times_pb,3898202112.0,17.092009,2.8720806,2.028,0.9501999999999999,0.15634,0.32133041706245447,0.1026898085623184,289741120.0,,4.0
EHC,False,46.13219599216999,"graham_current_ratio,graham_pe,graham_pe_times_pb",12011049984.0,20.325542,4.6305103,1.192,0.82121,0.24968,0.43865,0.12406291680080946,229924992.0,0.0069,4.0
IQV,False,46.091895781640154,"graham_current_ratio,graham_debt_to_equity,graham_pe,graham_pe_times_pb",43852734464.0,33.095654,7.106239,0.706,2.57975,0.22818,0.32968,0.1337829552421827,2149750016.0,,4.0
ROKU,False,46.09071565243734,"graham_earnings_stability,graham_pe,graham_pe_times_pb,munger_roe",22803091456.0,64.827,8.074841,2.866,0.16792,0.13122,0.43789615538632004,-0.0011871864083199306,836552128.0,,1.0
CNM,False,45.865772437168275,"graham_debt_to_equity,graham_pe_times_pb,munger_gross_margin",7859138048.0,17.534979,3.8694153,2.468,1.3065600000000002,0.23561001,0.2692559173532104,0.09441611089316072,477000000.0,,4.0
NHC,False,45.85949092664727,"graham_pe,graham_pe_times_pb,munger_roe",3478552576.0,24.928171,3.0994976,1.862,0.027839999999999997,0.13267,0.39488,0.08456555985349665,63169624.0,0.0121,4.0
ELAN,False,45.84499746854889,"data_missing:trailing_pe,graham_earnings_stability,munger_roe",11201521664.0,,1.7000303,2.05,0.64253,-0.029779999,0.5499469777306468,0.086260006,826875008.0,,0.0
KAI,False,45.82666165478015,"graham_pe,graham_pe_times_pb,munger_roe",3136029184.0,28.585575,3.065663,2.591,0.49396,0.11291,0.44798002,0.14947806980863826,105733624.0,0.0054,4.0
IR,False,45.79801063586761,"graham_pe,graham_pe_times_pb,munger_roe",27869999104.0,29.681818,2.738363,1.616,0.47903,0.0947,0.4360663451358664,0.14960331464272178,1107425024.0,0.0011,4.0
TPC,False,45.76646683966486,"graham_current_ratio,graham_earnings_stability,graham_pe,graham_pe_times_pb,munger_roe,munger_gross_margin",4468375040.0,36.63793,3.6836402,1.285,0.34819,0.13736,0.11681588384999636,0.041847261042182816,573201344.0,0.0042,1.0
SXI,False,45.719224717289784,"graham_pe,graham_pe_times_pb",3208041472.0,30.128027,4.168821,2.404,0.74985,0.17218,0.3563978925951351,0.10012323521384205,165311008.0,0.0052,4.0
CRK,False,45.679062428842116,"graham_current_ratio,graham_debt_to_equity,graham_earnings_stability,munger_fcf",3770087936.0,7.2134833,1.4617486,0.476,1.0020099999999998,0.19018,0.56847,0.2908864566729827,-868676608.0,,1.0
CBT,False,45.606800554770615,"graham_current_ratio,graham_pe,graham_pe_times_pb,munger_roe,munger_gross_margin",3997562624.0,21.691877,2.4911537,1.467,0.74394,0.13345,0.25316455696202533,0.1672502019929976,258250000.0,0.023799999999999998,4.0
FBIN,False,45.584413671685056,"graham_debt_to_equity,graham_pe,graham_pe_times_pb,munger_roe",4703236608.0,31.774195,2.0374393,2.014,1.21292,0.06406,0.5976859138983238,0.11563452231582722,299150016.0,0.0264,4.0
BKR,False,45.57243992871148,"graham_earnings_stability,graham_pe_times_pb,munger_gross_margin",56830590976.0,18.408361,2.8536537,2.095,0.80925,0.16463,0.18592163772128534,0.11071184735348018,4415000064.0,0.0161,3.0
KBR,False,45.56116302489997,"graham_current_ratio,graham_debt_to_equity,graham_earnings_stability,munger_gross_margin",4480448000.0,10.70482,2.7386916,1.148,1.7040199999999999,0.27531,0.14770100179809914,0.09992293860775751,281500000.0,0.018600000000000002,2.0
MSM,False,45.53355837752838,"graham_pe,graham_pe_times_pb",6824975872.0,29.519325,4.8081994,1.548,0.39130000000000004,0.16322,0.40751464178074615,0.080000350177118,195171120.0,0.0285,4.0
HAL,False,45.51687665864792,"graham_pe_times_pb,munger_roe,munger_gross_margin",28102780928.0,17.612566,2.5482917,2.018,0.7418600000000001,0.14917,0.15076,0.16741779335670173,2052249984.0,0.0202,4.0
SCSC,False,45.513553353367485,"graham_size,munger_roe,munger_gross_margin",1145723136.0,15.626373,1.2591314,1.755,0.12176000000000001,0.08681,0.135569310199246,0.030571948090272288,95035624.0,,4.0
GWRE,False,45.498819863811434,"graham_earnings_stability,graham_pe,graham_pe_times_pb,munger_roe",11830722560.0,88.52147,9.911388,1.786,0.59897,0.10508,0.6421253616906484,0.10158449140991065,343031744.0,,2.0
FG,False,45.47653266666667,"graham_current_ratio,graham_earnings_stability,munger_roe",3024603392.0,7.5986843,0.65626866,0.941,0.48807,0.09167,0.32766998,-0.0373,2268624896.0,0.0433,2.0
TR,False,45.453034224566316,"graham_pe,graham_pe_times_pb,munger_roe",2826130688.0,29.606298,2.9596975,2.893,0.013959999999999998,0.1034,0.352810283349078,0.1377961677706123,59253124.0,0.0096,4.0
AWR,False,45.425843895235104,"graham_current_ratio,graham_pe,graham_pe_times_pb,munger_roe,munger_fcf",3391620352.0,23.379782,3.0242093,0.98,0.8181100000000001,0.1367,0.5762,0.3088943019999301,-25544000.0,0.0255,4.0
FIVN,False,45.37191131752791,"graham_debt_to_equity,graham_earnings_stability,graham_pe,graham_pe_times_pb,munger_roe",2426273024.0,47.75,3.0914977,4.149,1.07449,0.079169996,0.5507445904926341,0.02510686735915787,260481504.0,,1.0
OLLI,False,45.35938190562086,"graham_pe_times_pb,munger_roe",4505078272.0,16.966442,2.3824332,2.228,0.38281,0.14862001,0.40500710026204156,0.11236042002145555,119643128.0,,4.0
RVTY,False,45.27489768607887,"graham_pe,graham_pe_times_pb,munger_roe",16007068672.0,68.96635,2.2143157,1.8,0.46225,0.03211,0.6008263729149694,0.12486996905867577,604992128.0,0.002,4.0
GHC,False,45.22299378934009,"munger_roe,munger_gross_margin",4842343936.0,9.242079,1.0169617,1.86,0.30218,0.118710004,0.29947,0.0478354853638241,267685120.0,0.0066,4.0
AMD,False,45.18737472257233,"graham_pe,graham_pe_times_pb,munger_roe",913892179968.0,142.81122,13.590833,2.609,0.06361,0.10196,0.4951644100580271,0.10664280146655504,8841499648.0,,4.0
ARES,False,45.12621310194622,"graham_current_ratio,graham_debt_to_equity,graham_pe,graham_pe_times_pb,munger_roe",41073860608.0,56.78899,11.17026,0.544,1.7237799999999999,0.14941,0.37407002,0.19381,2159716096.0,0.0436,4.0
CORT,False,45.113652682821304,"graham_pe,graham_pe_times_pb,munger_roe",11922172928.0,245.0889,16.863914,2.859,0.013349999999999999,0.08226,0.98305,0.058834499814159835,77395128.0,,4.0
TALO,False,45.0859,"data_missing:trailing_pe,graham_earnings_stability,munger_roe",2840082688.0,,1.514558,1.613,0.66094,-0.17822,0.71367997,-0.31475166706927254,550837376.0,,0.0
VCEL,False,45.08196513907102,"graham_earnings_stability,graham_pe,graham_pe_times_pb,munger_roe",2049288832.0,83.375,5.5345044,5.039,0.25168,0.07157,0.7442255274941268,0.03997697812559953,55544876.0,,2.0
LCII,False,45.07959357158332,munger_gross_margin,2081065088.0,9.918887,1.4535328,2.486,0.80054,0.15,0.23781925207974638,0.06790898727491905,264589248.0,0.0537,4.0
VAC,False,45.05501724294507,"data_missing:trailing_pe,graham_debt_to_equity,graham_earnings_stability,munger_roe",3543405824.0,,1.775717,4.549,2.68546,-0.1471,0.53148,0.18478,275249984.0,0.0311,0.0
TOL,False,45.044408983187616,"data_missing:consecutive_positive_earnings_years,munger_roe,munger_gross_margin",12261080064.0,10.721998,1.4407293,4.502,0.34101,0.14393,0.24826999,0.11006406320477295,557737472.0,0.0078000000000000005,
SBAC,False,44.923538676868105,"data_missing:debt_to_equity,data_missing:return_on_equity,graham_current_ratio,graham_pe_times_pb",18946275328.0,19.265371,-4.092159,0.165,,,0.7545513738397998,0.47698745958902916,752056384.0,0.027999999999999997,4.0
KHC,False,44.91592142857143,"data_missing:trailing_pe,graham_current_ratio,graham_earnings_stability,munger_roe",28969674752.0,,0.8047037,1.061,0.52591,-0.0876,0.33498,0.1549,3250500096.0,0.0655,0.0
MHK,False,44.89704414139224,"graham_earnings_stability,munger_roe,munger_gross_margin",8541102080.0,16.70066,0.8931847,1.916,0.27604,0.055120002,0.23872086338939677,0.04541324382962152,966899968.0,,2.0
TTEK,False,44.89224318220305,"graham_current_ratio,graham_pe,graham_pe_times_pb,munger_gross_margin",9136946176.0,21.496988,4.9336376,1.184,0.55247,0.24297,0.1766335513055365,0.07504129467771778,396642240.0,0.008100000000000001,4.0
ASO,True,44.883926065758686,,2973644800.0,8.102349,1.3750001,1.743,0.90381,0.18613,0.34783892197031296,0.0846107667507955,169622880.0,0.0124,4.0
ACLS,False,44.86102107956248,"graham_pe,graham_pe_times_pb,munger_roe",3375964160.0,36.684563,3.1674104,4.896,0.0655,0.088870004,0.4491375940351446,0.14220282987385705,42032248.0,,4.0
FOX,False,44.82751955459636,"graham_pe_times_pb,munger_roe",24347437056.0,15.036459,2.0834987,3.169,0.6406000000000001,0.14291,0.36629,0.25214002,555374976.0,0.01,4.0
TKO,False,44.7659273823243,"graham_current_ratio,graham_pe,graham_pe_times_pb,munger_roe",35821182976.0,66.17483,4.1423535,1.278,0.59216,0.07063,0.59455,0.17634390117654114,856147520.0,0.0167,4.0
PPLI,False,44.73710964818601,"graham_earnings_stability,munger_roe",2694849536.0,6.1235194,0.53016317,3.691,0.27577,0.09043,0.66347003,-0.0407055188704277,76441128.0,,0.0
CERT,False,44.645758776989595,"data_missing:trailing_pe,graham_size,graham_earnings_stability,munger_roe",1284376576.0,,1.3284948,2.551,0.31241,-0.022090001,0.61608005,0.050176918044685534,62582376.0,,0.0
HLI,False,44.621663458861605,"data_missing:free_cash_flow,graham_pe,graham_pe_times_pb",9123682304.0,21.941177,4.0468073,1.664,0.20846,0.17794001,0.3232220760219233,0.20134318185638597,,0.021400000000000002,4.0
SGI,False,44.559084395536054,"graham_current_ratio,graham_debt_to_equity,graham_pe,graham_pe_times_pb",13328757760.0,25.043478,4.126075,0.748,1.98088,0.17516,0.42576071691299405,0.1009697050759045,687912512.0,0.010700000000000001,4.0
MMSI,False,44.554223428040366,"graham_pe,graham_pe_times_pb,munger_roe",5097478656.0,35.131687,3.034515,4.198,0.48822000000000004,0.0919,0.4870156856691642,0.12185452132256222,173902128.0,,4.0
NVT,False,44.46351646256668,"graham_pe,graham_pe_times_pb",25554130944.0,43.855556,6.4095488,1.8,0.40957,0.15748,0.37735994451722277,0.15843415273175618,452550016.0,0.0053,4.0
EXP,False,44.45837188573884,"graham_debt_to_equity,graham_pe_times_pb,munger_gross_margin",5424011264.0,13.922835,3.6631448,3.231,1.20746,0.2703,0.2826503535820377,0.317311978017941,25278250.0,0.005699999999999999,4.0
FICO,False,44.439074597406304,"data_missing:debt_to_equity,data_missing:return_on_equity,graham_current_ratio,graham_pe,graham_pe_times_pb",20510842880.0,27.471218,-5.005983,1.183,,,0.851,0.46454588423447246,774413504.0,,4.0
CENT,False,44.43211547704023,munger_roe,2506833664.0,14.833333,1.4349182,3.787,0.8063400000000001,0.099709995,0.3187293470966093,0.07990859991690902,342347872.0,,4.0
CENTA,False,44.43211547704023,munger_roe,2163826176.0,12.803703,1.2385798,3.787,0.8063400000000001,0.099709995,0.3187293470966093,0.07990859991690902,342347872.0,,4.0
SWKS,False,44.40753567510487,"graham_pe,graham_pe_times_pb,munger_roe",13350034432.0,45.98964,2.327948,3.101,0.11869,0.05094,0.41158335168465093,0.12234211749736965,448812512.0,0.041299999999999996,4.0
MUSA,False,44.33155480912222,"graham_current_ratio,graham_debt_to_equity,graham_pe_times_pb,munger_gross_margin",9669718016.0,16.103155,12.354172,0.925,3.5293200000000002,0.86394,0.08061,0.03836614118368371,386800000.0,0.0049,4.0
URBN,True,44.3156412239764,,6425370624.0,11.738655,2.4595864,1.581,0.42512,0.20942,0.3597109081425042,0.09823147850187888,97297000.0,,4.0
JBL,False,44.308763318623164,"graham_current_ratio,graham_debt_to_equity,graham_pe,graham_pe_times_pb,munger_gross_margin",31391068160.0,37.44625,23.735838,0.981,2.9713600000000002,0.65876,0.08878598751761627,0.039661767666599554,1211624960.0,0.0011,4.0
DLR,False,44.30477278407906,"graham_current_ratio,graham_pe,graham_pe_times_pb,munger_roe",68780113920.0,88.40777,2.523556,0.89,0.67944,0.02912,0.56994,0.10772536879005191,3768482048.0,0.0268,4.0
TRN,False,44.262799502738716,"graham_debt_to_equity,munger_gross_margin,munger_fcf",2230745600.0,6.6193852,1.9521717,2.168,4.68386,0.30156,0.26239002,0.30098752839723675,-335049984.0,0.0443,4.0
FOXA,False,44.2338125496623,"graham_pe_times_pb,munger_roe",27176863744.0,16.783854,2.3256233,3.169,0.6406000000000001,0.14291,0.36629,0.25214002,555374976.0,0.009000000000000001,4.0
HUBB,False,44.217662095443394,"graham_debt_to_equity,graham_pe,graham_pe_times_pb",23616047104.0,26.460629,6.035952,1.609,1.41642,0.24444,0.35316360401053964,0.20682339253327858,495812512.0,0.0127,4.0
EFC,False,44.185249999999996,"data_missing:free_cash_flow,graham_size,graham_debt_to_equity,graham_earnings_stability,munger_roe",1633665664.0,7.7749996,0.90948963,7.625,9.287799999999999,0.12247,1.0,0.55869997,,0.12539999999999998,3.0
VNO,False,44.1221913566968,"graham_debt_to_equity,graham_earnings_stability,graham_pe,graham_pe_times_pb,munger_roe",7147241472.0,1163.3334,1.3575541,5.343,1.2231699999999999,0.00603,0.49595,0.2694253415414194,445744128.0,0.0212,3.0
JXN,False,44.107350037500005,"data_invalid_outlier:operating_margin,graham_pe,graham_pe_times_pb,munger_roe",8985572352.0,144.20651,0.9593954,1.806,0.54611,0.0137600005,0.48801,-8.101191,1227750016.0,0.0271,4.0
GD,False,44.06129925105511,"graham_current_ratio,graham_pe,graham_pe_times_pb,munger_gross_margin",95520210944.0,21.501217,3.5553875,1.441,0.35335,0.17803,0.15375,0.10192197906755471,4400124928.0,0.018000000000000002,4.0
RBA,False,44.046175142700086,"graham_current_ratio,graham_pe,graham_pe_times_pb,munger_roe",15500158976.0,35.86207,2.7659574,1.312,0.77606,0.08066,0.5472703103714923,0.15540113708149084,603587520.0,0.0159,4.0
LKQ,False,44.00621202528334,munger_roe,5894948352.0,12.944445,0.9158085,1.578,0.8210500000000001,0.07131,0.3856860303274485,0.0727419236685957,724124992.0,0.051500000000000004,4.0
CRGY,False,43.882677723851025,"graham_current_ratio,graham_debt_to_equity,graham_earnings_stability,graham_pe,graham_pe_times_pb,munger_roe",4592611328.0,173.75,0.8912542,0.945,1.00234,0.01517,0.62158,0.06404831355652384,601587648.0,0.0345,1.0
ZBRA,False,43.84044019629477,"graham_current_ratio,graham_pe,graham_pe_times_pb",16511163392.0,31.742674,4.782093,0.516,0.8623000000000001,0.15286,0.48054114158636024,0.12972572275759822,576750016.0,,4.0
OSIS,False,43.789410611764936,"graham_debt_to_equity,graham_pe,graham_pe_times_pb",3151886592.0,22.090504,3.7782834,3.153,1.26037,0.17344,0.35954928274117176,0.05132536358678988,209244624.0,,4.0
SMP,False,43.78090734543426,"graham_size,munger_roe",818620800.0,9.356234,1.1443777,2.003,0.9527899999999999,0.12528,0.3123163897322291,0.07621159049062115,130171000.0,0.0359,4.0
LNN,False,43.71706368221538,"graham_size,graham_pe,graham_pe_times_pb,munger_roe",1170743680.0,22.055555,2.3457618,2.935,0.27616,0.10741,0.31163508622525016,0.13029001963428194,41360124.0,0.0132,4.0
Q,False,43.69822668111365,"graham_pe,graham_pe_times_pb,munger_roe",25131171840.0,42.875,3.462049,2.008,0.59992,0.06722,0.46219003,0.22323,772249984.0,0.0027,4.0
LAZ,False,43.65485829857098,"data_missing:free_cash_flow,graham_debt_to_equity,graham_earnings_stability,graham_pe_times_pb",3519147264.0,17.610838,3.8104882,5.305,2.25799,0.25665,0.89509004,0.10280919363332293,,0.0559,2.0
CZR,False,43.49633003324959,"data_missing:trailing_pe,graham_current_ratio,graham_debt_to_equity,graham_earnings_stability,munger_roe",6039960576.0,,1.7915859,0.851,7.2987,-0.103769995,0.49691,0.16176214522026816,762499968.0,,0.0
COST,False,43.466465526063324,"graham_current_ratio,graham_pe,graham_pe_times_pb,munger_gross_margin",397051002880.0,45.035717,11.850092,1.072,0.24567,0.29152,0.12876001,0.03772412665540356,6954375168.0,0.0066,4.0
UFPT,False,43.42263851458063,"graham_pe,graham_pe_times_pb,munger_gross_margin",2143182592.0,29.912434,4.634673,3.0,0.29483,0.17052001,0.28269881900540317,0.15318258053706305,34872376.0,,4.0
REYN,False,43.41722404025109,munger_gross_margin,4662174720.0,13.570553,2.0186167,1.795,0.7134199999999999,0.15433,0.24563289438323033,0.14619,244124992.0,0.0416,4.0
PAYO,False,43.39094120406795,"graham_current_ratio,graham_earnings_stability,graham_pe,graham_pe_times_pb,munger_roe,munger_fcf",2416006656.0,50.928574,3.6962156,1.003,0.13183999999999998,0.07058,0.85370004,0.11841762809491876,-69092496.0,,3.0
MATX,False,43.38906051393636,"graham_current_ratio,graham_pe_times_pb,munger_gross_margin",6965113344.0,15.727211,2.511673,0.888,0.25834,0.17206,0.23023,0.14943937808342053,147124992.0,0.006500000000000001,4.0
ECL,False,43.38094195048368,"graham_debt_to_equity,graham_pe,graham_pe_times_pb",75537342464.0,36.21774,7.512127,1.841,1.38023,0.21956,0.44210997,0.1702360520359177,1474824960.0,0.0108,4.0
SABR,False,43.37891174885282,"data_missing:trailing_pe,data_missing:debt_to_equity,data_missing:return_on_equity,graham_size,graham_current_ratio,graham_earnings_stability",912098048.0,,-0.85218704,1.025,,,0.56426,0.10663905191767686,100824752.0,,1.0
TGT,False,43.35558022103422,"graham_current_ratio,graham_debt_to_equity,graham_pe_times_pb,munger_gross_margin",71864369152.0,16.426792,4.027548,0.988,1.07583,0.26408002,0.2854195890750062,0.048835655659477,3432999936.0,0.029300000000000003,4.0
EQIX,False,43.3375856091355,"graham_current_ratio,graham_debt_to_equity,graham_pe,graham_pe_times_pb,munger_roe",100777345024.0,65.80799,7.007142,1.131,1.6221700000000001,0.10735,0.51979,0.2004990777910383,3776000000.0,0.0202,4.0
CCI,False,43.334332680090945,"data_missing:debt_to_equity,data_missing:return_on_equity,graham_current_ratio,graham_earnings_stability,graham_pe,graham_pe_times_pb",31083771904.0,29.820406,-9.517978,0.522,,,0.73732,0.4866322701688555,1036249984.0,0.0582,1.0
WWD,False,43.31544842066851,"graham_pe,graham_pe_times_pb,munger_gross_margin",18997401600.0,35.82851,7.592147,1.645,0.5594100000000001,0.22339001,0.29626,0.17764,187228624.0,0.004,4.0
DG,False,43.2892035918153,"graham_current_ratio,graham_debt_to_equity,graham_pe_times_pb",27005702144.0,15.897404,2.907394,1.209,1.69811,0.19692,0.30660930299520633,0.05157871377807827,1738019712.0,0.019299999999999998,4.0
SJM,False,43.26915585714286,"graham_current_ratio,graham_debt_to_equity,graham_earnings_stability,graham_pe,graham_pe_times_pb,munger_roe",13133910016.0,57.453266,2.3655603,0.87,1.20682,0.03931,0.37951002,0.17898001,1464337536.0,0.0364,0.0
PM,False,43.260925916740696,"data_missing:debt_to_equity,data_missing:return_on_equity,graham_current_ratio,graham_pe,graham_pe_times_pb",293985648640.0,25.90934,-34.250954,0.98,,,0.6711769336744735,0.36636488880141704,9714374656.0,0.031200000000000002,4.0
JBHT,False,43.23031758797241,"graham_current_ratio,graham_pe,graham_pe_times_pb,munger_gross_margin",21996075008.0,33.368946,6.0155106,1.255,0.38372999999999996,0.18448,0.18505,0.08676307116088199,903028352.0,0.0077,4.0
SUPN,False,43.065716326521745,"data_missing:trailing_pe,graham_earnings_stability,munger_roe",2445414144.0,,2.3688664,2.083,0.03895,-0.104899995,0.72890997,-0.08663026182554608,84611000.0,,0.0
CMI,False,43.04060852514786,"graham_pe,graham_pe_times_pb,munger_gross_margin",73441918976.0,27.168451,5.703218,1.727,0.59586,0.21114,0.25292545292545293,0.11954261954261955,2229374976.0,0.0165,4.0
MCD,False,43.03971924734149,"data_missing:debt_to_equity,data_missing:return_on_equity,graham_current_ratio,graham_pe,graham_pe_times_pb",175664939008.0,20.165718,-171.67358,1.081,,,0.57382,0.4609633624697787,6262374912.0,0.0311,4.0
AKAM,False,43.03811472227884,"graham_debt_to_equity,graham_pe,graham_pe_times_pb,munger_roe",15021259776.0,37.869564,3.1605685,1.637,1.96672,0.08918,0.57452,0.12556512275688814,710060096.0,,4.0
WINA,False,43.036605514859616,"data_missing:debt_to_equity,data_missing:return_on_equity,graham_size,graham_pe,graham_pe_times_pb",1025133184.0,25.896551,-27.210146,3.75,,,0.96664,0.6344019048128131,32954364.0,0.0143,4.0
IVZ,False,43.031600000000005,"data_missing:trailing_pe,graham_current_ratio,graham_earnings_stability,munger_roe,munger_gross_margin",13478988800.0,,1.3531003,0.708,0.12055999999999999,-0.0057300003,0.2952,-0.1090934750905584,1140787456.0,0.0282,0.0
MBGL,False,42.92645,"data_missing:return_on_equity,data_missing:free_cash_flow,graham_earnings_stability,graham_pe",5751053824.0,46.404762,0.5842501,1.879,0.20417000000000002,,0.70948,0.25641,,0.0123,3.0
TNL,False,42.76438953825748,"data_missing:debt_to_equity,data_missing:return_on_equity,graham_pe_times_pb",3869963776.0,17.067568,-3.797811,3.202,,,0.50611,0.13752797811489678,556374976.0,0.038,4.0
R,False,42.75632142857143,"graham_current_ratio,graham_debt_to_equity,graham_pe_times_pb,munger_gross_margin",9147261952.0,19.37774,3.1772287,0.646,2.9360899999999996,0.16697,0.1983,0.08455,949249984.0,0.0169,4.0
SMTC,False,42.69363061400237,"graham_earnings_stability,graham_pe,graham_pe_times_pb",17265240064.0,121.710526,30.051981,1.698,0.7010500000000001,0.23663999,0.516339912855068,0.031015024167242077,132654752.0,,0.0
PLNT,False,42.68214036436879,"data_missing:debt_to_equity,data_missing:return_on_equity,graham_pe_times_pb",3753778176.0,16.833334,-6.0738835,1.584,,,0.58525,0.2980619932575309,156152992.0,,4.0
RSG,False,42.66948184950221,"graham_current_ratio,graham_debt_to_equity,graham_pe,graham_pe_times_pb",66775867392.0,30.844414,5.546033,0.644,1.18798,0.18152,0.43035,0.17354286014610817,1942625024.0,0.0123,4.0
BA,False,42.632966687620325,"graham_current_ratio,graham_debt_to_equity,graham_earnings_stability,graham_pe,graham_pe_times_pb,munger_gross_margin",156536881152.0,71.552345,25.686884,1.138,7.90875,1.73537,0.04794160714485318,0.0478521847020556,5625375232.0,,1.0
VRSN,False,42.59831454533388,"data_missing:debt_to_equity,data_missing:return_on_equity,graham_current_ratio,graham_pe,graham_pe_times_pb",27402047488.0,32.912052,-12.156406,0.591,,,0.88465,0.6766871906314137,832837504.0,0.010700000000000001,4.0
AWK,False,42.571250000000006,"graham_current_ratio,graham_debt_to_equity,graham_pe,graham_pe_times_pb,munger_roe,munger_fcf",27007268864.0,23.51211,2.3152406,0.523,1.37745,0.10095,0.61469,0.3669205233352861,-1785374976.0,0.0263,4.0
BFAM,False,42.523814211148924,"graham_current_ratio,graham_debt_to_equity,graham_pe,graham_pe_times_pb,munger_roe,munger_gross_margin",3193880320.0,20.847618,3.427453,0.479,2.17779,0.14942999,0.23765521421240132,0.1072621520196809,240151376.0,,4.0
DIS,False,42.44866076524516,"graham_current_ratio,graham_pe,graham_pe_times_pb,munger_roe",177278943232.0,21.169073,1.6142573,0.709,0.39404000000000006,0.0801,0.37595,0.18587238549113053,4860375040.0,0.0146,4.0
MSCI,False,42.430936849166855,"data_missing:debt_to_equity,data_missing:return_on_equity,graham_current_ratio,graham_pe,graham_pe_times_pb",40193650688.0,30.211477,-14.944856,0.894,,,0.82975,0.5466866850068863,1194705920.0,0.0148,4.0
MMI,False,42.409846621008974,"graham_size,graham_earnings_stability,graham_pe,graham_pe_times_pb,munger_roe",1142946944.0,81.567566,1.973581,2.915,0.12808999999999998,0.0242,0.37724,-0.01815651335618071,68309504.0,0.0166,0.0
FDXF,False,42.3906985570806,"data_missing:debt_to_equity,graham_pe,graham_pe_times_pb,munger_gross_margin,munger_fcf",17961613312.0,27.426939,-36.140194,1.517,,0.69093,0.29278,0.061398521887436046,-511124992.0,,4.0
FDX,False,42.39025904278084,"graham_current_ratio,graham_debt_to_equity,graham_pe_times_pb,munger_roe,munger_gross_margin",71864975360.0,16.369272,2.3027687,1.475,1.35697,0.14846,0.27318,0.05767525337837838,5656625152.0,0.0161,4.0
CVNA,False,42.31282275125464,"graham_debt_to_equity,graham_earnings_stability,graham_pe,graham_pe_times_pb,munger_gross_margin",72172077056.0,34.449738,11.622634,3.926,1.1088,0.58773,0.20627890955614606,0.09255978742249779,424375008.0,,3.0
CRH,False,42.295304511212315,graham_pe_times_pb,57314258944.0,15.220849,2.3868232,1.579,0.7759199999999999,0.15812,0.36125724357091354,0.14527198440462522,2019124992.0,0.0181,4.0
GOLF,False,42.25864045854708,"graham_debt_to_equity,graham_pe,graham_pe_times_pb",4704526336.0,21.888588,5.0871544,2.55,1.17199,0.25239,0.4772891239013104,0.11702211644057794,45248500.0,0.0127,4.0
CSGP,False,42.24309013886447,"graham_pe,graham_pe_times_pb,munger_roe",11787198464.0,161.6111,1.4845624,2.214,0.14537,0.00894,0.7887280566676933,-0.02217431475207884,412700000.0,,4.0
PVH,False,42.2428456763935,"data_missing:trailing_pe,munger_roe",3384209920.0,,0.70615757,1.648,0.86909,-0.03499,0.5752497150901655,0.02576478737905298,529800000.0,0.002,4.0
FCFS,False,42.23903681802708,"graham_debt_to_equity,graham_pe,graham_pe_times_pb",9497991168.0,24.941916,4.1009364,4.887,1.16419,0.17398001,0.5027548160455914,0.15508,219812256.0,0.0077,4.0
PRLB,False,42.231274070326826,"graham_earnings_stability,graham_pe,graham_pe_times_pb,munger_roe",2099146368.0,69.64286,3.034652,3.637,0.0032400000000000003,0.04494,0.45421,0.088520005,41775752.0,,3.0
AJG,False,42.21811527641934,"graham_current_ratio,graham_pe,graham_pe_times_pb,munger_roe",61388537856.0,39.714756,2.5879657,1.053,0.59401,0.06722,0.43186,0.1916,2082300032.0,0.011699999999999999,4.0
MOG-A,False,42.18531839101408,"graham_pe,graham_pe_times_pb,munger_gross_margin",11548574720.0,30.95416,5.19482,2.087,0.51557,0.18106002,0.27388007741753667,0.1164594117427649,333472640.0,0.0033,4.0
FORM,False,42.18003741078207,"graham_pe,graham_pe_times_pb,munger_roe",9228284928.0,82.20833,8.321383,4.078,0.02691,0.10989001,0.39344427275147675,0.07270128523439062,114850000.0,,4.0
RNG,False,42.054147013795415,"data_missing:debt_to_equity,data_missing:return_on_equity,graham_current_ratio,graham_earnings_stability,graham_pe,graham_pe_times_pb",6000752640.0,57.488,-9.861397,1.106,,,0.7124484422748298,0.04793009698855969,639506496.0,0.0038,1.0
KN,False,42.0085387903835,"graham_earnings_stability,graham_pe,graham_pe_times_pb,munger_roe",3036337152.0,42.32143,3.8168347,3.201,0.18881,0.094969995,0.4320633850303439,0.11850977747808496,39312500.0,,1.0
AZZ,False,41.996423040877175,"graham_earnings_stability,graham_pe,graham_pe_times_pb,munger_gross_margin",3988435200.0,20.231709,2.8951616,1.923,0.39448,0.15314999,0.23935506157277223,0.1603661640647726,104912376.0,0.0072,3.0
MTN,False,41.94454917993256,"graham_current_ratio,graham_debt_to_equity,graham_pe,graham_pe_times_pb",4981567488.0,30.129313,9.028675,0.911,3.55585,0.1685,0.43330002,0.18889826326000297,134862496.0,0.0635,4.0
HIMS,False,41.92801162555004,"data_missing:trailing_pe,graham_current_ratio,graham_debt_to_equity,graham_earnings_stability,munger_roe",6530442240.0,,20.151186,0.934,4.77128,-0.32033002,0.7383500941585092,0.04498693792950103,849437248.0,,2.0
PRU,False,41.90363078095238,"graham_current_ratio,graham_debt_to_equity,graham_earnings_stability,munger_roe,munger_gross_margin",40847998976.0,10.734362,1.2943994,0.777,1.6389099999999999,0.12011,0.29015,0.075219996,7527750144.0,0.0473,3.0
ELF,False,41.894882273081414,"graham_pe,graham_pe_times_pb,munger_roe",5690731520.0,98.408165,4.8626027,2.546,0.79503,0.060399998,0.7072207773796313,0.04499435370724339,281395360.0,,4.0
FLS,False,41.78220799947442,"data_missing:consecutive_positive_earnings_years,graham_pe,graham_pe_times_pb",9442382848.0,25.74216,4.1608467,2.153,0.9960800000000001,0.16936001,0.35146,0.13919,428336256.0,0.011899999999999999,
CPB,False,41.75944246263811,"graham_current_ratio,graham_debt_to_equity,graham_earnings_stability,munger_roe,munger_gross_margin",6169887232.0,15.793894,1.6015172,0.815,1.7172800000000001,0.1005,0.28570998,0.10962645079488931,747374976.0,0.0484,0.0
ES,False,41.758276701362746,"graham_current_ratio,graham_debt_to_equity,graham_earnings_stability,munger_roe",25508415488.0,17.589611,1.5607643,0.8,1.807,0.09016,0.52752,0.2206049437066314,811961344.0,0.04650000000000001,2.0
KLIC,False,41.7444935669539,"graham_earnings_stability,graham_pe,graham_pe_times_pb,munger_roe",4350642688.0,37.96347,4.7710314,3.444,0.0418,0.13231,0.42490303188748796,-0.0049290531295053674,57164124.0,0.009899999999999999,1.0
JBSS,False,41.69112801720769,"graham_size,munger_gross_margin",787088192.0,12.7965765,2.0715868,2.08,0.28779,0.16724001,0.17962562719395614,0.07586973588744489,29046376.0,0.0141,4.0
FLO,False,41.67941901071802,"graham_size,graham_current_ratio,graham_debt_to_equity,graham_pe,munger_roe",1259621120.0,22.846155,0.9516181,0.771,1.51702,0.053629998,0.48716,0.033098391527864944,239973744.0,0.0842,4.0
ALG,False,41.63674152493787,"graham_pe,graham_pe_times_pb,munger_roe,munger_gross_margin",2028291200.0,20.006002,1.6781632,4.391,0.23471,0.08771,0.24805966147351619,0.09453861814599228,91344752.0,0.0079,4.0
PSX,False,41.60508156172345,"graham_current_ratio,graham_pe_times_pb,munger_gross_margin",108984590336.0,15.5985155,3.4591808,1.32,0.62884,0.23452999,0.13098,0.08529,4545375232.0,0.018600000000000002,4.0
ATR,False,41.575999464830176,"graham_pe,graham_pe_times_pb,munger_roe",7912035840.0,22.462095,3.0112522,1.614,0.5278,0.13459,0.3092867335304198,0.1326486604692759,265978880.0,0.0154,4.0
UNH,False,41.5600890756081,"graham_current_ratio,graham_pe,graham_pe_times_pb,munger_roe,munger_gross_margin",338303483904.0,24.206808,3.4647596,0.777,0.69211,0.14152999,0.19723,0.04237130977038075,24272250880.0,0.0246,4.0
MTH,False,41.55064026994331,"munger_roe,munger_gross_margin",4122261248.0,13.177083,0.81500375,14.355,0.37707,0.063769996,0.18275999,0.08185001,293902112.0,0.0304,4.0
ACMR,False,41.54076345873718,"graham_pe,graham_pe_times_pb,munger_roe,munger_fcf",4771666944.0,32.31604,2.5649571,3.656,0.14523999999999998,0.11627,0.4438732998339082,0.12141119194416121,-186610256.0,,4.0
KRG,False,41.540608612416214,"graham_current_ratio,graham_earnings_stability,munger_roe",5287307776.0,15.89375,1.775714,0.929,0.96238,0.10738,0.73175,0.1330063201584756,152751120.0,0.045599999999999995,3.0
NNN,False,41.53925,"graham_current_ratio,graham_debt_to_equity,graham_pe,graham_pe_times_pb,munger_roe,munger_fcf",7974749184.0,20.46798,1.7877889,0.18,1.1211799999999998,0.08719,0.96094,0.6364475557997998,-1371816320.0,0.059699999999999996,4.0
KBH,False,41.514479136857126,"munger_roe,munger_gross_margin",2888914432.0,11.46472,0.76088357,5.635,0.5264099999999999,0.06989,0.17731,0.07603273541555512,316819744.0,0.0212,4.0
PHIN,False,41.472798402444525,"munger_roe,munger_gross_margin",2250311424.0,17.598854,1.4602947,1.806,0.68916,0.08523,0.21877691645133507,0.07292563881711168,269249984.0,0.0195,4.0
SLB,False,41.469570813195716,"graham_current_ratio,graham_pe,graham_pe_times_pb,munger_roe,munger_gross_margin",75869396992.0,24.936584,2.9098358,1.439,0.47002000000000005,0.12909001,0.16991,0.19686132488305416,2955124992.0,0.0231,4.0
ENPH,False,41.381037255986506,"graham_pe,graham_pe_times_pb,munger_roe",4565490176.0,34.297028,3.8729873,3.451,0.5189900000000001,0.12996,0.4664025770798752,0.10694338367328927,78322752.0,,4.0
LSCC,False,41.35448046698224,"graham_pe,graham_pe_times_pb,munger_roe",15728492544.0,426.76926,19.327642,3.024,0.04836,0.04927,0.6821496688083598,0.021465346231906768,155063248.0,,4.0
CALY,False,41.32678637610092,"graham_earnings_stability,graham_pe,graham_pe_times_pb,munger_roe",2640638720.0,34.16279,1.2166638,3.043,0.12643000000000001,0.03466,0.4211446046308432,0.06218144750254842,94225000.0,,0.0
NXRT,False,41.21598562151575,"data_missing:trailing_pe,graham_size,graham_debt_to_equity,graham_earnings_stability,munger_roe",1085744000.0,,2.1688485,2.87,6.29179,-0.11093,0.60032004,0.11115842423422384,71450872.0,0.1008,0.0
BBWI,False,41.198346297783964,"data_missing:debt_to_equity,data_missing:return_on_equity,graham_current_ratio,graham_pe_times_pb",3508628224.0,4.5669293,-3.3282325,1.201,,,0.4373885612398848,0.1544369770950487,764625024.0,0.046,4.0
AMN,False,41.11677266698139,"graham_size,graham_current_ratio,graham_debt_to_equity,graham_earnings_stability,munger_gross_margin",1326889472.0,12.736058,1.7893143,1.128,1.04658,0.15556,0.28349318000944174,-0.020316221370341437,445770624.0,,0.0
ENOV,False,41.063824107370436,"data_missing:trailing_pe,graham_size,graham_earnings_stability,munger_roe",1040357760.0,,0.7042749,1.985,0.9255500000000001,-0.54142,0.5984122232211131,-0.5000905229378897,185942752.0,,0.0
PANW,False,41.062921939463436,"graham_current_ratio,graham_pe,graham_pe_times_pb,munger_roe",297408430080.0,908.94995,10.778169,0.871,0.09337,0.01739,0.7035714285714286,0.06054006968641115,4240624896.0,,4.0
DGX,False,41.02603647599928,"graham_pe,graham_pe_times_pb,munger_roe",27201513472.0,26.190224,3.6069195,1.591,0.81074,0.14602,0.3849740383596482,0.14100589034888988,909625024.0,0.013999999999999999,4.0
TDG,False,40.99775664279506,"data_missing:debt_to_equity,data_missing:return_on_equity,graham_pe,graham_pe_times_pb",60746670080.0,32.890675,-6.4655843,3.019,,,0.6014041444909977,0.471634016532669,1457374976.0,,4.0
NOVT,False,40.96481461969911,"graham_pe,graham_pe_times_pb,munger_roe",5035057664.0,84.26582,3.1147504,4.569,0.17668,0.051090002,0.4438955741382827,0.09587191515398735,118383248.0,,4.0
CI,False,40.904620959630336,"graham_current_ratio,munger_gross_margin",72740118528.0,11.389325,1.7032229,0.846,0.7429000000000001,0.16758,0.091359995,0.03346671516915242,7980125184.0,0.0227,4.0
GRBK,True,40.87503362867968,,2847738112.0,9.971386,1.4771434,7.051,0.14244,0.16383,0.3053680513097393,0.11514045605927713,6958250.0,,4.0
VMC,False,40.819539980240485,"graham_pe,graham_pe_times_pb,munger_roe,munger_gross_margin",31206447104.0,28.399765,3.6815715,1.757,0.5821999999999999,0.13234,0.2738411555074234,0.20395159360793844,843600000.0,0.0086,4.0
GATX,False,40.751106767857145,"graham_debt_to_equity,graham_pe_times_pb,munger_roe,munger_fcf",6280416256.0,17.612871,2.2555697,3.302,3.47592,0.117989995,0.73627,0.27771,-4936737280.0,0.0148,4.0
SKYW,False,40.73386578016092,graham_current_ratio,3822259456.0,9.570507,1.3587914,0.569,0.8633299999999999,0.15341,0.30895,0.17236351865753377,145134624.0,,4.0
ARW,False,40.72618867557575,"graham_current_ratio,munger_roe,munger_gross_margin",11164068864.0,14.00447,1.5958639,1.217,0.30663,0.12036,0.11236269742246564,0.026649749853620085,732857856.0,,4.0
WAT,False,40.67908109647347,"graham_pe,graham_pe_times_pb,munger_roe,munger_fcf",41398104064.0,106.47222,2.7255392,1.861,0.36045,0.019199999,0.56337,0.2535593940010476,-142067632.0,,4.0
KMI,False,40.66678678934448,"graham_current_ratio,graham_pe,graham_pe_times_pb,munger_roe",70838452224.0,20.541937,2.2395723,0.458,0.98619,0.109910004,0.49407002,0.27891598275963864,1075000064.0,0.0371,4.0
TMO,False,40.63693981414635,"graham_pe,graham_pe_times_pb,munger_roe",240871882752.0,35.080776,4.5724454,1.551,0.8057500000000001,0.13515,0.40987998,0.17384863991381633,6237250048.0,0.0029,4.0
LW,False,40.54290112148589,"graham_current_ratio,graham_debt_to_equity,graham_pe,graham_pe_times_pb,munger_gross_margin",6416338432.0,22.4375,3.5153658,1.423,2.21223,0.16280001,0.20563192837590552,0.08939400813635195,452924992.0,0.0326,4.0
AZTA,False,40.51442400007262,"data_missing:trailing_pe,graham_size,graham_earnings_stability,munger_roe",1456190976.0,,0.9633108,2.5,0.03574,-0.07041,0.45515399421711256,-0.045205541737324884,63366000.0,,0.0
NOC,False,40.47960588444418,"graham_current_ratio,graham_pe_times_pb,munger_gross_margin",74922622976.0,16.747856,4.1893587,1.168,0.95348,0.26958,0.2006,0.10752252466987654,2478000128.0,0.0187,4.0
FRPT,False,40.408649732603294,"graham_earnings_stability,graham_pe_times_pb",2952687872.0,15.917099,2.413766,6.046,0.39885,0.17622,0.4080035208232193,0.06866694192002831,19274124.0,,2.0
PRKS,False,40.40694649509182,"data_missing:debt_to_equity,data_missing:return_on_equity,graham_size,graham_current_ratio,graham_pe_times_pb",1550219264.0,13.621513,-2.511754,0.478,,,0.46013,0.21980332728041532,97038376.0,,4.0
COTY,False,40.3693,"data_missing:trailing_pe,graham_current_ratio,graham_earnings_stability,munger_roe",2140068224.0,,0.7157585,0.755,0.9753799999999999,-0.16093001,0.6289394826576654,-0.014035752419660387,362687488.0,,0.0
PTON,False,40.35042635206168,"data_missing:debt_to_equity,data_missing:return_on_equity,graham_earnings_stability,graham_pe,graham_pe_times_pb",2181192704.0,35.5,-15.628931,2.837,,,0.5260425183973835,0.06569910057236304,353875008.0,,1.0
THRM,False,40.347367763653516,"graham_size,graham_pe,graham_pe_times_pb,munger_roe,munger_gross_margin",1117363328.0,42.26744,1.5435244,2.064,0.44955,0.03735,0.24167590861349444,0.055184765534811775,84331624.0,,4.0
MKSI,False,40.26365147955474,"graham_current_ratio,graham_debt_to_equity,graham_earnings_stability,graham_pe,graham_pe_times_pb",17045035008.0,40.140125,5.703038,1.144,1.4009399999999999,0.15845999,0.46731111676418213,0.13431696769269905,480375008.0,0.004,2.0
COR,False,40.21064062887151,"graham_current_ratio,graham_debt_to_equity,graham_pe,graham_pe_times_pb,munger_gross_margin",58923614208.0,22.940565,19.313234,0.935,4.46516,0.96871,0.03572165157521616,0.008180306662046867,2043314048.0,0.0078000000000000005,4.0
EZPW,False,40.162755229769346,"graham_size,munger_roe,munger_fcf",1883239424.0,15.40201,1.6178411,4.811,0.69526,0.14745,0.5854796434064726,0.11706139937847256,-11004125.0,,4.0
MCHP,False,40.11640909391732,"graham_earnings_stability,graham_pe,graham_pe_times_pb,munger_roe",39786246144.0,107.74999,6.167508,1.921,0.8368800000000001,0.0719,0.5773482421336276,0.10398676030638009,1364762496.0,0.0248,1.0
LFUS,False,40.112956243763406,"data_missing:trailing_pe,graham_earnings_stability,munger_roe",10359641088.0,,3.9561975,2.761,0.27093,-0.0030899998,0.3908831923869141,0.17138020170138535,364767136.0,0.0078000000000000005,0.0
HWKN,False,39.96804450243839,"graham_pe,graham_pe_times_pb,munger_gross_margin",2550939136.0,31.658031,5.7785974,2.27,0.47009,0.15614,0.2261289143818931,0.11192530008415644,81369504.0,0.006500000000000001,4.0
POST,False,39.96607980881385,"graham_debt_to_equity,munger_roe,munger_gross_margin",3470350336.0,13.921818,1.0934978,1.851,2.47074,0.082779996,0.2867579460903887,0.09797624446868756,394649984.0,,4.0
IART,False,39.9379480671657,"data_missing:trailing_pe,graham_size,graham_debt_to_equity,graham_earnings_stability,munger_roe",1183697536.0,,1.1345509,3.601,1.96489,-0.00696,0.6203468555283744,-0.30171014129381224,94402000.0,,0.0
WTRG,False,39.868500000000004,"graham_current_ratio,graham_debt_to_equity,graham_pe,graham_pe_times_pb,munger_roe,munger_fcf",11646273536.0,21.046154,1.6593887,0.777,1.21656,0.08078,0.5643,0.3721593055889502,-657633024.0,0.0351,4.0
MAC,False,39.833533328600346,"data_missing:trailing_pe,graham_current_ratio,graham_debt_to_equity,graham_earnings_stability,munger_roe",6676536832.0,,2.2739148,0.329,1.6892699999999998,-0.06179,0.54914004,0.16256,388895136.0,0.03,0.0
DVN,False,39.81040954346275,"graham_current_ratio,munger_roe",53471002624.0,10.567391,1.3389341,0.717,0.28488,0.11522,0.50349,-0.4286983562860951,782625024.0,0.0263,4.0
JCI,False,39.792424554422446,"graham_current_ratio,graham_pe,graham_pe_times_pb,munger_roe",86790635520.0,40.360565,6.4375253,1.0,0.70107,0.14332,0.3641295134768605,0.08927489396081599,2984124928.0,0.011200000000000002,4.0
NOV,False,39.743399699385705,"graham_pe,graham_pe_times_pb,munger_roe,munger_gross_margin",7154515456.0,74.33333,1.1557066,2.422,0.37151,0.01545,0.2020814272644099,0.056495882891125344,673374976.0,0.0179,4.0
AVNT,False,39.72179953558857,"graham_pe,graham_pe_times_pb,munger_roe",3701801216.0,21.816216,1.5190636,1.9,0.76563,0.071100004,0.3115146310042329,0.06241948346727195,263787504.0,0.0273,4.0
BOOT,False,39.7173277110649,graham_pe_times_pb,3722612992.0,15.559493,2.819848,2.53,0.59323,0.19174999,0.38083793174284636,0.13272569402078835,12682000.0,,4.0
TXRH,False,39.699613270221526,"graham_current_ratio,graham_pe,graham_pe_times_pb,munger_gross_margin",10998794240.0,26.809599,7.1573195,0.458,0.68842,0.27714002,0.16252,0.08076453600881241,235890752.0,0.0179,4.0
DIOD,False,39.670872324436104,"graham_pe,graham_pe_times_pb,munger_roe",4253796096.0,49.661293,2.1701949,3.167,0.04401,0.04684,0.312019718326965,0.023927296428718423,176820256.0,,4.0
FUL,False,39.668841609546824,"graham_debt_to_equity,munger_roe,munger_gross_margin",2657636096.0,14.661721,1.2761507,1.796,1.06252,0.09388,0.27853710735243353,0.07800966517086641,219408128.0,0.019799999999999998,4.0
ABBV,False,39.605492439061734,"data_missing:debt_to_equity,data_missing:return_on_equity,graham_current_ratio,graham_pe,graham_pe_times_pb",466448285696.0,74.56497,-78.58291,0.809,,,0.72792,0.24648463047743624,16870250496.0,0.0262,4.0
MSEX,False,39.58473517874075,"graham_size,graham_current_ratio,graham_pe,graham_pe_times_pb,munger_roe,munger_fcf",1042447104.0,21.359074,2.000434,0.497,0.83981,0.097679995,0.53659,0.2792895518095062,-28346000.0,0.026099999999999998,4.0
BIO,False,39.568204401833086,"graham_earnings_stability,graham_pe,graham_pe_times_pb,munger_roe",10073332736.0,45.847748,1.4029287,3.142,0.19103,0.0311,0.5186977392381542,0.018271910808299784,283187488.0,,1.0
CHRW,False,39.4778988173131,"graham_debt_to_equity,graham_pe,graham_pe_times_pb,munger_gross_margin",17877073920.0,29.140953,11.0080595,1.582,1.21188,0.37123,0.08447,0.04897262406898936,480618368.0,0.0165,4.0
MTD,False,39.37842176032051,"data_missing:return_on_equity,data_invalid_outlier:debt_to_equity,graham_current_ratio,graham_debt_to_equity,graham_pe,graham_pe_times_pb",27897303040.0,31.34444,2175.5,1.122,166.68447,,0.5937429449987446,0.312,693589632.0,,4.0
ALHC,False,39.376109790397486,"graham_size,graham_debt_to_equity,graham_earnings_stability,graham_pe,graham_pe_times_pb,munger_gross_margin",1732083584.0,43.947372,6.523438,1.698,1.24655,0.20044,0.12549,0.0037358951092746786,188581872.0,,0.0
PPC,False,39.35717021250426,"graham_current_ratio,munger_roe,munger_gross_margin",7107539456.0,13.034935,1.8954788,1.355,0.82717,0.1452,0.1274840515391414,0.08722986224177869,508525376.0,,4.0
DBD,False,39.35218597667409,"graham_current_ratio,graham_debt_to_equity,graham_earnings_stability,graham_pe,graham_pe_times_pb,munger_roe,munger_gross_margin",2145424384.0,20.927153,2.2173882,1.267,1.13548,0.10944,0.25256851564758126,0.06358882728538771,312012512.0,,1.0
AFG,False,39.33309850520167,"graham_pe_times_pb,munger_gross_margin",11800553472.0,12.439686,2.447586,2.085,0.42232,0.20413,0.20156,0.13126988010765842,142250000.0,0.024700000000000003,4.0
WSC,False,39.30232476554282,"data_missing:trailing_pe,graham_current_ratio,graham_debt_to_equity,graham_earnings_stability,munger_roe",3292239872.0,,3.777547,0.811,4.16655,-0.07083,0.5100212759802336,0.07953464600959216,248800992.0,0.0154,0.0
RHI,False,39.286967644979924,"graham_current_ratio,graham_pe,graham_pe_times_pb,munger_roe",3823734528.0,32.50435,3.0521762,1.468,0.19940000000000002,0.09111,0.3722805180472049,0.014216029507078731,113581872.0,0.06309999999999999,4.0
EMN,False,39.25148334372069,"graham_current_ratio,munger_roe,munger_gross_margin",7510116352.0,17.106771,1.2319725,1.498,0.88518,0.07334,0.21069469835466179,0.16043564771180227,544625024.0,0.051100000000000007,4.0
FN,False,39.241302418949864,"graham_pe,graham_pe_times_pb,munger_gross_margin,munger_fcf",13923636224.0,29.751146,5.6732564,2.253,0.00164,0.21326,0.11990936625543487,0.09973654935460302,-57873500.0,,4.0
DAL,False,39.21948283521596,"graham_current_ratio,graham_pe_times_pb,munger_gross_margin",52359946240.0,13.20398,2.3871915,0.424,0.96649,0.20125,0.187,0.09188182564232056,2817374976.0,0.0108,4.0
HE,False,39.213443262345706,"graham_size,graham_current_ratio,graham_debt_to_equity,graham_earnings_stability,munger_roe,munger_gross_margin",1692734464.0,7.5968995,0.96021944,0.986,1.5886799999999999,0.13448,0.17581,0.07623256501028865,324624384.0,,1.0
EL,False,39.1823664463184,"graham_current_ratio,graham_debt_to_equity,graham_earnings_stability,graham_pe,graham_pe_times_pb,munger_roe",33802498048.0,186.86,8.881178,1.222,2.4293199999999997,0.04745,0.7550003322479899,0.051830686424347135,1812125056.0,0.015,1.0
HCC,False,39.13005714285715,"graham_pe,graham_pe_times_pb,munger_roe,munger_fcf",4642887680.0,21.13702,2.0272512,3.927,0.10297,0.10037,0.30597,0.18545,-53619500.0,0.0036,4.0
UNF,False,39.08218501198215,"graham_pe,graham_pe_times_pb,munger_roe",4731181056.0,41.330173,2.1524184,3.111,0.03869,0.05296,0.36678,0.07585168594019287,98668752.0,0.005600000000000001,4.0
PAHC,False,39.028458182199955,"graham_size,graham_debt_to_equity,graham_pe_times_pb,munger_fcf",1403191552.0,14.222222,3.6367464,2.956,2.06406,0.29716,0.3376044814118766,0.1280527609309838,-19298000.0,0.0139,4.0
NJR,False,38.899083999999995,"graham_current_ratio,graham_debt_to_equity,graham_pe_times_pb,munger_roe,munger_fcf",5381138432.0,14.770083,2.0454981,0.661,1.4677799999999999,0.14453,0.39178002,0.3765744965052301,-259436368.0,0.0375,4.0
WYNN,False,38.846512632074884,"data_missing:debt_to_equity,data_missing:return_on_equity,graham_current_ratio,graham_earnings_stability,graham_pe_times_pb",8410907136.0,19.58753,-49.116055,0.912,,,0.683,0.10949407978373421,476188864.0,0.012199999999999999,3.0
ETN,False,38.84160101831425,"graham_current_ratio,graham_debt_to_equity,graham_pe,graham_pe_times_pb",164938186752.0,43.29969,8.145627,1.24,1.05059,0.19684,0.36022,0.1718092566619916,3106125056.0,0.0104,4.0
BILL,False,38.69696637310359,"data_missing:trailing_pe,graham_earnings_stability,munger_roe",4737816576.0,,1.2404172,1.51,0.5374300000000001,-0.00302,0.8092773839192818,-0.044428246509714726,222836880.0,,0.0
NSIT,False,38.6937656866785,"graham_current_ratio,graham_debt_to_equity,graham_pe,graham_pe_times_pb,munger_roe,munger_gross_margin",4546430464.0,22.94963,2.8486576,1.183,1.08517,0.13112001,0.21357930832114735,0.0406106087171615,438449760.0,,4.0
CWEN,False,38.66950437081401,"graham_current_ratio,graham_debt_to_equity,graham_pe,graham_pe_times_pb,munger_roe",7601321472.0,35.837208,2.0175438,1.207,1.76898,-0.03167,0.64422,0.11196641007697691,421750016.0,0.0602,4.0
HPE,False,38.627359323227495,"graham_current_ratio,graham_pe,graham_pe_times_pb,munger_roe",80656760832.0,31.319586,3.043478,1.113,0.76464,0.10936,0.36622003,-0.012742010730114299,4738625024.0,0.009399999999999999,4.0
NEE,False,38.60623484848485,"graham_current_ratio,graham_debt_to_equity,graham_pe_times_pb,munger_roe,munger_fcf",167828668416.0,18.083147,2.938148,0.534,1.61676,0.11677,0.61024,0.2297979797979798,-17766875136.0,0.031,4.0
OPCH,False,38.56953996874585,"graham_current_ratio,graham_debt_to_equity,graham_pe_times_pb,munger_gross_margin",3639781376.0,18.40909,2.8887303,1.465,1.00649,0.15999,0.1925641811276323,0.05981146359539635,256067872.0,,4.0
ALB,False,38.473994442280656,"graham_earnings_stability,graham_pe,graham_pe_times_pb,munger_roe,munger_gross_margin",13087941632.0,410.77777,1.6276784,2.086,0.18975999999999998,0.02648,0.13003183326841972,-0.0713791674582367,1334340224.0,0.0148,0.0
WAB,False,38.47100331904183,"graham_current_ratio,graham_pe,graham_pe_times_pb,munger_roe",47333888000.0,37.71602,4.225677,1.121,0.61686,0.11553001,0.3408256469956121,0.16056237127249934,1101374976.0,0.0044,4.0
NI,False,38.47033102791352,"graham_current_ratio,graham_debt_to_equity,graham_pe,graham_pe_times_pb,munger_roe,munger_fcf",19460548608.0,21.585108,2.0322516,0.498,1.46649,0.085489996,1.0,0.2813668976513154,-1772999936.0,0.0296,4.0
AGCO,False,38.399026930124336,"graham_current_ratio,graham_earnings_stability,graham_pe_times_pb,munger_roe,munger_gross_margin",8389100544.0,16.54558,2.0549989,1.321,0.66053,0.118269995,0.2545923427891291,0.05908549890894664,450262496.0,0.01,1.0
CRSR,False,38.362589064473255,"graham_size,graham_earnings_stability,graham_pe,graham_pe_times_pb,munger_roe,munger_gross_margin",1447407744.0,43.16129,2.1770258,1.752,0.27172999999999997,0.05845,0.2892283766163208,0.0014098663479300228,77311376.0,,0.0
BWA,False,38.356232181109384,"graham_pe,graham_pe_times_pb,munger_roe,munger_gross_margin",12896153600.0,31.192118,2.294286,2.127,0.7011,0.08056,0.18678401788208998,0.037440625873148926,1066249984.0,0.010700000000000001,4.0
OTTR,False,38.353034393427556,"graham_pe_times_pb,munger_roe,munger_fcf",3670379264.0,18.881208,1.9555734,1.707,0.67491,0.106850006,0.42191002,0.26598288756886523,-165230496.0,0.0259,4.0
ON,False,38.30944421458155,"graham_pe,graham_pe_times_pb,munger_roe",27244519424.0,45.738564,3.7739313,3.464,0.6505500000000001,0.08312,0.33090369283117055,0.014044100477032391,1656649984.0,,4.0
ROCK,False,38.27280361879072,"graham_size,graham_current_ratio,graham_debt_to_equity,graham_earnings_stability,graham_pe,munger_roe,munger_gross_margin",1231584512.0,20.539604,1.3825853,1.457,1.53722,0.06241,0.26877211028435904,0.10810294310617076,307628128.0,,0.0
KSS,False,38.20903164202078,"graham_size,graham_current_ratio,graham_debt_to_equity,graham_earnings_stability,munger_roe",1876380160.0,7.103004,0.44869187,1.491,1.54055,0.06671,0.3445030870344553,0.040188059509241966,879500032.0,0.0302,3.0
EFOR,False,38.094386250963055,"graham_size,munger_roe,munger_gross_margin",1343159936.0,16.886597,0.74228483,2.127,0.8291,0.04571,0.28868957893679026,0.057858506682745454,213500000.0,,4.0
SLGN,False,38.081294346685205,"graham_current_ratio,graham_debt_to_equity,munger_roe,munger_gross_margin",3930313984.0,14.584313,1.651861,1.272,2.03153,0.11748,0.17729362475062338,0.08006499882960236,313311264.0,0.0226,4.0
STAA,False,38.02051493657044,"graham_size,graham_earnings_stability,graham_pe,graham_pe_times_pb,munger_roe",1043997760.0,260.25,2.855967,4.665,0.09836,0.0109399995,0.7618546453838508,-0.38302804019344977,15348500.0,,0.0
MLM,False,37.93842191600728,"graham_current_ratio,graham_pe,graham_pe_times_pb,munger_roe",34844950528.0,31.94271,2.5518281,1.407,0.54945,0.08894,0.3071544715447154,0.23365853658536587,593374976.0,0.0068000000000000005,4.0
ROG,False,37.92420540959134,"graham_earnings_stability,graham_pe,graham_pe_times_pb,munger_roe",2316204544.0,76.78698,1.9281745,3.988,0.02366,0.02596,0.31672422298963987,-0.0555007400098668,99825000.0,,0.0
UAL,False,37.912335449429065,"graham_current_ratio,graham_debt_to_equity",35283976192.0,10.178839,2.1132948,0.78,2.01641,0.23252001,0.31816,0.0797866937531742,910124992.0,,4.0
SAIA,False,37.84947026790073,"graham_pe,graham_pe_times_pb,munger_roe,munger_gross_margin",9104799744.0,33.000965,3.33909,1.584,0.09872,0.10767,0.23584999,0.10889575009754858,135712256.0,,4.0
BDC,False,37.817173367914634,graham_pe_times_pb,4334553088.0,18.006495,3.122484,2.135,0.97069,0.18643999,0.3797783878426367,0.11626867177814919,99734624.0,0.0018,4.0
LEA,False,37.75485250373075,"graham_current_ratio,munger_roe,munger_gross_margin",8031579648.0,11.232775,1.1534563,1.314,0.66026,0.12094,0.06468006070742204,0.03341917787016695,858987520.0,0.0255,4.0
ABG,False,37.66256083076044,"graham_current_ratio,graham_debt_to_equity,munger_roe,munger_gross_margin",3286277632.0,6.8128023,0.8376268,0.91,1.4096899999999999,0.13233,0.17065948108228235,0.047813767431523976,360600000.0,,4.0
WBD,False,37.65519258613716,"data_missing:trailing_pe,graham_current_ratio,graham_earnings_stability,munger_roe",69698396160.0,,2.123272,0.777,0.94199,-0.08786,0.47811002,0.019787644787644786,16167374848.0,,1.0
EYE,False,37.591151470082444,"graham_size,graham_current_ratio,graham_earnings_stability,graham_pe,graham_pe_times_pb,munger_roe",1334294656.0,27.217741,1.4873084,0.592,0.77705,0.057550002,0.58637,0.029599675570368224,48656000.0,,1.0
EPC,False,37.584156712390374,"data_missing:trailing_pe,graham_size,munger_roe",1252696704.0,,0.8579275,1.842,0.87622,-0.012949999,0.4159658196536991,0.04344501911400944,241862496.0,0.022099999999999998,4.0
PLUS,False,37.51052796038484,"graham_pe_times_pb,munger_roe,munger_gross_margin",2382409216.0,19.549356,2.201866,2.131,0.1143,0.11698,0.25222871680363423,0.068021153311561,39345124.0,0.011899999999999999,4.0
ST,False,37.49950687998509,"graham_earnings_stability,graham_pe,graham_pe_times_pb,munger_roe,munger_gross_margin",6105229312.0,67.66129,2.063453,2.291,0.8259799999999999,0.03079,0.29497,0.06411121608854096,504049504.0,0.011399999999999999,2.0
ALKS,False,37.488334028186486,"graham_earnings_stability,graham_pe,graham_pe_times_pb,munger_roe",7279247872.0,114.18421,4.0194535,2.3,0.86952,0.03852,0.87182,0.1720686849167863,153381376.0,,3.0
CUZ,False,37.4827999925,"graham_current_ratio,graham_pe,graham_pe_times_pb,munger_roe,munger_fcf",4657299456.0,707.25006,1.0385844,0.524,0.8420799999999999,0.0015199999,0.67779,0.6775006641068366,-25106624.0,0.0452,4.0
CG,False,37.333785264285716,"data_missing:free_cash_flow,graham_debt_to_equity,graham_earnings_stability,graham_pe,graham_pe_times_pb,munger_roe",14288945152.0,41.770832,2.7032492,1.808,1.97617,0.077659994,0.98319,0.26855,,0.0349,2.0
DDOG,False,37.316989422992485,"graham_earnings_stability,graham_pe,graham_pe_times_pb,munger_roe",82558525440.0,450.82355,18.89857,3.205,0.29259,0.04696,0.7995549081775629,-0.012947462591453327,1051412352.0,,3.0
NE,False,37.25182530418598,"graham_pe,graham_pe_times_pb,munger_roe",7065764352.0,47.085106,1.5757619,1.915,0.42557,0.03283,0.35416,0.12647797884566686,252878256.0,0.0452,4.0
TBBK,False,37.22175,"data_missing:current_ratio,data_missing:debt_to_equity,data_missing:free_cash_flow,munger_gross_margin",2048721408.0,9.441729,3.0168169,,,0.29629,0.0,0.59707,,,4.0
IOSP,False,37.21861106233247,"graham_pe_times_pb,munger_roe,munger_gross_margin",2294382080.0,19.010204,1.7078894,2.784,0.03546,0.091309994,0.2769403824521935,0.07283464566929133,32575000.0,0.0192,4.0
KKR,False,37.09386666666667,"data_missing:free_cash_flow,graham_current_ratio,graham_earnings_stability,graham_pe,graham_pe_times_pb,munger_roe",91259977728.0,31.568687,3.1121259,0.856,0.69812,0.0728,0.54767,0.2065,,0.0079,3.0
KR,False,37.072934719942054,"graham_current_ratio,graham_debt_to_equity,graham_pe,graham_pe_times_pb,munger_roe,munger_gross_margin",35760001024.0,32.43243,6.1168313,0.702,4.1324000000000005,0.14442,0.23900999,0.012801235420815215,2535500032.0,0.026000000000000002,4.0
OGE,False,37.072122897560476,"graham_current_ratio,graham_debt_to_equity,graham_pe_times_pb,munger_roe",9392095232.0,19.960526,1.8873636,0.767,1.1730500000000001,0.09703,0.4773643495314883,0.24520720223306033,126750000.0,0.0374,4.0
OSW,False,37.01770930715818,"graham_earnings_stability,graham_pe,graham_pe_times_pb,munger_roe,munger_gross_margin",2219777024.0,27.683544,3.8127615,2.905,0.15605,0.14321,0.13417,0.08494996363167157,48876500.0,0.0091,2.0
MGEE,False,36.99587180357143,"graham_current_ratio,graham_pe_times_pb,munger_roe,munger_fcf",2799039744.0,18.201473,1.9429293,1.137,0.64863,0.110410005,0.41184,0.22672,-206614256.0,0.0274,4.0
RUSHA,False,36.93638960690966,"graham_current_ratio,graham_pe,graham_pe_times_pb,munger_roe,munger_gross_margin",5710451712.0,22.135746,2.4459999,1.452,0.6307699999999999,0.11795,0.19647910769087978,0.05296551946781057,313673632.0,0.011399999999999999,4.0
RS,False,36.93388253190771,"graham_pe,graham_pe_times_pb,munger_roe,munger_gross_margin",19918327808.0,22.66996,2.6911163,4.297,0.26921,0.12229,0.28285,0.07084642130079823,345437504.0,0.0128,4.0
TKR,False,36.90461304065315,"graham_pe,graham_pe_times_pb,munger_roe,munger_gross_margin",8140587008.0,31.745256,2.5447514,3.095,0.65523,0.08538,0.28645451108590747,0.11798856344668035,349212512.0,0.0123,4.0
NPO,False,36.82046151732196,"graham_pe,graham_pe_times_pb,munger_roe",6191546368.0,142.68294,3.8996882,2.282,0.37073,0.0286,0.4241441785067226,0.1356918089062649,130837504.0,0.0044,4.0
WD,False,36.76999992499999,"data_missing:free_cash_flow,graham_size,graham_debt_to_equity,graham_pe,munger_roe",1296483328.0,33.723213,0.7361138,1.574,1.3645699999999998,0.023599999,1.0,0.371913357400722,,0.07200000000000001,4.0
WGO,False,36.713797895585934,"graham_size,munger_roe,munger_gross_margin",747146816.0,19.433823,0.6037969,2.373,0.3912,0.03142,0.13047673504395682,0.02044171252948324,164224992.0,0.0545,4.0
BWXT,False,36.69048420583258,"graham_debt_to_equity,graham_pe,graham_pe_times_pb,munger_gross_margin",13516075008.0,38.118866,10.12839,2.397,1.514,0.28289,0.22082001,0.12645567740372216,145624256.0,0.0072,4.0
RGEN,False,36.62071091857246,"graham_earnings_stability,graham_pe,graham_pe_times_pb,munger_roe",9982897152.0,242.31506,4.7260146,9.05,0.32715000000000005,0.0199,0.53836,0.09916027075249936,113421752.0,,1.0
AMCR,False,36.56929252777539,"graham_current_ratio,graham_debt_to_equity,munger_roe,munger_gross_margin",19372285952.0,17.605042,1.641721,1.254,1.2829400000000002,0.09396,0.19952352590827874,0.0807878839445248,1504000000.0,0.0621,4.0
APTV,False,36.56467094782314,"munger_roe,munger_gross_margin",9224539136.0,19.723982,1.0376595,2.018,0.6493800000000001,0.05158,0.14847696311036276,0.05804490636336896,1615874944.0,,4.0
GLW,False,36.55313533067985,"graham_pe,graham_pe_times_pb",129057431552.0,68.866974,10.829547,1.813,0.7144799999999999,0.16813,0.35965192910614885,0.1458186704203724,734499968.0,0.0075,4.0
GNW,False,36.4900446554945,"munger_roe,munger_gross_margin",3797403136.0,19.705883,0.43423784,10.675,0.23338,0.033970002,0.06625,0.00547542735042735,673625024.0,,4.0
TOST,False,36.43257838000627,"data_missing:debt_to_equity,graham_earnings_stability,graham_pe,graham_pe_times_pb,munger_gross_margin",17189720064.0,37.64557,8.668027,2.4,,0.25162,0.25889809848854217,0.04745652527222493,474249984.0,,2.0
RTX,False,36.379999149009166,"graham_current_ratio,graham_pe,graham_pe_times_pb,munger_roe,munger_gross_margin",261465063424.0,34.15493,3.9390862,1.011,0.5702,0.12274,0.20347,0.10496258591695541,9880000512.0,0.0151,4.0
GNRC,False,36.37412361083216,"graham_pe,graham_pe_times_pb,munger_roe",12252223488.0,47.57798,4.2535214,2.045,0.49003,0.09491,0.3829129750041992,0.06870536952023772,289056512.0,,4.0
CPT,False,36.319558485976636,"graham_current_ratio,graham_debt_to_equity,graham_pe,graham_pe_times_pb,munger_roe",9965460480.0,32.71287,2.6733556,0.352,1.25648,0.07885,0.61619,0.16104001,139679632.0,0.042800000000000005,4.0
JBGS,False,36.30833333333334,"data_missing:trailing_pe,graham_size,graham_current_ratio,graham_debt_to_equity,graham_earnings_stability,munger_roe",867297280.0,,0.61527497,1.149,1.64083,-0.10864,0.48925,-0.09608425580971358,249499744.0,0.0623,0.0
AEE,False,36.294589147695355,"data_missing:consecutive_positive_earnings_years,graham_current_ratio,graham_debt_to_equity,graham_pe_times_pb,munger_roe,munger_fcf",28301688832.0,17.998241,2.0674663,0.531,1.57846,0.11943,0.52408004,0.2302534378906694,-1786249984.0,0.029300000000000003,
NUE,False,36.26623081294878,"graham_pe_times_pb,munger_roe,munger_gross_margin",56351383552.0,19.838657,2.5487943,2.508,0.30512,0.14548999,0.15554,0.15668,683374976.0,0.009000000000000001,4.0
WING,False,36.19277639334872,"data_missing:debt_to_equity,data_missing:return_on_equity,graham_pe,graham_pe_times_pb",2835404288.0,24.605202,-3.667759,2.967,,,0.49418998,0.2572866874362312,98595000.0,0.0127,4.0
ASH,False,36.18589473684211,"graham_earnings_stability,graham_pe,graham_pe_times_pb,munger_roe",3162489856.0,44.26923,1.6911548,3.047,0.7893000000000001,0.0399,0.30098684210526316,-0.42489035087719296,269124992.0,0.024300000000000002,0.0
WELL,False,36.1330899847778,"graham_current_ratio,graham_pe,graham_pe_times_pb,munger_roe",164917313536.0,103.09459,3.5449092,1.317,0.41375,0.03836,0.39560002,0.16561002,2756164352.0,0.0149,4.0
CNR,False,35.9790503714145,"graham_earnings_stability,graham_pe,graham_pe_times_pb,munger_roe,munger_gross_margin",4520870400.0,45.768845,1.2208952,1.825,0.12037,0.02675,0.16860001,-0.043714486376815076,274115744.0,0.0044,0.0
MHO,False,35.93619966246969,"munger_roe,munger_gross_margin",3510296064.0,11.657431,1.0856968,8.108,0.31079,0.100600004,0.20903,0.11466231576440751,86652128.0,,4.0
LUMN,False,35.931333333333335,"data_missing:trailing_pe,data_missing:debt_to_equity,data_missing:return_on_equity,graham_current_ratio,graham_earnings_stability",6593990656.0,,-4.432133,0.964,,,0.47794,-0.06547331075632963,2116249984.0,,0.0
CACI,False,35.82111181543506,"graham_current_ratio,graham_debt_to_equity,graham_pe,graham_pe_times_pb,munger_roe",13853130752.0,25.978035,3.1041245,1.484,1.20656,0.12824,0.33203998,0.0961367314190681,610367104.0,,4.0
BGC,False,35.7875,"data_missing:free_cash_flow,graham_debt_to_equity,graham_pe,graham_pe_times_pb",5810201088.0,30.550001,5.224455,1.509,1.56959,0.15882,0.91666,0.09044,,0.0066,4.0
CIEN,False,35.785229716278714,"graham_debt_to_equity,graham_pe,graham_pe_times_pb",49462812672.0,78.206276,16.191626,3.797,1.07496,0.22396,0.42036147551518427,0.04141539156982053,633368384.0,,4.0
KWR,False,35.75974562822046,"graham_earnings_stability,graham_pe,graham_pe_times_pb,munger_roe",2657213184.0,27.723518,1.9300569,2.457,0.66913,0.07175,0.3597160699214353,0.02805519756607156,129911624.0,0.0137,0.0
CRWD,False,35.75206326509812,"graham_earnings_stability,graham_pe,graham_pe_times_pb,munger_roe",243338117120.0,4753.0,47.692154,1.57,0.15958,0.01461,0.75185996,-0.02259,1995385472.0,,0.0
DE,False,35.68900144430933,"graham_debt_to_equity,graham_pe,graham_pe_times_pb,munger_gross_margin",184421072896.0,38.020565,6.588801,2.132,2.30298,0.18242,0.25184,0.17478149895583572,4516250112.0,0.0095,4.0
MRK,False,35.688083948957654,"graham_current_ratio,graham_debt_to_equity,graham_pe,graham_pe_times_pb,munger_roe",362353491968.0,117.495995,8.646532,1.323,1.2840799999999999,0.06961,0.759,-0.00241,15171500032.0,0.0231,4.0
CASY,False,35.680340102681306,"graham_current_ratio,graham_pe,graham_pe_times_pb,munger_gross_margin",22082961408.0,28.766489,5.3968997,1.019,0.7054699999999999,0.19983,0.23374548352445523,0.065,503306880.0,0.0044,4.0
ATI,False,35.643895368627284,"graham_debt_to_equity,graham_pe,graham_pe_times_pb,munger_gross_margin",26094331904.0,56.19648,13.904368,2.327,1.09699,0.25357,0.2195143218380782,0.13970876749356934,346687488.0,,4.0
LSTR,False,35.6366391632917,"graham_pe,graham_pe_times_pb,munger_roe,munger_gross_margin",5779118592.0,44.231167,6.906915,1.825,0.16625,0.14977999,0.19034,0.03195292341939727,96691872.0,0.0103,4.0
IP,False,35.57784047619048,"data_missing:trailing_pe,graham_current_ratio,graham_earnings_stability,munger_roe,munger_gross_margin",18286047232.0,,1.2648815,1.098,0.68509,-0.16479,0.29608,0.02298,1646499968.0,0.0536,0.0
NRG,False,35.529932138130505,"graham_current_ratio,graham_debt_to_equity,graham_earnings_stability,graham_pe,graham_pe_times_pb,munger_gross_margin",21790418944.0,26.994793,5.1845555,0.968,4.83357,0.23772,0.18795,0.06007228209552958,772374976.0,0.0183,2.0
EVRG,False,35.525977881044405,"graham_current_ratio,graham_debt_to_equity,graham_pe,graham_pe_times_pb,munger_roe,munger_fcf",18394648576.0,20.300253,1.7992783,0.359,1.60554,0.092539996,0.52696997,0.25712895866881375,-1443362560.0,0.0349,4.0
CAR,False,35.51833333333334,"data_missing:trailing_pe,data_missing:debt_to_equity,data_missing:return_on_equity,graham_current_ratio,graham_earnings_stability,munger_gross_margin",4158194176.0,,-1.2264397,0.848,,,0.27385,0.1491,1093124992.0,,0.0
WOR,False,35.49042391571904,"graham_pe_times_pb,munger_gross_margin",2807418880.0,18.273886,2.8088899,2.369,0.34689,0.15777001,0.2738559261908416,0.05517225901547247,26591500.0,0.0139,4.0
ELV,False,35.29949574240138,"graham_pe_times_pb,munger_roe,munger_gross_margin",89122439168.0,18.183628,1.9854001,1.518,0.68953,0.11133,0.2599,0.03615317011927181,4306375168.0,0.0167,4.0
XRAY,False,35.2835451920602,"data_missing:trailing_pe,graham_size,graham_debt_to_equity,graham_earnings_stability,munger_roe",1901835904.0,,1.449848,1.627,1.72243,-0.33031,0.5,-0.11467391304347826,141624992.0,,0.0
SO,False,35.273137680841565,"graham_current_ratio,graham_debt_to_equity,graham_pe,graham_pe_times_pb,munger_roe,munger_fcf",98379038720.0,20.607227,2.486191,0.787,1.8205799999999999,0.114829995,0.48289,0.24650627685852536,-3913374976.0,0.0355,4.0
HRL,False,35.264644196324355,"graham_pe,graham_pe_times_pb,munger_roe,munger_gross_margin",11463806976.0,33.596775,1.4615493,1.882,0.36326,0.042930003,0.15741,0.08615,621551616.0,0.0562,4.0
FOUR,False,35.252375384307996,"graham_current_ratio,graham_debt_to_equity,graham_pe,graham_pe_times_pb,munger_roe,munger_gross_margin",3077865472.0,60.90625,5.0212545,1.211,2.6232100000000003,0.064899996,0.20358318098720293,0.08397129186602871,353524992.0,,4.0
DPZ,False,35.245544452614595,"data_missing:debt_to_equity,data_missing:return_on_equity,graham_pe_times_pb",9732646912.0,16.668556,-2.4429536,1.538,,,0.3995065581051313,0.1931123802984376,531496512.0,0.0271,4.0
FA,False,35.2419359382383,"graham_debt_to_equity,graham_earnings_stability,graham_pe,graham_pe_times_pb,munger_roe",3558736384.0,138.13332,2.7472818,2.527,1.5774000000000001,0.01939,0.45219,0.0841393073757502,215071744.0,,0.0
HP,False,35.19331035945417,"data_missing:trailing_pe,graham_earnings_stability,munger_roe",4088502272.0,,1.5883061,1.962,0.69731,-0.04639,0.31845,0.0008857417205973391,493073888.0,0.024399999999999998,0.0
LHX,False,35.17660469037104,"graham_current_ratio,graham_pe,graham_pe_times_pb,munger_roe,munger_gross_margin",46049013760.0,25.004044,2.3153844,1.184,0.52753,0.0934,0.25484,0.08994138335287222,1608999936.0,0.0202,4.0
MTX,False,35.131956276220805,"data_missing:trailing_pe,graham_current_ratio,graham_earnings_stability,munger_roe,munger_gross_margin",2083448064.0,,1.3486066,1.429,0.61194,-0.03835,0.24992762713499952,0.022869825340152465,392837504.0,0.0072,0.0
ITT,False,35.13122133729848,"graham_current_ratio,graham_pe,graham_pe_times_pb,munger_roe",18369548288.0,40.17092,3.807848,1.263,0.7973,0.11569,0.35353561000380856,0.17379713088739368,307212512.0,0.0076,4.0
JBTM,False,35.06972960509699,"graham_current_ratio,graham_earnings_stability,graham_pe,graham_pe_times_pb,munger_roe,munger_gross_margin",5706449920.0,29.649595,1.2711031,1.239,0.37545,0.0437,0.16034710431993962,0.049865725870149015,341062496.0,0.0036,0.0
VECO,False,34.997009787159286,"graham_earnings_stability,graham_pe,graham_pe_times_pb,munger_roe",2611458304.0,112.42106,2.8927412,3.926,0.28931,0.02643,0.3786,0.06676,71797000.0,,2.0
CSW,False,34.97814308319316,"graham_pe,graham_pe_times_pb,munger_roe",4687310336.0,39.35431,4.367921,2.7,0.8488500000000001,0.109280005,0.41908680346109045,0.15568348407323826,72619248.0,0.0042,4.0
DRH,False,34.97064509839738,"munger_roe,munger_gross_margin",2513962496.0,16.999998,1.6431736,5.588,0.78244,0.09911,0.29453,0.16066919155637036,76127872.0,0.0359,4.0
QDEL,False,34.95266766666667,"data_missing:trailing_pe,graham_size,graham_current_ratio,graham_debt_to_equity,graham_earnings_stability,munger_roe",728270976.0,,0.40866587,1.386,1.73277,-0.45905998,0.44858003,-0.33667863160208045,146762496.0,,0.0
SHO,False,34.908347093124284,"graham_pe,graham_pe_times_pb,munger_roe,munger_fcf",2052820992.0,50.18182,1.255116,5.435,0.51842,0.027520001,0.43710998,0.25784066820067764,-112617752.0,0.0326,4.0
LYV,False,34.86239112621233,"data_missing:trailing_pe,graham_current_ratio,graham_debt_to_equity,munger_gross_margin",38932189184.0,,468.12323,0.852,6.202140000000001,0.17677,0.25777,0.049648698171840096,1695030656.0,,4.0
MLKN,False,34.84991047068509,"graham_size,graham_debt_to_equity,graham_earnings_stability,munger_roe",1420025088.0,15.651514,1.049157,1.577,1.28174,0.06983,0.387536767576854,0.05161777338157587,82262496.0,0.0363,1.0
LGIH,False,34.7709859190234,"graham_size,munger_roe,munger_gross_margin",1128624256.0,17.045616,0.52957463,33.032,0.74344,0.03159,0.19646,0.04677561588832392,208319248.0,,4.0
AHR,False,34.7022953628361,"graham_current_ratio,graham_earnings_stability,graham_pe,graham_pe_times_pb,munger_roe,munger_gross_margin",11368636416.0,76.69118,2.7480636,1.314,0.41888,0.03951,0.1928,0.18368911780465044,396683008.0,0.0192,1.0
SMG,False,34.700781721964816,"data_missing:debt_to_equity,data_missing:return_on_equity,graham_current_ratio,graham_earnings_stability,graham_pe,graham_pe_times_pb",3048413440.0,20.216217,-14.601228,1.215,,,0.3059388825407987,0.10506577598077993,248500000.0,0.0504,1.0
SAFE,False,34.695607752002324,"graham_size,graham_debt_to_equity,graham_earnings_stability,munger_roe,munger_fcf",930525952.0,8.16149,0.38278908,37.645,1.76953,0.0464,0.92913,0.26169751421338755,-317175872.0,0.053899999999999997,2.0
BTSG,False,34.67579635076545,"graham_debt_to_equity,graham_earnings_stability,graham_pe,graham_pe_times_pb,munger_roe,munger_gross_margin",11234731008.0,50.696426,5.7105503,1.588,1.1600700000000002,0.13036,0.11756085946361444,0.022869024157271517,1028438976.0,,1.0
HLT,False,34.65098328998469,"data_missing:debt_to_equity,data_missing:return_on_equity,graham_current_ratio,graham_pe,graham_pe_times_pb",68809097216.0,44.828445,-10.947471,0.649,,,0.79036003,0.22368967522219455,1393874944.0,0.002,4.0
LAD,False,34.62523793142754,"graham_current_ratio,graham_debt_to_equity,munger_roe,munger_gross_margin",6952600064.0,10.472516,1.0868198,1.003,2.57698,0.10719,0.15233201097917093,0.04237290387379799,547649984.0,0.0089,4.0
DY,False,34.618903288200066,"graham_debt_to_equity,graham_pe,graham_pe_times_pb,munger_gross_margin",8800966656.0,26.67276,4.2634015,2.348,1.47703,0.19197,0.20528999,0.09571,326561504.0,,4.0
DXPE,False,34.56610564956913,"graham_debt_to_equity,graham_pe,graham_pe_times_pb",2874706688.0,32.558872,5.312267,2.993,1.66254,0.18469,0.315383375529728,0.08771725357264186,74078496.0,,4.0
TAP,False,34.5221402357819,"data_missing:trailing_pe,graham_current_ratio,graham_earnings_stability,munger_roe",6997616128.0,,0.69315153,0.879,0.7603,-0.19466,0.3277992070734569,-0.17920599986196636,935137472.0,0.0512,0.0
NAVI,False,34.516142,"data_missing:trailing_pe,data_missing:free_cash_flow,data_missing:consecutive_positive_earnings_years,graham_size,graham_debt_to_equity,munger_roe",891884160.0,,0.37193477,10.745,18.52711,-0.01975,1.0,0.33870998,,0.0673,
VIAV,False,34.49667450658133,"data_missing:trailing_pe,graham_earnings_stability,munger_roe",8725073920.0,,6.030014,1.846,0.48243,-0.02728,0.5765658960679707,0.06922215635908582,158712496.0,,0.0
AAON,False,34.48341428571428,"graham_pe,graham_pe_times_pb,munger_gross_margin,munger_fcf",6329141760.0,40.4,6.263566,3.013,0.44742,0.17284,0.25569,0.10987,-213758000.0,0.0052,4.0
ESAB,False,34.36139724889159,"graham_pe,graham_pe_times_pb,munger_roe",4037177600.0,20.357367,1.7051781,1.962,0.9826900000000001,0.08727,0.3688027144593508,0.1449998328968129,146126368.0,0.0074,4.0
LH,False,34.34184223277966,"graham_pe,graham_pe_times_pb,munger_roe,munger_gross_margin",26009579520.0,26.52688,3.0145316,1.796,0.7912399999999999,0.11728,0.28759936065139013,0.09924955381781432,892049984.0,0.009000000000000001,4.0
ENTG,False,34.337093794371356,"graham_pe,graham_pe_times_pb,munger_roe",21664675840.0,70.77114,5.2263207,3.049,0.85655,0.07671,0.44419070262153537,0.14262028405180505,477787488.0,0.0028000000000000004,4.0
INDV,False,34.31527776484192,"data_missing:debt_to_equity,data_missing:return_on_equity,graham_current_ratio,graham_earnings_stability,graham_pe_times_pb",4116954112.0,12.501793,-19.784458,0.835,,,0.8022598870056498,0.21146085552865213,86500000.0,,2.0
FND,False,34.150953372220954,"graham_current_ratio,graham_pe,graham_pe_times_pb,munger_roe",5034845696.0,22.093456,2.0247526,1.333,0.80645,0.09694,0.4363513238863147,0.057656901407488505,140193248.0,,4.0
JJSF,False,34.13354545717817,"graham_size,graham_pe,graham_pe_times_pb,munger_roe,munger_gross_margin",1456605056.0,30.220932,1.6281401,2.343,0.21512,0.05292,0.23328584651451315,0.01682324923339445,57647500.0,0.040999999999999995,4.0
VNOM,False,34.126917713338734,"data_missing:trailing_pe,graham_earnings_stability,munger_roe",15183167488.0,,1.6066746,6.374,0.1632,0.0109,1.0,-0.1003584229390681,46000000.0,0.057999999999999996,0.0
SRE,False,34.11503809523809,"graham_pe,graham_pe_times_pb,munger_roe,munger_fcf",53168635904.0,23.568115,1.6263301,1.642,0.84663,0.06679,0.43994,0.28328,-27657750528.0,0.0323,4.0
GPK,False,34.09668748663388,"graham_current_ratio,graham_debt_to_equity,munger_roe,munger_gross_margin",2754711808.0,14.323078,0.8517841,1.379,1.7615100000000001,0.060100004,0.16771341463414635,0.09330393408378786,237875008.0,0.0473,4.0
YUM,False,34.06544719000391,"data_missing:debt_to_equity,data_missing:return_on_equity,graham_current_ratio,graham_pe_times_pb",37657624576.0,17.40101,-5.229271,0.592,,,0.45311,0.3133674214755296,833249984.0,0.0217,4.0
TLN,False,34.033667333333334,"data_missing:trailing_pe,graham_current_ratio,graham_debt_to_equity,graham_earnings_stability,munger_roe",14005338112.0,,8.664078,0.781,5.8413699999999995,-0.12825,0.42101002,-0.03487020534676482,1261750016.0,,0.0
ONTO,False,34.02654140372283,"graham_pe,graham_pe_times_pb,munger_roe",16101746688.0,99.03383,6.718096,9.726,0.76547,0.06825,0.4971534812282955,0.13223106788969652,202947248.0,,4.0
TXT,False,34.02521239010085,"munger_roe,munger_gross_margin",13857212416.0,15.007534,1.7012148,1.861,0.5228499999999999,0.12126,0.17628999,0.08701,452750016.0,0.001,4.0
DXC,False,33.97225505415706,"graham_size,graham_current_ratio,graham_debt_to_equity,graham_earnings_stability,munger_roe,munger_gross_margin",1722414208.0,14.567567,0.5673386,1.408,1.25421,0.04025,0.22997,0.07671622904144258,877000000.0,,3.0
AVA,False,33.95425996508583,"graham_current_ratio,graham_debt_to_equity,munger_roe,munger_fcf",3036040192.0,13.086642,1.0762106,1.1,1.19709,0.08306,0.66753995,0.18024439918533605,-235124992.0,0.054299999999999994,4.0
ETR,False,33.95418221664194,"graham_current_ratio,graham_debt_to_equity,graham_pe,graham_pe_times_pb,munger_roe,munger_fcf",48738082816.0,26.089514,2.611289,0.912,1.8677000000000001,0.10248999,0.47000998,0.24734345144386757,-4400858112.0,0.025099999999999997,4.0
KMPR,False,33.87056666666667,"data_missing:trailing_pe,graham_size,graham_current_ratio,graham_earnings_stability,munger_roe,munger_gross_margin",1560285056.0,,0.71154106,0.817,0.63974,-0.19700001,0.254,-0.013935520407750495,220550000.0,0.0483,2.0
BJ,False,33.77192924902263,"graham_current_ratio,graham_debt_to_equity,graham_pe,graham_pe_times_pb,munger_gross_margin",11624740864.0,20.137854,5.295776,0.73,1.26207,0.27673,0.18244,0.03805721080879146,246668752.0,,4.0
KD,False,33.721547319047616,"graham_current_ratio,graham_debt_to_equity,graham_earnings_stability,graham_pe,graham_pe_times_pb,munger_roe,munger_gross_margin",2629066240.0,32.62162,2.4748821,0.848,4.22451,0.069299996,0.21841,0.02902,2652624896.0,,2.0
NPK,False,33.697379017065884,"graham_size,graham_pe,graham_pe_times_pb,munger_roe,munger_gross_margin",1060276864.0,24.887774,2.578037,5.22,0.022320000000000003,0.10902,0.15952566312628594,0.07991873277142698,8961750.0,0.0067,4.0
LFST,False,33.68705370836369,"graham_current_ratio,graham_earnings_stability,graham_pe,graham_pe_times_pb,munger_roe",4778537472.0,96.69231,3.2505817,1.376,0.32098999999999994,0.03429,0.33558998,0.01695447189291469,172356128.0,,1.0
UGI,False,33.58419910702033,"graham_current_ratio,graham_debt_to_equity,graham_earnings_stability,munger_roe,munger_fcf",8077880320.0,12.511628,1.489951,1.439,1.34987,0.13279,0.51343,0.1519143680526966,-236250000.0,0.0398,2.0
HSIC,False,33.56957737992185,"graham_current_ratio,graham_pe,graham_pe_times_pb,munger_roe",9664697344.0,24.734692,3.0075507,1.319,0.80733,0.088549994,0.3113622572815534,0.04952973300970874,446000000.0,,4.0
AXON,False,33.5230920394732,"graham_pe,graham_pe_times_pb,munger_roe",36374867968.0,185.0248,9.898968,2.149,0.50363,0.06221,0.5965474093517767,-0.02233322396256066,222160000.0,,4.0
PSN,False,33.483838174389035,"graham_pe,graham_pe_times_pb,munger_roe,munger_gross_margin",4787017728.0,30.910343,1.8190674,1.662,0.59881,0.082440004,0.21959999,0.06569105997647796,213456128.0,,4.0
AEP,False,33.469338180386856,"graham_current_ratio,graham_debt_to_equity,graham_pe,graham_pe_times_pb,munger_roe,munger_fcf",65327685632.0,20.797228,2.0363488,0.504,1.6078899999999998,0.10130999,0.46352002,0.24314317059791551,-5995950080.0,0.0317,4.0
RRX,False,33.40122597142113,"graham_earnings_stability,graham_pe,graham_pe_times_pb,munger_roe",9858926592.0,30.462963,1.4258062,2.276,0.68843,0.047670003,0.33073095813268916,0.060329243124770025,455187488.0,0.0095,2.0
FE,False,33.38351554955978,"graham_current_ratio,graham_debt_to_equity,graham_pe,graham_pe_times_pb,munger_roe,munger_fcf",26179792896.0,24.203207,2.0246935,0.541,2.00908,0.09491,0.68605006,0.1461895294897283,-2014625024.0,0.041100000000000005,4.0
PECO,False,33.36885621692488,"graham_pe,graham_pe_times_pb,munger_roe",5245934080.0,32.596493,2.0099523,1.567,0.91852,0.060170002,0.70998,-0.027595161620993645,160187872.0,0.0371,4.0
HTO,False,33.321282934044476,"graham_debt_to_equity,graham_pe,graham_pe_times_pb,munger_roe,munger_fcf",2623165952.0,22.066902,1.4224755,1.667,1.02581,0.06463,0.56912,0.22174521290548221,-250611632.0,0.0281,4.0
GIS,False,33.30477736700881,"data_missing:trailing_pe,graham_current_ratio,graham_debt_to_equity,graham_earnings_stability,munger_roe",19417741312.0,,3.507823,0.682,1.88879,-0.01028,0.33733,0.048077027452427736,2308499968.0,0.0672,0.0
LNT,False,33.255990813519354,"graham_current_ratio,graham_debt_to_equity,graham_pe,graham_pe_times_pb,munger_roe,munger_fcf",17010373632.0,20.761076,2.2592812,0.466,1.60951,0.11135,0.44502,0.23498395231545163,-1138625024.0,0.0326,4.0
MDLZ,False,33.22171346897915,"graham_current_ratio,graham_pe,graham_pe_times_pb,munger_roe,munger_gross_margin",78110089216.0,22.289377,2.9250588,0.599,0.82643,0.13340001,0.2837532760723461,0.0920673638321613,2252375040.0,0.0342,4.0
TNC,False,33.21482710317885,"graham_size,graham_pe,graham_pe_times_pb,munger_roe",1149123072.0,64.80769,2.1543183,2.045,0.73113,0.03078,0.40240963855421685,0.05675114250103864,50687500.0,0.0184,4.0
WMT,False,33.163226058968625,"graham_current_ratio,graham_pe,graham_pe_times_pb,munger_gross_margin",846768766976.0,38.67029,9.008272,0.767,0.7165300000000001,0.22313999,0.24836999,0.041820733829433104,7127625216.0,0.009300000000000001,4.0
D,False,33.07885084644545,"graham_current_ratio,graham_debt_to_equity,graham_pe,graham_pe_times_pb,munger_roe,munger_fcf",55920263168.0,22.0,2.0031507,0.809,1.60459,0.08281,0.46222,0.26741790863928266,-9181124608.0,0.042,4.0
THO,False,33.02098167269939,"munger_roe,munger_gross_margin",3527927808.0,13.718622,0.8177178,1.707,0.21316,0.06091,0.13994909958672122,0.03452,148253872.0,0.030699999999999998,4.0
HXL,False,33.010698686187084,"graham_pe,graham_pe_times_pb,munger_roe,munger_gross_margin",6666207744.0,44.520203,5.1264906,2.427,0.73902,0.10764,0.22957917524684512,0.09060668461904008,252975008.0,0.008199999999999999,4.0
LTH,False,32.97792211007227,"graham_current_ratio,graham_debt_to_equity,graham_earnings_stability,graham_pe,graham_pe_times_pb,munger_roe,munger_fcf",9106074624.0,22.26776,2.7544951,0.657,1.29478,0.13445,0.48022997,0.1606851503461308,-345163264.0,,3.0
VYX,False,32.97702842610807,"graham_size,graham_current_ratio,graham_debt_to_equity,graham_earnings_stability,graham_pe,munger_roe,munger_gross_margin",930591104.0,24.071428,1.0059701,1.072,1.15799,0.05272,0.25825,0.009676218831410495,216250000.0,,2.0
CLH,False,32.96418648707756,"graham_debt_to_equity,graham_pe,graham_pe_times_pb",16670212096.0,38.32524,5.692962,2.131,1.10951,0.15562001,0.32257,0.11165481673605172,383758016.0,,4.0
OGS,False,32.86428817723744,"graham_current_ratio,munger_roe,munger_fcf",4726163456.0,16.204742,1.3346232,0.481,0.95903,0.085760005,0.6008782612479727,0.13574721538554038,-219928128.0,0.0362,4.0
CVI,False,32.85050847187336,"graham_current_ratio,graham_debt_to_equity,graham_pe,graham_pe_times_pb,munger_gross_margin",5397487616.0,77.81159,10.281501,1.418,2.4180099999999998,0.24254999,0.10905,0.02541189611840268,214500000.0,0.0075,4.0
SXT,False,32.840474819846534,"graham_pe,graham_pe_times_pb,munger_roe,munger_fcf",5516937728.0,34.932617,4.3565955,4.39,0.6063000000000001,0.13071,0.34876,0.12848246801864138,-2621250.0,0.0127,4.0
BLDR,False,32.79903242092557,"graham_debt_to_equity,graham_pe,graham_pe_times_pb,munger_roe",6253506048.0,63.173912,1.5613164,1.789,1.30786,0.02506,0.30385669120678144,0.05176056463197925,464577120.0,,4.0
WEC,False,32.7779134294548,"graham_current_ratio,graham_debt_to_equity,graham_pe,graham_pe_times_pb,munger_roe,munger_fcf",33617879040.0,20.033009,2.4664707,0.534,1.5798500000000002,0.11988,0.41909,0.22906909113172313,-2353637376.0,0.0369,4.0
FUN,False,32.73233333333333,"data_missing:trailing_pe,graham_size,graham_current_ratio,graham_debt_to_equity,graham_earnings_stability,munger_roe",1250305408.0,,10.900981,0.42,14.552999999999999,-1.4315801,0.38197,-0.443509298649255,483434880.0,,0.0
ABM,False,32.72665957803902,"graham_current_ratio,graham_debt_to_equity,munger_roe,munger_gross_margin",2917248256.0,18.032608,1.6295593,1.421,1.05134,0.09191,0.12918,0.03563955682091037,281200000.0,0.0233,4.0
BEN,False,32.71537385271415,"graham_pe,graham_pe_times_pb,munger_roe,munger_fcf",16771617792.0,22.45578,1.4272125,5.486,0.24805,0.07887,0.37707,0.06887705656333018,-2990862592.0,0.04,4.0
CNP,False,32.70868635017329,"graham_current_ratio,graham_debt_to_equity,graham_pe,graham_pe_times_pb,munger_roe,munger_fcf",25176289280.0,22.750002,2.148036,1.123,2.10256,0.09825,0.47027,0.22549962594848777,-5191875072.0,0.025099999999999997,4.0
MAR,False,32.605582634341864,"data_missing:debt_to_equity,data_missing:return_on_equity,graham_current_ratio,graham_pe,graham_pe_times_pb",88378916864.0,35.08489,-19.608887,0.535,,,0.79241997,0.15813793630184067,2060375040.0,0.0086,4.0
BKH,False,32.58435018386483,"graham_current_ratio,graham_debt_to_equity,munger_roe,munger_fcf",5372033536.0,17.74559,1.362353,0.523,1.11686,0.07958,0.4993103849222529,0.2326839826839827,-77750000.0,0.039900000000000005,4.0
IPGP,False,32.575792129773575,"graham_earnings_stability,graham_pe,graham_pe_times_pb,munger_roe",3249058816.0,117.76924,1.5306327,6.179,0.00764,0.01302,0.38002763562026226,0.013054692426704338,45315500.0,,1.0
PDFS,False,32.43636237309464,"graham_size,graham_earnings_stability,graham_pe,graham_pe_times_pb,munger_roe,munger_fcf",1869821056.0,177.12,4.979757,3.447,0.19210000000000002,0.03272,0.5335178804566559,0.0018651039059202324,-13259875.0,,0.0
VTRS,False,32.35631191068936,"data_missing:trailing_pe,graham_earnings_stability,munger_roe",19468615680.0,,1.3465205,1.585,0.9553499999999999,-0.02754,0.3505968573206806,-0.18623207155294794,2677337600.0,0.028300000000000002,0.0
CPK,False,32.341709686443934,"graham_current_ratio,graham_debt_to_equity,graham_pe,graham_pe_times_pb,munger_roe,munger_fcf",3167106304.0,21.020802,1.892511,0.316,1.01273,0.094689995,0.40342,0.27516129032258063,-220775008.0,0.022400000000000003,4.0
FMC,False,32.33392936109669,"data_missing:trailing_pe,graham_size,graham_debt_to_equity,graham_earnings_stability,munger_roe",1263538816.0,,0.7719379,1.987,2.6504700000000003,-0.88376,0.3700178808329007,-0.4696025840687547,165637504.0,0.0317,0.0
UFPI,False,32.32356988191975,"munger_roe,munger_gross_margin",4368790016.0,18.082191,1.4382739,3.981,0.13347,0.0802,0.13773177691362642,0.04604430853485071,117891504.0,0.0182,4.0
CWT,False,32.19479692270747,"graham_current_ratio,graham_pe,graham_pe_times_pb,munger_roe,munger_fcf",2929936640.0,21.246637,1.6209929,0.701,0.9267700000000001,0.07677,0.53286,0.17678726152984087,-258749376.0,0.028300000000000002,4.0
UVV,False,32.184298861020416,"graham_size,graham_pe,graham_pe_times_pb,munger_roe,munger_gross_margin",1099053184.0,58.07895,0.79258764,2.572,0.85545,0.022769999,0.17417999,0.058386982951587445,155875008.0,0.07519999999999999,4.0
KNTK,False,32.160145039504975,"graham_current_ratio,graham_debt_to_equity,graham_pe_times_pb,munger_fcf",9052192768.0,18.706295,-3.563341,0.682,1.3657400000000002,0.19231,0.41193,0.09347088425511607,-95451128.0,0.06,4.0
SEI,False,32.04723090049176,"graham_debt_to_equity,graham_pe,graham_pe_times_pb,munger_roe,munger_fcf",7009632768.0,88.177216,4.851313,4.123,2.16673,0.08099,0.49943,0.21759066545591887,-806578240.0,0.0069,4.0
HASI,False,32.045964285714284,"data_missing:free_cash_flow,graham_debt_to_equity,graham_pe,graham_pe_times_pb,munger_roe",4719650304.0,56.507694,1.8406414,8.703,2.22661,0.03371,1.0,0.22208,,0.0463,4.0
OMC,False,31.961693643261974,"graham_current_ratio,graham_debt_to_equity,graham_earnings_stability,graham_pe,graham_pe_times_pb,munger_roe,munger_gross_margin",21822924800.0,206.94594,2.1741724,0.924,1.07744,0.060510002,0.18959999,0.02574702262055709,4260624896.0,0.0418,0.0
ED,False,31.947189381273255,"graham_current_ratio,graham_debt_to_equity,munger_roe,munger_fcf",38991032320.0,17.340462,1.5167383,1.268,1.10113,0.08962,0.53372,0.17348386334082042,-844875008.0,0.0333,4.0
BHE,False,31.867759803621997,"graham_pe,graham_pe_times_pb,munger_roe,munger_gross_margin",2708363008.0,51.643837,2.4261537,1.993,0.26142,0.047810003,0.10156187714075547,0.0285994401130003,136417248.0,0.009000000000000001,4.0
USPH,False,31.867512117231712,"graham_size,graham_current_ratio,graham_pe,graham_pe_times_pb,munger_roe,munger_gross_margin",1230674944.0,485.11765,2.7432392,1.271,0.5032099999999999,0.0651,0.19167082805157556,0.11098349530723825,41290124.0,0.0223,4.0
GME,False,31.850369134369018,graham_earnings_stability,11421901824.0,14.894736,1.7388632,8.718,0.70557,0.15786,0.3295132097302956,0.06394115540373013,85450000.0,,3.0
HZO,False,31.833196435685558,"graham_size,graham_current_ratio,graham_debt_to_equity,graham_earnings_stability,graham_pe,graham_pe_times_pb,munger_roe",1160878848.0,328.50003,1.2187827,1.234,1.15137,0.00497,0.3248741603472585,0.014730514340350793,183364128.0,,0.0
ALGM,False,31.813216496018438,"graham_earnings_stability,graham_pe,graham_pe_times_pb,munger_roe",6356309504.0,487.14282,6.5893717,3.703,0.31472,0.015269999,0.4628377163811544,0.020769669788427314,103498872.0,,0.0
CNXN,False,31.80550610042543,"graham_pe,graham_pe_times_pb,munger_roe,munger_gross_margin",2187638528.0,22.931217,2.2963414,2.88,0.00792,0.104320005,0.18774023182000776,0.03455996457744611,11910875.0,0.0092,4.0
MIR,False,31.80143678368453,"graham_earnings_stability,graham_pe,graham_pe_times_pb,munger_roe",3924912128.0,175.1111,2.0999334,3.198,0.6575700000000001,0.01511,0.47395720769397015,0.05565161011454506,115362496.0,,1.0
VTR,False,31.798667199133984,"graham_current_ratio,graham_earnings_stability,graham_pe,graham_pe_times_pb,munger_roe",44467322880.0,157.61818,3.0354705,0.295,0.8492799999999999,0.02012,0.39970002,0.14807999,1486853504.0,0.024,2.0
PRGO,False,31.713025009208973,"data_missing:trailing_pe,graham_size,graham_debt_to_equity,graham_earnings_stability,munger_roe",1881711104.0,,0.74760175,2.324,1.38183,-0.48746,0.3513907502762691,-0.26385460017399076,437212512.0,0.0855,0.0
HOG,False,31.691008192382412,"munger_roe,munger_gross_margin",2698599936.0,14.405556,0.87074786,1.903,0.7404000000000001,0.06093,0.27989,0.08643413235565342,110030248.0,0.028900000000000002,4.0
SARO,False,31.67877963072751,"graham_earnings_stability,graham_pe,graham_pe_times_pb,munger_roe,munger_gross_margin",7379503104.0,22.989689,2.6328216,2.135,0.93207,0.12302,0.15048,0.0908977844666065,369616000.0,,2.0
CNXC,False,31.653066885709702,"data_missing:trailing_pe,graham_size,graham_current_ratio,graham_debt_to_equity,graham_earnings_stability,munger_roe",1700581504.0,,0.62794316,1.179,2.03764,-0.37662,0.34959200657129097,-0.09344640741169319,775551744.0,0.0516,0.0
PTCT,False,31.653,"data_missing:trailing_pe,data_missing:debt_to_equity,data_missing:return_on_equity,graham_earnings_stability,munger_fcf",5455832576.0,,-32.93199,3.394,,,0.49959,0.5009288390811572,-286804256.0,,1.0
NWE,False,31.650300939722527,"graham_current_ratio,graham_debt_to_equity,graham_pe,graham_pe_times_pb,munger_roe,munger_fcf",4212127232.0,24.718412,1.4547038,0.826,1.24221,0.05935,0.55587,0.2023011885935256,-242985632.0,0.0392,4.0
PRVA,False,31.644748284108807,"graham_earnings_stability,graham_pe,graham_pe_times_pb,munger_roe,munger_gross_margin",2535524096.0,90.22727,3.204197,1.616,0.01042,0.04306,0.1003,0.018609999,95646496.0,,3.0
LITE,False,31.62662826917441,"data_missing:trailing_pe,graham_earnings_stability,munger_roe",83502620672.0,,17.760712,1.678,0.35987,-2.40027,0.4166887856668879,0.1741207697412077,224700000.0,,0.0
GKOS,False,31.60929093669199,"data_missing:trailing_pe,graham_earnings_stability,munger_roe",9662158848.0,,14.127641,5.04,0.15766,-0.25981,0.5572282152443038,-0.39334544637613755,15456250.0,,0.0
NWL,False,31.485021548874965,"data_missing:trailing_pe,graham_current_ratio,graham_debt_to_equity,graham_earnings_stability,munger_roe",2333932032.0,,0.9510586,1.111,2.32966,-0.085939996,0.3375902276513048,0.005413659078289839,408624992.0,0.051100000000000007,0.0
ACI,False,31.472833997830097,"graham_current_ratio,graham_debt_to_equity,graham_pe,graham_pe_times_pb,munger_roe,munger_gross_margin",6048763904.0,77.18751,3.7424245,0.842,9.735850000000001,0.02717,0.27180498361838346,0.008748083801737354,1753387520.0,0.055099999999999996,4.0
NX,False,31.425897816869906,"graham_size,graham_debt_to_equity,graham_earnings_stability,graham_pe,munger_roe,munger_gross_margin",920648512.0,20.71134,1.2231355,2.231,1.13017,0.06201,0.26587,-0.10554400995624282,65965624.0,0.0159,0.0
PMT,False,31.377607517857143,"data_missing:free_cash_flow,graham_size,graham_debt_to_equity,graham_earnings_stability,munger_roe",767380800.0,6.111111,0.58495086,1.798,12.390820000000001,0.089370005,0.82927,0.10908,,0.1818,3.0
RYN,False,31.356597317051605,"graham_pe,graham_pe_times_pb,munger_roe,munger_gross_margin",6026885632.0,43.782608,1.1538241,3.562,0.36024999999999996,0.02015,0.24815,0.17200945333704862,111029624.0,0.0516,4.0
PCAR,False,31.30936326798399,"graham_pe,graham_pe_times_pb,munger_roe,munger_gross_margin",61089914880.0,24.433683,3.0061905,5.519,0.7291,0.12755999,0.13715,0.12024,1943650048.0,0.0121,4.0
XPO,False,31.304020653003434,"graham_current_ratio,graham_debt_to_equity,graham_pe,graham_pe_times_pb,munger_gross_margin",20402317312.0,51.25,10.39864,1.011,2.06167,0.21587,0.17586074327210593,0.08042172367291897,473750016.0,,4.0
KOP,False,31.280652781050698,"data_missing:trailing_pe,graham_size,graham_debt_to_equity,munger_roe,munger_gross_margin",857261440.0,,2.214244,2.332,2.59302,-0.19013001,0.22362,0.08928856489118289,162850000.0,0.0079,4.0
APG,False,31.27669568299426,"data_missing:trailing_pe,graham_current_ratio,graham_debt_to_equity,munger_roe",16158473216.0,,4.422758,1.389,1.0927200000000001,0.10348,0.3143723928706864,0.07002907344204272,648625024.0,,4.0
ORLY,False,31.268348282392246,"data_missing:debt_to_equity,data_missing:return_on_equity,graham_current_ratio,graham_pe,graham_pe_times_pb",68527067136.0,26.892063,-37.665627,0.752,,,0.5159231316716373,0.19461329191915056,1570733824.0,,4.0
PPL,False,31.263754853290994,"graham_current_ratio,graham_debt_to_equity,graham_pe_times_pb,munger_roe,munger_fcf",25089845248.0,19.72781,1.6672502,0.905,1.3543399999999999,0.086330004,0.44094002,0.2354567573545676,-1938375040.0,0.0342,4.0
PEG,False,31.25794545261444,"graham_current_ratio,graham_debt_to_equity,graham_pe_times_pb,munger_roe",34767884288.0,17.35572,2.0050578,0.877,1.4240899999999999,0.11835,0.33333,0.24490466798159105,107750000.0,0.0384,4.0
PSMT,False,31.20286604395337,"graham_current_ratio,graham_pe,graham_pe_times_pb,munger_roe,munger_gross_margin",5204936192.0,32.49711,3.6459146,1.277,0.24017,0.12314,0.17635,0.04411875765403805,58311500.0,0.0083,4.0
AMTM,False,31.159866210757215,"graham_earnings_stability,graham_pe,munger_roe,munger_gross_margin",4792325632.0,23.614458,1.0199304,1.523,0.7987099999999999,0.04287,0.10488,0.03334954491766831,484249984.0,,1.0
PSKY,False,31.109666000000004,"graham_current_ratio,graham_debt_to_equity,graham_earnings_stability,graham_pe,graham_pe_times_pb,munger_roe",11426757632.0,340.33334,0.97238094,1.04,1.26479,-0.00896,0.33328998,-0.18036490603498442,17593124864.0,0.0196,0.0
DUK,False,31.073792774715127,"graham_current_ratio,graham_debt_to_equity,graham_pe_times_pb,munger_roe,munger_fcf",91638398976.0,17.700302,1.7046674,0.661,1.62155,0.098570004,0.51971,0.14833876885446393,-4477374976.0,0.0369,4.0
NEOG,False,30.948029195195616,"data_missing:trailing_pe,graham_earnings_stability,munger_roe",2835377920.0,,1.3521947,3.822,0.38827,-0.00379,0.46932444852941174,-0.024816176470588234,69500000.0,,0.0
PTEN,False,30.922583605392244,"data_missing:trailing_pe,graham_earnings_stability,munger_roe,munger_gross_margin",4471896064.0,,1.4493109,1.75,0.41383000000000003,-0.0277,0.23754999,-0.008459328922244616,254212992.0,0.034,0.0
ICUI,False,30.899887355529415,"graham_earnings_stability,graham_pe,graham_pe_times_pb,munger_roe",3817324288.0,128.2773,1.7739685,2.43,0.59817,0.014099999,0.36841885892378395,0.019194966794576343,163559632.0,,1.0
RAL,False,30.895578095063158,"data_missing:trailing_pe,graham_earnings_stability,munger_roe",7519094784.0,,4.900137,1.524,0.79797,-0.53898996,0.5028518948182521,-0.5718290796597061,333950016.0,0.0029,0.0
OC,False,30.89068310685652,"data_missing:trailing_pe,graham_current_ratio,graham_debt_to_equity,graham_earnings_stability,munger_roe,munger_gross_margin",9794131968.0,,2.5949273,1.16,1.50328,-0.094510004,0.28090666138770665,0.035632980302880334,869500032.0,0.0255,0.0
STLD,False,30.740771420155717,"graham_pe,graham_pe_times_pb,munger_gross_margin",33719367680.0,21.367846,3.5867722,3.183,0.46924,0.17568001,0.13160797401887628,0.0812026200086804,234191248.0,0.009000000000000001,4.0
ASTH,False,30.71102514346819,"graham_size,graham_current_ratio,graham_debt_to_equity,graham_pe,graham_pe_times_pb,munger_roe,munger_gross_margin",1704406144.0,41.90244,2.0373554,1.229,1.6362299999999999,0.06902,0.1343047536293536,0.024679667191427158,231191248.0,,4.0
NWN,False,30.58986986126493,"graham_current_ratio,graham_debt_to_equity,munger_roe,munger_fcf",2034801536.0,16.167225,1.3049347,0.772,1.73275,0.08347999,0.44977,0.21785253648507052,-268720128.0,0.0408,4.0
SYF,False,30.589499999999997,"data_missing:current_ratio,data_missing:debt_to_equity,data_missing:free_cash_flow,munger_gross_margin",24415827968.0,7.69641,1.606405,,,0.20786,0.0,0.50219,,0.0181,4.0
CWK,False,30.567627801059196,"graham_current_ratio,graham_debt_to_equity,graham_earnings_stability,graham_pe,graham_pe_times_pb,munger_roe,munger_gross_margin",2910449920.0,42.75862,1.4383482,1.078,1.49834,0.0352,0.18128,0.04398242646915884,302500000.0,,2.0
AZO,False,30.558357412725297,"data_missing:debt_to_equity,data_missing:return_on_equity,graham_current_ratio,graham_pe_times_pb",46613950464.0,19.64573,-16.784983,0.89,,,0.5262486365892685,0.1906230501253068,903784256.0,,4.0
HCA,False,30.54019649133845,"data_missing:debt_to_equity,data_missing:return_on_equity,graham_current_ratio,graham_pe_times_pb",94883102720.0,14.34787,-14.035704,0.993,,,0.42580003,0.15161,3738125056.0,0.0073,4.0
UTI,False,30.532547967551515,"graham_size,graham_current_ratio,graham_debt_to_equity,graham_pe,graham_pe_times_pb,munger_roe,munger_fcf",1182894592.0,35.19672,3.4357495,1.302,1.04405,0.105349995,0.55051,0.09988918354842416,-4487750.0,,4.0
EXC,False,30.49966764599602,"graham_current_ratio,graham_debt_to_equity,munger_roe,munger_fcf",43342782464.0,15.466911,1.4622871,1.088,1.77362,0.09711,0.42363998,0.21221864951768488,-2685125120.0,0.039900000000000005,4.0
PBF,False,30.482217256030232,"graham_current_ratio,graham_earnings_stability,munger_gross_margin",9149858816.0,6.7651186,1.427858,1.33,0.38423999999999997,0.23228,0.050430004,-0.0018512015764191694,78462496.0,0.0143,0.0
KALU,False,30.40244984563307,"graham_debt_to_equity,graham_earnings_stability,munger_gross_margin",2454489344.0,11.137241,2.5767198,2.495,1.13255,0.26398,0.14524001,0.05597391046546101,33025000.0,0.0206,3.0
AEIS,False,30.384424536521966,"graham_pe,graham_pe_times_pb",10501225472.0,48.287296,7.2027035,3.79,0.94568,0.16267,0.37658438959306206,0.0933955970647098,34187500.0,0.0015,4.0
KNX,False,30.3639702481349,"graham_current_ratio,graham_pe,graham_pe_times_pb,munger_roe,munger_gross_margin",10852570112.0,246.96295,1.5543487,0.877,0.38409999999999994,0.00611,0.24333,0.02892516676397103,491255488.0,0.012,4.0
XEL,False,30.347829364735407,"graham_current_ratio,graham_debt_to_equity,graham_pe_times_pb,munger_roe,munger_fcf",45161062400.0,19.80822,1.8765574,0.701,1.73135,0.0992,0.46825,0.17032157406604836,-7907999744.0,0.032799999999999996,4.0
ETSY,False,30.32226285483594,"data_missing:debt_to_equity,data_missing:return_on_equity,graham_current_ratio,graham_earnings_stability,graham_pe,graham_pe_times_pb",6663354368.0,22.974682,-4.806992,1.476,,,0.7163864344073403,0.09232179909075808,169665376.0,,3.0
PK,False,30.307666666666673,"data_missing:trailing_pe,graham_current_ratio,graham_debt_to_equity,graham_earnings_stability,munger_roe",3018061568.0,,0.97680175,0.297,1.35246,-0.04859,0.30923,-0.012987012987012988,1068875008.0,0.0667,0.0
TMP,False,30.272251499999996,"data_missing:current_ratio,data_missing:debt_to_equity,data_missing:free_cash_flow,graham_size,munger_gross_margin",1428797696.0,8.122649,1.4818902,,,0.20363002,0.0,0.45026,,0.0282,4.0
OTIS,False,30.204816446871575,"data_missing:debt_to_equity,data_missing:return_on_equity,graham_current_ratio,graham_pe_times_pb",26083463168.0,17.614395,-4.5380487,0.831,,,0.30313,0.14780680479523248,1436249984.0,0.025699999999999997,4.0
BMRN,False,30.07283945933878,"graham_pe,graham_pe_times_pb,munger_roe",12377106432.0,172.8108,1.9575067,2.387,0.66473,0.011820001,0.50968,0.12711761541238767,85157376.0,,4.0
PNW,False,30.042974282873665,"graham_current_ratio,graham_debt_to_equity,munger_roe,munger_fcf",11417991168.0,18.082533,1.6229951,0.594,2.3328800000000003,0.09365,0.43352002,0.19993299548927432,-929501376.0,0.038599999999999995,4.0
CBRE,False,30.027455812706627,"graham_current_ratio,graham_debt_to_equity,graham_pe,graham_pe_times_pb,munger_gross_margin",40395755520.0,31.922197,4.8146615,1.141,1.17789,0.15798001,0.18574,0.043230579531442666,1637624960.0,,4.0
PEB,False,30.02734527500173,"data_missing:trailing_pe,graham_current_ratio,graham_earnings_stability,munger_roe,munger_gross_margin",2028631296.0,,0.83891374,0.708,0.97934,-0.016339999,0.25336,0.029682611972262435,258438128.0,0.0022,0.0
BAX,False,30.017194355508124,"data_missing:trailing_pe,graham_debt_to_equity,graham_earnings_stability,munger_roe",11787508736.0,,1.8993669,1.946,1.5644900000000002,-0.14371,0.3005158306652437,-0.027392387050871575,1000374976.0,0.0018,0.0
APO,False,30.014332666666665,"data_missing:free_cash_flow,graham_debt_to_equity,graham_earnings_stability,graham_pe,graham_pe_times_pb,munger_roe",74355294208.0,44.80783,3.6985579,1.948,1.00969,0.11412,0.36141998,0.21952,,0.0179,3.0
TTWO,False,30.011587196079038,"data_missing:trailing_pe,graham_current_ratio,graham_earnings_stability,munger_roe",38415130624.0,,10.849131,1.062,0.81607,-0.09039,0.5723363980530016,-0.01565410732528093,1256137472.0,,0.0
GSHD,False,29.99054563203249,"data_missing:debt_to_equity,data_missing:return_on_equity,graham_size,graham_pe,graham_pe_times_pb",1949518336.0,39.817516,-11.552308,1.544,,,0.49583,0.20380012263758404,36873876.0,,4.0
ESI,False,29.98598690134052,"graham_pe,graham_pe_times_pb,munger_roe",7975844864.0,44.22973,2.8357303,2.907,0.74976,0.06539,0.41960645970523675,0.1341329570398244,50812500.0,0.0098,4.0
ENSG,False,29.973308432140612,"graham_current_ratio,graham_pe,graham_pe_times_pb,munger_gross_margin",10135898112.0,27.258621,4.1155314,1.211,0.92027,0.16973,0.16566,0.08408844801566519,280635360.0,0.0015,4.0
TSN,False,29.930810952283466,"graham_current_ratio,graham_earnings_stability,graham_pe,graham_pe_times_pb,munger_roe,munger_gross_margin",18564564992.0,32.574074,1.0268534,1.433,0.44025,0.03263,0.06542862915817123,0.020168622912878163,1191250048.0,0.0387,2.0
HUBG,False,29.884493602774114,"graham_current_ratio,munger_roe,munger_gross_margin",2000942976.0,18.804598,1.175921,1.474,0.2841,0.06241,0.166558686562469,0.035549198127909305,59145876.0,0.015300000000000001,4.0
MXL,False,29.851748755732643,"data_missing:trailing_pe,graham_earnings_stability,munger_roe",7357031936.0,,15.173962,1.776,0.30566,-0.21324,0.568414659963519,-0.27134062240051665,14404875.0,,0.0
STWD,False,29.81175377970183,"data_missing:free_cash_flow,graham_debt_to_equity,graham_pe,munger_roe",5673747968.0,25.322035,0.85201025,12.868,3.3111900000000003,0.03689,0.86453,0.16438342152637608,,0.1285,4.0
SR,False,29.804565031582325,"graham_current_ratio,graham_debt_to_equity,munger_roe,munger_fcf",4683508224.0,17.490067,1.3070376,0.37,2.02612,0.081099994,0.43965998,0.21155709901469877,-319812512.0,0.0417,4.0
TFX,False,29.80052706332265,"data_missing:trailing_pe,graham_debt_to_equity,graham_earnings_stability,munger_roe",5276210688.0,,1.8165374,2.604,1.0110299999999999,-0.00701,0.562426199859187,0.05940293459218663,179542000.0,0.0109,0.0
FBP,False,29.6205,"data_missing:current_ratio,data_missing:debt_to_equity,data_missing:free_cash_flow,munger_gross_margin",4210590976.0,11.637132,2.1158419,,,0.19494,0.0,0.49097002,,0.028999999999999998,4.0
COHR,False,29.617667921149284,"graham_earnings_stability,graham_pe,graham_pe_times_pb,munger_roe,munger_fcf",62149316608.0,76.842606,5.6976657,2.427,0.31611999999999996,0.07981,0.37495998,0.02041787816014995,-649981632.0,,2.0
ACM,False,29.59668054366711,"graham_current_ratio,graham_debt_to_equity,graham_pe,graham_pe_times_pb,munger_gross_margin",7977891328.0,21.827467,3.637484,1.057,1.3888,0.16605,0.0753867098002667,0.06360260481936937,379882112.0,0.02,4.0
ALGT,False,29.590596472839692,"graham_current_ratio,graham_debt_to_equity,graham_earnings_stability,graham_pe,graham_pe_times_pb,munger_roe,munger_gross_margin",2136719104.0,67.37932,1.1947966,0.832,1.6047,0.018339999,0.22812,0.014258919449592742,194582624.0,,0.0
OPLN,False,29.57394532722227,"data_missing:trailing_pe,graham_current_ratio,graham_debt_to_equity,graham_earnings_stability,munger_roe",4183334400.0,,2.6813238,1.168,1.5736400000000001,0.11147001,0.45846,0.10162832773326441,26375000.0,,2.0
COHU,False,29.564248704671257,"data_missing:trailing_pe,graham_earnings_stability,munger_roe",2733794560.0,,3.5295198,5.742,0.42764,-0.04836,0.43951,0.00621,66293124.0,,0.0
PKG,False,29.49763087058086,"graham_pe,graham_pe_times_pb,munger_roe,munger_gross_margin",20739409920.0,30.229872,4.421755,2.941,0.94474,0.14887,0.21020546649906,0.12314640739545904,432950016.0,0.0258,4.0
GPC,False,29.42379428163735,"graham_current_ratio,graham_debt_to_equity,graham_pe,graham_pe_times_pb,munger_roe",17657077760.0,492.61542,3.9011908,1.159,1.4641499999999998,0.0070700003,0.3679278239578939,0.08498922117053008,917241984.0,0.0332,4.0
CCS,False,29.410370775162797,"graham_size,munger_roe,munger_gross_margin",1721026432.0,13.303296,0.67076683,4.76,0.6606799999999999,0.052210003,0.17865999,0.0722738425646595,78148624.0,0.0207,4.0
USFD,False,29.32916175321352,"graham_current_ratio,graham_debt_to_equity,graham_pe,graham_pe_times_pb,munger_gross_margin",20209614848.0,28.744616,4.722236,1.137,1.26315,0.16350001,0.17410714285714285,0.030412946428571428,805124992.0,,4.0
HPQ,False,29.32746007345881,"data_missing:debt_to_equity,data_missing:return_on_equity,graham_current_ratio,graham_pe_times_pb,munger_gross_margin",31021611008.0,13.129772,-337.2549,0.788,,,0.20602224432588842,0.057401211682792296,3389874944.0,0.0349,4.0
BC,False,29.30036419398122,"data_missing:trailing_pe,graham_current_ratio,graham_debt_to_equity,graham_earnings_stability,munger_roe,munger_gross_margin",4377066496.0,,2.6092165,1.447,1.3648099999999999,-0.048270002,0.2790109258194365,-0.00758931901245618,366062496.0,0.026099999999999998,0.0
UNM,False,29.1323548145362,"graham_pe,graham_pe_times_pb,munger_roe,munger_gross_margin,munger_fcf",15069224960.0,22.085848,1.3940513,17.258,0.36878,0.06351,0.29304,0.11976544567251124,-2231912448.0,0.0212,4.0
ITGR,False,29.103442690184472,"graham_pe,graham_pe_times_pb,munger_roe,munger_gross_margin",4293149696.0,34.59726,2.4974785,3.733,0.79391,0.075040005,0.2699482153193964,0.1193674921249414,107673376.0,,4.0
OKE,False,29.100371861181895,"graham_current_ratio,graham_debt_to_equity,graham_pe_times_pb,munger_gross_margin",58918043648.0,16.141623,2.5684996,0.737,1.4306999999999999,0.16277,0.17273696440641567,0.17071575128609237,899875008.0,0.0458,4.0
CMS,False,28.97462648408702,"graham_current_ratio,graham_debt_to_equity,graham_pe_times_pb,munger_roe,munger_fcf",20184807424.0,19.62162,2.1456013,0.936,1.8560400000000001,0.09158,0.40315,0.2022485068509193,-2198874880.0,0.0349,4.0
BALL,False,28.95990971114626,"graham_current_ratio,graham_debt_to_equity,graham_pe_times_pb,munger_gross_margin",16014728192.0,17.234957,2.7699747,1.069,1.31495,0.17151,0.1863,0.09232,379875008.0,0.013300000000000001,4.0
PWR,False,28.871505990135997,"graham_current_ratio,graham_pe,graham_pe_times_pb,munger_gross_margin",95725142016.0,73.017204,9.927498,1.098,0.6778,0.15337,0.1501097782044521,0.05658448543184993,1955491328.0,0.0007000000000000001,4.0
RES,False,28.83773260083539,"graham_size,graham_pe,graham_pe_times_pb,munger_roe,munger_gross_margin,munger_fcf",1298910080.0,53.272728,1.1515032,3.341,0.046790000000000005,0.02076,0.23256999,0.12203915735282582,-5273000.0,0.0273,4.0
IDA,False,28.753076874206627,"graham_current_ratio,graham_debt_to_equity,graham_pe,graham_pe_times_pb,munger_roe,munger_fcf",7610856448.0,21.820894,1.9561146,0.986,1.05976,0.094390005,0.38970003,0.20262259498148796,-1221291392.0,0.0268,4.0
UNFI,False,28.747595140264632,"graham_current_ratio,graham_debt_to_equity,graham_earnings_stability,graham_pe,graham_pe_times_pb,munger_roe,munger_gross_margin",2824045824.0,34.940296,1.7784699,1.287,1.87115,0.0529,0.13469440164355417,0.006773240883410375,426875008.0,,1.0
CVS,False,28.743396176948682,"graham_current_ratio,graham_pe,graham_pe_times_pb,munger_roe,munger_gross_margin",113623719936.0,23.440632,1.4245169,0.866,0.95503,0.06205,0.15447598844068275,0.011590108116308973,8076000256.0,0.029900000000000003,4.0
UTL,False,28.714183984968017,"graham_size,graham_current_ratio,graham_debt_to_equity,munger_roe,munger_fcf",946848064.0,16.53503,1.5266995,0.491,1.4958799999999999,0.096219994,0.40218,0.18880597014925374,-65891876.0,0.0366,4.0
SDGR,False,28.654238492353514,"data_missing:trailing_pe,graham_earnings_stability,munger_roe,munger_fcf",2170859520.0,,6.4288883,2.706,0.32832,-0.16174999,0.5573711547706053,-0.6522712794437778,-29163124.0,,0.0
PZZA,False,28.648578163563677,"data_missing:debt_to_equity,data_missing:return_on_equity,graham_size,graham_current_ratio,graham_pe,graham_pe_times_pb,munger_gross_margin",651191040.0,24.725,-1.4371867,0.829,,,0.20365,0.043405712705374605,58907876.0,0.0747,4.0
XYZ,False,28.621902898895822,"graham_earnings_stability,graham_pe,graham_pe_times_pb,munger_roe,munger_fcf",45828640768.0,136.21428,2.0785873,2.209,0.3258,0.01612,0.428208016117265,0.07061372177191873,-27105876.0,,3.0
VIR,False,28.575899999999997,"data_missing:trailing_pe,graham_size,graham_earnings_stability,munger_roe,munger_gross_margin,munger_fcf",1793689216.0,,2.1027575,6.042,0.09494,-0.26081,-0.59389997,0.5155771424256884,-38885876.0,,0.0
PCG,False,28.425199006158874,"graham_current_ratio,graham_debt_to_equity,munger_roe,munger_fcf",39631245312.0,9.496403,0.89942765,1.216,1.8944999999999999,0.09318,0.39823002,0.1904551834770403,-6150125056.0,0.0152,4.0
POWI,False,28.408229198697388,"data_missing:debt_to_equity,graham_pe,graham_pe_times_pb,munger_roe",2815455232.0,114.52273,4.1303277,7.069,,0.03622,0.5448631804899167,0.02298513654893755,73703504.0,0.0171,4.0
JPM,False,28.341749999999998,"data_missing:current_ratio,data_missing:debt_to_equity,data_missing:free_cash_flow,graham_pe_times_pb,munger_gross_margin",929488044032.0,14.994426,2.6289594,,,0.17789,0.0,0.50394,,0.0189,4.0
CMC,False,28.293458488851225,"munger_roe,munger_gross_margin",7135269888.0,12.192817,1.5754764,2.326,0.7998099999999999,0.13791999,0.18565,0.09476,134061248.0,0.0124,4.0
TEX,False,28.192858380688477,"graham_pe,graham_pe_times_pb,munger_roe,munger_gross_margin",6748272128.0,28.248806,1.3618121,1.818,0.54558,0.042090002,0.19387566869581258,0.0876222099243682,216000000.0,0.0115,4.0
PFBC,False,28.182750000000002,"data_missing:current_ratio,data_missing:debt_to_equity,data_missing:free_cash_flow,graham_size,munger_gross_margin",1249555456.0,9.843137,1.5746785,,,0.17577,0.0,0.67442,,0.030299999999999997,4.0
SMCI,False,28.153625032313812,"graham_pe_times_pb,munger_gross_margin,munger_fcf",25286266880.0,11.990798,2.5043244,3.872,0.63951,0.21465999,0.10821604097086886,0.07092340305442439,-8248783872.0,,4.0
ACA,False,28.102696881463128,"graham_pe,graham_pe_times_pb,munger_roe,munger_gross_margin",7161736704.0,32.55357,2.4002633,3.119,0.50578,0.080299996,0.22445723798293682,0.11857529305680793,60250000.0,0.0014000000000000002,4.0
UA,False,28.10173599630779,"data_missing:trailing_pe,graham_earnings_stability,munger_roe",2061818624.0,,1.4436091,1.81,0.96356,-0.29825002,0.4548307919063622,-0.0328433040631286,102217624.0,,0.0
GVA,False,28.094249740229888,"data_missing:trailing_pe,graham_current_ratio,graham_debt_to_equity,munger_roe,munger_gross_margin",5152186880.0,,6.7424417,1.013,2.1512000000000002,-0.14548,0.1607493390597867,0.06383856355886329,959048128.0,0.0045000000000000005,4.0
WS,False,28.052759454367965,"graham_size,graham_current_ratio,graham_pe,graham_pe_times_pb,munger_roe,munger_gross_margin",1698050944.0,196.05884,1.5647888,1.456,0.28054,-0.01048,0.11710900749172426,-0.00040652767291944944,90725000.0,0.0192,4.0
SFBS,False,28.001249249999997,"data_missing:current_ratio,data_missing:debt_to_equity,data_missing:free_cash_flow,munger_gross_margin",4532351488.0,14.146758,1.1456922,,,0.17334999,0.0,0.70001,,0.0183,4.0
CAG,False,27.97286436912022,"data_missing:trailing_pe,graham_current_ratio,graham_debt_to_equity,graham_earnings_stability,munger_roe,munger_gross_margin",7240697856.0,,1.1388785,0.904,1.17577,-0.25064,0.23918593107360658,-0.14434122819458234,859000000.0,0.081,0.0
GEO,False,27.969706376294518,"graham_debt_to_equity,graham_pe_times_pb,munger_gross_margin,munger_fcf",4180238080.0,14.981133,2.719178,1.653,1.06105,0.20127001,0.26042998,0.09784731350242766,-3632500.0,,4.0
UAA,False,27.89855384691301,"data_missing:trailing_pe,graham_earnings_stability,munger_roe",2096182272.0,,1.4676691,1.81,0.96356,-0.29825002,0.4548307919063622,-0.0328433040631286,102217624.0,,0.0
NTRS,False,27.7995,"data_missing:current_ratio,data_missing:debt_to_equity,data_missing:free_cash_flow,graham_pe_times_pb,munger_gross_margin",32545980416.0,15.282645,2.6001987,,,0.17066,0.0,0.42496,,0.0184,4.0
PLXS,False,27.7247341537623,"graham_current_ratio,graham_pe,graham_pe_times_pb,munger_roe,munger_gross_margin",6575872512.0,36.390854,4.305483,1.488,0.20079,0.1258,0.10079777513621488,0.050179198138541214,20809250.0,,4.0
SWX,False,27.68402844935003,"graham_current_ratio,graham_earnings_stability,graham_pe,graham_pe_times_pb,munger_roe,munger_fcf",6219476480.0,22.069408,1.5075951,1.116,0.8508199999999999,0.06832,0.54035,0.05391544159594492,-390807360.0,0.0301,3.0
KGS,False,27.66910126848609,"graham_current_ratio,graham_debt_to_equity,graham_pe,graham_pe_times_pb,munger_roe",5937839616.0,66.73864,2.7431107,1.447,1.30257,0.04587,0.37235192225602404,0.25992661111535814,16089375.0,0.0334,4.0
ADNT,False,27.615982802327714,"graham_size,graham_current_ratio,graham_debt_to_equity,graham_earnings_stability,graham_pe,munger_roe,munger_gross_margin",1363073664.0,32.145454,0.7883706,1.097,1.26868,0.05791,0.06611627106983144,0.024939999,354500000.0,,0.0
RITM,False,27.596964435714288,"data_missing:free_cash_flow,graham_current_ratio,graham_debt_to_equity,munger_roe",5221106176.0,15.583333,0.7584361,1.069,3.8764299999999996,0.055910002,0.95561,0.07942,,0.107,4.0
AX,False,27.579749999999997,"data_missing:current_ratio,data_missing:debt_to_equity,data_missing:free_cash_flow,munger_gross_margin",5150884352.0,10.706368,1.6267111,,,0.16773,0.0,0.45029998,,,4.0
DAN,False,27.579185714285714,"data_missing:trailing_pe,graham_current_ratio,graham_earnings_stability,munger_roe,munger_gross_margin",3206860800.0,,1.6702151,1.487,0.75794,-0.01627,0.09462,0.018533333333333332,631249984.0,0.0161,1.0
CHCO,False,27.566249999999997,"data_missing:current_ratio,data_missing:debt_to_equity,data_missing:free_cash_flow,graham_pe_times_pb,munger_gross_margin",2011407488.0,15.685652,2.4876668,,,0.16755,0.0,0.5191,,0.024300000000000002,4.0
DKS,False,27.557941414568234,"graham_current_ratio,graham_debt_to_equity,munger_fcf",10773452800.0,13.371964,1.8860141,1.485,1.39077,0.18475,0.3292025847046085,0.06365967823634108,-823246016.0,0.041299999999999996,4.0
DAR,False,27.541550776077795,"graham_pe_times_pb,munger_roe,munger_gross_margin",10313998336.0,17.569893,1.9661874,1.565,0.78609,0.12126,0.24013812532422016,0.04456412669289166,219643008.0,,4.0
CRBG,False,27.498687031024062,"graham_current_ratio,graham_debt_to_equity,graham_earnings_stability,graham_pe,graham_pe_times_pb,munger_roe,munger_gross_margin",15517341696.0,22.314104,1.5275584,1.223,1.27231,0.07139,0.21102,0.111140005,642249984.0,0.0287,0.0
EWBC,False,27.43275,"data_missing:current_ratio,data_missing:debt_to_equity,data_missing:free_cash_flow,munger_gross_margin",17389545472.0,12.192123,1.8807698,,,0.16577,0.0,0.65281,,0.0252,4.0
AORT,False,27.41923047006506,"data_missing:trailing_pe,graham_size,graham_earnings_stability,munger_roe",1138457728.0,,2.5516338,3.473,0.9155800000000001,-0.0073100002,0.6440237464029185,0.07646205787052772,13096750.0,,1.0
CEG,False,27.377252034891825,"graham_current_ratio,graham_earnings_stability,graham_pe,graham_pe_times_pb,munger_gross_margin,munger_fcf",90245636096.0,24.874025,2.8301425,1.455,0.7641899999999999,0.15055001,0.22107,0.12086319664747582,-6625124864.0,0.0067,3.0
POR,False,27.33123509779482,"graham_current_ratio,graham_debt_to_equity,graham_pe,munger_roe,munger_fcf",5555789824.0,20.902657,1.3263329,0.977,1.3616300000000001,0.06445,0.47537997,0.1552013422818792,-415750016.0,0.0467,4.0
ZION,False,27.303,"data_missing:current_ratio,data_missing:debt_to_equity,data_missing:free_cash_flow,munger_gross_margin",9520538624.0,8.309555,1.2501198,,,0.16404,0.0,0.52116,,0.0294,4.0
LEN,False,27.285493690331307,"data_missing:free_cash_flow,munger_roe,munger_gross_margin",18411616256.0,14.475378,0.85157824,11.392,0.27736,0.05962,0.16014999,0.15484141610773053,,0.0262,4.0
MRTN,False,27.20396151541641,"graham_size,graham_pe,graham_pe_times_pb,munger_roe,munger_gross_margin,munger_fcf",1101453312.0,90.0,1.4392323,2.503,0.00047,0.01646,0.22690001,0.07964081647082738,-5991125.0,0.0178,4.0
TTMI,False,27.194379849005795,"graham_earnings_stability,graham_pe,graham_pe_times_pb,munger_roe,munger_gross_margin,munger_fcf",12428005376.0,53.13964,6.6661015,1.78,0.5703,0.13260001,0.20702497466749473,0.09107108756875044,-19442376.0,,2.0
KRMN,False,27.191482692016365,"graham_debt_to_equity,graham_earnings_stability,graham_pe,graham_pe_times_pb,munger_roe,munger_fcf",4738080256.0,132.40741,11.252754,3.555,2.0785400000000003,0.09503,0.40302439024390246,0.15470201484623541,-57195876.0,,3.0
SW,False,27.15893541747974,"graham_current_ratio,graham_pe,graham_pe_times_pb,munger_roe,munger_gross_margin",23252101120.0,47.159576,1.2874652,1.447,0.78427,0.02715,0.1938163507489015,0.0551332627730203,1215000064.0,0.0408,4.0
ORA,False,27.146079284585163,"graham_current_ratio,graham_debt_to_equity,graham_pe,graham_pe_times_pb,munger_roe,munger_fcf",5986112000.0,47.715687,2.3045053,1.046,1.24336,0.04778,0.37598694226205287,0.25735922821427926,-318099008.0,0.0049,4.0
ARCB,False,27.065042258561135,"graham_current_ratio,graham_pe,graham_pe_times_pb,munger_roe,munger_gross_margin",2877289728.0,186.56522,2.2694497,0.968,0.3627,0.01269,0.080970004,0.02252006030685075,148348992.0,0.0037,4.0
OFG,False,27.06075,"data_missing:current_ratio,data_missing:debt_to_equity,data_missing:free_cash_flow,munger_gross_margin",2218938624.0,10.355029,1.5767659,,,0.16081,0.0,0.43318,,0.025699999999999997,4.0
PENG,False,26.943558189889178,"graham_earnings_stability,graham_pe,graham_pe_times_pb,munger_gross_margin,munger_fcf",2731235840.0,38.345325,6.2200956,1.544,0.77496,0.16194999,0.2880448044044612,0.04247169406061102,-107568000.0,,1.0
SOLS,False,26.942629910714288,"graham_current_ratio,graham_debt_to_equity,graham_pe,graham_pe_times_pb,munger_roe,munger_fcf",9103543296.0,43.416664,5.7396097,1.459,1.52771,0.112629995,0.30622998,0.19338,-27375000.0,0.0052,4.0
CHEF,False,26.926695931968315,"graham_debt_to_equity,graham_pe,graham_pe_times_pb,munger_gross_margin",4522245632.0,52.535545,6.97433,2.148,1.4602899999999999,0.15252,0.24197639399287196,0.03496920258814417,107143504.0,,4.0
SBRA,False,26.88630692754785,"graham_earnings_stability,graham_pe,graham_pe_times_pb,munger_roe",5042834432.0,75.92308,1.8332095,3.574,0.95672,0.02388,0.50268,-0.12527001,155119744.0,0.0608,3.0
LOW,False,26.88549772095941,"data_missing:debt_to_equity,data_missing:return_on_equity,graham_current_ratio,graham_pe_times_pb",107997290496.0,16.2576,-14.5198765,1.105,,,0.334758825301903,0.11766682891778504,4615374848.0,0.026000000000000002,4.0
CE,False,26.817546800782345,"data_missing:trailing_pe,graham_current_ratio,graham_debt_to_equity,graham_earnings_stability,munger_roe,munger_gross_margin",4983698944.0,,1.1959757,1.447,2.70205,-0.2225,0.20452640402347025,-0.08235540653813915,949875008.0,0.0026,0.0
CNC,False,26.769369721442132,"data_missing:trailing_pe,graham_current_ratio,graham_earnings_stability,munger_roe,munger_gross_margin",32164016128.0,,1.4255687,1.145,0.7108199999999999,-0.20358999,0.07295009164326384,-0.03913706443779296,9639624704.0,,0.0
AVTR,False,26.75747059006579,"data_missing:trailing_pe,graham_earnings_stability,munger_roe",10497089536.0,,1.8647124,1.782,0.6567799999999999,-0.09701,0.32651628460669696,-0.03757516559323586,450337504.0,,0.0
FBRT,False,26.75567857142857,"data_missing:free_cash_flow,graham_size,graham_debt_to_equity,munger_roe",620349248.0,17.372091,0.5058919,8.697,2.70288,0.04119,0.99637,0.08555,,0.10710000000000001,4.0
CFR,False,26.6235,"data_missing:current_ratio,data_missing:debt_to_equity,data_missing:free_cash_flow,graham_pe_times_pb,munger_gross_margin",9931375616.0,15.103971,2.2182121,,,0.15498,0.0,0.37236,,0.0258,4.0
GM,False,26.43916374302871,"graham_current_ratio,graham_debt_to_equity,graham_pe,graham_pe_times_pb,munger_roe,munger_gross_margin",74345914368.0,36.696426,1.1627249,1.136,2.02341,0.03164,0.10177,0.015722709559558748,21933750272.0,0.0088,4.0
FTRE,False,26.433666666666667,"data_missing:trailing_pe,graham_size,graham_current_ratio,graham_debt_to_equity,graham_earnings_stability,munger_roe,munger_gross_margin",1895342976.0,,3.6157475,0.958,2.13239,-0.15303999,0.19301,-0.3204083131379893,278862496.0,,0.0
PII,False,26.379101416853096,"data_missing:trailing_pe,graham_current_ratio,graham_debt_to_equity,graham_earnings_stability,munger_roe,munger_gross_margin",3076773632.0,,3.677981,1.2,2.4489900000000002,-0.25571,0.19137304250559284,-0.04875559284116331,277100000.0,0.050300000000000004,0.0
MAN,False,26.280343900593838,"graham_current_ratio,graham_earnings_stability,graham_pe,graham_pe_times_pb,munger_roe,munger_gross_margin",2680580864.0,25.963963,1.272659,1.043,0.67414,0.050809998,0.166931185993284,0.008358810721107529,125012496.0,0.025,0.0
LKFN,False,26.247749999999996,"data_missing:current_ratio,data_missing:debt_to_equity,data_missing:free_cash_flow,graham_size,munger_roe,munger_gross_margin",1484013056.0,13.69266,1.9191822,,,0.14997,0.0,0.51455003,,0.0349,4.0
SNDR,False,26.24304086394236,"graham_pe,graham_pe_times_pb,munger_roe,munger_gross_margin",5716562432.0,50.95313,1.8685539,2.033,0.12947,0.036760002,0.16025,0.029765786088151842,87137504.0,0.0123,4.0
JEF,False,26.199499999999997,"data_missing:free_cash_flow,graham_debt_to_equity,munger_roe",9742477312.0,13.379889,0.92198724,1.937,3.64763,0.08266,0.82672,-0.4363169496947191,,0.0334,4.0
H,False,26.190378946551828,"graham_current_ratio,graham_debt_to_equity,graham_earnings_stability,graham_pe,graham_pe_times_pb,munger_roe",14610462720.0,191.4074,4.421503,0.62,1.24421,0.02157,0.43444002,0.16749,170250000.0,0.0039000000000000003,0.0
ACHC,False,26.187911723043634,"data_missing:trailing_pe,graham_debt_to_equity,graham_earnings_stability,munger_roe,munger_fcf",2637530624.0,,1.3007345,1.572,1.1805700000000001,-0.41445,0.41057,0.29171905131546255,-104957000.0,,0.0
GT,False,26.02699966666667,"data_missing:trailing_pe,graham_size,graham_current_ratio,graham_debt_to_equity,graham_earnings_stability,munger_roe,munger_gross_margin",1453888768.0,,0.5117033,1.087,2.7367500000000002,-0.61530995,0.18080999,-0.009649999,497124992.0,,0.0
CBSH,False,26.020500749999997,"data_missing:current_ratio,data_missing:debt_to_equity,data_missing:free_cash_flow,munger_roe,munger_gross_margin",8188542976.0,13.992647,1.8885213,,,0.14694001,0.0,0.45125,,0.019299999999999998,4.0
MFP,False,25.996223809523812,"data_missing:return_on_equity,data_missing:free_cash_flow,graham_size,graham_earnings_stability,graham_pe,graham_pe_times_pb",1915057536.0,117.61111,2.4371152,1.837,0.32921999999999996,,0.35282,0.09739,,,3.0
EIG,False,25.969492262585547,"graham_size,graham_current_ratio,graham_pe,graham_pe_times_pb,munger_roe,munger_gross_margin",879526016.0,61.987343,1.0237702,1.115,0.14974,0.00772,0.01242,0.16349001,18350000.0,0.0278,4.0
SYNA,False,25.880591179609564,"data_missing:trailing_pe,graham_current_ratio,graham_earnings_stability,munger_roe",3695760384.0,,3.913007,1.122,0.9433,-0.42229998,0.4472101570330772,-0.05604744403608419,149650000.0,,0.0
FFIN,False,25.806,"data_missing:current_ratio,data_missing:debt_to_equity,data_missing:free_cash_flow,graham_pe_times_pb,munger_roe,munger_gross_margin",4702323712.0,17.545456,2.339394,,,0.14408,0.0,0.55958,,0.0268,4.0
WRBY,False,25.7837723054772,"graham_earnings_stability,graham_pe,graham_pe_times_pb,munger_roe",2781181184.0,375.0,7.3481383,2.268,0.6402800000000001,0.020550001,0.5397136155888543,-0.006119932790843039,9525750.0,,1.0
ADM,False,25.761364082432546,"graham_current_ratio,graham_pe,graham_pe_times_pb,munger_roe,munger_gross_margin",41053057024.0,23.273224,1.7416729,1.389,0.39134,0.07642,0.06270166564925438,0.04008,1164625024.0,0.024399999999999998,4.0
CUBI,False,25.74375,"data_missing:current_ratio,data_missing:debt_to_equity,data_missing:free_cash_flow,munger_roe,munger_gross_margin",2621960704.0,9.395884,1.1883327,,,0.14325,0.0,0.46019,,,4.0
CPF,False,25.6845,"data_missing:current_ratio,data_missing:debt_to_equity,data_missing:free_cash_flow,graham_size,munger_roe,munger_gross_margin",969133312.0,12.102894,1.6288731,,,0.14246,0.0,0.36801997,,0.0319,4.0
CC,False,25.661481962481965,"data_missing:trailing_pe,data_missing:debt_to_equity,graham_earnings_stability,munger_roe,munger_gross_margin",2158155520.0,,-43.98773,1.663,,-3.19372,0.1553030303030303,0.01131,303124992.0,0.024399999999999998,0.0
AIR,False,25.608259940476184,"graham_pe,graham_pe_times_pb,munger_roe,munger_gross_margin,munger_fcf",4539989504.0,23.203703,2.606013,2.841,0.59397,0.12876001,0.18802999,0.08384,-50362500.0,,4.0
BNY,False,25.593,"data_missing:current_ratio,data_missing:debt_to_equity,data_missing:free_cash_flow,graham_pe_times_pb,munger_roe,munger_gross_margin",104347148288.0,17.945158,2.6145422,,,0.14124,0.0,0.40046,,0.0144,4.0
BCC,False,25.560618268968625,"graham_pe,graham_pe_times_pb,munger_roe,munger_gross_margin",2640926464.0,25.657627,1.305135,2.71,0.27115,0.0506,0.16511999,0.028624604678359835,43333376.0,0.0118,4.0
FOXF,False,25.553685961354322,"data_missing:trailing_pe,graham_size,graham_debt_to_equity,graham_earnings_stability,munger_roe",788921920.0,,1.1827347,3.105,1.02,-0.3675,0.3020790951673151,-0.3563862304158395,48863876.0,,0.0
GXO,False,25.42826925868113,"graham_current_ratio,graham_debt_to_equity,graham_pe,graham_pe_times_pb,munger_roe,munger_gross_margin",5266315264.0,40.637165,1.7643894,0.789,2.02482,0.04502,0.15255,0.018591592047351647,340624992.0,,4.0
GPI,False,25.351980368462527,"graham_current_ratio,graham_debt_to_equity,munger_roe,munger_gross_margin",2937874688.0,10.195283,0.9847189,1.02,1.95668,0.0949,0.16045969678442631,0.03251902850509937,135050000.0,0.0089,4.0
CLSK,False,25.33884942234441,"data_missing:trailing_pe,graham_debt_to_equity,graham_earnings_stability,munger_roe,munger_gross_margin",3716143104.0,,4.88027,5.912,2.34725,-0.68622,0.21147823631395532,0.4162118922530451,48898124.0,,1.0
NEO,False,25.313197017917517,"data_missing:trailing_pe,graham_earnings_stability,munger_roe",2592516352.0,,3.241615,3.603,0.57064,-0.06327,0.43917,-0.048449997,43904752.0,,0.0
IRM,False,25.296888783835975,"data_missing:debt_to_equity,data_missing:return_on_equity,graham_current_ratio,graham_pe,graham_pe_times_pb,munger_fcf",34039339008.0,81.0922,-26.572159,0.726,,,0.5421,0.16862740495617262,-436093504.0,0.0302,4.0
BANF,False,25.250999999999994,"data_missing:current_ratio,data_missing:debt_to_equity,data_missing:free_cash_flow,munger_roe,munger_gross_margin",3637070080.0,14.614036,1.8590877,,,0.13668,0.0,0.50523,,0.0181,4.0
CARR,False,25.24992535406827,"graham_current_ratio,graham_pe,graham_pe_times_pb,munger_roe,munger_gross_margin",44751675392.0,38.485714,3.3812363,1.02,0.91998,0.08966,0.24691999,0.09987584494413022,861750016.0,0.0178,4.0
MDU,False,25.181037908947644,"graham_current_ratio,munger_roe,munger_fcf",3904085760.0,19.74468,1.3338124,0.992,0.8805,0.068909995,0.3475,0.15486228218100057,-478334112.0,0.0304,4.0
HNI,False,25.12403149411528,"data_missing:trailing_pe,graham_current_ratio,munger_roe",3328302848.0,,1.8437362,1.362,0.9107599999999999,0.00329,0.4142655864741106,0.044381824586121874,104212496.0,0.0304,4.0
ARWR,False,25.08148620700583,"data_missing:trailing_pe,graham_debt_to_equity,graham_earnings_stability,munger_roe,munger_fcf",9364175872.0,,20.157671,5.899,2.95984,-0.55207,1.0,0.1185680114968027,-48628124.0,,0.0
DCH,False,24.8479775345984,"data_missing:trailing_pe,graham_size,graham_current_ratio,graham_debt_to_equity,graham_earnings_stability,munger_roe,munger_gross_margin",1399491072.0,,0.9265377,1.398,3.43042,-0.15042,0.12070176640910103,0.019240324155772953,540849984.0,,0.0
WAL,False,24.764249999999997,"data_missing:current_ratio,data_missing:debt_to_equity,data_missing:free_cash_flow,munger_roe,munger_gross_margin",8568781824.0,8.86456,1.1570419,,,0.13019,0.0,0.39363998,,0.021400000000000002,4.0
BOH,False,24.76275,"data_missing:current_ratio,data_missing:debt_to_equity,data_missing:free_cash_flow,munger_roe,munger_gross_margin",2944577536.0,13.873606,1.9234635,,,0.13017,0.0,0.44022,,0.0375,4.0
TXNM,False,24.6931259511522,"graham_current_ratio,graham_debt_to_equity,graham_pe,graham_pe_times_pb,munger_roe,munger_fcf",6022014464.0,31.934425,1.8257365,0.557,1.65512,0.06252,0.33819702784346933,0.2037208060930751,-529223744.0,0.028900000000000002,4.0
IBOC,False,24.69,"data_missing:current_ratio,data_missing:debt_to_equity,data_missing:free_cash_flow,munger_roe,munger_gross_margin",4368331776.0,10.578313,1.2941263,,,0.1292,0.0,0.60488,,0.0208,4.0
CASH,False,24.677142857142854,"data_missing:current_ratio,data_missing:debt_to_equity,data_missing:free_cash_flow,graham_size,munger_gross_margin",1582306944.0,9.533167,1.8819953,,,0.21176,0.0,0.20522,,0.0026,4.0
REZI,False,24.675143163046805,"graham_debt_to_equity,graham_earnings_stability,munger_gross_margin,munger_fcf",2789436416.0,7.1757817,1.1027073,2.223,1.2990700000000002,0.15196,0.29389721627408993,0.08123661670235546,-1902749952.0,,0.0
OI,False,24.66395496723617,"data_missing:trailing_pe,graham_size,graham_current_ratio,graham_debt_to_equity,graham_earnings_stability,munger_roe,munger_gross_margin",932714688.0,,2.4348176,1.261,9.25046,-1.18344,0.17258014316837847,0.005818404532230899,69625000.0,,0.0
MRCY,False,24.662357795794588,"data_missing:trailing_pe,graham_earnings_stability,munger_roe,munger_gross_margin",5190446592.0,,3.3942287,2.963,0.33582,-0.01998,0.2858465955417833,0.0002846621974701664,107115000.0,,0.0
LPX,False,24.638732935921784,"graham_pe,graham_pe_times_pb,munger_roe,munger_gross_margin,munger_fcf",4567396864.0,84.83117,2.621819,3.221,0.21617,0.03098,0.21750369276218612,0.07717872968980798,-96000000.0,0.0184,4.0
HUM,False,24.604805265116166,"graham_pe,graham_pe_times_pb,munger_roe,munger_gross_margin",46377414656.0,36.504726,2.4138598,1.742,0.76485,0.06893,0.13653,0.02085389930898322,1940999936.0,0.0092,4.0
TSLA,False,24.561723859586174,"graham_pe,graham_pe_times_pb,munger_roe,munger_gross_margin",1438701584384.0,334.19263,16.561491,1.941,0.18373,0.046669997,0.18026511436616155,0.04592573845001951,4835999744.0,,4.0
BRKR,False,24.53874040443206,"data_missing:trailing_pe,graham_earnings_stability,munger_roe",9353337856.0,,3.9274518,1.847,0.76164,-0.029979998,0.45910082933216934,0.01984577331587371,179937504.0,0.0033,0.0
UNIT,False,24.511760167929335,"data_missing:return_on_equity,graham_current_ratio,graham_debt_to_equity,graham_earnings_stability,munger_fcf",2293752576.0,2.4609375,7.1753983,1.222,68.69969,,0.5846,0.11725218169612889,-258078000.0,,2.0
PNC,False,24.46725,"data_missing:current_ratio,data_missing:debt_to_equity,data_missing:free_cash_flow,munger_roe,munger_gross_margin",93021700096.0,12.839758,1.6023886,,,0.12623,0.0,0.38689,,0.034300000000000004,4.0
USB,False,24.46725,"data_missing:current_ratio,data_missing:debt_to_equity,data_missing:free_cash_flow,munger_roe,munger_gross_margin",93576568832.0,11.988024,1.5435225,,,0.12623,0.0,0.39646998,,0.036000000000000004,4.0
PRK,False,24.43875,"data_missing:current_ratio,data_missing:debt_to_equity,data_missing:free_cash_flow,graham_pe_times_pb,munger_roe,munger_gross_margin",3312424960.0,16.386953,1.9184976,,,0.12585,0.0,0.46613997,,0.024,4.0
WFC,False,24.43125,"data_missing:current_ratio,data_missing:debt_to_equity,data_missing:free_cash_flow,munger_roe,munger_gross_margin",260426825728.0,12.517442,1.6189796,,,0.12575,0.0,0.37387002,,0.0232,4.0
NSP,False,24.403992953611276,"data_missing:trailing_pe,graham_size,graham_current_ratio,graham_debt_to_equity,graham_earnings_stability,munger_roe,munger_gross_margin",1921604224.0,,31.50282,1.113,7.836069999999999,-0.18496999,0.13211978860833823,-0.001467997651203758,195124992.0,0.04769999999999999,0.0
WABC,False,24.3645,"data_missing:current_ratio,data_missing:debt_to_equity,data_missing:free_cash_flow,graham_size,munger_roe,munger_gross_margin",1402846976.0,13.399558,1.6365597,,,0.12486,0.0,0.60288,,0.0317,4.0
TRUP,False,24.309679756585655,"graham_size,graham_earnings_stability,graham_pe,graham_pe_times_pb,munger_roe,munger_gross_margin",1099886336.0,47.301888,2.6847289,1.774,0.26096,0.06068,0.16910110018336388,0.009613667707678358,11546000.0,,1.0
NOG,False,24.255847685706357,"data_missing:trailing_pe,graham_current_ratio,graham_debt_to_equity,munger_roe,munger_fcf",2669055488.0,,1.3318092,0.796,1.36559,-0.22049999,0.75398004,0.09930311266648167,-459628992.0,0.0719,4.0
UMBF,False,24.231749999999998,"data_missing:current_ratio,data_missing:debt_to_equity,data_missing:free_cash_flow,munger_roe,munger_gross_margin",10216798208.0,11.182046,1.3567733,,,0.12309,0.0,0.51058,,0.0149,4.0
BJRI,False,24.188858377878308,"graham_size,graham_current_ratio,graham_debt_to_equity,graham_pe,graham_pe_times_pb,munger_roe,munger_gross_margin",1266639872.0,31.502645,3.1730974,0.289,1.09378,0.104399994,0.15534,0.03309923480801586,49461376.0,,4.0
AMR,False,24.16266558729208,"data_missing:trailing_pe,graham_earnings_stability,munger_roe,munger_gross_margin",2208943360.0,,1.4745413,3.405,0.0076100000000000004,-0.0296,0.10018,-0.028817350330902224,52462248.0,,0.0
WTFC,False,24.156,"data_missing:current_ratio,data_missing:debt_to_equity,data_missing:free_cash_flow,munger_roe,munger_gross_margin",9952579584.0,11.848996,1.4015354,,,0.12208,0.0,0.46085998,,0.0149,4.0
PATK,False,24.12117085344657,"graham_debt_to_equity,graham_pe_times_pb,munger_roe,munger_gross_margin",2206845952.0,16.359524,1.9514897,2.668,1.46006,0.12953,0.23105858018165054,0.0698569621691755,32754876.0,0.0273,4.0
STT,False,24.033321428571426,"data_missing:current_ratio,data_missing:debt_to_equity,data_missing:free_cash_flow,graham_pe_times_pb,munger_roe,munger_gross_margin",50234707968.0,16.126102,2.1017606,,,0.12437,0.0,0.34313,,0.020099999999999996,4.0
WSFS,False,23.925749999999997,"data_missing:current_ratio,data_missing:debt_to_equity,data_missing:free_cash_flow,munger_roe,munger_gross_margin",4025939712.0,13.221477,1.5083072,,,0.11901,0.0,0.41717,,0.0102,4.0
RF,False,23.900249549999998,"data_missing:current_ratio,data_missing:debt_to_equity,data_missing:free_cash_flow,munger_roe,munger_gross_margin",24279992320.0,11.585365,1.3910581,,,0.118669994,0.0,0.39314997,,0.0384,4.0
DTE,False,23.871329837543016,"graham_current_ratio,graham_debt_to_equity,graham_pe,graham_pe_times_pb,munger_roe,munger_gross_margin,munger_fcf",26743478272.0,20.335443,2.2012882,0.802,2.2906,0.1103,0.29347,0.13571825176489252,-2596624896.0,0.0363,4.0
MBIN,False,23.799749999999996,"data_missing:current_ratio,data_missing:debt_to_equity,data_missing:free_cash_flow,munger_roe,munger_gross_margin",2391856640.0,10.455823,1.2982123,,,0.11733,0.0,0.61074,,0.0085,4.0
CATY,False,23.77950045,"data_missing:current_ratio,data_missing:debt_to_equity,data_missing:free_cash_flow,munger_roe,munger_gross_margin",4152935168.0,12.181995,1.365401,,,0.117060006,0.0,0.62619996,,0.024399999999999998,4.0
CBU,False,23.6475,"data_missing:current_ratio,data_missing:debt_to_equity,data_missing:free_cash_flow,munger_roe,munger_gross_margin",3262185984.0,14.385151,1.5733244,,,0.1153,0.0,0.39207,,0.030600000000000002,4.0
FHN,False,23.58975,"data_missing:current_ratio,data_missing:debt_to_equity,data_missing:free_cash_flow,munger_roe,munger_gross_margin",11342225408.0,11.509616,1.336982,,,0.11453,0.0,0.41284,,0.028399999999999998,4.0
NBTB,False,23.568,"data_missing:current_ratio,data_missing:debt_to_equity,data_missing:free_cash_flow,munger_roe,munger_gross_margin",2676462592.0,12.5328455,1.3767204,,,0.11424,0.0,0.41447,,0.0311,4.0
BROS,False,23.56515158312589,"graham_current_ratio,graham_debt_to_equity,graham_earnings_stability,graham_pe,graham_pe_times_pb,munger_roe,munger_gross_margin",7021118976.0,55.597218,6.9196196,1.35,1.23827,0.14562,0.25097,0.09839093763181718,1719625.0,,3.0
OZK,False,23.4967503,"data_missing:current_ratio,data_missing:debt_to_equity,data_missing:free_cash_flow,munger_roe,munger_gross_margin",5220721152.0,7.9009905,0.87906444,,,0.113290004,0.0,0.55609,,0.038900000000000004,4.0
AMKR,False,23.477603399147824,"graham_pe,graham_pe_times_pb,munger_roe,munger_gross_margin,munger_fcf",12467987456.0,22.556053,2.6822374,2.171,0.57054,0.12514,0.13992272786699902,0.06967595763911674,-378785984.0,0.0066,4.0
KTOS,False,23.44791193159058,"graham_earnings_stability,graham_pe,graham_pe_times_pb,munger_roe,munger_gross_margin,munger_fcf",8899698688.0,279.17645,2.597559,5.541,0.0565,0.011469999,0.22861597861597863,0.019008019008019007,-118287504.0,,2.0
SHEN,False,23.43785,"data_missing:trailing_pe,graham_size,graham_current_ratio,graham_earnings_stability,munger_roe,munger_fcf",640569344.0,,0.7449137,0.852,0.77081,-0.03941,0.64852995,-0.06493430281623232,-236001120.0,0.0095,0.0
MTRN,False,23.410396510650216,"graham_pe,graham_pe_times_pb,munger_roe,munger_gross_margin",5240306688.0,58.495346,5.267313,2.941,0.51424,0.09458999,0.17274971313425316,0.06145699812487756,13363875.0,0.0023,4.0
BAC,False,23.399250375,"data_missing:current_ratio,data_missing:debt_to_equity,data_missing:free_cash_flow,munger_roe,munger_gross_margin",403691372544.0,13.332563,1.4673885,,,0.111990005,0.0,0.38305,,0.0222,4.0
AAL,False,23.36165766800839,"data_missing:trailing_pe,data_missing:debt_to_equity,data_missing:return_on_equity,graham_current_ratio,munger_gross_margin",8579130368.0,,-2.15964,0.534,,,0.21239,0.026851902696172644,519249984.0,,4.0
PFS,False,23.354999999999997,"data_missing:current_ratio,data_missing:debt_to_equity,data_missing:free_cash_flow,munger_roe,munger_gross_margin",3007545344.0,9.608333,1.0345911,,,0.1114,0.0,0.5227,,0.0416,4.0
XHR,False,23.343290274274093,"data_missing:trailing_pe,graham_size,graham_debt_to_equity,munger_roe,munger_gross_margin",1753009024.0,,1.4727393,2.198,1.18285,-0.0063300002,0.26128998,0.09970607324988409,72648248.0,0.0316,4.0
TRMK,False,23.339250449999998,"data_missing:current_ratio,data_missing:debt_to_equity,data_missing:free_cash_flow,munger_roe,munger_gross_margin",2712476672.0,11.885496,1.2687417,,,0.111190006,0.0,0.36776,,0.021400000000000002,4.0
HOMB,False,23.329499999999996,"data_missing:current_ratio,data_missing:debt_to_equity,data_missing:free_cash_flow,munger_roe,munger_gross_margin",5959478784.0,12.309917,1.3132026,,,0.11106,0.0,0.57611,,0.028900000000000002,4.0
FULT,False,23.32575,"data_missing:current_ratio,data_missing:debt_to_equity,data_missing:free_cash_flow,munger_roe,munger_gross_margin",4467400704.0,11.25,1.2365904,,,0.11101,0.0,0.42348,,0.0325,4.0
FBK,False,23.31,"data_missing:current_ratio,data_missing:debt_to_equity,data_missing:free_cash_flow,munger_roe,munger_gross_margin",2666833408.0,14.116403,1.3770678,,,0.1108,0.0,0.45556,,0.015700000000000002,4.0
COLB,False,23.270999999999997,"data_missing:current_ratio,data_missing:debt_to_equity,data_missing:free_cash_flow,munger_roe,munger_gross_margin",8464712704.0,11.783464,1.120848,,,0.11028,0.0,0.50923,,0.0495,4.0
FCF,False,23.1802497,"data_missing:current_ratio,data_missing:debt_to_equity,data_missing:free_cash_flow,munger_roe,munger_gross_margin",2132280064.0,12.865854,1.3542135,,,0.109069996,0.0,0.45363998,,0.0265,4.0
BANR,False,23.086499999999997,"data_missing:current_ratio,data_missing:debt_to_equity,data_missing:free_cash_flow,munger_roe,munger_gross_margin",2403752704.0,11.6716175,1.2023187,,,0.10782,0.0,0.37702,,0.0288,4.0
PFGC,False,23.06385942579283,"graham_debt_to_equity,graham_pe,graham_pe_times_pb,munger_roe,munger_gross_margin",14439671808.0,40.144104,2.929013,1.514,1.58849,0.076680005,0.13012559662654158,0.01438714181124751,713825024.0,,4.0
MTB,False,23.0565,"data_missing:current_ratio,data_missing:debt_to_equity,data_missing:free_cash_flow,munger_roe,munger_gross_margin",32944717824.0,12.033351,1.291314,,,0.10742,0.0,0.45108002,,0.0264,4.0
SNX,False,23.044742753880683,"graham_current_ratio,graham_pe_times_pb,munger_roe,munger_gross_margin",21281822720.0,19.07957,2.3593235,1.199,0.5795,0.13141,0.06989466930726371,0.022635775473912288,304888992.0,0.0072,4.0
PAG,False,22.979780816601647,"graham_current_ratio,graham_debt_to_equity,graham_pe_times_pb,munger_gross_margin",13960583168.0,15.451308,2.4006639,0.975,1.6064699999999998,0.15842,0.1640127638838675,0.04026282283037553,218100000.0,0.0271,4.0
ONB,False,22.9559997,"data_missing:current_ratio,data_missing:debt_to_equity,data_missing:free_cash_flow,munger_roe,munger_gross_margin",9667544064.0,11.1814165,1.1572102,,,0.106079996,0.0,0.52542,,0.023,4.0
SSB,False,22.948499549999994,"data_missing:current_ratio,data_missing:debt_to_equity,data_missing:free_cash_flow,munger_roe,munger_gross_margin",10031046656.0,10.865546,1.098474,,,0.105979994,0.0,0.50514,,0.0255,4.0
MP,False,22.898366666666664,"data_missing:trailing_pe,graham_earnings_stability,munger_roe,munger_fcf",8417080320.0,,4.2990994,9.51,0.41402,-0.03585,0.42326,-0.6655379364732825,-432948864.0,,0.0
FLEX,False,22.8519457416906,"graham_current_ratio,graham_debt_to_equity,graham_pe,graham_pe_times_pb,munger_gross_margin",40083918848.0,41.895756,7.2874413,1.38,1.07818,0.18378,0.09196102314250913,0.04900766640395501,625750016.0,,4.0
VTOL,False,22.839297003829174,"graham_size,graham_earnings_stability,munger_roe,munger_gross_margin,munger_fcf",1236960640.0,11.991379,1.1356028,2.26,0.89036,0.10082,0.27201,0.10654459675601403,-34314624.0,0.012,2.0
HII,False,22.8269924986764,"graham_current_ratio,graham_pe_times_pb,munger_roe,munger_gross_margin,munger_fcf",10751938560.0,16.261023,2.0240638,1.23,0.55252,0.12968001,0.124,0.05262736302467158,-300249984.0,0.0202,4.0
WKC,False,22.815140285975666,"data_missing:trailing_pe,graham_size,graham_current_ratio,graham_earnings_stability,munger_roe,munger_gross_margin",1838900736.0,,1.6208296,1.058,0.58819,-0.12264,0.025674086996093897,-0.015296641619217372,116087504.0,0.0256,0.0
WCC,False,22.749420320585433,"graham_debt_to_equity,graham_pe,graham_pe_times_pb,munger_roe,munger_gross_margin",16771411968.0,23.816608,3.3281112,2.091,1.2865,0.14308,0.21395001,0.05244376012828093,177050000.0,0.0058,4.0
FHB,False,22.741499249999997,"data_missing:current_ratio,data_missing:debt_to_equity,data_missing:free_cash_flow,munger_roe,munger_gross_margin",3134511616.0,11.200001,1.1091496,,,0.10321999,0.0,0.43712002,,0.0404,4.0
FFBC,False,22.714499999999997,"data_missing:current_ratio,data_missing:debt_to_equity,data_missing:free_cash_flow,munger_roe,munger_gross_margin",3368052736.0,11.339223,1.127389,,,0.10286,0.0,0.39804,,0.0315,4.0
UCB,False,22.703249999999997,"data_missing:current_ratio,data_missing:debt_to_equity,data_missing:free_cash_flow,munger_roe,munger_gross_margin",4182764032.0,11.336601,1.1360362,,,0.10271,0.0,0.50902003,,0.03,4.0
CALM,False,22.659294584930993,"data_missing:debt_to_equity,munger_roe,munger_gross_margin",3404399616.0,10.993966,1.3007245,7.695,,0.122200005,0.23081522664952164,0.12027138044917764,8796500.0,0.0659,4.0
TCBI,False,22.641,"data_missing:current_ratio,data_missing:debt_to_equity,data_missing:free_cash_flow,munger_roe,munger_gross_margin",4125717504.0,12.340702,1.2535169,,,0.10188,0.0,0.36721,,0.0084,4.0
KEY,False,22.623214285714287,"data_missing:current_ratio,data_missing:debt_to_equity,data_missing:free_cash_flow,graham_earnings_stability,munger_roe,munger_gross_margin",22206945280.0,12.16959,1.2896628,,,0.1033,0.0,0.3471,,0.0394,1.0
OLN,False,22.498792107687816,"data_missing:trailing_pe,graham_size,graham_current_ratio,graham_debt_to_equity,graham_earnings_stability,munger_roe,munger_gross_margin",1919465088.0,,1.1215451,1.418,1.99059,-0.10585,0.07395882491741387,0.0007816186880604058,311800000.0,0.0475,0.0
MOH,False,22.477754006028253,"graham_pe,graham_pe_times_pb,munger_roe,munger_gross_margin",10481238016.0,1254.9375,2.5032413,1.679,0.94773,-0.0016,0.12763218864233125,0.01719279707656408,700249984.0,,4.0
STBA,False,22.404,"data_missing:current_ratio,data_missing:debt_to_equity,data_missing:free_cash_flow,graham_size,munger_roe,munger_gross_margin",1769269632.0,13.343084,1.2602994,,,0.09872,0.0,0.44693002,,0.029500000000000002,4.0
ROAD,False,22.3650420380593,"graham_debt_to_equity,graham_pe,graham_pe_times_pb,munger_gross_margin",5353751552.0,36.992157,5.118563,1.566,1.81754,0.15048,0.1561299494089653,0.07993689276890976,52442000.0,,4.0
VVX,False,22.356696872317034,"graham_current_ratio,graham_earnings_stability,graham_pe,graham_pe_times_pb,munger_roe,munger_gross_margin",2408577280.0,26.49655,2.123121,1.318,0.97529,0.08349,0.08473,0.04336347147055449,106377504.0,,2.0
AGNT,False,22.329954327508556,"data_missing:trailing_pe,data_missing:debt_to_equity,graham_size,graham_earnings_stability,munger_roe,munger_gross_margin",622787648.0,,2.2546103,1.515,,-0.06887,0.06989862982525658,-0.0044980304091665445,98850248.0,0.0528,0.0
AUB,False,22.31925,"data_missing:current_ratio,data_missing:debt_to_equity,data_missing:free_cash_flow,munger_roe,munger_gross_margin",5574065152.0,11.379008,1.0749104,,,0.09759,0.0,0.56057,,0.0379,4.0
HWC,False,22.278000374999998,"data_missing:current_ratio,data_missing:debt_to_equity,data_missing:free_cash_flow,munger_roe,munger_gross_margin",6012717568.0,14.696078,1.357126,,,0.097040005,0.0,0.4386,,0.026699999999999998,4.0
ASB,False,22.271249625,"data_missing:current_ratio,data_missing:debt_to_equity,data_missing:free_cash_flow,munger_roe,munger_gross_margin",5597376000.0,10.370629,1.0152318,,,0.096949995,0.0,0.41342998,,0.032400000000000005,4.0
TRST,False,22.23675,"data_missing:current_ratio,data_missing:debt_to_equity,data_missing:free_cash_flow,graham_size,munger_roe,munger_gross_margin",964961984.0,15.741667,1.4709928,,,0.09649,0.0,0.46668997,,0.028300000000000002,4.0
HGV,False,22.22595238095238,"graham_debt_to_equity,graham_pe,graham_pe_times_pb,munger_roe,munger_gross_margin,munger_fcf",2766202368.0,20.221592,2.519646,4.814,6.2408600000000005,0.11456,0.24617,0.12666,-127000000.0,,4.0
CAVA,False,22.21556975360766,"graham_earnings_stability,graham_pe,graham_pe_times_pb,munger_roe,munger_gross_margin,munger_fcf",6031872000.0,92.21429,7.1702304,2.483,0.61899,0.083229996,0.24749005077535338,0.046865039536681634,-721500.0,,3.0
FIBK,False,22.212749249999998,"data_missing:current_ratio,data_missing:debt_to_equity,data_missing:free_cash_flow,munger_roe,munger_gross_margin",3559627008.0,11.563467,1.0740783,,,0.09616999,0.0,0.43242002,,0.050300000000000004,4.0
UBSI,False,22.1055,"data_missing:current_ratio,data_missing:debt_to_equity,data_missing:free_cash_flow,munger_roe,munger_gross_margin",6416974336.0,12.836513,1.1679972,,,0.09474,0.0,0.53079,,0.0323,4.0
EBC,False,22.0815,"data_missing:current_ratio,data_missing:debt_to_equity,data_missing:free_cash_flow,munger_roe,munger_gross_margin",4935849472.0,12.0670395,1.100693,,,0.09442,0.0,0.50124,,0.0259,4.0
ABCB,False,22.048499999999997,"data_missing:current_ratio,data_missing:debt_to_equity,data_missing:free_cash_flow,munger_roe,munger_gross_margin",5603454464.0,15.099457,1.3652045,,,0.09398,0.0,0.50194,,0.0096,4.0
ARMK,False,22.048282530184622,"graham_current_ratio,graham_debt_to_equity,graham_pe,graham_pe_times_pb,munger_roe,munger_gross_margin",14881633280.0,39.475525,4.383445,1.285,1.8672399999999998,0.11694,0.15292,0.04422,374142496.0,0.0085,4.0
AOSL,False,21.914317913879795,"data_missing:trailing_pe,graham_size,graham_earnings_stability,munger_roe,munger_gross_margin,munger_fcf",768585088.0,,0.9630697,3.438,0.035070000000000004,-0.05217,0.2232110374163938,-0.06362245130919819,-29679500.0,,0.0
BKU,False,21.89099925,"data_missing:current_ratio,data_missing:debt_to_equity,data_missing:free_cash_flow,munger_roe,munger_gross_margin",3189067776.0,12.29945,1.0773933,,,0.09187999,0.0,0.37060001,,0.029500000000000002,4.0
TRIP,False,21.813099644934653,"data_missing:trailing_pe,graham_size,graham_debt_to_equity,munger_roe,munger_fcf",1036042240.0,,1.5484324,1.561,1.34928,-0.00233,0.63966,0.04230565838180857,-101500000.0,,4.0
TFC,False,21.794249999999998,"data_missing:current_ratio,data_missing:debt_to_equity,data_missing:free_cash_flow,graham_earnings_stability,munger_roe,munger_gross_margin",59322171392.0,11.1632185,1.0108665,,,0.09059,0.0,0.39815,,0.042800000000000005,2.0
FNB,False,21.78,"data_missing:current_ratio,data_missing:debt_to_equity,data_missing:free_cash_flow,munger_roe,munger_gross_margin",6382433280.0,10.67262,0.92695034,,,0.0904,0.0,0.44671002,,0.028999999999999998,4.0
SAH,False,21.754265732235247,"graham_current_ratio,graham_debt_to_equity,munger_gross_margin,munger_fcf",2012598272.0,10.136942,1.9619688,1.012,4.55519,0.20631,0.15724976243268926,0.024251662971175165,-116075000.0,0.0258,4.0
HBAN,False,21.7515,"data_missing:current_ratio,data_missing:debt_to_equity,data_missing:free_cash_flow,munger_roe,munger_gross_margin",32084187136.0,12.215385,1.0787311,,,0.09002,0.0,0.41932,,0.0391,4.0
SBSI,False,21.746249625,"data_missing:current_ratio,data_missing:debt_to_equity,data_missing:free_cash_flow,graham_size,munger_roe,munger_gross_margin",935691392.0,12.333334,1.0621412,,,0.089949995,0.0,0.47232,,0.0471,4.0
WSBC,False,21.734999249999998,"data_missing:current_ratio,data_missing:debt_to_equity,data_missing:free_cash_flow,munger_roe,munger_gross_margin",3775814656.0,11.184659,0.9714032,,,0.08979999,0.0,0.48699,,0.038599999999999995,4.0
CAH,False,21.72188459411958,"data_missing:debt_to_equity,data_missing:return_on_equity,graham_current_ratio,graham_pe,graham_pe_times_pb,munger_gross_margin",52417916928.0,31.172892,-18.21547,0.883,,,0.038442780277524305,0.010277366980271232,4752500224.0,0.0092,4.0
VLY,False,21.71475,"data_missing:current_ratio,data_missing:debt_to_equity,data_missing:free_cash_flow,munger_roe,munger_gross_margin",7509905408.0,11.51695,0.99385697,,,0.08953,0.0,0.46787998,,0.032400000000000005,4.0
NIC,False,21.68024925,"data_missing:current_ratio,data_missing:debt_to_equity,data_missing:free_cash_flow,munger_roe,munger_gross_margin",3521281280.0,18.836323,1.5511448,,,0.08906999,0.0,0.52892,,0.008100000000000001,4.0
VSEC,False,21.61394082281312,"graham_pe,graham_pe_times_pb,munger_roe,munger_gross_margin,munger_fcf",4906598912.0,55.856228,1.6724703,3.768,0.34965,0.042659998,0.15621,0.08055112269897283,-260715008.0,0.0023,4.0
DCOM,False,21.552,"data_missing:current_ratio,data_missing:debt_to_equity,data_missing:free_cash_flow,data_missing:consecutive_positive_earnings_years,graham_size,munger_roe,munger_gross_margin",1798498176.0,14.757246,1.2811399,,,0.08736,0.0,0.44626,,0.0246,
ABR,False,21.481250000000003,"data_missing:free_cash_flow,graham_size,graham_debt_to_equity,graham_pe,munger_roe",867676992.0,47.555557,0.3772255,2.095,3.86741,0.01975,0.79161,-0.12729,,0.21960000000000002,4.0
HTLD,False,21.44963266666667,"data_missing:trailing_pe,graham_size,graham_earnings_stability,munger_roe,munger_gross_margin,munger_fcf",917938048.0,,1.2137015,1.585,0.19358,-0.028469998,0.28059998,-0.0712564958316216,-80482624.0,0.0068000000000000005,0.0
J,False,21.441254732054592,"graham_current_ratio,graham_debt_to_equity,graham_pe,graham_pe_times_pb,munger_roe,munger_gross_margin",16932797440.0,47.641193,5.145317,1.287,1.24734,0.07998,0.14405078371554456,0.025855999534456803,645677888.0,0.01,4.0
NWBI,False,21.428250300000002,"data_missing:current_ratio,data_missing:debt_to_equity,data_missing:free_cash_flow,munger_roe,munger_gross_margin",2264258048.0,15.009709,1.1742367,,,0.085710004,0.0,0.41568002,,0.051699999999999996,4.0
SCL,False,21.419275050117278,"data_missing:trailing_pe,graham_size,graham_current_ratio,munger_roe,munger_gross_margin",1406689536.0,,1.1605836,1.151,0.5836,-0.0021600001,0.11572676121321684,0.03368145811053833,55548624.0,0.0255,4.0
C,False,21.396749999999997,"data_missing:current_ratio,data_missing:debt_to_equity,data_missing:free_cash_flow,munger_roe,munger_gross_margin",221035855872.0,14.199354,1.1484426,,,0.08529,0.0,0.36229,,0.0203,4.0
WAFD,False,21.37275,"data_missing:current_ratio,data_missing:debt_to_equity,data_missing:free_cash_flow,munger_roe,munger_gross_margin",2397233152.0,10.217665,0.87982833,,,0.08497,0.0,0.46126997,,0.0333,4.0
INTC,False,21.35843546048186,"data_missing:trailing_pe,graham_earnings_stability,munger_roe",574070980608.0,,6.256121,1.604,0.48997,-0.10715,0.34766238434904356,-0.04188976973870925,4866375168.0,,0.0
FITB,False,21.328500000000002,"data_missing:current_ratio,data_missing:debt_to_equity,data_missing:free_cash_flow,munger_roe,munger_gross_margin",47966777344.0,17.814816,1.4850261,,,0.08438,0.0,0.39078,,0.0318,4.0
BBT,False,21.317250449999996,"data_missing:current_ratio,data_missing:debt_to_equity,data_missing:free_cash_flow,munger_roe,munger_gross_margin",2584049920.0,10.009741,1.0240824,,,0.084230006,0.0,0.46051997,,0.0418,4.0
SHAK,False,21.26852740922288,"graham_debt_to_equity,graham_earnings_stability,graham_pe,graham_pe_times_pb,munger_roe,munger_fcf",2351000832.0,57.76842,4.070311,1.668,1.66579,0.0794,0.4038,0.04324897288186723,-41693376.0,,3.0
MET,False,21.216214377142066,"graham_debt_to_equity,graham_pe_times_pb,munger_roe,munger_gross_margin,munger_fcf",61666680832.0,18.590038,2.2552757,2.027,1.7993299999999999,0.13094,0.23951,0.07961444657775933,-20953999360.0,0.024399999999999998,4.0
AES,False,21.2079019818947,"graham_current_ratio,graham_debt_to_equity,graham_earnings_stability,munger_roe,munger_gross_margin,munger_fcf",10576129024.0,5.554307,2.1399713,0.746,2.5688600000000004,0.095740005,0.1807406196354124,0.18673,-3089125120.0,0.0475,3.0
CFG,False,21.20250075,"data_missing:current_ratio,data_missing:debt_to_equity,data_missing:free_cash_flow,munger_roe,munger_gross_margin",28235694080.0,14.605664,1.1771523,,,0.08270001,0.0,0.35132998,,0.0274,4.0
COF,False,21.18567857142857,"data_missing:current_ratio,data_missing:debt_to_equity,data_missing:free_cash_flow,munger_roe,munger_gross_margin",124190810112.0,11.147026,1.2059526,,,0.09031,0.0,0.33629,,0.0158,4.0
INDB,False,21.17925,"data_missing:current_ratio,data_missing:debt_to_equity,data_missing:free_cash_flow,munger_roe,munger_gross_margin",3895634688.0,14.871609,1.1149673,,,0.08239,0.0,0.47252,,0.0311,4.0
RNST,False,21.1575003,"data_missing:current_ratio,data_missing:debt_to_equity,data_missing:free_cash_flow,munger_roe,munger_gross_margin",3712849152.0,11.8771925,0.9590367,,,0.082100004,0.0,0.43483,,0.0236,4.0
GEF,False,21.12164285714286,"data_missing:return_on_equity,data_missing:free_cash_flow,graham_current_ratio,graham_pe,graham_pe_times_pb,munger_gross_margin",4701911040.0,34.177685,1.5667443,1.289,0.39409999999999995,,0.22521,0.10561,,0.0285,4.0
FBNC,False,21.108,"data_missing:current_ratio,data_missing:debt_to_equity,data_missing:free_cash_flow,graham_pe_times_pb,munger_roe,munger_gross_margin",2622298112.0,19.68323,1.5277443,,,0.08144,0.0,0.51192003,,0.0151,4.0
CFFN,False,21.0097497,"data_missing:current_ratio,data_missing:debt_to_equity,data_missing:free_cash_flow,graham_size,graham_earnings_stability,munger_roe,munger_gross_margin",1097988096.0,13.692307,1.0735825,,,0.080129996,0.0,0.50087,,0.0382,2.0
GBCI,False,20.9595,"data_missing:current_ratio,data_missing:debt_to_equity,data_missing:free_cash_flow,munger_roe,munger_gross_margin",5816125440.0,18.307375,1.3484876,,,0.07946,0.0,0.44305,,0.0296,4.0
CVBF,False,20.736749999999997,"data_missing:current_ratio,data_missing:debt_to_equity,data_missing:free_cash_flow,munger_roe,munger_gross_margin",3995142144.0,15.763888,1.2622331,,,0.07649,0.0,0.55747,,0.0352,4.0
PNFP,False,20.735999999999997,"data_missing:current_ratio,data_missing:debt_to_equity,data_missing:free_cash_flow,munger_roe,munger_gross_margin",14620147712.0,13.326446,1.0364554,,,0.07648,0.0,0.47018,,0.0207,4.0
CRL,False,20.62705838891825,"data_missing:trailing_pe,graham_current_ratio,graham_debt_to_equity,graham_earnings_stability,munger_roe",13274270720.0,,4.6735916,1.348,1.05047,-0.07516,0.34585,0.006266402548997829,468856000.0,,0.0
HAFC,False,20.57824278813741,"data_missing:current_ratio,data_missing:debt_to_equity,data_missing:free_cash_flow,graham_size,munger_roe,munger_gross_margin",958263936.0,10.882154,1.1700395,,,0.11344,0.0,0.28163899838987283,,0.0347,4.0
AVAV,False,20.538667901209585,"data_missing:trailing_pe,graham_earnings_stability,munger_roe,munger_gross_margin,munger_fcf",8128771584.0,,1.8423386,4.26,0.19354,-0.04597,0.2532530370362876,-0.15731885909112753,-25920876.0,,0.0
PRIM,False,20.454659934973144,"graham_current_ratio,graham_pe,graham_pe_times_pb,munger_roe,munger_gross_margin",4152087296.0,30.247059,2.584699,1.181,0.7963,0.08889,0.10734135104093784,0.05432414949372269,80155000.0,0.0040999999999999995,4.0
BXMT,False,20.336000000000002,"data_missing:free_cash_flow,graham_debt_to_equity,graham_earnings_stability,graham_pe,graham_pe_times_pb,munger_roe",2236573440.0,165.87502,0.6938925,98.576,4.84696,0.00448,1.0,-3.69142,,0.1417,1.0
IFF,False,20.330722053872055,"data_missing:trailing_pe,graham_earnings_stability,munger_roe,munger_fcf",21179975680.0,,1.5154449,2.061,0.44821,-0.05548,0.3616161616161616,-0.03507805325987144,-1720999936.0,0.019299999999999998,0.0
PB,False,20.303250000000002,"data_missing:current_ratio,data_missing:debt_to_equity,data_missing:free_cash_flow,munger_roe,munger_gross_margin",8414776832.0,12.135181,0.8485216,,,0.07071,0.0,0.58042,,0.034300000000000004,4.0
MTZ,False,20.28013776190476,"graham_current_ratio,graham_earnings_stability,graham_pe,graham_pe_times_pb,munger_gross_margin,munger_fcf",17215774720.0,34.136944,4.8130937,1.4,0.89874,0.16176,0.12913999,0.05424,-57898876.0,,2.0
CXW,False,20.202398352152294,"graham_current_ratio,graham_pe,graham_pe_times_pb,munger_roe,munger_gross_margin",3484017664.0,27.960318,2.4219718,1.319,0.95487,0.08772001,0.2258,0.08536514325749088,24545250.0,,4.0
MATW,False,20.189803693134195,"data_missing:trailing_pe,graham_size,graham_debt_to_equity,graham_earnings_stability,munger_roe,munger_gross_margin",639245760.0,,1.3154345,1.756,1.2932,-0.05874,0.29498027829242257,-0.006862363475275054,26483000.0,0.049800000000000004,0.0
PI,False,20.04706251110695,"data_missing:trailing_pe,graham_debt_to_equity,graham_earnings_stability,munger_roe",5537375744.0,,23.905817,3.277,1.15143,-0.12875,0.5253119158069653,-0.002041127189642041,56185876.0,,0.0
STEP,False,20.0,"data_missing:trailing_pe,graham_current_ratio,graham_debt_to_equity,graham_earnings_stability,munger_roe,munger_gross_margin",5977877504.0,,-7.0723886,0.639,1.26487,-0.61397,-0.48369,-0.54055,2822566144.0,0.0371,0.0
WY,False,19.794657969859266,"graham_pe,graham_pe_times_pb,munger_roe,munger_gross_margin",15294017536.0,32.151512,1.6172547,1.816,0.57625,0.04974,0.14844315713251266,0.1058653149891383,13625000.0,0.039599999999999996,4.0
LYB,False,19.641595396720945,"data_missing:trailing_pe,graham_debt_to_equity,graham_earnings_stability,munger_roe,munger_gross_margin",20005740544.0,,1.874565,1.641,1.3275899999999998,-0.02269,0.12888,-0.013928962292309223,1228000000.0,0.0446,0.0
LEU,False,19.563474622454287,"graham_debt_to_equity,graham_pe,graham_pe_times_pb,munger_roe,munger_gross_margin,munger_fcf",2970404864.0,76.84127,3.4276612,5.395,1.3928299999999998,0.08053,0.26186761756184534,0.1118787608647203,-127300000.0,,4.0
SBCF,False,19.55025,"data_missing:current_ratio,data_missing:debt_to_equity,data_missing:free_cash_flow,graham_pe,munger_roe,munger_gross_margin",3262935296.0,21.883118,1.1822072,,,0.06067,0.0,0.48815,,0.0226,4.0
CWST,False,19.52269727088668,"graham_current_ratio,graham_pe,graham_pe_times_pb,munger_roe",5668419072.0,1113.375,3.587482,0.993,0.9162300000000001,0.00364,0.3342,0.034662227160652447,121703752.0,,4.0
ASTE,False,19.427198247035626,"graham_size,graham_earnings_stability,graham_pe,graham_pe_times_pb,munger_roe,munger_gross_margin,munger_fcf",953250240.0,49.285717,1.3814737,2.517,0.57089,0.02859,0.2653148043108338,0.046724333522404994,-1112500.0,0.0126,3.0
SLAB,False,19.410633855103786,"data_missing:trailing_pe,data_missing:debt_to_equity,graham_earnings_stability,munger_roe,munger_fcf",7357370368.0,,6.7201023,5.407,,-0.03628,0.5823190156531135,-0.08988817020148733,-13706625.0,,0.0
WERN,False,19.37777579341263,"data_missing:trailing_pe,graham_current_ratio,graham_earnings_stability,munger_roe,munger_gross_margin",2138420480.0,,1.577411,1.448,0.68379,-0.03909,0.1904,0.003919115006878708,69455872.0,0.015700000000000002,0.0
VSTS,False,19.24177291289972,"data_missing:trailing_pe,graham_size,graham_debt_to_equity,graham_earnings_stability,munger_roe,munger_gross_margin",1826452608.0,,2.081012,2.166,1.52545,-0.00602,0.26297,0.0235593393249109,69159872.0,,0.0
SITM,False,19.185516020833823,"graham_debt_to_equity,graham_earnings_stability,graham_pe,graham_pe_times_pb,munger_roe",18471735296.0,1007.0,15.887388,19.445,1.2941900000000002,0.013259999,0.5356823608645075,-0.205038878344456,24747500.0,,0.0
SEDG,False,19.025082357367758,"data_missing:trailing_pe,graham_earnings_stability,munger_roe,munger_gross_margin",2133712896.0,,5.1768923,2.03,0.9885200000000001,-0.58424,0.1657157282235378,-0.2547009398502589,113761248.0,,0.0
HOPE,False,18.917250300000003,"data_missing:current_ratio,data_missing:debt_to_equity,data_missing:free_cash_flow,graham_size,munger_roe,munger_gross_margin",1783276032.0,13.821782,0.77672064,,,0.056550004,0.0,0.34244,,0.04019999999999999,4.0
MCK,False,18.53579607752874,"data_missing:debt_to_equity,data_missing:return_on_equity,graham_current_ratio,graham_pe,graham_pe_times_pb,munger_gross_margin",101975760896.0,23.474237,-23.928925,0.893,,,0.036065736311132045,0.015397962471804279,6801249792.0,0.0043,4.0
MTUS,False,18.451654154067157,"graham_size,graham_earnings_stability,graham_pe,graham_pe_times_pb,munger_roe,munger_gross_margin,munger_fcf",795507456.0,100.57895,1.1454089,1.752,0.021230000000000002,0.011720001,0.0821030821030821,0.003601142431392028,-62337500.0,,0.0
HFWA,False,18.247928571428574,"data_missing:current_ratio,data_missing:debt_to_equity,data_missing:free_cash_flow,graham_size,munger_roe,munger_gross_margin",1153409664.0,13.42381,1.0391477,,,0.07798,0.0,0.28932,,0.0355,4.0
VSAT,False,18.15816295112503,"data_missing:trailing_pe,graham_debt_to_equity,graham_earnings_stability,munger_roe",10521788416.0,,2.26768,1.675,1.46805,0.0019,0.33219,0.023301395605437602,250167376.0,,0.0
AAP,False,18.133310002712864,"graham_debt_to_equity,graham_earnings_stability,graham_pe,munger_roe,munger_fcf",2570019840.0,23.77095,1.1311375,1.748,2.49358,0.04888,0.4340193000813859,-0.004999418672247413,-54625000.0,0.0235,1.0
ALLY,False,18.091177714285713,"data_missing:current_ratio,data_missing:debt_to_equity,data_missing:free_cash_flow,munger_roe,munger_gross_margin",12167987200.0,9.411765,0.9013476,,,0.09681,0.0,0.25270998,,0.03,4.0
TNDM,False,17.93615942143244,"data_missing:trailing_pe,graham_size,graham_debt_to_equity,graham_earnings_stability,munger_roe,munger_fcf",1173792768.0,,8.997334,3.18,5.66964,-0.48026,0.5380847826429731,-0.1845376531432806,-43949124.0,,0.0
SBUX,False,17.84680299602813,"data_missing:debt_to_equity,data_missing:return_on_equity,graham_current_ratio,graham_pe,graham_pe_times_pb,munger_gross_margin",109246201856.0,55.393063,-14.232883,0.76,,,0.22341,0.0789739783350007,3065537536.0,0.0259,4.0
HONA,False,17.804809523809524,"data_missing:debt_to_equity,data_missing:return_on_equity,data_missing:free_cash_flow,graham_earnings_stability,graham_pe,graham_pe_times_pb",51853467648.0,50.030582,-9.102036,1.526,,,0.34535,0.14684,,,3.0
CNH,False,17.73828563919191,"graham_debt_to_equity,graham_pe,graham_pe_times_pb,munger_roe,munger_gross_margin",21629734912.0,53.8,2.1465049,4.883,3.35044,0.03914,0.17762,0.05538,563124992.0,0.0074,4.0
VSH,False,17.45612485582934,"graham_earnings_stability,graham_pe,graham_pe_times_pb,munger_roe,munger_gross_margin,munger_fcf",4986356736.0,162.54999,1.7118635,1.802,0.37664000000000003,0.01134,0.19383307136284605,0.018529524464915504,-3755125.0,0.0123,0.0
SNEX,False,17.426669087760168,"data_missing:free_cash_flow,graham_current_ratio,graham_debt_to_equity,graham_pe_times_pb,munger_gross_margin",8081321472.0,18.306011,2.826885,1.065,8.2347,0.2185,0.031175072632805098,-0.0006477267494128412,,,4.0
NBHC,False,17.139535714285714,"data_missing:current_ratio,data_missing:debt_to_equity,data_missing:free_cash_flow,graham_size,munger_roe,munger_gross_margin",1824785280.0,17.214285,1.093233,,,0.06527,0.0,0.2857,,0.031200000000000002,4.0
ANDE,False,17.01886069803224,"munger_roe,munger_gross_margin,munger_fcf",2369821696.0,13.460347,1.7784307,1.51,0.6635,0.12159,0.06482474951239575,0.01613,-109108872.0,0.0115,4.0
LUV,False,16.852965036899967,"graham_current_ratio,graham_pe,graham_pe_times_pb,munger_roe,munger_gross_margin,munger_fcf",20047751168.0,25.6125,2.8308926,0.489,0.97275,0.11099,0.22399001,0.015251398638777038,-834750016.0,0.0176,4.0
KNF,False,16.85291853786408,"graham_debt_to_equity,graham_pe,graham_pe_times_pb,munger_roe,munger_gross_margin,munger_fcf",3089679872.0,22.130081,1.9242868,2.665,1.03908,0.09122,0.1835113788504303,0.09086869344427166,-3501250.0,,4.0
CCOI,False,16.781668000000003,"data_missing:trailing_pe,data_missing:debt_to_equity,graham_size,graham_current_ratio,graham_earnings_stability,munger_roe,munger_fcf",461453792.0,,-12.654494,0.632,,-7.2150297,0.50345004,-0.0669,-132067000.0,0.0089,0.0
ICHR,False,16.650065223422025,"data_missing:trailing_pe,graham_earnings_stability,munger_roe,munger_gross_margin",2052491648.0,,2.366966,3.701,0.17809999999999998,-0.051659998,0.09262366353893624,-0.041441372993461734,10132000.0,,0.0
BTU,False,16.533066866666665,"data_missing:trailing_pe,graham_earnings_stability,munger_roe,munger_gross_margin,munger_fcf",3074317824.0,,0.94634145,2.009,0.12884,-0.047709998,0.103970006,-0.020743234494367473,-53975000.0,0.011899999999999999,0.0
DMC,False,16.356956547880703,"graham_size,graham_earnings_stability,graham_pe,graham_pe_times_pb,munger_roe,munger_gross_margin,munger_fcf",1432301952.0,42.78873,0.71351403,2.226,0.2943,0.01775,0.09233509936839183,0.031788631052911645,-99887504.0,0.0395,2.0
SLVM,False,16.030545839195124,"graham_size,graham_current_ratio,graham_debt_to_equity,munger_roe,munger_gross_margin,munger_fcf",1414271872.0,19.02139,1.4823921,1.472,1.07958,0.07941,0.20594,0.07490301402566397,-16375000.0,0.0506,4.0
DNOW,False,16.010018203309695,"data_missing:trailing_pe,graham_earnings_stability,munger_roe,munger_gross_margin,munger_fcf",2818451968.0,,1.3475667,2.136,0.30934,-0.11599,0.16950354609929077,-0.03297872340425532,-533750016.0,,0.0
SANM,False,15.94899834701889,"graham_pe,graham_pe_times_pb,munger_roe,munger_gross_margin,munger_fcf",10695887872.0,35.699463,4.178567,1.78,0.88161,0.12488,0.08813033147310252,0.04362098139580546,-222215744.0,,4.0
BFH,False,15.921847847779446,"data_missing:current_ratio,data_missing:debt_to_equity,data_missing:free_cash_flow,munger_gross_margin",4169643008.0,8.419704,1.2481743,,,0.17424999,0.0,0.06657230061485381,,0.0085,4.0
GBX,False,15.768297726330823,"graham_size,graham_debt_to_equity,munger_roe,munger_gross_margin,munger_fcf",1293897600.0,12.372781,0.82245123,3.676,1.0874899999999998,0.06341,0.18748842664033086,0.11113511511635084,-164687504.0,0.0325,4.0
ADIG,False,15.67260680952381,"data_missing:return_on_equity,data_missing:free_cash_flow,graham_size,graham_earnings_stability,graham_pe,munger_gross_margin",1571610240.0,37.636364,0.64017326,2.796,0.50835,,0.21893999,0.02333,,,0.0
CBRL,False,15.421230528899383,"graham_size,graham_current_ratio,graham_debt_to_equity,graham_pe,graham_pe_times_pb,munger_roe,munger_fcf",1007156800.0,39.18261,2.1637454,0.501,2.4666300000000003,0.056110002,0.31608,0.01579620884098558,-3550125.0,0.0222,4.0
MOS,False,15.343909294730471,"data_missing:trailing_pe,graham_current_ratio,munger_roe,munger_gross_margin,munger_fcf",7782085120.0,,0.67883086,1.337,0.52249,-0.05073,0.15780259533370947,0.06816069828415917,-746275008.0,0.0359,4.0
BANC,False,15.0,"data_missing:trailing_pe,data_missing:current_ratio,data_missing:debt_to_equity,data_missing:free_cash_flow,data_invalid_outlier:operating_margin,graham_earnings_stability,munger_roe,munger_gross_margin",2902398208.0,,0.996844,,,-0.0065499996,0.0,2.16263,,0.0262,2.0
SFNC,False,15.0,"data_missing:trailing_pe,data_missing:current_ratio,data_missing:debt_to_equity,data_missing:free_cash_flow,graham_earnings_stability,munger_roe,munger_gross_margin",3307920640.0,,0.94955605,,,-0.09941,0.0,0.38306,,0.037599999999999995,0.0
RDNT,False,14.780283277825351,"data_missing:trailing_pe,graham_current_ratio,graham_debt_to_equity,graham_earnings_stability,munger_roe,munger_gross_margin",5981029888.0,,5.5244603,1.484,1.56668,0.01498,0.17284,0.03038510741541312,157737248.0,,0.0
DFH,False,14.75967857142857,"graham_size,graham_debt_to_equity,munger_roe,munger_gross_margin,munger_fcf",1027573632.0,8.049645,0.7206807,7.59,1.12734,0.09423,0.1998,0.02409,-217692992.0,,4.0
ROIV,False,14.673449999999999,"data_missing:trailing_pe,data_invalid_outlier:operating_margin,graham_earnings_stability,munger_roe,munger_gross_margin,munger_fcf",28726786048.0,,6.792485,16.721,0.02177,-0.08515,0.0,-254.08113,-1127230080.0,,0.0
LBRT,False,14.224808324635918,"graham_pe,graham_pe_times_pb,munger_roe,munger_gross_margin,munger_fcf",3154490112.0,26.121622,1.6064156,1.986,0.8214400000000001,0.06123,0.18529,0.018149249797060295,-302047872.0,0.018600000000000002,4.0
AVT,False,14.218540805765612,"graham_pe,graham_pe_times_pb,munger_roe,munger_gross_margin,munger_fcf",7888854528.0,23.970074,1.5708706,1.777,0.6920499999999999,0.06665,0.1042930214195994,0.02622915769706474,-129337000.0,0.0154,4.0
MBC,False,14.077610305213248,"data_missing:trailing_pe,graham_size,munger_roe,munger_fcf",1347107072.0,,0.68395495,1.759,0.85833,-0.0582,0.30262917321826893,0.04351482795187772,-24387500.0,,4.0
DELL,False,13.9186482459986,"data_missing:debt_to_equity,data_missing:return_on_equity,graham_current_ratio,graham_pe,graham_pe_times_pb,munger_gross_margin",361179774976.0,33.007557,-256.80832,0.962,,,0.19999471542567246,0.07177332699184415,6033375232.0,0.0044,4.0
FERG,False,13.854291472781819,"data_missing:return_on_equity,data_missing:free_cash_flow,graham_debt_to_equity,graham_earnings_stability,graham_pe,graham_pe_times_pb",41482063872.0,21.105314,6.689648,1.729,1.11063,,0.3067095767505364,0.0847149080033808,,0.0166,0.0
MSGS,False,13.789755920757884,"data_missing:debt_to_equity,data_missing:return_on_equity,graham_current_ratio,graham_earnings_stability,graham_pe,graham_pe_times_pb",9601875968.0,1246.0938,-36.462143,0.503,,,0.33605,0.02501945707396808,58219124.0,,1.0
AIN,False,13.596591068335528,"data_missing:trailing_pe,graham_size,graham_earnings_stability,munger_roe,munger_gross_margin",1718594432.0,,2.3060534,2.238,0.59922,-0.061339997,0.2062202562873421,-0.030522998986314828,4886875.0,0.018500000000000003,0.0
SRPT,False,13.54420528183516,"data_missing:trailing_pe,graham_earnings_stability,munger_roe,munger_gross_margin",2124159488.0,,1.3902524,4.422,0.6953900000000001,-0.09478,0.19108,-0.3183373767250756,22139876.0,,0.0
MARA,False,13.374000666666669,"data_missing:trailing_pe,graham_current_ratio,graham_debt_to_equity,graham_earnings_stability,munger_roe,munger_fcf",5114602496.0,,3.045078,0.891,1.40159,-1.0557,0.40122002,-1.349641106259226,-1168091392.0,,0.0
MRNA,False,13.361097089644677,"data_missing:trailing_pe,graham_earnings_stability,munger_roe,munger_gross_margin",61498294272.0,,9.090587,2.295,0.19036,-0.38998002,-0.66023004,-1.581275720164609,299249984.0,,0.0
RXO,False,13.14987512441878,"data_missing:trailing_pe,graham_current_ratio,graham_earnings_stability,munger_roe,munger_gross_margin",3341403392.0,,2.2185721,1.268,0.48340000000000005,-0.06787,0.14912,-0.013758272378962034,5750000.0,,0.0
HTH,False,12.4717497,"data_missing:current_ratio,data_missing:debt_to_equity,data_missing:free_cash_flow,munger_roe,munger_gross_margin",2214120192.0,14.36803,1.0413018,,,0.076009996,0.0,0.15799,,0.0207,4.0
DOW,False,12.325214807839888,"data_missing:trailing_pe,graham_debt_to_equity,graham_earnings_stability,munger_roe,munger_gross_margin",20752848896.0,,1.3085262,1.749,1.11913,-0.0554,0.1348139691764828,0.11594,237624992.0,0.0487,0.0
TFIN,False,12.209464285714287,"data_missing:current_ratio,data_missing:debt_to_equity,data_missing:free_cash_flow,graham_size,graham_pe,graham_pe_times_pb,munger_roe,munger_gross_margin",1505833728.0,42.58108,1.6398647,,,0.04121,0.0,0.21277,,,4.0
WHR,False,11.886468567870335,"graham_current_ratio,graham_debt_to_equity,graham_earnings_stability,munger_roe,munger_gross_margin,munger_fcf",2084424064.0,10.516447,0.54945433,1.149,2.05431,0.05933,0.15369750064416388,0.05398093274929142,-485375008.0,0.099,1.0
FISV,False,11.76534030778357,"data_missing:current_ratio,data_missing:debt_to_equity,data_missing:return_on_equity,data_missing:gross_margin,data_missing:free_cash_flow",25094070272.0,9.04023,0.93137544,,,,,0.2745246071816166,,,4.0
RUN,False,11.764332666666666,"graham_current_ratio,graham_debt_to_equity,graham_earnings_stability,munger_roe,munger_fcf",2054424704.0,5.802721,0.58689964,1.422,2.92511,-0.19856001,0.35292998,-0.04265442271331354,-1971139840.0,,1.0
PENN,False,11.720333333333333,"data_missing:trailing_pe,graham_current_ratio,graham_debt_to_equity,graham_earnings_stability,munger_roe,munger_fcf",2208649984.0,,1.1245557,0.885,5.96731,-0.37578,0.35161,-0.1084725518238539,-54325000.0,,0.0
APD,False,11.301872246310538,"data_missing:trailing_pe,graham_current_ratio,graham_debt_to_equity,graham_earnings_stability,munger_roe,munger_fcf",63282774016.0,,4.5580378,1.085,1.1009099999999998,0.00023,0.3385386673893161,-0.07285686989607304,-1497500032.0,0.0255,0.0
EGBN,False,10.360713857142857,"data_missing:trailing_pe,data_missing:current_ratio,data_missing:debt_to_equity,data_missing:free_cash_flow,graham_size,graham_earnings_stability,munger_roe,munger_gross_margin",863306048.0,,0.7505366,,,-0.04137,0.0,0.24174999,,0.0014000000000000002,0.0
GO,False,10.090040171965903,"data_missing:trailing_pe,graham_size,graham_current_ratio,graham_debt_to_equity,graham_earnings_stability,munger_roe,munger_fcf",1116682368.0,,1.3675525,1.291,2.26658,-0.3806,0.302701205158977,-0.047284366716224914,-44593500.0,,0.0
FLR,False,9.95825099753532,"data_missing:trailing_pe,graham_earnings_stability,munger_roe,munger_gross_margin",7342384640.0,,2.770908,1.796,0.38492,-0.45167,-0.007740437334709411,-0.024382377604334645,21500000.0,,0.0
XNCR,False,9.929549999999999,"data_missing:trailing_pe,graham_size,graham_earnings_stability,munger_roe,munger_gross_margin,munger_fcf",1838016000.0,,3.6514032,6.391,0.33803,-0.29072002,-1.4364799,-1.4135025801108492,-94537504.0,,0.0
CLF,False,9.85792494065601,"data_missing:trailing_pe,graham_debt_to_equity,graham_earnings_stability,munger_roe,munger_gross_margin",7131750400.0,,1.2726533,1.89,1.3274299999999999,-0.13862,0.2892964824120603,-0.08484685652874799,6125000.0,,0.0
ECHO,False,9.846667333333334,"data_missing:trailing_pe,graham_debt_to_equity,graham_earnings_stability,munger_roe,munger_gross_margin,munger_fcf",27149262848.0,,1.9177182,5.201,1.23757,-0.33428,0.29540002,-1.1811502161047902,-18870501376.0,,0.0
BG,False,9.278703344063375,"graham_pe,graham_pe_times_pb,munger_roe,munger_gross_margin,munger_fcf",22205128704.0,24.963284,1.3918258,1.567,0.9799500000000001,0.071779996,0.04847218075047278,0.04617,-6475375104.0,0.024900000000000002,4.0
FLG,False,9.135107165357143,"data_missing:current_ratio,data_missing:debt_to_equity,data_missing:free_cash_flow,graham_earnings_stability,graham_pe,graham_pe_times_pb,munger_roe,munger_gross_margin",5209415168.0,418.33334,0.68530554,,,0.0059100003,0.0,0.20281,,0.0032,0.0
WLK,False,8.50899902215447,"data_missing:trailing_pe,graham_earnings_stability,munger_roe,munger_gross_margin",8826907648.0,,1.0140055,2.453,0.63814,-0.11911,0.07278424350940017,-0.14127126230975828,23125000.0,0.030899999999999997,0.0
VGNT,False,7.8881426857142865,"data_missing:return_on_equity,data_missing:free_cash_flow,graham_current_ratio,graham_debt_to_equity,graham_pe_times_pb,munger_gross_margin",3248505344.0,6.685131,38.216667,1.398,8.53169,,0.12354,0.087969996,,0.0113,4.0
KMX,False,7.773579389732676,"graham_debt_to_equity,graham_pe,graham_pe_times_pb,munger_roe,munger_gross_margin,munger_fcf",8118734336.0,35.53416,1.3268856,2.705,3.07787,0.03588,0.10844166740626598,0.03425,-159998368.0,,4.0
AHCO,False,7.591890917300251,"data_missing:trailing_pe,graham_size,graham_current_ratio,graham_debt_to_equity,graham_earnings_stability,munger_roe,munger_gross_margin,munger_fcf",776869184.0,,0.5524381,1.124,1.48969,-0.15224,0.19174999,0.028005240292561427,-80691504.0,,0.0
UCTT,False,7.525380480185973,"data_missing:trailing_pe,graham_debt_to_equity,graham_earnings_stability,munger_roe,munger_gross_margin,munger_fcf",3166674688.0,,5.039954,2.733,1.082,-0.0155299995,0.16986079328756673,0.043478260869565216,-81487504.0,,0.0
RCUS,False,7.30605,"data_missing:trailing_pe,graham_earnings_stability,munger_roe,munger_gross_margin,munger_fcf",3213894400.0,,6.9074984,3.818,0.51293,-0.90819,0.0,-1.562753036437247,-270624992.0,,0.0
ALK,False,6.816315515067604,"data_missing:trailing_pe,graham_current_ratio,graham_debt_to_equity,munger_roe,munger_gross_margin,munger_fcf",4522925056.0,,1.2324061,0.547,2.0752,-0.04598,0.17713,0.021279584240466325,-23750000.0,,4.0
JBLU,False,6.741666666666666,"data_missing:trailing_pe,graham_size,graham_current_ratio,graham_debt_to_equity,graham_earnings_stability,munger_roe,munger_gross_margin,munger_fcf",1648854272.0,,1.0389919,0.696,5.9143,-0.44355,0.20225,-0.04060913705583756,-921249984.0,,0.0
AESI,False,5.444266361882331,"data_missing:trailing_pe,graham_size,graham_earnings_stability,munger_roe,munger_gross_margin,munger_fcf",1693796736.0,,1.5217879,1.824,0.94273,-0.09925,0.13755649085646987,-0.009960650409473117,-118395504.0,0.0848,0.0
EQH,False,4.256,"data_missing:trailing_pe,graham_debt_to_equity,graham_earnings_stability,munger_roe,munger_gross_margin,munger_fcf",14715714560.0,,-7.9513636,2.03,5.861000000000001,-0.25131,0.12768,-0.26357,-8824250368.0,0.021099999999999997,0.0
F,False,2.371666666666667,"data_missing:trailing_pe,graham_current_ratio,graham_debt_to_equity,graham_earnings_stability,munger_roe,munger_gross_margin,munger_fcf",52676141056.0,,1.4746594,1.089,4.567080000000001,-0.18252,0.07115,-0.04896217699861695,-7940250112.0,0.0454,0.0
CWEN-A,False,0.0,data_missing:fetch_failed,,,,,,,,,,,
CYTK,False,0.0,"data_missing:trailing_pe,data_missing:debt_to_equity,data_missing:return_on_equity,graham_earnings_stability,munger_gross_margin,munger_fcf",9562031104.0,,-55.024,6.661,,,0.0,-3.427517232629932,-397408736.0,,0.0
