symbol,buyable,score,fail_reasons,market_cap,trailing_pe,price_to_book,current_ratio,debt_to_equity,return_on_equity,gross_margin,operating_margin,free_cash_flow,dividend_yield,consecutive_positive_earnings_years
HCI,False,97.8391,"graham_current_ratio,graham_earnings_stability",2313812992.0,7.946734,2.1473334,1.004,0.057460000000000004,0.38464,0.59559,0.47886002,449517504.0,0.0087,3.0
INVA,False,93.01912309369214,graham_size,1572126336.0,3.4025557,1.171746,21.134,0.24702000000000002,0.50725,0.74100995,0.40108,105171624.0,,4.0
ADBE,False,90.78355000000002,"graham_current_ratio,graham_pe_times_pb",98198396928.0,14.124642,8.557868,0.751,0.61443,0.62953997,0.89404,0.35327998,9218374656.0,,4.0
EXEL,False,89.96880429667583,graham_pe_times_pb,13940153344.0,18.364239,7.2686763,3.258,0.08757999999999999,0.40987,0.96444,0.41149,629119360.0,,4.0
QLYS,False,89.0616024896748,"graham_current_ratio,graham_pe,graham_pe_times_pb",4886711808.0,24.912027,8.614353,1.43,0.09165,0.37724,0.83178,0.3502,237364256.0,,4.0
NFLX,False,87.39340952380952,"graham_current_ratio,graham_pe,graham_pe_times_pb",303447080960.0,22.916666,10.064218,1.142,0.55236,0.49541,0.49118,0.33381,25387552768.0,,4.0
IDCC,False,87.08667217352206,"graham_pe,graham_pe_times_pb",7397751296.0,27.260475,6.707637,1.878,0.36385,0.35902,0.84656996,0.40046,462150016.0,0.010700000000000001,4.0
NEM,False,87.0577,"graham_earnings_stability,graham_pe_times_pb",99447472128.0,11.901639,2.8359375,2.546,0.15807000000000002,0.25905,0.68041,0.51569,8815875072.0,0.011399999999999999,2.0
FHI,False,86.2729,graham_pe_times_pb,4509211648.0,11.53398,3.5534818,3.276,0.35674,0.3376,0.68292,0.26376,364816384.0,0.0233,4.0
PTC,False,86.23482426403297,"graham_current_ratio,graham_pe_times_pb",15600211968.0,13.099902,4.041414,1.234,0.3578,0.344,0.84713,0.41625,986047232.0,,4.0
HLNE,False,86.20430075540445,graham_pe_times_pb,4913076736.0,14.944257,4.22392,3.267,0.24308,0.32439,0.6053,0.42490003,305028384.0,0.0271,4.0
PEGA,False,85.04549294285715,"graham_current_ratio,graham_earnings_stability,graham_pe_times_pb",4797336064.0,16.579546,8.557184,1.059,0.12851,0.54693,0.75573,0.046040002,507401984.0,0.0039000000000000003,3.0
GEN,False,84.90774775000001,"graham_current_ratio,graham_debt_to_equity,graham_pe_times_pb",16164574208.0,17.200636,6.185295,0.399,3.16354,0.39876997,0.7846,0.63367003,1422249984.0,0.0181,4.0
INCY,False,83.30654700052395,graham_pe_times_pb,24921686016.0,15.66242,4.721945,4.593,0.00603,0.30667,0.55659,0.41899,1180664576.0,,4.0
BMY,False,81.96635034132314,"graham_current_ratio,graham_debt_to_equity,graham_earnings_stability,graham_pe_times_pb",131305193472.0,18.011206,6.542532,1.42,2.30967,0.38731998,0.71981,0.33040002,9851750400.0,0.039900000000000005,1.0
GPOR,False,81.82028444559542,"graham_current_ratio,graham_earnings_stability",2786911488.0,5.096615,1.5496138,0.559,0.45587000000000005,0.33986,0.69308,0.50863,146801504.0,,1.0
NVDA,False,81.48589649111881,"graham_pe,graham_pe_times_pb",4691486834688.0,29.616974,24.00186,3.441,0.06555,1.14288,0.74144995,0.65596,46335873024.0,0.0053,4.0
KNSL,False,81.42671666666666,"graham_current_ratio,graham_pe_times_pb",8066978816.0,14.378806,4.1513305,0.194,0.11033,0.30268,0.31142,0.40678,982102720.0,0.0027,4.0
PRI,False,81.17429435714286,graham_pe_times_pb,10078356480.0,13.556623,4.0200753,3.6,0.73789,0.32338002,0.71549004,0.30308,1071836864.0,0.0139,4.0
DUOL,False,81.05715113819065,"graham_earnings_stability,graham_pe_times_pb",6131654144.0,15.040001,4.429336,2.623,0.06601,0.36960998,0.72665,0.15369001,312465120.0,,3.0
ALL,False,81.04129285714285,"graham_current_ratio,graham_earnings_stability",67804672000.0,5.8287234,2.295385,0.364,0.23719,0.45221,0.34428,0.18954,12428999680.0,0.015700000000000002,2.0
SNDK,False,80.98188847247556,"graham_earnings_stability,graham_pe,graham_pe_times_pb",184886362112.0,42.668316,13.411772,4.782,0.015029999999999998,0.39297,0.56038,0.69983,2259500032.0,,0.0
CARG,False,80.7201117566526,graham_pe_times_pb,3208857088.0,18.726316,13.487492,1.653,0.7928000000000001,0.5848,0.92587,0.24545,219393744.0,,4.0
GDDY,False,80.57799957142858,"graham_current_ratio,graham_debt_to_equity,graham_pe_times_pb",13182062592.0,15.777338,55.648407,0.671,16.216179999999998,3.98215,0.6377,0.24681999,1347612544.0,,4.0
WH,False,80.53561899906593,"graham_current_ratio,graham_debt_to_equity,graham_pe,graham_pe_times_pb",5674924544.0,27.706522,11.948438,0.988,5.57292,0.39429,0.62835,0.47733003,362375008.0,0.0222,4.0
LOPE,False,80.35895654672589,graham_pe_times_pb,3966604800.0,18.700312,5.67536,2.745,0.14964,0.29779,0.53256,0.30918,226362000.0,,4.0
ADSK,False,80.32470840375102,"graham_current_ratio,graham_pe,graham_pe_times_pb",49420656640.0,33.01269,15.486303,0.835,0.85419,0.50396,0.92434,0.29524,3060999936.0,,4.0
RNR,False,79.39093333333334,"graham_current_ratio,graham_earnings_stability",13229914112.0,5.5209813,1.2025524,1.352,0.12211,0.21475,0.45349,0.41674,2787289856.0,0.0049,3.0
NMIH,True,79.25305,,3283505152.0,8.784553,1.2502532,1.814,0.16168,0.15571,0.76014,0.71973,313044992.0,,4.0
TROW,False,79.19485833649767,graham_pe_times_pb,25512724480.0,12.775751,2.3739932,5.545,0.0387,0.18688999,0.51999,0.37183997,1880349952.0,0.0437,4.0
CPAY,False,79.09300000000002,"graham_current_ratio,graham_debt_to_equity,graham_pe,graham_pe_times_pb",25484285952.0,23.347004,7.3459754,0.977,2.7134300000000002,0.32124,0.79714996,0.41404,2095142784.0,,4.0
BLKB,False,79.07390476190477,"graham_size,graham_current_ratio,graham_debt_to_equity,graham_earnings_stability,graham_pe_times_pb",1840040192.0,12.51875,21.67749,0.828,17.1566,1.94448,0.59665,0.21433,232852880.0,,1.0
MU,False,79.0505,"data_missing:market_cap,graham_earnings_stability,graham_pe_times_pb",,19.326632,9.590204,3.425,0.0633,0.66638,0.72569,0.80370003,7639499776.0,0.0007000000000000001,2.0
ZTS,False,79.03457647971155,"graham_debt_to_equity,graham_pe_times_pb",31722991616.0,12.404918,9.653016,3.153,2.86236,0.67748,0.71839,0.36561,1780875008.0,0.027200000000000002,4.0
RMD,False,79.03396110557713,graham_pe_times_pb,30019418112.0,19.956606,4.623651,3.008,0.12988,0.25246,0.62181,0.35327,1446655104.0,0.011200000000000002,4.0
YOU,False,78.9016389897443,"graham_current_ratio,graham_earnings_stability,graham_pe,graham_pe_times_pb",7609337344.0,45.544,31.505257,1.006,0.52083,1.09503,0.65484,0.24506001,341248864.0,0.0103,3.0
IT,False,78.78528571428572,"graham_current_ratio,graham_debt_to_equity,graham_pe_times_pb",10093666304.0,14.897233,161.41327,0.939,52.9341,0.94878,0.68987,0.20499,1064192896.0,,4.0
PRDO,True,78.39721342857142,,2071711488.0,12.610688,2.0718632,4.816,0.11725,0.17275,0.79887,0.28465998,193125504.0,0.0174,4.0
GOOG,False,78.14124461947158,graham_pe_times_pb,4092564340736.0,16.782097,6.574878,2.724,0.18859,0.48676,0.60897,0.34033,22665000960.0,0.0026,4.0
GOOGL,False,78.13948842614693,graham_pe_times_pb,4097762131968.0,16.811842,6.5832286,2.724,0.18859,0.48676,0.60897,0.34033,22665000960.0,0.0026,4.0
GILD,False,78.10154341411061,graham_pe_times_pb,161304756224.0,17.676191,6.8620925,1.967,0.94635,0.4336,0.79367995,0.39282,7934125056.0,0.024700000000000003,4.0
ESNT,False,77.76085,munger_roe,6091303936.0,9.40256,1.079977,2.006,0.08701,0.12088,0.79097,0.63747,587141632.0,0.0208,4.0
ACT,False,77.60365000000002,"graham_current_ratio,munger_roe",6586363392.0,10.212122,1.2387103,0.966,0.13939000000000001,0.12926,0.73453003,0.72339,590830016.0,0.018000000000000002,4.0
V,False,77.4549759564548,"graham_current_ratio,graham_pe,graham_pe_times_pb",668709486592.0,30.952806,18.763145,0.985,0.67821,0.6119,0.97725,0.66130996,20404000768.0,0.0073,4.0
INTU,False,77.28345465773113,"graham_current_ratio,graham_pe_times_pb",84777320448.0,18.9097,4.120588,1.453,0.33448,0.22496,0.80793,0.46974,5232000000.0,0.0144,4.0
MTG,False,77.2053741165607,munger_roe,6377489408.0,9.573016,1.2762941,4.849,0.12834,0.14114,0.93296,0.72616994,473081504.0,0.0222,4.0
TPL,False,77.1761,"graham_pe,graham_pe_times_pb,munger_fcf",26514460672.0,52.80357,17.04096,4.227,0.011559999999999999,0.36466,0.93242997,0.77222,-56057624.0,0.0062,4.0
MCRI,False,76.92149138135372,"graham_current_ratio,graham_pe_times_pb",2186368256.0,19.581059,3.790746,1.207,0.02218,0.20544,0.68021005,0.27436,131950872.0,0.0098,4.0
VCTR,False,76.909922619406,"graham_pe,graham_pe_times_pb",6154311168.0,22.116854,2.6086726,1.79,0.42876,0.21700001,0.56278,0.45848,450667616.0,0.020499999999999997,4.0
MEDP,False,76.81954253653868,"graham_current_ratio,graham_pe,graham_pe_times_pb",16139356160.0,33.93368,37.197166,0.732,0.33216,1.6215401,0.7235,0.20757,510396512.0,,4.0
MANH,False,76.43891271111994,"graham_current_ratio,graham_pe,graham_pe_times_pb",11078762496.0,54.449856,54.795273,0.983,0.34209,0.96378,0.5581,0.25015,321116384.0,,4.0
VRRM,False,76.33163725155656,"graham_size,graham_debt_to_equity",773204928.0,6.2073174,2.8419878,1.892,4.05085,0.45852003,0.56907004,0.2317,53916000.0,,4.0
QCOM,False,76.30575454021279,graham_pe_times_pb,160682295296.0,17.422857,5.9185495,2.366,0.55979,0.36083,0.54799,0.22059,9589624832.0,0.0226,4.0
SEIC,False,76.16144738411971,graham_pe_times_pb,12306766848.0,18.084656,4.9215264,5.059,0.02383,0.27587998,0.78388,0.30706,377482240.0,0.0101,4.0
TER,False,75.87858471428571,"data_missing:market_cap,graham_pe,graham_pe_times_pb",,49.287086,17.866354,2.125,0.02883,0.36465,0.59231997,0.33176,439064384.0,0.0016,4.0
LULU,True,75.74779285714285,,13355076608.0,9.515372,2.7887511,2.226,0.44264000000000003,0.32027,0.55695,0.11205,1133960960.0,,4.0
CINF,False,75.68008333333333,"graham_current_ratio,graham_earnings_stability",26754293760.0,8.234294,1.6040193,1.151,0.05255,0.21484,0.31066,0.37202,2984875008.0,0.0207,3.0
PCTY,False,75.6615422978689,"graham_current_ratio,graham_pe,graham_pe_times_pb",7191770112.0,28.699787,6.2981806,1.079,0.11396,0.21598,0.69417,0.31253,367594368.0,,4.0
LVS,False,75.62261270653651,"graham_current_ratio,graham_debt_to_equity,graham_pe_times_pb",32168079360.0,19.25,55.367893,0.997,17.03902,1.22869,0.79335,0.19658001,2212875008.0,0.024700000000000003,4.0
PLTR,False,75.56836048624541,"graham_earnings_stability,graham_pe,graham_pe_times_pb",292232331264.0,136.9663,34.58156,6.907,0.02477,0.32587,0.84073997,0.46183997,1752997120.0,,3.0
DOCS,False,75.43986384973458,"graham_pe,graham_pe_times_pb",3778419456.0,21.44898,4.0469775,6.093,0.010709999999999999,0.19282,0.89094,0.21582001,255263744.0,,4.0
ADP,False,75.10958720038288,"graham_current_ratio,graham_pe,graham_pe_times_pb",104182743040.0,23.845379,16.442495,1.043,0.69259,0.71208,0.48497,0.30184,4749387264.0,0.025699999999999997,4.0
LRCX,False,74.310175467687,"graham_pe,graham_pe_times_pb",369743822848.0,55.784904,34.931477,2.536,0.35281999999999997,0.66762,0.49979,0.35042998,4352341504.0,0.0039000000000000003,4.0
ADEA,False,74.27556826391914,"data_missing:consecutive_positive_earnings_years,graham_pe,graham_pe_times_pb",2719843840.0,22.623852,5.827032,3.445,0.8581,0.28511,1.0,0.38946,171500496.0,0.0086,
CRUS,False,74.18932172646834,graham_pe_times_pb,6772773376.0,17.100637,3.1917071,7.365,0.06296,0.20327,0.52778,0.20131999,505731264.0,,4.0
WEX,False,74.18864285714287,"graham_current_ratio,graham_debt_to_equity,graham_pe_times_pb",6298963968.0,18.44511,4.714676,1.045,3.98423,0.3019,0.73232,0.26941,1331299968.0,,4.0
APPF,False,74.15156290822593,"graham_earnings_stability,graham_pe,graham_pe_times_pb",6194962944.0,39.843964,11.774031,3.831,0.06799000000000001,0.3209,0.63532,0.18845,198919872.0,,3.0
META,False,74.09640659526983,"graham_pe,graham_pe_times_pb",1347979051008.0,20.016209,5.5308137,2.348,0.35607999999999995,0.32930002,0.81941,0.40617,25558249472.0,0.0034999999999999996,4.0
FTNT,False,73.84058116564371,"graham_current_ratio,graham_pe,graham_pe_times_pb",112457859072.0,54.238514,113.86868,1.153,0.5731,1.32392,0.80304,0.31282,1813049984.0,,4.0
MSFT,False,73.70874235743538,"graham_current_ratio,graham_pe,graham_pe_times_pb",3378303729664.0,27.264988,8.15354,1.283,0.30271000000000003,0.34013999,0.68309,0.46326,37011251200.0,0.009300000000000001,4.0
PAYC,False,73.54962751171496,"graham_current_ratio,graham_pe_times_pb",7519085056.0,18.685978,9.045829,1.083,0.94074,0.37147,0.87597,0.36755002,294762496.0,0.0089,4.0
AMGN,False,73.47016233159692,"graham_current_ratio,graham_debt_to_equity,graham_pe,graham_pe_times_pb",206940340224.0,26.664116,22.517618,1.261,6.23754,1.01318,0.71443003,0.33800998,7436624896.0,0.026000000000000002,4.0
DXCM,False,73.12032759952464,"graham_pe,graham_pe_times_pb",28566177792.0,31.772533,9.661968,1.948,0.46832999999999997,0.35624,0.61504,0.2142,1056637504.0,,4.0
EXPE,False,73.03985714285714,"graham_current_ratio,graham_debt_to_equity,graham_pe,graham_pe_times_pb",35083055104.0,25.821997,60.89687,0.731,2.56536,0.71494,0.90271,0.07093,3478249984.0,0.0058,4.0
MCO,False,72.79532502611691,"graham_current_ratio,graham_debt_to_equity,graham_pe,graham_pe_times_pb",82713837568.0,30.32476,27.34385,1.19,2.4068199999999997,0.76932,0.74974996,0.49473998,2579124992.0,0.0085,4.0
TRV,False,72.50983504761905,graham_current_ratio,77252018176.0,9.948429,2.332691,0.323,0.27378,0.26511,0.34730998,0.23698,14775124992.0,0.0129,4.0
WDC,False,72.47116733333333,"data_missing:market_cap,data_missing:price_to_book,graham_current_ratio,graham_earnings_stability,graham_pe",,31.301554,,1.49,0.17809999999999998,0.85920995,0.45428002,0.37008998,2075000064.0,0.0013,1.0
SEZL,False,72.44264967124157,"graham_earnings_stability,graham_pe,graham_pe_times_pb",5165110272.0,36.65871,26.22951,3.652,0.73791,0.91954005,0.74297,0.61024,72545000.0,,3.0
IDXX,False,72.44095292467057,"graham_current_ratio,graham_pe,graham_pe_times_pb",43951239168.0,40.908222,28.372032,1.119,0.7104,0.72915,0.62053,0.31783,786844480.0,,4.0
ENR,False,72.28980952380952,"graham_size,graham_debt_to_equity,graham_earnings_stability,graham_pe_times_pb",1451631104.0,7.765531,8.38272,2.048,19.66859,1.2706,0.42986,0.18576,215887504.0,0.055999999999999994,3.0
AMAT,False,72.12190459183383,"graham_pe,graham_pe_times_pb",394982883328.0,46.712208,16.520056,2.508,0.30399,0.39692003,0.48956,0.31896,3040375040.0,0.0049,4.0
TPR,False,72.05509882710108,"graham_debt_to_equity,graham_pe,graham_pe_times_pb",30720901120.0,46.215805,45.078568,1.841,5.7491200000000005,0.60914004,0.76177,0.22415,1529737472.0,0.010700000000000001,4.0
RLI,False,72.01137542055852,"data_missing:price_to_book,graham_current_ratio",5633027072.0,12.894958,,1.06,0.18189,0.25164,0.35513002,0.36861,316104256.0,0.011000000000000001,4.0
IIPR,False,71.81755,"graham_size,graham_current_ratio,munger_roe",1753639424.0,15.428571,0.95858496,0.355,0.19318000000000002,0.06287,0.88461,0.49796,156342128.0,0.1242,4.0
WLY,False,71.67781333413328,"graham_current_ratio,graham_earnings_stability,graham_pe_times_pb",2668979712.0,12.639424,3.1522782,0.539,0.9074899999999999,0.27694,0.74262,0.24714,202073248.0,0.0255,2.0
ACGL,False,71.58950465476191,graham_current_ratio,34185250816.0,7.8442883,1.5085622,0.568,0.17836,0.19936001,0.38758,0.26584998,5318125056.0,,4.0
DOCU,False,71.56460789285714,"graham_current_ratio,graham_earnings_stability,graham_pe,graham_pe_times_pb",10298597376.0,35.022728,5.7219396,0.665,0.10074999999999999,0.16440001,0.79541,0.13407,1250368768.0,,3.0
OGN,False,71.49552380952382,"graham_debt_to_equity,graham_pe_times_pb",3559671040.0,14.575269,3.9426994,1.973,9.48948,0.34048,0.53837,0.18699,529124992.0,0.0059,4.0
HRMY,False,71.43749595165289,graham_pe_times_pb,2041295616.0,14.217741,2.2412915,3.583,0.18082,0.17857,0.76548,0.17312999,149726496.0,,4.0
GGG,False,71.35183064662023,"graham_pe,graham_pe_times_pb",12846177280.0,24.943396,5.092123,2.992,0.0207,0.21240999,0.52642,0.29729,536623264.0,0.014499999999999999,4.0
CHH,False,71.34633849970409,"graham_current_ratio,graham_debt_to_equity,graham_pe_times_pb",5164193280.0,15.33919,37.363396,0.947,15.35084,9.40813,0.90456,0.27816,194694128.0,0.009899999999999999,4.0
NTAP,False,71.21800970414492,"graham_current_ratio,graham_debt_to_equity,graham_pe,graham_pe_times_pb",33958340608.0,27.20912,25.105179,1.436,2.02295,1.06734,0.70744,0.27259,1295250048.0,0.012,4.0
RRC,False,71.17950542480199,graham_current_ratio,9134532608.0,10.798343,1.9397578,0.649,0.21589,0.19475001,0.52119,0.36101002,454483360.0,0.01,4.0
PATH,False,71.09962782142856,"graham_earnings_stability,graham_pe,graham_pe_times_pb",6235577344.0,20.058332,3.2918491,2.307,0.04362,0.18181999,0.8305,0.07274,511553632.0,,1.0
MNST,False,71.09405895698066,"graham_pe,graham_pe_times_pb",93957242880.0,46.41063,10.765352,3.257,0.010820000000000001,0.26654,0.55471003,0.31019,1684340480.0,,4.0
COCO,False,71.09102641896821,"graham_pe,graham_pe_times_pb",3810841088.0,36.864643,9.552612,3.356,0.03508,0.31370002,0.41127998,0.29209998,104597248.0,,4.0
ACAD,False,70.94688071947179,"graham_earnings_stability,graham_pe_times_pb",4496653824.0,11.882353,3.5997257,3.587,0.0407,0.37317002,0.61579,-0.01722,154138624.0,,2.0
APP,False,70.90005220360858,"graham_debt_to_equity,graham_earnings_stability,graham_pe,graham_pe_times_pb",134748692480.0,34.879128,57.073135,3.244,1.62888,2.66444,0.88367,0.78151,3180097280.0,,3.0
HALO,False,70.80406729588002,"graham_debt_to_equity,graham_pe,graham_pe_times_pb",9825900544.0,29.066666,44.70588,2.762,9.91211,0.99399,0.76674,0.48981,228120752.0,,4.0
FTDR,False,70.63234016441939,"graham_current_ratio,graham_debt_to_equity,graham_pe,graham_pe_times_pb",5144005632.0,20.925714,22.459368,1.466,5.2130399999999995,1.21028,0.55241,0.14634,328124992.0,,4.0
AGX,False,70.62308203612311,"graham_pe,graham_pe_times_pb,munger_gross_margin",7749839360.0,48.61917,16.368105,1.53,0.02023,0.38521,0.20743999,0.15602,416462240.0,0.0040999999999999995,4.0
AVGO,False,70.57145910467642,"graham_pe,graham_pe_times_pb",1832025325568.0,64.17917,20.893923,2.238,0.7401800000000001,0.37280998,0.76284,0.48988,27212249088.0,0.0068000000000000005,4.0
YELP,False,70.51914982857144,graham_size,1450104960.0,12.096331,2.3363163,1.739,0.24548999999999999,0.20446,0.90042,0.090229996,281926880.0,,4.0
VRTX,False,70.49668072555367,"graham_earnings_stability,graham_pe,graham_pe_times_pb",120850087936.0,28.224806,6.250443,3.023,0.1026,0.24197,0.54390997,0.38126,2783225088.0,,1.0
UNP,False,70.49379704060749,"graham_current_ratio,graham_debt_to_equity,graham_pe,graham_pe_times_pb",169563996160.0,23.092638,8.726458,0.986,1.50772,0.39696,0.56285,0.40982,4720750080.0,0.0189,4.0
LYFT,False,70.48160000000001,"graham_current_ratio,graham_earnings_stability",5837618688.0,2.247807,1.9437422,0.583,0.42616,1.47808,0.35622,-0.0032300001,1217614848.0,,2.0
CBOE,False,70.45696269148993,"graham_current_ratio,graham_pe,graham_pe_times_pb",31386716160.0,25.633333,5.842099,1.385,0.29489,0.2514,0.54107,0.39723,1003075008.0,0.009399999999999999,4.0
CF,False,70.368835667094,graham_pe_times_pb,19172165632.0,11.242792,3.588538,3.54,0.43847,0.273,0.39125,0.33585,1076375040.0,0.018799999999999997,4.0
STZ,False,70.34083333333334,"graham_current_ratio,graham_debt_to_equity,graham_earnings_stability,graham_pe_times_pb",22003869696.0,12.269048,2.67566,0.913,1.23205,0.2369,0.5272,0.35931,2210487552.0,0.0313,1.0
FDS,False,70.32152092765193,"graham_current_ratio,graham_pe_times_pb",9455455232.0,17.525377,4.680304,0.683,0.7728400000000001,0.27032,0.51382,0.30542,621161344.0,0.0163,4.0
HL,False,70.19519740115635,"graham_earnings_stability,graham_pe,graham_pe_times_pb",9789047808.0,21.152174,3.8077226,4.94,0.11091,0.19894,0.59587,0.55518,277069760.0,0.0011,2.0
LNTH,False,70.08183955241812,"graham_pe,graham_pe_times_pb",6616405504.0,24.254177,5.4552045,2.828,0.51617,0.23482999,0.60483,0.21648,421714496.0,,4.0
THC,False,69.68760864285714,"graham_current_ratio,graham_debt_to_equity,graham_pe_times_pb",21701355520.0,9.738693,4.5072994,1.406,1.5227600000000001,0.37337002,0.41661,0.18195,2231624960.0,,4.0
CART,False,69.63093370105959,"graham_earnings_stability,graham_pe,graham_pe_times_pb",10458826752.0,24.722223,4.3981023,2.363,0.01311,0.16283001,0.73111,0.17959,624124992.0,,2.0
ANF,False,69.59671003321637,"graham_current_ratio,graham_pe_times_pb",4406292992.0,9.590909,3.288021,1.448,0.9546399999999999,0.39224,0.61657,0.07982,283367872.0,,4.0
DAVE,False,69.50035922582671,"graham_debt_to_equity,graham_earnings_stability,graham_pe,graham_pe_times_pb",4763265536.0,24.046215,23.374096,3.857,1.3161500000000002,1.1158999,0.72103995,0.38275,85745624.0,,2.0
AMT,False,69.47699470352741,"graham_current_ratio,graham_debt_to_equity,graham_pe,graham_pe_times_pb",80739229696.0,27.94758,21.7055,0.352,4.38721,0.33914003,0.73774004,0.45411,2920012544.0,0.038900000000000004,4.0
MMM,False,69.3901343487646,"graham_current_ratio,graham_debt_to_equity,graham_earnings_stability,graham_pe,graham_pe_times_pb",90555703296.0,31.243773,30.6761,1.24,4.37937,0.81891996,0.39408,0.20354,6350125056.0,0.0175,2.0
EQT,False,69.37919169113893,"graham_current_ratio,munger_roe",32392347648.0,12.015081,1.2894993,0.673,0.19594999999999999,0.11078,0.80748004,0.23372999,2460903936.0,0.0126,4.0
FSLR,False,69.15353765193407,graham_earnings_stability,21848492032.0,13.135014,2.2116954,2.557,0.05943,0.18436001,0.41743,0.33067,1147664768.0,,3.0
LAMR,False,69.08368162008375,"graham_current_ratio,graham_debt_to_equity,graham_pe,graham_pe_times_pb",16389751808.0,29.799814,16.900177,0.58,5.04797,0.55202,0.67221,0.25277,540906496.0,0.038900000000000004,4.0
DLB,False,69.05950897079342,"graham_pe,graham_pe_times_pb,munger_roe",4881735680.0,20.478174,1.8645445,2.981,0.01891,0.09417,0.87438005,0.291,289174112.0,0.0268,4.0
EOG,False,68.95396173474583,graham_pe_times_pb,76677210112.0,14.155359,2.491175,1.716,0.26873,0.18195,0.61994,0.37877998,2864250112.0,0.027999999999999997,4.0
USLM,False,68.93715244156972,"graham_pe,graham_pe_times_pb",3270041344.0,25.112335,4.93443,20.73,0.0054800000000000005,0.21912001,0.5506,0.4074,55355500.0,0.0021,4.0
CHTR,False,68.87087845238095,"graham_current_ratio,graham_debt_to_equity",18858065920.0,3.6409054,0.9845063,0.361,4.41578,0.27201998,0.55189997,0.23503,2198374912.0,,4.0
GRMN,False,68.73007821481106,"graham_pe,graham_pe_times_pb",56152879104.0,30.017529,6.250698,3.028,0.02513,0.21886998,0.60081,0.30438998,1043656256.0,0.014199999999999999,4.0
RRR,False,68.62260832453094,"graham_current_ratio,graham_debt_to_equity,graham_pe,graham_pe_times_pb",6500882432.0,20.696775,26.007298,0.807,14.58193,1.14213,0.67508006,0.28320998,168633872.0,0.0159,4.0
MORN,False,68.599493586787,"graham_current_ratio,graham_debt_to_equity,graham_pe_times_pb",7425350144.0,19.985668,7.2890844,1.032,1.8715000000000002,0.30656,0.61713004,0.24178,452812512.0,0.0103,4.0
CTAS,False,68.5486761443804,"graham_current_ratio,graham_earnings_stability,graham_pe,graham_pe_times_pb",82782412800.0,42.048782,16.105877,1.434,0.52646,0.40714002,0.50668997,0.23649,1463799936.0,0.0096,0.0
AFL,False,68.50848598426292,"graham_current_ratio,graham_pe_times_pb",64630902784.0,14.512,2.1637187,0.935,0.48276,0.16469,0.50049996,0.29567,4923125248.0,0.019,4.0
MGY,False,68.4699755519111,"graham_current_ratio,graham_pe_times_pb",5988341248.0,14.274566,2.2484748,1.1,0.20281,0.16469999,0.80487,0.35637,219403872.0,0.0264,4.0
KO,False,68.44033295897971,"graham_current_ratio,graham_debt_to_equity,graham_pe,graham_pe_times_pb",378707050496.0,26.42943,10.476134,1.305,1.13645,0.42054,0.61888003,0.34917998,5264750080.0,0.023799999999999998,4.0
MAS,False,68.37645338939103,"data_missing:debt_to_equity,graham_pe_times_pb",14094957568.0,16.470047,-38.616966,1.865,,58.625,0.37205002,0.23645,893124992.0,0.0176,4.0
HIG,True,68.36820313095238,,38996480000.0,9.824241,2.0021534,1.772,0.22329999999999997,0.22061001,0.37868,0.17615,5507500032.0,0.0165,4.0
CPRT,False,68.13332375271128,graham_pe_times_pb,27038322688.0,18.139751,3.0816712,7.613,0.010589999999999999,0.17607,0.47522998,0.37530997,999977152.0,,4.0
VEEV,False,68.11979031144804,"graham_pe,graham_pe_times_pb,munger_roe",32717705216.0,35.77442,4.492951,4.738,0.014110000000000001,0.13934,0.75021005,0.30932,1259549056.0,,4.0
FFIV,False,68.11822539308312,"graham_pe,graham_pe_times_pb",22150211584.0,31.08374,5.7447953,1.665,0.05672,0.1983,0.81927,0.24752001,752090496.0,,4.0
AAPL,False,68.03828920366783,"graham_current_ratio,graham_pe,graham_pe_times_pb",4874806755328.0,40.230907,45.71694,1.07,0.79548,1.4147099,0.47862,0.32275,101090746368.0,0.0032,4.0
KRYS,False,68.0003208136989,"graham_earnings_stability,graham_pe,graham_pe_times_pb",10805951488.0,48.939255,8.45142,9.459,0.00714,0.19902,0.94166,0.46141997,137491504.0,,3.0
NXPI,False,67.80228505057678,"graham_pe,graham_pe_times_pb",62904877056.0,49.792416,5.767328,2.04,0.93325,0.27921,0.56102,0.30406,3555000064.0,0.0168,4.0
NBIX,False,67.7999829271628,"graham_pe,graham_pe_times_pb",18051737600.0,27.577572,5.3004045,2.929,0.13602999999999998,0.225,0.6437,0.22836,590550016.0,,4.0
DECK,False,67.71827857142857,"data_missing:free_cash_flow,graham_pe_times_pb",13441148928.0,14.039828,5.928996,2.747,0.20521,0.42558,0.57804,0.15233,,,4.0
EXE,False,67.70029832695579,"graham_current_ratio,graham_earnings_stability,munger_roe",21018228736.0,7.826724,1.1151781,0.959,0.19207000000000002,0.14893,0.47069,0.26323998,1466249984.0,0.024900000000000002,1.0
TXN,False,67.57251717007424,"graham_pe,graham_pe_times_pb",256586055680.0,42.634293,14.245297,4.857,0.78036,0.35176,0.58325,0.42576998,3545250048.0,0.0209,4.0
FIZZ,False,67.5170228913172,graham_pe_times_pb,3010565376.0,16.408163,4.6990066,4.386,0.09271000000000001,0.34018,0.37039003,0.16876,106155752.0,,4.0
ACN,False,67.49053571428571,"graham_current_ratio,graham_pe_times_pb",99474243584.0,12.983625,3.1188004,1.339,0.25035,0.24406,0.32013,0.16964,12089380864.0,0.0377,4.0
WU,False,67.41042857142857,"graham_current_ratio,graham_debt_to_equity",2501042944.0,5.8860292,2.7489698,0.256,2.88116,0.47657,0.36138,0.12517,290700000.0,0.1162,4.0
COLL,False,67.40039285714286,"graham_size,graham_debt_to_equity,graham_earnings_stability,graham_pe_times_pb",1152047872.0,17.24272,3.6842651,1.714,2.9757499999999997,0.27411,0.89169,0.15965,332619008.0,,3.0
FAST,False,67.31062182827034,"graham_pe,graham_pe_times_pb",53542236160.0,39.880344,13.158488,4.18,0.10851000000000001,0.34334,0.44701,0.21023001,916124992.0,0.020099999999999996,4.0
CME,False,67.29542409594487,"graham_current_ratio,graham_pe,graham_pe_times_pb",95290302464.0,22.4771,3.5900753,1.018,0.14587,0.15802,1.0,0.65036005,2909012480.0,0.0196,4.0
AMP,False,66.99713009523809,"data_missing:free_cash_flow,graham_pe_times_pb",47881420800.0,13.493897,7.521385,8.779,0.63195,0.63432,0.54932,0.30719998,,0.0126,4.0
WDFC,False,66.9251358142467,"graham_pe,graham_pe_times_pb",3044038656.0,34.469604,10.934818,2.654,0.41048,0.33306,0.55821997,0.20673001,68620496.0,0.0184,4.0
AON,False,66.88578488177863,"graham_current_ratio,graham_debt_to_equity,graham_pe_times_pb",77440860160.0,19.988424,8.008791,1.033,1.61658,0.44699,0.48074,0.2155,3601125120.0,0.0087,4.0
INSW,True,66.86132147587978,,4705421312.0,8.656649,2.144388,7.341,0.27805,0.26868,0.67706,0.61293,16583250.0,0.0412,4.0
IBM,False,66.70348073009674,"graham_current_ratio,graham_debt_to_equity,graham_pe_times_pb",209200939008.0,19.737778,6.072249,0.791,1.8897,0.34460998,0.58098,0.16548,12049750016.0,0.029900000000000003,4.0
SNA,False,66.49680738965512,"graham_pe,graham_pe_times_pb",21131307008.0,20.863894,3.4973805,3.433,0.21594999999999998,0.17932,0.5183,0.25397,1109474944.0,0.0235,4.0
AOS,False,66.41639439578803,graham_pe_times_pb,8147049984.0,15.762667,4.338349,1.558,0.34981,0.28267,0.38764998,0.17111,495612512.0,0.0232,4.0
JKHY,False,66.31626542950393,"graham_pe,graham_pe_times_pb",11011806208.0,21.64595,5.1697855,1.744,0.06398,0.24892001,0.44057,0.24369,373407744.0,0.0148,4.0
CPRI,False,66.31600225000001,"graham_size,graham_current_ratio,graham_debt_to_equity,graham_earnings_stability,graham_pe,graham_pe_times_pb",1833293824.0,24.569233,22.978418,1.209,16.90476,0.35088003,0.62263,-0.01005,180750000.0,,1.0
CTRE,False,66.27505000000001,"graham_earnings_stability,graham_pe,graham_pe_times_pb,munger_roe",9777983488.0,26.196201,2.2693129,2.111,0.7194799999999999,0.09423,0.97461,0.57791,965303104.0,0.0368,3.0
UPWK,False,66.2471495714286,"graham_size,graham_current_ratio,graham_earnings_stability",1134514176.0,11.339507,1.9924078,1.365,0.66619,0.18756,0.77537,0.16736999,172279120.0,,3.0
GEV,False,66.13325724207829,"graham_current_ratio,graham_earnings_stability,graham_pe,graham_pe_times_pb,munger_gross_margin",256370049024.0,27.628876,21.440918,0.85,0.28364,0.82577,0.2057,0.07466,15722125312.0,0.0021,2.0
KLAC,False,66.09230000000001,"data_missing:free_cash_flow,graham_pe,graham_pe_times_pb",237533085696.0,51.659092,40.76216,2.876,0.92718,0.87496,0.61301,0.42486,,0.0054,4.0
OVV,False,65.96930885145002,"graham_current_ratio,munger_roe",16839408640.0,17.005587,1.464412,1.008,0.43734,0.08411,0.53859,0.36176997,1230499968.0,0.0196,4.0
EBAY,False,65.91270076322027,"graham_current_ratio,graham_debt_to_equity,graham_earnings_stability,graham_pe,graham_pe_times_pb",50077736960.0,26.538282,11.40191,1.219,1.63327,0.42875,0.71786004,0.23146999,1200375040.0,0.0108,3.0
VNT,False,65.83558752090713,"graham_current_ratio,graham_debt_to_equity,graham_pe_times_pb",4460544000.0,11.194346,3.5464013,1.229,1.53149,0.34785,0.47152,0.17959,291412512.0,0.0031,4.0
EPAC,False,65.75221366940339,"graham_size,graham_pe,graham_pe_times_pb",1868439808.0,20.596592,4.371156,2.67,0.43579999999999997,0.21645,0.50092,0.2469,102963752.0,0.0011,4.0
AR,False,65.72202251518108,"graham_current_ratio,munger_roe",10755956736.0,11.234628,1.3339097,0.4,0.5777100000000001,0.12837,0.67232,0.36523998,635028352.0,,4.0
LTC,False,65.71285000000002,"graham_pe_times_pb,munger_roe",2063124608.0,15.807844,2.0532804,18.463,0.85301,0.11344,0.64182,0.52867,234248496.0,0.0547,4.0
CDE,False,65.70041037698931,"graham_earnings_stability,munger_roe",15645986816.0,12.243871,1.5084352,3.731,0.07426,0.12146,0.58579,0.43047002,511841376.0,0.0027,2.0
TTD,False,65.65083509871542,"graham_pe,graham_pe_times_pb",8600632320.0,20.789772,3.5121903,1.682,0.17264,0.16735001,0.77832,0.09675,569112640.0,,4.0
NSSC,False,65.53028977574044,"graham_size,graham_pe,graham_pe_times_pb",1287970432.0,35.0,7.244775,4.946,0.12493,0.21744,0.573,0.17812,48234624.0,0.0165,4.0
PLMR,False,65.52370952380952,"graham_current_ratio,graham_pe_times_pb,munger_gross_margin",3611947520.0,19.006973,3.767659,0.535,0.31013999999999997,0.22532,0.28733,0.20298,528351264.0,,4.0
PEP,False,65.50851651994884,"graham_current_ratio,graham_debt_to_equity,graham_pe_times_pb",191280971776.0,18.352554,8.6561165,0.934,2.3894900000000003,0.51508,0.54171,0.16836001,7831875072.0,0.041299999999999996,4.0
SPGI,False,65.49843556918259,"graham_current_ratio,graham_pe,graham_pe_times_pb,munger_roe",121027190784.0,24.956839,3.898247,0.954,0.42979999999999996,0.14255,0.70903,0.4479,5448249856.0,0.0092,4.0
UBER,False,65.30194424196264,"graham_current_ratio,graham_earnings_stability,graham_pe_times_pb",141087358976.0,17.19851,5.702649,1.069,0.48113,0.3531,0.39635,0.14565,6536625152.0,,3.0
LLY,False,65.0,"data_missing:market_cap,graham_current_ratio,graham_debt_to_equity,graham_pe,graham_pe_times_pb",,41.321743,33.36083,1.497,1.3901499999999998,1.07459,0.82832,0.49386,9156599808.0,0.005699999999999999,4.0
ORCL,False,65.0,"graham_current_ratio,graham_debt_to_equity,graham_pe,graham_pe_times_pb,munger_fcf",360591753216.0,21.472555,9.600077,1.115,3.8887,0.53376,0.65822,0.36202,-24536750080.0,0.017,4.0
SPG,False,65.0,"data_missing:market_cap,graham_current_ratio,graham_debt_to_equity,graham_pe,graham_pe_times_pb",,63.869446,15.475164,0.196,4.57473,1.1359,0.81582,0.43376,2494690560.0,0.0373,4.0
MA,False,65.0,"data_missing:market_cap,data_missing:price_to_book,graham_current_ratio,graham_debt_to_equity,graham_pe",,33.36553,,0.981,2.82059,2.32076,1.0,0.60836,16148124672.0,0.0062,4.0
JNJ,False,64.99849760014193,"graham_current_ratio,graham_pe,graham_pe_times_pb",617295511552.0,29.681343,7.259664,1.089,0.57709,0.25742,0.6814,0.2919,16885125120.0,0.0202,4.0
IPAR,False,64.79340688781853,"graham_pe,graham_pe_times_pb",4040532480.0,23.940228,4.5829854,3.261,0.16428,0.19758,0.59213,0.21495001,137205120.0,0.0252,4.0
AAMI,False,64.68645597490547,"graham_debt_to_equity,graham_pe,graham_pe_times_pb",2961481472.0,35.370216,38.216095,2.497,3.46579,1.11725,0.41208,0.2509,120800000.0,0.0049,4.0
FAF,False,64.64292142857143,"graham_current_ratio,munger_roe",7716207104.0,10.481969,1.3714477,0.396,0.49421,0.13846,0.63984,0.15567,2337762560.0,0.0278,4.0
MKTX,False,64.58585,"graham_pe_times_pb,munger_fcf",5792752640.0,19.312204,4.8666844,4.941,0.24251,0.24298,0.62059,0.43879002,-253787120.0,0.024700000000000003,4.0
RAMP,False,64.5453895451859,"graham_earnings_stability,graham_pe_times_pb",2301369856.0,16.97758,2.3585846,2.467,0.03042,0.15074,0.70709,0.09029,136486128.0,,1.0
ABNB,False,64.51577770839755,"graham_current_ratio,graham_pe,graham_pe_times_pb",89901154304.0,37.401234,11.802634,1.442,0.33185000000000003,0.32325,0.82913,0.03211,3191000064.0,,4.0
KTB,False,64.38296576407731,"graham_debt_to_equity,graham_pe_times_pb",4671619584.0,17.040321,7.533648,1.869,2.06082,0.53224,0.48106,0.1724,204786256.0,0.024900000000000002,4.0
BX,False,64.1511515,"data_missing:free_cash_flow,graham_current_ratio,graham_pe,graham_pe_times_pb",159247515648.0,28.68834,11.354157,0.973,0.62529,0.31374002,1.0,0.54357,,0.0404,4.0
CVLT,False,64.14323068090555,"graham_debt_to_equity,graham_earnings_stability,graham_pe,graham_pe_times_pb",4828319232.0,74.72116,92.58539,2.043,17.62992,0.32773998,0.81087,0.089499995,303740256.0,,3.0
BRO,False,64.06111675837383,"graham_current_ratio,graham_pe,graham_pe_times_pb,munger_roe",23630184448.0,22.5623,1.8792412,1.127,0.63975,0.10023,0.56281,0.41838002,1642749952.0,0.0088,4.0
MC,False,63.98657814285714,"data_missing:market_cap,data_missing:free_cash_flow,graham_earnings_stability,graham_pe,graham_pe_times_pb",,23.863308,10.12979,1.904,0.42939,0.41768003,0.92302,0.12663999,,0.0379,2.0
ANET,False,63.78718781040726,"data_missing:debt_to_equity,graham_pe,graham_pe_times_pb",211905609728.0,57.83161,15.711884,2.829,,0.31520998,0.63537,0.42738998,4362237440.0,,4.0
SPNT,False,63.73639795238096,"graham_current_ratio,graham_earnings_stability,munger_gross_margin",2828063488.0,6.0604534,1.2115414,0.676,0.30516,0.23113,0.24766001,0.18022,467224992.0,,3.0
VRT,False,63.59994128838634,"graham_current_ratio,graham_pe,graham_pe_times_pb",87196532736.0,51.359726,20.532742,1.379,0.6844199999999999,0.43943,0.38039002,0.19482,2733487616.0,0.0011,4.0
TMDX,False,63.56591570689175,"graham_debt_to_equity,graham_earnings_stability,graham_pe_times_pb",2568221184.0,17.004576,5.196503,6.737,1.74778,0.45224,0.59089,0.07645,108822248.0,,2.0
ROL,False,63.49267598898546,"graham_current_ratio,graham_pe,graham_pe_times_pb",18110312448.0,34.21818,13.114983,0.629,0.78015,0.37008998,0.52366,0.18799,501737504.0,0.018799999999999997,4.0
CVSA,False,63.43521943325572,"graham_current_ratio,graham_pe_times_pb",4312223744.0,18.444687,3.1604476,0.696,0.53976,0.17854,0.57282,0.18932,274833632.0,,4.0
APAM,False,63.40507923809524,"data_missing:free_cash_flow,graham_pe_times_pb",2825886464.0,9.545564,6.3923235,2.844,0.57109,0.64546996,0.45588002,0.27476,,0.084,4.0
WSM,False,63.384811499695694,"graham_current_ratio,graham_pe,graham_pe_times_pb",27392571392.0,26.05151,14.649874,1.331,0.79878,0.54007,0.46062002,0.16173,885462144.0,0.013000000000000001,4.0
PYPL,False,63.37357685714286,graham_current_ratio,48697110528.0,10.760869,2.5358605,1.288,0.7175100000000001,0.24497,0.40477002,0.16966,4423124992.0,0.0096,4.0
CDNS,False,63.31229494688695,"graham_pe,graham_pe_times_pb",91368505344.0,66.09064,13.253505,1.743,0.36194000000000004,0.23229,0.85871005,0.28399,1516221952.0,,4.0
INSP,False,63.30570298826959,"graham_size,graham_earnings_stability",1417607040.0,11.181818,1.7884406,6.339,0.0373,0.18365,0.85776,-0.00546,85575000.0,,2.0
NTCT,False,63.244599828571424,"graham_earnings_stability,graham_pe,graham_pe_times_pb,munger_roe",2878991104.0,30.461538,1.71592,1.846,0.024009999999999997,0.05953,0.79407996,0.096599996,261219248.0,,1.0
IESC,False,63.1622736197417,"graham_pe,graham_pe_times_pb,munger_gross_margin",11286284288.0,30.243992,10.521554,1.554,0.09968,0.42071998,0.26076,0.11531,271936992.0,,4.0
SPSC,False,63.16219920128591,"graham_pe,graham_pe_times_pb,munger_roe",2436989184.0,27.543566,2.549057,2.122,0.00688,0.09651,0.69303,0.12783,151568256.0,,4.0
ULTA,False,63.12376333230561,"graham_current_ratio,graham_pe_times_pb",22039760896.0,19.223097,8.07688,1.311,0.89209,0.47449002,0.43186,0.14168,973080128.0,,4.0
RMBS,False,63.118700000000004,"data_missing:free_cash_flow,graham_earnings_stability,graham_pe,graham_pe_times_pb",9631390720.0,40.733944,6.8922696,9.754,0.014870000000000001,0.17789,0.80357003,0.36671,,,3.0
STRA,False,63.078852974138975,"graham_size,graham_current_ratio,munger_roe",1944698752.0,14.282972,1.1708475,1.096,0.06532,0.08151,0.49056,0.15698,154531120.0,0.0274,4.0
WAY,False,63.00320714285714,"graham_earnings_stability,graham_pe,graham_pe_times_pb,munger_roe",3950386432.0,30.738804,1.0026288,1.758,0.37746,0.03571,0.68717,0.25636,327649504.0,,1.0
ULS,False,62.98155780549912,"graham_current_ratio,graham_pe,graham_pe_times_pb",18580088832.0,53.59302,14.060402,1.165,0.40344,0.31983,0.49936,0.18074,420249984.0,0.0063,4.0
DVA,False,62.90424525069954,"graham_current_ratio,graham_debt_to_equity,graham_pe,graham_pe_times_pb",15479901184.0,23.212347,-21.128016,1.417,12.613309999999998,0.80981004,0.32454,0.13864,999662976.0,,4.0
ZWS,False,62.88766976837494,"graham_pe,graham_pe_times_pb",8197003264.0,30.69565,5.137214,3.053,0.32252000000000003,0.16919,0.49008998,0.31385002,336049984.0,0.0085,4.0
CNX,False,62.8367,"data_missing:market_cap,graham_current_ratio,graham_earnings_stability",,4.552,1.0473999,0.494,0.54827,0.28081,0.74815005,0.60716,408791136.0,,1.0
MPWR,False,62.727424023303755,"graham_pe,graham_pe_times_pb",65210007552.0,94.87456,17.73226,4.787,0.005430000000000001,0.19574,0.55175,0.29986998,491719136.0,0.0064,4.0
BF-B,False,62.69425865193827,graham_pe_times_pb,13123517440.0,18.692812,3.2633502,3.239,0.6495000000000001,0.17846,0.6054,0.23246,739625024.0,0.0313,4.0
CTSH,False,62.65881666666666,munger_roe,24085254144.0,11.47425,1.7057453,2.182,0.14479,0.14924,0.3344,0.17479,2197499904.0,0.0236,4.0
ROP,False,62.52809058215482,"graham_current_ratio,graham_pe_times_pb,munger_roe",37948424192.0,15.994372,2.029294,0.553,0.60531,0.13066,0.69525003,0.27725,2265687552.0,0.0089,4.0
STX,False,62.519888368880814,"graham_debt_to_equity,graham_earnings_stability,graham_pe,graham_pe_times_pb",190166974464.0,3642.3477,171.66803,1.67,1.64513,3.7152898,0.45576,0.4307,1770749952.0,0.0039000000000000003,0.0
TDW,False,62.49414925,"graham_earnings_stability,graham_pe_times_pb",3642521856.0,12.351603,2.6620028,3.333,0.45454,0.24014999,0.48903,-0.08663999,385101888.0,,3.0
MLI,False,62.48017610638578,"graham_pe_times_pb,munger_gross_margin",14743952384.0,17.359377,4.1558604,4.775,0.0069099999999999995,0.26325,0.28776,0.2181,524939744.0,0.010700000000000001,4.0
DFIN,False,62.342285714285715,"graham_size,graham_current_ratio,graham_pe,graham_pe_times_pb,munger_roe",1108717824.0,32.39416,2.9923809,1.407,0.6257,0.08762,0.63534,0.23698,120562496.0,,4.0
MSI,False,62.09032408924108,"graham_current_ratio,graham_debt_to_equity,graham_pe,graham_pe_times_pb",70622822400.0,34.255234,27.794474,1.071,3.74132,0.99289,0.51508,0.19823,1815124992.0,0.0111,4.0
RSI,False,62.070285042963434,"graham_earnings_stability,graham_pe,graham_pe_times_pb",6017457152.0,76.42647,16.851492,1.958,0.01742,0.34647,0.34884998,0.1155,114765000.0,,2.0
TRNO,False,61.94152372210754,"graham_current_ratio,graham_pe_times_pb,munger_roe",7540820992.0,17.397562,1.7554698,0.931,0.22002,0.103599995,0.75905997,0.40737,225374752.0,0.028999999999999998,4.0
NATL,False,61.882619047619045,"graham_current_ratio,graham_debt_to_equity,graham_earnings_stability,graham_pe,graham_pe_times_pb,munger_gross_margin",3506138368.0,21.20982,8.853894,0.981,7.43182,0.50742,0.24061,0.09012,492624992.0,,2.0
PRGS,False,61.879214714285716,"graham_size,graham_current_ratio,graham_debt_to_equity,graham_pe_times_pb",1630674560.0,19.30097,3.2457142,0.809,2.6216199999999996,0.18574,0.8557,0.18547001,307682624.0,,4.0
EA,False,61.79326600299551,"graham_current_ratio,graham_pe,graham_pe_times_pb,munger_roe",52847915008.0,59.656696,7.7614074,1.046,0.2741,0.1349,0.78967005,0.24009001,2219124992.0,0.0036,4.0
LRN,True,61.78961364289379,,3623116288.0,13.333333,2.1742458,6.211,0.33340000000000003,0.20143,0.38374,0.20778999,217194880.0,,4.0
BAH,False,61.74361904761905,"graham_debt_to_equity,graham_pe_times_pb,munger_gross_margin",8110815744.0,10.585558,6.7477236,1.595,3.4608999999999996,0.68637,0.2242,0.09964,860875008.0,0.0336,4.0
EXPO,False,61.70445409374388,"graham_pe,graham_pe_times_pb",3102318592.0,29.883177,9.188218,2.397,0.23952,0.27938998,0.35134,0.27256,73841752.0,0.018500000000000003,4.0
AM,False,61.658293144718066,"graham_current_ratio,graham_debt_to_equity,graham_pe,graham_pe_times_pb",10064826368.0,25.53012,5.1987243,0.985,1.9171799999999999,0.20407,0.80884004,0.55439,457065632.0,0.0414,4.0
EPR,False,61.64103205569024,"graham_debt_to_equity,graham_pe_times_pb,munger_roe",4825338368.0,19.46605,2.0833745,1.719,1.3485,0.1169,0.91759,0.51313,344983360.0,0.0582,4.0
SHW,False,61.629163565873654,"graham_current_ratio,graham_debt_to_equity,graham_pe,graham_pe_times_pb",83153158144.0,31.628347,18.34583,0.727,3.8995800000000003,0.65124,0.48981997,0.18124,2506037504.0,0.009300000000000001,4.0
BSY,False,61.624396889851084,"graham_current_ratio,graham_pe,graham_pe_times_pb",10669338624.0,40.367813,8.963757,0.515,0.9507899999999999,0.24256,0.81635004,0.3038,412871264.0,0.0076,4.0
GMED,False,61.603582664350796,"graham_pe_times_pb,munger_roe",10850746368.0,18.676401,2.291583,4.556,0.0245,0.13303,0.68489,0.21316999,341059616.0,,4.0
LGND,False,61.53430767978343,"graham_earnings_stability,graham_pe,graham_pe_times_pb",5830545408.0,37.930897,5.842672,21.281,0.45319000000000004,0.1713,0.83161,0.33580002,142107376.0,,1.0
BRX,False,61.49301648364348,"graham_current_ratio,graham_debt_to_equity,graham_pe,graham_pe_times_pb,munger_roe",9614309376.0,21.909092,3.1816797,0.596,1.76202,0.14413,0.7515,0.36018002,603135104.0,0.038900000000000004,4.0
CB,False,61.39964638253099,"graham_current_ratio,munger_roe",134705881088.0,12.3684025,1.7864416,0.41,0.30940999999999996,0.14822,0.31129998,0.23527001,10488000512.0,0.0113,4.0
FG,False,61.37717113690475,"graham_current_ratio,graham_earnings_stability,munger_roe",3885784832.0,7.598446,0.84928334,0.968,0.47526,0.117180005,0.34724998,0.30666,1155000064.0,0.0339,2.0
FNF,False,61.09115757142858,"graham_current_ratio,graham_pe_times_pb,munger_roe",14071556096.0,18.604982,1.9386657,0.953,0.5478799999999999,0.1047,0.54618,0.19252001,2113124992.0,0.038900000000000004,4.0
ILMN,False,60.97511794624801,"graham_earnings_stability,graham_pe,graham_pe_times_pb",30148794368.0,36.295994,11.31866,1.748,0.9506699999999999,0.33822,0.6829,0.18332,845625024.0,,1.0
VZ,False,60.66759523809524,"graham_current_ratio,graham_debt_to_equity",192284491776.0,11.9921875,1.8411899,0.604,1.79149,0.15842,0.59411,0.20959,18881875968.0,0.0599,4.0
DV,False,60.66227720932399,"graham_size,graham_pe,graham_pe_times_pb,munger_roe",1693477376.0,33.439392,1.5914335,4.771,0.08836000000000001,0.051760003,0.82241,0.08647,131412624.0,,4.0
POWL,False,60.520928172709056,"graham_pe,graham_pe_times_pb",7430234624.0,39.756332,10.478857,2.254,0.0027600000000000003,0.29899,0.30103,0.19413,142181632.0,0.0019,4.0
APA,False,60.465650000000004,"data_missing:market_cap,graham_current_ratio",,8.393939,1.9714222,0.919,0.61314,0.26217,0.72273004,0.38487998,1691250048.0,0.027200000000000002,4.0
LPG,False,60.37677263787936,graham_size,1964738944.0,10.115353,1.7249634,2.667,0.62258,0.17726,0.68933,0.55215,50462140.0,0.0733,4.0
VICI,False,60.32465736652932,munger_roe,28936388608.0,10.186048,0.9966249,11.12,0.61853,0.11331,0.99141,1.0749099,1285280000.0,0.0663,4.0
WDAY,False,60.301814285714286,"graham_current_ratio,graham_earnings_stability,graham_pe,graham_pe_times_pb,munger_roe",38145052672.0,48.115265,5.754685,1.009,0.56936,0.10858,0.75766,0.13297,3118749952.0,,3.0
CSL,False,60.293177873282936,"graham_debt_to_equity,graham_pe,graham_pe_times_pb",14671826944.0,20.56608,8.261107,3.38,1.7472800000000002,0.38228,0.35571,0.17403,722249984.0,0.0127,4.0
T,False,60.208809689711586,"graham_current_ratio,graham_debt_to_equity,graham_earnings_stability",159215190016.0,7.6683173,1.4471226,0.971,1.29054,0.18339,0.59721,0.24786,10142000128.0,0.0464,3.0
PSA,False,60.14283780625712,"graham_current_ratio,graham_debt_to_equity,graham_pe,graham_pe_times_pb",58395398144.0,32.270386,11.26157,0.188,1.07646,0.20175,0.74767995,0.46252,2338522624.0,0.0364,4.0
ALGN,False,59.975329461226615,"graham_current_ratio,graham_pe,graham_pe_times_pb,munger_roe",12513835008.0,30.335068,3.015758,1.393,0.027970000000000002,0.10824,0.69912004,0.15469,532954624.0,,4.0
BKE,False,59.959865619047626,"data_missing:market_cap,graham_pe_times_pb",,10.087155,4.8516273,2.042,0.89539,0.48981997,0.58698004,0.20591,162151376.0,0.0311,4.0
PIPR,False,59.85917782142857,"data_missing:free_cash_flow,graham_pe_times_pb",4963561984.0,18.54798,3.7144732,3.376,0.07325,0.22173999,0.91293,0.21764,,0.0098,4.0
TT,False,59.85457822735714,"graham_current_ratio,graham_pe,graham_pe_times_pb",97956315136.0,33.85256,11.409995,1.095,0.5359700000000001,0.36630002,0.35924998,0.15521,2662362624.0,0.009399999999999999,4.0
ANIP,False,59.82673356528396,"graham_size,graham_debt_to_equity,graham_earnings_stability,graham_pe,graham_pe_times_pb",1836047744.0,20.654732,3.065943,3.119,1.12077,0.18324,0.60826,0.16299999,140259504.0,,1.0
CSCO,False,59.70251169423213,"graham_current_ratio,graham_pe,graham_pe_times_pb",446465998848.0,37.758335,9.134344,0.925,0.67541,0.25229,0.64296997,0.24992001,9288375296.0,0.0149,4.0
CRVL,False,59.591443588691405,"graham_pe,graham_pe_times_pb,munger_gross_margin",3053657344.0,27.974298,7.730501,2.027,0.0713,0.30813,0.24294001,0.15979,92892872.0,,4.0
HQY,False,59.58178802510107,"graham_earnings_stability,graham_pe,graham_pe_times_pb,munger_roe",8475586560.0,37.970036,4.1557693,3.437,0.48094000000000003,0.11062,0.70677,0.29343998,370328512.0,,3.0
ODFL,False,59.56845238095239,"data_missing:free_cash_flow,graham_pe,graham_pe_times_pb",42899697664.0,42.975,9.420038,1.889,0.0044,0.24818,0.39566,0.29942,,0.0052,4.0
WMG,False,59.520404529979956,"graham_current_ratio,graham_debt_to_equity,graham_pe,graham_pe_times_pb",14083618816.0,32.142857,19.081272,0.728,5.08333,0.50965,0.45799,0.15589,426624992.0,0.0264,4.0
RELY,False,59.515357256366165,"graham_earnings_stability,graham_pe,graham_pe_times_pb,munger_roe",4899756032.0,48.479168,5.394066,2.84,0.04331,0.12954001,0.60793,0.14416,181706880.0,,1.0
HAS,False,59.49585714285715,"data_missing:market_cap,data_missing:price_to_book,graham_debt_to_equity,graham_earnings_stability",,16.722422,,1.661,4.84486,1.5956,0.63822,0.22157,721862528.0,0.0294,0.0
HON,False,59.448973388864324,"graham_current_ratio,graham_debt_to_equity,graham_pe_times_pb",75878604800.0,9.200999,5.5814333,1.211,1.85369,0.46577,0.36511,0.20249,2610374912.0,0.0116,4.0
TMUS,False,59.41374243738311,"graham_current_ratio,graham_debt_to_equity,graham_pe_times_pb",187561984000.0,18.27116,3.3978817,0.924,2.1403499999999998,0.17994,0.63054,0.2522,11335999488.0,0.0225,4.0
LZ,False,59.39662857142858,"graham_size,graham_current_ratio,graham_earnings_stability,graham_pe,graham_pe_times_pb,munger_roe",1347434880.0,130.83333,9.268004,0.706,0.10362,0.06826,0.65893996,0.0194,131188752.0,,3.0
ARLO,False,59.373150013430596,"graham_size,graham_earnings_stability,graham_pe,graham_pe_times_pb",1574842368.0,51.785713,9.89086,1.517,0.05165,0.23319,0.4509,0.0589,63651124.0,,1.0
GIII,False,59.29012142857143,"graham_size,graham_earnings_stability,munger_roe",1528564352.0,12.757043,0.8379785,3.177,0.16093,0.0719,0.43488,0.15903,128402376.0,0.0109,3.0
VICR,False,59.26534210714286,"data_missing:free_cash_flow,graham_pe,graham_pe_times_pb",9311825920.0,65.268364,11.247591,13.249,0.00912,0.20131999,0.56628,0.2433,,,4.0
MSA,False,59.037695892360986,"graham_pe,graham_pe_times_pb",6668470272.0,23.343245,4.9494286,3.17,0.48574,0.22830999,0.46805,0.22381,240252256.0,0.012,4.0
REGN,False,59.03570472907068,"graham_pe_times_pb,munger_roe",74838294528.0,17.427736,2.3152194,3.565,0.08612,0.14548,0.43885,0.20658001,3273349888.0,0.0054,4.0
ECPG,False,58.973,"graham_debt_to_equity,graham_earnings_stability,munger_fcf",2029335040.0,7.3714952,1.9664264,18.241,3.9051,0.31964,1.0,0.38702,-229486752.0,,1.0
CL,False,58.96742857142857,"data_missing:market_cap,graham_current_ratio,graham_debt_to_equity,graham_pe,graham_pe_times_pb",,35.496124,505.9669,1.025,16.405350000000002,3.6357698,0.60063,0.20924,3319500032.0,0.0227,4.0
RL,False,58.93797412755286,"graham_debt_to_equity,graham_pe,graham_pe_times_pb",22755479552.0,25.320528,8.087059,2.128,1.05913,0.34664002,0.69865,0.13372,656187520.0,0.009899999999999999,4.0
ALLE,False,58.922408291843794,"graham_debt_to_equity,graham_pe,graham_pe_times_pb",13137333248.0,20.274279,6.2026744,1.93,1.04895,0.3373,0.44801,0.22102,484449984.0,0.0134,4.0
NEU,False,58.90606225001586,graham_pe_times_pb,7809164288.0,19.388102,4.507329,2.552,0.58862,0.25268,0.31265,0.23582001,414076992.0,0.0149,4.0
EME,False,58.883446380307724,"graham_current_ratio,graham_pe,graham_pe_times_pb,munger_gross_margin",35412074496.0,26.693354,9.139543,1.26,0.13355,0.39229,0.19294001,0.08726,891520000.0,0.0024,4.0
NDAQ,False,58.743056643740886,"graham_current_ratio,graham_pe,graham_pe_times_pb",52828950528.0,27.553936,4.4356318,1.006,0.77687,0.16521999,1.0,0.49333,1691500032.0,0.0121,4.0
GLPI,False,58.65976675676323,"graham_debt_to_equity,graham_pe_times_pb",13010184192.0,14.037735,2.7277727,31.134,1.6633699999999998,0.19092,0.99078006,0.79372,486100384.0,0.0713,4.0
SBH,False,58.632095238095225,"data_missing:consecutive_positive_earnings_years,graham_size,graham_debt_to_equity",1460704000.0,8.458564,1.7523177,2.336,1.80946,0.2392,0.51896,0.07918,162749632.0,,
AWI,False,58.627373304467525,"data_missing:debt_to_equity,graham_pe,graham_pe_times_pb",7316117504.0,23.746227,8.358765,1.519,,0.36618,0.40308997,0.21462,249612496.0,0.0078000000000000005,4.0
MRSH,False,58.574693651107545,"graham_current_ratio,graham_debt_to_equity,graham_pe,graham_pe_times_pb",90622418944.0,23.215157,5.977525,1.139,1.45027,0.25902998,0.43994,0.26323998,4785249792.0,0.02,4.0
NWSA,False,58.55038809523809,"graham_pe,graham_pe_times_pb,munger_roe",15148972032.0,35.41772,1.7934748,1.702,0.31559000000000004,0.06524,0.5717,0.10114,1744000000.0,0.0069,4.0
NWS,False,58.55038809523809,"graham_pe,graham_pe_times_pb,munger_roe",17081845760.0,39.936707,2.0223062,1.702,0.31559000000000004,0.06524,0.5717,0.10114,1744000000.0,0.0060999999999999995,4.0
AYI,False,58.5215492283808,"graham_pe,graham_pe_times_pb",10056548352.0,22.321594,3.5225654,2.053,0.28206,0.17378001,0.48669997,0.16052,467275008.0,0.0023,4.0
LQDT,False,58.467594497507115,"graham_size,graham_pe,graham_pe_times_pb,munger_roe",1190343552.0,41.048386,5.358647,1.514,0.06675,0.14457,0.46701,0.08019,69622624.0,,4.0
DOCN,False,58.37612960497205,"graham_current_ratio,graham_debt_to_equity,graham_earnings_stability,graham_pe,graham_pe_times_pb",14057029632.0,52.736843,14.135904,1.46,1.69946,0.70002997,0.58491004,0.1418,157550368.0,,3.0
RCL,False,58.3627619047619,"graham_current_ratio,graham_debt_to_equity,graham_earnings_stability,graham_pe_times_pb,munger_fcf",85956427776.0,19.863413,8.397305,0.209,2.24816,0.44669998,0.50284,0.2707,-1516249984.0,0.0155,3.0
STRL,False,58.33742886753177,"graham_current_ratio,graham_pe,graham_pe_times_pb,munger_gross_margin",17339557888.0,50.587734,14.574049,1.102,0.28628,0.36683,0.23287001,0.17163,346893376.0,,4.0
TDC,False,58.312271,"data_missing:market_cap,graham_current_ratio,graham_pe_times_pb",,6.845538,5.070339,1.3,0.9928199999999999,1.17762,0.60745996,0.19143999,335375008.0,,4.0
BMI,False,58.28043193466612,"graham_pe,graham_pe_times_pb",3742347008.0,30.235363,5.480304,2.422,0.03438,0.1848,0.4131,0.17724001,128289624.0,0.012,4.0
PNR,False,58.214568680981046,"graham_current_ratio,graham_pe_times_pb",10271855616.0,16.58763,2.729779,1.451,0.47067,0.17126,0.41388,0.2344,558312512.0,0.0159,4.0
SFM,False,58.18893310499635,"graham_current_ratio,graham_debt_to_equity,graham_pe_times_pb",8279660544.0,16.898273,5.804325,0.922,1.4369,0.37276,0.38972,0.09244,439800736.0,,4.0
EGP,False,58.1342095481713,"graham_current_ratio,graham_pe,graham_pe_times_pb,munger_roe",11159576576.0,36.47276,3.0919247,0.412,0.46090000000000003,0.08732,0.73607004,0.40761003,379368000.0,0.0297,4.0
KMB,False,58.03662779251848,"graham_current_ratio,graham_debt_to_equity,graham_pe,graham_pe_times_pb",36450369536.0,21.239845,20.293846,0.766,3.71264,1.11727,0.37147,0.19649,1054625024.0,0.0452,4.0
AROC,False,58.03008736750678,"graham_current_ratio,graham_debt_to_equity,graham_pe_times_pb",6166579712.0,19.122284,4.0624638,1.408,1.57367,0.22680001,0.66321,0.35439,148493376.0,0.026099999999999998,4.0
SKT,False,58.00933536901589,"graham_current_ratio,graham_debt_to_equity,graham_pe,graham_pe_times_pb",4900491264.0,38.67453,7.0232997,0.855,2.8055399999999997,0.18989,0.73232,0.30343,210984624.0,0.0301,4.0
PGNY,False,57.921947833333334,"graham_pe,graham_pe_times_pb,munger_roe,munger_gross_margin",2440053248.0,40.454544,5.505479,2.128,0.06209,0.14935,0.24109,0.107700005,200213248.0,,4.0
FIX,False,57.89281600574476,"graham_current_ratio,graham_pe,graham_pe_times_pb,munger_gross_margin",59163074560.0,41.42533,91.58486,1.214,0.45488999999999996,0.55292,0.25661,0.07885,1841915392.0,0.0024,4.0
GTY,False,57.85691984657208,"graham_pe,graham_pe_times_pb,munger_roe",2101995776.0,20.569696,1.8725517,1.719,0.81057,0.094639994,0.96416,0.47073,108609872.0,0.0557,4.0
VOYA,False,57.845686761904766,munger_roe,9050537984.0,15.078928,1.9803301,5.02,0.73442,0.11893,0.56404996,0.14328,1456749952.0,0.018799999999999997,4.0
RGLD,False,57.789050450000005,"graham_pe,graham_pe_times_pb,munger_roe,munger_fcf",17097226240.0,24.360338,2.3035583,3.521,0.07983,0.119820006,0.87133,0.63776,-409444384.0,0.0097,4.0
HSTM,False,57.74780399791981,"graham_size,graham_current_ratio,graham_pe,graham_pe_times_pb,munger_roe",819047808.0,41.84328,2.3341105,0.974,0.03996,0.05574,0.64886004,0.09251001,49804624.0,0.0045000000000000005,4.0
EXLS,False,57.62838824069977,"graham_current_ratio,graham_pe,graham_pe_times_pb",5221534208.0,21.797466,6.7662077,1.244,0.56585,0.25944,0.38511002,0.14609,262332752.0,,4.0
LMAT,False,57.6135890791464,"graham_pe,graham_pe_times_pb",2312723456.0,37.209557,5.686913,14.319,0.46680999999999995,0.16548,0.71334,0.26709,53266876.0,0.0097,4.0
CHE,False,57.561218675908464,"graham_current_ratio,graham_pe,graham_pe_times_pb",7102044160.0,26.885931,8.340556,0.911,0.35495,0.27106002,0.33113998,0.1325,307927488.0,0.0044,4.0
UE,False,57.515039914536594,"graham_current_ratio,graham_debt_to_equity,graham_pe,graham_pe_times_pb,munger_roe",3001664512.0,26.6,2.2123287,1.372,1.26894,0.08242,0.64257,0.341,200742368.0,0.0366,4.0
MKC,False,57.348933005225454,graham_current_ratio,13567593472.0,8.396838,1.9394696,0.781,0.65143,0.24728,0.38853002,0.17422001,714025024.0,0.0369,4.0
ADMA,False,57.3147317683808,"graham_size,graham_debt_to_equity,graham_earnings_stability,graham_pe_times_pb",1994404096.0,12.654411,5.1220236,6.951,1.10673,0.43300998,0.61275,-1.23389,58354124.0,,2.0
TGTX,False,57.27714285714286,"graham_debt_to_equity,graham_earnings_stability,graham_pe_times_pb,munger_fcf",8212934656.0,18.758743,13.040837,5.809,1.29226,1.1259999,0.83054,0.1698,-30164876.0,,3.0
OLED,False,57.21176428571428,"data_missing:market_cap,graham_pe_times_pb,munger_roe",,17.790646,2.1916153,9.536,0.01298,0.12697,0.74166,0.30062,129271624.0,0.025,4.0
A,False,57.2043600390777,"graham_pe,graham_pe_times_pb",39040565248.0,27.757027,5.4774923,2.099,0.49733,0.21330999,0.52641,0.23706,930625024.0,0.0073,4.0
VAL,False,57.1358499871226,munger_gross_margin,5142809600.0,5.2482333,1.6213456,1.549,0.36518,0.37233,0.28260002,0.0535,164075008.0,,4.0
NXT,False,57.04713873273618,"graham_pe,graham_pe_times_pb,munger_gross_margin",15218003968.0,25.807291,6.341994,2.446,0.022639999999999997,0.29571,0.2192,0.18155001,311732128.0,,4.0
COKE,False,56.99139468934656,"graham_current_ratio,graham_debt_to_equity,graham_pe,graham_pe_times_pb",12533390336.0,25.828531,3.937556,1.235,1.97906,1.35179,0.39659,0.07417,531065504.0,0.0052,4.0
EXPD,False,56.90589679873492,"graham_pe,graham_pe_times_pb,munger_gross_margin",21634162688.0,26.722134,9.559614,1.789,0.24708,0.36641,0.1362,0.10594,783248512.0,0.0095,4.0
WTW,False,56.845630017053516,"graham_current_ratio,graham_earnings_stability,graham_pe_times_pb",31454009344.0,19.544012,3.9359665,1.187,0.85693,0.20611,0.42407,0.20522,2052125056.0,0.0121,1.0
CUBE,False,56.78117778750492,"graham_current_ratio,graham_debt_to_equity,graham_pe,graham_pe_times_pb,munger_roe",9294386176.0,28.555944,3.4907675,0.081,1.29599,0.11562,0.71172,0.40293,487385632.0,0.05,4.0
STAG,False,56.76623370037417,"graham_pe,graham_pe_times_pb,munger_roe",7525732864.0,29.415386,2.0391405,1.816,0.9378,0.069759995,0.79549,0.37036,469642880.0,0.0398,4.0
HMN,False,56.62538170238095,munger_roe,2095177088.0,13.036431,1.4252945,2.841,0.40395000000000003,0.11739001,0.38762,0.13906,275637504.0,0.0276,4.0
TEL,False,56.624933102527386,"graham_pe,graham_pe_times_pb",60040912896.0,20.301962,4.5327787,1.876,0.43441,0.23290001,0.36119,0.20775,2336875008.0,0.0144,4.0
XPEL,False,56.562497374015486,"graham_size,graham_pe,graham_pe_times_pb",1204690560.0,22.884817,4.3047075,3.072,0.07116,0.20266001,0.42543,0.110869996,40949000.0,,4.0
CCL,False,56.51412019082437,"graham_current_ratio,graham_debt_to_equity,graham_earnings_stability,graham_pe_times_pb",38114869248.0,12.535225,2.94416,0.334,2.0155600000000002,0.26689,0.55676997,0.12787,1899374976.0,0.016200000000000003,2.0
LQDA,False,56.45501836184529,"graham_debt_to_equity,graham_earnings_stability,graham_pe,graham_pe_times_pb",7522427392.0,497.5882,68.772354,2.224,1.70221,0.28182,0.91815,0.46291,9584125.0,,0.0
ERIE,False,56.38213204172029,"graham_current_ratio,graham_pe,graham_pe_times_pb,munger_gross_margin",12283413504.0,21.531624,5.2191787,1.29,0.02108,0.2585,0.17913,0.16876,447472992.0,0.0235,4.0
EPRT,False,56.340525072180405,"graham_pe,graham_pe_times_pb,munger_roe",6736558080.0,24.085272,1.5242347,3.841,0.65659,0.064780004,0.98414004,0.62468,305324384.0,0.04,4.0
DLTR,False,56.332314925614426,"graham_current_ratio,graham_debt_to_equity,graham_earnings_stability,graham_pe,graham_pe_times_pb",24677140480.0,20.611557,7.0811734,1.161,2.16518,0.33976,0.36991,0.09088001,1443624960.0,,1.0
ITW,False,56.14980952380952,"data_missing:free_cash_flow,graham_current_ratio,graham_debt_to_equity,graham_pe,graham_pe_times_pb",81631993856.0,25.677826,25.390602,1.109,3.3485300000000002,1.04618,0.44162,0.26668,,0.022000000000000002,4.0
YETI,False,56.1106304294568,"graham_pe,graham_pe_times_pb",3781097728.0,25.464285,5.7559686,2.102,0.34039,0.22275999,0.5697,0.0327,137904992.0,,4.0
NFG,False,56.109049999999996,"graham_current_ratio,munger_fcf",7645119488.0,10.870946,1.9988322,0.619,0.63438,0.20833,0.64103997,0.41976002,-27653624.0,0.0274,4.0
FRT,False,56.1026974310596,"graham_current_ratio,graham_debt_to_equity,graham_pe,graham_pe_times_pb,munger_roe",10799610880.0,21.533796,3.4060693,0.659,1.3843199999999998,0.14783,0.67989,0.34120998,448925248.0,0.0359,4.0
CACC,False,56.088499999999996,"data_missing:free_cash_flow,graham_debt_to_equity,graham_pe_times_pb",5845610496.0,13.9294615,3.8471332,3.872,4.23261,0.28118,0.94403,0.52711,,,4.0
SHC,False,56.04765889988622,"graham_debt_to_equity,graham_earnings_stability,graham_pe,graham_pe_times_pb",5038901248.0,43.09756,8.094365,2.82,3.64722,0.22728,0.55264,0.31260002,144781376.0,,3.0
ROST,False,56.021267836879105,"graham_pe,graham_pe_times_pb",80296321024.0,34.960197,12.745164,1.541,0.74911,0.38981998,0.32740003,0.13377,2047583488.0,0.0070999999999999995,4.0
EVTC,False,56.01621349322885,"graham_size,graham_debt_to_equity,graham_pe_times_pb",1937959808.0,15.1201935,2.8999538,1.967,1.4853299999999998,0.20166,0.50285,0.17977,127328752.0,0.0063,4.0
CMCSA,False,56.00199927142857,"graham_current_ratio,graham_debt_to_equity,munger_roe",83446185984.0,7.536859,0.92904264,0.796,1.00474,0.114879996,0.6939,0.17233999,12697624576.0,0.0536,4.0
WTS,False,55.918139803551504,"graham_pe,graham_pe_times_pb",11383618560.0,31.21977,5.430996,2.718,0.14549,0.18943001,0.49245,0.19666,184412496.0,0.006500000000000001,4.0
MZTI,False,55.87625259169793,"graham_pe_times_pb,munger_gross_margin",2961068800.0,16.89828,2.834121,2.584,0.03561,0.17231001,0.24192,0.10877,186684496.0,0.036000000000000004,4.0
NDSN,False,55.83874739324902,"graham_pe,graham_pe_times_pb",16426208256.0,31.53048,5.129628,2.597,0.61637,0.1714,0.55218,0.23516001,574589504.0,0.0111,4.0
TDS,False,55.80016644166667,"graham_earnings_stability,munger_roe",3816252160.0,19.717648,0.99115884,3.426,0.23845,0.060149997,0.59597,-0.01192,623673984.0,0.004699999999999999,0.0
LII,False,55.75611225812942,"graham_debt_to_equity,graham_pe_times_pb",14427018240.0,18.433521,11.044595,1.569,1.5608199999999999,0.71757007,0.33330002,0.22908,278637504.0,0.0127,4.0
ADC,False,55.72845478980801,"graham_current_ratio,graham_pe,graham_pe_times_pb,munger_roe",9352979456.0,41.972973,1.5355865,0.288,0.59607,0.03704,0.87644994,0.48668,444884000.0,0.039900000000000005,4.0
CON,False,55.72609429775148,"graham_current_ratio,graham_debt_to_equity,graham_pe,graham_pe_times_pb,munger_gross_margin",4036554240.0,22.694244,9.504369,1.26,4.677350000000001,0.47004002,0.28667,0.17014,143357632.0,0.0079,4.0
EPAM,False,55.70149285714285,"munger_roe,munger_gross_margin",5403121152.0,14.859195,1.5901961,2.666,0.08391,0.10932,0.29055,0.09511,692900224.0,,4.0
KVUE,False,55.679319896185696,"graham_current_ratio,graham_pe,graham_pe_times_pb",37004902400.0,22.944407,3.48838,0.983,0.82975,0.15701,0.58599,0.21617001,1858000000.0,0.04190000000000001,4.0
EG,False,55.67904090476191,"graham_current_ratio,munger_roe,munger_gross_margin",14771880960.0,7.8904037,0.97162646,0.382,0.23471,0.13822,0.15487,0.20232001,3993250048.0,0.020099999999999996,4.0
GWW,False,55.611900999999996,"data_missing:market_cap,graham_pe,graham_pe_times_pb",,36.30674,16.243465,2.686,0.64034,0.46129,0.39150003,0.16723,1152125056.0,0.0068000000000000005,4.0
UTHR,False,55.59462021082816,"data_missing:debt_to_equity,graham_pe_times_pb",26228287488.0,19.455118,3.7622697,4.794,,0.20261,0.86583,0.41689,566412480.0,,4.0
CGNX,False,55.5358477010266,"graham_pe,graham_pe_times_pb,munger_roe",10270576640.0,72.60588,6.9491053,3.643,0.05005,0.09748,0.6802,0.22304001,181449872.0,0.005600000000000001,4.0
ESS,False,55.5002621845323,"graham_current_ratio,graham_debt_to_equity,graham_pe,graham_pe_times_pb,munger_roe",19532304384.0,44.20905,3.3527365,0.3,1.2185599999999999,0.105579995,0.68883,0.35173,983003264.0,0.0349,4.0
GTM,False,55.47325000000001,"graham_size,graham_current_ratio,graham_debt_to_equity,munger_roe",969622336.0,8.224999,0.6610407,0.685,1.06562,0.08123,0.86746,0.21889,354837504.0,,4.0
OHI,False,55.405643774428114,"graham_current_ratio,graham_pe_times_pb,munger_roe",15649059840.0,17.86121,2.8790224,0.563,0.81511,0.12630999,0.98853993,0.65470004,510725504.0,0.0529,4.0
HLI,False,55.382129,"data_missing:free_cash_flow,graham_current_ratio,graham_pe_times_pb",8659985408.0,19.922026,3.6759124,1.355,0.20062000000000002,0.18332,0.94323,0.22499001,,0.0192,4.0
MCY,False,55.32044761904762,"data_missing:market_cap,graham_current_ratio,graham_earnings_stability,munger_gross_margin",,7.058293,2.2897716,0.875,0.22674,0.38082,0.25234,0.15747,1573970304.0,0.011699999999999999,3.0
DLX,False,55.27345238095238,"graham_size,graham_current_ratio,graham_debt_to_equity",1206867840.0,11.663717,1.7295454,1.148,2.07577,0.15766,0.52928,0.13548,157252992.0,0.0441,4.0
SLM,False,55.26875,"data_missing:price_to_book,data_missing:free_cash_flow,graham_current_ratio,graham_debt_to_equity",4765799936.0,7.0612817,,1.334,2.36158,0.30333,1.0,0.29211,,0.0202,4.0
KEYS,False,55.238742772715064,"graham_pe,graham_pe_times_pb",53303971840.0,50.308067,8.41272,1.903,0.43642000000000003,0.18174,0.62139,0.18812001,1085750016.0,,4.0
LIVN,False,55.23331521275085,"graham_current_ratio,graham_earnings_stability,graham_pe,graham_pe_times_pb,munger_roe",4436432384.0,41.204082,3.6602614,1.33,0.28353,0.09543,0.67855,0.14393,198052752.0,,0.0
RDN,False,55.205749999999995,"data_missing:market_cap,munger_roe",,9.034965,1.0867797,1.571,0.2868,0.12677,0.82482004,0.4659,275715616.0,0.025699999999999997,4.0
VFC,False,55.11180952380952,"graham_current_ratio,graham_debt_to_equity,graham_earnings_stability,graham_pe,graham_pe_times_pb",5932286976.0,21.913044,1.5993229,1.443,2.6938799999999996,0.22092,0.50798,0.03757,781847872.0,0.0197,1.0
CHD,False,55.03200502175094,"graham_current_ratio,graham_pe,graham_pe_times_pb",23248906240.0,32.276318,5.5526004,1.217,0.56794,0.16779,0.45470002,0.20233999,1128824960.0,0.0123,4.0
PINS,False,55.01624944246847,"graham_earnings_stability,graham_pe,graham_pe_times_pb,munger_roe",13707048960.0,50.979168,4.924532,4.226,0.42273000000000005,0.0887,0.79864,-0.03295,1080373120.0,,2.0
KRC,False,55.01356428571429,"graham_current_ratio,graham_pe,munger_roe",4569689600.0,20.807486,0.86593676,1.103,0.85616,0.03431,0.65379,0.23993,718001472.0,0.0548,4.0
MPT,False,55.00000000000001,"data_missing:trailing_pe,graham_current_ratio,graham_debt_to_equity,graham_earnings_stability,munger_roe",2808079360.0,,0.61751944,1.175,2.1256399999999998,-0.026819998,0.95957,0.5823,782127232.0,0.0758,0.0
DGII,False,54.98058583856751,"graham_current_ratio,graham_pe,graham_pe_times_pb,munger_roe",2527932672.0,59.336285,3.7952116,1.111,0.23108,0.06803,0.64472,0.13058,128906872.0,,4.0
SIGI,False,54.95320639285715,"graham_current_ratio,munger_roe,munger_gross_margin",5637563904.0,11.735731,1.6271029,0.318,0.24596,0.14152999,0.22764,0.12693,1355778304.0,0.0178,4.0
SCHL,False,54.938591851839426,"data_missing:consecutive_positive_earnings_years,graham_size,graham_current_ratio,munger_roe",773177024.0,17.517096,1.0235729,1.232,0.55874,0.066810004,0.56394,0.14367,56762500.0,0.024300000000000002,
QRVO,False,54.92900361607417,"graham_earnings_stability,graham_pe,graham_pe_times_pb,munger_roe",7928478208.0,20.85151,2.3578024,3.543,0.44619,0.115559995,0.48535,0.1578,476142016.0,,2.0
FR,False,54.8296569526936,"graham_current_ratio,graham_pe,graham_pe_times_pb,munger_roe",8954024960.0,23.763636,3.1214175,1.498,0.90051,0.1363,0.73745,0.45097,290640736.0,0.028900000000000002,4.0
RHP,False,54.72321665925581,"graham_current_ratio,graham_debt_to_equity,graham_pe,graham_pe_times_pb",8374600192.0,34.92105,11.293616,1.309,3.4303500000000002,0.23424,0.34603,0.20735,560577472.0,0.035,4.0
SAM,False,54.628035714285716,"data_missing:trailing_pe,graham_size,graham_current_ratio,munger_roe",1883479168.0,,2.5516694,1.045,0.04415,-0.08614001,0.48879,0.09327,372617632.0,,4.0
REG,False,54.55995842383727,"graham_current_ratio,graham_pe,graham_pe_times_pb,munger_roe",15057612800.0,27.680412,2.205701,1.036,0.73218,0.08003,0.71702003,0.40727,574623104.0,0.037200000000000004,4.0
AXP,False,54.491321428571425,"data_missing:free_cash_flow,graham_debt_to_equity,graham_pe,graham_pe_times_pb",227376824320.0,20.430826,6.6299105,1.553,1.7238,0.34377,0.62338,0.2032,,0.0115,4.0
OII,False,54.3986682705634,"graham_pe_times_pb,munger_gross_margin",4759507968.0,13.820809,4.0882277,2.176,0.70343,0.34570998,0.1982,0.11486,237835120.0,,4.0
TECH,False,54.38152173464719,"graham_pe,graham_pe_times_pb,munger_roe",11240958976.0,103.064285,5.4150715,4.489,0.13922,0.053400002,0.66399,0.25191,299849376.0,0.0044,4.0
QNST,False,54.316692857142854,"graham_size,graham_current_ratio,graham_earnings_stability,graham_pe_times_pb,munger_gross_margin",884658624.0,13.75,2.8502684,1.184,0.25263,0.23936,0.10479,0.03876,108470624.0,,1.0
APH,False,54.27034457142857,"data_missing:market_cap,graham_debt_to_equity,graham_pe,graham_pe_times_pb",,39.23,13.801231,1.888,1.20415,0.38115,0.38764998,0.29779,3762800128.0,0.0067,4.0
VST,False,54.269571428571425,"graham_current_ratio,graham_debt_to_equity,graham_earnings_stability,graham_pe,graham_pe_times_pb,munger_fcf",50068226048.0,24.831104,16.084272,0.896,3.66613,0.42898,0.38637,0.26578,-164124992.0,0.0064,3.0
HAE,False,54.246060623434204,"graham_debt_to_equity,graham_pe,graham_pe_times_pb,munger_roe",3829278720.0,41.10244,4.7883162,2.954,1.60076,0.120340005,0.59433997,0.13878,298094240.0,,4.0
CSX,False,54.23853320388511,"graham_current_ratio,graham_debt_to_equity,graham_pe,graham_pe_times_pb",92475539456.0,29.023254,6.5666924,0.82,1.3806800000000001,0.24357,0.47070998,0.38424,1953250048.0,0.011000000000000001,4.0
LZB,False,54.23435,"graham_size,munger_roe",1620053888.0,16.392714,1.5559313,1.8,0.53101,0.09826,0.4446,0.1169,177578128.0,0.023700000000000002,4.0
LAUR,False,54.22432001491588,"graham_current_ratio,graham_pe,graham_pe_times_pb",5286980096.0,20.19786,5.0420504,0.57,0.68865,0.2882,0.36967,-0.10098,330261504.0,,4.0
FCPT,False,54.19673033341732,"graham_current_ratio,graham_pe,graham_pe_times_pb,munger_roe",2798055936.0,22.96847,2.4597204,0.591,0.9804600000000001,0.07534,0.85561997,0.62556,148332000.0,0.0557,4.0
CHWY,False,54.1921600831048,"graham_current_ratio,graham_debt_to_equity,graham_pe,graham_pe_times_pb,munger_gross_margin",9205903360.0,37.475,21.72464,0.784,1.2338500000000001,0.63816,0.29912,0.03828,463275008.0,,4.0
LDOS,False,54.143059523809534,"graham_current_ratio,graham_debt_to_equity,munger_gross_margin",14022563840.0,10.199451,2.79721,1.397,1.37125,0.30579,0.17906,0.12227,1194749952.0,0.015,4.0
SCHW,False,54.1044515,"data_missing:free_cash_flow,graham_current_ratio,graham_pe_times_pb",181452701696.0,18.97,3.6132083,0.642,0.7405200000000001,0.20283002,0.97495,0.51881003,,0.0123,4.0
AGYS,False,54.07687980023429,"graham_pe,graham_pe_times_pb,munger_roe",3003070208.0,70.04605,8.849638,1.741,0.054509999999999996,0.13802,0.63057,0.11107001,57453376.0,,4.0
SWKS,False,54.022460780952386,"graham_pe,graham_pe_times_pb,munger_roe",9255580672.0,31.870466,1.6044971,1.83,0.08659,0.05094,0.40109003,0.073060006,1290674944.0,0.0464,4.0
BNL,False,53.96639227804686,"graham_pe,graham_pe_times_pb,munger_roe",4303345664.0,33.092308,1.4261088,1.84,0.87795,0.04206,0.94931,0.52179,240662752.0,0.0526,4.0
WT,False,53.90361315610275,"graham_debt_to_equity,graham_pe,graham_pe_times_pb,munger_roe",2825590016.0,45.060978,5.806097,4.568,2.53187,0.13781999,0.51691,0.38429,128132376.0,0.0066,4.0
CTVA,False,53.895467508551896,"graham_current_ratio,graham_pe,graham_pe_times_pb,munger_roe",59916234752.0,48.424324,2.4639015,1.467,0.1364,0.051370002,0.48561,0.2369,2576124928.0,0.008,4.0
TILE,False,53.8692796094937,"graham_size,graham_pe_times_pb",1951849088.0,15.710279,3.0756564,2.431,0.44965000000000005,0.22081,0.38939998,0.09471,93800248.0,0.0036,4.0
FOX,True,53.791943848755885,,21788643328.0,13.655263,1.990563,2.896,0.67867,0.152,0.36843,0.21357,1406499968.0,0.0106,4.0
TTEK,False,53.692268357550255,"graham_current_ratio,graham_pe_times_pb,munger_gross_margin",8665529344.0,19.994013,4.650418,1.255,0.59543,0.25645,0.21806,0.12525,546047744.0,0.0086,4.0
SN,False,53.673231790476194,"data_missing:market_cap,graham_pe,graham_pe_times_pb",,32.210266,8.21033,2.377,0.31156,0.29367,0.48992002,0.116450004,215053504.0,,4.0
MDT,False,53.665849296837884,"graham_pe,graham_pe_times_pb,munger_roe",109405462528.0,22.91421,2.212071,2.126,0.58214,0.098409995,0.65309,0.22045,4625375232.0,0.0329,4.0
GE,False,53.663286701263246,"graham_current_ratio,graham_debt_to_equity,graham_pe,graham_pe_times_pb",366627913728.0,41.620144,20.784367,0.982,1.13225,0.48231998,0.31051,0.20571,6594625024.0,0.0054,4.0
HWM,False,53.65604657139104,"graham_pe,graham_pe_times_pb",110477680640.0,64.064964,20.05083,2.444,0.8779399999999999,0.33818,0.35046002,0.28188,1192749952.0,0.0021,4.0
IRDM,False,53.6338857786336,"graham_debt_to_equity,graham_pe,graham_pe_times_pb",4831793152.0,52.41379,10.224215,2.782,3.7865699999999998,0.19715,0.71851,0.15099,239205376.0,0.013500000000000002,4.0
LIF,False,53.586870037336055,"graham_earnings_stability,graham_pe,graham_pe_times_pb",4425140736.0,31.205715,7.3653827,5.372,0.52071,0.30646,0.77102,-0.05644,60412376.0,,1.0
REXR,False,53.546333456787465,"data_missing:trailing_pe,graham_current_ratio,munger_roe",8752162816.0,,1.061152,0.344,0.41445,-0.047280002,0.76798,0.4159,341792384.0,0.045,4.0
GNL,False,53.40228571428571,"data_missing:trailing_pe,graham_size,graham_debt_to_equity,graham_earnings_stability,munger_roe",1847037696.0,,1.1875678,2.209,1.59296,-0.02815,0.87367,0.31272,672852096.0,0.0857,0.0
NTST,False,53.37198284668558,"graham_earnings_stability,graham_pe,graham_pe_times_pb,munger_roe",2088243328.0,152.71428,1.3804235,5.531,0.88837,0.00962,0.90376997,0.39020002,133447376.0,0.041100000000000005,1.0
ADI,False,53.357749999999996,"data_missing:market_cap,graham_pe,graham_pe_times_pb,munger_roe",,54.42921,5.272184,1.752,0.2581,0.09639,0.64491,0.38076,3868954624.0,0.0125,4.0
ZBH,False,53.2868515383271,"graham_pe,graham_pe_times_pb,munger_roe",18286073856.0,24.487047,1.4424148,1.733,0.59827,0.060650002,0.70176005,0.19687,1044124992.0,0.01,4.0
CBT,False,53.263426190476196,"graham_current_ratio,graham_pe_times_pb,munger_gross_margin",4526166016.0,16.543396,2.8842106,1.449,0.77712,0.19957,0.25231,0.15265,374124992.0,0.0202,4.0
WFRD,False,53.16580952380953,graham_pe_times_pb,6042365952.0,16.625246,3.3847327,2.344,0.9066500000000001,0.22793,0.30515,0.10498,558000000.0,0.0134,4.0
OXY,False,53.11137133641819,"graham_current_ratio,graham_pe,graham_pe_times_pb,munger_roe",55058001920.0,74.804054,1.7904389,1.21,0.41989,0.04053,0.69757,0.17725,3033374976.0,0.018600000000000002,4.0
DT,False,53.06054603924858,"graham_current_ratio,graham_pe,graham_pe_times_pb,munger_roe",12752063488.0,81.01852,4.936252,1.353,0.06293,0.062179998,0.81732005,0.10507,501819008.0,,4.0
PODD,False,53.042128767796825,"graham_pe,graham_pe_times_pb",11310920704.0,38.154205,8.683399,2.487,0.7784399999999999,0.22997999,0.71008,0.1603,253375008.0,,4.0
NXST,False,53.01527380952381,"graham_debt_to_equity,graham_pe,graham_pe_times_pb,munger_roe",5832636928.0,40.378437,2.6902273,1.757,5.76199,0.06609,0.55625,0.22206,663750016.0,0.0378,4.0
IBKR,False,53.01424850000001,"data_missing:free_cash_flow,graham_current_ratio,graham_debt_to_equity,graham_pe,graham_pe_times_pb",151540482048.0,35.45238,7.1261067,1.096,2.04148,0.24018998,0.93036,0.76532996,,0.0040999999999999995,4.0
AVY,False,53.01134309288542,"graham_current_ratio,graham_debt_to_equity,graham_pe,graham_pe_times_pb,munger_gross_margin",13591193600.0,20.009571,5.921254,1.15,1.64751,0.30857,0.28755,0.12604,809049984.0,0.0239,4.0
TRU,False,53.00108314834772,"graham_debt_to_equity,graham_earnings_stability,graham_pe,graham_pe_times_pb",15243695104.0,20.992085,3.2268007,1.9,1.13212,0.15626,0.5873,0.19701,808625024.0,0.006,2.0
PG,False,52.99675969047619,"data_missing:market_cap,graham_current_ratio,graham_pe,graham_pe_times_pb",,20.93567,6.2042375,0.677,0.62857,0.30290002,0.50176996,0.18625,11850375168.0,0.0298,4.0
SIRI,False,52.9640261904762,"graham_current_ratio,graham_earnings_stability,munger_roe",10435218432.0,13.135593,0.88789594,0.439,0.84878,0.07375,0.47209,0.21999,1000750016.0,0.0331,1.0
TRGP,False,52.87914242857143,"graham_current_ratio,graham_debt_to_equity,graham_pe,graham_pe_times_pb,munger_fcf",57070596096.0,27.158836,18.202574,0.718,5.85249,0.74097997,0.41766,0.20899999,-318550016.0,0.0189,4.0
CTS,False,52.858780213534295,"graham_size,graham_pe,graham_pe_times_pb,munger_roe",1771911936.0,25.962341,3.186136,2.609,0.15692,0.12429,0.39713,0.17448,72120000.0,0.0026,4.0
UHS,False,52.70940752443127,graham_current_ratio,9828681728.0,6.626939,1.3626521,1.116,0.6873999999999999,0.20948,0.44607,0.1114,497965120.0,0.0048,4.0
ISRG,False,52.68340717272655,"data_missing:debt_to_equity,data_missing:consecutive_positive_earnings_years,graham_pe,graham_pe_times_pb",125372235776.0,40.129585,6.8161983,4.963,,0.17423001,0.66679,0.33603,2615200000.0,,
JXN,False,52.68117420332787,"data_missing:trailing_pe,munger_roe",8440310272.0,,0.9488043,1.667,0.51263,-0.032309998,0.4335,0.44624,537500032.0,0.029900000000000003,4.0
UFCS,False,52.663700000000006,"graham_size,graham_current_ratio,graham_earnings_stability,munger_roe,munger_gross_margin",1323088512.0,10.397178,1.39164,0.35,0.15387,0.14765,0.12357,0.11151,267821744.0,0.015300000000000001,2.0
SOLV,False,52.64535049779301,"graham_current_ratio,graham_debt_to_equity,graham_pe_times_pb",15045419008.0,10.634027,3.034049,1.071,1.0648,0.34794998,0.53655,0.0558,377500000.0,,4.0
WST,False,52.54745523082306,"graham_pe,graham_pe_times_pb",23727892480.0,43.22564,7.9937406,2.822,0.10585000000000001,0.19087,0.36786,0.22469,277937504.0,0.0026,4.0
FTV,False,52.49688135656761,"graham_current_ratio,graham_pe,graham_pe_times_pb,munger_roe",17627226112.0,30.880953,2.9321778,0.708,0.58806,0.06814,0.63255,0.17926,953612480.0,0.0037,4.0
LECO,False,52.45463000170672,"graham_pe,graham_pe_times_pb",13457632256.0,25.349329,8.904981,1.826,0.9031100000000001,0.37765,0.36138,0.1715,176646496.0,0.0123,4.0
CHDN,False,52.41850978550301,"graham_current_ratio,graham_debt_to_equity,graham_pe_times_pb",5591086592.0,14.773481,5.101431,0.541,4.38287,0.35001,0.33796,0.21719,125112496.0,0.0049,4.0
AME,False,52.416261604128366,"graham_current_ratio,graham_pe,graham_pe_times_pb,munger_roe",54788685824.0,36.163387,5.017632,1.138,0.22489,0.14626999,0.36681,0.26299,1385356544.0,0.0058,4.0
TREX,False,52.40925765304545,"graham_current_ratio,graham_pe,graham_pe_times_pb",4469723136.0,23.900002,4.4887314,1.024,0.43705,0.20084,0.39167,0.24317,96988872.0,,4.0
ENVA,False,52.39389285714285,"data_missing:free_cash_flow,graham_debt_to_equity,graham_pe_times_pb",6197702656.0,18.493313,4.1377015,20.146,3.3701499999999998,0.26081,0.83291,0.29944,,,4.0
LIN,False,52.31297314880419,"graham_current_ratio,graham_pe,graham_pe_times_pb",233309650944.0,33.46286,6.0529213,0.828,0.65642,0.18229,0.48766,0.28471002,4694499840.0,0.0125,4.0
SYK,False,52.28517914996694,"graham_pe,graham_pe_times_pb",133076025344.0,40.223637,5.7911944,2.112,0.66295,0.152,0.64697,0.17824,4359875072.0,0.01,4.0
VCYT,False,52.262404505462825,"graham_earnings_stability,graham_pe,graham_pe_times_pb,munger_roe",4730107904.0,54.888885,3.5922916,9.305,0.02926,0.06932,0.72906995,0.16284001,104506000.0,,2.0
SPHR,False,52.22342506216202,"graham_current_ratio,graham_earnings_stability,graham_pe,graham_pe_times_pb,munger_roe",5290624512.0,49.76936,2.3497386,1.217,0.41744,0.05459,0.55138,0.026719999,420420512.0,,1.0
L,False,52.15725238095239,"graham_current_ratio,munger_roe",23889766400.0,14.770992,1.2772558,0.503,0.45603,0.09217,0.36041,0.11833,2084000000.0,0.0021,4.0
CERT,False,52.13446428571429,"data_missing:trailing_pe,graham_size,graham_earnings_stability,munger_roe",1242961152.0,,1.2045832,1.877,0.29955,-0.01437,0.61591,0.03798,116569376.0,,0.0
QTWO,False,52.13366760768032,"graham_current_ratio,graham_earnings_stability,graham_pe,graham_pe_times_pb,munger_roe",3768545536.0,53.274338,6.1674013,0.933,0.56223,0.12772,0.55577,0.12904,179867632.0,,1.0
URI,False,52.09271961024068,"graham_current_ratio,graham_debt_to_equity,graham_pe,graham_pe_times_pb",66052349952.0,25.528265,7.1718884,0.764,1.6679300000000001,0.28895,0.3848,0.25986,1706249984.0,0.0072,4.0
HAYW,False,52.076257469470896,"graham_pe,graham_pe_times_pb,munger_roe",3222096384.0,21.097221,2.0725882,3.327,0.597,0.104119994,0.47061002,0.23871,158589376.0,,4.0
FOXA,False,52.06207903789684,graham_pe_times_pb,24404625408.0,15.294737,2.2295535,2.896,0.67867,0.152,0.36843,0.21357,1406499968.0,0.0095,4.0
FIS,False,52.037178571428576,"graham_current_ratio,graham_debt_to_equity,graham_earnings_stability",23616206848.0,8.854651,1.4784971,0.588,1.32328,0.17225,0.36285,0.16388,2446874880.0,0.0359,2.0
MIDD,False,51.98035995238095,"graham_earnings_stability,graham_pe_times_pb,munger_roe",5990468608.0,18.174212,2.6009033,1.965,0.79798,0.12039,0.38741,0.16350001,541004032.0,,0.0
COP,False,51.91740177957593,"graham_current_ratio,graham_pe_times_pb,munger_roe",143283552256.0,19.933899,2.22002,1.289,0.36143000000000003,0.112840004,0.45591,0.22051,5289124864.0,0.0285,4.0
NYT,False,51.91450952380953,"data_missing:market_cap,graham_pe,graham_pe_times_pb",,32.081547,6.014644,1.604,0.02387,0.19677,0.50663,0.1313,390847360.0,0.0118,4.0
CLX,False,51.90361947619048,"data_missing:market_cap,graham_current_ratio,graham_debt_to_equity,graham_pe_times_pb",,15.712194,-174.42238,0.84,48.760870000000004,5.46099,0.43846,0.17006001,62750000.0,0.049800000000000004,4.0
INVX,False,51.886288729474494,"graham_size,graham_pe,graham_pe_times_pb,munger_roe",1847447552.0,35.28,1.761651,5.095,0.07392,0.05163,0.31866,0.121190004,135284752.0,,4.0
STE,False,51.82510435977339,"graham_pe,graham_pe_times_pb,munger_roe",22470330368.0,29.038414,3.1389885,2.091,0.28998999999999997,0.11368,0.44236,0.20039,837287488.0,0.010700000000000001,4.0
ALV,False,51.81041688095237,"graham_current_ratio,graham_pe_times_pb,munger_gross_margin",9038937088.0,14.554246,3.6301067,1.029,0.8752500000000001,0.25858,0.19298,0.095970005,742124992.0,0.0277,4.0
HCSG,False,51.78875224232043,"graham_size,graham_pe_times_pb,munger_gross_margin",1589178624.0,13.701183,3.0339363,3.022,0.03417,0.24691999,0.17114,0.04717,70280248.0,,4.0
DBX,False,51.76428571428572,"data_missing:debt_to_equity,data_missing:return_on_equity,graham_current_ratio,graham_pe_times_pb",7417794560.0,17.374317,-3.6412046,1.232,,,0.79737,0.2745,816437504.0,,4.0
TJX,False,51.66554446370382,"graham_current_ratio,graham_debt_to_equity,graham_pe,graham_pe_times_pb",174802894848.0,30.78502,16.808477,1.139,1.3630699999999998,0.6125,0.31351998,0.11771,4314250240.0,0.011899999999999999,4.0
EMR,False,51.63982712024077,"graham_current_ratio,graham_pe,graham_pe_times_pb,munger_roe",83270344704.0,34.494316,4.1013684,0.868,0.69182,0.12328,0.52669996,0.24244,3272250112.0,0.0152,4.0
DRI,False,51.631726298104184,"graham_current_ratio,graham_debt_to_equity,graham_pe_times_pb,munger_gross_margin",23686983680.0,19.809387,10.687303,0.314,3.64507,0.53718,0.21667999,0.14142,790974976.0,0.0288,4.0
ATMU,False,51.57051378731242,"graham_debt_to_equity,graham_pe_times_pb,munger_gross_margin",4153042944.0,19.941175,10.293522,2.527,2.62478,0.63128,0.29354,0.15707,83962496.0,0.0044,4.0
PGR,False,51.52014523809524,"data_missing:free_cash_flow,graham_current_ratio,graham_pe_times_pb,munger_gross_margin",123916689408.0,10.69418,3.6092765,0.282,0.24428,0.34943,0.18521,0.18208,,0.0632,4.0
MAT,False,51.444899754167515,graham_debt_to_equity,4394855936.0,9.695513,2.0864947,2.058,1.27016,0.23557,0.48134997,-0.09189,311720992.0,,4.0
TOST,False,51.43036474084366,"graham_earnings_stability,graham_pe,graham_pe_times_pb,munger_gross_margin",18357000192.0,47.238804,9.224716,2.436,0.008539999999999999,0.22495002,0.26357,0.06748,588124992.0,,2.0
CALY,False,51.35605750898594,"graham_earnings_stability,graham_pe,graham_pe_times_pb,munger_roe",3380341248.0,72.32693,1.6096038,2.278,0.31838,0.02211,0.42998,0.20101999,223450000.0,,0.0
APLE,False,51.303789095238095,"graham_current_ratio,graham_pe,munger_roe",3904557568.0,22.657536,1.2488674,0.263,0.53668,0.05421,0.42587003,0.14216,324528672.0,0.0571,4.0
RYAN,False,51.29829848353341,"graham_current_ratio,graham_debt_to_equity,graham_pe,graham_pe_times_pb",11572752384.0,53.463417,8.879887,1.023,3.0701400000000003,0.22768,0.41774,0.17371,594974528.0,0.011200000000000002,4.0
TRMB,False,51.275540421646724,"graham_current_ratio,graham_pe,graham_pe_times_pb,munger_roe",13138165760.0,29.507854,2.3164818,1.014,0.25062,0.08252,0.71480006,0.15874,370112512.0,,4.0
PH,False,51.274390290138484,"graham_current_ratio,graham_pe,graham_pe_times_pb",120231567360.0,35.17392,8.229966,1.129,0.65554,0.24841999,0.37442002,0.21528,2774481920.0,0.0084,4.0
SSD,False,51.27111947619048,"data_missing:market_cap,data_missing:price_to_book,data_missing:free_cash_flow,graham_pe",,20.507118,,3.288,0.23399999999999999,0.18722,0.45841,0.24405001,,0.0063,4.0
BRC,False,51.263004011904755,"data_missing:market_cap,graham_pe,graham_pe_times_pb",,21.111362,3.2614725,2.01,0.06586,0.16695999,0.51409,0.17716,145758368.0,0.0103,4.0
PRG,False,51.16930885714286,"graham_size,graham_debt_to_equity",1796940544.0,11.412213,2.3204677,4.692,1.10148,0.17066,0.35077998,0.1558,1492332800.0,0.0131,4.0
HOOD,False,51.09575075,"data_missing:free_cash_flow,graham_current_ratio,graham_debt_to_equity,graham_earnings_stability,graham_pe,graham_pe_times_pb",78650114048.0,38.646015,8.612563,1.114,1.40483,0.21461001,0.92239,0.38519,,,2.0
NABL,False,51.03530714285714,"data_missing:trailing_pe,graham_size,graham_current_ratio,graham_earnings_stability,munger_roe",799665792.0,,1.0009431,1.26,0.54537,-0.01332,0.80227995,0.09837,81068000.0,,0.0
CPT,False,50.83619563730972,"graham_current_ratio,graham_debt_to_equity,graham_pe,graham_pe_times_pb,munger_roe",11248268288.0,31.708101,2.9294949,0.104,1.0414700000000001,0.09064999,0.61622,0.18527001,724267136.0,0.0364,4.0
SCI,False,50.80411363322852,"graham_current_ratio,graham_debt_to_equity,graham_pe,graham_pe_times_pb,munger_gross_margin",11906896896.0,22.770449,7.524632,0.566,3.2574,0.33109,0.26206,0.2212,369448640.0,0.0169,4.0
ORI,False,50.778692428571425,"data_missing:market_cap,data_missing:price_to_book,data_missing:free_cash_flow,graham_current_ratio",,9.475877,,0.667,0.37518,0.18571,0.63918996,0.17448999,,0.028300000000000002,4.0
ACIW,False,50.6277000554363,"graham_pe,graham_pe_times_pb,munger_roe",5874513920.0,29.184343,3.903337,1.532,0.56975,0.13817,0.49036998,0.14772001,261643248.0,,4.0
JAZZ,False,50.58271428571428,"graham_debt_to_equity,graham_earnings_stability,graham_pe,graham_pe_times_pb,munger_roe",16196582400.0,2578.3499,3.5669222,2.04,1.19518,0.00676,0.91501,0.2351,1335671424.0,,0.0
DEA,False,50.55903571428571,"graham_size,graham_current_ratio,graham_debt_to_equity,graham_pe,graham_pe_times_pb,munger_roe",1184807808.0,111.88636,0.8720683,1.176,1.26694,0.00849,0.67241997,0.23152,149522128.0,0.0719,4.0
EHC,False,50.55006891231344,"graham_current_ratio,graham_pe_times_pb",11082521600.0,19.130136,4.4038,1.174,0.8284,0.25232,0.43488997,0.19009,284112512.0,0.0074,4.0
GRBK,True,50.53613365345648,,3100151808.0,10.582475,1.6590091,7.349,0.14234,0.17393999,0.30759,0.18119,81936376.0,,4.0
WM,False,50.52753108685701,"graham_current_ratio,graham_debt_to_equity,graham_pe,graham_pe_times_pb",90691862528.0,59.27559,9.135922,0.907,2.35301,0.29841,0.40601003,0.18986,2349374976.0,0.015,4.0
CCK,False,50.51316048961591,"graham_current_ratio,graham_debt_to_equity,graham_pe_times_pb,munger_gross_margin",12825730048.0,16.966908,4.4221106,1.049,1.80095,0.27367002,0.20957,0.12568,903750016.0,0.0109,4.0
IEX,False,50.445012236115886,"graham_pe,graham_pe_times_pb,munger_roe",17339138048.0,33.707195,4.297967,3.049,0.46396,0.12955,0.44716,0.22017999,578887488.0,0.0127,4.0
OUT,False,50.44411082474232,"graham_current_ratio,graham_debt_to_equity,graham_earnings_stability,graham_pe,graham_pe_times_pb",5625229312.0,29.859812,8.499601,0.816,6.04019,0.26812,0.50567,0.13245,175575008.0,0.0368,2.0
SRPT,False,50.4356,"graham_size,graham_earnings_stability,graham_pe,graham_pe_times_pb,munger_roe,munger_gross_margin",1607925888.0,43.514286,1.0682472,4.627,0.6956600000000001,0.04914,0.21555,0.49046,204779632.0,,0.0
ECG,False,50.36609253327461,"graham_pe,graham_pe_times_pb,munger_gross_margin",6224523776.0,27.90618,9.060851,1.768,0.52783,0.38951,0.12443,0.07492,167110256.0,,4.0
ALRM,False,50.340818222566284,"graham_pe,graham_pe_times_pb,munger_roe",2672355328.0,22.419086,3.1033888,5.159,0.6270600000000001,0.14837,0.65826,0.12246,89477752.0,,4.0
PLAB,False,50.3357343832655,"graham_size,munger_roe",1750042496.0,10.952029,1.3904896,5.049,0.00228,0.13239999,0.33773997,0.20091,39001500.0,,4.0
EAT,False,50.32712588783008,"graham_current_ratio,graham_debt_to_equity,graham_pe,graham_pe_times_pb,munger_gross_margin",8816657408.0,20.017038,21.721788,0.397,4.30542,1.39218,0.18594,0.11413,325787488.0,,4.0
MAA,False,50.280895765262756,"graham_current_ratio,graham_pe,graham_pe_times_pb,munger_roe",15852545024.0,120.77273,2.7898529,0.076,0.9982500000000001,0.06711,0.58497,0.26567,909082496.0,0.044500000000000005,4.0
OKTA,False,50.27733168314259,"graham_current_ratio,graham_earnings_stability,graham_pe,graham_pe_times_pb,munger_roe",23771633664.0,99.108696,3.4761722,1.43,0.05957,0.036679998,0.77436996,0.0732,977750016.0,,2.0
ARR,False,50.24824999999999,"data_missing:free_cash_flow,graham_current_ratio,graham_debt_to_equity,graham_earnings_stability",2311235584.0,3.7024264,0.8633513,1.142,7.567240000000001,0.20331,1.0,0.86998004,,0.17600000000000002,1.0
ROK,False,50.210827156400775,"graham_current_ratio,graham_debt_to_equity,graham_pe,graham_pe_times_pb",52563591168.0,48.951298,14.924175,1.091,1.13367,0.27183,0.48921,0.20724002,974499968.0,0.012,4.0
VMI,False,50.20214611595253,graham_pe_times_pb,9111313408.0,18.436327,5.293814,2.354,0.50676,0.29777,0.30403998,0.14849,144770496.0,0.0068000000000000005,4.0
BCPC,False,50.05799333479576,"graham_pe,graham_pe_times_pb,munger_roe",5180936192.0,33.043034,4.0313506,2.55,0.14373,0.12678,0.36275002,0.20879,138136880.0,0.0059,4.0
SONO,False,49.912344158858815,"graham_size,graham_earnings_stability,graham_pe,graham_pe_times_pb,munger_roe",1702205824.0,84.051765,4.42789,1.583,0.15268,0.06172,0.45008,-0.091120005,119637000.0,,0.0
LMT,False,49.803081686108364,"graham_current_ratio,graham_debt_to_equity,graham_pe,graham_pe_times_pb,munger_gross_margin",129411686400.0,20.698845,14.708873,1.193,2.34238,0.89165,0.11798,0.119569995,5562625024.0,0.0242,4.0
HRB,False,49.766,"data_missing:debt_to_equity,data_missing:return_on_equity,graham_current_ratio,graham_pe_times_pb",5694068224.0,8.035778,-233.95833,0.995,,,0.44298,0.43235,656333760.0,0.0356,4.0
DTM,False,49.747420729500455,"graham_current_ratio,graham_pe,graham_pe_times_pb,munger_roe",13600012288.0,29.559866,2.8613281,1.259,0.68866,0.098579995,0.7547,0.49702,146000000.0,0.0259,4.0
ICE,False,49.74184999999999,"data_missing:market_cap,graham_current_ratio,graham_pe,graham_pe_times_pb,munger_roe",,22.170305,2.9244828,1.011,0.70986,0.13853,1.0,0.57306,3743124992.0,0.013500000000000002,4.0
CRK,False,49.702747619047614,"data_missing:market_cap,graham_current_ratio,graham_earnings_stability,munger_fcf",,5.5882354,1.3153691,0.407,0.98697,0.24239,0.55981,0.29558,-785633472.0,,1.0
MRP,False,49.69310029999999,"graham_earnings_stability,munger_roe,munger_fcf",4669267456.0,10.078854,0.797459,66.463,0.41516,0.078940004,0.85436,0.85202,-2056857728.0,0.10980000000000001,1.0
NLY,False,49.675250000000005,"data_missing:free_cash_flow,graham_debt_to_equity,graham_earnings_stability",17240692736.0,5.5483093,1.1591643,31.675,7.373419999999999,0.19567,0.98015,0.91652,,0.13019999999999998,2.0
BRK-B,False,49.655345830568656,"graham_earnings_stability,munger_roe,munger_gross_margin",1091756032000.0,15.064878,0.0010012273,2.876,0.17669,0.10499,0.2778,0.14352,61228249088.0,,3.0
EEFT,False,49.65254761904762,"graham_current_ratio,graham_debt_to_equity,munger_gross_margin",2965097984.0,11.418621,2.4476678,1.277,2.2045,0.2467,0.24301,0.07116,344912512.0,,4.0
DOV,False,49.55254883178111,"graham_pe,graham_pe_times_pb,munger_roe",27173754880.0,24.367754,3.527237,1.979,0.42316000000000004,0.14914,0.40092,0.18691999,906472128.0,0.0105,4.0
MRVL,False,49.550193039243894,"graham_earnings_stability,graham_pe,graham_pe_times_pb",162060615680.0,62.048107,8.6791,3.278,0.2897,0.16028,0.51502997,0.14479999,2269700096.0,0.0015,1.0
PEN,False,49.54505902529871,"graham_earnings_stability,graham_pe,graham_pe_times_pb,munger_roe",12556557312.0,73.39081,8.518331,6.024,0.14668,0.12733,0.67385,0.102019995,141799872.0,,3.0
OSK,False,49.53787619047619,"graham_pe_times_pb,munger_roe,munger_gross_margin",8713948160.0,16.16724,1.9465169,1.718,0.24359000000000003,0.12387,0.15898,0.08405,734037504.0,0.016,4.0
BMRN,False,49.494860428600255,"graham_pe,graham_pe_times_pb,munger_roe",11666648064.0,43.42446,1.8779168,5.806,0.23174,0.044770002,0.51155996,0.18004999,459422496.0,,4.0
PHM,False,49.485461432194946,"munger_roe,munger_gross_margin",24678457344.0,13.2334,1.907914,7.272,0.19065000000000001,0.14901,0.25565,0.15685001,1078512896.0,0.0079,4.0
SNPS,False,49.428685940667414,"graham_current_ratio,graham_pe,graham_pe_times_pb,munger_roe",71080960000.0,84.94737,2.3317692,1.434,0.35574,0.03824,0.82598996,0.10383,3538958592.0,,4.0
ATEN,False,49.422292798453796,"graham_debt_to_equity,graham_pe,graham_pe_times_pb",2129705984.0,48.491802,9.61326,3.714,1.02671,0.21418,0.79335,0.17332001,50523376.0,0.0083,4.0
SYY,False,49.37422156306581,"data_missing:price_to_book,graham_current_ratio,graham_debt_to_equity,graham_pe,munger_gross_margin",40305147904.0,23.386112,,1.329,6.704400000000001,0.81894994,0.18537001,0.03748,1868375040.0,0.0258,4.0
AGCO,False,49.289987342857145,"graham_current_ratio,graham_earnings_stability,munger_gross_margin",7744091648.0,10.313404,1.8022952,1.293,0.5971,0.17531,0.25327998,0.038629998,695812480.0,0.0103,1.0
MRK,False,49.208,"data_missing:market_cap,graham_current_ratio,graham_debt_to_equity,graham_pe,graham_pe_times_pb",,36.369015,6.950366,1.299,1.06936,0.18944,0.76725996,0.38604,14049250304.0,0.0258,4.0
WMB,False,49.14585714285714,"graham_current_ratio,graham_debt_to_equity,graham_pe,graham_pe_times_pb,munger_fcf",85781094400.0,30.763159,6.7106776,0.829,1.9985499999999998,0.19656,0.63506,0.33609,-190250000.0,0.029900000000000003,4.0
ITRI,False,49.12983376907983,"graham_earnings_stability,graham_pe_times_pb",4323503616.0,16.511705,2.7229605,2.746,0.9775400000000001,0.16885,0.39869,0.13455,295262240.0,,3.0
IVT,False,49.11402601416674,"graham_pe,graham_pe_times_pb,munger_roe",2737886720.0,25.09286,1.5397764,1.536,0.5367000000000001,0.062340003,0.72023004,0.18108,106541624.0,0.0279,4.0
CNMD,False,49.04984257857143,"graham_size,graham_earnings_stability,graham_pe,graham_pe_times_pb,munger_roe",1438617216.0,26.99435,1.4323831,2.291,0.84592,0.054980002,0.54204,0.10609999,127055128.0,0.0181,3.0
WSO,False,49.009944251211316,"graham_pe,graham_pe_times_pb,munger_gross_margin",12492404736.0,24.88105,4.1342363,3.199,0.1515,0.16744,0.27512,0.113249995,484715616.0,0.0412,4.0
CELH,False,49.00033228656664,"graham_earnings_stability,graham_pe,graham_pe_times_pb,munger_roe",7408457216.0,67.39535,5.9446154,1.773,0.22449000000000002,0.081190005,0.50351,0.19820999,177804496.0,,3.0
DCI,False,48.97268742857143,"data_missing:market_cap,graham_pe,graham_pe_times_pb",,24.671158,6.2576056,2.353,0.35882,0.27777,0.34570998,0.1633,302387488.0,0.0132,4.0
CMG,False,48.9039040952381,"data_missing:market_cap,graham_current_ratio,graham_debt_to_equity,graham_pe,graham_pe_times_pb",,35.65278,20.579905,0.919,2.1788499999999997,0.49231997,0.39648998,0.13271,1087909760.0,,4.0
CALX,False,48.8520534035125,"graham_earnings_stability,graham_pe,graham_pe_times_pb,munger_roe",2222313728.0,46.44079,3.1298215,2.83,0.01969,0.06905,0.56581,0.074489996,61477124.0,,1.0
INVH,False,48.83243568000156,"graham_current_ratio,graham_pe,graham_pe_times_pb,munger_roe",17877692416.0,27.61009,1.9663508,1.497,0.97038,0.061929997,0.57181,0.24277,1021075392.0,0.039900000000000005,4.0
BURL,False,48.81776953106725,"graham_current_ratio,graham_debt_to_equity,graham_pe,graham_pe_times_pb",23214030848.0,37.943928,12.491195,1.164,3.19733,0.39141,0.43947,0.05933,210811744.0,,4.0
ELS,False,48.766130095238104,"data_missing:free_cash_flow,graham_current_ratio,graham_debt_to_equity,graham_pe,graham_pe_times_pb",13090355200.0,31.53865,7.20267,0.221,1.82359,0.22877,0.53537,0.32112998,,0.0321,4.0
XYL,False,48.74609241565847,"graham_pe,graham_pe_times_pb,munger_roe",27423025152.0,27.964287,2.4920433,1.613,0.28642,0.09182999,0.39240003,0.16995001,1183750016.0,0.0141,4.0
NOW,False,48.73194203633479,"graham_current_ratio,graham_pe,graham_pe_times_pb,munger_roe",112546217984.0,68.0375,9.572635,0.701,0.67538,0.14244,0.74768996,0.04063,5149374976.0,,4.0
SAIC,False,48.70480952380953,"graham_current_ratio,graham_debt_to_equity,graham_pe_times_pb,munger_gross_margin",4892908032.0,13.018559,3.4972656,1.156,1.8798300000000001,0.27664,0.12605,0.08762,418124992.0,0.0126,4.0
HSY,False,48.69726594220123,"graham_current_ratio,graham_debt_to_equity,graham_pe,graham_pe_times_pb",36549332992.0,33.554005,7.72067,1.24,1.20011,0.23234,0.35035,0.21343,1527240576.0,0.0316,4.0
AMPH,False,48.67644807142858,"graham_size,munger_roe",889574656.0,12.153614,1.1644349,3.853,0.88749,0.10393,0.47344002,0.079629995,103104496.0,,4.0
AMZN,False,48.67305675691649,"graham_current_ratio,graham_earnings_stability,graham_pe,graham_pe_times_pb",2567506755584.0,28.55024,5.8082886,1.177,0.5329999999999999,0.24285,0.50604,0.1314,9806624768.0,,3.0
DHR,False,48.65303085682098,"graham_pe,graham_pe_times_pb,munger_roe",138013736960.0,34.933273,2.6244552,1.651,0.5297,0.07605,0.58752996,0.19777,4325125120.0,0.008100000000000001,4.0
AZTA,False,48.624996788905875,"data_missing:trailing_pe,graham_size,graham_earnings_stability,munger_roe",1306731008.0,,0.8404981,2.827,0.03583,-0.06811,0.4433,-0.10556,101328000.0,,0.0
TSCO,False,48.61863187564712,"graham_current_ratio,graham_debt_to_equity,graham_pe_times_pb",15699398656.0,15.5911455,5.957214,1.334,2.4871,0.39513,0.36499,0.120740004,103175000.0,0.031,4.0
MYRG,False,48.58467392047251,"graham_current_ratio,graham_pe,graham_pe_times_pb,munger_gross_margin",5114929664.0,36.17731,7.2763314,1.311,0.08753999999999999,0.22678,0.120620005,0.063779995,227822624.0,,4.0
ABT,False,48.57471383015434,"graham_current_ratio,graham_pe,graham_pe_times_pb,munger_roe",182555443200.0,34.142395,3.5297267,1.376,0.63212,0.10576,0.56847,0.14706999,7209124864.0,0.0233,4.0
AN,False,48.54814898152337,"graham_current_ratio,graham_debt_to_equity,graham_pe_times_pb,munger_gross_margin",7284567552.0,11.805857,3.3153124,0.814,4.7056000000000004,0.2933,0.17966999,0.046529997,541025024.0,,4.0
UPBD,False,48.462404761904764,"graham_size,graham_debt_to_equity,graham_earnings_stability,munger_roe",1204348416.0,14.347221,1.6843307,2.965,2.41445,0.12078,0.48709,0.07391,1559988224.0,0.07440000000000001,2.0
NHC,False,48.4468424120006,"graham_pe,graham_pe_times_pb,munger_roe",3574398464.0,29.077509,3.2738197,1.856,0.03585,0.12014,0.39181998,0.08447,118574000.0,0.011699999999999999,4.0
VRTS,False,48.44037207940678,"graham_size,munger_roe",1056577088.0,9.323113,1.1516974,2.965,0.47989,0.107209995,0.42056,0.09386,61521248.0,0.0572,4.0
DEI,False,48.358000000000004,"data_missing:trailing_pe,graham_current_ratio,graham_debt_to_equity,graham_earnings_stability,munger_roe",2393864192.0,,1.0654197,0.389,1.62632,-0.01937,0.63189,0.19502,386428640.0,0.062,2.0
BR,False,48.32457142857143,"data_missing:market_cap,graham_current_ratio,graham_debt_to_equity,graham_pe_times_pb",,16.271658,6.244715,0.943,1.20878,0.42314,0.31314,0.18402,1187662464.0,0.0245,4.0
FCX,False,48.31823333333333,"data_missing:market_cap,graham_pe,graham_pe_times_pb,munger_roe",,30.882353,4.385965,2.066,0.32149,0.14755,0.38275,0.33404,2159249920.0,0.01,4.0
CRS,False,48.28383086904762,"data_missing:market_cap,graham_earnings_stability,graham_pe,graham_pe_times_pb,munger_gross_margin",,53.08,12.117558,3.733,0.33822,0.24892999,0.29735002,0.2281,300724992.0,0.0015,3.0
INGR,False,48.27478288316795,munger_gross_margin,6360136704.0,9.698077,1.449742,2.76,0.4143,0.16193001,0.24493,0.11942001,357750016.0,0.0319,4.0
MTN,False,48.23663236428893,"graham_current_ratio,graham_debt_to_equity,graham_pe,graham_pe_times_pb",5477051392.0,33.12608,9.926699,0.911,3.55585,0.1685,0.43330002,0.42097,134862496.0,0.0565,4.0
LNC,False,48.2232,"graham_earnings_stability,munger_gross_margin",8769993728.0,5.0180526,0.9505503,2.193,0.65727,0.18767,0.27021,-0.04072,2871124992.0,0.0434,2.0
CNK,False,48.16252380952381,"data_missing:market_cap,graham_current_ratio,graham_debt_to_equity,graham_earnings_stability,graham_pe,graham_pe_times_pb",,27.188463,10.720352,0.618,7.67283,0.46648,0.49049,0.0423,234712496.0,0.0103,3.0
EFX,False,48.107409673107206,"graham_current_ratio,graham_debt_to_equity,graham_pe,graham_pe_times_pb,munger_roe",20651200512.0,30.892355,4.7192388,0.602,1.20956,0.14275,0.55542,0.17305,947537472.0,0.012,4.0
PBI,False,48.03647619047619,"data_missing:debt_to_equity,data_missing:return_on_equity,graham_current_ratio,graham_earnings_stability,graham_pe_times_pb",2469774336.0,17.533655,-2.824942,0.621,,,0.54061,0.23371,254778624.0,0.022400000000000003,1.0
SHO,False,47.96760923546096,"graham_pe,graham_pe_times_pb,munger_roe",2178676224.0,106.31818,1.3384069,2.662,0.4988,0.019019999,0.43502998,0.10944,172828496.0,0.030600000000000002,4.0
MTSI,False,47.90756667037494,"graham_earnings_stability,graham_pe,graham_pe_times_pb,munger_roe",19072036864.0,105.921616,13.451811,7.522,0.29203,0.13492,0.55684,0.17591,81527872.0,,0.0
NKE,False,47.907336053922464,graham_pe_times_pb,62188118016.0,19.961857,4.181953,1.961,0.74289,0.22138001,0.43245,0.12687,1889250048.0,0.0379,4.0
AMSF,False,47.88059389794398,"data_missing:debt_to_equity,graham_size,munger_gross_margin",550077952.0,11.8588705,2.1791642,2.042,,0.18225001,0.27679002,0.19858,36250000.0,0.0547,4.0
FTI,False,47.804813821428574,"data_missing:market_cap,graham_current_ratio,graham_earnings_stability,graham_pe,graham_pe_times_pb,munger_gross_margin",,26.429121,8.177831,1.127,0.38688,0.33407003,0.22584999,0.14057,1028849984.0,0.0028000000000000004,3.0
GFF,False,47.75387473926344,"graham_debt_to_equity,graham_earnings_stability,graham_pe,graham_pe_times_pb",4036722432.0,86.28432,42.973633,2.863,15.62026,0.289,0.41529,0.20253,57418624.0,0.01,3.0
GS,False,47.71399925000001,"data_missing:market_cap,data_missing:free_cash_flow,graham_debt_to_equity,graham_pe_times_pb",,15.737215,2.779826,2.567,6.47154,0.16951999,0.82075995,0.42316002,,0.0204,4.0
VNOM,False,47.680099999999996,"data_missing:trailing_pe,graham_earnings_stability,munger_roe,munger_fcf",15488314368.0,,1.6345606,6.171,0.15466,-0.01836,1.0,0.55876,-1046625024.0,0.0535,0.0
KHC,False,47.673680714285716,"data_missing:trailing_pe,graham_current_ratio,graham_earnings_stability,munger_roe",31304529920.0,,0.7468598,1.195,0.50258,-0.12576,0.33973998,0.20738001,3212250112.0,0.0579,0.0
DHI,False,47.56780827415948,"munger_roe,munger_gross_margin",40651784192.0,13.8551,1.7129455,6.011,0.29451,0.12632,0.21298,0.1299,2413900032.0,0.012199999999999999,4.0
BIIB,False,47.525614178860245,"graham_pe,graham_pe_times_pb,munger_roe",30570301440.0,36.749554,1.6636513,1.865,0.44329,0.04575,0.80094004,0.17646,1000400000.0,,4.0
ATO,False,47.5118,"graham_current_ratio,graham_pe,graham_pe_times_pb,munger_roe,munger_fcf",29233502208.0,21.56835,1.9608248,1.003,0.6458799999999999,0.096,0.60988,0.3932,-2210371840.0,0.0225,4.0
FELE,False,47.47227050416038,"graham_pe,graham_pe_times_pb,munger_roe",4575512064.0,29.75862,3.413428,2.406,0.21844999999999998,0.11767,0.35525,0.15816,151976880.0,0.0106,4.0
NSC,False,47.4642415398648,"graham_current_ratio,graham_debt_to_equity,graham_pe,graham_pe_times_pb",73956794368.0,28.094707,4.5503163,0.831,1.05519,0.16985,0.45159,0.35296002,1382249984.0,0.0161,4.0
IQV,False,47.40536852080512,"graham_current_ratio,graham_debt_to_equity,graham_pe,graham_pe_times_pb",39173156864.0,29.563974,6.3479233,0.706,2.57975,0.22818,0.32968,0.13027,2149750016.0,,4.0
POOL,False,47.37214999153173,"graham_debt_to_equity,graham_pe_times_pb,munger_gross_margin",6829601280.0,17.208906,5.367003,2.671,1.34537,0.31254998,0.29579002,0.15137,207181376.0,0.0269,4.0
CROX,False,47.36640924921803,"data_missing:trailing_pe,graham_debt_to_equity,graham_earnings_stability,munger_roe",6038285824.0,,4.2946,1.666,1.20881,-0.061079998,0.58101004,0.22155,446939616.0,,0.0
CAT,False,47.325428333333335,"data_missing:market_cap,graham_current_ratio,graham_debt_to_equity,graham_pe,graham_pe_times_pb,munger_gross_margin",,39.930912,19.831896,1.353,2.3079300000000003,0.51331,0.28601998,0.18180001,3776624896.0,0.0083,4.0
OMCL,False,47.31505192190763,"graham_size,graham_current_ratio,graham_earnings_stability,graham_pe,graham_pe_times_pb,munger_roe",1700001664.0,84.95455,1.3527794,1.495,0.16088999999999998,0.01626,0.43873,0.054390002,112564376.0,,2.0
NVR,False,47.242978571428566,"data_missing:price_to_book,data_missing:free_cash_flow,munger_gross_margin",16640570368.0,16.14638,,5.284,0.30983,0.31544,0.2184,0.13889,,,4.0
PCRX,False,47.21598571428572,"graham_size,graham_earnings_stability,graham_pe,graham_pe_times_pb,munger_roe",1046851520.0,204.65385,1.5994347,4.734,0.6288199999999999,0.00708,0.79335,0.02607,98615624.0,,1.0
WHD,False,47.210631605752475,"graham_pe,graham_pe_times_pb,munger_roe",4120678144.0,55.476635,3.334457,2.606,0.033549999999999996,0.12722,0.33971,0.1437,93789000.0,0.010700000000000001,4.0
LEG,False,47.201679866666666,"graham_size,graham_debt_to_equity,graham_earnings_stability,munger_gross_margin",1373806592.0,6.2484474,1.32073,2.333,1.5849799999999998,0.25155002,0.18452999,0.050970003,251012496.0,0.0195,1.0
VSXY,False,47.145659701544254,"graham_current_ratio,graham_debt_to_equity,graham_pe,graham_pe_times_pb",7054889984.0,35.358566,8.875,1.264,3.3739600000000003,0.32016,0.37012002,0.05192,241875008.0,,4.0
BKR,False,47.12896665231559,"graham_earnings_stability,graham_pe_times_pb,munger_gross_margin",59545554944.0,19.287783,2.9628074,2.095,0.80925,0.16463,0.23657,0.1283,4415000064.0,0.015700000000000002,3.0
APOG,False,47.02742398095238,"graham_size,munger_roe,munger_gross_margin",818454528.0,12.294671,1.6133943,1.76,0.5625399999999999,0.13756,0.23378,0.054970004,102537000.0,0.0271,4.0
COLM,False,47.024252617875234,"graham_pe,graham_pe_times_pb,munger_roe",3231075328.0,20.185303,2.0424788,3.07,0.29872,0.10285,0.50491,0.05391,124726496.0,0.0189,4.0
SBRA,False,47.01011106271279,"graham_earnings_stability,graham_pe,graham_pe_times_pb,munger_roe",5396868096.0,33.968254,1.9371775,2.623,0.95857,0.05684,0.63743997,0.31405002,187085120.0,0.054400000000000004,3.0
RBC,False,46.9094817596294,"graham_pe,graham_pe_times_pb,munger_roe",17730037760.0,61.72357,5.260021,2.178,0.29497,0.08998,0.45192,0.25521,254175008.0,,4.0
SUPN,False,46.90283336439494,"data_missing:trailing_pe,graham_earnings_stability,munger_roe",2658219008.0,,2.4786232,1.956,0.037989999999999996,-0.02754,0.74134004,-0.03582,132620496.0,,0.0
RPM,False,46.840529977163214,"graham_pe,graham_pe_times_pb",13650143232.0,20.68472,4.3457413,1.678,0.89022,0.21371001,0.41435,0.15307,480144864.0,0.0199,4.0
SMPL,False,46.82658980952381,"data_missing:trailing_pe,graham_size,munger_roe",897678208.0,,0.6329903,4.796,0.31623999999999997,-0.12197,0.33273998,0.12784,107168376.0,,4.0
ADUS,False,46.811945257233845,"graham_pe,graham_pe_times_pb,munger_roe",2187885056.0,21.627306,1.9201913,1.826,0.1243,0.09448,0.32454,0.0937,102889504.0,,4.0
EW,False,46.767242857142854,"data_missing:current_ratio,data_missing:return_on_equity,data_missing:free_cash_flow,graham_pe,graham_pe_times_pb",49524559872.0,51.19643,4.8052964,,0.06806,,0.77839,0.29839,,,4.0
AGO,False,46.76297857142857,"data_missing:market_cap,graham_current_ratio,munger_roe",,9.580756,0.67263925,0.985,0.30643,0.07896,0.93242997,0.24354,184750000.0,0.018000000000000002,4.0
VVV,False,46.720638046292265,"graham_current_ratio,graham_debt_to_equity,graham_pe,graham_pe_times_pb",5003240448.0,52.306667,14.167569,0.733,5.7454,0.31805,0.38452,0.17924,47387500.0,,4.0
CVCO,False,46.684706941302636,"graham_pe,graham_pe_times_pb,munger_gross_margin",4358377472.0,23.561249,3.9667072,2.459,0.03879,0.1758,0.22261,0.08631,138809504.0,,4.0
MWA,False,46.64201904761905,"data_missing:market_cap,graham_pe_times_pb",,18.85606,3.636231,4.569,0.42249000000000003,0.21333,0.37576,0.2206,99412496.0,0.0111,4.0
MSM,False,46.57496902863243,"graham_pe,graham_pe_times_pb",6752375808.0,29.205317,4.7570524,1.548,0.39130000000000004,0.16322,0.40823,0.10195,195171120.0,0.0288,4.0
EXTR,False,46.544194549427694,"graham_current_ratio,graham_debt_to_equity,graham_earnings_stability,graham_pe,graham_pe_times_pb",3899802624.0,248.5,50.033554,0.913,2.98536,0.21601999,0.61319,0.05472,124755504.0,,0.0
WMS,False,46.534265257169274,"graham_pe,graham_pe_times_pb",10480490496.0,25.08991,5.344956,2.416,0.98076,0.25098,0.3827,0.15496,336396736.0,0.0058,4.0
PLD,False,46.40645,"data_missing:free_cash_flow,graham_current_ratio,graham_pe,graham_pe_times_pb,munger_roe",138534731776.0,32.266666,2.5217965,0.301,0.62702,0.07749,0.75549006,0.43030998,,0.0294,4.0
ALSN,False,46.397050585864925,"graham_debt_to_equity,graham_pe_times_pb",9536808960.0,17.88336,5.0172343,1.846,2.28639,0.30437002,0.42575002,0.19488001,39125000.0,0.0101,4.0
CENTA,False,46.33067076190476,munger_roe,2388952320.0,13.883636,1.444844,3.45,0.85846,0.10752,0.32231998,0.12599,237739872.0,,4.0
CENT,False,46.33067076190476,munger_roe,2715259136.0,15.78,1.642195,3.45,0.85846,0.10752,0.32231998,0.12599,237739872.0,,4.0
AMD,False,46.274408855020766,"graham_pe,graham_pe_times_pb,munger_roe",789487878144.0,160.85382,12.242901,2.725,0.06005,0.08063,0.5306,0.14396,7173374976.0,,4.0
ENS,False,46.26011384374203,"graham_pe,graham_pe_times_pb,munger_gross_margin",6792870400.0,24.23017,3.5658514,2.664,0.6598999999999999,0.15336001,0.29318002,0.13423,383966496.0,0.006,4.0
AMG,False,46.25999828571429,"data_missing:market_cap,graham_pe_times_pb",,15.271944,3.193334,65.55,0.73417,0.21834,0.49282002,0.22096,237537504.0,0.0001,4.0
WEN,False,46.237714028571425,"data_missing:market_cap,data_missing:price_to_book,graham_debt_to_equity",,9.668832,,1.831,35.62577,1.2088,0.34101,0.113649994,131266376.0,0.0732,4.0
SWK,False,46.2322454952381,"graham_current_ratio,graham_earnings_stability,graham_pe,graham_pe_times_pb,munger_roe",14600386560.0,38.491802,1.6263204,1.432,0.5310900000000001,0.06886,0.32201,0.077010006,1468225024.0,0.0361,2.0
VSNT,False,46.21470609523809,"data_missing:free_cash_flow,munger_roe",5071996416.0,5.974167,0.50210816,2.325,0.36247999999999997,0.0892,0.56200004,0.262,,0.0406,4.0
SPXC,False,46.156071758508006,"graham_pe,graham_pe_times_pb,munger_roe",9897067520.0,37.726147,4.3299747,2.105,0.29492,0.13849,0.40612,0.16636999,179162496.0,,4.0
HD,False,46.153475523809526,"data_missing:market_cap,graham_current_ratio,graham_debt_to_equity,graham_pe,graham_pe_times_pb",,23.6059,23.867132,1.045,4.59356,1.2838,0.33126998,0.11926,10128249856.0,0.0271,4.0
CRC,False,46.10340000000001,"data_missing:trailing_pe,graham_current_ratio,munger_roe",4482366464.0,,1.5361208,0.547,0.47224,-0.14392,0.54561,-0.70838,438000000.0,0.032,4.0
TKO,False,46.07017915349825,"graham_current_ratio,graham_pe,graham_pe_times_pb,munger_roe",34888192000.0,67.60741,4.053292,1.339,0.58229,0.06736,0.59119,0.21215001,830904512.0,0.0167,4.0
CSGP,False,46.03081599769144,"graham_pe,graham_pe_times_pb,munger_roe",11721850880.0,159.47221,1.439352,2.214,0.15129,0.00894,0.78683996,0.082159996,427075008.0,,4.0
SKY,False,45.937142076450456,"graham_pe,graham_pe_times_pb,munger_roe,munger_gross_margin",4415147008.0,21.975409,2.8041978,2.478,0.09246,0.13742,0.26442,0.064050004,184704000.0,,4.0
SXI,False,45.823700774797906,"graham_pe,graham_pe_times_pb",3507754496.0,35.26675,4.6262,3.047,0.6536799999999999,0.15938,0.41326,0.17583,103331376.0,0.005,4.0
ON,False,45.77783925007291,"graham_pe,graham_pe_times_pb,munger_roe",32800561152.0,61.970585,4.523158,4.873,0.44337000000000004,0.074939996,0.42665002,0.18232,1282174976.0,,4.0
PAYO,False,45.776985714285715,"graham_current_ratio,graham_earnings_stability,graham_pe,graham_pe_times_pb,munger_roe,munger_fcf",2418089984.0,35.75,3.6647873,0.995,0.12142,0.1024,0.84913003,0.11476,-39308376.0,,3.0
OLLI,False,45.568931727007985,"graham_pe_times_pb,munger_roe",4364123136.0,17.868813,2.3163805,2.32,0.37579999999999997,0.13781,0.40708,0.10556,135756496.0,,4.0
EIX,False,45.48928657142858,"data_missing:market_cap,graham_current_ratio,graham_debt_to_equity,munger_fcf",,8.441305,1.7336758,0.74,2.26101,0.18864,0.58677,0.27492002,-1134000000.0,0.0446,4.0
SABR,False,45.38133376190477,"data_missing:trailing_pe,data_missing:debt_to_equity,data_missing:return_on_equity,graham_size,graham_current_ratio,graham_earnings_stability",743188992.0,,-0.71428573,0.925,,,0.56542,0.15246001,143043632.0,,1.0
SON,False,45.363868952380955,"graham_current_ratio,graham_debt_to_equity,munger_gross_margin",5602257408.0,8.757341,1.5710958,0.995,1.32433,0.18855,0.20794001,0.10012999,527077760.0,0.0366,4.0
UPS,False,45.353627645290395,"graham_current_ratio,graham_debt_to_equity,graham_pe_times_pb,munger_gross_margin",87554637824.0,19.145855,5.817831,1.179,1.899,0.29602,0.21219,0.04362,4976500224.0,0.06269999999999999,4.0
TNL,False,45.33676190476191,"data_missing:debt_to_equity,data_missing:return_on_equity,graham_pe,graham_pe_times_pb",4601058816.0,20.291893,-4.5152755,3.202,,,0.50611,0.19755,556374976.0,0.030899999999999997,4.0
JBSS,False,45.316452562411364,"graham_size,graham_pe_times_pb,munger_gross_margin",963104064.0,14.429071,2.4844704,2.299,0.26699,0.18265,0.18536,0.08099,42272124.0,0.0113,4.0
FCFS,False,45.29983189497396,"graham_debt_to_equity,graham_pe,graham_pe_times_pb",8701467648.0,22.798294,3.7570224,4.887,1.16419,0.17398001,0.57869,0.15508,219812256.0,0.0083,4.0
JOE,False,45.28775628177005,"graham_pe,graham_pe_times_pb,munger_roe",3661019392.0,33.04145,4.787178,4.197,0.72568,0.14867,0.43102002,0.18351,114087000.0,0.0103,4.0
UFPT,False,45.279067613357626,"graham_size,graham_pe,graham_pe_times_pb,munger_gross_margin",1969205760.0,28.988611,4.486911,2.91,0.3556,0.17166,0.28351998,0.15137,53567248.0,,4.0
BL,False,45.26740983640006,"graham_size,graham_debt_to_equity,graham_earnings_stability,graham_pe,graham_pe_times_pb,munger_roe",1791504384.0,72.71429,5.9060144,1.704,2.03638,0.0654,0.75376,0.04329,132622376.0,,3.0
CHRD,False,45.24787623554756,"data_missing:trailing_pe,graham_current_ratio,munger_roe",7629946368.0,,0.94799906,1.024,0.18657,-0.00801,0.47198,0.05789,452692640.0,0.0404,4.0
ABBV,False,45.180635742263924,"data_missing:debt_to_equity,data_missing:return_on_equity,graham_current_ratio,graham_pe,graham_pe_times_pb",456415576064.0,127.25615,-68.57712,0.796,,,0.72026,0.32156,20811624448.0,0.0263,4.0
COIN,False,45.13292001855628,"graham_earnings_stability,graham_pe,graham_pe_times_pb,munger_roe",43051941888.0,60.07695,3.1930225,2.141,0.5908100000000001,0.06686,0.85475,-0.07097,2407562752.0,,3.0
GD,False,45.11247678716358,"graham_current_ratio,graham_pe,graham_pe_times_pb,munger_gross_margin",102862168064.0,23.221308,3.9383004,1.441,0.28018,0.17803,0.15053001,0.103590004,4734000128.0,0.0167,4.0
SCSC,False,45.11067142857142,"graham_size,munger_roe,munger_gross_margin",1167339264.0,17.457447,1.3170145,1.862,0.12430999999999999,0.08113,0.13695,0.03093,107137000.0,,4.0
HAL,False,45.04319677567885,"graham_pe_times_pb,munger_roe,munger_gross_margin",26344267776.0,16.510471,2.3888342,2.018,0.7418600000000001,0.14917,0.15076,0.12793,2052249984.0,0.0218,4.0
GWRE,False,45.03364015804189,"graham_earnings_stability,graham_pe,graham_pe_times_pb,munger_roe",12682442752.0,81.89785,9.628951,2.445,0.53467,0.1193,0.64011,0.08224,283154240.0,,1.0
KGS,False,45.0012259560154,"graham_current_ratio,graham_debt_to_equity,graham_pe,graham_pe_times_pb,munger_roe",5824535040.0,75.94079,4.254072,1.277,2.42075,0.05406,0.64179003,0.33661997,151907504.0,0.0349,4.0
M,False,44.96167857142857,"graham_current_ratio,graham_debt_to_equity,munger_roe",6532547072.0,10.262396,1.3505356,1.475,1.05623,0.14363,0.40308,0.01758,748875008.0,0.030899999999999997,4.0
FLS,False,44.905324340761446,"graham_pe,graham_pe_times_pb",9653264384.0,27.768381,4.3555737,2.217,0.8290000000000001,0.17086,0.35528,0.13434,460488864.0,0.012,4.0
LKQ,False,44.85859673809524,munger_roe,5704766464.0,11.195,0.88368785,1.544,0.8067799999999999,0.08139,0.38301998,0.072069995,789750016.0,0.0455,4.0
MMSI,False,44.81715498467466,"graham_pe,graham_pe_times_pb,munger_roe",4746140160.0,34.293102,2.9175987,5.08,0.5050399999999999,0.09121,0.48692,0.115159996,178187376.0,,4.0
GEHC,False,44.78281018901099,"graham_current_ratio,graham_pe_times_pb",31053428736.0,15.841013,2.9315197,1.222,0.97055,0.19462,0.39144,0.11089,1483624960.0,0.0022,4.0
PECO,False,44.775748306426614,"graham_pe,graham_pe_times_pb,munger_roe",5978614272.0,37.14912,2.290675,1.567,0.91852,0.060170002,0.70998,0.28799,160187872.0,0.0304,4.0
JBL,False,44.762091620142925,"graham_current_ratio,graham_debt_to_equity,graham_pe,graham_pe_times_pb,munger_gross_margin",32041795584.0,38.318295,24.227873,0.981,2.9713600000000002,0.65876,0.092259996,0.05211,1211624960.0,0.0011,4.0
ADAM,False,44.76125,"data_missing:free_cash_flow,graham_size,graham_current_ratio,graham_debt_to_equity,graham_earnings_stability,munger_roe",805604800.0,7.6623936,0.8795252,0.817,7.65203,0.13015,0.75,0.44512,,0.1109,1.0
VRSK,False,44.72393699571155,"data_missing:debt_to_equity,data_missing:return_on_equity,graham_current_ratio,graham_pe,graham_pe_times_pb",26076758016.0,30.823078,-22.478403,1.005,,,0.70179003,0.45106998,1014275008.0,0.009399999999999999,4.0
NGVT,False,44.651380952380954,"data_missing:trailing_pe,graham_current_ratio,graham_debt_to_equity,graham_earnings_stability,munger_roe",2396812544.0,,61.82063,1.421,32.0,-1.1407701,0.39569,0.26744,225800000.0,,0.0
LSCC,False,44.62735338487974,"graham_pe,graham_pe_times_pb,munger_roe",17524455424.0,883.0714,22.85635,3.481,0.05391,0.027460001,0.68439,0.15606,118340376.0,,4.0
FDX,False,44.54651318224453,"graham_current_ratio,graham_debt_to_equity,graham_pe_times_pb,munger_roe,munger_gross_margin",72385560576.0,16.49407,2.3203247,1.475,1.35697,0.14846,0.27318,0.11129,5656625152.0,0.0158,4.0
GTES,False,44.425272724378466,"graham_pe,graham_pe_times_pb,munger_roe",6393332736.0,26.58421,1.9041694,3.669,0.6347200000000001,0.07683,0.40297002,0.12866001,364100000.0,,4.0
PBH,False,44.40089676190476,"data_missing:market_cap,graham_earnings_stability,munger_roe",,12.891304,1.2636316,3.568,0.55386,0.10225,0.55654,0.26806998,192759744.0,,3.0
TYL,False,44.38068270238095,"data_missing:market_cap,graham_current_ratio,graham_pe,graham_pe_times_pb,munger_roe",,42.154606,3.8218136,1.001,0.01348,0.08930001,0.46754003,0.17035,544489280.0,,4.0
KBR,False,44.31888545953074,"graham_current_ratio,graham_debt_to_equity,graham_earnings_stability,munger_gross_margin",4243660032.0,9.873157,2.6791003,1.156,1.76904,0.29149,0.14497,0.06708,250375008.0,0.0184,2.0
AXTA,False,44.317247043742256,"graham_debt_to_equity,graham_pe,graham_pe_times_pb,munger_roe",7655457280.0,20.918129,3.1618493,1.533,1.19424,0.14344,0.34039003,0.124069996,517375008.0,,4.0
MBGL,False,44.28131428571429,"data_missing:return_on_equity,data_missing:free_cash_flow,graham_earnings_stability,graham_pe",6569600000.0,51.325,0.523004,1.712,0.02176,,0.70588,0.22418,,,3.0
HUBB,False,44.22446388559784,"graham_debt_to_equity,graham_pe,graham_pe_times_pb",24819156992.0,27.846472,6.3526216,1.609,1.36951,0.24444,0.35327998,0.20598,524950016.0,0.0123,4.0
TALO,False,44.210350000000005,"data_missing:trailing_pe,graham_current_ratio,graham_earnings_stability,munger_roe",2383700736.0,,1.2714807,1.199,0.71931,-0.32194,0.6849,-0.31294,526332512.0,,0.0
KN,False,44.17011683762148,"graham_earnings_stability,graham_pe,graham_pe_times_pb,munger_roe",3076480000.0,42.880955,3.9499943,3.201,0.18881,0.094969995,0.45354,0.15228,39812500.0,,1.0
FIVE,False,44.16715876320369,"graham_pe,graham_pe_times_pb",12035033088.0,27.411839,5.2045717,2.098,0.86432,0.21127,0.36805,0.11998,427309888.0,,4.0
SBAC,False,44.160277074471196,"data_missing:debt_to_equity,data_missing:return_on_equity,graham_current_ratio,graham_pe_times_pb",19324893184.0,19.158989,-4.067009,0.196,,,0.74191004,0.52423,708085504.0,0.0268,4.0
ZBRA,False,44.140206777318,"graham_current_ratio,graham_pe,graham_pe_times_pb,munger_roe",13784628224.0,34.992744,4.0350537,0.961,0.82104,0.11781,0.48182,0.14983,559000000.0,,4.0
EFC,False,44.133500749999996,"data_missing:free_cash_flow,graham_size,graham_debt_to_equity,graham_earnings_stability,munger_roe",1709898624.0,8.283951,0.9844484,8.095,9.06074,0.12178001,1.0,0.59413,,0.1159,3.0
CNM,False,44.11665614941418,"graham_debt_to_equity,graham_pe_times_pb,munger_gross_margin",8287384064.0,18.144068,3.9432728,2.312,1.15941,0.23888001,0.2706,0.09267,437875008.0,,4.0
WSC,False,44.095266963493444,"data_missing:trailing_pe,graham_current_ratio,graham_debt_to_equity,graham_earnings_stability,munger_roe",4383690752.0,,5.035343,0.791,4.383500000000001,-0.07219,0.52406,0.1855,327489760.0,0.0116,0.0
AWR,False,44.06324285714286,"graham_current_ratio,graham_pe,graham_pe_times_pb,munger_roe,munger_fcf",3378210560.0,25.129738,3.1754715,1.219,0.87471,0.13221,0.57054,0.30917,-20589376.0,0.0229,4.0
PFE,False,44.042343307142865,"data_missing:market_cap,graham_current_ratio,munger_roe",,18.874046,1.5638835,1.247,0.71602,0.083100006,0.74801004,0.31617,12376625152.0,0.0684,4.0
OPLN,False,43.99175537724995,"data_missing:trailing_pe,graham_current_ratio,graham_debt_to_equity,graham_earnings_stability,munger_roe",4255325440.0,,3.3948948,1.158,1.49054,0.107530005,0.46472,0.18677999,211600000.0,,2.0
AVNT,False,43.98849285714286,"graham_pe,munger_roe",3315322624.0,21.017443,1.3780354,1.773,0.7959099999999999,0.06732,0.32508,0.11765,353775008.0,0.030600000000000002,4.0
SGI,False,43.97905610521533,"graham_current_ratio,graham_debt_to_equity,graham_pe,graham_pe_times_pb",14080813056.0,26.773998,4.4724708,0.776,2.07096,0.17678,0.44618,0.105579995,637750016.0,0.009899999999999999,4.0
DASH,False,43.96889026786001,"graham_current_ratio,graham_earnings_stability,graham_pe,graham_pe_times_pb,munger_roe",83771277312.0,91.118484,8.2190485,1.426,0.32194,0.09922,0.51763,0.052529998,2295624960.0,,2.0
RVTY,False,43.94025798467392,"graham_pe,graham_pe_times_pb,munger_roe",12578354176.0,54.46855,1.7522713,1.718,0.46642000000000006,0.03227,0.54316,0.12355,508969248.0,0.0025,4.0
VC,False,43.90414294406975,"graham_pe,graham_pe_times_pb,munger_roe,munger_gross_margin",2823292928.0,20.378613,1.8148669,1.775,0.25696,0.09538999,0.12808,0.07813,203124992.0,0.0141,4.0
IBP,False,43.86278612380953,"data_missing:market_cap,graham_debt_to_equity,graham_pe,graham_pe_times_pb",,24.316845,9.119671,3.345,1.76869,0.38362,0.33867002,0.088719994,317162496.0,0.0144,4.0
TAP,False,43.81352125714286,"data_missing:trailing_pe,graham_current_ratio,graham_earnings_stability,munger_roe",7727116288.0,,0.7694463,0.535,0.62567,-0.18080999,0.38622,0.124239996,774062528.0,0.0449,0.0
FLO,False,43.8094879452381,"graham_size,graham_current_ratio,graham_debt_to_equity,graham_pe,munger_roe",1533771008.0,20.671429,1.1590836,0.771,1.1100700000000001,0.053629998,0.48716,0.0828,239973744.0,0.067,4.0
DG,False,43.792098606065046,"graham_current_ratio,graham_debt_to_equity,graham_pe_times_pb",28018960384.0,17.99153,3.1683762,1.169,1.78649,0.1891,0.30827,0.05919,1882562304.0,0.0183,4.0
RNG,False,43.76971428571429,"data_missing:debt_to_equity,data_missing:return_on_equity,graham_current_ratio,graham_earnings_stability,graham_pe,graham_pe_times_pb",4547232768.0,43.379997,-7.4413333,1.106,,,0.71861,0.08796,639506496.0,0.0048,1.0
MATX,False,43.7442436357784,"graham_current_ratio,graham_pe_times_pb,munger_gross_margin",6124985344.0,15.014095,2.243493,0.824,0.25538,0.16001,0.2242,0.07746,239637504.0,0.0075,4.0
RGA,False,43.63722142857143,"graham_current_ratio,munger_roe,munger_gross_margin",15566582784.0,12.913588,1.1708791,1.123,0.45614,0.09905,0.13461,0.08315,4816500224.0,0.015700000000000002,4.0
ADT,False,43.59617696428572,"data_missing:market_cap,graham_current_ratio,graham_debt_to_equity",,10.032895,1.5995384,0.843,2.0443100000000003,0.16916999,0.80821997,0.25452998,987817280.0,0.0297,4.0
CSR,False,43.528916666666674,"graham_size,graham_current_ratio,graham_debt_to_equity,graham_earnings_stability,graham_pe,graham_pe_times_pb,munger_roe",982394112.0,117.93617,1.3401837,0.332,1.2445300000000001,0.01435,0.58889,0.06587,103208872.0,0.054400000000000004,1.0
NVST,False,43.49513312971021,"graham_earnings_stability,graham_pe,graham_pe_times_pb,munger_roe",4533599744.0,67.951225,1.4737623,2.44,0.51606,0.02214,0.55254,0.09865,216337504.0,,1.0
MUSA,False,43.45084262493024,"graham_current_ratio,graham_debt_to_equity,graham_pe,graham_pe_times_pb,munger_gross_margin",11321051136.0,21.296732,17.186922,0.83,4.12267,0.80345,0.08303001,0.04816,390312512.0,0.0039000000000000003,4.0
AIT,False,43.32949540952381,"data_missing:market_cap,graham_pe,graham_pe_times_pb",,31.709545,6.67709,2.947,0.19638999999999998,0.21899,0.30386,0.110190004,332143872.0,0.0059,4.0
AVB,False,43.23553571428571,"data_missing:free_cash_flow,graham_current_ratio,graham_pe,graham_pe_times_pb,munger_roe",26755104768.0,25.738651,2.166819,0.202,0.738,0.08487,0.62612,0.30194,,0.037000000000000005,4.0
CW,False,43.13791190476191,"data_missing:market_cap,graham_pe,graham_pe_times_pb",,51.622986,9.899762,1.523,0.43634,0.19691,0.37171,0.17557,523196256.0,0.0015,4.0
PM,False,43.105367205363656,"data_missing:price_to_book,data_missing:debt_to_equity,data_missing:return_on_equity,graham_current_ratio,graham_pe",299627839488.0,26.406593,,0.98,,,0.67481005,0.40002,9714374656.0,0.0296,4.0
VRSN,False,43.030267340711156,"data_missing:debt_to_equity,data_missing:return_on_equity,graham_current_ratio,graham_pe,graham_pe_times_pb",25928075264.0,31.107918,-11.502507,0.591,,,0.88465,0.68178004,832837504.0,0.0111,4.0
Q,False,42.92357279968147,"graham_pe,graham_pe_times_pb,munger_roe",27939454976.0,42.91479,3.8909945,2.124,0.60756,0.07481,0.46091998,0.22814,702374976.0,0.0026,4.0
LNN,False,42.85026228683234,"graham_size,graham_pe,graham_pe_times_pb,munger_roe,munger_gross_margin",1126305664.0,21.259117,2.2567236,2.935,0.27616,0.10741,0.29463,0.115159996,41360124.0,0.013500000000000002,4.0
CCI,False,42.795139387443484,"data_missing:debt_to_equity,data_missing:return_on_equity,graham_current_ratio,graham_earnings_stability,graham_pe,graham_pe_times_pb",33233850368.0,31.040817,-9.907504,0.522,,,0.73732,0.46825,1036249984.0,0.0537,1.0
PLNT,False,42.77298459710539,"data_missing:debt_to_equity,data_missing:return_on_equity,graham_pe_times_pb",4374913536.0,19.880867,-9.036757,2.071,,,0.58792996,0.32513002,161717376.0,,4.0
NHI,False,42.7574003,"data_missing:market_cap,graham_current_ratio,graham_pe,graham_pe_times_pb,munger_roe",,24.391935,2.4189832,0.6,0.9756900000000001,0.098570004,0.77983004,0.61341,207952256.0,0.047,4.0
R,False,42.75632142857143,"data_missing:price_to_book,graham_current_ratio,graham_debt_to_equity,graham_pe,munger_gross_margin",9817182208.0,20.830757,,0.646,2.9360899999999996,0.16697,0.1983,0.08455,949249984.0,0.015600000000000001,4.0
PRLB,False,42.70284597144422,"graham_size,graham_earnings_stability,graham_pe,graham_pe_times_pb,munger_roe",1781936000.0,70.65095,2.6083171,3.515,0.00384,0.03844,0.44856,0.08081,46060624.0,,3.0
THG,False,42.687021428571434,"data_missing:free_cash_flow,graham_current_ratio,munger_gross_margin",8056757248.0,11.023457,2.282486,0.36,0.22982,0.21885,0.25191,0.14755,,0.016399999999999998,4.0
CIEN,False,42.66128676034142,"graham_pe,graham_pe_times_pb",51546497024.0,120.980064,17.827768,2.727,0.54649,0.15464,0.43047002,0.15195,700927872.0,,4.0
BKNG,False,42.59815053328335,"data_missing:debt_to_equity,data_missing:return_on_equity,graham_current_ratio,graham_pe,graham_pe_times_pb",149032370176.0,25.33992,-17.19535,1.057,,,0.86987,0.25035998,7075125248.0,0.008,4.0
CENX,False,42.56052958571428,"graham_earnings_stability,graham_pe_times_pb,munger_gross_margin,munger_fcf",4434037248.0,13.333334,3.8527691,2.303,0.42499000000000003,0.32259998,0.121700004,0.13262,-85825000.0,,2.0
BFS,False,42.52400000000001,"data_missing:market_cap,graham_current_ratio,graham_debt_to_equity,graham_pe,graham_pe_times_pb,munger_roe",,32.53774,7.259525,0.341,3.3758,0.10032,0.70647,0.40498,75996128.0,0.0675,4.0
KLIC,False,42.512321803571425,"graham_earnings_stability,graham_pe,graham_pe_times_pb,munger_roe,munger_fcf",4748946944.0,87.254814,5.5372834,4.207,0.0464,0.063930005,0.49803,0.15896,-353250.0,0.009899999999999999,1.0
CNS,False,42.510007,"data_missing:current_ratio,data_missing:return_on_equity,data_missing:free_cash_flow,graham_pe,graham_pe_times_pb",4179533056.0,25.016924,7.4183393,,0.20439,,0.47300997,0.34554002,,0.032799999999999996,4.0
ROKU,False,42.46813087848677,"graham_earnings_stability,graham_pe,graham_pe_times_pb,munger_roe",21517770752.0,107.44814,8.01453,2.91,0.18761,0.07755,0.44192,0.04282,679980608.0,,1.0
AJG,False,42.41470385783128,"graham_current_ratio,graham_pe,graham_pe_times_pb,munger_roe",65795141632.0,41.435276,2.7669485,1.063,0.5618,0.07007,0.42929,0.28402,1080225024.0,0.0104,4.0
CORT,False,42.398056735174336,"graham_pe,graham_pe_times_pb,munger_roe",12849985536.0,342.0,20.137955,2.856,0.015109999999999998,0.07166,0.9825,-0.30079,115660496.0,,4.0
ATR,False,42.38233960795661,"graham_pe,graham_pe_times_pb,munger_roe",8571068416.0,22.996574,3.2636695,1.663,0.5372399999999999,0.14795999,0.36672002,0.1106,253015872.0,0.0141,4.0
KIM,False,42.33015684285715,"data_missing:market_cap,graham_current_ratio,graham_pe,graham_pe_times_pb,munger_roe",,29.298851,1.6546576,0.486,0.7878799999999999,0.058579996,0.68961,0.34428,838712128.0,0.04,4.0
WWD,False,42.31140439256427,"graham_pe,graham_pe_times_pb,munger_gross_margin",20999682048.0,39.247776,8.316698,1.732,0.46155,0.21131,0.28545,0.15406999,190543120.0,0.0031,4.0
REYN,False,42.30806165855226,"graham_pe_times_pb,munger_gross_margin",5349874688.0,15.570552,2.3609302,1.795,0.7134199999999999,0.15433,0.25145,0.14619,252250000.0,0.0358,4.0
CR,False,42.28168020238095,"data_missing:market_cap,graham_pe,graham_pe_times_pb",,37.378708,5.669137,2.804,0.50388,0.16521999,0.41744,0.19912,245675008.0,0.0049,4.0
OPCH,False,42.27135284285714,"graham_current_ratio,graham_pe_times_pb,munger_gross_margin",3469026304.0,17.545454,2.811362,1.465,0.9143899999999999,0.15999,0.19058001,0.061490003,284621760.0,,4.0
NEE,False,42.26803571428571,"data_missing:price_to_book,graham_current_ratio,graham_debt_to_equity,munger_roe,munger_fcf",182335373312.0,19.642698,,0.534,1.61676,0.11677,0.61024,0.31524,-17766875136.0,0.0282,4.0
ENOV,False,42.260585628571434,"data_missing:trailing_pe,graham_size,graham_earnings_stability,munger_roe",1713638784.0,,1.160081,2.037,0.9533799999999999,-0.55347,0.61000997,0.036429998,206902368.0,,0.0
ICUI,False,42.25298095238096,"graham_earnings_stability,graham_pe,graham_pe_times_pb,munger_roe",4249284096.0,90.917114,2.011988,2.343,0.63621,0.02261,0.37934,0.0573,387079616.0,,1.0
TRIP,False,42.20275,"graham_size,graham_current_ratio,graham_debt_to_equity,graham_pe,graham_pe_times_pb,munger_roe",1654655872.0,129.27274,2.6515012,1.249,1.99792,0.02937,0.62985003,-0.05727,181087504.0,,4.0
TDY,False,42.18336971428572,"data_missing:market_cap,graham_pe,graham_pe_times_pb,munger_roe",,30.936079,2.7648516,2.181,0.18565,0.09154,0.43339002,0.20198,912675008.0,,4.0
BLK,False,42.17208333333333,"data_missing:market_cap,data_missing:current_ratio,data_missing:return_on_equity,data_missing:free_cash_flow,graham_pe,graham_pe_times_pb",,26.332138,3.0137584,,0.23635,,0.47152,0.35079,,0.0212,4.0
MSCI,False,42.144943339439735,"data_missing:debt_to_equity,data_missing:return_on_equity,graham_current_ratio,graham_pe,graham_pe_times_pb",41802498048.0,31.420767,-15.543061,0.894,,,0.82975,0.56298,1194705920.0,0.0141,4.0
CNXN,False,42.12114421150918,"graham_pe,graham_pe_times_pb,munger_roe,munger_gross_margin",2122519680.0,24.459301,2.3316522,2.705,0.00801,0.09725001,0.18826,0.03226,104340000.0,0.0096,4.0
FUL,False,42.11572985333726,"graham_debt_to_equity,munger_roe",2952659968.0,16.289318,1.417816,1.796,1.06252,0.09388,0.32394,0.13299,219408128.0,0.0176,4.0
PCAR,False,42.10632305952381,"graham_pe,graham_pe_times_pb,munger_roe,munger_gross_margin",69464522752.0,27.787369,3.5157957,1.823,0.8016800000000001,0.12755999,0.13715,0.1165,23981574144.0,0.0105,4.0
AFG,False,42.080413343757144,"graham_pe_times_pb,munger_gross_margin",11770805248.0,13.453941,2.5162067,2.145,0.43523,0.19383,0.1929,0.14636,299875008.0,0.0245,4.0
TMO,False,42.0717935483479,"graham_pe,graham_pe_times_pb,munger_roe",211857702912.0,30.716059,4.079356,1.551,0.8057500000000001,0.13515,0.40914002,0.18751,6226625024.0,0.0033,4.0
CRM,False,42.023857142857146,"data_missing:market_cap,graham_current_ratio,graham_debt_to_equity,graham_pe,graham_pe_times_pb",,20.771147,4.288295,0.786,1.24282,0.16908,0.77643996,0.218,16552999936.0,0.0097,4.0
OTTR,False,42.020961904761904,munger_fcf,3769547264.0,13.481232,1.9744251,2.039,0.6348199999999999,0.1547,0.43078,0.2469,-73573752.0,0.024300000000000002,4.0
ELAN,False,41.97611397439612,"data_missing:trailing_pe,graham_earnings_stability,munger_roe",13045622784.0,,2.006761,2.156,0.66154,-0.03766,0.55057997,0.12327,692124992.0,,0.0
ES,False,41.95752954300291,"graham_current_ratio,graham_debt_to_equity,graham_earnings_stability,munger_roe",27788027904.0,15.82197,1.6805087,0.651,1.81822,0.10912,0.5349,0.24872999,587291392.0,0.0421,2.0
MCD,False,41.93756786964843,"data_missing:debt_to_equity,data_missing:return_on_equity,graham_current_ratio,graham_pe,graham_pe_times_pb",190259249152.0,22.05766,-147.94475,1.136,,,0.57348996,0.44252998,5952249856.0,0.0274,4.0
AZZ,False,41.920037183876055,"graham_earnings_stability,graham_pe,graham_pe_times_pb,munger_gross_margin",4331923456.0,22.007631,3.1444962,1.923,0.39448,0.15314999,0.23807,0.17175,104912376.0,0.0068000000000000005,3.0
FICO,False,41.90748783466248,"data_missing:debt_to_equity,data_missing:return_on_equity,graham_pe,graham_pe_times_pb",26440183808.0,32.951157,-12.637138,2.223,,,0.84165,0.58187,730540992.0,,4.0
AWK,False,41.901178571428574,"data_missing:market_cap,graham_current_ratio,graham_debt_to_equity,graham_pe,graham_pe_times_pb,munger_roe,munger_fcf",,23.719238,2.4214866,0.37,1.4233000000000002,0.10217,0.60826,0.33223,-1896625024.0,0.0259,4.0
BCO,False,41.89357142857143,"data_missing:market_cap,graham_debt_to_equity,graham_pe,graham_pe_times_pb,munger_gross_margin",,28.337616,19.072968,1.531,11.36225,0.53040004,0.26097,0.07454,436987488.0,0.0084,4.0
WINA,False,41.893557182344374,"data_missing:debt_to_equity,data_missing:return_on_equity,graham_size,graham_pe,graham_pe_times_pb",1195114624.0,30.190563,-25.758749,3.75,,,0.96664,0.62101,32954364.0,0.012199999999999999,4.0
SAFT,False,41.840000133333334,"graham_size,graham_current_ratio,graham_pe,graham_pe_times_pb,munger_roe,munger_gross_margin",1516358144.0,24.413712,1.7719629,0.366,0.07139999999999999,0.07388,0.071100004,-0.05479,167937632.0,0.035699999999999996,4.0
EZPW,False,41.8362512930902,"graham_size,munger_roe",1763313408.0,15.489189,1.575836,4.712,0.70077,0.14757,0.58591,0.15180999,1718000.0,,4.0
ALB,False,41.80439534852357,"data_missing:trailing_pe,graham_earnings_stability,munger_roe,munger_gross_margin",13802481664.0,,1.8117715,2.068,0.19845,-0.0182,0.18531,0.24786,716711744.0,0.0144,0.0
ARES,False,41.80424193605372,"graham_current_ratio,graham_debt_to_equity,graham_pe,graham_pe_times_pb,munger_roe",40874594304.0,57.105988,10.890237,0.488,1.68762,0.14182,0.37561,0.18434,1757137152.0,0.0433,4.0
ASH,False,41.77385671428572,"graham_earnings_stability,graham_pe,graham_pe_times_pb,munger_roe",3294888192.0,46.128204,1.7385422,3.047,0.7893000000000001,0.0399,0.34962,0.09255999,297750016.0,0.0229,0.0
EQIX,False,41.75085689477266,"graham_current_ratio,graham_debt_to_equity,graham_pe,graham_pe_times_pb,munger_roe",103665917952.0,67.7268,7.2503037,1.178,1.6296100000000002,0.10059,0.51606,0.24343,2725125120.0,0.019,4.0
SM,False,41.742999850000004,"graham_current_ratio,graham_debt_to_equity,munger_roe",7508929536.0,13.21519,1.0930792,0.39,1.24607,0.023239998,0.87697,-0.04721,1447947008.0,0.0277,4.0
CXT,False,41.70194950941467,"graham_current_ratio,graham_debt_to_equity,graham_pe,graham_pe_times_pb,munger_roe",2959979264.0,23.067265,2.3885586,1.33,1.20992,0.1101,0.41974998,0.12045,169200000.0,0.0138,4.0
CI,False,41.67837958095239,"graham_current_ratio,munger_gross_margin",76687941632.0,12.283897,1.8172814,0.818,0.7280500000000001,0.16268998,0.09149,0.054780003,6923375104.0,0.021,4.0
AKAM,False,41.654823031902176,"graham_debt_to_equity,graham_pe,graham_pe_times_pb,munger_roe",16215567360.0,37.680744,3.3070924,2.057,1.19534,0.091680005,0.58284,0.10611,700723392.0,,4.0
KMI,False,41.649829244193356,"graham_current_ratio,graham_pe,graham_pe_times_pb,munger_roe",69888188416.0,20.248388,2.2075684,0.458,0.98619,0.109910004,0.49407002,0.30065,1075000064.0,0.037000000000000005,4.0
NNN,False,41.6375,"graham_current_ratio,graham_debt_to_equity,graham_pe,graham_pe_times_pb,munger_roe,munger_fcf",9114789888.0,23.370731,2.0737567,0.157,1.1044,0.0885,0.9596,0.60551,-1393406976.0,0.0508,4.0
NXRT,False,41.63035450703876,"data_missing:trailing_pe,graham_size,graham_debt_to_equity,graham_earnings_stability,munger_roe",1361314688.0,,2.4712267,2.922,5.649220000000001,-0.09661,0.60191,0.10743,92712128.0,0.0785,0.0
GNRC,False,41.60012196089166,"graham_pe,graham_pe_times_pb,munger_roe",11359470592.0,44.25632,4.2289615,2.045,0.5220199999999999,0.09491,0.39539,0.17932,292954496.0,,4.0
JBHT,False,41.500445302340495,"graham_current_ratio,graham_pe,graham_pe_times_pb,munger_gross_margin",24888397824.0,37.643467,6.8054237,1.255,0.38372999999999996,0.18448,0.18505,0.07423,903028352.0,0.006500000000000001,4.0
PARR,False,41.470055251582245,"graham_earnings_stability,munger_gross_margin",4314163200.0,9.743488,2.7962494,1.624,0.8747499999999999,0.33316,0.19015,0.03266,118488624.0,,1.0
STAA,False,41.42297857142857,"data_missing:trailing_pe,graham_size,graham_earnings_stability,munger_roe,munger_fcf",1184966144.0,,3.3625317,5.122,0.10583000000000001,-0.05989,0.76892,0.18691,-17512250.0,,0.0
PTON,False,41.395380952380954,"data_missing:debt_to_equity,data_missing:return_on_equity,graham_earnings_stability,graham_pe,graham_pe_times_pb",2779808256.0,107.0,-11.484794,2.489,,,0.51959,0.0951,397962496.0,,0.0
CVX,False,41.389391337744954,"graham_current_ratio,graham_pe,graham_pe_times_pb,munger_roe",380614246400.0,33.294426,2.0570254,1.094,0.23989000000000002,0.06638,0.42421,0.07312,11776499712.0,0.0371,4.0
CVNA,False,41.34149139393552,"graham_debt_to_equity,graham_earnings_stability,graham_pe,graham_pe_times_pb,munger_gross_margin",64731295744.0,31.225609,11.342764,4.087,1.21351,0.60172004,0.20131001,0.09033,196750000.0,,3.0
LAZ,False,41.31832142857142,"data_missing:free_cash_flow,graham_debt_to_equity,graham_earnings_stability,graham_pe_times_pb",3945774080.0,19.945814,4.488416,5.305,2.25799,0.25665,0.89509004,0.04829,,0.0492,2.0
CDP,False,41.303940476190476,"data_missing:free_cash_flow,graham_debt_to_equity,graham_earnings_stability,graham_pe,graham_pe_times_pb,munger_roe",4370752512.0,26.28125,2.7958777,2.439,1.6415,0.10825,0.58198,0.32167,,0.032799999999999996,2.0
FOUR,False,41.298391815476194,"graham_current_ratio,graham_debt_to_equity,graham_pe,graham_pe_times_pb,munger_roe",5301965312.0,61.477013,6.547313,1.222,2.57416,0.099429995,0.35099998,0.04996,488449984.0,,4.0
PHIN,False,41.28387419312144,"graham_pe_times_pb,munger_roe,munger_gross_margin",2563118592.0,19.393559,1.6546772,1.825,0.6707599999999999,0.09137999,0.21823,0.08656,189750000.0,0.0146,4.0
REX,False,41.28186925461912,"graham_size,graham_pe_times_pb,munger_gross_margin",1423074176.0,15.430358,2.2615683,6.76,0.027000000000000003,0.15793,0.16525,0.117910005,24365876.0,,4.0
FORM,False,41.25268833333334,"graham_pe,graham_pe_times_pb,munger_roe,munger_fcf",8203959808.0,120.965515,7.8920135,4.548,0.03012,0.06751,0.42200002,0.17673999,-566875.0,,4.0
RBA,False,41.23206797307739,"graham_current_ratio,graham_pe,graham_pe_times_pb,munger_roe",20543299584.0,51.28837,3.656167,1.138,0.7277800000000001,0.07576,0.4642,0.17973,681275008.0,0.0115,4.0
PFG,False,41.22788095238096,"data_missing:free_cash_flow,graham_pe_times_pb,munger_roe",24380706816.0,16.183762,2.0812647,1.824,0.33675,0.12949,0.47345,0.135,,0.0297,4.0
EQR,False,41.16472087142857,"data_missing:market_cap,data_missing:free_cash_flow,graham_current_ratio,graham_pe,graham_pe_times_pb,munger_roe",,29.27511,2.3941147,0.083,0.78679,0.080240004,0.62336,0.27879998,,0.0408,4.0
TWLO,False,41.116839084669515,"graham_earnings_stability,graham_pe,graham_pe_times_pb,munger_roe",28686776320.0,286.37875,3.693405,4.656,0.13722,0.01317,0.48719,0.07653,879865344.0,,1.0
O,False,41.103199999999994,"data_missing:market_cap,graham_pe,graham_pe_times_pb,munger_roe",,52.331966,1.5207709,2.062,0.7346699999999999,0.02831,0.92597,0.45526,1797902592.0,0.0496,4.0
KOP,False,41.03017735952381,"graham_size,graham_debt_to_equity,munger_roe,munger_gross_margin",940628608.0,12.9734745,1.7115761,2.714,1.8647900000000002,0.14696999,0.22820999,0.056009997,130575000.0,0.0073,4.0
NCLH,False,41.005181166666674,"graham_current_ratio,graham_debt_to_equity,graham_earnings_stability,graham_pe_times_pb,munger_fcf",8748344320.0,15.366936,3.5979986,0.21,6.614439999999999,0.29533002,0.43047002,0.10515001,-1500744960.0,,3.0
VMC,False,41.003672838176115,"graham_pe,graham_pe_times_pb,munger_roe,munger_gross_margin",35495096320.0,32.220848,4.190744,1.757,0.57554,0.13234,0.27506,0.21653,889187520.0,0.0073,4.0
VLO,False,41.002728461548784,"graham_pe,graham_pe_times_pb,munger_gross_margin",91577032704.0,22.54459,3.8365178,1.576,0.42664,0.1585,0.14563,0.060510002,4786625024.0,0.0159,4.0
CHRW,False,40.940335909478456,"graham_pe,graham_pe_times_pb,munger_gross_margin",17212999680.0,29.620691,10.124801,1.586,0.96501,0.34838,0.08574,0.049060002,642142272.0,0.0149,4.0
PANW,False,40.91358712456524,"graham_current_ratio,graham_earnings_stability,graham_pe,graham_pe_times_pb,munger_roe",259748642816.0,274.75,9.365008,0.856,0.07698,0.048309997,0.71963996,-0.02465,3579375104.0,,3.0
WWW,False,40.88753571428572,"data_missing:market_cap,data_missing:price_to_book,graham_debt_to_equity,graham_earnings_stability",,16.47934,,1.533,1.81316,0.29239,0.47322,0.0743,97575000.0,0.0195,2.0
NOC,False,40.85940511878346,"graham_current_ratio,graham_pe_times_pb,munger_gross_margin",74789076992.0,16.73395,4.36888,1.168,0.95348,0.26958,0.2006,0.11604,2478000128.0,0.0176,4.0
GATX,False,40.85878616428571,"graham_debt_to_equity,graham_pe_times_pb,munger_roe,munger_fcf",6301385216.0,19.043993,2.2682428,3.132,3.45676,0.107580006,0.74055,0.29844,-5025362432.0,0.014499999999999999,4.0
FSS,False,40.84371190476191,"data_missing:market_cap,graham_pe,graham_pe_times_pb,munger_gross_margin",,27.78409,5.198588,2.845,0.40627,0.20532,0.29023,0.16017,142450000.0,0.0054,4.0
WPC,False,40.83500045,"data_missing:free_cash_flow,graham_debt_to_equity,graham_pe,graham_pe_times_pb,munger_roe",16661822464.0,25.047945,1.9522741,3.303,1.03406,0.077800006,0.94371,0.59301996,,0.050300000000000004,4.0
BFAM,False,40.82066839956349,"graham_current_ratio,graham_debt_to_equity,graham_pe,graham_pe_times_pb,munger_gross_margin",4114105088.0,23.555723,3.609073,0.463,1.63522,0.1532,0.25246,0.09119,279877504.0,,4.0
TLN,False,40.770951952380955,"data_missing:trailing_pe,graham_current_ratio,graham_debt_to_equity,graham_earnings_stability,munger_roe",16021602304.0,,14.181791,1.247,6.35415,-0.01864,0.40142,0.17243999,1386875008.0,,0.0
ACLS,False,40.75695322548365,"graham_pe,graham_pe_times_pb,munger_roe",3814537472.0,38.54503,3.6514075,4.589,0.06749,0.097370006,0.43605998,0.03996,49110624.0,,4.0
POST,False,40.66142710561247,"graham_debt_to_equity,munger_roe,munger_gross_margin",4237661696.0,15.68792,1.3266363,1.854,2.38094,0.09616,0.2905,0.1189,316475008.0,,4.0
ESE,False,40.51604285714285,"data_missing:market_cap,graham_current_ratio,graham_pe,graham_pe_times_pb,munger_roe",,63.88406,5.0421596,1.453,0.13414,0.09212,0.4188,0.15538,320489376.0,0.0011,4.0
LITE,False,40.51174843404136,"graham_current_ratio,graham_debt_to_equity,graham_earnings_stability,graham_pe,graham_pe_times_pb",52711837696.0,119.704956,16.337835,1.137,1.11445,0.22834998,0.40837002,0.21771,93350000.0,,1.0
FBIN,False,40.45651468531876,"graham_debt_to_equity,graham_pe,graham_pe_times_pb,munger_roe",5808992768.0,21.642221,2.464696,2.132,1.25712,0.11653,0.44912,0.06546,323924992.0,0.0212,4.0
JBTM,False,40.43599693729241,"graham_current_ratio,graham_earnings_stability,graham_pe,graham_pe_times_pb,munger_roe",7293659136.0,43.10154,1.6263977,1.011,0.41111,0.03918,0.35404998,0.09295,375737504.0,0.0027,0.0
G,False,40.40040952380952,"data_missing:market_cap,data_missing:price_to_book",,10.882577,,1.686,0.71021,0.23117,0.36305,0.15433,712050880.0,0.0204,4.0
VCEL,False,40.38323014246827,"graham_earnings_stability,graham_pe,graham_pe_times_pb,munger_roe",2382588160.0,108.49999,6.680269,5.176,0.2668,0.06586,0.74837995,-0.11785,42369376.0,,2.0
TDG,False,40.379664546131735,"data_missing:debt_to_equity,data_missing:return_on_equity,graham_pe,graham_pe_times_pb",69645983744.0,38.92326,-7.4127846,3.516,,,0.59718,0.46659002,1524875008.0,,4.0
BIO,False,40.34708403474822,"graham_earnings_stability,graham_pe,graham_pe_times_pb,munger_roe",8588064768.0,53.30731,1.2566276,3.208,0.20116,0.02495,0.5201,0.057589997,229762496.0,,1.0
KD,False,40.34486796428571,"graham_current_ratio,graham_debt_to_equity,graham_earnings_stability,graham_pe_times_pb,munger_gross_margin",2976982528.0,15.882353,2.5587566,0.876,3.83591,0.15090999,0.21792999,0.04112,2797499904.0,,2.0
COTY,False,40.3285,"data_missing:trailing_pe,graham_current_ratio,graham_earnings_stability,munger_roe",2342040832.0,,0.7571876,0.821,0.9781,-0.13938,0.63197,-0.00624,402875008.0,,0.0
EXR,False,40.21475,"data_missing:free_cash_flow,graham_current_ratio,graham_debt_to_equity,graham_pe,graham_pe_times_pb,munger_roe",32492347392.0,33.00897,2.3141613,0.507,1.01671,0.06953,0.74915004,0.45843,,0.0424,4.0
WAB,False,40.171418557257184,"graham_current_ratio,graham_pe,graham_pe_times_pb,munger_roe",48954589184.0,38.954975,4.370363,1.121,0.61686,0.11553001,0.35735,0.19188,1101374976.0,0.0043,4.0
DGX,False,40.158139274943935,"graham_pe,graham_pe_times_pb,munger_roe",25933326336.0,24.969183,3.4387577,1.591,0.81074,0.14602,0.33192003,0.15248,909625024.0,0.0146,4.0
DBD,False,40.14481658095238,"graham_current_ratio,graham_earnings_stability,graham_pe,graham_pe_times_pb,munger_roe,munger_gross_margin",2591761920.0,24.783113,2.6565273,1.267,0.96559,0.10944,0.26333,0.061669998,377487488.0,,1.0
CURB,False,40.046814323214285,"data_missing:free_cash_flow,graham_pe,graham_pe_times_pb,munger_roe",3504633344.0,112.83333,1.5539404,9.721,0.28476,0.0146200005,0.75179,0.19184,,0.022099999999999998,4.0
CDW,False,40.02780935238095,"data_missing:market_cap,graham_current_ratio,graham_debt_to_equity,graham_pe_times_pb,munger_gross_margin",,17.560291,7.2214985,1.165,2.40522,0.44157,0.21572,0.066199996,884099968.0,0.017,4.0
CMI,False,39.91631901858509,"graham_pe,graham_pe_times_pb,munger_gross_margin",86802718720.0,32.644264,7.0279975,1.709,0.61621,0.21993999,0.25847998,0.09764,1688625024.0,0.014499999999999999,4.0
GNW,False,39.81341894047618,"munger_roe,munger_gross_margin",3803281920.0,19.096155,0.43392763,10.664,0.23433,0.034730002,0.07186,0.077659994,1003500032.0,,4.0
KMT,False,39.80809023412555,"graham_pe_times_pb,munger_roe",2557611264.0,18.853933,1.8878326,2.384,0.47167000000000003,0.10762999,0.32077998,0.1355,74795624.0,0.023799999999999998,4.0
HLT,False,39.79187687654028,"data_missing:debt_to_equity,data_missing:return_on_equity,graham_current_ratio,graham_pe,graham_pe_times_pb",72720719872.0,49.25457,-13.818748,0.649,,,0.79036003,0.62987,1393874944.0,0.0019,4.0
DIOD,False,39.770689572167925,"graham_pe,graham_pe_times_pb,munger_roe",3789062400.0,44.578377,2.0052035,3.167,0.05376,0.04607,0.31280002,0.049099997,145361872.0,,4.0
WTRG,False,39.764500000000005,"graham_current_ratio,graham_debt_to_equity,graham_pe,graham_pe_times_pb,munger_roe,munger_fcf",11441755136.0,20.581633,1.6582398,0.951,1.22667,0.08342,0.55524,0.36077,-649184640.0,0.0337,4.0
TR,False,39.763268138095235,"data_missing:market_cap,graham_pe,graham_pe_times_pb,munger_roe",,30.590551,3.0721176,3.568,0.01431,0.108950004,0.34976003,0.120120004,63688248.0,0.0091,4.0
ACMR,False,39.723942428571426,"graham_pe,graham_pe_times_pb,munger_roe,munger_fcf",5252321280.0,58.01527,3.1819134,3.513,0.16178,0.07602,0.44235,0.15642999,-142420128.0,,4.0
RRX,False,39.69361438840501,"graham_earnings_stability,graham_pe,graham_pe_times_pb,munger_roe",13313914880.0,46.511627,1.9572153,2.174,0.7134199999999999,0.04343,0.37568,0.112770006,787225024.0,0.0075,2.0
NOVT,False,39.691219919446894,"graham_pe,graham_pe_times_pb,munger_roe",4962891776.0,100.255394,3.7852778,3.564,0.22222,0.05163,0.44232,0.116969995,87253000.0,,4.0
BA,False,39.65672251176875,"graham_current_ratio,graham_debt_to_equity,graham_earnings_stability,graham_pe,graham_pe_times_pb,munger_gross_margin",173944635392.0,79.16547,28.52255,1.138,7.90875,1.73537,0.0471,4.0000003e-05,5625375232.0,,1.0
GAP,False,39.63857142857143,"data_missing:market_cap,graham_debt_to_equity,graham_earnings_stability",,8.0079365,1.9930865,1.806,1.5436400000000001,0.2758,0.405,0.12725,928499968.0,0.0345,3.0
AMH,False,39.582478571428574,"data_missing:market_cap,graham_pe,graham_pe_times_pb,munger_roe",,27.05691,1.7476238,1.962,0.67703,0.0691,0.56445,0.25061,740585728.0,0.0392,4.0
UNH,False,39.54534110633997,"graham_current_ratio,graham_pe,graham_pe_times_pb,munger_roe,munger_gross_margin",385743421440.0,31.960875,3.6821346,0.777,0.69211,0.14152999,0.19514,0.071329996,22759749632.0,0.022099999999999998,4.0
HWKN,False,39.526003018893896,"graham_pe,graham_pe_times_pb,munger_gross_margin",2691907840.0,32.930943,6.0888066,2.208,0.42302999999999996,0.16403,0.22613001,0.09476,75054624.0,0.0053,4.0
NVT,False,39.50899427756055,"graham_pe,graham_pe_times_pb,munger_roe",23103383552.0,48.591835,6.085364,1.695,0.4471,0.13002,0.3701,0.15998,209875008.0,0.0063,4.0
WBD,False,39.48349004761905,"data_missing:trailing_pe,graham_current_ratio,graham_earnings_stability,munger_roe",64120025088.0,,1.9680647,0.729,0.9631799999999999,-0.049590003,0.45748,0.08590999,18466875392.0,,1.0
GHC,False,39.472551488156135,munger_roe,5307188736.0,18.222418,1.1213746,1.793,0.28415,0.06717,0.30153,0.09066,207205872.0,0.0060999999999999995,4.0
MDLZ,False,39.429974294260504,"graham_current_ratio,graham_pe,graham_pe_times_pb,munger_roe",80209584128.0,38.32012,3.1328516,0.599,0.82643,0.13340001,0.31146,0.21978001,2252375040.0,0.0308,4.0
EPC,False,39.42059395238095,"data_missing:trailing_pe,graham_size,munger_roe",1268158208.0,,0.8756523,1.808,0.88357,-0.00709,0.41019002,0.09336001,235175008.0,0.0213,4.0
MSEX,False,39.41535401190476,"graham_size,graham_current_ratio,graham_pe,graham_pe_times_pb,munger_roe,munger_fcf",1042496704.0,23.322916,2.0753772,0.391,0.8519199999999999,0.09222999,0.53194,0.29273,-30407376.0,0.024900000000000002,4.0
KAI,False,39.40782714285714,"data_missing:market_cap,graham_pe,graham_pe_times_pb,munger_roe",,35.010273,3.6375172,2.474,0.36113999999999996,0.11102,0.45224997,0.14987999,101851624.0,0.0046,4.0
CXM,False,39.40745,"data_missing:market_cap,graham_current_ratio,graham_earnings_stability,graham_pe,graham_pe_times_pb,munger_roe",,51.541668,2.9621646,1.434,0.08972,0.05079,0.66342,0.04536,130164128.0,,3.0
DORM,False,39.38628271556862,"graham_pe,graham_pe_times_pb,munger_roe",4038360064.0,21.796774,2.767051,3.292,0.37378999999999996,0.13569,0.40912,0.13520001,6215250.0,,4.0
FANG,False,39.26219710459649,"graham_current_ratio,graham_pe,graham_pe_times_pb,munger_roe",55320260608.0,1638.75,1.5167408,0.561,0.32594,0.0047400002,0.72246003,0.0579,1397250048.0,0.022099999999999998,4.0
CRGY,False,39.22933333333333,"data_missing:trailing_pe,graham_current_ratio,graham_debt_to_equity,graham_earnings_stability,munger_roe",3616255232.0,,0.77226883,0.572,1.11911,-0.056560002,0.57688,-0.31179002,628797760.0,0.0434,1.0
TXRH,False,39.22519184334214,"graham_current_ratio,graham_pe,graham_pe_times_pb,munger_gross_margin",13596828672.0,32.93949,8.976351,0.459,0.6853100000000001,0.28922,0.16424999,0.08961,190242128.0,0.0143,4.0
PR,False,39.16935676785714,"graham_current_ratio,graham_pe,graham_pe_times_pb,munger_roe,munger_fcf",17829490688.0,23.25281,1.5293379,0.655,0.32695,0.068569995,0.73329,0.09172,-130821376.0,0.029900000000000003,4.0
GLW,False,39.164147891880155,"graham_pe,graham_pe_times_pb",114615508992.0,61.442394,9.617687,1.813,0.64173,0.16813,0.36707002,0.16382,882000000.0,0.009000000000000001,4.0
GOLF,False,39.125727047619044,"data_missing:market_cap,graham_debt_to_equity,graham_pe,graham_pe_times_pb,munger_fcf",,35.73509,7.2266374,2.866,1.53756,0.21019,0.47515,0.17554002,-22558876.0,0.009899999999999999,4.0
UGI,False,39.12179847619047,"data_missing:market_cap,graham_current_ratio,graham_debt_to_equity,graham_earnings_stability,munger_roe",,12.721831,1.4294193,1.002,1.29716,0.12269,0.50686,0.30391002,46875000.0,0.0408,2.0
BBWI,False,39.10628571428572,"data_missing:debt_to_equity,data_missing:return_on_equity,graham_current_ratio,graham_pe_times_pb",3996970752.0,5.6335225,-3.5178285,1.379,,,0.4323,0.10958,729000000.0,0.0406,4.0
JJSF,False,39.057825190087016,"graham_size,graham_pe,graham_pe_times_pb,munger_roe",1438199552.0,25.7349,1.634136,2.089,0.21877,0.06412,0.30305,0.019019999,66810500.0,0.0404,4.0
CNR,False,39.02959049761905,"data_missing:trailing_pe,graham_earnings_stability,munger_roe,munger_gross_margin",4029080064.0,,1.1053184,1.701,0.12444000000000001,-0.01666,0.16021,0.0129700005,368524384.0,0.0051,0.0
PAHC,False,38.99435607142857,"graham_size,graham_debt_to_equity,graham_pe_times_pb,munger_fcf",1469254016.0,15.545066,4.0605383,3.172,2.17971,0.30337998,0.32574,0.12560001,-17678250.0,0.013000000000000001,4.0
ECL,False,38.99385671428571,"data_missing:free_cash_flow,graham_debt_to_equity,graham_pe,graham_pe_times_pb",77809025024.0,37.06032,7.717667,1.841,1.3637799999999998,0.21956,0.4416,0.18215999,,0.0103,4.0
UDR,False,38.95196385714286,"data_missing:free_cash_flow,graham_current_ratio,graham_debt_to_equity,graham_pe,graham_pe_times_pb,munger_roe",14084744192.0,24.265821,3.8782117,0.176,1.5614400000000002,0.13739,0.66581,0.20177999,,0.0436,4.0
VAC,False,38.950982701476164,"data_missing:trailing_pe,graham_debt_to_equity,graham_earnings_stability,munger_roe",3399276544.0,,1.7060812,4.293,2.83484,-0.15451,0.52699,0.14267999,207624992.0,0.031200000000000002,0.0
LW,False,38.92834253356989,"graham_current_ratio,graham_debt_to_equity,graham_pe,graham_pe_times_pb,munger_gross_margin",7241124352.0,25.322115,3.9673092,1.423,2.21223,0.16280001,0.20678,0.097729996,452924992.0,0.0282,4.0
JLL,False,38.88913653221231,"graham_current_ratio,graham_pe_times_pb,munger_roe",16655525888.0,19.301344,2.2750058,1.124,0.53531,0.124280006,0.51085997,0.03287,277175008.0,,4.0
UNIT,False,38.88673034054781,"data_missing:return_on_equity,graham_debt_to_equity,graham_earnings_stability",2259399680.0,2.0910113,7.0653,1.541,34.760709999999996,,0.61863,0.13944,116682000.0,,2.0
AEIS,False,38.868638756815855,"graham_pe,graham_pe_times_pb,munger_roe",10871896064.0,56.37448,7.458416,1.588,0.49343000000000004,0.14663,0.39004,0.14325,49237500.0,0.0016,4.0
ENPH,False,38.81270024177249,"graham_pe,graham_pe_times_pb,munger_roe",4738706944.0,35.50495,4.009392,3.451,0.5189900000000001,0.12996,0.30037,0.17981,78322752.0,,4.0
SWX,False,38.80456666666666,"graham_current_ratio,graham_earnings_stability,graham_pe,graham_pe_times_pb,munger_roe,munger_fcf",6572361728.0,27.51818,1.602322,1.449,0.8554900000000001,0.06079,0.51233,0.37862998,-294657376.0,0.0281,3.0
THRM,False,38.672058460365164,"graham_size,graham_pe,graham_pe_times_pb,munger_roe,munger_gross_margin",1273139840.0,48.273254,1.7769549,2.064,0.44955,0.03735,0.24033001,0.07101,84331624.0,,4.0
NI,False,38.63004799404762,"graham_current_ratio,graham_debt_to_equity,graham_pe,graham_pe_times_pb,munger_roe,munger_fcf",21387784192.0,22.19403,2.2141154,0.646,1.4090799999999999,0.091120005,0.50698,0.34759,-1562412544.0,0.0268,4.0
BOOT,False,38.60594625734152,"graham_pe,graham_pe_times_pb",4582361088.0,20.554422,3.481071,2.646,0.5865699999999999,0.18441,0.38084,0.10621,24327250.0,,4.0
BBY,False,38.56542857142857,"data_missing:market_cap,graham_current_ratio,graham_debt_to_equity,graham_pe_times_pb,munger_gross_margin",,16.351852,6.0347185,1.121,1.3409,0.39104,0.22518,0.0404,1143750016.0,0.0426,4.0
EXP,False,38.56502338095238,"data_missing:free_cash_flow,graham_debt_to_equity,graham_pe_times_pb,munger_gross_margin",6269001728.0,15.418694,4.296301,3.231,1.18479,0.2703,0.2702,0.21666999,,0.0048,4.0
SJM,False,38.54665957757441,"data_missing:trailing_pe,graham_current_ratio,graham_debt_to_equity,graham_earnings_stability,munger_roe",13083799552.0,,2.355267,0.777,1.2860900000000002,-0.02386,0.34257,0.18456,1005774976.0,0.0355,0.0
SAFE,False,38.53475,"graham_size,graham_debt_to_equity,graham_earnings_stability,munger_roe,munger_fcf",1139300736.0,10.069493,0.47055098,39.047,1.91041,0.04713,0.95893997,0.72328,-303372640.0,0.0433,2.0
BSX,False,38.475071,"data_missing:current_ratio,data_missing:return_on_equity,data_missing:free_cash_flow,graham_pe_times_pb",67146096640.0,18.289473,2.7645187,,0.4225,,0.69723,0.22895999,,,4.0
AA,False,38.453121011904756,"data_missing:market_cap,graham_earnings_stability,munger_gross_margin",,9.212059,1.5865798,1.535,0.29918,0.18226999,0.19665001,0.18003,952625024.0,0.009300000000000001,2.0
AKR,False,38.39430693928571,"data_missing:free_cash_flow,graham_current_ratio,graham_earnings_stability,graham_pe,graham_pe_times_pb,munger_roe",3246812160.0,63.628574,1.3111569,1.109,0.61952,0.057150003,0.6925,0.19601999,,0.0354,3.0
SKYW,False,38.33053666677977,graham_current_ratio,4309089280.0,10.7894745,1.5318567,0.569,0.8633299999999999,0.15341,0.30895,0.14130999,145134624.0,,4.0
LFUS,False,38.32066544420212,"data_missing:trailing_pe,graham_earnings_stability,munger_roe",11209560064.0,,4.554244,2.61,0.28318,-0.016139999,0.38568002,0.17296,327309888.0,0.0077,0.0
STC,False,38.27728608928571,"data_missing:free_cash_flow,munger_roe",2087956480.0,15.004375,1.2552172,1.983,0.46090000000000003,0.096140005,0.6185,0.06954,,0.029900000000000003,4.0
FN,False,38.212890304761906,"data_missing:market_cap,graham_pe,graham_pe_times_pb,munger_gross_margin,munger_fcf",,37.460087,6.7844543,2.549,0.00192,0.1999,0.12037,0.098859996,-79178376.0,,4.0
URBN,False,38.16961253687778,"graham_current_ratio,graham_pe_times_pb",6426056704.0,14.43077,2.4605699,1.476,0.46143,0.18732001,0.36061,0.08964,4627125.0,,4.0
MKSI,False,38.129943114837495,"graham_current_ratio,graham_debt_to_equity,graham_earnings_stability,graham_pe,graham_pe_times_pb,munger_roe",19683373056.0,60.838207,6.976992,1.111,1.52686,0.12662,0.46648997,0.16048001,488624992.0,0.0039000000000000003,2.0
TKR,False,38.071700504775514,"graham_pe,graham_pe_times_pb,munger_roe",9443609600.0,30.88409,2.9438272,2.879,0.6541800000000001,0.10277,0.306,0.14034,338537504.0,0.0109,4.0
MUR,False,38.02629270714286,"data_missing:market_cap,graham_current_ratio,graham_pe,graham_pe_times_pb,munger_roe",,64.31356,1.0667697,0.826,0.43954,0.022349998,0.78358,0.18534,223376624.0,0.0349,4.0
MCHP,False,37.91397947347502,"graham_earnings_stability,graham_pe,graham_pe_times_pb,munger_roe",40959123456.0,342.86365,6.3568177,2.092,0.87715,0.03405,0.57735,0.17068,1139912448.0,0.0255,1.0
RS,False,37.85129732996768,"graham_pe,graham_pe_times_pb,munger_roe,munger_gross_margin",20553682944.0,23.420301,2.7769578,4.297,0.26921,0.12229,0.28285,0.09538,345437504.0,0.0124,4.0
TTC,False,37.831014202380956,"data_missing:market_cap,graham_pe,graham_pe_times_pb",,26.302593,6.3633823,1.556,0.83108,0.23889999,0.33567002,0.14445,670537472.0,0.0169,4.0
COST,False,37.804859298248275,"graham_current_ratio,graham_pe,graham_pe_times_pb,munger_gross_margin",422679642112.0,47.96678,25.567358,1.072,0.6025699999999999,0.29152,0.12876001,0.036730003,6954375168.0,0.006,4.0
HPE,False,37.735352620188,"graham_current_ratio,graham_pe,graham_pe_times_pb,munger_roe",61409939456.0,43.341118,2.426359,1.088,0.8403,0.06315,0.33776,0.087,3836000000.0,0.0128,4.0
TBBK,False,37.7077515,"data_missing:current_ratio,data_missing:debt_to_equity,data_missing:free_cash_flow,graham_pe_times_pb,munger_gross_margin",2764526848.0,12.918288,3.9879882,,,0.30277002,0.0,0.58295,,,4.0
SF,False,37.693229,"data_missing:current_ratio,data_missing:return_on_equity,data_missing:free_cash_flow,graham_pe_times_pb",12421201920.0,14.6583185,2.3783126,,0.41528,,0.95543,0.20819001,,0.0158,4.0
PDFS,False,37.683521428571424,"graham_size,graham_earnings_stability,graham_pe,graham_pe_times_pb,munger_roe,munger_fcf",1888652928.0,250.6111,6.4195247,2.343,0.25672,0.02713,0.72077006,0.10499,-31306750.0,,0.0
FRPT,False,37.652313780696495,"graham_earnings_stability,graham_pe_times_pb",2963310336.0,15.826772,2.347948,6.181,0.39145,0.17334,0.41050997,0.0149300005,14224375.0,,2.0
EFOR,False,37.60694791904762,"graham_size,munger_roe,munger_gross_margin",1126065024.0,12.206667,0.6348674,2.101,0.85619,0.054770004,0.28648,0.04183,270100000.0,,4.0
RGEN,False,37.57727225846606,"graham_earnings_stability,graham_pe,graham_pe_times_pb,munger_roe",6989060096.0,158.72778,3.8267121,9.05,0.32715000000000005,0.0199,0.53836,0.09309,113421752.0,,1.0
AEE,False,37.53553541428572,"data_missing:consecutive_positive_earnings_years,graham_current_ratio,graham_debt_to_equity,graham_pe_times_pb,munger_roe,munger_fcf",29938989056.0,19.456835,2.2081156,0.622,1.55674,0.117469996,0.50451,0.27786,-1869374976.0,0.0273,
BILL,False,37.41164850340592,"data_invalid_outlier:trailing_pe,graham_earnings_stability,graham_pe,graham_pe_times_pb,munger_roe",4477868544.0,inf,1.177364,1.661,0.49591999999999997,4.0000003e-05,0.83681,0.01143,167608256.0,,1.0
PJT,False,37.39674285714286,"data_missing:current_ratio,data_missing:return_on_equity,data_missing:free_cash_flow,graham_pe,graham_pe_times_pb",6633363456.0,22.121088,15.447981,,0.45336,,0.95252,0.2146,,0.0060999999999999995,4.0
CWEN,False,37.369105264221844,"graham_current_ratio,graham_debt_to_equity,graham_pe,graham_pe_times_pb,munger_roe",7504224256.0,312.55,2.143396,1.107,1.7893299999999999,-0.03549,0.63502,0.07627,423249984.0,0.0593,4.0
DAL,False,37.363683028436654,"graham_current_ratio,graham_pe_times_pb,munger_gross_margin",58022084608.0,14.631841,2.6453393,0.424,0.96649,0.20125,0.187,0.07921,2817374976.0,0.009000000000000001,4.0
INDV,False,37.34467578927435,"data_missing:debt_to_equity,data_missing:return_on_equity,graham_current_ratio,graham_earnings_stability,graham_pe,graham_pe_times_pb",4718136320.0,20.897907,-33.826275,0.856,,,0.84961,0.46056998,44250000.0,,2.0
HRL,False,37.29695056810159,"graham_pe,graham_pe_times_pb,munger_roe,munger_gross_margin",13759856640.0,29.417645,1.7310488,1.938,0.04244,0.05831,0.15783,0.11057,471169760.0,0.0453,4.0
LEN,False,37.26264780922445,"munger_roe,munger_gross_margin",20223145984.0,13.158306,0.9353656,8.508,0.28692,0.07368,0.16363001,0.052750003,1077926016.0,0.023700000000000002,4.0
WGO,False,37.23269047619048,"graham_size,graham_pe,munger_roe,munger_gross_margin",867006912.0,22.55147,0.7006602,2.373,0.3912,0.03142,0.13,0.03292,164224992.0,0.044000000000000004,4.0
KRG,False,37.22642857142857,"data_missing:market_cap,graham_current_ratio,graham_debt_to_equity,graham_earnings_stability,graham_pe,graham_pe_times_pb,munger_roe",,21.89015,2.0533686,0.886,1.02259,0.09212,0.73421997,0.24074,106149872.0,0.04019999999999999,3.0
LCII,False,37.22113168523889,"munger_roe,munger_gross_margin",2484636160.0,12.524509,1.789153,2.91,0.8905200000000001,0.14652,0.24051,0.08726,127543504.0,0.0432,4.0
AIG,False,37.219867095238094,"data_missing:market_cap,graham_current_ratio,graham_earnings_stability,munger_roe",,13.786972,1.032841,0.611,0.22646999999999998,0.07723,0.35534,0.18620001,9517249536.0,0.024900000000000002,1.0
UNF,False,37.15620654137015,"graham_pe,graham_pe_times_pb,munger_roe",5326060032.0,46.600475,2.4230547,3.111,0.03869,0.05296,0.36678,0.044499997,98668752.0,0.0048,4.0
DLR,False,37.08806666666667,"data_missing:free_cash_flow,graham_current_ratio,graham_pe,graham_pe_times_pb,munger_roe",72559714304.0,94.06829,2.6720984,0.831,0.6874899999999999,0.02949,0.56996,0.2611,,0.0259,4.0
KMPR,False,37.08115477904762,"graham_size,graham_current_ratio,graham_earnings_stability,graham_pe,munger_roe,munger_gross_margin",1710296448.0,40.34722,0.64491063,0.813,0.5385,0.01125,0.26947,0.0077600004,459662496.0,0.0416,2.0
PTEN,False,36.987367,"data_missing:trailing_pe,graham_earnings_stability,munger_roe,munger_gross_margin",3667106560.0,,1.1606392,1.836,0.40082,-0.036,0.23999001,-0.01281,344645888.0,0.042800000000000005,0.0
JBGS,False,36.96452380952381,"data_missing:trailing_pe,graham_size,graham_current_ratio,graham_debt_to_equity,graham_earnings_stability,munger_roe",1088397824.0,,0.72358304,1.087,1.5773300000000001,-0.075830005,0.49505,0.0108,99938128.0,0.0482,0.0
OGE,False,36.86098232014155,"graham_current_ratio,graham_debt_to_equity,graham_pe,graham_pe_times_pb,munger_roe",9767162880.0,20.736841,1.9755149,0.767,1.1730500000000001,0.09703,0.44762,0.26549,128337504.0,0.0356,4.0
CRSR,False,36.83644225765398,"graham_size,graham_earnings_stability,graham_pe,graham_pe_times_pb,munger_roe",1114781440.0,115.888885,1.7211221,1.742,0.28428000000000003,0.013099999,0.30211002,0.03892,59662248.0,,0.0
ELV,False,36.80103042858795,"graham_pe_times_pb,munger_roe,munger_gross_margin",81702248448.0,16.66969,1.820099,1.518,0.68953,0.11133,0.2599,0.04559,4306375168.0,0.0183,4.0
RSG,False,36.768024559523816,"data_missing:market_cap,data_missing:price_to_book,graham_current_ratio,graham_debt_to_equity,graham_pe",,30.13362,,0.671,1.17578,0.18346001,0.43049,0.20204,1808875008.0,0.011399999999999999,4.0
SLGN,False,36.63192715487814,"graham_debt_to_equity,munger_roe,munger_gross_margin",4357176320.0,15.441947,1.8775901,2.333,2.03152,0.11748,0.1707,0.10296,308808000.0,0.0197,4.0
MGEE,False,36.606952809523804,"graham_current_ratio,graham_pe,graham_pe_times_pb,munger_roe,munger_fcf",3005755392.0,20.417948,2.1688683,1.153,0.6973999999999999,0.10948,0.41354,0.23502001,-180879248.0,0.023700000000000002,4.0
BWXT,False,36.53897759545749,"graham_debt_to_equity,graham_pe,graham_pe_times_pb,munger_gross_margin",14970749952.0,43.576,11.692187,2.397,1.5762299999999998,0.29032,0.22658001,0.1038,165500992.0,0.0066,4.0
RTX,False,36.537080454407096,"graham_current_ratio,graham_pe,graham_pe_times_pb,munger_roe,munger_gross_margin",285183049728.0,37.25319,4.2992887,1.011,0.5702,0.12274,0.20347,0.12696,9880000512.0,0.013600000000000001,4.0
NE,False,36.51577448568617,"graham_pe,graham_pe_times_pb,munger_roe",6479878144.0,43.18085,1.4109428,1.915,0.42557,0.03283,0.34723,0.10707,240378256.0,0.048799999999999996,4.0
DVN,False,36.51093713095238,"data_missing:market_cap,graham_current_ratio",,12.200557,1.7630011,1.006,0.56359,0.15178001,0.46929002,0.06856,1607500032.0,0.023399999999999997,4.0
NJR,False,36.47590315476191,"graham_current_ratio,graham_debt_to_equity,graham_pe_times_pb,munger_roe,munger_fcf",5922078208.0,17.412464,2.2346623,0.94,1.42136,0.13319999,0.38257,0.32044998,-306034624.0,0.032,4.0
HIW,False,36.455107142857145,"data_missing:market_cap,graham_debt_to_equity,graham_pe,graham_pe_times_pb,munger_roe",,22.049667,1.5530108,1.82,1.3264799999999999,0.06815,0.67305,0.26469,347760864.0,0.0581,4.0
ASO,True,36.45139793292622,,2997968128.0,8.540636,1.4474354,1.677,0.91982,0.18847999,0.34604,0.05177,88252000.0,0.012199999999999999,4.0
TOL,False,36.437821428571425,"data_missing:market_cap,munger_gross_margin",,11.420213,1.660516,4.603,0.34450000000000003,0.15657,0.25203,0.15077,631238144.0,0.0069,4.0
MLM,False,36.380561598178765,"graham_pe,graham_pe_times_pb,munger_roe,munger_gross_margin",32520857600.0,33.956112,2.8792274,2.279,0.5035000000000001,0.0947,0.29748,0.12702,841750016.0,0.0058,4.0
BEN,False,36.347064476190475,"graham_pe,graham_pe_times_pb,munger_roe,munger_fcf",17028509696.0,25.015268,1.4045088,5.508,0.23471,0.06704,0.37355998,0.17238002,-242137504.0,0.0408,4.0
WOR,False,36.264168126861165,"graham_pe_times_pb,munger_gross_margin",2773865472.0,17.829617,2.7406013,2.369,0.34055,0.15777001,0.27759,0.06448,27996500.0,0.0144,4.0
VTRS,False,36.22817857142857,"data_missing:trailing_pe,graham_earnings_stability,munger_roe",20560179200.0,,1.4025263,1.603,0.99675,-0.01957,0.39816,0.06784,2238337536.0,0.0269,0.0
CUZ,False,36.18471885011005,"data_missing:trailing_pe,graham_current_ratio,munger_roe",5200264192.0,,1.1526958,0.348,0.8432599999999999,-0.00096000003,0.67933,0.22082001,90898624.0,0.039599999999999996,4.0
BGC,False,36.139678571428576,"data_missing:free_cash_flow,graham_current_ratio,graham_debt_to_equity,graham_pe,graham_pe_times_pb,munger_roe",5616939520.0,31.68919,5.1044846,1.49,1.5730199999999999,0.14623,0.91710997,0.12069,,0.0068000000000000005,4.0
DIS,False,36.131816666666666,"data_missing:market_cap,graham_current_ratio,munger_roe",,15.3024,1.5352263,0.679,0.41069,0.1101,0.3716,0.15512,3751375104.0,0.0152,4.0
UAL,False,36.123320448404414,"graham_current_ratio,graham_debt_to_equity",39866900480.0,11.5009365,2.387784,0.78,2.01641,0.23252001,0.31816,0.05534,910124992.0,,4.0
ALKS,False,36.11934522782102,"graham_earnings_stability,graham_pe,graham_pe_times_pb,munger_roe",8279116800.0,129.86842,4.571561,2.3,0.86952,0.03852,0.87182,0.15496999,153381376.0,,3.0
ESAB,False,36.05624360055687,"graham_pe,graham_pe_times_pb,munger_roe",5295158784.0,22.544683,2.3682442,2.973,0.9572400000000001,0.11387,0.3671,0.13498001,187513632.0,0.0049,4.0
RJF,False,36.05259285714286,"data_missing:current_ratio,data_missing:return_on_equity,data_missing:free_cash_flow,graham_pe_times_pb",33438849024.0,15.162893,2.6960845,,0.48477,,0.93162,0.19423,,0.0124,4.0
IRT,False,36.03459917824608,"data_missing:consecutive_positive_earnings_years,graham_current_ratio,graham_pe,graham_pe_times_pb,munger_roe",3984671232.0,82.445,1.1432434,0.495,0.6918500000000001,0.0138,0.60807,0.12642,79045504.0,0.0409,
WELL,False,36.01736161562024,"graham_current_ratio,graham_pe,graham_pe_times_pb,munger_roe",169615458304.0,105.08482,3.7876935,1.317,0.41375,0.03836,0.39560002,0.16561002,2756164352.0,0.0141,4.0
DDOG,False,35.93514661956716,"graham_earnings_stability,graham_pe,graham_pe_times_pb,munger_roe",94457593856.0,663.39996,23.675943,3.397,0.32220999999999994,0.039300002,0.79906,0.00797,936726528.0,,3.0
AVA,False,35.84578571428572,"graham_current_ratio,graham_debt_to_equity,munger_roe,munger_fcf",3381564416.0,16.302788,1.2181472,0.896,1.19236,0.07594,0.66561997,0.23684,-176375008.0,0.047400000000000005,4.0
YUM,False,35.831789622853755,"data_missing:debt_to_equity,data_missing:return_on_equity,graham_current_ratio,graham_pe,graham_pe_times_pb",43264262144.0,25.317743,-5.9359403,0.651,,,0.45663,0.31083,1261500032.0,0.0197,4.0
KFY,False,35.81743291666666,"data_missing:market_cap,graham_pe_times_pb,munger_roe,munger_gross_margin",,15.644637,2.0793126,1.941,0.30126000000000003,0.14583999,0.24304001,0.14693,244188256.0,0.026000000000000002,4.0
CACI,False,35.67203205479228,"graham_debt_to_equity,graham_pe_times_pb,munger_roe",10570577920.0,19.739893,2.4696643,1.613,1.31219,0.13449,0.32558998,0.097349994,446507136.0,,4.0
MTDR,False,35.636556767857144,"graham_current_ratio,munger_roe,munger_fcf",5937581568.0,12.323453,1.0633826,0.733,0.60382,0.100839995,0.79656,0.04972,-263931008.0,0.0308,4.0
PPLI,False,35.56315185407477,"graham_earnings_stability,graham_pe,munger_roe",3095263744.0,25.527607,0.68196344,3.694,0.30922,0.029779999,0.66490996,-0.09503999,36746376.0,,0.0
ATI,False,35.560531720742794,"graham_pe,graham_pe_times_pb,munger_gross_margin",24781664256.0,60.12914,13.996454,2.672,0.96904,0.22674999,0.23199,0.16143999,340800000.0,,4.0
BLFS,False,35.47710824992501,"data_missing:trailing_pe,graham_size,graham_earnings_stability,munger_roe",1545604352.0,,4.1493964,7.299,0.03991,-0.030940002,0.63756,0.00098,6391125.0,,0.0
D,False,35.41644047619048,"graham_current_ratio,graham_debt_to_equity,graham_pe,graham_pe_times_pb,munger_roe,munger_fcf",61113860096.0,20.49705,2.169237,0.777,1.54901,0.09787,0.47263,0.28751,-9948250112.0,0.0378,4.0
BLDR,False,35.39630950666667,"graham_debt_to_equity,graham_pe,graham_pe_times_pb,munger_roe,munger_gross_margin",7238779904.0,25.687025,1.8070996,1.759,1.3215899999999998,0.06958,0.29888,0.0050199996,640900096.0,,4.0
FE,False,35.39139328571429,"graham_current_ratio,graham_debt_to_equity,graham_pe,graham_pe_times_pb,munger_roe,munger_fcf",28301279232.0,104.06383,2.1879754,0.541,2.00908,0.09491,0.68605006,0.19304001,-2007124992.0,0.0379,4.0
AEP,False,35.359845666666665,"graham_current_ratio,graham_debt_to_equity,graham_pe_times_pb,munger_roe,munger_fcf",69536620544.0,18.933334,2.1856241,0.526,1.5709899999999999,0.12585,0.47243,0.23738001,-6953449984.0,0.0294,4.0
BXP,False,35.31657142857143,"data_missing:free_cash_flow,graham_debt_to_equity,graham_pe,graham_pe_times_pb,munger_roe",12604834816.0,38.00538,2.1771536,1.693,2.11631,0.05308,0.56928,0.28839,,0.0384,4.0
SO,False,35.309535014285714,"graham_current_ratio,graham_debt_to_equity,graham_pe,graham_pe_times_pb,munger_roe,munger_fcf",105909936128.0,24.028131,2.8530214,0.65,1.9043100000000002,0.109910004,0.48002997,0.25819,-3950000128.0,0.0317,4.0
ALGM,False,35.29864238108658,"data_missing:trailing_pe,graham_earnings_stability,munger_roe",7308903936.0,,7.615997,3.451,0.31984,-0.0155299995,0.46493,0.10428,149962128.0,,0.0
MPC,False,35.29791754865698,"graham_current_ratio,graham_debt_to_equity,graham_pe,graham_pe_times_pb,munger_gross_margin",91626946560.0,20.662212,5.489253,1.176,1.46523,0.27458,0.10739,0.03556,3518749952.0,0.0127,4.0
ED,False,35.25666666666667,"data_missing:market_cap,graham_current_ratio,graham_debt_to_equity,munger_roe,munger_fcf",,18.43339,1.5715846,1.189,1.06177,0.08732,0.53192,0.25613,-833249984.0,0.0313,4.0
MTD,False,35.24460129581586,"data_missing:debt_to_equity,data_missing:return_on_equity,graham_current_ratio,graham_pe,graham_pe_times_pb",27786561536.0,32.26314,-663.31647,1.202,,,0.59186,0.23291999,615044352.0,,4.0
XHR,False,35.21619067000604,"graham_size,graham_debt_to_equity,graham_pe,graham_pe_times_pb,munger_roe,munger_gross_margin",1980415872.0,28.942858,1.6375687,1.77,1.15843,0.05864,0.26327,0.14255,126217752.0,0.025699999999999997,4.0
DUK,False,35.1939880952381,"graham_current_ratio,graham_debt_to_equity,graham_pe_times_pb,munger_roe,munger_fcf",98291490816.0,19.367126,1.8339976,0.661,1.61495,0.09661,0.5105,0.25507,-2246500096.0,0.0336,4.0
NWN,False,35.159869047619054,"data_missing:market_cap,graham_current_ratio,graham_debt_to_equity,munger_roe,munger_fcf",,17.176369,1.3383946,0.8,1.7011699999999998,0.08103,0.44548,0.33211,-284913248.0,0.0385,4.0
WYNN,False,35.09898395081809,"data_missing:debt_to_equity,data_missing:return_on_equity,graham_current_ratio,graham_earnings_stability,graham_pe,graham_pe_times_pb",10457550848.0,28.871061,-48.629345,1.242,,,0.68108004,0.15323,356894624.0,0.0101,3.0
RAL,False,35.09809301188405,"data_missing:trailing_pe,graham_earnings_stability,munger_roe",7603618816.0,,4.8556113,1.605,0.78326,-0.45905,0.50396,0.12738,291649984.0,0.003,0.0
HCC,False,35.08933571428571,"graham_pe,graham_pe_times_pb,munger_roe,munger_gross_margin,munger_fcf",4216764928.0,30.597702,1.912677,3.479,0.10613,0.06424,0.28338,0.17307,-174414752.0,0.004,4.0
QDEL,False,35.05966666666667,"data_missing:trailing_pe,graham_size,graham_current_ratio,graham_debt_to_equity,graham_earnings_stability,munger_roe",1121059968.0,,0.60472304,1.431,1.5527199999999999,-0.49948,0.45179,-0.04098,208575008.0,,0.0
MAC,False,35.04194366330727,"data_missing:trailing_pe,graham_current_ratio,graham_debt_to_equity,graham_earnings_stability,munger_roe",7901906432.0,,2.73359,0.3,1.98966,-0.07108,0.55103,0.09118,403520736.0,0.026099999999999998,0.0
PRSU,False,35.009299999999996,"graham_size,graham_pe,graham_pe_times_pb,munger_roe,munger_fcf",1409107968.0,47.532406,2.639196,1.536,0.37423,0.07497,0.92427003,-0.43467,-38106376.0,,4.0
TWO,False,35.0,"data_missing:trailing_pe,data_missing:free_cash_flow,graham_size,graham_current_ratio,graham_debt_to_equity,graham_earnings_stability,munger_roe",1272109440.0,,1.1247444,0.22,3.79405,-0.01194,0.98094004,0.40105,,0.1124,0.0
MS,False,35.0,"data_missing:current_ratio,data_missing:return_on_equity,data_missing:free_cash_flow,graham_debt_to_equity,graham_pe_times_pb",329278980096.0,16.933306,3.1651757,,5.02246,,0.87641,0.41567,,0.0226,4.0
MAR,False,35.0,"data_missing:market_cap,data_missing:price_to_book,data_missing:debt_to_equity,data_missing:return_on_equity,graham_current_ratio,graham_pe",,39.359978,,0.46,,,0.79037005,0.59006,1796875008.0,0.0077,4.0
PAYX,False,35.0,"data_missing:return_on_equity,data_missing:free_cash_flow,graham_current_ratio,graham_debt_to_equity,graham_pe,graham_pe_times_pb",41019121664.0,23.583845,10.979151,1.152,1.23967,,0.67197996,0.38325,,0.039,4.0
MO,False,35.0,"data_missing:market_cap,data_missing:debt_to_equity,data_missing:return_on_equity,graham_current_ratio,graham_pe_times_pb",,14.18998,-35.364204,0.619,,,0.87378997,0.62294996,8542875136.0,0.056600000000000004,4.0
VIRT,False,35.0,"data_missing:current_ratio,data_missing:return_on_equity,data_missing:free_cash_flow,graham_debt_to_equity",12557794304.0,9.662251,2.9272208,,4.11748,,0.65802,0.36249,,0.0166,4.0
GPI,False,34.97660102213505,"graham_current_ratio,graham_debt_to_equity,munger_roe,munger_gross_margin",3624724992.0,11.579057,1.2629552,0.948,1.9763,0.11176,0.16054001,0.04553,279712512.0,0.0060999999999999995,4.0
CRWD,False,34.96817675957556,"data_missing:trailing_pe,graham_earnings_stability,munger_roe",184987156480.0,,39.918697,1.531,0.17568,-0.0024899999,0.75136,-0.022079999,1926365056.0,,0.0
PSKY,False,34.9419995047619,"graham_current_ratio,graham_debt_to_equity,graham_earnings_stability,graham_pe,graham_pe_times_pb,munger_roe",8667996160.0,387.25,0.73973256,1.1,1.30167,-0.0076800003,0.32558998,0.095410004,16400374784.0,0.025099999999999997,0.0
UFPI,False,34.926475870338265,"graham_pe_times_pb,munger_roe,munger_gross_margin",4913780224.0,18.954248,1.5955983,4.642,0.11703,0.0841,0.16615,0.042719997,157343872.0,0.0158,4.0
ETN,False,34.904225011904764,"data_missing:market_cap,graham_current_ratio,graham_debt_to_equity,graham_pe,graham_pe_times_pb",,37.514202,7.5415454,1.193,1.10463,0.20844999,0.37105,0.16104999,2646500096.0,0.012199999999999999,4.0
PK,False,34.89876257142858,"data_missing:trailing_pe,graham_current_ratio,graham_debt_to_equity,graham_earnings_stability,munger_roe",3012373248.0,,0.9749739,0.257,1.33366,-0.06431,0.30457002,0.11075,1040499968.0,0.0653,0.0
CNXC,False,34.87271428571429,"data_missing:trailing_pe,graham_size,graham_current_ratio,graham_debt_to_equity,graham_earnings_stability,munger_roe",1512339840.0,,0.55843455,1.179,2.03764,-0.37662,0.3447,0.07893,775551744.0,0.0542,0.0
SHOO,False,34.8660880952381,"graham_pe,graham_pe_times_pb,munger_roe,munger_fcf",3387875584.0,43.731133,3.7089934,2.225,0.57041,0.0858,0.46001,0.15525,-14376750.0,0.0191,4.0
ENTG,False,34.8046160745719,"graham_pe,graham_pe_times_pb,munger_roe",18492266496.0,70.18497,4.5668936,3.215,0.9279600000000001,0.067880005,0.44775,0.17945999,445062496.0,0.0037,4.0
PTGX,False,34.77635,"data_missing:trailing_pe,graham_earnings_stability,munger_roe,munger_fcf",8739914752.0,,13.315696,17.756,0.014910000000000001,-0.17063,1.0,-0.064720005,-77664624.0,,0.0
EVR,False,34.75796428571428,"data_missing:current_ratio,data_missing:return_on_equity,data_missing:free_cash_flow,graham_pe_times_pb",12105103360.0,17.620214,6.7915664,,0.52585,,0.93934995,0.1784,,0.011699999999999999,4.0
CLH,False,34.70007942033159,"graham_debt_to_equity,graham_pe,graham_pe_times_pb",16476336128.0,37.74576,5.934936,2.131,1.03615,0.15562001,0.32257,0.15498,371326880.0,,4.0
WRLD,False,34.69775,"data_missing:free_cash_flow,graham_size,graham_debt_to_equity,graham_pe,graham_pe_times_pb,munger_roe",865652288.0,23.494963,2.3831425,13.491,1.78936,0.09901,0.69242996,0.16968,,,4.0
RH,False,34.65166666666667,"data_missing:return_on_equity,graham_current_ratio,graham_debt_to_equity,graham_pe,graham_pe_times_pb",3252092416.0,33.171818,57.048473,1.127,70.60079999999999,,0.43541,0.00322,285438016.0,,4.0
IOSP,False,34.53312906696193,"munger_roe,munger_gross_margin",2092161280.0,18.545853,1.5610241,2.984,0.03742,0.086940005,0.27413,0.06995,12037500.0,0.021099999999999997,4.0
SXT,False,34.4479409047619,"graham_pe,graham_pe_times_pb,munger_roe,munger_fcf",5278977024.0,33.425877,4.1684036,4.39,0.6063000000000001,0.13071,0.34876,0.16599001,-2621250.0,0.0134,4.0
HZO,False,34.3859876,"graham_size,graham_current_ratio,graham_debt_to_equity,graham_earnings_stability,graham_pe,graham_pe_times_pb,munger_roe",763275584.0,216.56252,0.8187425,1.234,1.15137,0.00497,0.34210998,0.060890004,183364128.0,,0.0
JCI,False,34.36366428571429,"data_missing:market_cap,graham_current_ratio,graham_pe,graham_pe_times_pb,munger_roe",,39.97753,6.728124,1.0,0.70107,0.14332,0.36651,0.16132,3141750016.0,0.0115,4.0
HLIT,False,34.35313571428571,"graham_size,graham_earnings_stability,graham_pe,graham_pe_times_pb,munger_roe,munger_fcf",1202129536.0,138.49875,3.384209,2.265,0.36901000000000006,0.0212,0.48291,0.16803,-81867248.0,,0.0
CEG,False,34.23659686904762,"graham_current_ratio,graham_earnings_stability,graham_pe,graham_pe_times_pb,munger_gross_margin,munger_fcf",95692627968.0,23.301739,2.9000142,1.363,0.66428,0.16104999,0.23263,0.21858,-4478875136.0,0.0066,3.0
NTNX,False,34.21247644284449,"data_missing:debt_to_equity,data_missing:return_on_equity,graham_earnings_stability,graham_pe,graham_pe_times_pb",15929988096.0,62.03158,-21.649523,1.777,,,0.87095,0.10029,631740864.0,,1.0
MATW,False,34.18788160619048,"graham_size,graham_debt_to_equity,graham_earnings_stability,graham_pe,graham_pe_times_pb,munger_roe",873824256.0,93.34999,1.7059575,1.636,1.24296,0.0211,0.37082002,0.0057099997,80116496.0,0.0359,0.0
MLKN,False,34.08871172475354,"graham_size,graham_debt_to_equity,graham_earnings_stability,munger_roe",1544353792.0,17.174242,1.1512289,1.577,1.28174,0.06983,0.38794997,0.060739998,82262496.0,0.0327,0.0
AXON,False,34.063546809575094,"graham_pe,graham_pe_times_pb,munger_roe",41900187648.0,207.936,11.851447,2.271,0.52074,0.06765,0.59463,0.03748,62617500.0,,4.0
SR,False,34.05838095238095,"data_missing:market_cap,graham_current_ratio,graham_debt_to_equity,munger_roe,munger_fcf",,16.176113,1.3817849,0.546,2.32755,0.09116,0.42815,0.30216,-925825024.0,0.0407,4.0
PEG,False,34.05170238095238,"graham_current_ratio,graham_debt_to_equity,graham_pe_times_pb,munger_roe,munger_fcf",38609944576.0,17.141594,2.2299614,0.969,1.4101,0.13441,0.3536,0.2843,-171750000.0,0.0345,4.0
LXP,False,34.02997142857143,"data_missing:free_cash_flow,graham_current_ratio,graham_pe,graham_pe_times_pb,munger_roe",3522491648.0,61.30303,1.8893592,1.043,0.69889,0.03497,0.81463,0.16078,,0.0462,4.0
WMT,False,33.953283911360835,"graham_current_ratio,graham_pe,graham_pe_times_pb,munger_gross_margin",882072682496.0,39.028133,9.355157,0.771,0.74816,0.24132,0.24976,0.042150002,6862249984.0,0.0087,4.0
IR,False,33.75591927261905,"data_missing:market_cap,graham_pe,graham_pe_times_pb,munger_roe",,56.5,3.2156594,2.227,0.48353,0.057150003,0.43222,0.17069,1035425024.0,0.0009,4.0
SRE,False,33.75017619047619,"data_missing:market_cap,graham_pe,graham_pe_times_pb,munger_roe,munger_fcf",,30.180273,1.7981559,1.689,0.8526699999999999,0.05689,0.42457,0.30616,-28243374080.0,0.0296,4.0
MOG-A,False,33.737421161449966,"graham_pe,graham_pe_times_pb,munger_roe,munger_gross_margin",13124815872.0,46.80904,6.242898,1.677,0.69336,0.14403,0.2727,0.11733,221396880.0,0.0031,4.0
PMT,False,33.718892857142855,"data_missing:market_cap,data_missing:price_to_book,data_missing:free_cash_flow,graham_debt_to_equity,graham_earnings_stability,munger_roe",,7.8545694,,1.959,10.90067,0.07577,0.82045,0.18751,,0.16510000000000002,3.0
SITM,False,33.65193530625973,"data_missing:trailing_pe,graham_earnings_stability,munger_roe",15813817344.0,,12.023642,12.476,0.00255,-0.02619,0.55698,-0.04156,7855375.0,,0.0
APG,False,33.646937327364505,"data_missing:trailing_pe,graham_current_ratio,munger_roe",16618626048.0,,4.766994,1.435,0.88067,0.10019,0.31379998,0.07265,715875008.0,,4.0
KKR,False,33.626328871428576,"data_missing:free_cash_flow,graham_current_ratio,graham_earnings_stability,graham_pe,graham_pe_times_pb,munger_roe",93887537152.0,34.2483,3.2038312,0.857,0.69029,0.076630004,0.55542,0.11012,,0.0076,3.0
APTV,False,33.597333516666666,"graham_debt_to_equity,graham_pe,graham_pe_times_pb,munger_roe,munger_gross_margin",12103635968.0,34.044643,1.3154324,2.115,1.03823,0.040799998,0.18922001,0.0987,1091124992.0,,4.0
CNP,False,33.539702380952384,"graham_current_ratio,graham_debt_to_equity,graham_pe,graham_pe_times_pb,munger_roe,munger_fcf",27755175936.0,25.080357,2.466487,1.123,2.10256,0.09825,0.47027,0.24489,-5191875072.0,0.022400000000000003,4.0
SAIA,False,33.52754776377993,"graham_pe,graham_pe_times_pb,munger_roe,munger_gross_margin",9367068672.0,37.026287,3.5665667,1.52,0.09971000000000001,0.10231,0.23625,0.08286,34613376.0,,4.0
TXT,False,33.5247627460068,"graham_pe_times_pb,munger_roe,munger_gross_margin",14761636864.0,16.163843,1.8648156,1.861,0.5228499999999999,0.12126,0.17628999,0.08701,452750016.0,0.0009,4.0
FA,False,33.50010956251553,"graham_debt_to_equity,graham_earnings_stability,graham_pe,graham_pe_times_pb,munger_roe",3432456192.0,400.2,2.6712055,2.65,1.59746,0.00664,0.45536,0.08754,193202368.0,,0.0
EVRG,False,33.486487345238096,"graham_current_ratio,graham_debt_to_equity,graham_pe,graham_pe_times_pb,munger_roe,munger_fcf",19118751744.0,22.058512,1.8823904,0.446,1.55555,0.08866999,0.52331,0.21916,-1101750016.0,0.0331,4.0
CSW,False,33.46118268055214,"graham_pe,graham_pe_times_pb,munger_roe",5092746240.0,46.573772,4.8641205,2.596,0.88347,0.104399994,0.42038,0.19063,34645124.0,0.0044,4.0
PLUS,False,33.40148079166667,"graham_pe_times_pb,munger_roe,munger_gross_margin,munger_fcf",2394438912.0,19.43949,2.230994,2.237,0.12721,0.121709995,0.25223,0.064720005,-100229376.0,0.0116,4.0
ETSY,False,33.32625205536659,"data_missing:debt_to_equity,data_missing:return_on_equity,graham_earnings_stability,graham_pe,graham_pe_times_pb",7979823616.0,32.21839,-7.0186124,1.689,,,0.71554,0.18985,165655504.0,,3.0
GNTX,False,33.29501048809524,"data_missing:debt_to_equity,data_missing:free_cash_flow",5001174016.0,12.492022,1.9652721,2.95,,0.16354999,0.35112998,0.21757,,0.02,4.0
SEI,False,33.23921383571429,"graham_current_ratio,graham_debt_to_equity,graham_pe,graham_pe_times_pb,munger_roe,munger_fcf",4948969472.0,61.32143,3.8474753,1.113,1.46466,0.087419994,0.46923,0.25764,-631042496.0,0.0111,4.0
LFST,False,33.23632309819694,"graham_current_ratio,graham_earnings_stability,graham_pe,graham_pe_times_pb,munger_roe",4066536448.0,177.5,2.7952754,1.485,0.32271,0.01581,0.32596,0.05544,140700368.0,,1.0
NUE,False,33.234473059523815,"data_missing:market_cap,graham_pe,graham_pe_times_pb,munger_roe,munger_gross_margin",,20.592651,2.7369719,2.508,0.30512,0.14548999,0.15554,0.15668,669000000.0,0.0087,4.0
ONTO,False,33.161753364535805,"data_missing:debt_to_equity,graham_pe,graham_pe_times_pb,munger_roe",12389133312.0,116.38317,5.810606,6.154,,0.052529998,0.54186,0.16753,197242256.0,,4.0
TRN,False,33.15204761904762,"graham_debt_to_equity,munger_gross_margin,munger_fcf",2733280000.0,10.844953,2.5467443,2.158,4.70586,0.23072,0.27109,0.15894,-457024992.0,0.0338,4.0
CASY,False,33.14039015039609,"graham_current_ratio,graham_pe,graham_pe_times_pb,munger_gross_margin",31975944192.0,45.075638,8.069667,1.01,0.7351399999999999,0.19153,0.24606001,0.05351,550939648.0,0.003,4.0
WAT,False,33.0161380952381,"graham_pe,graham_pe_times_pb,munger_roe,munger_fcf",36990537728.0,47.931297,2.4184573,1.788,0.36634,0.05212,0.55154,0.02841,-502370624.0,,4.0
GME,False,33.00906265476191,"graham_earnings_stability,munger_roe,munger_fcf",9784520704.0,16.273731,1.6748694,12.401,0.74273,0.14095001,0.34387,0.16605,-1261250048.0,,3.0
DXPE,False,33.005505094612744,"graham_debt_to_equity,graham_pe,graham_pe_times_pb",2400920064.0,28.942991,4.687869,2.977,1.76107,0.18406999,0.31738,0.08295,48651500.0,,4.0
LTH,False,33.00102498809524,"graham_current_ratio,graham_debt_to_equity,graham_earnings_stability,graham_pe,graham_pe_times_pb,munger_roe,munger_fcf",10108390400.0,26.555555,3.1377833,0.531,1.29071,0.12954001,0.47876,0.17096001,-347000640.0,,3.0
HTO,False,32.92934566666667,"graham_debt_to_equity,graham_pe,graham_pe_times_pb,munger_roe,munger_fcf",2608516096.0,21.943663,1.4145312,1.667,1.02581,0.06463,0.56912,0.21260001,-250611632.0,0.0276,4.0
NWE,False,32.91678593928572,"data_missing:market_cap,graham_current_ratio,graham_debt_to_equity,graham_pe,graham_pe_times_pb,munger_roe,munger_fcf",,25.783087,1.4827892,0.702,1.18354,0.057740003,0.56145,0.23033,-187359504.0,0.0368,4.0
KDP,False,32.91077480952381,"graham_pe,graham_pe_times_pb,munger_roe,munger_fcf",42367819776.0,23.066666,1.6770787,2.307,0.85985,0.06312,0.53777003,0.19014,-16345499648.0,0.029300000000000003,4.0
AMN,False,32.853619476190474,"data_missing:trailing_pe,graham_size,graham_current_ratio,graham_debt_to_equity,graham_earnings_stability,munger_roe,munger_gross_margin",1344324608.0,,1.8797115,1.088,1.08994,-0.045440003,0.27631,0.08501001,671518528.0,,0.0
UTI,False,32.82466846126122,"graham_current_ratio,graham_pe,graham_pe_times_pb,munger_roe",2180981248.0,52.118423,6.4166536,1.172,0.9303100000000001,0.13467,0.55527997,0.00153,27080500.0,,4.0
MD,False,32.80769047619047,"data_missing:market_cap,graham_current_ratio,graham_earnings_stability,graham_pe_times_pb,munger_gross_margin",,12.929612,2.4290926,1.326,0.71675,0.20893,0.26092,0.09781,163734256.0,,1.0
GKOS,False,32.78520478390451,"data_missing:trailing_pe,graham_earnings_stability,munger_roe",10007084032.0,,14.819519,5.433,0.15778999999999999,-0.26389,0.78083,-0.13187,6086500.0,,0.0
ST,False,32.75046550891327,"graham_earnings_stability,graham_pe,graham_pe_times_pb,munger_roe,munger_gross_margin",6890570752.0,143.57576,2.4075203,2.751,0.99818,0.01701,0.29453,0.15447,413699008.0,0.0103,2.0
CPK,False,32.71213066071429,"graham_current_ratio,graham_debt_to_equity,graham_pe,graham_pe_times_pb,munger_roe,munger_fcf",3186392064.0,21.340837,1.9290242,0.432,1.00926,0.095970005,0.40348998,0.28151,-244312496.0,0.0215,4.0
ABM,False,32.64153505,"graham_current_ratio,graham_debt_to_equity,munger_roe,munger_gross_margin",2779078912.0,18.246155,1.5894927,1.462,1.12697,0.08866999,0.12921,0.039300002,284024992.0,0.0235,4.0
P,False,32.63450075,"data_missing:market_cap,graham_debt_to_equity,graham_pe,graham_pe_times_pb",,111.59848,16.831581,1.617,1.27364,0.16846001,0.7023,-0.18452999,267954368.0,,4.0
LNT,False,32.57152461309524,"graham_current_ratio,graham_debt_to_equity,graham_pe,graham_pe_times_pb,munger_roe,munger_fcf",18307969024.0,22.29088,2.4666808,0.688,1.5952600000000001,0.113120005,0.45224,0.21030001,-1202625024.0,0.0297,4.0
STLD,False,32.557384252961036,"graham_pe,graham_pe_times_pb,munger_gross_margin",36413935616.0,23.033545,3.8838186,3.183,0.46924,0.17568001,0.14652,0.114989996,234191248.0,0.0084,4.0
SIG,False,32.55597719047619,data_missing:market_cap,,13.461864,1.9944338,1.615,0.64495,0.15933,0.39337003,0.05059,451787488.0,0.014199999999999999,4.0
NWL,False,32.49252380952381,"data_missing:trailing_pe,graham_current_ratio,graham_debt_to_equity,graham_earnings_stability,munger_roe",2162882560.0,,0.9234398,1.042,2.43126,-0.11169,0.33992,0.02711,432624992.0,0.053899999999999997,0.0
USPH,False,32.435138017708155,"graham_size,graham_current_ratio,graham_pe,graham_pe_times_pb,munger_roe,munger_gross_margin",1221383808.0,160.51,2.5473733,1.186,0.46346,0.06835,0.21902001,0.073410004,43061000.0,0.022799999999999997,4.0
MIR,False,32.431384514917355,"graham_earnings_stability,graham_pe,graham_pe_times_pb,munger_roe",3705512704.0,165.33333,1.9781973,3.198,0.6575700000000001,0.01511,0.48053002,0.067090005,107737504.0,,1.0
NPO,False,32.38397142857143,"data_missing:market_cap,graham_pe,graham_pe_times_pb,munger_roe",,151.82845,4.187238,2.205,0.39533999999999997,0.0287,0.43074,0.15875,133787504.0,0.0043,4.0
KALU,False,32.3269197455099,"graham_debt_to_equity,graham_earnings_stability,graham_pe_times_pb,munger_gross_margin",2611603968.0,11.841365,2.7416587,2.495,1.13255,0.26398,0.14524001,0.10560001,33025000.0,0.0203,3.0
PPL,False,32.31533266666667,"data_missing:market_cap,data_missing:price_to_book,graham_current_ratio,graham_debt_to_equity,graham_pe,munger_roe,munger_fcf",,21.67178,,1.003,1.3511600000000001,0.08316,0.43287998,0.27181,-1615124992.0,0.0319,4.0
XOM,False,32.3118380952381,"data_missing:market_cap,graham_current_ratio,graham_pe,graham_pe_times_pb,munger_roe,munger_gross_margin",,26.2702,2.5426505,1.036,0.18261,0.09873,0.29768,0.06355,11630499840.0,0.0263,4.0
COO,False,32.175799999999995,"data_missing:market_cap,graham_current_ratio,graham_pe,graham_pe_times_pb,munger_roe",,61.0678,1.7046745,1.274,0.33093000000000006,0.02853,0.65550005,-0.02866,424275008.0,,4.0
PSN,False,32.17091982340655,"graham_pe,graham_pe_times_pb,munger_roe,munger_gross_margin",4547239424.0,29.362068,1.7188131,1.662,0.5949,0.082440004,0.21959999,0.02224,211688128.0,,4.0
LSTR,False,32.078306392857144,"data_missing:free_cash_flow,graham_pe,graham_pe_times_pb,munger_roe,munger_gross_margin",5750272512.0,43.896374,7.19521,1.825,0.16567,0.14977999,0.19056,0.04615,,0.009899999999999999,4.0
HGV,False,32.03850688541211,"graham_debt_to_equity,graham_pe,graham_pe_times_pb,munger_roe,munger_gross_margin",3607785216.0,24.837837,3.0961528,4.093,5.47778,0.1162,0.24234,0.13644,135624992.0,,4.0
COHR,False,32.0211220952381,"graham_earnings_stability,graham_pe,graham_pe_times_pb,munger_roe,munger_fcf",47867564032.0,115.958534,4.481099,3.05,0.31093,0.04718,0.36990002,0.13572,-197631744.0,,1.0
OSIS,False,32.015972331837126,"graham_debt_to_equity,graham_pe,graham_pe_times_pb",3581484800.0,24.832571,4.004663,3.245,1.16873,0.17165,0.32839,0.13101,36977752.0,,4.0
COR,False,32.0007619047619,"graham_current_ratio,graham_debt_to_equity,graham_pe,graham_pe_times_pb,munger_gross_margin,munger_fcf",60736126976.0,23.902758,17.876081,0.947,4.20985,1.0713401,0.03796,0.01716,-318246112.0,0.0075,4.0
WEC,False,31.988190904761904,"data_missing:market_cap,data_missing:price_to_book,graham_current_ratio,graham_debt_to_equity,graham_pe,munger_roe,munger_fcf",,21.302912,,0.534,1.5768700000000002,0.11988,0.42007,0.20988001,-2348137472.0,0.0342,4.0
HST,False,31.952248285714287,"data_missing:market_cap,graham_pe_times_pb,munger_roe,munger_gross_margin",,16.9966,2.5065207,2.471,0.80482,0.1487,0.28978002,0.19163,1190875008.0,0.0313,4.0
CRBG,False,31.93354790833334,"graham_current_ratio,graham_debt_to_equity,graham_earnings_stability,graham_pe,graham_pe_times_pb,munger_roe,munger_gross_margin",14248888320.0,79.075,1.4009212,1.175,1.48375,0.016900001,0.18412,0.105670005,1860249984.0,0.030899999999999997,0.0
AAT,False,31.91771428571429,"data_missing:free_cash_flow,graham_size,graham_current_ratio,graham_debt_to_equity,graham_pe,graham_pe_times_pb,munger_roe",1839243264.0,79.033325,1.264803,0.603,1.6013499999999998,0.02164,0.61804,0.24021,,0.057300000000000004,4.0
WRB,False,31.853475952380954,"data_missing:price_to_book,data_missing:current_ratio,data_missing:return_on_equity,data_missing:free_cash_flow",27128012800.0,15.043189,,,0.3176,,0.43785998,0.16385001,,0.0053,4.0
ARE,False,31.834078142857148,"data_missing:market_cap,data_missing:trailing_pe,graham_current_ratio,graham_earnings_stability,munger_roe",,,0.5660377,0.797,0.66509,-0.04144,0.6859,0.15890999,1408723072.0,0.0536,0.0
PRGO,False,31.757452125282555,"data_missing:trailing_pe,graham_size,graham_debt_to_equity,graham_earnings_stability,munger_roe",1435565696.0,,0.5733945,2.719,1.5322200000000001,-0.52232,0.34168997,0.03467,108425000.0,0.1112,0.0
MTCH,False,31.72785714285714,"data_missing:market_cap,data_missing:debt_to_equity,data_missing:return_on_equity,graham_pe_times_pb",,14.958015,-42.004284,1.569,,,0.73877996,0.27365,811330496.0,0.0203,4.0
ETR,False,31.713917666666667,"graham_current_ratio,graham_debt_to_equity,graham_pe,graham_pe_times_pb,munger_roe,munger_fcf",50534584320.0,28.804522,2.8949268,0.957,1.92883,0.10751,0.46976003,0.18648,-3913097728.0,0.022799999999999997,4.0
VNO,False,31.71309523809524,"data_missing:market_cap,data_missing:price_to_book,graham_debt_to_equity,graham_earnings_stability,munger_roe",,10.760274,,6.212,1.26133,0.12604,0.49202,0.13672,1209429120.0,0.0182,3.0
AAON,False,31.704189726190478,"graham_pe,graham_pe_times_pb,munger_roe,munger_gross_margin,munger_fcf",7113622528.0,61.158455,7.6093054,2.624,0.47454999999999997,0.13498999,0.26242,0.11552,-215134368.0,0.004699999999999999,4.0
AIZ,False,31.67883359047619,"data_missing:market_cap,graham_current_ratio,graham_pe_times_pb,munger_gross_margin",,14.479744,2.3894978,0.386,0.3761,0.18016,0.12745,0.106400006,2029737472.0,0.0125,4.0
UTL,False,31.669915809523808,"graham_size,graham_current_ratio,graham_debt_to_equity,munger_roe,munger_fcf",981128960.0,17.423323,1.6035933,0.57,1.46912,0.09555,0.40148,0.25948998,-81058752.0,0.0345,4.0
ACI,False,31.663084,"graham_current_ratio,graham_debt_to_equity,graham_pe,graham_pe_times_pb,munger_roe,munger_gross_margin",5617645056.0,72.34375,3.148803,0.842,9.735850000000001,0.02717,0.27040002,0.01428,1753387520.0,0.0564,4.0
THO,False,31.648401491317845,"munger_roe,munger_gross_margin",3945948928.0,15.34413,0.9146084,1.707,0.21316,0.06091,0.13216,0.03452,148253872.0,0.026600000000000002,4.0
IVZ,False,31.6202670952381,"data_missing:trailing_pe,data_missing:current_ratio,data_missing:free_cash_flow,graham_earnings_stability,munger_roe,munger_gross_margin",12836170752.0,,1.0292045,,0.12055999999999999,-0.0057300003,0.29636,0.19950001,,0.030600000000000002,0.0
DE,False,31.609671121219694,"graham_debt_to_equity,graham_pe,graham_pe_times_pb,munger_gross_margin",161398554624.0,33.835503,5.8854785,2.213,3.76022,0.18349001,0.25965,0.17479,1098749952.0,0.0106,4.0
ROG,False,31.595499999999998,"data_missing:free_cash_flow,graham_earnings_stability,graham_pe,graham_pe_times_pb,munger_roe",2129458944.0,70.51775,1.7785722,3.988,0.0171,0.02596,0.32439,0.09548,,,0.0
HCA,False,31.54268370409642,"data_missing:debt_to_equity,data_missing:return_on_equity,graham_current_ratio,graham_pe_times_pb",86117801984.0,13.330093,-13.344403,0.993,,,0.42580003,0.15161,3738125056.0,0.0076,4.0
STWD,False,31.434714510714283,"data_missing:free_cash_flow,graham_debt_to_equity,munger_roe",6157843456.0,17.042107,0.90049505,12.856,3.1595299999999997,0.053000003,0.88101,0.17406,,0.1162,4.0
BDC,False,31.420821428571433,"data_missing:market_cap,graham_debt_to_equity,graham_pe_times_pb",,18.94276,3.4146638,2.086,1.0734000000000001,0.18887,0.37458,0.11129,81421504.0,0.002,4.0
DKS,False,31.407047083333328,"graham_debt_to_equity,graham_pe_times_pb,munger_fcf",17872582656.0,19.424904,3.1563241,1.501,1.3899199999999998,0.20903999,0.33565,0.105950005,-537311360.0,0.024300000000000002,4.0
VTOL,False,31.306036436883822,"graham_size,graham_earnings_stability,munger_roe,munger_gross_margin",1328412800.0,11.6848955,1.2544382,2.154,0.94441,0.11568,0.27129,0.08472,48472876.0,0.0111,2.0
BDX,False,31.279577904761908,"data_missing:market_cap,graham_current_ratio,graham_pe,graham_pe_times_pb,munger_roe",,28.857765,1.887959,0.942,0.71599,0.06672,0.47090998,0.14743,4531250176.0,0.024900000000000002,4.0
DRH,False,31.25623526033309,"graham_pe,graham_pe_times_pb,munger_roe,munger_gross_margin",2642903040.0,27.98913,1.8190167,2.838,0.82259,0.06908,0.28105,0.110860005,98259000.0,0.0274,4.0
TNC,False,31.234737250096245,"graham_size,graham_pe,graham_pe_times_pb,munger_roe",1399405184.0,48.886906,2.6342292,2.117,0.7364,0.053319998,0.39450002,0.01746,52525000.0,0.0147,4.0
COHU,False,31.208579912824174,"data_missing:trailing_pe,graham_earnings_stability,munger_roe",2119588352.0,,2.7559345,6.429,0.42923,-0.06956,0.43469003,-0.08298001,69161000.0,,0.0
MTH,False,31.140232370031125,"munger_roe,munger_gross_margin",4776247296.0,13.047445,0.93628055,14.974,0.37341,0.074939996,0.19077998,0.05836,138710000.0,0.0268,4.0
ABR,False,31.118428421428572,"data_missing:market_cap,data_missing:free_cash_flow,graham_debt_to_equity,munger_roe",,12.112499,0.41677418,2.428,3.83271,0.041079998,0.81728,0.18754,,0.21059999999999998,4.0
EXC,False,31.093809095238097,"data_missing:market_cap,graham_current_ratio,graham_debt_to_equity,munger_roe,munger_fcf",,16.542124,1.5762653,0.939,1.74794,0.09764,0.42641,0.22299999,-2807749888.0,0.035699999999999996,4.0
AVTR,False,31.036324178776013,"data_missing:trailing_pe,graham_earnings_stability,munger_roe",9354042368.0,,1.6735237,1.782,0.6567799999999999,-0.09701,0.31825,0.07197,456300000.0,,0.0
MFP,False,31.020124023809526,"data_missing:return_on_equity,data_missing:free_cash_flow,graham_earnings_stability,graham_pe,graham_pe_times_pb",2121242496.0,67.02143,2.086595,1.803,0.03636,,0.35762,0.108380005,,,3.0
AORT,False,30.97832874285714,"graham_size,graham_earnings_stability,graham_pe,graham_pe_times_pb,munger_roe,munger_fcf",1338825600.0,110.32,2.9691033,3.857,0.57309,0.03139,0.64553,0.051810004,-7293625.0,,1.0
NAVI,False,30.97142857142857,"data_missing:trailing_pe,data_missing:free_cash_flow,graham_size,graham_debt_to_equity,graham_earnings_stability,munger_roe",787161344.0,,0.3308446,7.863,19.0,-0.02456,1.0,0.256,,0.0735,0.0
PCG,False,30.886262571428574,"graham_current_ratio,graham_debt_to_equity,munger_roe,munger_fcf",38673563648.0,12.633093,1.1965113,1.216,1.8944999999999999,0.09318,0.39823002,0.24788,-6150125056.0,0.0113,4.0
PSMT,False,30.870688688383247,"graham_current_ratio,graham_pe,graham_pe_times_pb,munger_roe,munger_gross_margin",5944663040.0,37.04423,4.164073,1.277,0.24017,0.12314,0.17635,0.044499997,58311500.0,0.0073,4.0
EYE,False,30.787353959523813,"data_missing:market_cap,graham_current_ratio,graham_earnings_stability,graham_pe,graham_pe_times_pb,munger_roe",,38.63158,1.9644929,0.623,0.77074,0.053740002,0.58763003,0.08704001,124799872.0,,1.0
PEB,False,30.778102380952387,"data_missing:trailing_pe,graham_current_ratio,graham_earnings_stability,munger_roe,munger_gross_margin",2124539392.0,,0.8688395,0.597,0.97059,-0.01844,0.25157,0.04553,262977504.0,0.0021,0.0
ITT,False,30.70204210714286,"data_missing:market_cap,graham_pe,graham_pe_times_pb,munger_roe",,33.89947,3.6267407,1.527,0.8354900000000001,0.12262999,0.35352,0.16924,252875008.0,0.008100000000000001,4.0
FCN,False,30.689262654761905,"data_missing:market_cap,graham_pe_times_pb,munger_roe",,19.476192,2.9113429,2.3,0.606,0.13994001,0.31879,0.08534,227755744.0,,4.0
MMS,False,30.611689726190473,"data_missing:market_cap,munger_gross_margin",,9.065315,1.8895531,2.213,0.95935,0.22188999,0.25462,0.1137,262571376.0,0.0209,4.0
DY,False,30.60853884298621,"graham_debt_to_equity,graham_pe,graham_pe_times_pb,munger_gross_margin",12262147072.0,38.94042,6.469717,2.584,1.58196,0.19699,0.20462999,0.07317,288279744.0,,4.0
VSEC,False,30.59208073322034,"graham_pe,graham_pe_times_pb,munger_roe,munger_gross_margin",5270536192.0,65.22569,3.0548193,8.778,0.15108,0.03766,0.14666,0.11476,110192752.0,0.0022,4.0
SYF,False,30.589499999999997,"data_missing:current_ratio,data_missing:debt_to_equity,data_missing:free_cash_flow,munger_gross_margin",24773736448.0,7.809231,1.6820201,,,0.20786,0.0,0.50219,,0.0181,4.0
CE,False,30.57019080952381,"data_missing:trailing_pe,graham_current_ratio,graham_debt_to_equity,graham_earnings_stability,munger_roe,munger_gross_margin",4869016576.0,,1.1983806,1.383,2.8773700000000004,-0.21109,0.20818001,0.08472,1022499968.0,0.0027,0.0
NX,False,30.565095238095243,"data_missing:trailing_pe,graham_size,graham_debt_to_equity,graham_earnings_stability,munger_roe,munger_gross_margin",820503040.0,,1.1171908,2.28,1.22271,-0.29746,0.26492,0.04047,82574872.0,0.0178,0.0
BAX,False,30.538442219989793,"data_missing:trailing_pe,graham_debt_to_equity,graham_earnings_stability,munger_roe",13730327552.0,,2.272028,1.854,1.61021,-0.15010999,0.34647,0.060349997,900875008.0,0.008100000000000001,0.0
PRVA,False,30.51239708232081,"graham_earnings_stability,graham_pe,graham_pe_times_pb,munger_roe,munger_gross_margin",3033747968.0,141.61765,4.018528,1.607,0.01119,0.03615,0.099700004,0.01229,110658376.0,,3.0
TTWO,False,30.497928691455233,"data_missing:trailing_pe,graham_current_ratio,graham_earnings_stability,munger_roe",45726068736.0,,12.913873,1.236,0.8426,-0.105579995,0.57671,0.02328,1447787520.0,,0.0
BJ,False,30.431208365179025,"graham_current_ratio,graham_debt_to_equity,graham_pe,graham_pe_times_pb,munger_gross_margin",12491663360.0,22.488506,5.875023,0.727,1.34579,0.27885,0.18475,0.03672,89211000.0,,4.0
ALG,False,30.37754285714286,"data_missing:market_cap,data_missing:price_to_book,munger_roe,munger_gross_margin",,18.743132,,4.317,0.26239,0.09075,0.24528,0.10106,57927876.0,0.0084,4.0
VIAV,False,30.33912640783286,"data_missing:trailing_pe,graham_debt_to_equity,graham_earnings_stability,munger_roe",8557524992.0,,9.585521,1.615,1.34259,-0.06995,0.6068,0.121929996,175037504.0,,1.0
VTR,False,30.315267275939284,"graham_current_ratio,graham_earnings_stability,graham_pe,graham_pe_times_pb,munger_roe",44292493312.0,165.64546,3.3741345,0.206,0.9373600000000001,0.0214,0.40493,0.13771,1483115264.0,0.020499999999999997,2.0
HSIC,False,30.29848525700184,"graham_current_ratio,graham_pe,graham_pe_times_pb,munger_roe",9690898432.0,25.700907,2.9804156,1.364,0.7774800000000001,0.08762,0.31194,0.05849,290124992.0,,4.0
XEL,False,30.282548047619052,"graham_current_ratio,graham_debt_to_equity,graham_pe,graham_pe_times_pb,munger_roe,munger_fcf",48886546432.0,22.567722,2.0531712,0.77,1.64845,0.0959,0.45928,0.18155001,-7471625216.0,0.0301,4.0
TMP,False,30.272251499999996,"data_missing:current_ratio,data_missing:debt_to_equity,data_missing:free_cash_flow,graham_size,munger_gross_margin",1438410624.0,8.213409,1.4984485,,,0.20363002,0.0,0.45026,,0.0282,4.0
HR,False,30.271393811744012,"data_missing:trailing_pe,graham_current_ratio,graham_earnings_stability,munger_roe",7497324032.0,,1.6686182,0.307,0.9650799999999999,-0.04232,0.61995,0.11508001,144416256.0,0.044000000000000004,0.0
BTSG,False,30.243966469986955,"graham_debt_to_equity,graham_earnings_stability,graham_pe,graham_pe_times_pb,munger_roe,munger_gross_margin",14212052992.0,94.045456,7.497929,1.737,1.35679,0.09231,0.12177,0.03361,1013108352.0,,1.0
OKE,False,30.23781488607987,"graham_current_ratio,graham_debt_to_equity,graham_pe_times_pb,munger_gross_margin",55748456448.0,15.772727,2.4935186,0.71,1.49644,0.15903,0.29636,0.1492,454375008.0,0.047599999999999996,4.0
MXL,False,30.190202015314405,"data_missing:trailing_pe,graham_earnings_stability,munger_roe",5845175808.0,,12.055741,1.776,0.30566,-0.21324,0.57477003,-0.02441,14404875.0,,0.0
PRIM,False,30.102367243182936,"graham_current_ratio,graham_pe_times_pb,munger_gross_margin",4438053888.0,18.057394,2.6344607,1.282,0.55107,0.15854,0.1038,0.01853,128238000.0,0.0043,4.0
APD,False,30.038225523809526,"data_missing:market_cap,graham_current_ratio,graham_debt_to_equity,graham_earnings_stability,graham_pe,graham_pe_times_pb,munger_roe,munger_fcf",,31.443039,4.24132,1.427,1.01611,0.12353,0.31983998,0.23595,-3519237376.0,0.0246,0.0
ENSG,False,30.025354001889703,"graham_current_ratio,graham_pe,graham_pe_times_pb,munger_gross_margin",10462862336.0,28.137932,4.2482905,1.211,0.92027,0.16973,0.16566,0.09035,280635360.0,0.0014000000000000002,4.0
TXNM,False,30.018607292857148,"graham_current_ratio,graham_debt_to_equity,graham_pe,graham_pe_times_pb,munger_roe,munger_fcf",6402200576.0,41.014187,1.8504416,0.55,1.6355199999999999,0.054050002,0.58281,0.15255,-634117504.0,0.029300000000000003,4.0
CWK,False,30.015428571428572,"graham_current_ratio,graham_debt_to_equity,graham_earnings_stability,graham_pe,graham_pe_times_pb,munger_roe,munger_gross_margin",3195858944.0,42.625004,1.6368655,1.133,1.59779,0.03952,0.18183,0.02311,397175008.0,,2.0
AMTM,False,29.899869122619045,"graham_current_ratio,graham_earnings_stability,graham_pe,graham_pe_times_pb,munger_roe,munger_gross_margin",5287005184.0,36.066666,1.146065,1.481,0.835,0.028870001,0.10492,0.04112,655500032.0,,1.0
WS,False,29.89564566444796,"graham_size,graham_current_ratio,graham_pe,graham_pe_times_pb,munger_roe,munger_gross_margin",1779409024.0,104.838234,1.5821127,1.456,0.28054,-0.01048,0.11711001,0.05725,90725000.0,0.0179,4.0
OTIS,False,29.87029710839876,"data_missing:debt_to_equity,data_missing:return_on_equity,graham_current_ratio,graham_pe_times_pb",27037040640.0,18.258354,-4.703954,0.831,,,0.30313,0.15133001,1436249984.0,0.024,4.0
DD,False,29.867613619047617,"graham_earnings_stability,graham_pe,graham_pe_times_pb,munger_roe,munger_fcf",18823055360.0,121.22609,1.3565772,2.683,0.22594,0.00896,0.35009998,0.13801,-124750000.0,0.0174,0.0
KNX,False,29.842780102460857,"graham_current_ratio,graham_pe,graham_pe_times_pb,munger_roe,munger_gross_margin",11040654336.0,251.64813,1.5822872,0.877,0.38409999999999994,0.00611,0.24103001,0.05396,432755008.0,0.0113,4.0
BKH,False,29.832119047619045,"graham_current_ratio,graham_debt_to_equity,munger_roe,munger_fcf",5522333696.0,18.890625,1.3995485,0.646,1.1559,0.07658,0.39016,0.25861,-487224992.0,0.038599999999999995,4.0
VLTO,False,29.827271857142858,"data_missing:current_ratio,data_missing:return_on_equity,data_missing:free_cash_flow,graham_pe,graham_pe_times_pb",23166461952.0,23.935768,7.7666535,,0.95542,,0.60183,0.21370001,,0.0053,4.0
CNC,False,29.754128571428573,"data_missing:trailing_pe,graham_current_ratio,graham_earnings_stability,munger_roe,munger_gross_margin",30207795200.0,,1.3388654,1.145,0.7108199999999999,-0.20358999,0.11415,0.0376,9639624704.0,,0.0
XRAY,False,29.712931232582818,"data_missing:trailing_pe,graham_debt_to_equity,graham_earnings_stability,munger_roe",2713424896.0,,2.0192308,1.529,1.77786,-0.37669,0.48926997,0.034089997,129625000.0,0.0504,0.0
ORLY,False,29.670293145298228,"data_missing:debt_to_equity,data_missing:return_on_equity,graham_current_ratio,graham_pe,graham_pe_times_pb",73109241856.0,28.00635,-97.26571,0.755,,,0.51632,0.18454,1330813184.0,,4.0
ARW,False,29.66382278854124,"graham_current_ratio,munger_roe,munger_gross_margin",10915051520.0,15.268956,1.6174643,1.238,0.36178,0.113299996,0.11259,0.04157,264513248.0,,4.0
SNDR,False,29.639513174734837,"graham_pe,graham_pe_times_pb,munger_roe,munger_gross_margin",5927957504.0,60.446426,1.9626601,1.947,0.13204000000000002,0.03259,0.16279,0.02388,183200000.0,0.0113,4.0
FBP,False,29.6205,"data_missing:current_ratio,data_missing:debt_to_equity,data_missing:free_cash_flow,munger_gross_margin",4446641664.0,12.28903,2.2336836,,,0.19494,0.0,0.49097002,,0.0277,4.0
GSHD,False,29.5809178323852,"data_missing:debt_to_equity,data_missing:return_on_equity,graham_pe,graham_pe_times_pb",3042577152.0,46.80292,-12.516104,1.544,,,0.49583,0.23388,36873876.0,,4.0
ROCK,False,29.538991996323393,"graham_size,graham_current_ratio,graham_debt_to_equity,graham_earnings_stability,graham_pe,graham_pe_times_pb,munger_roe,munger_gross_margin",1284657792.0,20.72249,1.4587404,1.407,1.56047,0.066020004,0.26057,0.06084,68315000.0,,0.0
PENG,False,29.469563792857144,"graham_earnings_stability,graham_pe,graham_pe_times_pb,munger_gross_margin,munger_fcf",2569821440.0,39.80159,5.8524914,1.544,0.77496,0.16194999,0.27924,0.108260006,-107568000.0,,1.0
PATK,False,29.434598171663684,"graham_debt_to_equity,graham_pe,graham_pe_times_pb,munger_roe,munger_gross_margin",2760214272.0,21.400309,2.3180888,2.713,1.35115,0.117010005,0.23099001,0.06491,112366376.0,0.0217,4.0
FND,False,29.42934696133843,"graham_current_ratio,graham_pe,graham_pe_times_pb,munger_roe",5908426240.0,29.706522,2.404963,1.15,0.81678,0.08527,0.45009997,0.04547,78788872.0,,4.0
IPGP,False,29.38314006843773,"data_missing:consecutive_positive_earnings_years,graham_pe,graham_pe_times_pb,munger_roe",3529611264.0,122.29412,1.6682048,5.798,0.00771,0.01385,0.37557,0.02096,603625.0,,
ALHC,False,29.302026016949256,"graham_debt_to_equity,graham_earnings_stability,graham_pe,graham_pe_times_pb,munger_roe,munger_gross_margin",3852484864.0,186.35,18.616383,1.58,1.59492,0.12531,0.1238,0.01293,234584992.0,,0.0
ZD,False,29.25437852857143,"graham_size,graham_pe,graham_pe_times_pb,munger_roe,munger_fcf",1940857216.0,43.90833,1.1531054,1.662,0.51947,0.02076,0.85443,0.011419999,-15431375.0,,4.0
DPZ,False,29.238569417127785,"data_missing:debt_to_equity,data_missing:return_on_equity,graham_pe_times_pb,munger_gross_margin",11564712960.0,19.817461,-2.9028132,1.538,,,0.28709,0.19084999,531496512.0,0.022099999999999998,4.0
GPC,False,29.226878623700454,"graham_current_ratio,graham_debt_to_equity,graham_pe,graham_pe_times_pb,munger_roe",17160093696.0,497.9,3.791386,1.159,1.4641499999999998,0.0070700003,0.37564,0.06562,917241984.0,0.0327,4.0
IFF,False,29.129576340476188,"data_missing:market_cap,graham_current_ratio,graham_earnings_stability,graham_pe,graham_pe_times_pb,munger_roe",,24.473684,1.4287264,1.492,0.45701,0.060510002,0.36346,0.10106,3702625024.0,0.020099999999999996,0.0
WING,False,29.090570761904765,"data_missing:debt_to_equity,data_missing:return_on_equity,data_missing:free_cash_flow,graham_pe,graham_pe_times_pb",3614576384.0,32.85396,-4.522933,2.967,,,0.49418998,0.29441,,0.0086,4.0
ASTH,False,29.090488095238097,"graham_size,graham_current_ratio,graham_debt_to_equity,graham_pe,graham_pe_times_pb,munger_roe,munger_gross_margin",1823182208.0,60.278687,2.2489297,1.347,1.84463,0.05659,0.10661,0.03016,287761888.0,,4.0
CBRE,False,29.081811034458283,"graham_current_ratio,graham_debt_to_equity,graham_pe,graham_pe_times_pb,munger_gross_margin",43609169920.0,34.08009,4.9610257,1.141,1.15293,0.15798001,0.18574,0.03207,1686375040.0,,4.0
OGS,False,28.970342407142862,"data_missing:market_cap,graham_current_ratio,munger_roe,munger_fcf",,17.65237,1.3920535,0.568,0.95902,0.081499994,0.37599,0.22657,-285780384.0,0.0341,4.0
MHO,False,28.953626319047622,"data_missing:free_cash_flow,munger_roe,munger_gross_margin",3923391488.0,12.784215,1.2205307,9.057,0.31079,0.100600004,0.20965,0.095249996,,,4.0
ITGR,False,28.930299329158178,"graham_pe,graham_pe_times_pb,munger_roe,munger_gross_margin",3376129792.0,24.672455,1.9890376,3.755,0.81411,0.08585,0.26812,0.08163,98143248.0,,4.0
HXL,False,28.870666282678055,"graham_pe,graham_pe_times_pb,munger_roe,munger_gross_margin",7753160192.0,68.072845,6.121003,2.454,0.78826,0.08411,0.24091,0.12582,184950000.0,0.0066,4.0
BALL,False,28.83661880670501,"graham_current_ratio,graham_debt_to_equity,graham_pe_times_pb,munger_gross_margin",17247449088.0,18.886297,3.0790436,1.119,1.45542,0.16785999,0.1917,0.09353,403500000.0,0.012199999999999999,4.0
POWI,False,28.796919336577947,"data_missing:debt_to_equity,graham_pe,graham_pe_times_pb,munger_roe",3364929792.0,201.29999,4.997931,6.883,,0.02359,0.53938,0.07408,79055376.0,0.0152,4.0
BRKR,False,28.771690093919865,"data_missing:trailing_pe,graham_earnings_stability,munger_roe",9713517568.0,,3.9660637,1.552,0.68124,-0.0043200003,0.47616002,0.06182,212487504.0,0.0032,0.0
SLB,False,28.74714598809524,"data_missing:free_cash_flow,graham_current_ratio,graham_pe,graham_pe_times_pb,munger_roe,munger_gross_margin",72545337344.0,23.846342,2.6618567,1.439,0.46958,0.12909001,0.16991,0.12706,,0.0241,4.0
GL,False,28.7372279047619,"data_missing:current_ratio,data_missing:return_on_equity,data_missing:free_cash_flow",14057583616.0,12.037899,2.3175585,,0.53588,,0.33905998,0.24438,,0.0073,4.0
PLXS,False,28.70148464755562,"graham_pe,graham_pe_times_pb,munger_roe,munger_gross_margin",6362676736.0,34.868034,4.2709103,1.54,0.17967,0.132,0.10055,0.052699998,22556876.0,,4.0
ADNT,False,28.66752380952381,"graham_size,graham_current_ratio,graham_debt_to_equity,graham_earnings_stability,graham_pe,graham_pe_times_pb,munger_roe,munger_gross_margin",1715292800.0,33.653847,1.0013274,1.097,1.26533,0.06816,0.06641,0.03131,323249984.0,,0.0
DXC,False,28.61766666666667,"graham_size,graham_current_ratio,graham_debt_to_equity,graham_earnings_stability,graham_pe,graham_pe_times_pb,munger_roe,munger_gross_margin",1797470080.0,110.9,0.62401533,1.361,1.3234700000000001,0.00836,0.23972,-0.02173,809000000.0,,3.0
NSIT,False,28.58101665866122,"graham_current_ratio,graham_debt_to_equity,graham_pe,graham_pe_times_pb,munger_roe,munger_gross_margin",3906272512.0,23.053476,2.436419,1.215,1.07866,0.112629995,0.21968001,0.051680002,165567248.0,,4.0
MAN,False,28.506772975475958,"graham_current_ratio,graham_earnings_stability,graham_pe,munger_roe,munger_gross_margin",2419312128.0,23.432432,1.1583166,1.043,0.67414,0.050809998,0.16235,0.023039998,129762496.0,0.0258,0.0
INTC,False,28.4469960550072,"data_missing:trailing_pe,graham_earnings_stability,munger_roe",465308975104.0,,4.159715,1.604,0.48997,-0.10715,0.38873002,0.12189999,4866375168.0,,0.0
BC,False,28.440877857210094,"data_missing:trailing_pe,graham_current_ratio,graham_debt_to_equity,graham_earnings_stability,munger_roe,munger_gross_margin",5261630464.0,,3.28746,1.376,1.52463,-0.07778,0.25785,0.039979998,381624992.0,0.0219,0.0
PII,False,28.433886217903964,"data_missing:trailing_pe,graham_current_ratio,graham_debt_to_equity,graham_earnings_stability,munger_roe,munger_gross_margin",3839280896.0,,4.5894837,1.2,2.4489900000000002,-0.25571,0.21948,0.071729995,277100000.0,0.0404,0.0
NPK,False,28.358964619047622,"graham_size,graham_pe,graham_pe_times_pb,munger_roe,munger_gross_margin,munger_fcf",881638272.0,27.400892,2.220758,5.877,0.02355,0.08406,0.15369001,0.05331,-12435875.0,0.008199999999999999,4.0
GEO,False,28.35483442857143,"data_missing:market_cap,graham_debt_to_equity,graham_pe_times_pb,munger_gross_margin,munger_fcf",,15.477157,2.5714767,1.754,1.10988,0.1925,0.25471002,0.12663001,-55650124.0,,4.0
BJRI,False,28.34763593557838,"graham_size,graham_current_ratio,graham_debt_to_equity,graham_pe,graham_pe_times_pb,munger_roe,munger_gross_margin",1492306688.0,35.680904,4.012262,0.312,1.24192,0.119219996,0.15455,0.03454,76252000.0,,4.0
VECO,False,28.34229225305104,"graham_earnings_stability,graham_pe,graham_pe_times_pb,munger_roe",2899700736.0,125.02631,3.281304,4.226,0.29591999999999996,0.02727,0.38571,-0.00408,33391124.0,,2.0
JPM,False,28.341749999999998,"data_missing:current_ratio,data_missing:debt_to_equity,data_missing:free_cash_flow,graham_pe_times_pb,munger_gross_margin",932151033856.0,15.024422,2.6364777,,,0.17789,0.0,0.50394,,0.0174,4.0
RITM,False,28.338821578571427,"data_missing:free_cash_flow,graham_debt_to_equity,munger_roe",5385836032.0,8.848624,0.7823654,2.415,4.25736,0.055910002,1.0,0.09673,,0.1001,4.0
SYNA,False,28.335631674146107,"data_missing:trailing_pe,graham_earnings_stability,munger_roe",4282050560.0,,3.1252139,3.044,0.64724,-0.03504,0.43609002,-0.043169998,145724992.0,,0.0
SDGR,False,28.3238,"data_missing:trailing_pe,graham_size,graham_earnings_stability,munger_roe,munger_fcf",1141732608.0,,3.6329055,2.737,0.34128000000000003,-0.30124,0.55329,-0.83285004,-49420624.0,,0.0
AESI,False,28.304890215474366,"data_missing:trailing_pe,graham_size,graham_current_ratio,graham_earnings_stability,munger_roe,munger_gross_margin",1277784064.0,,1.0931823,1.174,0.5925,-0.07999,0.25472,-0.13427,70031376.0,0.09820000000000001,0.0
VIR,False,28.235999999999994,"data_missing:trailing_pe,graham_size,graham_earnings_stability,munger_roe,munger_gross_margin,munger_fcf",1489196928.0,,1.7516366,7.11,0.1176,-0.47692,0.0,4592.4136,-214927632.0,,0.0
GPN,False,28.22587185714286,"data_missing:market_cap,graham_current_ratio,graham_pe,graham_pe_times_pb,munger_roe",,31.759192,0.9926458,0.792,0.9559300000000001,0.02935,0.67403,0.12515001,7124387840.0,0.0113,4.0
PFBC,False,28.182750000000002,"data_missing:current_ratio,data_missing:debt_to_equity,data_missing:free_cash_flow,graham_size,munger_gross_margin",1232628352.0,9.718954,1.6003997,,,0.17577,0.0,0.67442,,0.030600000000000002,4.0
IDA,False,28.11559523809524,"graham_current_ratio,graham_debt_to_equity,graham_pe,graham_pe_times_pb,munger_roe,munger_fcf",7867969536.0,23.627287,2.1604517,1.21,1.0988200000000001,0.09498,0.37604,0.19734,-1040550528.0,0.024399999999999998,4.0
ESI,False,28.03914203321411,"graham_pe,graham_pe_times_pb,munger_roe",8777746432.0,48.675674,3.1207764,2.907,0.74976,0.06539,0.38591,0.118310004,50812500.0,0.0092,4.0
SFBS,False,28.001249249999997,"data_missing:current_ratio,data_missing:debt_to_equity,data_missing:free_cash_flow,graham_pe_times_pb,munger_gross_margin",4895790592.0,15.255537,2.4751928,,,0.17334999,0.0,0.70001,,0.017,4.0
BYD,False,27.915904761904763,"data_missing:current_ratio,data_missing:return_on_equity,data_missing:free_cash_flow,graham_debt_to_equity",6539567616.0,3.903283,2.5957396,,1.15268,,0.58801,0.19403,,0.0084,4.0
DAN,False,27.904885714285715,"data_missing:trailing_pe,graham_earnings_stability,munger_roe,munger_gross_margin",2869017344.0,,1.4846358,1.566,0.76216,-0.02795,0.08607,0.03426,578000000.0,0.0179,1.0
ELF,False,27.904658465947747,"graham_pe,graham_pe_times_pb,munger_roe",4884112896.0,188.34091,18.614105,3.071,0.81104,-0.00291,0.60951,0.0174,84486248.0,,4.0
TGT,False,27.82805952380952,"data_missing:market_cap,graham_current_ratio,graham_debt_to_equity,graham_pe_times_pb,munger_gross_margin",,18.966974,3.9775057,0.932,1.17548,0.22015,0.28139,0.0452,3141250048.0,0.0318,4.0
NTRS,False,27.7995,"data_missing:current_ratio,data_missing:debt_to_equity,data_missing:free_cash_flow,graham_pe_times_pb,munger_gross_margin",22311155712.0,15.604811,2.777285,,,0.17066,0.0,0.42496,,0.018500000000000003,4.0
MGM,False,27.774285714285714,"data_missing:market_cap,graham_current_ratio,graham_debt_to_equity,graham_pe,graham_pe_times_pb,munger_roe",,62.890408,4.8270426,1.335,9.51186,0.13488,0.4416,0.06856,528360256.0,,4.0
PRKS,False,27.704978512204924,"data_missing:debt_to_equity,data_missing:return_on_equity,graham_current_ratio,graham_pe_times_pb",2128169216.0,16.973684,-3.9366992,0.531,,,0.46953,-0.027780002,102611624.0,,4.0
CHEF,False,27.701982668160134,"graham_debt_to_equity,graham_pe,graham_pe_times_pb,munger_gross_margin",4493892608.0,52.454765,6.615519,2.148,1.4602899999999999,0.15252,0.24457,0.05017,107143504.0,,4.0
MTX,False,27.701861904761905,"data_missing:market_cap,graham_earnings_stability,munger_roe,munger_gross_margin",,13.989195,1.277701,2.126,0.5485099999999999,0.09793,0.24886,0.12342,85250000.0,0.006500000000000001,0.0
CMS,False,27.664547190476192,"graham_current_ratio,graham_debt_to_equity,graham_pe,graham_pe_times_pb,munger_roe,munger_fcf",22659086336.0,21.76506,2.372837,0.936,1.8560400000000001,0.09158,0.40315,0.17167999,-2198874880.0,0.030699999999999998,4.0
AX,False,27.59699925,"data_missing:current_ratio,data_missing:debt_to_equity,data_missing:free_cash_flow,munger_gross_margin",5587209216.0,11.963459,1.822703,,,0.16795999,0.0,0.49429,,,4.0
OI,False,27.588761990476197,"data_missing:trailing_pe,graham_size,graham_current_ratio,graham_debt_to_equity,graham_earnings_stability,munger_roe,munger_gross_margin",1137482752.0,,0.8771723,1.261,9.25046,-1.18344,0.14827,0.061750002,111500000.0,,0.0
CHCO,False,27.566249999999997,"data_missing:current_ratio,data_missing:debt_to_equity,data_missing:free_cash_flow,graham_pe_times_pb,munger_gross_margin",2046119040.0,15.899123,2.5187604,,,0.16755,0.0,0.5191,,0.024,4.0
FTRE,False,27.539380909523814,"data_missing:trailing_pe,graham_size,graham_current_ratio,graham_debt_to_equity,graham_earnings_stability,munger_roe,munger_gross_margin",1865210752.0,,3.5474005,0.958,2.13182,-0.15303999,0.19301,0.025799999,292462496.0,,0.0
CWT,False,27.532810523809527,"graham_current_ratio,graham_debt_to_equity,graham_pe,graham_pe_times_pb,munger_roe,munger_fcf",3057005568.0,25.5375,1.8191047,0.688,1.01173,0.0716,0.53180003,0.10351,-281359008.0,0.0246,4.0
EWBC,False,27.43275,"data_missing:current_ratio,data_missing:debt_to_equity,data_missing:free_cash_flow,munger_gross_margin",17979389952.0,12.59501,1.9447861,,,0.16577,0.0,0.65281,,0.0245,4.0
IRM,False,27.32047576190476,"data_missing:debt_to_equity,data_missing:return_on_equity,graham_current_ratio,graham_pe,graham_pe_times_pb,munger_fcf",37070086144.0,135.42935,-30.50808,0.769,,,0.55018,0.20955999,-499464512.0,0.0286,4.0
ZION,False,27.303,"data_missing:current_ratio,data_missing:debt_to_equity,data_missing:free_cash_flow,munger_gross_margin",10135463936.0,8.847134,1.4127914,,,0.16404,0.0,0.52116,,0.026099999999999998,4.0
AHR,False,27.290672664545724,"graham_current_ratio,graham_earnings_stability,graham_pe,graham_pe_times_pb,munger_roe,munger_gross_margin",11497893888.0,94.27119,3.03437,1.005,0.47613999999999995,0.0349,0.18845,0.06389,358525632.0,0.0174,1.0
XYZ,False,27.20615,"graham_earnings_stability,graham_pe,graham_pe_times_pb,munger_roe,munger_fcf",48724492288.0,63.95703,2.219827,1.986,0.37514000000000003,0.03743,0.45078,-0.02632,-794561728.0,,3.0
GM,False,27.13761904761905,"graham_current_ratio,graham_debt_to_equity,graham_pe,graham_pe_times_pb,munger_roe,munger_gross_margin",78822948864.0,38.90625,1.232743,1.136,2.02341,0.03164,0.10177,0.03202,21933750272.0,0.008100000000000001,4.0
CCS,False,27.125561923575535,"graham_size,munger_roe,munger_gross_margin",1962723072.0,15.171428,0.7649601,4.76,0.6606799999999999,0.052210003,0.17865999,0.05158,78148624.0,0.0175,4.0
CAVA,False,27.097971257142856,"graham_earnings_stability,graham_pe,graham_pe_times_pb,munger_roe,munger_fcf",7641849856.0,126.17308,9.429434,2.655,0.61544,0.0802,0.37737,0.063829996,-11791000.0,,3.0
AHCO,False,27.085809536666673,"data_missing:trailing_pe,graham_size,graham_current_ratio,graham_debt_to_equity,graham_earnings_stability,munger_roe,munger_gross_margin",1458500480.0,,0.9465784,0.925,1.3210499999999998,-0.048460003,0.20396,0.0067000003,267899632.0,,0.0
HIMS,False,27.079374229240848,"data_missing:trailing_pe,graham_debt_to_equity,graham_earnings_stability,munger_roe",6155385856.0,,13.750775,1.689,2.53725,-0.026589999,0.72919,-0.07897,174305120.0,,2.0
OFG,False,27.06075,"data_missing:price_to_book,data_missing:current_ratio,data_missing:debt_to_equity,data_missing:free_cash_flow,munger_gross_margin",2240467456.0,10.455621,,,,0.16081,0.0,0.41737998,,0.0258,4.0
WD,False,27.053428571428572,"data_missing:free_cash_flow,graham_size,graham_current_ratio,graham_debt_to_equity,graham_pe,munger_roe",1657169024.0,23.89604,0.932988,1.321,2.01539,0.04152,1.0,0.09192,,0.053899999999999997,4.0
CG,False,27.023000000000003,"data_missing:market_cap,data_missing:free_cash_flow,graham_debt_to_equity,graham_earnings_stability,graham_pe,graham_pe_times_pb,munger_roe",,31.00685,3.0147843,1.994,1.9820900000000001,0.09364,0.8778,-2.3387802,,0.0313,2.0
NEO,False,27.017507342203622,"data_missing:trailing_pe,graham_earnings_stability,munger_roe",2023488128.0,,2.4640174,3.603,0.57064,-0.06327,0.43864,-0.048449997,48205752.0,,0.0
OC,False,27.01730173359987,"data_missing:trailing_pe,graham_current_ratio,graham_debt_to_equity,graham_earnings_stability,munger_roe,munger_gross_margin",11009831936.0,,3.0203018,1.236,1.6353499999999999,-0.09388,0.2718,0.07329,652499968.0,0.022400000000000003,0.0
GVA,False,26.937394295476597,"graham_current_ratio,graham_debt_to_equity,graham_pe,graham_pe_times_pb,munger_gross_margin",4818917888.0,30.014986,4.6689696,1.085,1.29134,0.20034,0.15899,-0.03735,127455128.0,0.0044,4.0
AEO,False,26.919940519047625,"data_missing:market_cap,graham_debt_to_equity",,10.789309,1.747301,1.545,1.1406399999999999,0.17569,0.38194,0.023610001,144004128.0,0.0285,4.0
AMR,False,26.909364784851686,"data_missing:trailing_pe,graham_size,graham_earnings_stability,munger_roe,munger_gross_margin",1787132544.0,,1.1843534,3.667,0.00805,-0.02476,0.10743,-0.031159999,60398752.0,,0.0
ACM,False,26.903190309523804,"data_missing:market_cap,graham_current_ratio,graham_debt_to_equity,graham_pe_times_pb,munger_gross_margin",,14.899792,4.0296993,1.105,1.3520599999999998,0.28608,0.077259995,0.06701,443983136.0,0.016200000000000003,4.0
CPB,False,26.89022661904762,"data_missing:market_cap,graham_current_ratio,graham_debt_to_equity,munger_gross_margin",,10.806373,1.6309092,0.866,1.82035,0.15389,0.292,0.13102001,603249984.0,0.0679,4.0
DOC,False,26.817856639285715,"data_missing:market_cap,graham_debt_to_equity,graham_pe,graham_pe_times_pb,munger_roe",,68.8125,1.9561162,2.039,1.1824299999999999,0.027999999,0.58329,0.12307999,1109761536.0,0.054299999999999994,4.0
KNTK,False,26.710833333333333,"graham_current_ratio,graham_debt_to_equity,graham_pe_times_pb,munger_fcf",8342952448.0,19.884462,-2.0572112,0.594,1.36845,0.17466,0.40834,-0.0094099995,-117929128.0,0.0634,4.0
CFR,False,26.601750000000003,"data_missing:current_ratio,data_missing:debt_to_equity,data_missing:free_cash_flow,graham_pe_times_pb,munger_gross_margin",10220533760.0,15.847614,2.330665,,,0.15469,0.0,0.36897,,0.024700000000000003,4.0
PPC,False,26.558666666666664,"graham_current_ratio,munger_gross_margin,munger_fcf",7049626624.0,7.9436994,1.8936536,1.48,0.8962,0.25812,0.11573,0.04165,-900115520.0,,4.0
PNW,False,26.54596428571429,"data_missing:market_cap,graham_current_ratio,graham_debt_to_equity,graham_pe_times_pb,munger_roe,munger_fcf",,18.834888,1.7309045,0.599,2.1295699999999997,0.09559,0.43014,0.11757,-831102848.0,0.0356,4.0
USFD,False,26.545709087136483,"graham_current_ratio,graham_debt_to_equity,graham_pe,graham_pe_times_pb,munger_gross_margin",22125670400.0,33.82828,5.1103764,1.142,1.2289400000000001,0.1513,0.17395,0.02331,743500032.0,,4.0
WRBY,False,26.522718519619026,"graham_earnings_stability,graham_pe,graham_pe_times_pb,munger_roe",3200413184.0,2608.0,8.517309,2.334,0.63233,0.00369,0.53408,0.009509999,32268876.0,,1.0
KEX,False,26.515066000000004,"data_missing:current_ratio,data_missing:return_on_equity,data_missing:free_cash_flow,graham_pe,graham_pe_times_pb",6979700224.0,20.08154,2.0457323,,0.34684,,0.33196998,0.13188,,,4.0
NEOG,False,26.44407125556923,"data_missing:trailing_pe,graham_earnings_stability,munger_roe",2378077952.0,,1.1310694,3.918,0.37819,-0.25566998,0.45209,-0.01563,19474124.0,,0.0
SW,False,26.4050443636192,"graham_current_ratio,graham_pe,graham_pe_times_pb,munger_roe,munger_gross_margin",24780926976.0,50.265957,1.3741057,1.447,0.78427,0.02715,0.17934,0.05466,1270000000.0,0.0375,4.0
CRH,False,26.404616666666662,"data_missing:market_cap,graham_pe_times_pb",,17.83514,2.7844806,1.59,0.8322700000000001,0.15812,0.36089,-0.00041,786124992.0,0.015600000000000001,4.0
EL,False,26.396428571428572,"data_missing:market_cap,data_missing:trailing_pe,graham_current_ratio,graham_debt_to_equity,graham_earnings_stability,munger_roe",,,7.7267375,1.268,2.32908,-0.05949,0.74651,0.14925,1807624960.0,0.0166,0.0
HUBG,False,26.386771481616684,"graham_current_ratio,graham_pe,graham_pe_times_pb,munger_roe,munger_gross_margin",2742734848.0,25.775862,1.6118598,1.474,0.2841,0.06241,0.11378,0.04162,59145876.0,0.0105,4.0
CC,False,26.340428614285717,"data_missing:trailing_pe,graham_debt_to_equity,graham_earnings_stability,munger_roe,munger_gross_margin",2529352960.0,,11.762238,1.82,20.33796,-1.0301499,0.15204,0.029690001,216250000.0,0.0212,0.0
SEDG,False,26.3328,"data_missing:trailing_pe,graham_earnings_stability,munger_roe,munger_gross_margin",2470435328.0,,6.0151043,2.025,0.9844799999999999,-0.72501,0.183,-0.15279001,277839360.0,,0.0
SOLS,False,26.309964714285716,"data_missing:free_cash_flow,graham_current_ratio,graham_debt_to_equity,graham_pe,graham_pe_times_pb,munger_roe",9220791296.0,48.78151,6.2032485,1.429,1.6521700000000001,0.10743,0.31299,0.18246001,,0.0054,4.0
FOXF,False,26.307103208904632,"data_missing:trailing_pe,graham_size,graham_debt_to_equity,graham_earnings_stability,munger_roe,munger_gross_margin",755269760.0,,1.1464766,2.987,1.19564,-0.37539002,0.29708,0.016139999,47469376.0,,0.0
KRMN,False,26.280142857142852,"graham_debt_to_equity,graham_earnings_stability,graham_pe,graham_pe_times_pb,munger_roe,munger_fcf",6198917632.0,203.36957,15.280954,3.533,2.13707,0.0794,0.41034,0.1551,-40082624.0,,3.0
LKFN,False,26.247749999999996,"data_missing:current_ratio,data_missing:debt_to_equity,data_missing:free_cash_flow,graham_size,graham_pe_times_pb,munger_roe,munger_gross_margin",1562628992.0,14.417431,2.0924735,,,0.14997,0.0,0.51455003,,0.0329,4.0
PVH,False,26.214776040476195,"data_missing:market_cap,graham_pe,munger_roe",,26.263636,0.8158789,1.677,0.8633799999999999,0.033239998,0.57532,0.05822,465637504.0,0.0017000000000000001,4.0
CARR,False,26.14264077144731,"graham_current_ratio,graham_pe,graham_pe_times_pb,munger_roe,munger_gross_margin",49117409280.0,42.560715,3.739253,1.02,0.91998,0.08966,0.24691999,0.13069001,861750016.0,0.016,4.0
MDU,False,26.087892857142858,"graham_current_ratio,graham_pe,graham_pe_times_pb,munger_roe,munger_fcf",4165489920.0,21.663044,1.4345354,0.779,0.89405,0.06726,0.34011,0.1894,-432695744.0,0.027999999999999997,4.0
CBSH,False,26.020500749999997,"data_missing:current_ratio,data_missing:debt_to_equity,data_missing:free_cash_flow,munger_roe,munger_gross_margin",8589040128.0,14.629902,1.9710077,,,0.14694001,0.0,0.42740002,,0.0182,4.0
SMTC,False,25.972731576938564,"data_missing:trailing_pe,graham_earnings_stability,munger_roe",10758960128.0,,18.762182,2.37,0.9028400000000001,-0.05806,0.52394,0.09267,132511376.0,,0.0
FFIN,False,25.806,"data_missing:current_ratio,data_missing:debt_to_equity,data_missing:free_cash_flow,graham_pe_times_pb,munger_roe,munger_gross_margin",5025509376.0,18.751337,2.5159645,,,0.14408,0.0,0.55958,,0.025,4.0
POR,False,25.804440476190475,"graham_current_ratio,graham_debt_to_equity,graham_pe,graham_pe_times_pb,munger_roe,munger_fcf",5797494784.0,22.36384,1.407163,1.087,1.2953899999999998,0.06303,0.47434,0.12287,-302124992.0,0.042800000000000005,4.0
AMRX,False,25.790475150043225,"data_missing:return_on_equity,graham_debt_to_equity,graham_earnings_stability,graham_pe,graham_pe_times_pb",5834184192.0,49.37838,-128.66197,2.469,67.50837,,0.39165002,0.19569,101485872.0,,1.0
CUBI,False,25.74375,"data_missing:current_ratio,data_missing:debt_to_equity,data_missing:free_cash_flow,munger_roe,munger_gross_margin",2661865216.0,9.52724,1.2049457,,,0.14325,0.0,0.46019,,,4.0
PZZA,False,25.74186767296862,"data_missing:debt_to_equity,data_missing:return_on_equity,graham_size,graham_current_ratio,graham_pe,graham_pe_times_pb,munger_gross_margin",1004498496.0,36.783134,-2.2363024,0.844,,,0.2049,0.05222,66995500.0,0.0602,4.0
ACA,False,25.711516068729434,"graham_pe,graham_pe_times_pb,munger_roe,munger_gross_margin",7131781632.0,32.417408,2.7045698,2.315,0.59551,0.08619001,0.22707,0.085710004,55275000.0,0.0014000000000000002,4.0
CPF,False,25.6845,"data_missing:current_ratio,data_missing:debt_to_equity,data_missing:free_cash_flow,graham_size,munger_roe,munger_gross_margin",1019095488.0,12.69775,1.708932,,,0.14246,0.0,0.36801997,,0.0304,4.0
TTMI,False,25.673868747619043,"graham_earnings_stability,graham_pe,graham_pe_times_pb,munger_roe,munger_gross_margin,munger_fcf",11810867200.0,61.809784,6.426513,1.885,0.5710000000000001,0.114029996,0.21004,0.08599,-55001000.0,,2.0
DCH,False,25.664380785714286,"data_missing:trailing_pe,graham_size,graham_current_ratio,graham_debt_to_equity,graham_earnings_stability,munger_roe,munger_gross_margin",1362722432.0,,0.90738106,1.396,3.55274,-0.12077,0.116689995,0.04141,468600000.0,,0.0
MMI,False,25.637766666666668,"data_missing:market_cap,data_missing:trailing_pe,graham_earnings_stability,munger_roe",,,2.0609927,2.649,0.13186,-0.00099,0.37847,-0.03303,35525000.0,0.0158,0.0
AIR,False,25.608259940476184,"graham_pe,graham_pe_times_pb,munger_roe,munger_gross_margin,munger_fcf",5530293760.0,28.52469,3.2036145,2.841,0.59397,0.12876001,0.18802999,0.08384,-50362500.0,,4.0
BNY,False,25.593,"data_missing:current_ratio,data_missing:debt_to_equity,data_missing:free_cash_flow,graham_pe_times_pb,munger_roe,munger_gross_margin",105914474496.0,18.214705,2.6538143,,,0.14124,0.0,0.40046,,0.0146,4.0
AMKR,False,25.511447619047615,"graham_pe,graham_pe_times_pb,munger_roe,munger_gross_margin,munger_fcf",11902115840.0,21.482061,2.5538437,2.171,0.57054,0.12514,0.15511,0.10532,-378785984.0,0.0078000000000000005,4.0
BFH,False,25.48489296428571,"data_missing:current_ratio,data_missing:debt_to_equity,data_missing:free_cash_flow,munger_gross_margin",4428614144.0,8.9469385,1.26048,,,0.17424999,0.0,0.28971002,,0.0086,4.0
AZO,False,25.4293350952381,"data_missing:market_cap,data_missing:debt_to_equity,data_missing:return_on_equity,graham_current_ratio,graham_pe,graham_pe_times_pb",,20.73646,-17.733952,0.89,,,0.51754004,0.19082001,903784256.0,,4.0
FBRT,False,25.35242857142857,"data_missing:free_cash_flow,graham_size,graham_current_ratio,graham_debt_to_equity,munger_roe",577607360.0,14.715687,0.5115883,1.316,2.92687,0.04592,0.99711996,0.04453,,0.1474,4.0
GXO,False,25.320547469601518,"graham_current_ratio,graham_debt_to_equity,graham_pe,graham_pe_times_pb,munger_roe,munger_gross_margin",5738048512.0,44.53125,1.9329149,0.851,1.98468,0.04605,0.15438,0.026080001,358124992.0,,4.0
IBOC,False,25.130249999999997,"data_missing:current_ratio,data_missing:debt_to_equity,data_missing:free_cash_flow,munger_roe,munger_gross_margin",4756243456.0,11.416418,1.4465098,,,0.13507,0.0,0.63948,,0.018600000000000002,4.0
MHK,False,25.103578129761907,"data_missing:market_cap,data_missing:price_to_book,graham_earnings_stability,munger_roe,munger_gross_margin",,17.803144,,2.159,0.30114,0.051030003,0.25340998,0.05475,858924992.0,,2.0
LH,False,25.07624761904762,"data_missing:market_cap,data_missing:price_to_book,graham_pe,munger_roe,munger_gross_margin",,27.712389,,1.726,0.83407,0.11047,0.28834,0.10945,1142537472.0,0.009399999999999999,4.0
UNFI,False,24.969857142857144,"data_missing:trailing_pe,graham_current_ratio,graham_debt_to_equity,graham_earnings_stability,munger_roe,munger_gross_margin",3009314048.0,,1.8888171,1.328,1.97248,-0.02296,0.13494,0.01101,482500000.0,,0.0
XPO,False,24.90051211904762,"data_missing:market_cap,data_missing:price_to_book,graham_current_ratio,graham_debt_to_equity,graham_pe,munger_gross_margin",,68.23367,,0.991,2.2107,0.19937,0.18556,0.087790005,323750016.0,,4.0
MRTN,False,24.800433666666667,"data_missing:free_cash_flow,graham_size,graham_pe,graham_pe_times_pb,munger_roe,munger_gross_margin",1191201408.0,97.33333,1.5565032,2.503,0.00016,0.01646,0.22690001,0.02345,,0.016,4.0
WAL,False,24.764249999999997,"data_missing:current_ratio,data_missing:debt_to_equity,data_missing:free_cash_flow,munger_roe,munger_gross_margin",8943373312.0,9.244922,1.2066884,,,0.13019,0.0,0.39363998,,0.0208,4.0
BOH,False,24.76275,"data_missing:current_ratio,data_missing:debt_to_equity,data_missing:free_cash_flow,graham_pe_times_pb,munger_roe,munger_gross_margin",3159581952.0,14.886616,2.0639093,,,0.13017,0.0,0.44022,,0.0352,4.0
LPX,False,24.748059502380954,"graham_pe,graham_pe_times_pb,munger_roe,munger_gross_margin,munger_fcf",5016647680.0,61.371796,2.9054382,3.262,0.21850000000000003,0.047930002,0.19781,0.066199996,-66000000.0,0.0163,4.0
CASH,False,24.677142857142854,"data_missing:current_ratio,data_missing:debt_to_equity,data_missing:free_cash_flow,graham_size,munger_gross_margin",1864016128.0,11.051315,2.1817014,,,0.21176,0.0,0.20522,,0.0023,4.0
PNC,False,24.46725,"data_missing:current_ratio,data_missing:debt_to_equity,data_missing:free_cash_flow,munger_roe,munger_gross_margin",99388907520.0,13.716685,1.7341859,,,0.12623,0.0,0.38689,,0.0322,4.0
USB,False,24.46725,"data_missing:current_ratio,data_missing:debt_to_equity,data_missing:free_cash_flow,munger_roe,munger_gross_margin",98035851264.0,12.561876,1.617409,,,0.12623,0.0,0.39646998,,0.0331,4.0
PRK,False,24.43875,"data_missing:current_ratio,data_missing:debt_to_equity,data_missing:free_cash_flow,graham_pe_times_pb,munger_roe,munger_gross_margin",3763126016.0,18.633274,2.1795354,,,0.12585,0.0,0.44252,,0.0207,4.0
WFC,False,24.43125,"data_missing:current_ratio,data_missing:debt_to_equity,data_missing:free_cash_flow,munger_roe,munger_gross_margin",256767787008.0,12.787651,1.5962328,,,0.12575,0.0,0.37387002,,0.023799999999999998,4.0
CNO,False,24.42157142857143,"data_missing:market_cap,graham_debt_to_equity,graham_pe,graham_pe_times_pb,munger_roe",,21.717743,2.0219996,2.425,1.7219399999999998,0.09764,0.38895,0.09645,1026137472.0,0.013600000000000001,4.0
WABC,False,24.3645,"data_missing:current_ratio,data_missing:debt_to_equity,data_missing:free_cash_flow,graham_size,munger_roe,munger_gross_margin",1388170624.0,13.322295,1.6156666,,,0.12486,0.0,0.60288,,0.0317,4.0
PWR,False,24.352488230246642,"graham_current_ratio,graham_pe,graham_pe_times_pb,munger_roe,munger_gross_margin",95400738816.0,87.2085,10.547666,1.135,0.69121,0.13534,0.15100001,0.04244,1037176768.0,0.0008,4.0
FUN,False,24.33529130463961,"data_missing:trailing_pe,graham_size,graham_current_ratio,graham_debt_to_equity,graham_earnings_stability,munger_roe",1783969792.0,,6.3750916,0.684,10.75604,-1.23431,0.37351,-1.07783,84809624.0,,0.0
CRI,False,24.330380702380953,"data_missing:market_cap,graham_debt_to_equity,munger_roe",,15.301204,1.5122048,2.795,1.2885,0.10204001,0.44662997,0.04176,95228248.0,0.0258,4.0
UMBF,False,24.231749999999998,"data_missing:current_ratio,data_missing:debt_to_equity,data_missing:free_cash_flow,munger_roe,munger_gross_margin",11180239872.0,12.247088,1.5112102,,,0.12309,0.0,0.51058,,0.013500000000000002,4.0
RHI,False,24.195100000000004,"data_missing:market_cap,data_missing:price_to_book,data_missing:current_ratio,data_missing:return_on_equity,data_missing:free_cash_flow,graham_pe",,32.304348,,,0.20466,,0.36795,-0.04662,,0.0588,4.0
WTFC,False,24.156,"data_missing:current_ratio,data_missing:debt_to_equity,data_missing:free_cash_flow,munger_roe,munger_gross_margin",10735192064.0,12.782731,1.5597253,,,0.12208,0.0,0.46085998,,0.0138,4.0
CZR,False,24.13866623809524,"data_missing:trailing_pe,data_missing:current_ratio,data_missing:return_on_equity,data_missing:free_cash_flow,graham_debt_to_equity,graham_earnings_stability",6042345984.0,,1.7151449,,7.22658,,0.49691,0.17674999,,,0.0
TRUP,False,24.13639285714286,"graham_size,graham_earnings_stability,graham_pe,graham_pe_times_pb,munger_roe,munger_gross_margin,munger_fcf",1074154112.0,41.73729,2.720694,1.727,0.27695000000000003,0.07082,0.22338,0.01244,-13622000.0,,1.0
LHX,False,24.120614457142857,"data_missing:current_ratio,data_missing:return_on_equity,data_missing:free_cash_flow,graham_pe,graham_pe_times_pb",49537687552.0,26.832493,2.5871513,,0.34574,,0.30414,0.097270004,,0.0168,4.0
UNM,False,24.096942857142857,"data_missing:price_to_book,data_missing:current_ratio,data_missing:return_on_equity,data_missing:free_cash_flow,munger_gross_margin",13493491712.0,19.777262,,,0.36928,,0.29304,0.11359,,0.0242,4.0
RYN,False,24.068721428571425,"data_missing:market_cap,graham_pe,graham_pe_times_pb,munger_roe,munger_gross_margin",,46.02174,1.1983471,2.529,0.38949,0.01826,0.28593,0.09358,346827136.0,0.046900000000000004,4.0
SMP,False,23.925784964285715,"data_missing:market_cap,data_missing:price_to_book,graham_debt_to_equity,munger_roe",,10.429145,,2.234,1.08954,0.12425999,0.31377,0.09677,64903876.0,0.0326,4.0
WSFS,False,23.925749999999997,"data_missing:current_ratio,data_missing:debt_to_equity,data_missing:free_cash_flow,munger_roe,munger_gross_margin",4156518400.0,13.571309,1.5482161,,,0.11901,0.0,0.41717,,0.009899999999999999,4.0
RF,False,23.900249549999998,"data_missing:market_cap,data_missing:current_ratio,data_missing:debt_to_equity,data_missing:free_cash_flow,munger_roe,munger_gross_margin",,12.510162,1.5025388,,,0.118669994,0.0,0.39314997,,0.0354,4.0
DTE,False,23.89369004761905,"graham_current_ratio,graham_debt_to_equity,graham_pe,graham_pe_times_pb,munger_roe,munger_gross_margin,munger_fcf",29469429760.0,22.443739,2.4256644,0.802,2.2906,0.1103,0.29347,0.13623999,-2596624896.0,0.0325,4.0
APO,False,23.890666666666664,"data_missing:free_cash_flow,graham_debt_to_equity,graham_earnings_stability,graham_pe,graham_pe_times_pb,munger_roe",69280104448.0,75.57861,3.734075,2.024,1.01267,0.08492,0.35222,0.13489,,0.018799999999999997,3.0
RES,False,23.88155978214286,"graham_size,graham_pe,graham_pe_times_pb,munger_roe,munger_gross_margin,munger_fcf",1191303936.0,59.72222,1.0681638,3.127,0.06815,0.019199999,0.23099001,0.01783,-14818875.0,0.0313,4.0
MBIN,False,23.799749999999996,"data_missing:current_ratio,data_missing:debt_to_equity,data_missing:free_cash_flow,munger_roe,munger_gross_margin",2527742720.0,11.049197,1.42077,,,0.11733,0.0,0.61074,,0.008100000000000001,4.0
TPC,False,23.781138428571424,"data_missing:market_cap,data_missing:price_to_book,graham_current_ratio,graham_earnings_stability,graham_pe,munger_roe,munger_gross_margin",,56.397255,,1.277,0.36839,0.11405,0.11744001,0.0429,665888256.0,0.0031,1.0
CATY,False,23.77950045,"data_missing:current_ratio,data_missing:debt_to_equity,data_missing:free_cash_flow,munger_roe,munger_gross_margin",4225368064.0,12.373776,1.3868965,,,0.117060006,0.0,0.62619996,,0.022799999999999997,4.0
TFX,False,23.73627856992858,"data_missing:market_cap,graham_earnings_stability,graham_pe,graham_pe_times_pb,munger_roe,munger_fcf",,2646.9,1.8992438,2.554,0.88791,0.00037999998,0.55332,0.08359,-3678500.0,0.0101,0.0
CBU,False,23.6475,"data_missing:current_ratio,data_missing:debt_to_equity,data_missing:free_cash_flow,munger_roe,munger_gross_margin",3411506432.0,15.048724,1.6545074,,,0.1153,0.0,0.38994998,,0.029500000000000002,4.0
TSLA,False,23.630827742384092,"graham_pe,graham_pe_times_pb,munger_roe,munger_gross_margin",1211128741888.0,286.58878,13.689121,1.941,0.18373,0.046669997,0.18852,0.014099999,4835999744.0,,4.0
CMC,False,23.596325440476193,"data_missing:market_cap,munger_roe,munger_gross_margin",,13.056711,1.6871032,2.326,0.7998099999999999,0.13791999,0.18565,0.09476,134061248.0,0.011699999999999999,4.0
FHN,False,23.58975,"data_missing:market_cap,data_missing:current_ratio,data_missing:debt_to_equity,data_missing:free_cash_flow,munger_roe,munger_gross_margin",,12.954774,1.4399822,,,0.11453,0.0,0.40069,,0.0264,4.0
NBTB,False,23.568,"data_missing:current_ratio,data_missing:debt_to_equity,data_missing:free_cash_flow,munger_roe,munger_gross_margin",2798670592.0,13.092458,1.4619105,,,0.11424,0.0,0.40047002,,0.029500000000000002,4.0
MRCY,False,23.535981264079357,"data_missing:trailing_pe,graham_earnings_stability,munger_roe,munger_gross_margin",5681295872.0,,3.8099458,3.186,0.44426000000000004,-0.00963,0.28683,0.031630002,97339000.0,,0.0
SHEN,False,23.52605,"data_missing:trailing_pe,graham_size,graham_current_ratio,graham_earnings_stability,munger_roe,munger_fcf",612626496.0,,0.73911923,0.852,0.76493,-0.03941,0.64852995,-0.00944,-234767120.0,0.0087,0.0
HAFC,False,23.508,"data_missing:current_ratio,data_missing:debt_to_equity,data_missing:free_cash_flow,graham_size,munger_roe,munger_gross_margin",940804224.0,10.683501,1.1689938,,,0.11344,0.0,0.45029998,,0.0355,4.0
OZK,False,23.4967503,"data_missing:current_ratio,data_missing:debt_to_equity,data_missing:free_cash_flow,munger_roe,munger_gross_margin",5616584192.0,8.365853,0.9446087,,,0.113290004,0.0,0.55609,,0.0361,4.0
KTOS,False,23.49537816309524,"graham_earnings_stability,graham_pe,graham_pe_times_pb,munger_roe,munger_gross_margin,munger_fcf",8398382080.0,263.45056,2.4612076,5.626,0.05437,0.012259999,0.22886999,0.01779,-106725000.0,,2.0
BAC,False,23.399250375,"data_missing:current_ratio,data_missing:debt_to_equity,data_missing:free_cash_flow,munger_roe,munger_gross_margin",432671752192.0,14.2383375,1.5670785,,,0.111990005,0.0,0.38305,,0.021,4.0
TRMK,False,23.339250449999998,"data_missing:current_ratio,data_missing:debt_to_equity,data_missing:free_cash_flow,munger_roe,munger_gross_margin",2770378240.0,12.106871,1.3233945,,,0.111190006,0.0,0.37640998,,0.0213,4.0
HOMB,False,23.329499999999996,"data_missing:current_ratio,data_missing:debt_to_equity,data_missing:free_cash_flow,munger_roe,munger_gross_margin",6263372800.0,12.911157,1.3773419,,,0.11106,0.0,0.57651,,0.0274,4.0
PFS,False,23.328,"data_missing:market_cap,data_missing:current_ratio,data_missing:debt_to_equity,data_missing:free_cash_flow,munger_roe,munger_gross_margin",,10.702127,1.144795,,,0.11104,0.0,0.53484,,0.039900000000000005,4.0
FULT,False,23.32575,"data_missing:current_ratio,data_missing:debt_to_equity,data_missing:free_cash_flow,munger_roe,munger_gross_margin",4684093440.0,11.76202,1.292393,,,0.11101,0.0,0.42348,,0.0311,4.0
FBK,False,23.31,"data_missing:current_ratio,data_missing:debt_to_equity,data_missing:free_cash_flow,munger_roe,munger_gross_margin",3090635008.0,15.869048,1.5480399,,,0.1108,0.0,0.45531,,0.0141,4.0
COLB,False,23.270999999999997,"data_missing:current_ratio,data_missing:debt_to_equity,data_missing:free_cash_flow,munger_roe,munger_gross_margin",8828132352.0,12.241177,1.1689699,,,0.11028,0.0,0.50923,,0.0481,4.0
RUSHA,False,23.192985380952383,"data_missing:free_cash_flow,graham_current_ratio,graham_pe,graham_pe_times_pb,munger_roe,munger_gross_margin",6101307904.0,23.64759,2.727936,1.452,0.6307699999999999,0.11795,0.19850999,0.05113,,0.0069,4.0
BANR,False,23.086499999999997,"data_missing:current_ratio,data_missing:debt_to_equity,data_missing:free_cash_flow,munger_roe,munger_gross_margin",2373505792.0,11.524752,1.1871897,,,0.10782,0.0,0.37702,,0.0291,4.0
MTB,False,23.0565,"data_missing:current_ratio,data_missing:debt_to_equity,data_missing:free_cash_flow,munger_roe,munger_gross_margin",36084690944.0,13.173281,1.4144218,,,0.10742,0.0,0.45108002,,0.024,4.0
J,False,23.01847711826276,"graham_current_ratio,graham_debt_to_equity,graham_pe,graham_pe_times_pb,munger_roe,munger_gross_margin",15669108736.0,39.259792,4.763033,1.434,1.38776,0.09380999,0.2342,-0.00936,512446368.0,0.0106,4.0
SLG,False,23.01590519047619,"data_missing:trailing_pe,data_missing:free_cash_flow,graham_current_ratio,graham_debt_to_equity,graham_earnings_stability,munger_roe",4068058112.0,,1.1336911,1.201,1.42537,-0.03573,0.44821,0.18843001,,0.046900000000000004,0.0
WBS,False,23.011499999999995,"data_missing:current_ratio,data_missing:debt_to_equity,data_missing:free_cash_flow,munger_roe,munger_gross_margin",12501690368.0,12.565961,1.3458989,,,0.10682,0.0,0.50575,,0.021099999999999997,4.0
ONB,False,22.9559997,"data_missing:current_ratio,data_missing:debt_to_equity,data_missing:free_cash_flow,munger_roe,munger_gross_margin",10146793472.0,11.736726,1.2166315,,,0.106079996,0.0,0.52542,,0.0217,4.0
BROS,False,22.95526522013181,"graham_current_ratio,graham_debt_to_equity,graham_earnings_stability,graham_pe,graham_pe_times_pb,munger_roe,munger_gross_margin",11402460160.0,101.992195,11.931091,1.334,1.26055,0.138,0.25261998,0.07733,39701376.0,,3.0
SSB,False,22.948499549999994,"data_missing:current_ratio,data_missing:debt_to_equity,data_missing:free_cash_flow,munger_roe,munger_gross_margin",10246940672.0,11.09979,1.1221553,,,0.105979994,0.0,0.50514,,0.025,4.0
FCF,False,22.8584997,"data_missing:current_ratio,data_missing:debt_to_equity,data_missing:free_cash_flow,munger_roe,munger_gross_margin",2182276352.0,13.161585,1.4080235,,,0.104779996,0.0,0.41845,,0.025699999999999997,4.0
FLEX,False,22.845833197765746,"graham_current_ratio,graham_debt_to_equity,graham_pe,graham_pe_times_pb,munger_gross_margin",40189272064.0,47.077255,7.4588604,1.38,1.07818,0.18378,0.0953,0.0497,603750016.0,,4.0
FHB,False,22.741499249999997,"data_missing:current_ratio,data_missing:debt_to_equity,data_missing:free_cash_flow,munger_roe,munger_gross_margin",3408760064.0,12.180435,1.2062433,,,0.10321999,0.0,0.43712002,,0.037200000000000004,4.0
KEY,False,22.715357142857144,"data_missing:current_ratio,data_missing:debt_to_equity,data_missing:free_cash_flow,graham_earnings_stability,munger_roe,munger_gross_margin",24130437120.0,13.163158,1.3949554,,,0.1033,0.0,0.34925,,0.037000000000000005,1.0
FFBC,False,22.714499999999997,"data_missing:current_ratio,data_missing:debt_to_equity,data_missing:free_cash_flow,munger_roe,munger_gross_margin",3561172480.0,11.9894,1.192032,,,0.10286,0.0,0.39804,,0.029900000000000003,4.0
UCB,False,22.703249999999997,"data_missing:current_ratio,data_missing:debt_to_equity,data_missing:free_cash_flow,munger_roe,munger_gross_margin",4245627648.0,11.584968,1.1336745,,,0.10271,0.0,0.50902003,,0.0281,4.0
VVX,False,22.656813552345657,"graham_current_ratio,graham_debt_to_equity,graham_earnings_stability,graham_pe,graham_pe_times_pb,munger_roe,munger_gross_margin",2690509824.0,30.689287,2.4380765,1.253,1.01577,0.08292,0.08501001,0.03516,130191504.0,,2.0
TCBI,False,22.641,"data_missing:current_ratio,data_missing:debt_to_equity,data_missing:free_cash_flow,munger_roe,munger_gross_margin",4290919936.0,12.83485,1.3037103,,,0.10188,0.0,0.36721,,0.008100000000000001,4.0
HII,False,22.56250497619048,"data_missing:market_cap,graham_current_ratio,graham_pe,graham_pe_times_pb,munger_roe,munger_gross_margin",,20.009747,2.3560152,1.191,0.56946,0.12198,0.12445,0.065510005,634124992.0,0.0197,4.0
EIG,False,22.4764498164392,"graham_size,graham_current_ratio,graham_pe,graham_pe_times_pb,munger_roe,munger_gross_margin",922362048.0,109.91305,1.0850949,1.181,0.14864,0.00844,0.013309999,0.06696,21250000.0,0.026099999999999998,4.0
STBA,False,22.404,"data_missing:current_ratio,data_missing:debt_to_equity,data_missing:free_cash_flow,graham_size,munger_roe,munger_gross_margin",1898500352.0,14.0345745,1.325613,,,0.09872,0.0,0.44693002,,0.027999999999999997,4.0
AUB,False,22.31925,"data_missing:current_ratio,data_missing:debt_to_equity,data_missing:free_cash_flow,munger_roe,munger_gross_margin",6043130880.0,12.413995,1.1726797,,,0.09759,0.0,0.56057,,0.0347,4.0
AGNT,False,22.300000000000004,"data_missing:trailing_pe,data_missing:debt_to_equity,graham_size,graham_earnings_stability,munger_roe,munger_gross_margin",615393088.0,,2.4052663,1.556,,-0.07176,0.069,-0.00874,95056248.0,0.0521,0.0
HWC,False,22.278000374999998,"data_missing:current_ratio,data_missing:debt_to_equity,data_missing:free_cash_flow,munger_roe,munger_gross_margin",6193852928.0,15.092157,1.3937024,,,0.097040005,0.0,0.42465,,0.024700000000000003,4.0
ASB,False,22.271249625,"data_missing:current_ratio,data_missing:debt_to_equity,data_missing:free_cash_flow,munger_roe,munger_gross_margin",5803078656.0,10.751749,1.0513899,,,0.096949995,0.0,0.41342998,,0.0313,4.0
TRST,False,22.23675,"data_missing:current_ratio,data_missing:debt_to_equity,data_missing:free_cash_flow,graham_size,munger_roe,munger_gross_margin",964040256.0,15.72639,1.4695652,,,0.09649,0.0,0.46668997,,0.0271,4.0
FIBK,False,22.212749249999998,"data_missing:current_ratio,data_missing:debt_to_equity,data_missing:free_cash_flow,munger_roe,munger_gross_margin",3736115200.0,12.568627,1.1059988,,,0.09616999,0.0,0.41969,,0.049400000000000006,4.0
BXMT,False,22.1885,"data_missing:free_cash_flow,graham_debt_to_equity,graham_earnings_stability,graham_pe,munger_roe",2546277888.0,25.158333,0.7564142,99.919,4.6517,0.02918,1.0,-0.06141,,0.11460000000000001,1.0
UBSI,False,22.1055,"data_missing:current_ratio,data_missing:debt_to_equity,data_missing:free_cash_flow,munger_roe,munger_gross_margin",6664289792.0,13.296448,1.2357168,,,0.09474,0.0,0.53655,,0.0311,4.0
EBC,False,22.0815,"data_missing:current_ratio,data_missing:debt_to_equity,data_missing:free_cash_flow,munger_roe,munger_gross_margin",5328792064.0,13.005588,1.1864839,,,0.09442,0.0,0.50116,,0.024300000000000002,4.0
ORA,False,21.983642857142858,"graham_current_ratio,graham_debt_to_equity,graham_pe,graham_pe_times_pb,munger_roe,munger_gross_margin,munger_fcf",5954542080.0,46.809177,2.316012,1.069,1.25509,0.04914,0.2751,0.21299,-178817120.0,0.0051,4.0
WCC,False,21.979713574337534,"graham_debt_to_equity,graham_pe,graham_pe_times_pb,munger_roe,munger_gross_margin",16707726336.0,24.433048,3.317377,2.123,1.27711,0.13395001,0.21191,0.051149998,178950000.0,0.006500000000000001,4.0
MET,False,21.929833,"graham_debt_to_equity,graham_pe_times_pb,munger_roe,munger_gross_margin,munger_fcf",62252511232.0,18.713734,2.2874503,2.086,1.7801900000000002,0.13014,0.23754999,0.09919,-17429749760.0,0.024399999999999998,4.0
AOSL,False,21.922516666666663,"data_missing:trailing_pe,graham_size,graham_earnings_stability,munger_roe,munger_gross_margin,munger_fcf",908961280.0,,1.1354121,3.319,0.03641,-0.12602,0.22406,-0.08583,-37312000.0,,0.0
BKU,False,21.89099925,"data_missing:current_ratio,data_missing:debt_to_equity,data_missing:free_cash_flow,munger_roe,munger_gross_margin",3339898368.0,12.695054,1.112047,,,0.09187999,0.0,0.37060001,,0.0287,4.0
CAH,False,21.857238161904764,"data_missing:debt_to_equity,data_missing:return_on_equity,graham_current_ratio,graham_earnings_stability,graham_pe,graham_pe_times_pb,munger_gross_margin",52998443008.0,34.548088,-18.777695,0.907,,,0.037550002,0.01413,4849999872.0,0.0089,3.0
AVAV,False,21.80115952380952,"data_missing:trailing_pe,graham_earnings_stability,munger_roe,munger_gross_margin,munger_fcf",7345249792.0,,1.6630954,4.304,0.18971,-0.10029,0.25325,0.02812,-251387504.0,,0.0
TFC,False,21.794249999999998,"data_missing:current_ratio,data_missing:debt_to_equity,data_missing:free_cash_flow,graham_earnings_stability,munger_roe,munger_gross_margin",63585632256.0,11.965517,1.0835172,,,0.09059,0.0,0.39815,,0.0398,2.0
FNB,False,21.775499999999997,"data_missing:current_ratio,data_missing:debt_to_equity,data_missing:free_cash_flow,munger_roe,munger_gross_margin",6788232192.0,11.351191,0.98588634,,,0.09034,0.0,0.4449,,0.0274,4.0
HBAN,False,21.7515,"data_missing:current_ratio,data_missing:debt_to_equity,data_missing:free_cash_flow,munger_roe,munger_gross_margin",34367258624.0,13.084616,1.1554922,,,0.09002,0.0,0.41932,,0.0368,4.0
SBSI,False,21.746249625,"data_missing:current_ratio,data_missing:debt_to_equity,data_missing:free_cash_flow,data_missing:consecutive_positive_earnings_years,graham_size,munger_roe,munger_gross_margin",965145472.0,12.721568,1.0955758,,,0.089949995,0.0,0.47232,,0.044500000000000005,
WSBC,False,21.734999249999998,"data_missing:current_ratio,data_missing:debt_to_equity,data_missing:free_cash_flow,munger_roe,munger_gross_margin",4013085184.0,11.892046,1.0561106,,,0.08979999,0.0,0.47757998,,0.0363,4.0
VLY,False,21.71475,"data_missing:current_ratio,data_missing:debt_to_equity,data_missing:free_cash_flow,munger_roe,munger_gross_margin",7942072320.0,12.169492,1.072442,,,0.08953,0.0,0.46787998,,0.0308,4.0
HASI,False,21.6875,"data_missing:free_cash_flow,graham_debt_to_equity,graham_pe,graham_pe_times_pb,munger_roe",4867942400.0,95.225,1.9830279,3.824,2.12739,0.0225,1.0,-1.23768,,0.0449,4.0
NIC,False,21.68024925,"data_missing:current_ratio,data_missing:debt_to_equity,data_missing:free_cash_flow,graham_pe_times_pb,munger_roe,munger_gross_margin",3599494912.0,19.181818,1.565497,,,0.08906999,0.0,0.49842,,0.008,4.0
NOV,False,21.677433333333333,"data_missing:market_cap,data_missing:price_to_book,graham_pe,munger_roe,munger_gross_margin",,77.52,,2.422,0.37151,0.01545,0.21646,0.09044,664124992.0,0.0181,4.0
WKC,False,21.596413026281052,"data_missing:trailing_pe,graham_current_ratio,graham_earnings_stability,munger_roe,munger_gross_margin",2043763072.0,,1.8013977,1.058,0.58819,-0.12264,0.026889998,0.00753,116087504.0,0.0229,0.0
DCOM,False,21.552,"data_missing:current_ratio,data_missing:debt_to_equity,data_missing:free_cash_flow,graham_size,munger_roe,munger_gross_margin",1809094272.0,14.858695,1.2899472,,,0.08736,0.0,0.44626,,0.0246,4.0
NWBI,False,21.428250300000002,"data_missing:current_ratio,data_missing:debt_to_equity,data_missing:free_cash_flow,munger_roe,munger_gross_margin",2311600896.0,15.330097,1.2131224,,,0.085710004,0.0,0.41568002,,0.0504,4.0
C,False,21.396749999999997,"data_missing:current_ratio,data_missing:debt_to_equity,data_missing:free_cash_flow,munger_roe,munger_gross_margin",220410363904.0,14.159483,1.1451977,,,0.08529,0.0,0.36229,,0.021099999999999997,4.0
MOH,False,21.38221556944045,"graham_pe,graham_pe_times_pb,munger_roe,munger_gross_margin",10183959552.0,1219.3438,2.4864902,1.679,0.94773,-0.0016,0.08427,0.01398,700249984.0,,4.0
WAFD,False,21.37275,"data_missing:current_ratio,data_missing:debt_to_equity,data_missing:free_cash_flow,munger_roe,munger_gross_margin",2708200448.0,11.55205,0.99473023,,,0.08497,0.0,0.46126997,,0.029500000000000002,4.0
H,False,21.3252380952381,"data_missing:market_cap,data_missing:trailing_pe,graham_current_ratio,graham_debt_to_equity,graham_earnings_stability,munger_roe",,,5.1478605,0.604,1.27119,-0.00875,0.42521,0.16687,351124992.0,0.0032,0.0
HTLD,False,21.298133333333332,"data_missing:trailing_pe,graham_size,graham_current_ratio,graham_earnings_stability,munger_roe,munger_gross_margin,munger_fcf",962034560.0,,1.2840004,1.272,0.20448,-0.055760004,0.28096,-0.06021,-49085000.0,0.0062,0.0
GEF,False,21.253042857142855,"data_missing:return_on_equity,data_missing:free_cash_flow,graham_current_ratio,graham_pe,graham_pe_times_pb,munger_gross_margin",4964594688.0,34.537548,1.3711398,1.289,0.38534,,0.22521,0.10561,,0.0264,4.0
STT,False,21.24975,"data_missing:current_ratio,data_missing:debt_to_equity,data_missing:free_cash_flow,graham_pe_times_pb,munger_roe,munger_gross_margin",49781600256.0,15.980599,2.0827968,,,0.12437,0.0,0.27818,,0.0209,4.0
CFG,False,21.20250075,"data_missing:current_ratio,data_missing:debt_to_equity,data_missing:free_cash_flow,munger_roe,munger_gross_margin",30139031552.0,15.534858,1.2520412,,,0.08270001,0.0,0.35132998,,0.0258,4.0
COF,False,21.18567857142857,"data_missing:current_ratio,data_missing:debt_to_equity,data_missing:free_cash_flow,munger_roe,munger_gross_margin",127540436992.0,11.447963,1.1767553,,,0.09031,0.0,0.33629,,0.015300000000000001,4.0
INDB,False,21.17925,"data_missing:current_ratio,data_missing:debt_to_equity,data_missing:free_cash_flow,munger_roe,munger_gross_margin",4058297088.0,15.411391,1.1554365,,,0.08239,0.0,0.47252,,0.028999999999999998,4.0
KWR,False,21.1723380952381,"data_missing:market_cap,graham_earnings_stability,graham_pe,graham_pe_times_pb,munger_roe",,596.04,1.880988,2.452,0.6594599999999999,0.0032,0.36386,0.08623,108362376.0,0.0137,0.0
RNST,False,21.1575003,"data_missing:current_ratio,data_missing:debt_to_equity,data_missing:free_cash_flow,munger_roe,munger_gross_margin",3982438912.0,12.739766,1.0613627,,,0.082100004,0.0,0.40217,,0.0219,4.0
AAL,False,21.127859929545732,"data_missing:trailing_pe,data_missing:debt_to_equity,data_missing:return_on_equity,graham_current_ratio,munger_gross_margin",10108280832.0,,-2.544576,0.534,,,0.21239,0.02814,519249984.0,,4.0
BCC,False,21.11121510238095,"graham_pe,graham_pe_times_pb,munger_roe,munger_gross_margin,munger_fcf",2670373120.0,25.550505,1.3364271,2.766,0.2738,0.053260002,0.16290002,0.01852,-25176624.0,0.0113,4.0
FBNC,False,21.108,"data_missing:current_ratio,data_missing:debt_to_equity,data_missing:free_cash_flow,graham_pe_times_pb,munger_roe,munger_gross_margin",2620643072.0,19.670807,1.5267801,,,0.08144,0.0,0.51192003,,0.0152,4.0
OSW,False,21.102957142857143,"data_missing:current_ratio,data_missing:return_on_equity,data_missing:free_cash_flow,graham_earnings_stability,graham_pe,graham_pe_times_pb,munger_gross_margin",2673393408.0,33.33544,4.758764,,0.16486,,0.13665,0.09382,,0.0077,2.0
CFFN,False,21.0097497,"data_missing:current_ratio,data_missing:debt_to_equity,data_missing:free_cash_flow,graham_size,graham_earnings_stability,munger_roe,munger_gross_margin",1107717120.0,13.7,1.0973506,,,0.080129996,0.0,0.50087,,0.0388,2.0
SARO,False,20.998554851150185,"graham_earnings_stability,graham_pe,graham_pe_times_pb,munger_roe,munger_gross_margin",9493737472.0,32.448864,3.527486,2.123,0.91396,0.114829995,0.14696999,0.08796,92164872.0,,2.0
ROAD,False,20.983662347470656,"graham_debt_to_equity,graham_pe,graham_pe_times_pb,munger_roe,munger_gross_margin",5740537856.0,44.340614,5.859204,1.528,1.8843100000000002,0.14212,0.15702,0.04763,70020248.0,,4.0
GBCI,False,20.9595,"data_missing:current_ratio,data_missing:debt_to_equity,data_missing:free_cash_flow,graham_pe,munger_roe,munger_gross_margin",6394223104.0,20.127048,1.4825213,,,0.07946,0.0,0.44657,,0.027000000000000003,4.0
ARMK,False,20.94006710549151,"graham_current_ratio,graham_debt_to_equity,graham_pe,graham_pe_times_pb,munger_roe,munger_gross_margin",15027796992.0,42.649254,4.5785933,1.212,1.92213,0.11224,0.15359999,0.04572,327163488.0,0.0084,4.0
CWST,False,20.90624548591794,"graham_current_ratio,graham_pe,graham_pe_times_pb,munger_roe",5525795840.0,789.7273,3.5234232,1.384,0.79202,0.00459,0.33668998,0.02688,112003376.0,,4.0
HOG,False,20.881285714285713,"data_missing:market_cap,munger_roe,munger_gross_margin",,13.719444,0.8329398,1.903,0.71965,0.06093,0.28377,0.06177,764361984.0,0.0296,4.0
MP,False,20.803966666666664,"data_missing:trailing_pe,graham_earnings_stability,munger_roe,munger_fcf",7232151552.0,,3.6691656,7.176,0.44018,-0.04167,0.3722,-0.07876,-174843504.0,,0.0
PPG,False,20.785361238095238,"data_missing:current_ratio,data_missing:return_on_equity,data_missing:free_cash_flow,graham_pe_times_pb",24831059968.0,15.982784,3.0640593,,0.9373600000000001,,0.41202998,0.1426,,0.0265,4.0
CVBF,False,20.736749999999997,"data_missing:current_ratio,data_missing:debt_to_equity,data_missing:free_cash_flow,munger_roe,munger_gross_margin",4021078528.0,15.84375,1.2686278,,,0.07649,0.0,0.55747,,0.035,4.0
PNFP,False,20.735999999999997,"data_missing:current_ratio,data_missing:debt_to_equity,data_missing:free_cash_flow,munger_roe,munger_gross_margin",15848960000.0,14.457299,1.1238409,,,0.07648,0.0,0.47018,,0.0191,4.0
IART,False,20.6512390952381,"data_missing:trailing_pe,data_missing:current_ratio,data_missing:return_on_equity,data_missing:free_cash_flow,graham_size,graham_debt_to_equity,graham_earnings_stability",1387896832.0,,1.3318402,,1.9578499999999999,,0.56033003,0.04605,,,0.0
PI,False,20.57611108687424,"data_missing:trailing_pe,graham_debt_to_equity,graham_earnings_stability,munger_roe",4495775744.0,,22.049599,9.201,1.29996,-0.15177,0.52474,-0.20427999,55473876.0,,0.0
FITB,False,20.45282228571429,"data_missing:current_ratio,data_missing:debt_to_equity,data_missing:free_cash_flow,graham_pe_times_pb,munger_roe,munger_gross_margin",51316563968.0,19.058922,1.5916376,,,0.08447,0.0,0.32941002,,0.028300000000000002,4.0
SNX,False,20.434928571428568,"data_missing:market_cap,graham_current_ratio,graham_pe_times_pb,munger_roe,munger_gross_margin",,18.124014,2.2411623,1.199,0.52735,0.13141,0.07047,0.02661,304888992.0,0.0077,4.0
MTRN,False,20.321395238095242,"graham_pe,graham_pe_times_pb,munger_roe,munger_gross_margin,munger_fcf",4325044736.0,56.964382,4.519509,3.036,0.58783,0.08293,0.16403,0.0572,-2358875.0,0.0031,4.0
PB,False,20.303250000000002,"data_missing:current_ratio,data_missing:debt_to_equity,data_missing:free_cash_flow,munger_roe,munger_gross_margin",8973520896.0,13.588021,0.90853935,,,0.07071,0.0,0.58042,,0.0323,4.0
SLAB,False,20.285781290014498,"data_missing:trailing_pe,data_missing:debt_to_equity,graham_earnings_stability,munger_roe",7184595968.0,,6.5374694,5.105,,-0.04646,0.59253,-0.080010004,15368750.0,,0.0
HONA,False,20.267905190476192,"data_missing:price_to_book,data_missing:debt_to_equity,data_missing:return_on_equity,data_missing:free_cash_flow,graham_earnings_stability,graham_pe",63662104576.0,42.19853,,1.611,,,0.34894,0.20152001,,,3.0
PFGC,False,20.237365193480073,"graham_debt_to_equity,graham_pe,graham_pe_times_pb,munger_roe,munger_gross_margin",18006425600.0,54.583336,3.787128,1.516,1.66845,0.072519995,0.12508,0.00914,737350016.0,,4.0
ASTE,False,20.1660608236903,"graham_size,graham_earnings_stability,graham_pe,graham_pe_times_pb,munger_roe,munger_gross_margin",1177912448.0,45.74107,1.7357277,2.344,0.57941,0.03876,0.26379,0.03684,2725000.0,0.0102,3.0
BWA,False,20.12979118452381,"data_missing:market_cap,graham_pe,graham_pe_times_pb,munger_roe,munger_gross_margin",,36.779068,2.368224,2.13,0.72191,0.072670005,0.18787001,0.09907,1012625024.0,0.0109,4.0
ARCB,False,20.04375985185021,"graham_current_ratio,graham_pe,graham_pe_times_pb,munger_roe,munger_gross_margin",3145800704.0,204.0145,2.437196,0.968,0.3627,0.01269,0.05978,-0.01741,94875376.0,0.0034000000000000002,4.0
BOX,False,20.0,"data_missing:market_cap,graham_current_ratio,graham_debt_to_equity,graham_pe,graham_pe_times_pb,munger_roe",,48.453125,223.09354,0.76,20.48842,-5.75826,0.69536,-0.22146,152298752.0,,4.0
NOG,False,20.0,"data_missing:trailing_pe,graham_current_ratio,graham_debt_to_equity,munger_roe,munger_fcf",2240953600.0,,1.215985,0.526,1.4299100000000002,-0.29766,0.74581003,-0.73636,-13380500.0,0.08560000000000001,4.0
STEP,False,20.0,"data_missing:trailing_pe,graham_current_ratio,graham_debt_to_equity,graham_earnings_stability,munger_roe,munger_gross_margin",5646131712.0,,-8.5363,0.819,1.47327,-0.55877,-0.41939998,-0.03455,2628495360.0,0.0388,0.0
ARWR,False,20.0,"data_missing:trailing_pe,graham_debt_to_equity,graham_earnings_stability,munger_roe,munger_fcf",12240475136.0,,19.89469,6.232,2.31049,-0.42374,1.0,-1.91573,-46121248.0,,0.0
LGIH,False,19.96872618939132,"graham_size,munger_roe,munger_gross_margin",1334926848.0,18.901316,0.6349522,35.322,0.81549,0.03412,0.2048,-0.00059999997,41732000.0,,4.0
SHAK,False,19.881917333333334,"graham_debt_to_equity,graham_earnings_stability,graham_pe,graham_pe_times_pb,munger_roe,munger_fcf",2650101248.0,63.209183,4.75257,1.693,1.69028,0.08535,0.40442002,-0.00482,-10021750.0,,3.0
PTCT,False,19.864095238095242,"data_missing:trailing_pe,data_missing:debt_to_equity,data_missing:return_on_equity,graham_earnings_stability,munger_fcf",6161476608.0,,-34.120346,2.44,,,0.38324,0.16542,-418121984.0,,1.0
LYV,False,19.81791666666667,"data_missing:market_cap,data_missing:trailing_pe,graham_current_ratio,graham_debt_to_equity,munger_roe,munger_gross_margin",,,-301.04306,0.885,7.38269,0.14927,0.25868,-0.09927,2120347904.0,,4.0
KBH,False,19.812076276190474,"data_missing:market_cap,data_missing:price_to_book,munger_roe,munger_gross_margin",,13.847932,,5.635,0.5264099999999999,0.06989,0.17731,0.036310002,316819744.0,0.0175,4.0
KR,False,19.708965369047615,"data_missing:market_cap,graham_current_ratio,graham_debt_to_equity,graham_pe,graham_pe_times_pb,munger_roe,munger_gross_margin",,33.906433,6.266753,0.791,3.73449,0.13779001,0.23979001,0.03224,2994500096.0,0.0241,4.0
PRU,False,19.70853571428571,"data_missing:market_cap,graham_current_ratio,graham_debt_to_equity,graham_earnings_stability,munger_roe,munger_gross_margin",,12.669413,1.3362879,0.81,1.58972,0.10711,0.28956,0.04721,10378999808.0,0.045700000000000005,3.0
BBT,False,19.701749999999997,"data_missing:current_ratio,data_missing:debt_to_equity,data_missing:free_cash_flow,graham_pe,munger_roe,munger_gross_margin",2561419520.0,28.296295,1.0251937,,,0.06269,0.0,0.44312,,0.0432,4.0
AIN,False,19.613889865211988,"data_missing:trailing_pe,graham_earnings_stability,munger_roe,munger_gross_margin",2090044416.0,,2.8654175,2.196,0.6483199999999999,-0.07175,0.20532,0.086899996,31521250.0,0.0152,0.0
SBCF,False,19.55025,"data_missing:current_ratio,data_missing:debt_to_equity,data_missing:free_cash_flow,graham_pe,munger_roe,munger_gross_margin",3342330112.0,22.415585,1.2331214,,,0.06067,0.0,0.49562,,0.0223,4.0
CXW,False,19.505142857142857,"graham_debt_to_equity,graham_pe,graham_pe_times_pb,munger_roe,munger_gross_margin,munger_fcf",2952315136.0,24.272356,2.1154256,2.438,1.01989,0.09008,0.23607,0.11387,-31822376.0,,4.0
GIS,False,19.47033376190476,"data_missing:market_cap,data_missing:trailing_pe,graham_current_ratio,graham_debt_to_equity,graham_earnings_stability,munger_roe",,,3.4899554,0.682,2.17629,-0.01028,0.33733,0.19194001,2308499968.0,0.0643,0.0
KSS,False,19.377036057142856,"data_missing:market_cap,graham_current_ratio,graham_debt_to_equity,graham_earnings_stability,munger_roe",,8.134454,0.54365224,1.482,1.62351,0.069970004,0.40521,0.014520001,807124992.0,0.0262,3.0
REZI,False,19.21240514560812,"data_missing:trailing_pe,graham_debt_to_equity,graham_earnings_stability,munger_roe,munger_gross_margin",5288561664.0,,2.1673698,2.073,1.20329,-0.15792,0.29367,0.07897,127750000.0,,0.0
MTZ,False,19.040395078466553,"graham_current_ratio,graham_earnings_stability,graham_pe,graham_pe_times_pb,munger_gross_margin",25196253184.0,55.74563,7.514375,1.318,0.88046,0.15014,0.12824,0.03704,12567875.0,,2.0
UAA,False,19.028809523809525,"data_missing:trailing_pe,graham_debt_to_equity,graham_earnings_stability,munger_roe,munger_fcf",2879824640.0,,2.035865,1.621,1.37139,-0.29997,0.45749,0.08818,-528018624.0,,0.0
UA,False,19.028809523809525,"data_missing:trailing_pe,graham_debt_to_equity,graham_earnings_stability,munger_roe,munger_fcf",2815875840.0,,1.990657,1.621,1.37139,-0.29997,0.45749,0.08818,-528018624.0,,0.0
PAG,False,18.964214619047617,"data_missing:free_cash_flow,graham_current_ratio,graham_debt_to_equity,graham_pe_times_pb,munger_gross_margin",14732436480.0,15.768474,2.6012006,0.975,1.58585,0.15842,0.16149001,0.03966,,0.0258,4.0
HOPE,False,18.917250300000003,"data_missing:current_ratio,data_missing:debt_to_equity,data_missing:free_cash_flow,graham_size,munger_roe,munger_gross_margin",1797966336.0,13.665049,0.78311914,,,0.056550004,0.0,0.34244,,0.0397,4.0
DINO,False,18.914832904761905,"data_missing:current_ratio,data_missing:return_on_equity,data_missing:free_cash_flow,munger_gross_margin",16478075904.0,8.713537,1.7193996,,0.3467,,0.12892,0.11241999,,0.0233,4.0
MTUS,False,18.847145238095237,"graham_size,graham_earnings_stability,graham_pe,graham_pe_times_pb,munger_roe,munger_gross_margin,munger_fcf",828809664.0,284.42856,1.2138023,1.731,0.01933,0.00424,0.08288,0.02465,-46137500.0,,0.0
SMCI,False,18.824321514285714,"graham_debt_to_equity,graham_pe_times_pb,munger_gross_margin,munger_fcf",17992773632.0,14.639474,2.2080655,2.655,1.20798,0.17877,0.08394,0.061100002,-7448383488.0,,4.0
LEA,False,18.824173895238097,"data_missing:market_cap,graham_current_ratio,munger_roe,munger_gross_margin",,14.514501,1.4338,1.328,0.66809,0.12224,0.07631,0.049790002,613337472.0,0.0209,4.0
AAP,False,18.772333483333334,"data_missing:market_cap,graham_debt_to_equity,graham_earnings_stability,graham_pe,graham_pe_times_pb,munger_roe,munger_fcf",,50.32143,1.5280753,1.778,2.5531,0.030840002,0.44509,0.03787,-228000000.0,0.0171,1.0
CVS,False,18.756170674231846,"graham_current_ratio,graham_debt_to_equity,graham_pe,graham_pe_times_pb,munger_roe,munger_gross_margin",133895815168.0,46.026318,1.7247103,0.866,1.00912,0.037520003,0.13387999,0.04124,5201625088.0,0.025099999999999997,4.0
SCL,False,18.567926190476193,"data_missing:market_cap,data_missing:trailing_pe,data_missing:free_cash_flow,graham_current_ratio,munger_roe,munger_gross_margin",,,1.2149806,1.151,0.20137,-0.0021600001,0.11812,0.06186,,0.0239,4.0
AES,False,18.410619442857147,"graham_current_ratio,graham_debt_to_equity,graham_earnings_stability,munger_roe,munger_gross_margin,munger_fcf",10568996864.0,7.71875,2.391094,0.73,2.5960300000000003,0.052600004,0.19299999,0.18742001,-2964999936.0,0.0475,3.0
AMCR,False,18.403167815496385,"graham_current_ratio,graham_debt_to_equity,graham_pe,graham_pe_times_pb,munger_roe,munger_gross_margin",20907272192.0,36.176003,1.7936615,1.443,1.4374,0.08737001,0.19143999,0.0859,149500000.0,0.0567,4.0
CRL,False,18.31023766666667,"data_missing:market_cap,data_missing:trailing_pe,graham_current_ratio,graham_debt_to_equity,graham_earnings_stability,munger_roe",,,3.7948403,1.361,1.02551,-0.0587,0.34457,0.15923999,510023744.0,,0.0
TNDM,False,18.309000000000005,"data_missing:trailing_pe,graham_size,graham_debt_to_equity,graham_earnings_stability,munger_roe,munger_fcf",1260935168.0,,9.518883,3.578,5.54923,-0.65726995,0.54927,-0.07052,-20262376.0,,0.0
HFWA,False,18.247928571428574,"data_missing:current_ratio,data_missing:debt_to_equity,data_missing:free_cash_flow,graham_size,munger_roe,munger_gross_margin",1218184320.0,14.180953,1.0977588,,,0.07798,0.0,0.28932,,0.0335,4.0
RXO,False,18.24417242560704,"data_missing:trailing_pe,graham_current_ratio,graham_earnings_stability,munger_roe,munger_gross_margin",3333039616.0,,2.2080193,1.274,0.46322,-0.06783,0.15923001,-0.0133299995,65125000.0,,0.0
ICHR,False,18.228037530491843,"data_missing:trailing_pe,graham_earnings_stability,munger_roe,munger_gross_margin",2548432640.0,,3.8016226,2.822,0.23751999999999998,-0.07409,0.11995,0.010729999,23778376.0,,0.0
WY,False,18.199495666666664,"graham_current_ratio,graham_pe,graham_pe_times_pb,munger_roe,munger_gross_margin,munger_fcf",16813272064.0,41.639286,1.7812239,1.418,0.57729,0.04161,0.14675,0.08975001,-45875000.0,0.0341,4.0
ALLY,False,18.091177714285713,"data_missing:current_ratio,data_missing:debt_to_equity,data_missing:free_cash_flow,munger_roe,munger_gross_margin",13135372288.0,10.160024,0.9730069,,,0.09681,0.0,0.25270998,,0.0279,4.0
ACHC,False,18.03009523809524,"data_missing:trailing_pe,graham_debt_to_equity,graham_earnings_stability,munger_roe,munger_fcf",2577825536.0,,1.2833102,1.572,1.16987,-0.41445,0.41057,0.10137,-103868000.0,,0.0
BHE,False,17.971535380952382,"data_missing:market_cap,graham_pe,graham_pe_times_pb,munger_roe,munger_gross_margin",,83.55319,2.569942,2.182,0.29235,0.0311,0.10208999,0.03783,114581376.0,0.0088,4.0
LEU,False,17.74683333333333,"graham_debt_to_equity,graham_pe,graham_pe_times_pb,munger_roe,munger_gross_margin,munger_fcf",3429263104.0,63.38727,4.4234524,5.72,1.52038,0.12254,0.25669,-0.00261,-10875000.0,,4.0
LUV,False,17.64790518095238,"graham_current_ratio,graham_pe,graham_pe_times_pb,munger_roe,munger_gross_margin,munger_fcf",22043721728.0,28.1625,3.1127384,0.489,0.97275,0.11099,0.22399001,0.033800002,-834750016.0,0.016200000000000003,4.0
CALM,False,17.38810066095872,"data_missing:debt_to_equity,munger_roe,munger_gross_margin",4156348160.0,6.10508,1.565545,7.695,,0.122200005,0.23082,-0.11043,8796500.0,0.0513,4.0
LYB,False,17.37567413367994,"data_missing:trailing_pe,graham_debt_to_equity,graham_earnings_stability,munger_roe,munger_gross_margin",19260565504.0,,1.9182793,1.538,1.4124,-0.060089998,0.09227,0.03474,987000000.0,0.0681,0.0
EMN,False,17.335159523809526,"data_missing:market_cap,graham_current_ratio,munger_roe,munger_gross_margin",,19.725433,1.2981949,1.465,0.89616,0.06633,0.19829,0.09784,434000000.0,0.0499,4.0
DAR,False,17.207250214285715,"data_missing:market_cap,graham_pe,graham_pe_times_pb,munger_roe,munger_gross_margin",,43.985508,1.9782941,1.583,0.8792,0.04879,0.24849,0.080570005,185682256.0,,4.0
FLR,False,17.16855,"data_missing:market_cap,graham_earnings_stability,graham_pe,graham_pe_times_pb,munger_roe,munger_gross_margin",,22.552511,2.434444,1.784,0.36293,0.1015,-0.01627,-0.01201,345124992.0,,0.0
SANM,False,17.16399305714286,"graham_pe,graham_pe_times_pb,munger_roe,munger_gross_margin,munger_fcf",9747215360.0,38.529663,4.024787,1.78,0.88161,0.12488,0.090150006,0.0704,-222215744.0,,4.0
VSAT,False,17.081907265026903,"data_missing:trailing_pe,graham_debt_to_equity,graham_earnings_stability,munger_roe",10607860736.0,,2.2564244,2.408,1.4673699999999998,0.00084,0.33042,-0.01789,254796880.0,,0.0
VSTS,False,16.98054888536813,"data_missing:trailing_pe,graham_size,graham_debt_to_equity,graham_earnings_stability,munger_roe,munger_gross_margin",1960439424.0,,2.2604723,2.133,1.58855,-0.01952,0.26059,0.042129997,50882376.0,0.0175,0.0
SMG,False,16.978761904761903,"data_missing:debt_to_equity,data_missing:return_on_equity,data_missing:free_cash_flow,graham_current_ratio,graham_earnings_stability,graham_pe,graham_pe_times_pb",4015135488.0,24.64643,-14.017876,1.215,,,0.32332,0.1447,,0.0375,1.0
CLSK,False,16.903000000000002,"data_missing:trailing_pe,graham_debt_to_equity,graham_earnings_stability,munger_roe,munger_fcf",3672069376.0,,3.7236536,8.259,1.8158500000000002,-0.34804,0.50709,-2.46283,-300704512.0,,1.0
CAKE,False,16.895714285714288,"data_missing:current_ratio,data_missing:return_on_equity,data_missing:free_cash_flow,graham_debt_to_equity,graham_pe,graham_pe_times_pb",4930278912.0,26.8916,10.7566395,,4.6638,,0.40701,0.07767,,0.011899999999999999,4.0
DNOW,False,16.784016666666666,"data_missing:trailing_pe,graham_earnings_stability,munger_roe,munger_gross_margin,munger_fcf",2494490880.0,,1.1675495,2.422,0.34391,-0.0937,0.20828,-0.00338,-723374976.0,,0.0
DMC,False,16.728178571428572,"graham_size,graham_earnings_stability,graham_pe,munger_roe,munger_gross_margin,munger_fcf",1400655360.0,41.46479,0.69511014,2.226,0.2943,0.01775,0.09267,0.04019,-109887504.0,0.04019999999999999,2.0
NBHC,False,16.668535714285714,"data_missing:current_ratio,data_missing:debt_to_equity,data_missing:free_cash_flow,graham_size,munger_roe,munger_gross_margin",1898865664.0,17.913864,1.1445023,,,0.06527,0.0,0.27471,,0.0301,4.0
PSX,False,16.64969046761905,"graham_current_ratio,graham_pe,graham_pe_times_pb,munger_roe,munger_gross_margin,munger_fcf",84140220416.0,20.757666,2.9493775,1.132,0.91385,0.14547,0.1252,0.0063899998,-1134499968.0,0.0246,4.0
ABCB,False,16.64849957142857,"data_missing:current_ratio,data_missing:debt_to_equity,data_missing:free_cash_flow,munger_roe,munger_gross_margin",5908399616.0,15.921337,1.4471089,,,0.09398,0.0,0.22399999,,0.0091,4.0
IP,False,16.60349523809524,"data_missing:market_cap,data_missing:trailing_pe,graham_current_ratio,graham_earnings_stability,munger_roe,munger_gross_margin",,,1.5415965,1.213,0.65904,-0.16036,0.29687,0.03718,1711250048.0,0.042,0.0
AVT,False,16.59429967310833,"graham_pe,graham_pe_times_pb,munger_roe,munger_gross_margin",7177927168.0,33.787647,1.449417,2.01,0.64048,0.04348,0.10461,0.03121,89463624.0,0.0167,4.0
CCOI,False,16.53366666666667,"data_missing:trailing_pe,data_missing:debt_to_equity,graham_size,graham_earnings_stability,munger_roe,munger_fcf",629977024.0,,-5.770642,1.903,,-8.77276,0.49601,-0.07481,-108703000.0,0.0848,0.0
BTU,False,16.533066866666665,"data_missing:market_cap,data_missing:trailing_pe,graham_earnings_stability,munger_roe,munger_gross_margin,munger_fcf",,,0.7411801,2.009,0.12884,-0.047709998,0.103970006,-0.0947,-89275000.0,0.0144,0.0
RDNT,False,16.51496192422202,"data_missing:trailing_pe,graham_current_ratio,graham_debt_to_equity,graham_earnings_stability,munger_roe,munger_gross_margin",5038095872.0,,4.5501027,1.165,1.4299899999999999,0.017719999,0.17204,-0.02848,190466128.0,,0.0
DFH,False,16.29075033333333,"graham_size,graham_debt_to_equity,munger_roe,munger_gross_margin,munger_fcf",1284699776.0,8.2076025,0.9118373,8.274,1.1844299999999999,0.11477,0.20367001,0.02086,-45319000.0,,4.0
SNEX,False,15.915167416666664,"data_missing:free_cash_flow,graham_current_ratio,graham_debt_to_equity,graham_pe,graham_pe_times_pb,munger_gross_margin",9224633344.0,20.44504,3.3491437,1.059,8.15823,0.20186001,0.01643,0.00532,,,4.0
LOW,False,15.84066666666667,"data_missing:market_cap,data_missing:debt_to_equity,data_missing:return_on_equity,graham_current_ratio,graham_pe_times_pb",,17.964073,-12.708787,1.093,,,0.33293,0.11067,4816124928.0,0.0232,4.0
CNH,False,15.772543448107829,"graham_debt_to_equity,graham_pe,graham_pe_times_pb,munger_roe,munger_gross_margin",12802489344.0,32.265625,1.6472559,4.899,3.33719,0.0484,0.18482,0.026919998,247250000.0,0.009300000000000001,4.0
UVV,False,15.772306992857143,"data_missing:market_cap,data_missing:price_to_book,graham_pe,munger_roe,munger_gross_margin",,41.015385,,3.494,0.64322,0.037809998,0.18063,0.03649,65127624.0,0.060599999999999994,4.0
LUMN,False,15.768666666666666,"data_missing:trailing_pe,data_missing:debt_to_equity,data_missing:return_on_equity,graham_current_ratio,graham_earnings_stability,munger_fcf",6655809536.0,,-5.050821,0.988,,,0.47306,-0.0069,-1959874944.0,,0.0
CAR,False,15.543666666666667,"data_missing:market_cap,data_missing:trailing_pe,data_missing:current_ratio,data_missing:debt_to_equity,data_missing:return_on_equity,data_missing:free_cash_flow,graham_earnings_stability,munger_gross_margin",,,-1.7193513,,,,0.27461,0.1491,,,0.0
DELL,False,15.399496681930975,"data_missing:debt_to_equity,data_missing:return_on_equity,graham_current_ratio,graham_pe,graham_pe_times_pb,munger_gross_margin",261274124288.0,777.61536,-186.94405,0.946,,,0.19212,0.088570006,5434124800.0,0.0068000000000000005,4.0
SLVM,False,15.39139289047619,"graham_size,graham_current_ratio,graham_debt_to_equity,munger_roe,munger_gross_margin,munger_fcf",1479376384.0,14.832669,1.5097324,1.447,1.00613,0.108109996,0.21339001,0.00397,-22875000.0,0.0471,4.0
MBC,False,15.28831287296798,"data_missing:trailing_pe,graham_size,munger_roe,munger_gross_margin",1039234880.0,,0.7871268,2.077,0.96956,-0.0015199999,0.29015,-0.00922,21450000.0,,4.0
HE,False,15.24953538095238,"data_missing:market_cap,graham_current_ratio,graham_debt_to_equity,graham_earnings_stability,munger_roe,munger_gross_margin",,17.70946,1.3816552,1.338,1.7995500000000002,0.07987,0.18431999,0.07269,101446624.0,,1.0
LAD,False,15.14767857142857,"data_missing:market_cap,data_missing:price_to_book,graham_current_ratio,graham_debt_to_equity,munger_roe,munger_gross_margin",,14.001572,,1.003,2.45312,0.10719,0.15438,0.04579,927962496.0,0.0053,4.0
MARA,False,15.111333333333334,"data_missing:trailing_pe,graham_debt_to_equity,graham_earnings_stability,munger_roe,munger_fcf",4498992128.0,,2.0136518,1.844,1.05602,-0.67333,0.45334,-5.5812597,-531064736.0,,0.0
CBRL,False,15.105535864285713,"graham_size,graham_current_ratio,graham_debt_to_equity,graham_pe,graham_pe_times_pb,munger_roe,munger_fcf",1253581568.0,48.769566,2.6931572,0.501,2.4666300000000003,0.056110002,0.31608,0.00843,-3550125.0,0.0177,4.0
SFNC,False,15.0,"data_missing:trailing_pe,data_missing:current_ratio,data_missing:debt_to_equity,data_missing:free_cash_flow,graham_earnings_stability,munger_roe,munger_gross_margin",3393676288.0,,0.9746536,,,-0.09941,0.0,0.39915,,0.036699999999999997,0.0
BANF,False,15.0,"data_missing:current_ratio,data_missing:debt_to_equity,data_missing:return_on_equity,data_missing:free_cash_flow,graham_pe_times_pb,munger_gross_margin",3796773120.0,15.255735,1.9956747,,,,0.0,0.50523,,0.0173,4.0
BANC,False,15.0,"data_missing:current_ratio,data_missing:debt_to_equity,data_missing:free_cash_flow,graham_earnings_stability,munger_roe,munger_gross_margin",2909022720.0,14.5115385,0.9522487,,,-0.0065499996,0.0,2.16263,,0.0258,2.0
VSH,False,14.792967007500001,"graham_earnings_stability,graham_pe,graham_pe_times_pb,munger_roe,munger_gross_margin,munger_fcf",5191841792.0,3385.0,2.219381,2.635,0.53073,0.0011100001,0.19916001,0.02408,-87346376.0,0.0134,0.0
HUM,False,14.787835714285716,"data_missing:market_cap,data_missing:price_to_book,graham_pe,munger_roe,munger_gross_margin",,35.259434,,1.742,0.75728,0.06893,0.13653,0.03328,1891874944.0,0.0097,4.0
HNI,False,14.76138571428572,"data_missing:consecutive_positive_earnings_years,graham_current_ratio,graham_pe,graham_pe_times_pb,munger_roe,munger_fcf",3226002432.0,165.96297,1.8188831,1.385,0.97406,0.00116,0.41052,0.01403,-6825000.0,0.0327,
ROIV,False,14.695500000000001,"data_missing:trailing_pe,graham_earnings_stability,munger_roe,munger_gross_margin,munger_fcf",24404844544.0,,5.398568,18.373,0.0203,-0.07594,0.0,-146.75082,-1090485376.0,,0.0
SAH,False,14.670392857142856,"data_missing:market_cap,data_missing:price_to_book,graham_current_ratio,graham_debt_to_equity,graham_pe,munger_roe,munger_gross_margin",,32.100945,,1.031,4.51309,0.10511,0.159,0.0347,81612496.0,0.0146,4.0
FMC,False,14.640737692953753,"data_missing:trailing_pe,graham_size,graham_current_ratio,graham_debt_to_equity,graham_earnings_stability,munger_roe",1450876160.0,,0.6987516,1.286,2.51722,-0.78367996,0.32091,-0.00527,22887500.0,0.029300000000000003,0.0
TEX,False,14.537333333333336,"data_missing:market_cap,data_missing:price_to_book,graham_pe,munger_roe,munger_gross_margin",,30.117075,,1.839,0.5700999999999999,0.0321,0.17044,-0.03864,162875008.0,0.0105,4.0
ADM,False,14.300632975,"data_missing:market_cap,graham_current_ratio,graham_pe,graham_pe_times_pb,munger_roe,munger_gross_margin",,36.098213,1.7091162,1.311,0.46128,0.047659997,0.062979996,0.01274,1578499968.0,0.0259,4.0
KNF,False,14.22665075,"graham_pe,graham_pe_times_pb,munger_roe,munger_gross_margin,munger_fcf",4207730944.0,28.84825,2.6984532,2.675,0.95104,0.09883001,0.1824,-0.20538001,-42728752.0,,4.0
LBRT,False,14.141697661904761,"graham_pe,graham_pe_times_pb,munger_roe,munger_gross_margin,munger_fcf",2908071168.0,24.08108,1.4809275,1.986,0.8214400000000001,0.06123,0.18529,0.016210001,-302047872.0,0.021099999999999997,4.0
ALGT,False,14.11614285714286,"data_missing:trailing_pe,graham_current_ratio,graham_debt_to_equity,graham_earnings_stability,munger_roe,munger_gross_margin,munger_fcf",2631038464.0,,1.6322073,0.906,1.6913,-0.03108,0.23235,0.14866,-27643624.0,,0.0
HP,False,14.067033333333335,"data_missing:market_cap,data_missing:trailing_pe,graham_earnings_stability,munger_roe",,,1.3240348,1.706,0.76142,-0.1297,0.31465,-0.01196,359362624.0,0.029900000000000003,0.0
EQH,False,14.012666238095239,"data_missing:trailing_pe,graham_debt_to_equity,graham_earnings_stability,munger_roe,munger_gross_margin,munger_fcf",13216632832.0,,-17.145893,2.341,3.21156,-0.13523,0.13193,0.22434999,-9287000064.0,0.0236,0.0
TSN,False,13.991083333333334,"data_missing:market_cap,graham_earnings_stability,graham_pe,graham_pe_times_pb,munger_roe,munger_gross_margin",,47.58268,1.1757724,1.83,0.44409999999999994,0.02619,0.06385,0.0364,1029000000.0,0.0334,2.0
CAG,False,13.885857142857144,"data_missing:market_cap,data_missing:trailing_pe,graham_current_ratio,graham_debt_to_equity,graham_earnings_stability,munger_roe,munger_gross_margin",,,1.1226947,0.904,1.17577,-0.25064,0.23952,0.13771,859000000.0,0.079,0.0
PENN,False,13.848809652380952,"data_missing:trailing_pe,graham_current_ratio,graham_debt_to_equity,graham_earnings_stability,munger_roe,munger_fcf",2765908224.0,,1.4352238,0.82,6.14494,-0.40058997,0.34529,0.054580003,-223500000.0,,0.0
GPK,False,13.84730943809524,"data_missing:market_cap,graham_current_ratio,graham_debt_to_equity,munger_roe,munger_gross_margin",,11.842392,0.9928012,1.408,1.78202,0.08554,0.16988,0.041279998,187375008.0,0.0388,4.0
HLX,False,13.261650333333334,"data_missing:market_cap,graham_earnings_stability,graham_pe,graham_pe_times_pb,munger_roe,munger_gross_margin",,91.3,0.8637654,2.915,0.40194,0.00925,0.10791001,-0.046240002,208449248.0,,2.0
MOS,False,12.991999636666668,"graham_current_ratio,graham_pe,graham_pe_times_pb,munger_roe,munger_gross_margin,munger_fcf",7207172608.0,161.96428,0.610577,1.246,0.4819,0.0059399996,0.13307999,0.00791,-289787488.0,0.038900000000000004,4.0
OMC,False,12.913142523809523,"data_missing:current_ratio,data_missing:return_on_equity,data_missing:free_cash_flow,graham_debt_to_equity,graham_earnings_stability,graham_pe,graham_pe_times_pb,munger_gross_margin",21758375936.0,214.35135,2.0614457,,1.10574,,0.18959999,0.15384,,0.0388,0.0
ECHO,False,12.845048285714286,"data_missing:trailing_pe,graham_current_ratio,graham_debt_to_equity,graham_earnings_stability,munger_roe,munger_gross_margin,munger_fcf",24732684288.0,,4.384054,0.302,5.1506,-1.1228399,0.27082002,0.08908,-457875616.0,,0.0
PKG,False,12.757249785714286,"data_missing:current_ratio,data_missing:return_on_equity,data_missing:free_cash_flow,graham_pe,graham_pe_times_pb,munger_gross_margin",21910249472.0,31.894941,4.7461977,,0.95185,,0.20841,0.118719995,,0.0241,4.0
FDXF,False,12.474666000000001,"data_missing:debt_to_equity,data_missing:return_on_equity,data_missing:free_cash_flow,graham_current_ratio,graham_earnings_stability,graham_pe,munger_gross_margin",20819314688.0,30.72857,0.0014606665,0.841,,,0.29674998,0.06027,,,3.0
HTH,False,12.4717497,"data_missing:current_ratio,data_missing:debt_to_equity,data_missing:free_cash_flow,munger_roe,munger_gross_margin",2263672576.0,14.68959,1.0787311,,,0.076009996,0.0,0.15799,,0.0202,4.0
MRNA,False,12.3717,"data_missing:trailing_pe,graham_earnings_stability,munger_roe,munger_gross_margin,munger_fcf",22529523712.0,,3.0428724,2.409,0.17522,-0.36556998,-0.69888,-1.3110499,-20000000.0,,0.0
WERN,False,12.21720476190476,"data_missing:trailing_pe,data_missing:free_cash_flow,graham_current_ratio,graham_earnings_stability,munger_roe,munger_gross_margin",2168395520.0,,1.5889122,1.446,0.68098,-0.03909,0.19012,0.02554,,0.015300000000000001,0.0
TFIN,False,12.209464285714287,"data_missing:current_ratio,data_missing:debt_to_equity,data_missing:free_cash_flow,graham_size,graham_pe,graham_pe_times_pb,munger_roe,munger_gross_margin",1772496640.0,50.12162,1.9497964,,,0.04121,0.0,0.21277,,,4.0
PBF,False,12.16725,"graham_current_ratio,graham_earnings_stability,graham_pe_times_pb,munger_roe,munger_gross_margin,munger_fcf",8654263296.0,19.300793,1.5674888,1.314,0.63715,0.08178,0.01773,-0.013409999,-884350016.0,0.0174,0.0
VYX,False,12.090916891666668,"graham_size,graham_current_ratio,graham_debt_to_equity,graham_earnings_stability,graham_pe,graham_pe_times_pb,munger_roe,munger_gross_margin,munger_fcf",1121061376.0,29.053572,1.2141792,1.058,1.16211,0.053790003,0.2417,-0.033,-82625000.0,,2.0
NRG,False,11.726714177380954,"data_missing:market_cap,graham_current_ratio,graham_debt_to_equity,graham_earnings_stability,graham_pe,graham_pe_times_pb,munger_roe,munger_gross_margin",,146.22528,6.702513,0.838,4.79237,0.062480003,0.16445999,0.03637,431624992.0,0.015300000000000001,2.0
GBX,False,11.722654428571428,"graham_size,graham_debt_to_equity,munger_roe,munger_gross_margin,munger_fcf",1513878784.0,14.782477,0.96227974,3.676,1.0874899999999998,0.06341,0.15123999,0.04493,-164687504.0,0.0268,4.0
DOW,False,11.430557214978087,"data_missing:trailing_pe,graham_debt_to_equity,graham_earnings_stability,munger_roe,munger_gross_margin",21471578112.0,,1.3538442,1.749,1.11913,-0.0554,0.09787,0.113129996,285124992.0,0.046,0.0
MSGS,False,11.426808679792979,"data_missing:trailing_pe,data_missing:debt_to_equity,data_missing:return_on_equity,graham_current_ratio,graham_earnings_stability,munger_gross_margin",9681484800.0,,-32.769947,0.463,,,0.2944,0.0074199997,50168500.0,,0.0
SBUX,False,10.9067145,"data_missing:debt_to_equity,data_missing:return_on_equity,graham_current_ratio,graham_pe,graham_pe_times_pb,munger_gross_margin,munger_fcf",122540539904.0,81.45454,-14.473011,0.922,,,0.21897,0.084180005,-1304087552.0,0.0241,4.0
RUN,False,10.690333333333333,"graham_current_ratio,graham_debt_to_equity,graham_earnings_stability,munger_roe,munger_fcf",2279624704.0,4.486479,0.67368346,1.447,3.00296,-0.22736,0.32071,-0.06024,-2242088960.0,,1.0
EGBN,False,10.360713857142857,"data_missing:trailing_pe,data_missing:current_ratio,data_missing:debt_to_equity,data_missing:free_cash_flow,graham_size,graham_earnings_stability,munger_roe,munger_gross_margin",847938240.0,,0.7370206,,,-0.04137,0.0,0.24174999,,0.0014000000000000002,0.0
GO,False,10.022333333333332,"data_missing:trailing_pe,graham_size,graham_current_ratio,graham_debt_to_equity,graham_earnings_stability,munger_roe,munger_fcf",881895616.0,,1.0926584,1.281,2.28197,-0.38448003,0.30067,-0.00105,-60709752.0,,0.0
XNCR,False,9.90435,"data_missing:trailing_pe,graham_size,graham_earnings_stability,munger_roe,munger_gross_margin,munger_fcf",1567353344.0,,2.3905911,6.573,0.33970999999999996,-0.29843,-1.52183,-17.24136,-76885376.0,,0.0
ANDE,False,9.85619761904762,"graham_current_ratio,graham_pe_times_pb,munger_roe,munger_gross_margin,munger_fcf",2450189312.0,19.186666,1.9135638,1.367,0.9993899999999999,0.09868,0.06559,0.00606,-231020752.0,0.011399999999999999,4.0
HPQ,False,9.82052380952381,"data_missing:market_cap,data_missing:debt_to_equity,data_missing:return_on_equity,graham_current_ratio,graham_pe_times_pb,munger_gross_margin",,9.879629,-169.90445,0.794,,,0.20315,0.07114,3450874880.0,0.042199999999999994,4.0
WHR,False,9.469000150000001,"graham_current_ratio,graham_debt_to_equity,graham_earnings_stability,munger_roe,munger_gross_margin,munger_fcf",2480780800.0,12.972881,0.6577296,0.878,1.88335,0.054840002,0.14457,0.01253,-333000000.0,0.099,1.0
BG,False,9.41780436190476,"graham_pe,munger_roe,munger_gross_margin,munger_fcf",20759937024.0,23.010752,1.2938331,1.567,0.96824,0.071779996,0.049239997,0.04472,-6688374784.0,0.026699999999999998,4.0
FLG,False,9.135107165357143,"data_missing:current_ratio,data_missing:debt_to_equity,data_missing:free_cash_flow,graham_earnings_stability,graham_pe,graham_pe_times_pb,munger_roe,munger_gross_margin",5944605696.0,475.1667,0.7784088,,,0.0059100003,0.0,0.20281,,0.0028000000000000004,0.0
BHF,False,8.527666666666667,"data_missing:trailing_pe,graham_debt_to_equity,graham_earnings_stability,munger_roe,munger_gross_margin,munger_fcf",3647520000.0,,0.6555812,1.536,1.76333,-0.010980001,0.25583,-0.63366,-524124992.0,,2.0
RCUS,False,8.358749999999999,"data_missing:trailing_pe,graham_earnings_stability,munger_roe,munger_gross_margin,munger_fcf",3496493824.0,,6.6586823,4.038,0.44275,-0.69953,-1.2161,-7.88235,-156000000.0,,0.0
JEF,False,8.135428571428571,"data_missing:current_ratio,data_missing:return_on_equity,data_missing:free_cash_flow,graham_debt_to_equity,munger_gross_margin",11184526336.0,15.360336,1.0584568,,3.64763,,0.02625,0.16941,,0.028999999999999998,4.0
KMX,False,8.093857142857143,"data_missing:market_cap,graham_debt_to_equity,graham_pe,graham_pe_times_pb,munger_roe,munger_gross_margin,munger_fcf",,36.270187,1.3543696,2.705,3.07787,0.03588,0.11805,0.03425,-159998368.0,,4.0
ABG,False,7.913476276190476,"data_missing:current_ratio,data_missing:return_on_equity,data_missing:free_cash_flow,graham_debt_to_equity,munger_gross_margin",4447286784.0,8.892777,1.1309391,,1.38074,,0.1711,0.051570002,,,4.0
CVI,False,6.772333033333333,"data_missing:trailing_pe,graham_current_ratio,graham_debt_to_equity,munger_roe,munger_gross_margin,munger_fcf",3854343168.0,,7.1636767,1.438,2.4503399999999997,0.046479996,0.09859,-0.07323,-102250000.0,0.0029,4.0
JBLU,False,6.741666666666666,"data_missing:trailing_pe,graham_current_ratio,graham_debt_to_equity,graham_earnings_stability,munger_roe,munger_gross_margin,munger_fcf",2254440192.0,,1.2281604,0.696,5.9143,-0.44355,0.20225,-0.05228,-921249984.0,,0.0
VGNT,False,6.640476061904763,"data_missing:return_on_equity,data_missing:free_cash_flow,graham_current_ratio,graham_debt_to_equity,graham_pe_times_pb,munger_gross_margin",2937833216.0,6.1943197,-61.211224,1.383,16.28671,,0.11959,0.061929997,,,4.0
WLK,False,6.531316833333333,"data_missing:trailing_pe,graham_earnings_stability,munger_roe,munger_gross_margin,munger_fcf",9147978752.0,,1.0702081,2.17,0.70489,-0.15952,0.063140005,-0.05807,-22000000.0,0.029300000000000003,0.0
GT,False,6.253762238095238,"data_missing:market_cap,data_missing:trailing_pe,graham_current_ratio,graham_debt_to_equity,graham_earnings_stability,munger_roe,munger_gross_margin",,,0.67636085,1.04,2.53056,-0.49976003,0.18562001,0.00155,145750000.0,,0.0
UCTT,False,6.123761861904763,"data_missing:trailing_pe,graham_debt_to_equity,graham_earnings_stability,munger_roe,munger_gross_margin,munger_fcf",3687131904.0,,5.8682933,3.071,1.11152,-0.22466,0.15625,0.021359999,-36637500.0,,0.0
ALK,False,5.848000333333334,"data_missing:trailing_pe,graham_current_ratio,graham_debt_to_equity,munger_roe,munger_gross_margin,munger_fcf",5268471296.0,,1.4355525,0.547,2.0752,-0.04598,0.17544001,-0.031,-30625000.0,,4.0
NSP,False,5.746619047619047,"data_missing:market_cap,data_missing:trailing_pe,graham_current_ratio,graham_debt_to_equity,graham_earnings_stability,munger_roe,munger_gross_margin",,,42.56967,1.089,6.417910000000001,-0.26882,0.13033,0.03272,85000000.0,0.045599999999999995,0.0
HTZ,False,5.240666666666667,"data_missing:market_cap,data_missing:trailing_pe,data_missing:debt_to_equity,data_missing:return_on_equity,graham_current_ratio,graham_earnings_stability,munger_gross_margin,munger_fcf",,,-0.66645294,0.776,,,0.15722,-0.04142,-16875000.0,,0.0
F,False,3.077190342857143,"data_missing:trailing_pe,graham_current_ratio,graham_debt_to_equity,graham_earnings_stability,munger_roe,munger_gross_margin,munger_fcf",58956603392.0,,1.5730397,1.089,4.50194,-0.18252,0.072399996,0.01549,-7289249792.0,0.0393,0.0
MCK,False,2.1470476619047623,"data_missing:market_cap,data_missing:debt_to_equity,data_missing:return_on_equity,graham_current_ratio,graham_pe,graham_pe_times_pb,munger_gross_margin",,22.573587,-47.878452,0.854,,,0.03601,0.022090001,5657625088.0,0.0042,4.0
OLN,False,2.1210000000000004,"data_missing:market_cap,data_missing:trailing_pe,data_missing:price_to_book,graham_current_ratio,graham_debt_to_equity,graham_earnings_stability,munger_roe,munger_gross_margin",,,,1.358,1.90863,-0.09823,0.06363,-0.041500002,488400000.0,0.0361,0.0
CLF,False,0.3771128358799855,"data_missing:trailing_pe,graham_debt_to_equity,graham_earnings_stability,munger_roe,munger_gross_margin",6666760704.0,,1.1896763,1.89,1.3274299999999999,-0.13862,-0.01052,0.0034400001,6125000.0,,0.0
CWEN-A,False,0.0,data_missing:fetch_failed,,,,,,,,,,,
CYTK,False,0.0,"data_missing:trailing_pe,data_missing:debt_to_equity,data_missing:return_on_equity,graham_earnings_stability,munger_gross_margin,munger_fcf",10895590400.0,,-12.062228,4.214,,,-2.90728,-9.48685,-381057760.0,,0.0
FISV,False,0.0,"data_missing:current_ratio,data_missing:debt_to_equity,data_missing:return_on_equity,data_missing:gross_margin,data_missing:operating_margin,data_missing:free_cash_flow",28598411264.0,9.08983,1.090972,,,,,,,,4.0
