symbol,buyable,score,fail_reasons,market_cap,trailing_pe,price_to_book,current_ratio,debt_to_equity,return_on_equity,gross_margin,operating_margin,free_cash_flow,dividend_yield,consecutive_positive_earnings_years
HCI,False,95.28161516666668,"graham_current_ratio,graham_earnings_stability",2170457856.0,7.524364,2.014873,0.865,0.05722000000000001,0.34974998,0.59726,0.45431,423198496.0,0.0089,3.0
INVA,False,91.95816914179153,graham_size,1492591744.0,4.7935033,1.2168689,16.007,0.26859,0.36676,0.7479845767854364,0.3980886299984441,110332496.0,,4.0
EXEL,False,91.83865625662457,graham_pe_times_pb,14021965824.0,17.520124,7.639039,3.456,0.08999,0.44393003,0.96483004,0.3759239799907419,739715136.0,,4.0
ADBE,False,91.378,"graham_current_ratio,graham_pe_times_pb",95749799936.0,13.441964,8.088107,0.77,0.5748,0.61902,0.8926753334174765,0.36627540073204595,9129875456.0,,4.0
DECK,False,91.04709242457784,graham_pe_times_pb,10791050240.0,11.271692,4.7071404,2.747,0.20521,0.42558,0.5770385958654284,0.23078119312259424,871420352.0,,4.0
PEGA,False,89.53107195042438,"graham_current_ratio,graham_earnings_stability,graham_pe,graham_pe_times_pb",5816647168.0,20.102274,10.375366,1.059,0.12851,0.54693,0.7586326591866708,0.15070351217656883,507401984.0,0.0034999999999999996,3.0
TDC,False,87.56232503650888,graham_current_ratio,2726759936.0,6.1726317,4.61805,0.915,0.16695000000000002,1.19116,0.5935057125676488,0.1232711966325917,348500000.0,,4.0
YOU,False,87.10107535795603,"graham_current_ratio,graham_earnings_stability,graham_pe,graham_pe_times_pb",5223767552.0,26.170069,21.28943,1.04,0.45141,1.19174,0.66656,0.207018591685641,418440384.0,0.0147,3.0
SNDK,False,87.03576670372206,"graham_earnings_stability,graham_pe,graham_pe_times_pb",267072667648.0,24.722555,17.271212,2.29,0.012769999999999998,0.9164,0.7147372580007902,0.61186290003951,7720875008.0,,1.0
PTC,False,86.13457318356312,"graham_current_ratio,graham_pe_times_pb",15353093120.0,13.737378,4.5149813,1.025,0.46335,0.35053003,0.8375515565345831,0.35863597965264643,1031425152.0,,4.0
QLYS,False,86.12183421840818,"graham_current_ratio,graham_pe,graham_pe_times_pb",6508807680.0,32.086807,11.391064,1.384,0.09498,0.38592,0.828480478236503,0.3317048384083691,244382624.0,,4.0
CARG,False,86.04540633830325,graham_pe_times_pb,2709615360.0,15.680412,10.280499,1.85,0.7003499999999999,0.53470004,0.9278186950098127,0.2695153145604093,241320752.0,,4.0
APAM,False,85.94305360289638,graham_pe_times_pb,2562261248.0,8.654676,6.1004057,3.007,0.57111,0.64552003,0.45593,0.3339475285120265,291218624.0,0.09630000000000001,4.0
FHI,False,85.7304307100575,graham_pe_times_pb,4342988288.0,10.812267,3.317176,2.592,0.32354,0.31137,0.69044,0.2853848832346752,371463872.0,0.0253,4.0
GEN,False,85.00000000000001,"graham_current_ratio,graham_debt_to_equity,graham_pe_times_pb",15886499840.0,15.520468,5.985566,0.466,3.07831,0.41944,0.7846,0.424,1547124992.0,0.0183,4.0
NEM,False,83.92526669415032,"graham_earnings_stability,graham_pe_times_pb",130663112704.0,15.657196,3.726112,2.546,0.15807000000000002,0.25905,0.68041,0.51569,8815875072.0,0.008199999999999999,2.0
ALL,False,83.71084933333334,"graham_current_ratio,graham_earnings_stability",57635176448.0,4.564177,1.8265339,0.363,0.22261,0.46113998,0.36800998,0.22827,15158625280.0,0.018799999999999997,2.0
APA,False,82.66614999999999,graham_current_ratio,15324376064.0,9.550219,2.184597,0.946,0.48854,0.26659,0.78255,0.56331,2146749952.0,0.0236,4.0
AMP,False,82.55831034976028,graham_pe_times_pb,44749848576.0,12.780106,7.0333734,2.182,0.67578,0.63432,0.54932,0.30719998,2903124992.0,0.013300000000000001,4.0
PRI,False,82.51435,graham_pe_times_pb,8479468032.0,11.474802,3.3741152,3.73,0.71521,0.32966,0.72097,0.31542,1038982144.0,0.0174,4.0
IDCC,False,82.47244777862007,"graham_pe,graham_pe_times_pb",8495983104.0,38.68684,7.067189,1.743,0.33401000000000003,0.26403,0.82498,0.5525715964341169,600847744.0,0.009000000000000001,4.0
ZTS,False,82.02166960655299,"graham_debt_to_equity,graham_pe_times_pb",29624002560.0,11.694943,9.145299,3.084,2.9399599999999997,0.64911,0.71738,0.40721,2016999936.0,0.0291,4.0
TROW,True,81.81879755558789,,22368301056.0,10.528112,2.032998,4.039,0.03702,0.19399999,0.9985236428059223,0.2992289604637174,2023912448.0,0.0499,4.0
NFLX,False,81.46990152810189,"graham_current_ratio,graham_pe,graham_pe_times_pb",297950707712.0,22.501572,9.881922,1.142,0.55236,0.49541,0.3634414152008206,0.29494704605507255,25387552768.0,,4.0
KNSL,False,81.42671666666666,"graham_current_ratio,graham_pe_times_pb",7822566912.0,13.937501,3.8437948,0.194,0.11033,0.30268,0.31142,0.40678,982102720.0,0.0028000000000000004,4.0
HLNE,False,81.14546619245662,graham_pe_times_pb,5746471936.0,13.050228,3.9098907,4.111,0.21558,0.32416,0.6066,0.45933998,231402752.0,0.0274,4.0
BMY,False,80.88914699383295,"graham_debt_to_equity,graham_earnings_stability,graham_pe_times_pb",125698441216.0,13.553965,5.632494,1.532,2.01859,0.46598998,0.7231055082553272,0.34418,8114375168.0,0.0405,1.0
INCY,False,80.79816912088216,graham_pe_times_pb,25211545600.0,15.844585,3.9400656,4.593,0.00603,0.30667,0.55659,0.2946484526501573,1180664576.0,,4.0
GDDY,False,79.75800471468102,"data_invalid_outlier:debt_to_equity,graham_current_ratio,graham_debt_to_equity,graham_pe_times_pb",12064460800.0,15.096672,1797.3585,0.632,573.3433,4.42861,0.63802,0.2276867766758902,1204950016.0,,4.0
RNR,False,79.39093333333334,"graham_current_ratio,graham_earnings_stability",13690101760.0,5.712032,1.2443819,1.352,0.12211,0.21475,0.45349,0.41674,2787289856.0,0.005,3.0
NVDA,False,79.37343233221206,"graham_pe,graham_pe_times_pb",5446597345280.0,28.515802,23.785723,4.589,0.16971,1.17211,0.7106808435754708,0.6038168363141272,41809874944.0,0.0044,4.0
WH,False,79.29466195423281,"graham_current_ratio,graham_debt_to_equity,graham_pe,graham_pe_times_pb",5127988224.0,25.036232,10.796875,0.988,5.57292,0.39429,0.62835,0.2813156053184045,362375008.0,0.0253,4.0
LVS,False,79.2779771507589,"graham_current_ratio,graham_debt_to_equity,graham_pe_times_pb",25383407616.0,15.189922,43.690075,0.997,17.03902,1.22869,0.79335,0.21648613351770762,2212875008.0,0.0302,4.0
NMIH,True,79.2073,,3174945280.0,8.309055,1.1759952,2.029,0.15753,0.15427,0.76384,0.76672995,329759616.0,,4.0
SEZL,False,79.0991173403458,"graham_earnings_stability,graham_pe,graham_pe_times_pb",3610635264.0,23.513159,15.49422,4.017,0.52416,0.88851,0.74967,0.39262101941240873,100542000.0,,3.0
LULU,True,78.87019378953664,,11396490240.0,8.472428,2.3995337,2.19,0.44689,0.30898002,0.566005440167168,0.19910786662583538,1148515840.0,,4.0
PAYX,False,78.83380056062408,"graham_current_ratio,graham_debt_to_equity,graham_pe,graham_pe_times_pb",37869203456.0,21.7546,10.12757,1.259,1.23967,0.44769,0.74286,0.3855190417690418,2095500032.0,0.0416,4.0
CNX,False,78.56619999999998,"graham_current_ratio,graham_earnings_stability",4901372928.0,5.36953,1.0193533,0.716,0.49137000000000003,0.21249,0.73616,0.62878,437116736.0,,1.0
MTG,False,78.50679999999998,munger_roe,6025542144.0,9.1796875,1.2105415,4.964,0.12903,0.13923,0.92607003,0.80851996,518861888.0,0.0232,4.0
ADMA,False,78.11228529328325,"graham_earnings_stability,graham_pe_times_pb",2114415232.0,13.485714,5.2125897,6.972,0.49935,0.41897,0.5738543592075629,0.37525114029946705,54755376.0,,2.0
PLTR,False,77.96775561915614,"graham_earnings_stability,graham_pe,graham_pe_times_pb",459320590336.0,163.36752,46.986237,7.228,0.02139,0.38097,0.8236651721415028,0.3159495165398041,2159104512.0,,3.0
INTU,False,77.8033400117227,graham_pe_times_pb,76875784192.0,17.476915,4.0652027,1.507,0.4434,0.23596,0.80982,0.2743379336068631,6353625088.0,0.0189,4.0
HRMY,False,77.79336589394667,graham_pe_times_pb,2335861760.0,12.980583,2.332926,3.479,0.16030999999999998,0.20456,0.771614583633196,0.2400463813240325,182835504.0,,4.0
ESNT,False,77.69319999999999,munger_roe,5888707584.0,9.138075,1.0397854,1.791,0.08757,0.12009,0.76005995,0.6575,690249472.0,0.0213,4.0
ACT,False,77.51017526979909,"graham_current_ratio,munger_roe",6542159872.0,10.03903,1.2182227,0.922,0.13812,0.12869,0.73177004,0.73258,521546880.0,0.0202,4.0
AGX,False,77.50811194956768,"graham_pe,graham_pe_times_pb,munger_gross_margin",5270239744.0,29.6718,10.400493,1.501,0.02154,0.39847,0.20503575035517455,0.1426001952136658,467822016.0,0.0075,4.0
WDC,False,77.39300760025635,"graham_current_ratio,graham_earnings_stability,graham_pe_times_pb",169176629248.0,17.417595,22.435095,1.329,0.13436,1.30853,0.4885053022679774,0.34468612121681247,2268750080.0,0.0013,2.0
V,False,77.34007556336582,"graham_current_ratio,graham_pe,graham_pe_times_pb",678936117248.0,30.752125,19.165075,0.985,0.67821,0.6119,0.97725,0.59985,20404000768.0,0.0074,4.0
GOOG,False,77.27835180711365,graham_pe_times_pb,4109170114560.0,16.85019,6.6015563,2.724,0.18859,0.48676,0.60897,0.32032638592380025,22665000960.0,0.0025,4.0
GOOGL,False,77.26399422032001,graham_pe_times_pb,4152405524480.0,17.018948,6.6710157,2.724,0.18859,0.48676,0.60897,0.32032638592380025,22665000960.0,0.0025,4.0
TPL,False,77.26295,"graham_pe,graham_pe_times_pb,munger_fcf",23581753344.0,43.552868,15.156042,4.552,0.01077,0.36566,0.93336,0.741879752941029,-32836124.0,0.0068000000000000005,4.0
INSW,True,77.19040144609902,,5041792512.0,6.826962,2.2251613,5.944,0.28815,0.37412,0.725,0.40956264778217055,69650376.0,0.0787,4.0
FTNT,False,77.05299778978724,"graham_current_ratio,graham_pe,graham_pe_times_pb",130432278528.0,63.03901,84.09177,1.282,0.36194000000000004,1.17442,0.8045620330607682,0.3065915642096594,2265587456.0,,4.0
LOPE,False,76.97101309939063,graham_pe_times_pb,3953414400.0,18.318237,5.868186,2.818,0.15564999999999998,0.30979002,0.53271,0.24040973898577847,205755248.0,,4.0
FTDR,False,76.87090703847755,"graham_debt_to_equity,graham_pe,graham_pe_times_pb",5100860928.0,20.174387,18.062943,1.591,4.16901,1.01859,0.5527950310559007,0.28217,333624992.0,,4.0
BLKB,False,76.83963501340858,"graham_size,graham_current_ratio,graham_debt_to_equity,graham_earnings_stability,graham_pe_times_pb",1937249280.0,13.3375,28.548494,0.828,17.27037,1.94448,0.5878346102546606,0.1690534534481307,214087872.0,,1.0
IT,False,76.76581711289447,"data_missing:debt_to_equity,graham_current_ratio,graham_pe_times_pb",11376287744.0,16.200539,-69.3418,0.88,,1.13581,0.6877113401934918,0.15786906596753753,1052553024.0,,4.0
VCTR,False,76.74307916886029,graham_pe_times_pb,6589828096.0,19.479092,2.777173,2.066,0.42615000000000003,0.19045,0.57335997,0.36629021131877276,520321760.0,0.0191,4.0
ADSK,False,76.6904822930989,"graham_current_ratio,graham_debt_to_equity,graham_pe,graham_pe_times_pb",45614252032.0,28.161291,13.483042,0.855,1.09518,0.53854,0.9097973910630031,0.2189841798501249,3157499904.0,,4.0
MCY,False,76.63364285714285,"graham_current_ratio,graham_earnings_stability,munger_gross_margin",5423931392.0,5.931254,1.912523,0.952,0.33925,0.38991,0.26808,0.19934,1143784576.0,0.013000000000000001,3.0
DUOL,False,76.48509240133092,"graham_earnings_stability,graham_pe_times_pb",6830795264.0,17.257683,4.8389235,2.719,0.0611,0.3442,0.7223062310799363,0.13065867120796384,300198016.0,,3.0
MEDP,False,76.46966372230611,"graham_current_ratio,graham_pe,graham_pe_times_pb",17263360000.0,36.31826,39.787712,0.732,0.33216,1.6215401,0.7235,0.21141720489093105,510396512.0,,4.0
PRDO,False,76.44210293813468,graham_size,1968674176.0,11.827067,1.9050502,4.692,0.11009000000000001,0.17554002,0.79890996,0.23165220022314253,184656128.0,0.0218,4.0
ADEA,False,76.23534748155055,"graham_earnings_stability,graham_pe,graham_pe_times_pb",2747641088.0,22.85789,5.7567234,3.247,0.82832,0.27878,1.0,0.3946967202392498,195100624.0,0.0077,3.0
MANH,False,76.08730283913711,"graham_current_ratio,graham_pe,graham_pe_times_pb",12300600320.0,60.973988,78.0792,0.983,0.34209,0.96378,0.5581,0.25874058620740675,321116384.0,,4.0
TPR,False,76.03632906044623,"graham_debt_to_equity,graham_pe_times_pb",22170361856.0,15.294361,32.19166,1.752,5.71608,1.97135,0.7782164363709053,0.2391744334224532,1399924992.0,0.016399999999999998,4.0
CRUS,False,75.9353532373771,graham_pe_times_pb,6035657728.0,14.686585,2.7751405,7.583,0.0596,0.20903999,0.5277776526137503,0.2304920598444261,450997248.0,,4.0
ANF,False,75.84083529618172,"graham_current_ratio,graham_pe_times_pb",5660321280.0,11.518998,4.178754,1.407,0.93997,0.40609002,0.6292023434610927,0.13275811519756214,435861760.0,,4.0
CINF,False,75.68008333333333,"graham_current_ratio,graham_earnings_stability",25148913664.0,7.7880225,1.5077707,1.151,0.05255,0.21484,0.31066,0.37202,2984875008.0,0.0227,3.0
HRB,False,75.59209401655906,"graham_current_ratio,graham_debt_to_equity,graham_pe_times_pb",5215380992.0,7.7208033,44.725163,1.133,17.894190000000002,7.13542,0.4433,0.2523599714974895,624796864.0,0.0429,4.0
CPAY,False,75.58635868841505,"graham_current_ratio,graham_debt_to_equity,graham_pe,graham_pe_times_pb",26053072896.0,24.135645,7.355182,0.972,2.75291,0.29215,0.80539,0.44035568389120844,1946175872.0,,4.0
AVGO,False,75.56987406939993,"graham_pe,graham_pe_times_pb",1695858294784.0,45.37107,17.012522,2.504,0.59604,0.44245,0.6776652527118193,0.3988917933225852,30596499456.0,0.0070999999999999995,4.0
CF,True,75.44288686235619,,18358919168.0,9.197165,3.1993723,4.86,0.40503999999999996,0.29867,0.3845285149632976,0.3246753246753247,1276749952.0,0.0199,4.0
EXPE,False,75.44259243098583,"graham_current_ratio,graham_debt_to_equity,graham_pe_times_pb",31505078272.0,16.519823,26.05459,0.801,2.30271,0.89489,0.90433,0.12699382338966944,3434374912.0,0.0068000000000000005,4.0
EOG,True,74.88444560996501,,75670544384.0,11.204259,2.3429976,1.851,0.25891,0.22507,0.62636,0.28212265818310356,4478750208.0,0.0292,4.0
FIZZ,False,74.8092332923434,graham_pe_times_pb,2855169280.0,16.39785,7.6613917,2.392,0.15983,0.4012,0.370387750814873,0.19491729292737633,131415752.0,,4.0
EQT,False,74.59985949861284,"graham_current_ratio,munger_roe",31992016896.0,11.86659,1.266561,0.673,0.19594999999999999,0.11078,0.80748004,0.37593008777782033,2460903936.0,0.013000000000000001,4.0
DOCS,False,74.5602127300641,"graham_pe,graham_pe_times_pb",4782339584.0,32.325302,5.266981,6.078,0.01056,0.17206,0.8909442780869735,0.3332800920505596,239703872.0,,4.0
MGY,True,74.3646803027128,,6778100736.0,10.775109,2.0884469,1.583,0.19243,0.20854001,0.8222,0.33478116698237975,332475744.0,0.0275,4.0
QCOM,False,74.25222024544094,"graham_pe,graham_pe_times_pb",210098176000.0,22.506866,7.517484,2.016,0.5521,0.33754003,0.54226,0.27899467076144885,10241000448.0,0.018600000000000002,4.0
FSLR,False,73.90525722250442,graham_earnings_stability,21427863552.0,12.292541,2.0762565,2.518,0.018799999999999997,0.18509,0.4062437732020073,0.30594921691788446,1598684800.0,,3.0
IDXX,False,73.89767978872885,"graham_current_ratio,graham_pe,graham_pe_times_pb",40963547136.0,36.08721,25.399609,1.172,0.67971,0.74211,0.6179747110743262,0.316014212879981,909368384.0,,4.0
LRCX,False,73.87805184120423,"graham_pe,graham_pe_times_pb",383930302464.0,51.6532,30.783587,2.629,0.33049,0.65066004,0.5046900724797688,0.35294212594408997,3090484480.0,0.0042,4.0
ABNB,False,73.83091031742913,"graham_current_ratio,graham_pe,graham_pe_times_pb",90916626432.0,34.586563,11.486119,1.408,0.32004,0.34542,0.82901,0.20782615799362797,3206874880.0,,4.0
LAMR,False,73.75864683404532,"graham_current_ratio,graham_debt_to_equity,graham_pe,graham_pe_times_pb",14710994944.0,26.629597,14.979321,0.627,5.0011399999999995,0.59433,0.67430997,0.33283,558694400.0,0.0455,4.0
MA,False,73.64264227802867,"graham_current_ratio,graham_debt_to_equity,graham_pe,graham_pe_times_pb",490626875392.0,30.84086,87.56567,1.061,4.39583,2.41202,1.0,0.5762861760849013,16961250304.0,0.0063,4.0
CHH,False,73.60702980083755,"graham_current_ratio,graham_debt_to_equity,graham_pe_times_pb",4585928704.0,14.432012,32.09134,0.926,14.817260000000001,5.66362,0.90328,0.28081222800951655,212277504.0,0.0115,4.0
SPG,False,73.34037028751025,"graham_current_ratio,graham_debt_to_equity,graham_pe_times_pb",77792444416.0,14.461538,15.088726,0.266,5.03504,1.20508,0.81426,0.49892269705185244,2595271168.0,0.0432,4.0
WEX,False,73.33584679151275,"graham_current_ratio,graham_debt_to_equity,graham_pe_times_pb",6357242880.0,18.615768,4.758297,1.045,3.98423,0.3019,0.73232,0.24951142513529764,1331299968.0,,4.0
BOX,False,73.02844236297794,"graham_current_ratio,graham_debt_to_equity,graham_pe,graham_pe_times_pb",4550949376.0,48.779408,-12.962093,1.059,3.7952,0.70227,0.7921882552008787,0.0706636551361517,378295360.0,,4.0
RMD,False,72.96142465286752,"graham_pe,graham_pe_times_pb",31998046208.0,21.287909,4.8585076,3.1,0.12542,0.24269,0.6105551961875267,0.33372849076217803,939248256.0,0.011899999999999999,4.0
RLI,False,72.96063715315228,"graham_current_ratio,graham_pe_times_pb",5276029952.0,12.077731,2.94217,1.06,0.18189,0.25164,0.35513002,0.36861,316104256.0,0.0124,4.0
MCO,False,72.87038475028024,"graham_current_ratio,graham_debt_to_equity,graham_pe,graham_pe_times_pb",81924997120.0,30.054638,27.083073,1.19,2.4068199999999997,0.76932,0.74974996,0.4341798393366157,2579124992.0,0.0088,4.0
APP,False,72.57060363754148,"graham_debt_to_equity,graham_earnings_stability,graham_pe,graham_pe_times_pb",105009995776.0,24.100615,33.26161,4.3,1.1113,2.03686,0.88464,0.757549422821868,3179956224.0,,3.0
CART,False,72.50214624341451,"graham_earnings_stability,graham_pe,graham_pe_times_pb",10010062848.0,24.156425,4.339623,2.279,0.01348,0.16001,0.7370390165686799,0.13308391234633885,917875008.0,,2.0
PAYC,False,72.40872926534104,"graham_current_ratio,graham_debt_to_equity,graham_pe,graham_pe_times_pb",10030689280.0,23.700745,16.939413,1.074,1.71969,0.41089,0.8316518009455574,0.27645367256421505,423724992.0,0.0067,4.0
RDDT,False,72.3649474002151,"graham_earnings_stability,graham_pe,graham_pe_times_pb",29097086976.0,35.17093,8.852435,10.486,0.00635,0.30712,0.91442,0.20067323312626617,678068736.0,,1.0
BKE,False,72.28137737092744,graham_pe_times_pb,2159143680.0,9.440315,4.339476,2.083,0.8618000000000001,0.45764,0.4899374727912254,0.2014462547242138,131653504.0,0.0335,4.0
MSFT,False,72.27538927849662,"graham_current_ratio,graham_pe,graham_pe_times_pb",3713626800128.0,28.049074,8.396122,1.23,0.29118,0.34039003,0.6794409337058032,0.4678081840892722,16545500160.0,0.0079,4.0
RELY,False,72.17186704840746,"graham_earnings_stability,graham_pe_times_pb",4276017920.0,14.532374,3.7941399,3.181,0.03396,0.32246,0.61548,0.04737678019162803,196120992.0,,1.0
DXCM,False,71.98267084616448,"graham_pe,graham_pe_times_pb",33007747072.0,34.573124,12.592859,1.733,0.5334599999999999,0.38491002,0.601008151008151,0.19558129558129558,1021162496.0,,4.0
COCO,False,71.97399776875012,"graham_pe,graham_pe_times_pb",3376373248.0,32.237568,8.353615,3.356,0.03508,0.31370002,0.41127998,0.29209998,104597248.0,,4.0
TER,False,71.86125606970025,"graham_pe,graham_pe_times_pb",60618002432.0,50.950066,17.650568,2.125,0.02883,0.36465,0.582235431457569,0.20377620983415798,437381248.0,0.0013,4.0
NSSC,False,71.79997937656024,"graham_size,graham_pe,graham_pe_times_pb",1288021376.0,30.008331,6.7434454,4.899,0.02711,0.2393,0.5920984993772119,0.22557780897210306,50773248.0,0.017,4.0
GPOR,False,71.77724142475927,"graham_current_ratio,graham_earnings_stability",2900838912.0,6.138023,1.5622458,0.576,0.5047999999999999,0.27411,0.68134004,0.4220660587115128,102005000.0,,1.0
ULS,False,71.64052304113554,"graham_current_ratio,graham_pe,graham_pe_times_pb",13337431040.0,26.68145,8.375949,1.425,0.29383,0.38712,0.50413,0.17097936455944973,420500000.0,0.0087,4.0
APPF,False,71.61285534908198,"graham_earnings_stability,graham_pe,graham_pe_times_pb",7452797440.0,47.93394,14.164647,3.831,0.06799000000000001,0.3209,0.63532,0.16082610625332608,198919872.0,,3.0
ACGL,False,71.58950465476191,graham_current_ratio,32512645120.0,7.4604855,1.3956058,0.589,0.17836,0.19936001,0.38758,0.26584998,4302125056.0,,4.0
PGR,False,71.52014523809524,"graham_current_ratio,graham_pe_times_pb,munger_gross_margin",119138713600.0,10.299548,3.4736772,0.293,0.24428,0.34943,0.18521,0.18208,15114500096.0,0.0019,4.0
AMAT,False,71.49207570755476,"graham_pe,graham_pe_times_pb",376062017536.0,40.921417,14.674987,2.423,0.28666,0.41068,0.4867456288776086,0.2921954314720812,3075375104.0,0.0045000000000000005,4.0
AAMI,False,71.34711179912314,"graham_current_ratio,graham_debt_to_equity,graham_pe,graham_pe_times_pb",3266511360.0,32.52297,35.50926,1.048,1.9331800000000001,1.0676999,0.40853,0.23434450949086394,231087504.0,0.0044,4.0
LYFT,False,71.26263333333334,"graham_current_ratio,graham_earnings_stability",5622723072.0,2.1621106,1.8627665,0.586,0.42738,1.52579,0.3802,-0.02982365674882656,1153134464.0,,2.0
RRC,False,71.20181942167135,graham_current_ratio,9118175232.0,10.779006,1.9362842,0.649,0.21589,0.19475001,0.52119,0.36101002,454483360.0,0.0104,4.0
RRR,False,71.19897821362682,"graham_current_ratio,graham_debt_to_equity,graham_pe_times_pb",5107545600.0,18.210909,16.953285,0.677,12.456679999999999,1.08938,0.67221,0.2970082272631685,173044752.0,0.0213,4.0
YELP,False,71.17099803585032,graham_size,962126592.0,8.565508,1.5124627,1.749,0.19131,0.18190001,0.89647,0.12595677000317415,283744640.0,,4.0
BYD,False,71.04545942809222,"graham_current_ratio,graham_debt_to_equity",5259162624.0,3.2329166,2.1165204,0.774,1.3047,0.93084997,0.59126,0.18289540856537004,283961504.0,0.0111,4.0
CROX,False,71.03036610579585,"graham_current_ratio,graham_debt_to_equity,graham_earnings_stability,graham_pe_times_pb",5979469824.0,11.066104,4.3355002,1.49,1.21993,0.42299998,0.5833360350458726,0.037002737432891314,533888736.0,,0.0
KTB,False,71.01518405130452,"graham_debt_to_equity,graham_pe_times_pb",3652228096.0,13.232672,5.9043117,1.831,2.05768,0.49523997,0.49308997,0.10683987341932766,440592512.0,0.0313,4.0
PCTY,False,71.01496481563795,"graham_current_ratio,graham_pe,graham_pe_times_pb",7605450752.0,29.135162,6.4976654,1.089,0.10887000000000001,0.21972999,0.691855705838451,0.2179118919950365,359865120.0,,4.0
HALO,False,70.98854933533795,"graham_debt_to_equity,graham_pe,graham_pe_times_pb",12783847424.0,33.030792,89.46387,2.709,15.17687,1.73674,0.76271003,0.3358172032154981,337308640.0,,4.0
ORI,False,70.77869242857142,graham_current_ratio,9330176000.0,8.474781,1.5262036,0.294,0.37518,0.18571,0.63918,0.17448999,1418687488.0,0.0325,4.0
DOCU,False,70.72875563973999,"graham_current_ratio,graham_earnings_stability,graham_pe,graham_pe_times_pb",12928041984.0,43.231247,7.5736337,0.643,0.10654,0.17803,0.7940481441217581,0.09274079826059947,1312730880.0,,3.0
UNP,False,70.72808603856336,"graham_current_ratio,graham_debt_to_equity,graham_pe,graham_pe_times_pb",164042080256.0,22.358704,8.442277,0.986,1.50772,0.39696,0.56285,0.40171358629130965,4720750080.0,0.0207,4.0
GGG,False,70.61994822894275,"graham_pe,graham_pe_times_pb",12724711424.0,24.707546,5.0439754,2.992,0.0207,0.21240999,0.5245376472544984,0.27935074783019254,536623264.0,0.0152,4.0
LNTH,False,70.44794520391343,"graham_pe,graham_pe_times_pb",6529922560.0,23.980576,4.975322,3.06,0.47642,0.22215,0.6110187472958448,0.2016282987450125,451656000.0,,4.0
AMGN,False,70.4175822000597,"graham_current_ratio,graham_debt_to_equity,graham_pe,graham_pe_times_pb",219902066688.0,25.295399,18.813599,1.371,4.90281,0.91473,0.71891,0.24706810699028597,8645624832.0,0.0246,4.0
CPRI,False,70.28374043918086,"graham_size,graham_current_ratio,graham_debt_to_equity,graham_earnings_stability,graham_pe,graham_pe_times_pb",1783762048.0,20.121796,12.917695,1.189,9.73427,1.4461501,0.6226252158894646,0.006620610247553253,192624992.0,,1.0
FDS,False,70.209513924512,"graham_current_ratio,graham_pe_times_pb",9962263552.0,18.452568,4.9311666,0.683,0.7728400000000001,0.27032,0.51382,0.3223015589977896,621161344.0,0.0168,4.0
AON,False,70.20638659685633,"graham_current_ratio,graham_debt_to_equity,graham_pe_times_pb",59892555776.0,15.817647,6.236361,1.033,1.6348099999999999,0.44699,0.48154,0.2528374367033351,3190874880.0,0.0115,4.0
MNST,False,70.16731850981252,"graham_pe,graham_pe_times_pb",85404868608.0,40.36574,9.120293,3.729,0.00992,0.25704,0.5584764218214752,0.29168723791625206,1681231104.0,,4.0
NBIX,False,70.1396905081348,"graham_pe,graham_pe_times_pb",14282219520.0,20.877415,3.8649118,1.872,0.12497,0.22089,0.6448,0.2164306939346268,638237504.0,,4.0
LTC,False,70.13949999999998,"graham_pe_times_pb,munger_roe",2288425984.0,15.325812,2.1624134,20.833,0.581,0.11806,0.60456,0.7788658342654097,256029248.0,0.0537,4.0
MU,False,70.09350999526534,"graham_earnings_stability,graham_pe,graham_pe_times_pb",1210884554752.0,24.213078,12.017654,3.425,0.0633,0.66638,0.39790786023864305,0.2613837016426775,7639499776.0,0.0005,2.0
ADP,False,69.9195338071648,"graham_current_ratio,graham_pe,graham_pe_times_pb",106019495936.0,24.372147,17.60273,1.051,0.9143600000000001,0.72239,0.48653,0.23459,5243049984.0,0.0252,4.0
MORN,False,69.72397179964838,"graham_current_ratio,graham_debt_to_equity,graham_pe_times_pb",7530849792.0,19.700687,7.3559046,1.056,1.86052,0.3196,0.62240005,0.21533428746677571,497800000.0,0.0102,4.0
WU,False,69.71037242604513,"graham_size,graham_current_ratio,graham_debt_to_equity",1938327936.0,5.012097,2.134272,0.277,2.94873,0.43975,0.35094002,0.18695534105216383,357275008.0,0.15109999999999998,4.0
RH,False,69.66062522608344,"graham_current_ratio,graham_debt_to_equity,graham_pe,graham_pe_times_pb",2405836544.0,22.450531,19.988989,1.122,34.139160000000004,2.80715,0.4136117308929353,0.1370499090252195,263892880.0,,4.0
AMT,False,69.55090671541905,"graham_current_ratio,graham_debt_to_equity,graham_pe,graham_pe_times_pb",80084557824.0,23.64099,21.529501,0.352,4.38721,0.33914003,0.73774004,0.45523551847885313,2920012544.0,0.0409,4.0
CL,False,69.51755322187046,"graham_current_ratio,graham_debt_to_equity,graham_pe,graham_pe_times_pb",68803985408.0,33.980316,291.58783,1.026,13.88163,2.67367,0.6010695711902659,0.162201942890786,3458374912.0,0.024399999999999998,4.0
VRTX,False,69.47950798003146,"graham_earnings_stability,graham_pe,graham_pe_times_pb",129700995072.0,29.83945,6.4068894,3.185,0.09766999999999999,0.23542999,0.54957,0.3477373284560839,2627887616.0,,1.0
RAMP,False,69.44760433461218,"graham_earnings_stability,graham_pe_times_pb",2288323072.0,15.748953,2.3410873,2.657,0.03388,0.16055,0.70709154427141,0.10267178389549045,169467120.0,,1.0
IPAR,False,69.44285285851257,"graham_pe,graham_pe_times_pb",3787368704.0,22.611855,4.3509936,3.31,0.1512,0.19105,0.6367746831600516,0.19077331714350762,215215008.0,0.027000000000000003,4.0
OXY,False,69.25972873425576,"graham_current_ratio,munger_roe",57519136768.0,16.973452,1.7192028,1.411,0.34511000000000003,0.10629,0.73318,0.45443,3788124928.0,0.0199,4.0
MMM,False,69.2103452105899,"graham_current_ratio,graham_debt_to_equity,graham_earnings_stability,graham_pe,graham_pe_times_pb",87600611328.0,30.117022,29.675053,1.24,4.37937,0.81891996,0.39408,0.18554593554593554,6350125056.0,0.0184,2.0
ACAD,False,69.14294345434327,"graham_earnings_stability,graham_pe_times_pb",4299732992.0,11.26009,3.3078647,3.388,0.05652,0.35743,0.9426818843203196,0.09781662241426778,68647000.0,,2.0
NTAP,False,69.09515205003385,"graham_current_ratio,graham_debt_to_equity,graham_pe,graham_pe_times_pb",38570799104.0,28.500725,25.743315,1.242,1.69498,1.14818,0.7854737854737854,0.2683982683982684,1171374976.0,0.0108,4.0
ENR,False,69.05336295391143,"graham_size,graham_debt_to_equity,graham_earnings_stability,graham_pe_times_pb",1509840384.0,18.52941,7.431749,2.072,16.88484,0.42183998,0.4174823043316287,0.11987001,194475008.0,0.0537,3.0
THC,False,68.94478937624858,"graham_current_ratio,graham_debt_to_equity,graham_pe_times_pb",20680499200.0,9.8898735,4.439144,1.406,1.5227600000000001,0.37337002,0.41661,0.1646175504458001,2247875072.0,,4.0
CHTR,False,68.89784649769963,"graham_current_ratio,graham_debt_to_equity",15649494016.0,3.1334894,0.84730023,0.361,4.41578,0.27201998,0.55189997,0.23565925439076935,2198374912.0,,4.0
KRYS,False,68.7855469412793,"graham_earnings_stability,graham_pe,graham_pe_times_pb",10008697856.0,42.427227,7.3633037,8.318,0.00651,0.20124,0.94639,0.41450158044869323,151739744.0,,3.0
META,False,68.75978121330245,"graham_pe,graham_pe_times_pb",1908527857664.0,28.228146,7.3075986,2.226,0.42997,0.29848,0.81747,0.41437855159579234,21553625088.0,0.0029,4.0
CTAS,False,68.5582449688489,"graham_current_ratio,graham_pe,graham_pe_times_pb",78753374208.0,39.75758,15.321136,1.434,0.52646,0.40714002,0.5066945494893322,0.2313863560886911,1464424832.0,0.0105,4.0
PATH,False,68.28994705824066,"graham_earnings_stability,graham_pe_times_pb",6824530432.0,19.544777,3.501337,2.387,0.04093,0.20027,0.8317467334586718,0.0352421375759668,474257632.0,,1.0
KLAC,False,68.14611046380605,"graham_pe,graham_pe_times_pb",245003665408.0,51.375343,38.60025,2.876,0.9688,0.87496,0.61301,0.42486,2624587520.0,0.0049,4.0
TRV,False,68.0959081006424,graham_current_ratio,75848302592.0,10.015147,2.2903047,0.323,0.27378,0.26511,0.34730998,0.13398837123721205,14775124992.0,0.0138,4.0
AAPL,False,68.04741539697152,"graham_current_ratio,graham_pe,graham_pe_times_pb",4916706279424.0,38.590492,45.773773,1.003,0.78445,1.4875101,0.4690516410716045,0.31970799762591884,107721875456.0,0.0032,4.0
CNS,False,67.97828599065701,"graham_pe,graham_pe_times_pb",3890553344.0,23.28,6.6003666,6.638,0.19326000000000002,0.27329,0.47300997,0.22233683245387523,156940496.0,0.036000000000000004,4.0
WEN,False,67.79864834554023,"graham_size,graham_debt_to_equity,graham_pe_times_pb",1291788800.0,10.265151,11.16145,1.897,33.806149999999995,1.08042,0.33111,0.15777179472927216,173339744.0,0.041100000000000005,4.0
STZ,False,67.71403994653996,"graham_current_ratio,graham_debt_to_equity,graham_earnings_stability",19829530624.0,11.130873,2.4112613,0.913,1.23205,0.2369,0.5155378050114893,0.29777875041032936,2210487552.0,0.035,1.0
LLY,False,67.70172998634193,"graham_current_ratio,graham_debt_to_equity,graham_pe,graham_pe_times_pb",1023964282880.0,38.497654,30.2292,1.355,1.6207099999999999,1.02286,0.83399004,0.54222,11065900032.0,0.0059,4.0
RMBS,False,67.68830779386104,"graham_earnings_stability,graham_pe,graham_pe_times_pb",11067819008.0,46.94954,7.569146,9.754,0.014870000000000001,0.17789,0.80357003,0.36671,202302368.0,,3.0
GFF,False,67.50340136594336,"graham_debt_to_equity,graham_earnings_stability,graham_pe,graham_pe_times_pb",4410346496.0,20.327766,34.285213,2.411,10.351759999999999,2.27544,0.4198555830607724,0.08185835615807766,444938752.0,0.009000000000000001,3.0
LAUR,False,67.49971674470392,"graham_current_ratio,graham_pe_times_pb",5045070336.0,16.572397,4.420106,0.712,0.643,0.29318002,0.36800998,0.2533018396761324,343739264.0,,4.0
WSM,False,67.30649107487108,"graham_current_ratio,graham_pe,graham_pe_times_pb",27124326400.0,23.078157,14.503778,1.447,0.71369,0.54960996,0.46152631239163316,0.1813443534470391,1069320128.0,0.0131,4.0
DVA,False,67.20763329511857,"graham_current_ratio,graham_debt_to_equity,graham_pe_times_pb",11788217344.0,15.577608,-15.352336,1.467,12.419860000000002,0.88475,0.32364,0.1497914435527666,1042451584.0,,4.0
CME,False,67.06744113090824,"graham_current_ratio,graham_pe,graham_pe_times_pb",98224472064.0,23.18888,3.7006204,1.018,0.14587,0.15802,1.0,0.6486366285311168,2909012480.0,0.0195,4.0
WRB,False,67.04367670238096,"graham_current_ratio,graham_pe_times_pb",25282451456.0,14.159044,2.7276917,0.406,0.31527,0.20207001,0.43785998,0.16385001,3045504768.0,0.0059,4.0
CDE,False,66.98179772513143,"graham_earnings_stability,munger_roe",19998474240.0,15.564,1.9222409,3.654,0.06851,0.12848,0.56329,0.3415313850461276,796743616.0,0.002,2.0
TXN,False,66.86276239840666,"graham_pe,graham_pe_times_pb",247590567936.0,41.264835,13.74588,4.857,0.78036,0.35176,0.5702409229725144,0.3406288881348264,3545250048.0,0.022400000000000003,4.0
EBAY,False,66.85391808560573,"graham_current_ratio,graham_debt_to_equity,graham_earnings_stability,graham_pe,graham_pe_times_pb",48981151744.0,23.12395,10.499857,1.019,1.53012,0.46611,0.7145045045045045,0.20513513513513512,1579624960.0,0.0113,3.0
IIPR,False,66.81294531223558,"graham_size,munger_roe",1540480128.0,12.640838,0.8942748,4.581,0.32892000000000005,0.073850006,0.88355005,0.46670301366772576,99872376.0,0.13390000000000002,4.0
FAST,False,66.70449544100347,"graham_pe,graham_pe_times_pb",58355990528.0,43.465813,14.341512,4.18,0.10851000000000001,0.34334,0.45011889518931775,0.2019023230290836,916124992.0,0.0192,4.0
ACN,False,66.51024594573292,"graham_current_ratio,graham_pe_times_pb",113343913984.0,14.805756,3.5536542,1.339,0.25035,0.24406,0.32013,0.14676657206710142,12089380864.0,0.0355,4.0
WLY,False,66.50685612783425,"graham_current_ratio,graham_debt_to_equity,graham_earnings_stability,graham_pe_times_pb",2409513984.0,12.814016,3.0251353,0.636,1.7253100000000001,0.25906,0.6779290868250905,0.16513830964946605,275353632.0,0.030299999999999997,2.0
MC,False,66.48103657142858,"data_missing:free_cash_flow,graham_current_ratio,graham_earnings_stability,graham_pe,graham_pe_times_pb",4349289472.0,20.456446,8.598418,1.167,0.40954999999999997,0.41454,0.92286,0.17790002,,0.044199999999999996,2.0
PLMR,False,66.45355714285714,"graham_current_ratio,graham_pe_times_pb,munger_gross_margin",3392349184.0,17.302013,3.4410954,0.541,0.30152,0.22226,0.27354,0.23774,569934144.0,0.0137,4.0
GRMN,False,66.44862785272718,"graham_pe,graham_pe_times_pb",55137587200.0,29.535122,6.108452,3.028,0.02513,0.21886998,0.5874393538958355,0.25892913951367735,1043656256.0,0.0148,4.0
FFIV,False,66.44043290425033,"graham_pe,graham_pe_times_pb",25908918272.0,36.168777,6.743232,1.665,0.06546,0.1983,0.8141306290785966,0.2480346960822157,717135488.0,,4.0
BRO,False,66.42492295069673,"graham_current_ratio,graham_pe_times_pb,munger_roe",20801054720.0,19.861021,1.6303436,1.127,0.63975,0.10023,0.56281,0.41838002,1642749952.0,0.0106,4.0
SM,False,66.4115373358094,graham_current_ratio,8202397696.0,6.114362,1.0482401,0.615,0.95136,0.16125,0.86457,0.31705770450221943,1472082944.0,0.0259,4.0
OLED,False,66.34313757699547,"graham_pe_times_pb,munger_roe",3539446272.0,18.599035,2.1139328,8.498,0.01288,0.115159996,0.7631057575110166,0.38206854787269195,111837128.0,0.0256,4.0
CVSA,False,66.31124678250362,"graham_current_ratio,graham_pe_times_pb",4205836544.0,16.496662,2.9077046,1.093,0.62613,0.18569,0.57338,0.1961920796690011,323942752.0,,4.0
AOS,False,66.27753462679232,graham_pe_times_pb,7894929408.0,15.871584,4.2864523,1.594,0.36766,0.27133,0.38833481280350896,0.1902250535220093,484612512.0,0.0248,4.0
SEIC,False,66.26487449761464,graham_pe_times_pb,12576809984.0,18.77957,5.029518,5.059,0.02383,0.27587998,0.3517631598763984,0.2730548394019103,377482240.0,0.01,4.0
UBER,False,66.02972360557564,"graham_current_ratio,graham_earnings_stability,graham_pe_times_pb",141814956032.0,15.225878,5.1852126,0.843,0.51872,0.3716,0.40752,0.10698425514735567,7244749824.0,,3.0
USLM,False,66.0000217001914,"graham_pe,graham_pe_times_pb",3146539776.0,23.688984,4.7470245,27.543,0.0046700000000000005,0.21354,0.48936084587378964,0.423524456237407,47104248.0,0.0021,4.0
AFL,False,65.9470223540827,graham_current_ratio,57722163200.0,12.420173,1.9077247,0.892,0.5336500000000001,0.16908,0.50888,0.21718913270637408,5152249856.0,0.0213,4.0
IBM,False,65.939253431841,"graham_current_ratio,graham_debt_to_equity,graham_pe,graham_pe_times_pb",221411000320.0,20.852705,6.4266567,0.791,1.8897,0.34460998,0.5818760642629748,0.16548,12049750016.0,0.0292,4.0
SNA,False,65.89420066469299,graham_pe_times_pb,19205246976.0,18.942856,3.178604,3.433,0.21594999999999998,0.17932,0.4561907856910732,0.2575008242664029,1109474944.0,0.0263,4.0
JKHY,False,65.87666682397061,"graham_current_ratio,graham_pe,graham_pe_times_pb",10405412864.0,21.57122,5.067955,1.167,0.03793,0.24040002,0.4276959885180597,0.24958663134118528,352223744.0,0.016399999999999998,4.0
PJT,False,65.82422857142858,"data_missing:free_cash_flow,graham_pe,graham_pe_times_pb",6469876224.0,20.834705,12.453672,1.706,0.42652999999999996,0.37633,0.95252,0.20994,,0.0067,4.0
NXPI,False,65.77395465854516,"graham_pe,graham_pe_times_pb",59480485888.0,20.143467,5.2200856,2.04,0.93325,0.27921,0.5473958757844976,0.24834949873665335,3555000064.0,0.0171,4.0
KO,False,65.74868057205812,"graham_current_ratio,graham_debt_to_equity,graham_pe,graham_pe_times_pb",378602815488.0,26.424927,10.474349,1.305,1.1551900000000002,0.42054,0.6162574831563797,0.28706117936630443,5218749952.0,0.0239,4.0
WDFC,False,65.70768166391738,"graham_pe,graham_pe_times_pb",2698042880.0,30.551672,9.691929,2.654,0.41048,0.33306,0.5505665459648217,0.16741211480922927,68620496.0,0.021,4.0
ODFL,False,65.63779195974845,"graham_pe,graham_pe_times_pb",37087805440.0,34.396156,8.160417,1.889,0.0044,0.24818,0.39566,0.28835,970776000.0,0.006500000000000001,4.0
SPGI,False,65.62540464402822,"graham_current_ratio,graham_pe,graham_pe_times_pb,munger_roe",119677001728.0,24.844553,3.799167,0.954,0.42979999999999996,0.14255,0.70903,0.42240479916536255,5448249856.0,0.0096,4.0
FIX,False,65.54997241883548,"graham_current_ratio,graham_pe,graham_pe_times_pb,munger_gross_margin",57255714816.0,40.198788,17.770016,1.214,0.11498,0.55292,0.2412640753464128,0.14443428388353266,1841915392.0,0.0022,4.0
NTCT,False,65.5348618577523,"graham_earnings_stability,graham_pe,graham_pe_times_pb,munger_roe",2863940864.0,24.018293,1.7219672,1.825,0.02404,0.0754,0.7940759666869114,0.12778045380822403,226413504.0,,1.0
GNTX,False,65.48640203983224,data_missing:consecutive_positive_earnings_years,4726466048.0,11.743386,1.8425204,3.038,0.00441,0.16354999,0.3419956413347784,0.18701083450311676,356785760.0,0.0215,
AWI,False,65.47462271785658,"graham_pe,graham_pe_times_pb",6980339200.0,22.59439,7.9056573,1.519,0.65589,0.36618,0.40640424481737414,0.2658563672260612,220824992.0,0.0083,4.0
MAS,False,65.41159912077771,"data_missing:debt_to_equity,graham_pe_times_pb",13568465920.0,15.854837,-37.1745,1.865,,58.625,0.3542713567839196,0.16503570483998942,897124992.0,0.0183,4.0
ENS,False,65.27605,"graham_pe_times_pb,munger_gross_margin",6463790080.0,19.107143,3.303565,2.795,0.56108,0.18363,0.2976,0.8800231347599768,614659776.0,0.0064,4.0
UPWK,False,65.24547873151597,"graham_size,graham_current_ratio,graham_earnings_stability",1028579200.0,10.557693,1.8235164,1.424,0.6206900000000001,0.16695,0.77817269708448,0.16414017040203913,156381744.0,,3.0
CPRT,False,65.2259813193449,graham_pe_times_pb,27468738560.0,18.396774,2.9058392,7.912,0.0097,0.1616,0.4898,0.3236122379471616,885121728.0,,4.0
RL,False,65.21658484348009,"graham_debt_to_equity,graham_pe,graham_pe_times_pb",20305031168.0,21.088491,7.4629903,2.045,1.10373,0.37537,0.6986505638055333,0.14532010598311665,880087488.0,0.0116,4.0
MKTX,False,65.21374999999999,"graham_pe_times_pb,munger_fcf",5762836992.0,19.330578,4.6507597,7.465,0.14275000000000002,0.2314,0.61662996,0.40393586901548917,-457790016.0,0.0191,4.0
EXE,False,65.1778259837573,"graham_current_ratio,graham_earnings_stability,munger_roe",20988743680.0,7.5633616,1.0592817,0.959,0.19207000000000002,0.14893,0.47069,0.203810623556582,1466249984.0,0.0264,1.0
SSD,False,65.04956903736282,graham_pe_times_pb,7212894208.0,19.254923,3.3917937,3.288,0.21084,0.18722,0.4585053720666253,0.1963577799801784,446386496.0,0.0068000000000000005,4.0
VIRT,False,65.0,"data_missing:free_cash_flow,graham_current_ratio,graham_debt_to_equity",4693181440.0,8.828904,2.5105097,1.108,4.15015,0.53617,0.65787005,0.36321,,0.0176,4.0
VEEV,False,64.96233932368676,"graham_pe,graham_pe_times_pb,munger_roe",43921010688.0,44.397705,6.0513515,5.458,0.020409999999999998,0.14425,0.7552604425672493,0.2867855429408906,1257709824.0,,4.0
ROL,False,64.8209712058789,"graham_current_ratio,graham_pe,graham_pe_times_pb",15605951488.0,29.486364,10.9172,0.629,0.78015,0.37008998,0.52366,0.19304928145065872,501737504.0,0.0222,4.0
DLB,False,64.78382896537994,"graham_pe,graham_pe_times_pb,munger_roe",5503977984.0,24.585772,2.1298342,3.185,0.0183,0.08758,0.8813072127963947,0.19639248997502093,331846016.0,0.024700000000000003,4.0
TRNO,False,64.76238207620139,"graham_current_ratio,munger_roe",7254153728.0,17.89516,1.6178973,0.62,0.21396,0.0928,0.76206,0.41769,319524640.0,0.034300000000000004,4.0
JNJ,False,64.70052301870889,"graham_current_ratio,graham_pe,graham_pe_times_pb",645419040768.0,31.105694,7.5904093,1.089,0.57709,0.25742,0.6787871710212011,0.2919,16885125120.0,0.0199,4.0
EPAC,False,64.67932969975601,"graham_size,graham_pe,graham_pe_times_pb",1857100288.0,20.47159,4.344628,2.67,0.43579999999999997,0.21645,0.5054782063190246,0.2163579451417493,102963752.0,0.0011,4.0
OGN,False,64.67887312312313,"graham_debt_to_equity,graham_pe_times_pb",3608253696.0,17.615385,3.5865307,1.954,8.50199,0.24037,0.532979407979408,0.20732,490750016.0,0.0058,4.0
FAF,False,64.64292142857143,"graham_current_ratio,munger_roe",7002018304.0,9.511789,1.2445107,0.396,0.49421,0.13846,0.63984,0.15567,2337762560.0,0.0352,4.0
MSI,False,64.6185254105959,"graham_current_ratio,graham_debt_to_equity,graham_pe,graham_pe_times_pb",76867731456.0,36.572834,28.768969,1.099,3.5785,0.91567004,0.5166067454203047,0.25577812018489987,1979000064.0,0.0106,4.0
BF-B,False,64.59435919602126,graham_pe_times_pb,11980946432.0,16.845161,3.0174508,3.263,0.61502,0.18122,0.6053971486761711,0.25483706720977595,685625024.0,0.0348,4.0
GEV,False,64.49030612266309,"graham_current_ratio,graham_earnings_stability,graham_pe,graham_pe_times_pb,munger_gross_margin",252208594944.0,27.149225,21.092884,0.85,0.28364,0.82577,0.19793527372071032,0.03646106966481034,15722125312.0,0.0021,2.0
VNT,False,64.45166192360574,"graham_current_ratio,graham_debt_to_equity,graham_pe_times_pb",4254067968.0,13.056016,3.5223331,1.252,1.6099199999999998,0.289,0.44853033538500187,0.18259851736246585,347624992.0,0.0032,4.0
GMED,False,64.42498471855677,"graham_pe_times_pb,munger_roe",9953507328.0,18.960358,2.0871341,4.622,0.02347,0.118140005,0.650505331289736,0.1632620840707046,554194880.0,,4.0
PG,False,64.38992327242158,"graham_current_ratio,graham_pe,graham_pe_times_pb",343574446080.0,22.294117,6.441365,0.677,0.6448999999999999,0.30290002,0.50873,0.22690504641970768,13280874496.0,0.0294,4.0
EVR,False,64.36697857142858,"data_missing:free_cash_flow,graham_pe_times_pb",10071322624.0,15.076569,5.4184685,1.827,0.50183,0.39504,0.93934995,0.16955,,0.013500000000000002,4.0
PEP,False,64.35410716047245,"graham_current_ratio,graham_debt_to_equity,graham_pe_times_pb",177060921344.0,16.768435,8.01261,0.934,2.3894900000000003,0.51508,0.541485227575193,0.12241682193239287,7831875072.0,0.0451,4.0
VLTO,False,64.27399405859346,"graham_debt_to_equity,graham_pe,graham_pe_times_pb",23430977536.0,24.209068,7.578458,1.775,1.15978,0.34312,0.599491186625477,0.2320552425949482,807124992.0,0.0054,4.0
HAS,False,64.2141845587123,"graham_debt_to_equity,graham_earnings_stability,graham_pe_times_pb",12179189760.0,15.502692,17.297676,1.661,5.310420000000001,1.5956,0.63822,0.0020686184982947873,688150016.0,0.0322,0.0
PYPL,False,63.93821632933111,graham_current_ratio,45349822464.0,9.94518,2.2880876,1.288,0.7175100000000001,0.24497,0.40477002,0.1828349210177258,4423124992.0,0.0106,4.0
ADT,False,63.847564750945416,"graham_current_ratio,graham_debt_to_equity",4679232000.0,8.895833,1.3512659,0.69,2.23863,0.17212999,0.80657,0.2552156950220596,1197478400.0,0.0336,4.0
MLI,False,63.844700456542135,"graham_pe_times_pb,munger_gross_margin",13416862720.0,15.796875,3.7817953,4.775,0.0069099999999999995,0.26325,0.28776,0.22939600775101968,524939744.0,0.011699999999999999,4.0
IESC,False,63.83758835092189,"graham_pe,graham_pe_times_pb,munger_gross_margin",12869938176.0,28.733986,10.469723,1.63,0.062329999999999997,0.44522998,0.25493256943266257,0.1137572713132677,329443360.0,,4.0
NTNX,False,63.81033958570988,"graham_debt_to_equity,graham_earnings_stability,graham_pe_times_pb",18764500992.0,13.571761,26.704544,1.798,2.16559,374.6021,0.8679715932287734,0.09601040109758213,727732992.0,,2.0
ITW,False,63.79536189397851,"graham_current_ratio,graham_debt_to_equity,graham_pe,graham_pe_times_pb",77852925952.0,24.760868,26.900215,1.109,3.3485300000000002,1.04618,0.44162,0.26277736225380205,2432999936.0,0.0254,4.0
LRN,True,63.78492259001594,,3259837952.0,11.094371,1.9738092,5.941,0.33448,0.21735,0.37750969885400826,0.17901211279541843,224867120.0,,4.0
FCPT,False,63.62612014945448,"graham_current_ratio,graham_pe,graham_pe_times_pb,munger_roe",2428749824.0,20.118181,2.1350698,0.252,0.77616,0.07646,0.85603994,0.55078,189772992.0,0.0676,4.0
BCO,False,63.579750413630066,"graham_debt_to_equity,graham_pe,graham_pe_times_pb,munger_gross_margin",4364865536.0,24.530092,14.061837,1.62,10.29747,0.46236,0.26431,0.11128639854025697,391237504.0,0.0095,4.0
BRX,False,63.50036090906208,"graham_current_ratio,graham_debt_to_equity,graham_pe_times_pb,munger_roe",8523378688.0,19.839285,2.820656,0.596,1.76202,0.14413,0.7515,0.36018002,603135104.0,0.044000000000000004,4.0
LPG,False,63.417049999999996,munger_fcf,2265556992.0,7.02321,1.8322262,3.256,0.5226299999999999,0.28342,0.72923,0.4364913851793309,-119725848.0,0.0626,4.0
CDNS,False,63.38456289255168,"graham_pe,graham_pe_times_pb",85811871744.0,61.85288,12.493775,1.743,0.38661,0.23229,0.85871005,0.28168961434718853,1609676544.0,,4.0
ROP,False,63.36710183688703,"graham_current_ratio,munger_roe",36486512640.0,15.365265,1.951101,0.553,0.60531,0.13066,0.6924391015501423,0.28287250869977854,2265687552.0,0.01,4.0
EXPD,False,63.32913739205623,"graham_pe,graham_pe_times_pb",24559777792.0,28.157227,11.594661,1.566,0.26745,0.4267,0.30441130700417124,0.09508945200062625,797562240.0,0.0086,4.0
BX,False,63.3027515,"data_missing:free_cash_flow,graham_current_ratio,graham_pe,graham_pe_times_pb",143758458880.0,27.396355,10.672642,0.872,0.6818500000000001,0.31374002,1.0,0.54357,,0.042199999999999994,4.0
CSCO,False,63.25061164825123,"graham_current_ratio,graham_pe,graham_pe_times_pb",419570089984.0,31.957958,8.351252,0.931,0.62017,0.27319,0.645242795104619,0.24268456375838926,11182624768.0,0.0158,4.0
NATL,False,63.15336647199072,"graham_current_ratio,graham_debt_to_equity,graham_earnings_stability,graham_pe_times_pb,munger_gross_margin",3397042176.0,17.817831,7.3119135,1.026,6.342670000000001,0.48529,0.25345,0.10978410656867249,477875008.0,,2.0
CRM,False,63.13401266448784,"graham_current_ratio,graham_debt_to_equity,graham_pe,graham_pe_times_pb",197322473472.0,22.241188,5.1415334,0.839,1.10417,0.19381,0.7767609873570138,0.20062612883804937,17731874816.0,0.0075,4.0
FTI,False,63.11359111275714,"graham_current_ratio,graham_earnings_stability,graham_pe,graham_pe_times_pb,munger_gross_margin",27957399552.0,24.926575,8.559251,1.08,0.37898000000000004,0.35814,0.22966999,0.1445844995268107,1463362560.0,0.0028000000000000004,3.0
ORCL,False,63.110950394380474,"graham_current_ratio,graham_debt_to_equity,graham_pe,graham_pe_times_pb,munger_fcf",440777572352.0,22.8126,11.178873,1.171,2.51716,0.41192,0.6166874031942716,0.30592217586887777,-45853626368.0,0.0134,4.0
OHI,False,63.057195900328026,"graham_current_ratio,graham_pe_times_pb",14618569728.0,16.494661,2.5718567,0.444,0.7147100000000001,0.16529,0.97924006,0.5940215109331094,665501376.0,0.058499999999999996,4.0
SPSC,False,62.91788809953934,"graham_pe,graham_pe_times_pb,munger_roe",2928074240.0,39.103367,3.136835,2.259,0.00672,0.08262,0.6917798284775217,0.15742144097510993,176569376.0,,4.0
COLL,False,62.85486731732921,"graham_size,graham_current_ratio,graham_debt_to_equity,graham_earnings_stability,graham_pe_times_pb",686632064.0,17.440945,2.3077724,1.031,3.90461,0.17612,0.5934878107836995,0.23013527346147095,324038496.0,,3.0
EPR,False,62.847025027998136,"graham_debt_to_equity,graham_pe_times_pb,munger_roe",4361346048.0,18.130573,1.8871615,1.666,1.52233,0.113170005,0.91873,0.576734130801259,337729984.0,0.0643,4.0
CSL,False,62.6996643228506,"graham_debt_to_equity,graham_pe_times_pb",13001811968.0,18.590857,8.038327,2.6,1.78698,0.39183,0.3562754801717936,0.19970517340982888,669737472.0,0.0152,4.0
MPWR,False,62.680095722584106,"graham_pe,graham_pe_times_pb",65918455808.0,81.6409,16.921621,4.975,0.00486,0.21979,0.551787716644466,0.26111689868942706,444316128.0,0.0058,4.0
BR,False,62.65522295863918,"graham_current_ratio,graham_debt_to_equity,graham_pe_times_pb,munger_gross_margin",19018850304.0,17.129166,6.5995107,1.236,1.23939,0.40916002,0.28495904840098524,0.1739514230686925,1194499968.0,0.026699999999999998,4.0
SOLV,False,62.60971973504936,"graham_current_ratio,graham_debt_to_equity,graham_pe_times_pb",15112462336.0,10.866585,3.1464417,1.021,1.10313,0.33960998,0.5346546546546547,0.26198198198198197,489000000.0,,4.0
LZ,False,62.50084286299341,"graham_size,graham_current_ratio,graham_earnings_stability,graham_pe,graham_pe_times_pb,munger_roe",1003611840.0,65.11111,7.7206855,0.667,0.11903000000000001,0.104940005,0.6588024755205723,0.03303515805317952,124770128.0,,3.0
THG,False,62.42703641964611,"graham_current_ratio,munger_gross_margin",7656095744.0,10.525372,2.0894907,0.36,0.22982,0.21885,0.25191,0.1414836831250758,1081224960.0,0.0174,4.0
ANET,False,62.40360753649661,"data_missing:debt_to_equity,graham_pe,graham_pe_times_pb",256249331712.0,64.29588,17.316544,2.957,,0.31476,0.6405609780472368,0.42818437211987964,3891512576.0,,4.0
STRA,False,62.37326351590643,"graham_size,graham_current_ratio,munger_roe",1740406528.0,13.083473,1.053686,1.096,0.06532,0.08151,0.49056,0.13738231537115012,154841120.0,0.031400000000000004,4.0
TT,False,62.31668623443768,"graham_current_ratio,graham_pe,graham_pe_times_pb",96656179200.0,32.686012,11.223239,1.073,0.5340400000000001,0.36643,0.35389,0.18607159774691748,3121687552.0,0.0096,4.0
PSA,False,62.267583493147484,"graham_current_ratio,graham_debt_to_equity,graham_pe,graham_pe_times_pb",53929308160.0,27.56638,10.472043,0.22,1.09632,0.21929,0.730038488535881,0.5333060024103176,2334240256.0,0.0414,4.0
INSP,False,62.21726742831337,"graham_size,graham_earnings_stability,graham_pe_times_pb",1991924992.0,15.209713,2.412465,8.551,0.03524,0.17965001,0.8539169127426997,0.05587177803046335,94637248.0,,2.0
VSNT,False,62.20995946684894,munger_roe,4615576064.0,6.0853214,0.56876063,2.38,0.38869,0.08063,0.56526,0.1901913875598086,1979750016.0,0.044800000000000006,4.0
BFS,False,62.16925,"graham_size,graham_current_ratio,graham_debt_to_equity,graham_pe,graham_pe_times_pb,munger_roe",1035618880.0,30.742268,6.6621985,0.624,3.41757,0.09559,0.7389690016212622,0.6738786170443999,84502376.0,0.0781,4.0
COP,False,62.11657316987067,"graham_pe_times_pb,munger_roe",154257735680.0,17.007284,2.3605163,1.542,0.35639000000000004,0.1418,0.47574002,0.3151,7691375104.0,0.0268,4.0
ALGN,False,62.087692378777895,"graham_current_ratio,graham_pe,graham_pe_times_pb,munger_roe",10531658752.0,25.693241,2.495497,1.395,0.02855,0.10155,0.6718803439138491,0.13525647316803818,594111360.0,,4.0
G,True,62.033081797757774,,5739214848.0,10.2260475,2.203264,1.996,0.54308,0.22447,0.36044401845004576,0.14768206093097888,479428736.0,0.022099999999999998,4.0
SKT,False,62.03024358166923,"graham_current_ratio,graham_debt_to_equity,graham_pe,graham_pe_times_pb",4221510912.0,32.399082,6.01926,0.743,2.7831099999999998,0.19399999,0.73124003,0.32639998,227820992.0,0.0351,4.0
YETI,False,61.965324238484854,graham_pe_times_pb,3133044224.0,18.826754,5.140103,1.751,0.41515,0.25320998,0.5740901496071168,0.11429365039438179,127417000.0,,4.0
CB,False,61.93501642857143,"graham_current_ratio,munger_roe",129590173696.0,11.953736,1.7185981,0.41,0.30940999999999996,0.14822,0.31129998,0.23527001,10488000512.0,0.012199999999999999,4.0
SHW,False,61.90613824806807,"graham_current_ratio,graham_debt_to_equity,graham_pe,graham_pe_times_pb",79442599936.0,30.189114,20.487698,0.727,3.8995800000000003,0.65124,0.48847685827362847,0.1805360946386198,2506037504.0,0.0097,4.0
STX,False,61.903004790689764,"graham_debt_to_equity,graham_earnings_stability,graham_pe,graham_pe_times_pb",209151541248.0,63.302135,96.26164,1.67,1.7988,3.7152898,0.45576,0.33571135711357114,1943750016.0,0.0032,3.0
VRT,False,61.808807231983785,"graham_current_ratio,graham_pe,graham_pe_times_pb",96460701696.0,56.68665,20.273079,1.379,0.70166,0.43943,0.38039002,0.1788580533534052,2696537600.0,0.001,4.0
CTSH,False,61.73907119400774,munger_roe,28129310720.0,12.900217,1.8586699,2.182,0.14479,0.14924,0.3344,0.1605552397195376,2215500032.0,0.0225,4.0
CCL,False,61.64496983346952,"graham_current_ratio,graham_debt_to_equity,graham_earnings_stability",29954228224.0,9.851352,2.3137963,0.334,2.0155600000000002,0.26689,0.55676997,0.1683945608894899,1899374976.0,0.0202,2.0
DV,False,61.570791675817794,"graham_pe,graham_pe_times_pb,munger_roe",2076058752.0,38.27143,1.8962345,4.498,0.10217999999999999,0.05389,0.82434,0.10583850400445816,162146880.0,,4.0
STRL,False,61.546010744079325,"graham_current_ratio,graham_pe,graham_pe_times_pb,munger_gross_margin",15790403584.0,37.164864,11.637847,1.107,0.24222000000000002,0.40005,0.22984045695486313,0.1630152659646457,349384384.0,,4.0
BAH,False,61.42014875380482,"graham_debt_to_equity,graham_pe_times_pb,munger_gross_margin",9249914880.0,12.072214,7.695387,1.595,3.4608999999999996,0.68637,0.2242,0.09209235981100115,860875008.0,0.030899999999999997,4.0
EXPO,False,61.31287760878742,"graham_pe,graham_pe_times_pb",3130196480.0,29.925,10.842391,1.977,0.27968,0.31204,0.36416999,0.205814636761315,76945872.0,0.018600000000000002,4.0
MCRI,False,61.16585976679192,"graham_current_ratio,graham_pe_times_pb,munger_gross_margin",2095680256.0,19.200329,3.6335106,1.207,0.02218,0.20544,0.23388213712451272,0.17625235127380529,131950872.0,0.0102,4.0
POWL,False,61.13601735454297,"graham_pe,graham_pe_times_pb,munger_gross_margin",7050980864.0,37.07663,9.3245325,1.971,0.00334,0.28252,0.293738760031078,0.19728013126653735,190403632.0,0.0019,4.0
DFIN,False,61.130498998556526,"graham_size,graham_current_ratio,graham_pe,graham_pe_times_pb,munger_roe",1193128704.0,31.512987,3.0942361,1.326,0.5464600000000001,0.08590999,0.64206004,0.18396349413298566,132825000.0,,4.0
MSA,False,61.08469746419467,"graham_pe,graham_pe_times_pb",7039380480.0,22.471676,5.038381,3.236,0.45911,0.2366,0.4646396922574719,0.1983226069359414,316457248.0,0.0121,4.0
EME,False,61.05822056594745,"graham_current_ratio,graham_pe,graham_pe_times_pb,munger_gross_margin",33467723776.0,23.599842,8.22932,1.277,0.13432,0.40348998,0.19327130810714582,0.10086985946775608,978281600.0,0.0021,4.0
PIPR,False,60.96836428571428,"data_missing:free_cash_flow,graham_pe_times_pb",5181545472.0,17.0116,3.6079125,2.429,0.11269,0.24528,0.91817003,0.21613,,0.011000000000000001,4.0
NXT,False,60.833531749290515,"graham_pe,graham_pe_times_pb",12695613440.0,21.352224,4.900842,2.689,0.01502,0.27224,0.32592522876110797,0.19589480219925323,324051264.0,,4.0
HIG,True,60.81891741666667,,34561912832.0,8.947756,1.7958226,1.772,0.22329999999999997,0.22061001,0.37868,-0.0707240207915524,5507500032.0,0.018600000000000002,4.0
AMG,False,60.79971949034656,graham_pe_times_pb,9539728384.0,12.943859,3.157147,101.314,0.7609600000000001,0.24257,0.50273,0.48065075921908895,277175008.0,0.0001,4.0
VZ,False,60.773253567095374,"graham_current_ratio,graham_debt_to_equity",194962833408.0,12.546791,1.8760995,0.604,1.8408099999999998,0.15842,0.59453,0.2117286943433364,17466624000.0,0.060899999999999996,4.0
PTGX,False,60.75380205582592,"graham_earnings_stability,graham_pe,graham_pe_times_pb,munger_roe",8971156480.0,134.60194,10.65478,21.709,0.01095,0.10985,1.0,0.74372,96145752.0,,0.0
BRC,False,60.73217719508046,graham_pe_times_pb,3957824768.0,19.62558,2.9154289,1.937,0.06158,0.1611,0.51748141059784,0.15857700420988646,166669376.0,0.012,4.0
NVR,False,60.72936360703856,"graham_pe_times_pb,munger_gross_margin",16804846592.0,16.389246,4.9801536,5.67,0.3215,0.31544,0.2184,0.13889,918313280.0,,4.0
PRGS,False,60.649014169188156,"graham_size,graham_current_ratio,graham_debt_to_equity,graham_pe_times_pb",1686657280.0,19.867151,3.357143,0.809,2.6216199999999996,0.18574,0.808166237315037,0.1567653306143904,307682624.0,,4.0
ICE,False,60.51417720180192,"graham_current_ratio,graham_pe,graham_pe_times_pb,munger_roe",87959281664.0,22.067604,2.9744096,1.012,0.69226,0.14094,1.0,0.38995253164556964,3633625088.0,0.013600000000000001,4.0
AM,False,60.456756505601184,"graham_current_ratio,graham_debt_to_equity,graham_pe,graham_pe_times_pb",10212610048.0,25.921686,5.2501216,0.842,1.8554499999999998,0.19822,0.79644996,0.5424561562941235,432616640.0,0.0426,4.0
TGTX,False,60.325406302486826,"graham_debt_to_equity,graham_earnings_stability,graham_pe,graham_pe_times_pb",8450942464.0,20.149635,13.42003,4.267,1.2489,1.0028,0.82372004,0.2001080665339363,59134500.0,,3.0
GLPI,False,60.263135121760456,"data_invalid_outlier:gross_margin,graham_debt_to_equity",11788339200.0,11.44186,2.2977235,24.29,1.5571899999999999,0.19354999,1.02151,0.75337920880488,506751744.0,0.08220000000000001,4.0
TDS,False,60.153668416666676,"graham_earnings_stability,munger_roe",4235117824.0,9.1975,1.0878501,3.818,0.23120000000000002,0.11784001,0.59351003,-0.07929038020463977,599447616.0,0.0044,0.0
HIW,False,60.11124999999999,"graham_current_ratio,graham_debt_to_equity,munger_roe",3353778176.0,19.774836,1.3927889,1.05,1.3264799999999999,0.06815,0.67342,0.6757609364455559,270770112.0,0.065,4.0
ANIP,False,60.058126048617,"graham_size,graham_debt_to_equity,graham_earnings_stability,graham_pe_times_pb",1710372352.0,16.222221,2.6720736,2.91,1.0482500000000001,0.20459,0.60403997,0.1257610095928528,132205752.0,,1.0
OUT,False,60.029384735952476,"graham_current_ratio,graham_debt_to_equity,graham_earnings_stability,graham_pe,graham_pe_times_pb",4962610688.0,20.269783,7.1582823,0.67,5.7364,0.35024,0.51405,0.16023366271769396,193724992.0,0.0436,2.0
DAVE,False,60.023511017017995,"graham_debt_to_equity,graham_earnings_stability,graham_pe,graham_pe_times_pb",4169456384.0,21.047972,20.05614,4.223,1.29139,1.04779,0.71748,-0.04167572689902165,167170368.0,,2.0
GL,False,60.0192310222842,"graham_current_ratio,munger_gross_margin",13092072448.0,11.503038,2.1324322,0.795,0.55675,0.20944999,0.23128671271931717,0.23221740923827355,1163503360.0,0.0078000000000000005,4.0
HQY,False,60.00580075183838,"graham_earnings_stability,graham_pe,graham_pe_times_pb,munger_roe",7513030656.0,32.790615,3.7839527,2.993,0.48792,0.11434,0.6952153485266429,0.24550698971927679,397510624.0,,3.0
SN,False,59.990971449280686,"graham_pe,graham_pe_times_pb",23973519360.0,34.73061,8.433938,2.08,0.3211,0.27528,0.4901387488537608,0.1438121524168379,638667520.0,,4.0
VLO,False,59.94420953561325,"graham_pe_times_pb,munger_gross_margin",107310563328.0,15.535641,4.2922955,1.636,0.40148000000000006,0.27637,0.16118999,0.12269,8416374784.0,0.0127,4.0
WWW,False,59.93911785669825,"graham_size,graham_debt_to_equity,graham_earnings_stability,graham_pe_times_pb",1586342272.0,15.1015625,3.812623,1.549,1.59137,0.27647,0.4730832844261858,0.0801365843248146,131325000.0,0.020099999999999996,2.0
CNK,False,59.91294441576214,"graham_current_ratio,graham_debt_to_equity,graham_earnings_stability,graham_pe,graham_pe_times_pb",4233101056.0,20.402235,8.451747,0.845,5.87527,0.45816,0.49416,-0.16714465408805032,227587504.0,0.01,3.0
GWW,False,59.87063079236642,"graham_pe,graham_pe_times_pb",60150931456.0,32.70937,14.526144,2.805,0.6197699999999999,0.46091,0.3906476424032995,0.1390591907256716,1247750016.0,0.0079,4.0
BLK,False,59.85401332155822,"graham_pe,graham_pe_times_pb,munger_roe",173193117696.0,25.556461,2.8677657,2.447,0.23192000000000002,0.122779995,0.47152,0.2909233564585398,7578124800.0,0.0215,4.0
UDR,False,59.78547539131641,"graham_current_ratio,graham_debt_to_equity,graham_pe,graham_pe_times_pb,munger_roe",12477114368.0,21.179245,3.73627,0.178,1.5614400000000002,0.13739,0.66581,0.3233081257734403,779827776.0,0.0507,4.0
NGVT,False,59.7508401650708,"graham_debt_to_equity,graham_earnings_stability,graham_pe,graham_pe_times_pb",2464553216.0,100.97184,52.713238,1.611,26.36034,0.30072,0.395255224391915,0.35859883521754027,88937504.0,,0.0
HON,False,59.691111237650084,"graham_current_ratio,graham_debt_to_equity",67295870976.0,8.160261,3.6303794,1.211,1.85369,0.46577,0.32074026411741274,0.2170557128358528,2610374912.0,0.0132,4.0
COLM,False,59.629151261620216,munger_roe,2961526016.0,14.68274,1.8490698,2.493,0.28798999999999997,0.12658,0.5053119327381834,0.060941303974773285,255117376.0,0.020499999999999997,4.0
CVLT,False,59.558170286143685,"graham_debt_to_equity,graham_earnings_stability,graham_pe,graham_pe_times_pb",6174204416.0,95.4968,118.61067,2.043,17.62992,0.32773998,0.8115047013998598,0.06250792014801172,303740256.0,,3.0
RGLD,False,59.422100000000015,"graham_pe,graham_pe_times_pb,munger_roe,munger_fcf",21527654400.0,27.261805,2.8355877,2.924,0.051859999999999996,0.136,0.693207280942404,0.6192964188220726,-189505504.0,0.0074,4.0
VRRM,False,59.320378950890415,"graham_size,graham_debt_to_equity",522060896.0,12.722221,2.3351462,2.058,4.863980000000001,0.15384,0.55711,0.21494773107633203,43281376.0,,4.0
RSI,False,59.2741209644322,"graham_earnings_stability,graham_pe,graham_pe_times_pb",4650011136.0,64.77419,12.526512,2.116,0.015189999999999999,0.30279,0.34967998,0.07706438839661926,127112000.0,,2.0
LMAT,False,59.15460861398883,"graham_size,graham_pe,graham_pe_times_pb",1837430400.0,27.421501,4.370376,16.312,0.45262,0.16774,0.7152947492407914,0.2720811531958878,49263624.0,0.0123,4.0
KEYS,False,59.143499724285476,"graham_pe,graham_pe_times_pb",59842736128.0,47.50135,9.110018,2.024,0.42094000000000004,0.20897,0.63278997,0.16297674418604652,1867124992.0,,4.0
BMI,False,59.14128710432629,"graham_pe,graham_pe_times_pb",3851192576.0,30.897673,5.6396976,2.422,0.03438,0.1848,0.4168053035848507,0.20009643674938335,128289624.0,0.013300000000000001,4.0
EXTR,False,59.102408889627675,"data_missing:consecutive_positive_earnings_years,graham_current_ratio,graham_debt_to_equity,graham_pe,graham_pe_times_pb",2905125120.0,73.267,32.56311,0.928,2.19625,0.54638,0.6147906696281453,0.04884336390117428,81449504.0,,
ILMN,False,59.08755647326718,"graham_earnings_stability,graham_pe,graham_pe_times_pb",38156189696.0,45.611916,13.444533,1.796,0.89042,0.32339,0.6608335252129864,0.18581625604420907,797625024.0,,1.0
REGN,False,59.08220808605562,"graham_pe_times_pb,munger_roe",82223972352.0,19.748764,2.5264544,3.335,0.08535,0.14043,0.44458,0.24945443390109392,3065299968.0,0.004699999999999999,4.0
AROC,False,59.0797665790605,"graham_current_ratio,graham_debt_to_equity,graham_pe_times_pb",5365348864.0,16.451612,3.4545045,1.394,1.51872,0.22194,0.4857183897630449,0.35931998,241304496.0,0.030299999999999997,4.0
PFE,False,59.065973299040955,"graham_current_ratio,graham_pe,graham_pe_times_pb,munger_roe",160103825408.0,36.480522,1.8791811,1.267,0.74253,0.05014,0.74716,0.27877,12485624832.0,0.0616,4.0
CVX,False,59.057889408258376,"graham_current_ratio,graham_pe_times_pb,munger_roe",403148734464.0,19.91473,2.1231406,1.252,0.18959,0.12231,0.44267,0.21866,21934000128.0,0.0352,4.0
CXM,False,59.027963814877836,"graham_size,graham_earnings_stability,graham_pe,graham_pe_times_pb,munger_roe",1260690304.0,54.3,2.4783204,1.555,0.0796,0.043569997,0.674035230984601,0.04694237050863276,100564752.0,,3.0
DD,False,59.01112857142857,"graham_earnings_stability,graham_pe,graham_pe_times_pb,munger_roe",17768890368.0,56.48176,1.2906888,2.427,0.22902,0.01792,0.9136939010356732,0.14239,1835250048.0,0.0182,0.0
NHI,False,59.00014162605892,"graham_pe_times_pb,munger_roe",3300466688.0,19.42341,2.1005502,1.817,0.80432,0.10717,0.73925,0.6565420968953649,171983248.0,0.0558,4.0
QTWO,False,58.99686786737034,"graham_current_ratio,graham_earnings_stability,graham_pe,graham_pe_times_pb,munger_roe",3513687040.0,39.683098,5.4613295,0.945,0.06361,0.14984,0.5406116438037315,0.050196965560279264,190320000.0,,1.0
CACC,False,58.949,"data_missing:free_cash_flow,graham_debt_to_equity,graham_pe_times_pb",5806071808.0,12.258614,3.6247811,4.833,3.95632,0.31932,0.94652003,0.52556,,,4.0
REG,False,58.91100555145869,"graham_current_ratio,graham_pe,graham_pe_times_pb,munger_roe",13698465792.0,24.670033,2.013078,0.964,0.7197199999999999,0.081870005,0.71539,0.7231565138356407,743363968.0,0.041100000000000005,4.0
IBP,False,58.852599970924366,"graham_debt_to_equity,graham_pe,graham_pe_times_pb",5510926336.0,22.390928,8.564584,2.983,1.87209,0.38451,0.3397401373367443,0.13006597549481622,289112512.0,0.0074,4.0
PNR,False,58.79477559662525,"graham_current_ratio,graham_pe_times_pb",8880224256.0,14.235752,2.3396916,1.451,0.47067,0.17126,0.4047653256704981,0.20534003831417624,558312512.0,0.0195,4.0
BSY,False,58.78035908061864,"graham_current_ratio,graham_debt_to_equity,graham_pe,graham_pe_times_pb",9905626112.0,36.433334,8.45539,0.595,1.05442,0.24517,0.815199173779897,0.2414609606340214,397979616.0,0.0088,4.0
ULTA,False,58.75683322494394,"graham_current_ratio,graham_pe_times_pb",23452901376.0,19.967602,8.881027,1.345,0.9547199999999999,0.46117002,0.39097025535753765,0.12370001339485283,914087360.0,,4.0
SFM,False,58.68520620887174,"graham_current_ratio,graham_debt_to_equity,graham_pe_times_pb",6223346176.0,12.760994,4.265627,0.992,1.4033799999999998,0.35197,0.38795449866394643,0.0779179662779198,398699872.0,,4.0
SBH,False,58.648888948667334,"graham_size,graham_debt_to_equity",1566300800.0,8.282178,1.8063053,2.367,1.7389,0.23527999,0.5162197035519303,0.088563212428514,177001248.0,,4.0
AA,False,58.646073821428566,"graham_earnings_stability,munger_gross_margin",11700424704.0,9.1981325,1.5875885,1.535,0.29918,0.18226999,0.19790001,0.18356001,960750016.0,0.0089,2.0
SPNT,False,58.645156486511226,"graham_current_ratio,graham_earnings_stability,munger_gross_margin",2971501056.0,6.300493,1.3045031,0.655,0.30786,0.23068,0.23864001,0.136,204187504.0,,3.0
MRSH,False,58.625642394722746,"graham_current_ratio,graham_debt_to_equity,graham_pe,graham_pe_times_pb",81665163264.0,20.894995,5.3866982,1.139,1.45027,0.25902998,0.43994,0.23064378636818503,4785249792.0,0.0233,4.0
TMDX,False,58.60892141622218,"graham_debt_to_equity,graham_earnings_stability,graham_pe,graham_pe_times_pb",2977076992.0,22.316063,5.7580214,6.625,1.67496,0.36285,0.5991900828084176,0.1793296052479463,44496752.0,,2.0
CHE,False,58.58739338555547,"graham_current_ratio,graham_pe,graham_pe_times_pb",6514526208.0,25.097431,7.811114,0.911,0.35495,0.27106002,0.33113998,0.13369523371349473,307859488.0,0.005600000000000001,4.0
ELS,False,58.574123005733966,"graham_current_ratio,graham_debt_to_equity,graham_pe,graham_pe_times_pb",11994977280.0,29.058254,6.6041484,0.139,1.82359,0.22877,0.53656,0.2555528274460585,603528512.0,0.036000000000000004,4.0
NEU,False,58.55744698731211,graham_pe_times_pb,8158040064.0,19.011787,4.4377136,2.252,0.51129,0.25123,0.31462268945522276,0.1995197362071857,435517888.0,0.013500000000000002,4.0
CBOE,False,58.51834545720011,"graham_pe,graham_pe_times_pb",28397926400.0,21.194855,5.0538034,1.565,0.2809,0.26297,0.44663765645327713,0.16683863442645014,678249984.0,0.0129,4.0
RCL,False,58.49417813001978,"graham_current_ratio,graham_debt_to_equity,graham_earnings_stability,graham_pe_times_pb,munger_fcf",60769124352.0,14.948356,5.9366918,0.209,2.24816,0.44669998,0.50284,0.27376637858935043,-1516249984.0,0.0255,3.0
ALLE,False,58.48227395849639,"graham_debt_to_equity,graham_pe,graham_pe_times_pb",13172197376.0,20.01292,6.219135,1.93,1.04895,0.3373,0.44801,0.21131954859489097,484449984.0,0.0143,4.0
WAY,False,58.435400472146995,"graham_earnings_stability,graham_pe,graham_pe_times_pb,munger_roe",4763030528.0,35.485714,1.2092887,1.847,0.37171,0.03765,0.69107,0.22678976564617867,313745376.0,,1.0
CRVL,False,58.41862258256809,"graham_pe,graham_pe_times_pb,munger_gross_margin",3701854208.0,32.56889,9.068184,1.941,0.06944,0.30697,0.2429383835823091,0.16674,91710128.0,,4.0
LQDT,False,58.34463569046078,"graham_size,graham_pe,graham_pe_times_pb,munger_roe",1342873216.0,41.611652,5.692655,1.58,0.05869,0.14965001,0.43807128216854885,0.07356467485823497,81894248.0,,4.0
PR,False,58.30527194007781,"graham_current_ratio,munger_roe",18149861376.0,14.446667,1.5116847,0.624,0.26245999999999997,0.114029996,0.75848997,0.28877948026252015,458368128.0,0.0296,4.0
SHC,False,58.295708982386174,"graham_debt_to_equity,graham_earnings_stability,graham_pe,graham_pe_times_pb",5218077696.0,32.07895,7.8375483,2.796,3.4073399999999996,0.27781,0.5547650128865426,0.27046066077145436,153967120.0,,3.0
PODD,False,58.29059066358059,"graham_pe,graham_pe_times_pb",9425929216.0,25.499063,6.6274934,2.485,0.66685,0.26016,0.7163324840293933,0.17495661164654186,236900000.0,,4.0
EGP,False,58.27957612802647,"graham_current_ratio,graham_pe,graham_pe_times_pb,munger_roe",10971907072.0,35.67133,3.0399282,0.412,0.46090000000000003,0.08732,0.73607004,0.3613811286585528,379368000.0,0.0344,4.0
TMUS,False,58.26584934847493,"graham_current_ratio,graham_debt_to_equity,graham_pe_times_pb",178245844992.0,17.363636,3.1743333,0.924,2.1403499999999998,0.17994,0.63054,0.20698909510921876,11335999488.0,0.025099999999999997,4.0
SUI,False,58.2583,"graham_current_ratio,graham_earnings_stability,graham_pe,graham_pe_times_pb,munger_roe",14418863104.0,142.74683,2.5029962,0.597,0.72848,0.01722,0.53682,0.560718320323234,1873449984.0,0.0394,2.0
EPRT,False,58.10675954412344,"graham_pe,munger_roe",5828087296.0,20.83721,1.3186812,3.841,0.65659,0.064780004,0.98414004,0.6413200550943571,305324384.0,0.0473,4.0
DLTR,False,58.1011686186889,"graham_current_ratio,graham_debt_to_equity,graham_earnings_stability,graham_pe_times_pb",21256636416.0,13.883579,6.207331,1.134,2.2394499999999997,0.46032003,0.36321721839293625,0.08515954213416582,1049587520.0,,1.0
IRDM,False,58.06756824730397,"graham_debt_to_equity,graham_pe,graham_pe_times_pb",5120498688.0,55.53448,10.832959,2.782,3.7865699999999998,0.19715,0.71851,0.27072513448493046,239205376.0,0.0123,4.0
BXP,False,57.98863823827439,"graham_current_ratio,graham_debt_to_equity,graham_pe,graham_pe_times_pb,munger_roe",11380807680.0,33.827957,1.947023,0.506,2.11631,0.05308,0.591178650533171,0.34899441830292427,880636864.0,0.0435,4.0
CON,False,57.95663803776505,"graham_current_ratio,graham_debt_to_equity,graham_pe,graham_pe_times_pb,munger_gross_margin",4425503232.0,22.390324,9.276932,1.377,4.23325,0.4706,0.29314,0.15438170264909631,204793632.0,0.0072,4.0
CUBE,False,57.94181190854534,"graham_current_ratio,graham_debt_to_equity,graham_pe,graham_pe_times_pb,munger_roe",8728581120.0,26.190475,3.3662672,0.1,1.3430000000000002,0.12028,0.70712,0.3501519832970446,486035744.0,0.055,4.0
AYI,False,57.94086102199114,"graham_pe,graham_pe_times_pb",9246642176.0,20.52392,3.238875,2.053,0.28206,0.17378001,0.47829988954344627,0.12976343888070693,467275008.0,0.0025,4.0
WDAY,False,57.92328670001999,"graham_current_ratio,graham_earnings_stability,graham_pe,graham_pe_times_pb",46318997504.0,39.14359,7.1610346,0.908,0.5839,0.16006,0.75795,0.07548157453936348,3046374912.0,,3.0
NDSN,False,57.90731644531662,"graham_pe,graham_pe_times_pb",17972660224.0,32.64828,5.4959874,1.823,0.55619,0.17763,0.55391,0.2549444117481652,613806656.0,0.0118,4.0
ECPG,False,57.90650000000001,"graham_debt_to_equity,graham_earnings_stability,munger_fcf",2014677632.0,7.2900996,1.8676392,11.376,3.88056,0.30542,1.0,0.3542776410248292,-157004624.0,,1.0
NWSA,False,57.82245043378331,"graham_pe,graham_pe_times_pb,munger_roe",15240671232.0,28.158417,1.8127351,1.623,0.31561,0.07979,0.57167,0.12537,1045124992.0,0.0068000000000000005,4.0
GTY,False,57.813053876987766,"graham_size,munger_roe",1792951680.0,17.545456,1.5972414,1.719,0.96193,0.094639994,0.96416,0.5718067713900427,108609872.0,0.0659,4.0
JAZZ,False,57.811299999999996,"graham_earnings_stability,graham_pe_times_pb",15119254528.0,15.941821,3.143185,1.779,0.91828,0.22114,0.91353995,-0.10081577735047402,1429392896.0,,0.0
QNST,False,57.810280530796,"graham_size,graham_current_ratio,graham_earnings_stability,munger_gross_margin",829166912.0,10.35,2.5336597,1.218,0.24036000000000002,0.28647,0.11270591909172985,0.027383219758338795,125921376.0,,2.0
CHRD,False,57.80821449068668,"graham_current_ratio,munger_roe",7550220800.0,9.332995,0.91167575,1.221,0.17981999999999998,0.10312,0.4811,0.04047978256046696,961228032.0,0.0383,4.0
AVY,False,57.714358417830326,"graham_current_ratio,graham_debt_to_equity,graham_pe_times_pb,munger_gross_margin",13262284800.0,18.663616,5.6658063,1.132,1.58653,0.3116,0.28753881768392525,0.13586001,1004600000.0,0.0232,4.0
WT,False,57.699815716822734,"graham_debt_to_equity,graham_pe,graham_pe_times_pb",3599927808.0,43.2,7.467002,2.995,2.5767200000000003,0.18731001,0.53330004,0.3527978564180876,156595376.0,0.0051,4.0
COKE,False,57.6990999768233,"data_missing:debt_to_equity,graham_current_ratio,graham_pe,graham_pe_times_pb",12575991808.0,25.123669,-25.147078,1.211,,0.97331,0.39739072267712405,0.13152307225111043,443481760.0,0.0052,4.0
JLL,False,57.66641276339976,"graham_current_ratio,graham_pe_times_pb,munger_roe",14977807360.0,15.606422,2.0072756,1.126,0.42351999999999995,0.13520001,0.51232,0.042043835868216695,1500125056.0,,4.0
DOCN,False,57.41708424531326,"graham_current_ratio,graham_debt_to_equity,graham_earnings_stability,graham_pe,graham_pe_times_pb,munger_fcf",16621991936.0,64.627266,16.040161,1.311,2.12506,0.62273,0.5985975569846477,0.1741560880692502,-23832624.0,,3.0
EXLS,False,57.37914822341168,"graham_current_ratio,graham_pe,graham_pe_times_pb",5385598464.0,22.310125,6.1744614,1.244,0.56585,0.25944,0.3837160789565829,0.15028651435397875,262332752.0,,4.0
ROST,False,57.348132370450436,"graham_pe,graham_pe_times_pb",75130585088.0,28.403986,11.149379,1.612,0.70281,0.42628,0.33385,0.11900177925298451,2002041600.0,0.0077,4.0
ADC,False,57.29187843162482,"graham_current_ratio,graham_pe,graham_pe_times_pb,munger_roe",8378659840.0,36.115593,1.3148366,0.271,0.58984,0.037049998,0.87656,0.47382509416785684,447780000.0,0.047599999999999996,4.0
LIF,False,57.27187733379376,"graham_earnings_stability,graham_pe,graham_pe_times_pb",3275510784.0,23.372093,5.3163624,5.601,0.50803,0.30056,0.778052672115976,0.03846114558072734,74707752.0,,1.0
STAG,False,57.21966192394288,"graham_pe,graham_pe_times_pb,munger_roe",7313185280.0,28.584616,1.9731323,1.816,0.9378,0.069759995,0.79549,0.37036,469642880.0,0.0415,4.0
HMN,False,57.18358095238095,"graham_size,munger_roe",1893691648.0,11.159093,1.2598103,2.872,0.39537,0.12385,0.39488,0.13213,222650000.0,0.0305,4.0
PGNY,False,57.14909547828735,"graham_size,graham_pe,graham_pe_times_pb,munger_gross_margin",1971878784.0,27.934782,4.352981,2.137,0.04963,0.16242,0.23627936284251638,0.0661748900603029,200944368.0,,4.0
FNF,False,57.100176640476185,"graham_current_ratio,munger_roe",11302986752.0,14.6846695,1.5154622,0.94,0.54297,0.102110006,0.54046,0.10666,3589125120.0,0.0489,4.0
BBY,False,57.069561811377234,"graham_current_ratio,graham_debt_to_equity,graham_pe_times_pb,munger_gross_margin",19332698112.0,15.3377695,6.0933366,1.117,1.3009700000000002,0.43126,0.22482070470845025,0.033316543138806935,1403374976.0,0.0405,4.0
AIG,False,57.06105238095238,"graham_current_ratio,graham_earnings_stability,munger_roe",39496736768.0,13.78376,0.97608095,0.612,0.22466,0.0722,0.35087,0.19414,7365000192.0,0.026600000000000002,1.0
ADI,False,57.057407814923224,"graham_current_ratio,graham_pe,graham_pe_times_pb,munger_roe",185833291776.0,45.49288,5.5388584,1.25,0.27314,0.12227,0.614669518890112,0.26611379050277834,4147339008.0,0.0113,4.0
BHF,False,56.964582666666665,"graham_current_ratio,graham_debt_to_equity,graham_earnings_stability,munger_roe",2990601216.0,4.1237116,0.45655283,0.774,1.78382,0.13535,0.35439998,0.77778,19879124992.0,,2.0
MPC,False,56.95070345992488,"graham_current_ratio,graham_debt_to_equity,graham_pe_times_pb,munger_gross_margin",112950280192.0,13.415395,5.7395043,1.25,1.33328,0.42099,0.12819,0.06247974739824716,9249375232.0,0.0103,4.0
FANG,False,56.928934141557484,"graham_current_ratio,graham_pe,graham_pe_times_pb,munger_roe",52270800896.0,35.392365,1.375524,0.467,0.28678000000000003,0.034930002,0.72353995,0.08425395980300812,5035500032.0,0.023799999999999998,4.0
HLX,False,56.91034523809524,"data_missing:free_cash_flow,graham_size,graham_earnings_stability,graham_pe",1562253952.0,44.166668,0.30309096,1.745,0.8317,0.37597,0.5078,0.2161,,,2.0
PINS,False,56.89053281512727,"graham_earnings_stability,graham_pe,graham_pe_times_pb,munger_roe",10284488704.0,54.0,3.5880399,3.81,0.41350000000000003,0.06461,0.79473,0.07576993235296973,1196440960.0,,2.0
ERIE,False,56.889769342378415,"graham_current_ratio,graham_pe,graham_pe_times_pb,munger_gross_margin",11860911104.0,20.583485,4.807656,1.246,0.0256,0.24808,0.17904,0.17633108103788842,481207744.0,0.025,4.0
VICR,False,56.81780031402006,"graham_pe,graham_pe_times_pb",12765801472.0,89.027336,15.298652,13.249,0.00912,0.20131999,0.5730692002005738,0.1807550679145838,339500.0,,4.0
CMG,False,56.79597939169383,"graham_current_ratio,graham_debt_to_equity,graham_pe,graham_pe_times_pb",41543675904.0,30.39815,18.922192,0.715,2.4635,0.49560001,0.39361998,0.16232288838105519,1116464384.0,,4.0
ARLO,False,56.77681559228037,"graham_size,graham_current_ratio,graham_earnings_stability,graham_pe,graham_pe_times_pb",1409196288.0,46.767857,8.883989,1.402,0.048760000000000005,0.22068001,0.4461,-0.035550002,62496248.0,,1.0
WTS,False,56.768725729846366,"graham_pe,graham_pe_times_pb",12028580864.0,31.414124,5.740048,2.66,0.09673999999999999,0.18805,0.4945663317613287,0.1837605085093295,228787504.0,0.006500000000000001,4.0
TILE,False,56.762272435555076,graham_pe_times_pb,2026484224.0,14.194332,2.9873893,2.527,0.42808999999999997,0.23225,0.3874813066119433,0.1182496499271012,103601872.0,0.0034000000000000002,4.0
EVTC,False,56.748025773043366,"graham_size,graham_debt_to_equity,graham_pe_times_pb,munger_roe",1694867456.0,17.86039,2.5621798,1.702,1.84286,0.14845,0.51118,0.20008199025990053,151623120.0,0.0072,4.0
OVV,False,56.740572797196634,"graham_current_ratio,munger_roe",16540680192.0,16.70391,1.4384335,1.008,0.43734,0.08411,0.53859,0.12696452626852267,1230499968.0,0.0204,4.0
MKC,False,56.71566010180564,graham_current_ratio,13125332992.0,8.042833,1.876249,0.781,0.65143,0.24728,0.3789599871350672,0.15654284168823004,714025024.0,0.038900000000000004,4.0
RDN,False,56.68467594713873,munger_roe,4577863680.0,8.460097,0.961081,1.588,0.27967,0.12026,0.69302005,-0.2761079388616707,308735264.0,0.0294,4.0
EPAM,False,56.634708493345066,"munger_roe,munger_gross_margin",5754527744.0,15.135686,1.6353428,2.755,0.04325999999999999,0.111770004,0.29451,0.0952900245113849,650156096.0,,4.0
PLD,False,56.553139145726206,"graham_current_ratio,graham_pe,graham_pe_times_pb,munger_roe",131047636992.0,30.091516,2.3439102,0.649,0.63823,0.07749,0.75549006,0.4957680361159742,5406941184.0,0.0315,4.0
VSXY,False,56.52011519860801,"graham_current_ratio,graham_debt_to_equity,graham_pe_times_pb",6665482240.0,18.166306,8.356501,1.36,2.7583300000000004,0.46905,0.3638028383946284,0.0413551045322753,336500000.0,,4.0
APH,False,56.47789341801449,"graham_debt_to_equity,graham_pe,graham_pe_times_pb",202788782080.0,41.1175,13.0864105,1.888,1.20415,0.38115,0.3688162219037268,0.2541102504037723,3818374912.0,0.006,4.0
UE,False,56.42955078782528,"graham_current_ratio,graham_debt_to_equity,graham_pe,graham_pe_times_pb,munger_roe",2737220096.0,37.509434,1.9541923,0.689,1.26633,0.05092,0.64747,0.2942461850492563,226218256.0,0.0418,4.0
T,False,56.396063966619344,"graham_current_ratio,graham_debt_to_equity,graham_earnings_stability",174941421568.0,8.538462,1.5900599,0.971,1.29054,0.18339,0.59721,0.1922991213548962,10142000128.0,0.044199999999999996,3.0
WMG,False,56.35449391227084,"graham_current_ratio,graham_debt_to_equity,graham_pe,graham_pe_times_pb",14341054464.0,21.932001,16.78812,0.734,4.52947,0.70074,0.45769,0.10347398240644103,382249984.0,0.0292,4.0
LECO,False,56.34519950938277,"graham_pe,graham_pe_times_pb",14502346752.0,26.633635,9.331206,1.982,0.77347,0.37736,0.3624500148003675,0.16963347297415096,307077120.0,0.012,4.0
FRT,False,56.32077219028495,"graham_current_ratio,graham_debt_to_equity,graham_pe,graham_pe_times_pb,munger_roe",9576669184.0,22.258587,2.9871223,0.564,1.34114,0.12550999,0.68136,0.4708450126077523,456137632.0,0.042,4.0
BSX,False,56.262522255843805,"graham_current_ratio,graham_pe_times_pb",64055947264.0,17.894737,2.5649953,1.24,0.50151,0.15338999,0.6901464581050114,0.17998405898176745,2451375104.0,,4.0
KIM,False,56.170470204736986,"graham_current_ratio,graham_pe,graham_pe_times_pb,munger_roe",14958602240.0,25.930231,1.4559937,0.971,0.84993,0.05806,0.68933,0.3601781398765301,871483392.0,0.049699999999999994,4.0
AMH,False,56.16689238659829,"graham_pe,graham_pe_times_pb,munger_roe",12698263552.0,24.583334,1.6372429,1.672,0.68848,0.07084,0.56646997,0.25921,822327360.0,0.042199999999999994,4.0
UTHR,False,56.13270839182746,"data_missing:debt_to_equity,graham_pe_times_pb",20956178432.0,17.49982,3.25793,5.732,,0.19315,0.8792220441763283,0.4689414647940428,557137472.0,,4.0
NWS,False,56.13253443813082,"graham_pe,graham_pe_times_pb,munger_roe",16907284480.0,30.931372,2.010963,1.623,0.31561,0.07979,0.57167,0.12537,1045124992.0,0.0062,4.0
HSTM,False,56.09496297813092,"graham_size,graham_current_ratio,graham_pe,graham_pe_times_pb,munger_roe",879325824.0,39.916664,2.3565104,1.062,0.03766,0.059959996,0.65081,0.06655177857293201,50334876.0,0.004699999999999999,4.0
FIS,False,56.03741525843269,"graham_current_ratio,graham_debt_to_equity,graham_earnings_stability",18075265024.0,5.3717356,1.1251247,0.535,1.3251,0.22348,0.36864287721270017,0.16306078486466236,2653125120.0,0.050300000000000004,2.0
EW,False,56.016075317617364,"graham_pe,graham_pe_times_pb,munger_roe",49769271296.0,51.144966,4.6937275,4.522,0.06568,0.09175,0.7801107521919705,0.2083525611444393,1232412544.0,,4.0
MAT,False,55.99376325428228,graham_debt_to_equity,3769811456.0,9.774074,1.8866171,1.902,1.37445,0.20497,0.4872551786092625,0.1021807259038268,425315872.0,,4.0
STC,False,55.95602291930044,"graham_size,munger_roe",1911194240.0,13.734135,1.1489319,1.847,0.46090000000000003,0.096140005,0.61847997,0.06954,135150000.0,0.035,4.0
NTST,False,55.94932094248194,"graham_size,graham_earnings_stability,graham_pe,graham_pe_times_pb,munger_roe",1798155392.0,131.5,1.1886622,5.531,0.88837,0.00962,0.90376997,0.39020002,133447376.0,0.0492,1.0
SYK,False,55.8973523669181,"graham_pe,graham_pe_times_pb",104439267328.0,28.128098,4.353833,2.157,0.6439100000000001,0.16508,0.6396321070234113,0.19465679248287943,4107624960.0,0.0128,4.0
CTVA,False,55.88174210103094,"graham_pe,graham_pe_times_pb,munger_roe",54236364800.0,49.266666,2.1551473,1.516,0.19191,0.04256,0.4954,0.3013,2417250048.0,0.009000000000000001,4.0
VOYA,False,55.839707397912555,"graham_pe_times_pb,munger_roe",8868024320.0,16.506746,1.8926313,5.669,0.6890999999999999,0.096099995,0.55609,0.12675540359018195,1433500032.0,0.0192,4.0
CMCSA,False,55.777622382167195,"graham_current_ratio,graham_debt_to_equity,munger_roe",80784711680.0,7.2964745,0.89941126,0.796,1.00474,0.114879996,0.6939,0.16710452925056787,12697624576.0,0.058899999999999994,4.0
NDAQ,False,55.7107319437144,"graham_current_ratio,graham_pe,graham_pe_times_pb",53659033600.0,28.068714,4.500258,1.006,0.77687,0.16521999,0.6353183248608085,0.2821350762527233,1691500032.0,0.0123,4.0
CHWY,False,55.68805174302527,"graham_current_ratio,graham_debt_to_equity,graham_pe,graham_pe_times_pb,munger_gross_margin",7538145280.0,28.853846,20.319609,0.838,3.13414,0.71988,0.2978931079633377,0.02018013728524382,449075008.0,,4.0
ALSN,False,55.57923103383331,"graham_debt_to_equity,graham_pe_times_pb",9442798592.0,18.62378,4.7765245,1.807,2.11925,0.28349,0.48604651162790696,0.292358803986711,211000000.0,0.0101,4.0
SIG,True,55.540834468877364,,3852415744.0,11.67712,2.1038756,1.639,0.66703,0.19855,0.3954737583656217,0.057693436656099564,422037504.0,0.0139,4.0
HD,False,55.530467324291436,"graham_current_ratio,graham_debt_to_equity,graham_pe,graham_pe_times_pb",299331813376.0,20.980768,18.01952,1.078,3.80261,1.0429599,0.33315521334928316,0.12684976591390731,10762625024.0,0.0305,4.0
ACIW,False,55.51357656903053,"graham_pe,graham_pe_times_pb",4987189248.0,22.660551,3.3409982,1.582,0.57698,0.15617,0.49082002,0.18747435761929604,260535632.0,,4.0
KMB,False,55.36974741918685,"graham_current_ratio,graham_debt_to_equity,graham_pe_times_pb",32500281344.0,19.349804,18.606995,0.909,3.48933,1.04913,0.36012646683285704,0.14294400194564358,941124992.0,0.0518,4.0
AGYS,False,55.36640167834855,"graham_pe,graham_pe_times_pb,munger_roe",2839053568.0,66.2204,8.367,1.741,0.054509999999999996,0.13802,0.6261055018289322,0.13471150473518065,57453376.0,,4.0
FR,False,55.32156305581496,"graham_current_ratio,graham_pe,graham_pe_times_pb,munger_roe",8442268672.0,22.405455,2.9430168,1.498,0.90051,0.1363,0.73745,0.45097,290640736.0,0.0323,4.0
SLM,False,55.26875,"data_missing:free_cash_flow,graham_current_ratio,graham_debt_to_equity",4481920000.0,6.640669,2.0150452,1.334,2.36158,0.30333,1.0,0.29211,,0.021400000000000002,4.0
HL,False,55.22390362803728,"graham_earnings_stability,graham_pe,graham_pe_times_pb,munger_gross_margin",12300796928.0,22.096264,4.6010785,5.197,0.008020000000000001,0.22173999,0.2848502299688679,0.16942149400037465,342344736.0,0.0008,2.0
ZWS,False,55.1537194544897,"graham_pe,graham_pe_times_pb",7785660416.0,29.15528,4.6986985,3.053,0.33181,0.16919,0.4509699864378796,0.16445545138274661,322675008.0,0.009399999999999999,4.0
VAL,False,55.14083756866112,munger_gross_margin,5745639424.0,6.1705813,1.8065956,1.547,0.36219999999999997,0.33619,0.24784,0.2013507809202195,79725000.0,,4.0
LII,False,55.104734528742284,"graham_debt_to_equity,graham_pe_times_pb",12899772416.0,16.574156,9.943788,1.569,1.5608199999999999,0.71757007,0.3339171943872346,0.20046965526533597,277737504.0,0.0146,4.0
INVX,False,55.049680048009385,"graham_size,graham_pe,graham_pe_times_pb,munger_roe",1965855872.0,30.940548,1.8321121,5.006,0.07043,0.05994,0.32401,0.1355735900091081,174039872.0,,4.0
COO,False,55.04227242289079,"graham_current_ratio,munger_roe",10592601088.0,19.142612,1.2715133,1.222,0.33634000000000003,0.06838,0.6553855928061773,0.16687029615873325,542649984.0,,4.0
TEL,False,55.02663967121612,"graham_pe,graham_pe_times_pb",62386532352.0,20.729286,4.709861,1.876,0.43441,0.23290001,0.3521608156644653,0.18601552543158384,2336875008.0,0.0146,4.0
KRC,False,55.01356428571429,"graham_current_ratio,graham_pe,munger_roe",4000093440.0,23.818184,0.7580007,1.103,0.85616,0.03431,0.65379,0.23993,718001472.0,0.0622,4.0
VRTS,False,55.008583971846484,"graham_size,munger_roe",852174656.0,7.3110795,0.93722916,2.659,0.44522,0.106709994,0.41079,0.19778042245841956,56292376.0,0.07519999999999999,4.0
MPT,False,55.00000000000001,"data_missing:trailing_pe,graham_current_ratio,graham_debt_to_equity,graham_earnings_stability,munger_roe",2140962048.0,,0.47559035,1.172,2.15671,-0.00622,0.95944,0.6890208515136681,753948992.0,0.0989,0.0
A,False,54.9883004356331,"graham_pe,graham_pe_times_pb",46470336512.0,32.51085,6.3121815,2.05,0.56336,0.20971,0.53648996,0.21286701208981001,1060374976.0,0.0060999999999999995,4.0
SIGI,False,54.95320639285715,"graham_current_ratio,munger_roe,munger_gross_margin",5193544192.0,10.824844,1.4989507,0.318,0.24596,0.14152999,0.22764,0.12693,1355778304.0,0.0196,4.0
OII,False,54.85883083418608,"graham_pe_times_pb,munger_gross_margin",4577866240.0,13.255043,3.932205,2.176,0.70343,0.34570998,0.20417031229571905,0.10938754868620867,237835120.0,,4.0
MUR,False,54.84265795821549,"graham_current_ratio,munger_roe",5212620800.0,17.997524,0.99100447,0.854,0.41896,0.06461,0.82672995,0.11079684113309325,344718368.0,0.039599999999999996,4.0
HWM,False,54.734997237196716,"graham_pe,graham_pe_times_pb",91401297920.0,49.394398,15.99372,1.818,0.81368,0.34732,0.36032,0.24793989335918565,1189874944.0,0.0025,4.0
KVUE,False,54.680152253916745,"graham_current_ratio,graham_pe,graham_pe_times_pb",34016897024.0,20.835293,3.2223434,1.005,0.8161700000000001,0.15581,0.581327691087014,0.15961385876752182,1907500032.0,0.047,4.0
DGII,False,54.677897424919394,"graham_current_ratio,graham_pe,graham_pe_times_pb,munger_roe",2891267584.0,58.607697,4.2189493,1.129,0.17279,0.07459,0.629158037380788,0.13083973120791406,128003128.0,,4.0
MO,False,54.66999696469954,"data_missing:debt_to_equity,data_missing:return_on_equity,graham_current_ratio,graham_pe_times_pb",114811592704.0,14.47579,-43.028786,0.518,,,0.6246831908587138,0.4252330426564715,9033374720.0,0.0647,4.0
MWA,False,54.637440941909375,graham_pe_times_pb,3411346176.0,15.279721,3.0444477,4.636,0.40423000000000003,0.21684,0.36140449045254247,0.1822760019584528,130712496.0,0.0127,4.0
ESS,False,54.622162943163666,"graham_current_ratio,graham_debt_to_equity,graham_pe,graham_pe_times_pb,munger_roe",18857517056.0,42.54899,3.30319,0.249,1.2240900000000001,0.0771,0.6988536806996071,0.47649793757898,1043926720.0,0.0377,4.0
CGNX,False,54.60738411510493,"graham_pe,graham_pe_times_pb,munger_roe",9970627584.0,56.990387,6.1185093,3.934,0.044480000000000006,0.111490004,0.6691677754211507,0.16348823714573912,195671376.0,0.0058,4.0
BNL,False,54.56353063396816,"graham_pe,graham_pe_times_pb,munger_roe",4039713280.0,25.300001,1.2633156,2.017,0.8932599999999999,0.04922,0.9486,0.4675071462798037,230601872.0,0.061200000000000004,4.0
ROK,False,54.532313783922504,"graham_current_ratio,graham_debt_to_equity,graham_pe,graham_pe_times_pb",48191238144.0,40.633427,13.792429,1.075,1.0334699999999999,0.30629,0.48141932390314074,0.20414768640613762,1303874944.0,0.0129,4.0
TTC,False,54.44498528419701,"graham_pe,graham_pe_times_pb",9105670144.0,25.719252,6.706407,1.576,0.80671,0.26447,0.333628946434906,0.09087885775097553,608062528.0,0.0165,4.0
ZD,False,54.40968081783851,"data_missing:trailing_pe,graham_size,munger_roe",1953685120.0,,0.89038205,2.164,0.3998,-0.01456,0.8672618904767484,0.1261558857495652,519709248.0,,4.0
EMR,False,54.249533407854614,"graham_current_ratio,graham_pe,graham_pe_times_pb,munger_roe",87000326144.0,33.476295,4.2515397,0.896,0.6767700000000001,0.128,0.528363676731794,0.26924,3706249984.0,0.0144,4.0
EG,False,54.23309523809523,"graham_current_ratio,munger_roe,munger_gross_margin",14329255936.0,7.895943,0.937315,0.388,0.23260000000000003,0.12572,0.15281,0.19132,2064625024.0,0.0216,4.0
MDT,False,54.16486264536011,"graham_pe,graham_pe_times_pb,munger_roe",114073518080.0,22.18408,2.2725651,2.067,0.55365,0.106479995,0.6976930524488365,0.17784072159278408,5412499968.0,0.0317,4.0
AMPH,False,54.127041137203626,"graham_size,munger_roe",1061108992.0,14.760354,1.3811526,2.397,0.89607,0.10297,0.494601236027321,0.19503477629127905,230095872.0,,4.0
TRU,False,54.06441958977026,"graham_debt_to_equity,graham_earnings_stability,graham_pe_times_pb",13719518208.0,18.89314,2.8329248,1.9,1.13212,0.15626,0.5873,0.18744400498219085,808625024.0,0.006999999999999999,2.0
PBH,False,54.040779488246606,"graham_debt_to_equity,graham_earnings_stability,munger_roe",2202574080.0,13.023194,1.1490769,3.23,1.07864,0.0912,0.5470517725187264,0.2841991172999114,147887504.0,,3.0
GE,False,54.004049674452595,"graham_current_ratio,graham_debt_to_equity,graham_pe,graham_pe_times_pb",333623033856.0,37.873383,18.913301,0.982,1.13225,0.48231998,0.31051,0.20328098909297615,6594625024.0,0.0059,4.0
LQDA,False,53.99902398017582,"graham_earnings_stability,graham_pe,graham_pe_times_pb",6070492672.0,48.44286,30.968035,2.312,0.93738,1.3181599,0.92542,-0.3245073269327943,74296128.0,,0.0
INVH,False,53.95053825085018,"graham_current_ratio,graham_pe,graham_pe_times_pb,munger_roe",15961592832.0,24.793577,1.7627681,0.43,0.9442499999999999,0.070539996,0.56262,0.25115,1168785536.0,0.044199999999999996,4.0
HSY,False,53.92008275295286,"graham_current_ratio,graham_debt_to_equity,graham_pe,graham_pe_times_pb",33931321344.0,23.038881,7.436479,1.18,1.29821,0.32808998,0.33548561069861765,0.12328574986384523,1743636352.0,0.0345,4.0
TJX,False,53.81885438243713,"graham_current_ratio,graham_debt_to_equity,graham_pe,graham_pe_times_pb",145898323968.0,24.457409,14.029107,1.147,1.3441900000000002,0.62171,0.31467,0.13518329941526713,4398125056.0,0.0147,4.0
ATMU,False,53.77525844661587,"graham_debt_to_equity,graham_pe_times_pb,munger_gross_margin",3658335488.0,16.855263,8.043595,2.65,2.32278,0.5579,0.28243496004080937,0.1694723119650853,103862496.0,0.0053,4.0
RHP,False,53.69572965240587,"graham_current_ratio,graham_debt_to_equity,graham_pe,graham_pe_times_pb",8381935616.0,29.635366,10.128793,1.313,3.3457,0.22583,0.35156,0.18897961670290303,567982976.0,0.0395,4.0
UFCS,False,53.6814119047619,"graham_size,graham_current_ratio,graham_earnings_stability,munger_gross_margin",1371450368.0,9.91744,1.4058967,0.356,0.14974,0.15465,0.12865,0.11761,255639504.0,0.0149,2.0
SAM,False,53.656839645105904,"data_missing:trailing_pe,graham_size,graham_current_ratio,munger_roe",1719884160.0,,2.3300369,1.045,0.04415,-0.08614001,0.4847750171247342,0.07373152284434456,372617632.0,,4.0
VCYT,False,53.653923781115864,"graham_earnings_stability,graham_pe,graham_pe_times_pb,munger_roe",3440723200.0,30.571428,2.4774253,9.162,0.02889,0.087740004,0.7010258244786278,0.11172301772230225,106230872.0,,2.0
TECH,False,53.64932875259419,"graham_pe,graham_pe_times_pb,munger_roe",11374811136.0,62.530178,5.3705764,4.547,0.13712,0.09032,0.6576504951692909,0.20731021802592345,229653120.0,0.0044,4.0
DLX,False,53.583244512508735,"graham_size,graham_current_ratio,graham_debt_to_equity,munger_roe",1100321664.0,11.006881,1.5532756,1.196,2.09945,0.14957,0.5308935809218588,0.1089443090193137,171792992.0,0.0504,4.0
APLE,False,53.56511752849447,"graham_current_ratio,graham_pe,munger_roe",3759617024.0,21.52027,1.1970085,0.291,0.51367,0.05529,0.42902002,0.18253083788709318,360905376.0,0.0608,4.0
REXR,False,53.48802442455195,"data_missing:trailing_pe,graham_current_ratio,munger_roe",8804748288.0,,1.159381,0.344,0.41445,-0.047280002,0.76798,0.4159,341792384.0,0.0455,4.0
WPC,False,53.4486646179839,"graham_current_ratio,graham_debt_to_equity,graham_pe,graham_pe_times_pb,munger_roe",15199942656.0,22.849316,1.7526071,1.164,1.01882,0.077800006,0.94371,0.22366027517548806,1096111872.0,0.056799999999999996,4.0
BRK-B,False,53.416628898694086,"graham_earnings_stability,munger_roe",1091162603520.0,12.813475,0.0009760527,2.891,0.17142,0.121199995,0.30332002,0.12359121769264386,71975247872.0,,3.0
CDP,False,53.41653965272515,"graham_debt_to_equity,graham_earnings_stability,graham_pe,graham_pe_times_pb,munger_roe",3927127296.0,23.541666,2.5040627,2.594,1.6415,0.10825,0.58258,0.22165888841747985,257286368.0,0.0373,2.0
AR,False,53.37708751211016,"graham_current_ratio,munger_roe",11037829120.0,10.28725,1.3317939,0.401,0.55493,0.14216,0.67154,0.16748969781586684,391220736.0,,4.0
SHOO,False,53.37160293325436,"graham_pe,graham_pe_times_pb",3205156864.0,21.9,3.4106836,1.906,0.38795999999999997,0.15913,0.41413727665226713,0.031873530301972014,219048992.0,0.0189,4.0
LNC,False,53.37032301428572,"graham_earnings_stability,munger_gross_margin",7887629824.0,3.4709353,0.76104623,2.184,0.63803,0.22587,0.27076998,0.046079997,2069374976.0,0.043899999999999995,2.0
SIRI,False,53.36201070844322,"graham_current_ratio,graham_earnings_stability,munger_roe",8824411136.0,10.8630705,0.7408665,0.458,0.81105,0.07574,0.5244215938303342,0.17188595466230427,1186000000.0,0.0407,1.0
HAYW,False,53.317416375282164,"graham_pe_times_pb,munger_roe",2719373056.0,17.805555,1.7129877,3.327,0.6325500000000001,0.104119994,0.4800495475224011,0.20785898561250452,164106256.0,,4.0
MD,False,53.31579151937342,"graham_current_ratio,graham_earnings_stability,munger_gross_margin",2105678592.0,12.109813,2.3323734,1.316,0.70371,0.20389,0.26236,0.13407,160776992.0,,1.0
CSX,False,53.27928724899393,"graham_current_ratio,graham_debt_to_equity,graham_pe,graham_pe_times_pb",87640588288.0,27.189655,6.2233624,0.82,1.3806800000000001,0.24357,0.47070998,0.3208203235878513,1953250048.0,0.012,4.0
CLX,False,53.26939992532116,"graham_current_ratio,graham_debt_to_equity,graham_pe_times_pb",10329926656.0,17.291498,114.81182,0.658,22.214290000000002,1.6376,0.45228040540540543,0.12885,110375000.0,0.0574,4.0
CHDN,False,53.084087187450336,"graham_current_ratio,graham_debt_to_equity,graham_pe_times_pb",5513986048.0,13.8304205,4.129561,0.356,3.49173,0.33848,0.34179002,0.23370586827984552,138712496.0,0.0055000000000000005,4.0
AMZN,False,53.078906293788464,"graham_current_ratio,graham_earnings_stability,graham_pe,graham_pe_times_pb",2693558173696.0,20.36868,4.881539,1.033,0.45616999999999996,0.30558002,0.5077,0.11155296795755199,3219124992.0,,3.0
IBKR,False,53.01424850000001,"data_missing:free_cash_flow,graham_current_ratio,graham_debt_to_equity,graham_pe,graham_pe_times_pb",158199267328.0,36.845238,7.0861635,1.093,2.05748,0.24018998,0.93036,0.76532996,,0.0038,4.0
WRLD,False,53.00364991846579,"graham_size,graham_debt_to_equity,graham_pe,graham_pe_times_pb,munger_roe",798212224.0,21.652971,2.1368506,10.382,1.78936,0.099,0.69242996,0.15316,60710904.0,,4.0
RYAN,False,52.871345582655515,"graham_current_ratio,graham_debt_to_equity,graham_pe,graham_pe_times_pb",9407633408.0,51.704227,8.750894,0.998,3.74707,0.22092,0.41487,0.16178945084536003,584760128.0,0.013500000000000002,4.0
EXR,False,52.821315177366245,"graham_current_ratio,graham_debt_to_equity,graham_pe,graham_pe_times_pb,munger_roe",29735251968.0,29.67621,2.1470232,0.886,1.01674,0.06953,0.74919,0.4182600838124293,1499437568.0,0.048,4.0
CRI,False,52.80370836166151,"graham_size,graham_debt_to_equity",1114000896.0,5.6613803,1.0844084,2.47,1.15325,0.20742,0.4535689370713622,0.049659021827709246,246791008.0,0.032400000000000005,4.0
WTW,False,52.79980002156452,"graham_current_ratio,graham_earnings_stability,graham_pe_times_pb",27971168256.0,18.660471,3.643468,1.098,0.9139,0.19761999,0.42516,0.23011948908117016,1415624960.0,0.0127,1.0
HCSG,False,52.796927962513706,"graham_size,graham_pe_times_pb,munger_gross_margin",1456375296.0,12.265896,2.7803981,3.022,0.03417,0.24691999,0.17114,0.04717,70280248.0,,4.0
CTRE,False,52.786849999999994,"graham_earnings_stability,graham_pe,graham_pe_times_pb,munger_roe,munger_fcf",8772384768.0,23.203125,1.9511746,3.304,0.26701,0.09056,0.96365,0.64858,-80309504.0,0.0417,3.0
AME,False,52.78205587690085,"graham_current_ratio,graham_pe,graham_pe_times_pb,munger_roe",56739205120.0,35.516502,5.039904,1.214,0.20521999999999999,0.14562,0.36905998,0.2581120198629504,1492221312.0,0.0055000000000000005,4.0
AIZ,False,52.778039392857146,"graham_current_ratio,munger_gross_margin",13398308864.0,12.99713,2.1997993,0.382,0.36211,0.18341999,0.13272999,0.11734,2149574912.0,0.013000000000000001,4.0
CAKE,False,52.76187808731032,"graham_current_ratio,graham_debt_to_equity,graham_pe,graham_pe_times_pb",5256713216.0,28.628725,10.132361,0.587,4.00999,0.38834,0.40701,0.0499186258564542,166743120.0,0.0116,4.0
FTV,False,52.735062677036495,"graham_current_ratio,graham_pe,graham_pe_times_pb,munger_roe",17114897408.0,29.703703,2.8030758,1.241,0.59283,0.07318,0.6350171912192542,0.1731624630328677,939112512.0,0.005,4.0
PARR,False,52.73013557086398,"graham_earnings_stability,munger_gross_margin",3827526400.0,4.483468,1.8988963,1.84,0.5616599999999999,0.53489,0.23056,0.07217458286724762,82314872.0,,1.0
HOOD,False,52.71424925,"data_missing:free_cash_flow,graham_current_ratio,graham_debt_to_equity,graham_earnings_stability,graham_pe,graham_pe_times_pb",112385286144.0,55.309734,11.853959,1.116,2.40279,0.23618999,0.9189,0.43884,,,2.0
INGR,False,52.51931179406123,"munger_roe,munger_gross_margin",6116575232.0,10.542391,1.3527951,2.798,0.39411999999999997,0.13693,0.2532206676825045,0.14073971464191717,457249984.0,0.0339,4.0
BIIB,False,52.46228104504838,"graham_pe,graham_pe_times_pb,munger_roe",33014153216.0,38.590675,1.75096,1.865,0.44329,0.04575,0.8657304791514809,0.25867579700774923,1266987520.0,,4.0
CSR,False,52.41622222755843,"graham_size,graham_debt_to_equity,graham_earnings_stability,graham_pe,graham_pe_times_pb,munger_roe",976430848.0,42.76744,1.3619195,3.112,1.24015,0.03388,0.59305,0.23582740753191894,106247624.0,0.055099999999999996,1.0
VMRK,False,52.40928238322575,"data_missing:price_to_book,graham_current_ratio,graham_pe,munger_roe",47417184256.0,23.478928,,0.348,0.75129,0.08487,0.7043402764301141,0.5020815786307303,1387120000.0,0.0409,4.0
WHD,False,52.381156393105066,"graham_pe,graham_pe_times_pb,munger_roe",4610059776.0,56.504276,3.7136278,2.587,0.033010000000000005,0.13114001,0.33233002,0.23214936087358243,129337624.0,0.009000000000000001,4.0
ECG,False,52.371402926118016,"graham_pe,graham_pe_times_pb,munger_gross_margin",5968340992.0,23.46988,7.7189274,1.587,0.47096,0.39525002,0.12120691215296231,0.0706680863455911,184378496.0,,4.0
CRS,False,52.27475678256778,"graham_pe,graham_pe_times_pb",19669794816.0,37.728134,8.838659,3.81,0.32658000000000004,0.25752002,0.3058382946034185,0.22469752256577685,238787504.0,0.002,4.0
MAA,False,52.254533824487694,"graham_current_ratio,graham_debt_to_equity,graham_pe,graham_pe_times_pb,munger_roe",14152139776.0,34.67836,2.5320778,0.048,1.0237699999999998,0.0705,0.58392,0.2620377540655517,921182272.0,0.051399999999999994,4.0
LIVN,False,52.22928193159964,"graham_current_ratio,graham_earnings_stability,graham_pe,graham_pe_times_pb",4272501760.0,22.876106,3.2213178,1.45,0.26556,0.15404001,0.677113914238145,0.1436472526625424,59872624.0,,0.0
DASH,False,52.2215195773913,"graham_current_ratio,graham_earnings_stability,graham_pe,graham_pe_times_pb,munger_roe",81035386880.0,98.43158,8.167169,1.368,0.33276000000000006,0.088870004,0.52225,0.05270831814536706,5147500032.0,,2.0
ARE,False,52.10607142857143,"data_missing:trailing_pe,graham_earnings_stability,munger_roe",9159771136.0,,0.5842289,2.35,0.6867,-0.040760003,0.68198997,0.17282,1344973952.0,0.0535,0.0
ZBH,False,52.10007105537503,"graham_pe,munger_roe",17182623744.0,21.865316,1.3601446,1.691,0.60175,0.06413,0.69524,0.13340217457328554,1072150016.0,0.0102,4.0
CHD,False,52.05760231628843,"graham_current_ratio,graham_pe,graham_pe_times_pb",22800039936.0,30.807693,5.242433,1.147,0.55851,0.17041,0.447317513541398,0.1737167913335053,939262528.0,0.0128,4.0
SCI,False,52.01666050134901,"graham_current_ratio,graham_debt_to_equity,graham_pe,graham_pe_times_pb,munger_gross_margin",10622566400.0,20.191711,6.926769,0.531,3.44863,0.34714,0.26456534966539297,0.22697467809824207,315907872.0,0.0184,4.0
CTS,False,52.000461514592956,"graham_size,graham_pe,graham_pe_times_pb,munger_roe",1688242304.0,24.7364,2.9483342,2.609,0.15692,0.12429,0.3842953679722455,0.15266811744667644,72120000.0,0.0027,4.0
ALV,False,51.968578456949125,"graham_current_ratio,graham_pe_times_pb,munger_gross_margin",8460362752.0,13.51111,3.3977468,1.029,0.8752500000000001,0.25858,0.1917706888580675,0.10060101710587148,742124992.0,0.029300000000000003,4.0
GPN,False,51.838596842886886,"graham_current_ratio,graham_pe,graham_pe_times_pb,munger_roe",22422439936.0,40.543064,0.97459286,0.825,0.98273,0.02428,0.63959,0.2276994263340271,7867763200.0,0.0118,4.0
CURB,False,51.80282004993369,"graham_pe,graham_pe_times_pb,munger_roe",3236388352.0,105.11111,1.5513282,2.654,0.28476,0.0146200005,0.75179,0.19184,152188000.0,0.0236,4.0
STE,False,51.75979057892437,"graham_pe,graham_pe_times_pb,munger_roe",20461373440.0,25.655256,2.8392072,1.906,0.28312000000000004,0.11389,0.4424771306794252,0.18561633450698292,798862528.0,0.0124,4.0
AKR,False,51.74969913036603,"graham_current_ratio,graham_earnings_stability,graham_pe,graham_pe_times_pb,munger_roe",2796311552.0,54.800003,1.1272408,1.245,0.63176,0.057150003,0.70607,0.1203290509960877,187720752.0,0.041299999999999996,3.0
UHS,False,51.732233653597106,graham_current_ratio,10793633792.0,7.475102,1.4365048,1.116,0.6873999999999999,0.20948,0.44607,0.11483067296545219,498316992.0,0.0045000000000000005,4.0
DBX,False,51.714739049130166,"data_missing:debt_to_equity,data_missing:return_on_equity,graham_current_ratio,graham_pe_times_pb",7441973248.0,18.90884,-3.4362447,1.074,,,0.8013486711622372,0.27334391114637047,783075008.0,,4.0
DT,False,51.707695297690535,"graham_current_ratio,graham_pe,graham_pe_times_pb,munger_roe",16945638400.0,117.27,6.9464517,1.208,0.06498999999999999,0.058790002,0.8155933426047631,0.12157579294753681,546524224.0,,4.0
PLAB,False,51.690028404447006,"graham_size,munger_roe",1785844352.0,10.402061,1.375159,4.941,0.00223,0.13769001,0.3530344026921184,0.2450988703558485,29464124.0,,4.0
AGO,False,51.60696223039276,"graham_current_ratio,munger_roe",3067549696.0,9.324866,0.5524796,0.99,0.30563,0.06666,0.94342005,0.4264,14625000.0,0.0215,4.0
GIII,False,51.576866666666675,"graham_size,graham_earnings_stability,munger_roe",1181247744.0,9.0625,0.6436615,2.704,0.18736999999999998,0.07677,0.39953,0.00728,151427872.0,0.014199999999999999,3.0
URI,False,51.545934290693715,"graham_current_ratio,graham_debt_to_equity,graham_pe,graham_pe_times_pb",64857927680.0,24.72758,7.042199,0.764,1.6679300000000001,0.28895,0.38163861109385677,0.24678551462823778,1706249984.0,0.0076,4.0
TDW,False,51.48117560793588,"graham_earnings_stability,graham_pe_times_pb,munger_gross_margin",4289235968.0,17.485802,3.0786402,3.582,0.47051000000000004,0.19448,-0.07472836353195413,0.20889926418517046,367619136.0,,3.0
AMSF,False,51.37383893675764,"data_missing:debt_to_equity,graham_size,munger_gross_margin",453847008.0,9.784274,1.79794,2.042,,0.18225001,0.27679002,0.19858,36250000.0,0.0668,4.0
MGM,False,51.36081656718372,"graham_current_ratio,graham_debt_to_equity,graham_pe,graham_pe_times_pb",9602037760.0,23.130304,3.819556,1.335,8.933110000000001,0.18924999,0.44157,0.05712157073428685,878991104.0,,4.0
EAT,False,51.28815681031009,"graham_current_ratio,graham_debt_to_equity,graham_pe_times_pb,munger_gross_margin",8753632256.0,18.663626,19.93461,0.455,3.95763,1.19568,0.18646999,0.1067431208458174,367575008.0,,4.0
NXST,False,51.28463329703933,"graham_debt_to_equity,graham_pe,graham_pe_times_pb,munger_roe",5103394816.0,31.078798,2.2530057,1.562,5.337899999999999,0.07434,0.55070996,0.17154980804202868,800625024.0,0.0444,4.0
PFG,False,51.26073809411793,"graham_pe_times_pb,munger_roe",24506417152.0,16.304844,2.0231907,1.586,0.35307,0.12949,0.47345,0.12336001,1056374976.0,0.0296,4.0
KDP,False,51.17277451851788,"graham_current_ratio,graham_pe,graham_pe_times_pb,munger_roe",42954473472.0,31.883839,1.7159554,0.479,0.99649,0.051,0.5420104800337289,0.215322532072517,4607249920.0,0.0292,4.0
CRC,False,51.16507466685756,"data_missing:trailing_pe,graham_current_ratio,munger_roe",4622196224.0,,1.3586785,0.661,0.39594,-0.03554,0.5676,0.16298718997001907,299500000.0,0.0311,4.0
DORM,False,51.12849907212531,graham_pe_times_pb,3599949056.0,16.825243,2.3753672,3.598,0.34867,0.15048,0.4214096574268924,0.140611335673202,143988752.0,,4.0
WMB,False,51.127250000000004,"graham_current_ratio,graham_debt_to_equity,graham_pe,graham_pe_times_pb,munger_fcf",87591026688.0,28.52988,6.6576796,0.477,2.00371,0.21503,0.63637,0.3511297071129707,-1516749952.0,0.0296,4.0
DEI,False,51.10491226325629,"data_missing:trailing_pe,graham_current_ratio,graham_debt_to_equity,graham_earnings_stability,munger_roe",2001757056.0,,0.90689623,0.547,1.6313300000000002,-0.01928,0.6335223141450743,0.25911461947598013,395813120.0,0.0733,2.0
JOE,False,51.07807333916972,"graham_pe,graham_pe_times_pb",3699341056.0,30.507042,4.844193,3.839,0.71346,0.16246,0.4305342857031521,0.28491405680706716,118878000.0,0.0097,4.0
REX,False,51.065131325053315,"graham_size,munger_gross_margin",1448116736.0,11.6711235,2.1497169,6.884,0.023090000000000003,0.19591999,0.14405514637494676,0.20159,47938876.0,,4.0
NFG,False,51.044,munger_fcf,7520918016.0,11.020891,1.9166303,3.201,0.9092,0.19576,0.63229,0.35716546924951076,-24765500.0,0.0278,4.0
ALRM,False,50.901445230662844,"graham_pe,graham_pe_times_pb,munger_roe",2606691072.0,23.495575,3.0119116,4.96,0.62337,0.13311,0.65809,0.1321595313230886,100146624.0,,4.0
SCHL,False,50.83945166002818,"graham_size,graham_current_ratio,graham_earnings_stability,munger_roe",651388928.0,14.905984,0.8709983,1.232,0.55874,0.066810004,0.56394,0.009608698400657437,56762500.0,0.028399999999999998,1.0
EIX,False,50.7980044381533,"graham_current_ratio,graham_debt_to_equity",20645271552.0,5.525232,1.183308,0.662,2.28042,0.19734,0.61005,0.36718952218253353,82375000.0,0.0638,4.0
MZTI,False,50.76198120061564,"graham_pe_times_pb,munger_gross_margin",2807834624.0,14.739971,2.6661744,1.559,0.24097000000000002,0.18677999,0.24732216374247792,0.12369580008114733,132784872.0,0.038599999999999995,4.0
AXP,False,50.74776826273877,"data_missing:free_cash_flow,graham_debt_to_equity,graham_pe_times_pb",204287983616.0,18.367336,5.9566803,1.553,1.7238,0.34377,0.62338,0.1158504261305713,,0.0125,4.0
MTCH,False,50.72325423542174,"data_missing:debt_to_equity,data_missing:return_on_equity,graham_pe_times_pb",9320918016.0,14.398936,-39.38409,1.724,,,0.74872,0.250209265493174,930664000.0,0.0192,4.0
KFY,False,50.67204106653199,"munger_roe,munger_gross_margin",4068453632.0,14.123105,1.8990501,2.371,0.29869,0.14506,0.24725,0.1275225520912558,253317744.0,0.028999999999999998,4.0
AAT,False,50.631683193049824,"graham_size,graham_current_ratio,graham_debt_to_equity,graham_pe,graham_pe_times_pb,munger_roe",1671298944.0,71.816666,1.1788685,0.62,1.61778,0.02164,0.6112025566019569,0.33454988950124254,98077376.0,0.061799999999999994,4.0
CCK,False,50.62870272633565,"graham_current_ratio,graham_debt_to_equity,graham_pe_times_pb,munger_gross_margin",12036526080.0,15.923741,4.150073,1.049,1.86334,0.27367002,0.20957,0.1255964415689446,853875008.0,0.011899999999999999,4.0
LIN,False,50.62709390225262,"graham_current_ratio,graham_pe,graham_pe_times_pb",216692948992.0,29.826777,5.544717,0.879,0.68947,0.18400998,0.48348,0.26254928499970576,4160750080.0,0.0138,4.0
SYY,False,50.6219042257402,"graham_current_ratio,graham_debt_to_equity,graham_pe,graham_pe_times_pb,munger_gross_margin",37128175616.0,21.153004,13.896966,1.277,5.64591,0.77692,0.18496091209064136,0.03660426004990953,1914000000.0,0.027999999999999997,4.0
CW,False,50.61298435555478,"graham_pe,graham_pe_times_pb",20144414720.0,37.53682,7.272036,1.602,0.41481999999999997,0.19746,0.3720399088490304,0.18109023282829842,553040256.0,0.0019,4.0
DINO,False,50.56553511519427,munger_gross_margin,18795309056.0,10.324219,1.8274533,1.971,0.32261,0.19504999,0.12892,0.034500725743421785,2035624960.0,0.0197,4.0
UPS,False,50.49517353218316,"graham_current_ratio,graham_debt_to_equity,graham_pe_times_pb,munger_gross_margin",82168487936.0,17.951674,5.4549565,1.179,1.899,0.29602,0.22413,0.08873123470296974,5593999872.0,0.0684,4.0
WST,False,50.48869925339152,"graham_pe,graham_pe_times_pb",26360649728.0,46.704487,8.818808,2.822,0.10585000000000001,0.19087,0.35912950131745874,0.19026707003675872,277937504.0,0.0024,4.0
DCI,False,50.46766554839165,"graham_pe,graham_pe_times_pb",10067454976.0,22.559742,5.710388,2.076,0.7508499999999999,0.28205,0.3333333333333333,0.1364547084256037,347024992.0,0.0144,4.0
PEN,False,50.43161904791298,"graham_earnings_stability,graham_pe,graham_pe_times_pb,munger_roe",12545531904.0,77.872856,8.195667,5.75,0.13896,0.1137,0.6714116259933817,0.13482490480278414,161100128.0,,3.0
BDX,False,50.40282724514179,"graham_current_ratio,graham_pe,graham_pe_times_pb,munger_roe",49716043776.0,31.577854,2.0362127,0.865,0.6884,0.06607,0.47138235660072164,0.11808608058608058,4478374912.0,0.023,4.0
LZB,False,50.40078678204567,"graham_size,munger_roe",1213198464.0,14.921183,1.1972805,1.665,0.5279200000000001,0.080469996,0.44041455162733617,0.06075654731535971,182847744.0,0.0316,4.0
MIDD,False,50.38567666794713,"graham_earnings_stability,graham_pe_times_pb,munger_roe",5038448128.0,16.932371,2.2798707,1.987,0.90515,0.10974,0.3910765393748973,0.17958598051606864,604098624.0,,0.0
CAT,False,50.35815451319158,"graham_current_ratio,graham_debt_to_equity,graham_pe,graham_pe_times_pb,munger_gross_margin",373099692032.0,35.00043,19.23684,1.368,2.32783,0.56972003,0.29713,0.16498246756128956,5048999936.0,0.008100000000000001,4.0
PHM,False,50.347556518671134,"munger_roe,munger_gross_margin",22873602048.0,11.936381,1.7316816,7.272,0.19065000000000001,0.14901,0.25565,0.15685001,1078512896.0,0.0085,4.0
WM,False,50.327637646346744,"graham_current_ratio,graham_debt_to_equity,graham_pe,graham_pe_times_pb",82830983168.0,29.351984,8.350796,0.907,2.35301,0.29841,0.40601003,0.17092524996032377,2348375040.0,0.0182,4.0
OSK,False,50.31733597839432,"graham_pe_times_pb,munger_roe,munger_gross_margin",8507212800.0,16.223543,1.8637562,1.718,0.24359000000000003,0.12387,0.17452961438454084,0.09014325053011331,734037504.0,0.0165,4.0
NOW,False,50.288220672823414,"graham_current_ratio,graham_pe,graham_pe_times_pb,munger_roe",145485070336.0,88.50314,11.623988,0.701,0.67538,0.14244,0.7753426720891701,0.13737008585630367,5149374976.0,,4.0
ARR,False,50.24824999999999,"data_missing:free_cash_flow,graham_current_ratio,graham_debt_to_equity,graham_earnings_stability",2078706432.0,3.3299322,0.7764911,1.142,7.567240000000001,0.20331,1.0,0.86998004,,0.19210000000000002,1.0
IRT,False,50.237131436098146,"graham_current_ratio,graham_earnings_stability,graham_pe,graham_pe_times_pb,munger_roe",3523349248.0,81.0,1.021366,0.588,0.7015600000000001,0.0125899995,0.60678,0.2709902108433735,186066880.0,0.048799999999999996,2.0
LDOS,False,50.22104820777539,"graham_debt_to_equity,graham_pe_times_pb,munger_gross_margin",15758402560.0,11.686566,2.975348,1.629,1.2327599999999999,0.27781,0.17795,0.12280190986374752,1146625024.0,0.0139,4.0
ISRG,False,50.21030237227574,"data_missing:debt_to_equity,data_missing:consecutive_positive_earnings_years,graham_pe,graham_pe_times_pb",142110982144.0,45.435284,7.7262454,4.963,,0.17423001,0.6599600584220096,0.29265651236499846,2615200000.0,,
SCHW,False,50.20475,"data_missing:free_cash_flow,graham_current_ratio,graham_debt_to_equity,graham_pe_times_pb",173279428608.0,18.251366,3.9413128,0.655,1.5110599999999998,0.20273,0.97495,0.52277,,0.0128,4.0
SONO,False,50.188406814473666,"graham_earnings_stability,graham_pe,graham_pe_times_pb,munger_roe",2011588992.0,36.96739,4.98388,1.615,0.14081,0.14175999,0.43687416682602637,-0.0349676707712177,97409872.0,,0.0
ABT,False,50.157192999171954,"graham_current_ratio,graham_pe,graham_pe_times_pb,munger_roe",180730527744.0,33.57929,3.5128822,1.376,0.63212,0.10576,0.56847,0.18166847139505504,7209124864.0,0.024300000000000002,4.0
GAP,False,50.1549372332722,"graham_debt_to_equity,graham_earnings_stability",7589191168.0,6.4492536,1.9194208,1.822,1.44773,0.33776,0.4079135754262658,0.07256280098919693,246375008.0,0.0326,3.0
ATEN,False,50.14312567962654,"graham_size,graham_current_ratio,graham_pe,graham_pe_times_pb",1953182720.0,46.37931,8.19123,1.29,0.9500700000000001,0.19444999,0.7933555206035304,0.1622469945656102,61384500.0,0.009000000000000001,4.0
EEFT,False,50.12940527521032,"graham_current_ratio,graham_debt_to_equity,munger_gross_margin",2481163776.0,10.409744,1.9815422,1.371,2.25391,0.22371,0.24004,0.12482917864379624,311637504.0,,4.0
AIT,False,50.12862430608996,"graham_pe,graham_pe_times_pb",12269855744.0,30.476276,6.7822695,2.578,0.25967,0.22368999,0.30337834926548607,0.11063091163806207,362843616.0,0.0062,4.0
TRMB,False,50.11965236367052,"data_missing:trailing_pe,graham_current_ratio,munger_roe",13912675328.0,,2.4523222,0.954,0.28553,-0.01939,0.6907423410364341,0.16502662169319543,686174976.0,,4.0
TREX,False,50.06404072441659,"graham_current_ratio,graham_pe,graham_pe_times_pb",4593362432.0,26.00588,4.6128964,1.061,0.30034,0.17740999,0.3917030794529694,0.21967831847441852,69669128.0,,4.0
NCLH,False,50.02969396874373,"graham_current_ratio,graham_debt_to_equity,graham_earnings_stability,munger_fcf",6486028288.0,8.560606,2.5209708,0.2,6.21051,0.3673,0.42457,0.19436341482624267,-1680301312.0,,3.0
DRI,False,49.9955893253623,"graham_current_ratio,graham_debt_to_equity,graham_pe,graham_pe_times_pb,munger_gross_margin",24432484352.0,20.611591,11.120097,0.314,3.64507,0.53718,0.20302174719360527,0.11981015676448993,790974976.0,0.030299999999999997,4.0
WFRD,False,49.980075565872646,"graham_pe_times_pb,munger_gross_margin",6004871680.0,16.56213,3.371883,2.344,0.9066500000000001,0.22793,0.22224465078724262,0.0951281459247287,558000000.0,0.0131,4.0
FCX,False,49.97929136184329,"graham_pe,graham_pe_times_pb,munger_roe",103852785664.0,35.45098,5.1646075,2.066,0.32149,0.14755,0.38275,0.25151456685317386,2159249920.0,0.008100000000000001,4.0
BKNG,False,49.9712214909018,"data_missing:debt_to_equity,data_missing:return_on_equity,graham_current_ratio,graham_pe_times_pb",121322725376.0,17.396667,-11.005905,1.094,,,0.9809163315195962,0.3278597169075306,7725875200.0,0.0102,4.0
WMS,False,49.952335838393346,"graham_pe,graham_pe_times_pb",9847561216.0,22.247871,5.198432,2.119,0.97185,0.26354,0.38270232915548774,0.2029920245897555,327261376.0,0.0060999999999999995,4.0
NABL,False,49.94521848360759,"data_missing:trailing_pe,graham_size,graham_current_ratio,graham_earnings_stability,munger_roe",788680576.0,,0.9802771,1.305,0.5425099999999999,-0.00632,0.7711241030052989,0.07193359795084371,70063376.0,,0.0
RJF,False,49.94475789285715,"data_missing:free_cash_flow,graham_pe_times_pb",30481637376.0,13.827226,2.3973496,2.109,0.47594000000000003,0.18416001,0.93156,0.19301,,0.013600000000000001,4.0
SLG,False,49.91933266666667,"data_missing:trailing_pe,graham_debt_to_equity,graham_earnings_stability,munger_roe",3867485952.0,,1.1175531,2.466,1.4255600000000002,-0.03573,0.44757998,0.6499512484970779,581023296.0,0.0471,0.0
ESE,False,49.89654073192631,"graham_current_ratio,graham_pe,graham_pe_times_pb,munger_roe",6879754240.0,49.26716,4.2539043,1.382,0.09315,0.095,0.42008,0.15552023575208054,233938368.0,0.0012,4.0
EFX,False,49.805377489671166,"graham_current_ratio,graham_debt_to_equity,graham_pe,graham_pe_times_pb,munger_roe",18422806528.0,27.558874,4.2100034,0.602,1.20956,0.14275,0.55542,0.1802946744588032,947537472.0,0.013999999999999999,4.0
MRP,False,49.7029997,"graham_earnings_stability,munger_roe,munger_fcf",4548052480.0,9.510416,0.77719766,46.568,0.42579999999999996,0.081199996,0.85307,0.8094913741275453,-1379807232.0,0.1072,1.0
NYT,False,49.70147531633954,"data_missing:debt_to_equity,graham_pe,graham_pe_times_pb",10108448768.0,28.105381,4.944773,1.58,,0.19724001,0.50958997,0.15276797415004612,459932128.0,0.0141,4.0
NLY,False,49.675250000000005,"data_missing:free_cash_flow,graham_current_ratio,graham_debt_to_equity,graham_earnings_stability",15876995072.0,5.051559,1.0455132,0.558,7.37543,0.19567,0.97972,0.91652,,0.1399,2.0
DTM,False,49.63479983893439,"graham_current_ratio,graham_pe,graham_pe_times_pb,munger_roe",12848826368.0,27.620613,2.6885965,1.372,0.6854300000000001,0.09901,0.75344,0.49396621078037006,128000000.0,0.0282,4.0
MRVL,False,49.61985557530653,"graham_earnings_stability,graham_pe,graham_pe_times_pb",233177890816.0,84.514656,12.276319,3.168,0.28525,0.16523,0.5101774339198984,0.16143557952798185,2408049920.0,0.0009,1.0
VFC,False,49.61493158828286,"graham_current_ratio,graham_debt_to_equity,graham_earnings_stability",5321076224.0,19.615942,1.431669,1.425,2.80723,0.17938,0.55037,0.06002671259453336,324440736.0,0.026600000000000002,1.0
GNL,False,49.60336913563938,"data_missing:trailing_pe,graham_debt_to_equity,graham_earnings_stability,munger_roe",2014778496.0,,1.2173305,5.63,1.61696,-0.00962,0.85733,0.22407861316491887,366119616.0,0.0873,0.0
HST,False,49.598737380251414,"graham_pe_times_pb,munger_gross_margin",15523662848.0,14.996644,2.3959897,1.671,0.8529800000000001,0.15558,0.29195,0.13984298331697742,1692375040.0,0.0359,4.0
CDW,False,49.564434725008745,"graham_current_ratio,graham_debt_to_equity,graham_pe_times_pb,munger_gross_margin",18479450112.0,17.766228,7.584146,1.167,2.6327800000000003,0.44009998,0.21732867762808764,0.07383127973920915,676787520.0,0.0171,4.0
BCPC,False,49.51517074931253,"graham_pe,graham_pe_times_pb,munger_roe",5368896000.0,32.89453,4.1323977,2.665,0.12801,0.12793,0.3573533906500534,0.20182594601995255,134847504.0,0.005699999999999999,4.0
TDY,False,49.4765629976324,"graham_pe,graham_pe_times_pb,munger_roe",28912857088.0,30.22155,2.6495502,2.181,0.18565,0.09154,0.43339002,0.18801713706380613,912675008.0,,4.0
ADUS,False,49.3696920145581,"graham_pe,graham_pe_times_pb,munger_roe",2150742272.0,20.180386,1.8358959,1.69,0.09478,0.09706,0.3246848924100019,0.0974425846906568,116251504.0,,4.0
ITRI,False,49.36649085425645,"graham_earnings_stability,graham_pe_times_pb",4070197504.0,15.389901,2.5176728,2.746,0.9775400000000001,0.16885,0.37686729520267453,0.13225278536528903,295262240.0,,3.0
IEX,False,49.3468737451925,"graham_pe,graham_pe_times_pb,munger_roe",16968108032.0,32.694603,4.2496586,3.049,0.4706,0.12955,0.44506146059291396,0.20225596529284165,555612480.0,0.0129,4.0
OMCL,False,49.321664438296025,"graham_size,graham_earnings_stability,graham_pe,graham_pe_times_pb,munger_roe",1505519232.0,39.291668,1.1655543,1.644,0.15484,0.03059,0.4249011474074668,0.004355000021099806,134181872.0,,2.0
PH,False,49.31114206710202,"graham_current_ratio,graham_pe,graham_pe_times_pb,munger_gross_margin",122798178304.0,34.213634,7.9710536,1.262,0.5666,0.25076,0.23611907314400027,0.23573189450672125,2961750016.0,0.0083,4.0
BURL,False,49.229643894229795,"graham_current_ratio,graham_debt_to_equity,graham_pe,graham_pe_times_pb",16211974144.0,23.209532,8.096941,1.172,2.94974,0.41412997,0.44084,0.06718,107377376.0,,4.0
LMT,False,49.228195518087965,"graham_current_ratio,graham_debt_to_equity,graham_pe_times_pb,munger_gross_margin",121675194368.0,19.447067,13.829547,1.193,2.34238,0.89165,0.10152169278328536,0.10301407099456347,5562625024.0,0.0264,4.0
DOV,False,49.198235856111225,"graham_pe,graham_pe_times_pb,munger_roe",25660622848.0,23.066586,3.3308275,1.979,0.42316000000000004,0.14914,0.397669541607976,0.16970638873603952,906472128.0,0.0113,4.0
MTSI,False,49.073209482820005,"graham_earnings_stability,graham_pe,graham_pe_times_pb",21017270272.0,87.92329,13.639962,2.338,0.26873,0.17184,0.5469088909060458,0.13404076265070952,104351504.0,,0.0
HAE,False,49.07282598550616,"graham_debt_to_equity,graham_pe,graham_pe_times_pb,munger_roe",4900942336.0,52.291264,5.8514857,3.08,1.40265,0.111999996,0.5903823535805497,0.11748937615205689,312840000.0,,4.0
NKE,False,49.06544684757324,graham_pe_times_pb,53287272448.0,17.104761,3.5833995,1.961,0.74289,0.22138001,0.42913487650329757,0.12687,1889250048.0,0.0454,4.0
MTDR,False,49.04975995605462,"graham_current_ratio,munger_roe,munger_fcf",6485339648.0,9.374776,1.0960637,0.65,0.69104,0.13592,0.8239,0.3318317323079412,-907763968.0,0.028900000000000002,4.0
ENVA,False,48.973244392776174,"data_missing:free_cash_flow,graham_debt_to_equity,graham_pe_times_pb",4198239232.0,12.7160635,2.8028226,20.146,3.3701499999999998,0.26081,0.5807241469793788,0.23461719929192712,,,4.0
FSS,False,48.970775793337374,"graham_pe,graham_pe_times_pb,munger_gross_margin",6955691520.0,24.55819,4.613734,2.739,0.32223,0.20608,0.2894748910800275,0.1563402889245586,194724992.0,0.0052,4.0
PRSU,False,48.96018080736299,"graham_size,graham_pe,graham_pe_times_pb,munger_roe,munger_fcf",1314677632.0,32.58108,2.451449,1.606,0.39954999999999996,0.08914,0.92541003,0.309585052171803,-54856000.0,,4.0
LGND,False,48.92350401745564,"graham_debt_to_equity,graham_earnings_stability,graham_pe,graham_pe_times_pb",5924264960.0,30.573046,6.1183863,31.178,1.16944,0.21962,0.81198996,0.1529428879430931,139748880.0,,1.0
VVV,False,48.84674631608109,"graham_current_ratio,graham_debt_to_equity,graham_pe,graham_pe_times_pb",3667862016.0,33.04023,8.801286,0.702,4.7499400000000005,0.28399,0.38502017189966675,0.2279717008711922,72525000.0,,4.0
CR,False,48.84279127894642,"graham_pe,graham_pe_times_pb",11858898944.0,35.86888,5.445642,2.804,0.51181,0.16521999,0.40718843843843844,0.1840347071583514,363750016.0,0.005,4.0
SPXC,False,48.830773126434934,"graham_pe,graham_pe_times_pb,munger_roe",8752003072.0,31.886862,3.7263558,1.825,0.26175,0.14684,0.40287998,0.15469515694671318,234024992.0,,4.0
PPG,False,48.82179208861584,graham_pe_times_pb,23812755456.0,14.96088,2.8204293,1.58,0.86938,0.19297001,0.41202998,0.1646964659524689,1104625024.0,0.0275,4.0
CVCO,False,48.788825349479694,"graham_pe,graham_pe_times_pb,munger_gross_margin",4240551168.0,23.96697,3.8288713,2.229,0.03702,0.16658,0.23474530018868303,0.10183492574086492,163879120.0,,4.0
SNPS,False,48.76058070610438,"graham_current_ratio,graham_pe,graham_pe_times_pb,munger_roe",80209510400.0,73.04537,2.5743139,1.337,0.34804,0.03661,0.7698457566565516,0.1297000160755796,3425542400.0,,4.0
O,False,48.72367771430559,"graham_pe,graham_pe_times_pb,munger_roe",52643217408.0,40.60978,1.3310541,1.528,0.74722,0.03225,0.9268,0.46965998,1582081920.0,0.0576,4.0
AN,False,48.62494865951165,"graham_current_ratio,graham_debt_to_equity,munger_gross_margin",5510409728.0,7.7271676,2.444166,0.782,5.0158499999999995,0.32766998,0.17908973124778332,0.04487286203377317,356124992.0,,4.0
COIN,False,48.6220787836102,"data_missing:trailing_pe,graham_earnings_stability,munger_roe",52516741120.0,,4.014319,2.423,0.5098199999999999,-0.07847,0.8581,0.1998852579433461,2668452864.0,,3.0
AEO,False,48.56007792389617,graham_debt_to_equity,2682849024.0,8.252577,1.5215738,1.592,1.0898999999999999,0.20003,0.36510453133776893,0.040781030408657576,210763744.0,0.031400000000000004,4.0
NVST,False,48.53346540845364,"graham_earnings_stability,graham_pe,graham_pe_times_pb,munger_roe",3858840576.0,40.041664,1.2542417,2.425,0.5162,0.030569999,0.5466813752528038,0.07946313660599374,267887504.0,,1.0
PRG,False,48.52607383085003,"graham_size,graham_debt_to_equity",1301299328.0,10.53871,1.6158068,4.518,1.10148,0.17066,0.36145002,0.08582559605316735,1535915904.0,0.016399999999999998,4.0
CNMD,False,48.525135933626714,"graham_size,graham_current_ratio,graham_earnings_stability,graham_pe,graham_pe_times_pb,munger_roe",1343313408.0,23.481674,1.291465,1.484,0.80109,0.05527,0.5459095789409365,0.07464916594167266,131359624.0,0.0172,3.0
MS,False,48.47749925,"data_missing:free_cash_flow,graham_debt_to_equity,graham_pe_times_pb",312432721920.0,16.081648,2.9340272,1.999,5.172820000000001,0.17969999,0.87641,0.41567,,0.023,4.0
PCRX,False,48.46888985189136,"graham_size,graham_earnings_stability,graham_pe,graham_pe_times_pb,munger_roe",971696960.0,70.557144,1.4634941,5.042,0.61329,0.020480001,0.79206,0.02641892812746503,98341248.0,,1.0
TRGP,False,48.46591326001998,"graham_current_ratio,graham_debt_to_equity,graham_pe,graham_pe_times_pb,munger_gross_margin",61138571264.0,27.980373,19.519407,0.771,5.15794,0.70839995,0.2943801824451338,0.19562727929388135,65837500.0,0.0177,4.0
QRVO,False,48.432047553121016,"graham_earnings_stability,graham_pe,graham_pe_times_pb,munger_roe",10471477248.0,27.540604,3.0160584,3.543,0.44619,0.115559995,0.4589083046238471,0.11184507234844912,476142016.0,,2.0
GTES,False,48.37822187226564,"graham_pe_times_pb,munger_roe",6683190784.0,18.723404,1.8976424,3.244,0.60695,0.10384,0.39837941449814124,0.13513592007434944,417662496.0,,4.0
DOC,False,48.348107142857145,"graham_debt_to_equity,graham_pe,graham_pe_times_pb,munger_roe",14756738048.0,59.47143,1.8294077,2.286,1.08653,0.03039,0.57648,0.1599,1645113088.0,0.0592,4.0
SAFT,False,48.272133333333336,"graham_size,graham_current_ratio,graham_pe,graham_pe_times_pb,munger_roe,munger_gross_margin",1521264896.0,22.284946,1.7356167,0.385,0.06817999999999999,0.07842,0.07645,0.13685,160487248.0,0.0355,4.0
MMS,False,48.25445645230644,munger_gross_margin,2861613568.0,8.085059,1.6441054,2.421,0.99546,0.21112,0.2455119202191161,0.09726793482783788,354073760.0,0.0239,4.0
L,False,48.21404063104606,"graham_current_ratio,munger_roe",21616185344.0,12.958333,1.1306914,0.507,0.44609000000000004,0.09313,0.36290002,0.14533,1262000000.0,0.0024,4.0
KMT,False,48.10190208438315,munger_fcf,2285589760.0,6.769231,1.4525683,2.618,0.47334000000000004,0.23853001,0.4115741601172488,0.20050596215552438,-171881504.0,0.027000000000000003,4.0
DEA,False,48.0461825320256,"graham_size,graham_current_ratio,graham_debt_to_equity,graham_pe,graham_pe_times_pb,munger_roe",1116847232.0,119.9479,0.81872755,0.604,1.25876,0.0077100005,0.67524004,0.17425175820559718,127493128.0,0.07719999999999999,4.0
VMI,False,48.02841978773015,graham_pe_times_pb,9185957888.0,18.483204,5.2899485,2.354,0.50676,0.29777,0.30212114611186563,0.10125869191360254,142812496.0,0.0066,4.0
HR,False,48.018486224525404,"data_missing:trailing_pe,graham_current_ratio,graham_debt_to_equity,graham_earnings_stability,munger_roe",6357380096.0,,1.4729785,0.342,1.03031,-0.019199999,0.61946,0.2013827586768514,493022368.0,0.0528,0.0
TYL,False,47.9725021007627,"graham_pe,graham_pe_times_pb,munger_roe",13760373760.0,44.153744,4.5281925,1.554,0.47906,0.09731,0.46464066131010057,0.15335499969987224,594435648.0,,4.0
DHI,False,47.91697940536685,"munger_roe,munger_gross_margin",39717580800.0,13.536702,1.673581,6.011,0.29451,0.12632,0.21298,0.1299,2413900032.0,0.0125,4.0
AMRX,False,47.888171049734076,"graham_debt_to_equity,graham_earnings_stability,graham_pe,graham_pe_times_pb,munger_fcf",6539257856.0,39.114582,182.28156,2.205,23.86528,6.1301703,0.36879645947342615,0.13054896712557473,-115327128.0,,1.0
XYL,False,47.84300855342912,"graham_pe,graham_pe_times_pb,munger_roe",25445394432.0,25.763594,2.3123276,1.613,0.28642,0.09182999,0.38461538461538464,0.13536247924737133,1183750016.0,0.0159,4.0
WSO,False,47.80171771860018,"graham_pe,graham_pe_times_pb,munger_gross_margin",13522880512.0,28.114065,4.2244644,3.199,0.15411,0.16744,0.28047833420128215,0.09950520009558948,483663744.0,0.0405,4.0
GTM,False,47.74138226719259,"data_missing:trailing_pe,graham_size,graham_current_ratio,graham_debt_to_equity,munger_roe",1125140352.0,,1.3633157,0.651,1.83227,-0.45449,0.8402561024409764,0.18063225290116047,356462496.0,,4.0
UPBD,False,47.71685104917649,"graham_size,graham_debt_to_equity,graham_earnings_stability,munger_roe",952320704.0,10.607142,1.2984896,3.126,2.32932,0.12733,0.48385079554876925,0.04757062794285314,1568163200.0,0.09300000000000001,2.0
GS,False,47.6765,"data_missing:free_cash_flow,graham_debt_to_equity,graham_pe_times_pb",273075077120.0,14.633328,2.590395,1.563,7.25381,0.16902,0.82075995,0.42176998,,0.021099999999999997,4.0
GILD,False,47.66809937305921,"data_missing:trailing_pe,graham_current_ratio,graham_debt_to_equity,munger_roe",186712457216.0,,15.797316,1.265,2.2346500000000002,-0.2068,0.79603994,0.34038650952688243,9768875008.0,0.0215,4.0
NSC,False,47.65430158322267,"graham_current_ratio,graham_debt_to_equity,graham_pe,graham_pe_times_pb",71066083328.0,27.01964,4.372461,0.831,1.05519,0.16985,0.45159,0.35763546798029555,1382249984.0,0.0172,4.0
AXTA,False,47.63013779917693,"graham_debt_to_equity,graham_pe_times_pb,munger_roe",6963140608.0,19.960123,2.7607129,1.533,1.19424,0.14344,0.34039003,0.1436388508891929,539500032.0,,4.0
OKTA,False,47.61416507501052,"graham_earnings_stability,graham_pe,graham_pe_times_pb,munger_roe",35507003392.0,122.35241,5.0920095,1.525,0.0076,0.043130003,0.7735525865022268,0.05104487838300788,1037625024.0,,2.0
MYRG,False,47.61039899473325,"graham_current_ratio,graham_pe,graham_pe_times_pb,munger_gross_margin",4621187072.0,28.134123,6.125454,1.398,0.08895,0.24714,0.11585534716881786,0.045619755000766836,177308880.0,,4.0
DHR,False,47.600974441582,"graham_pe,graham_pe_times_pb,munger_roe",155426701312.0,39.340748,2.9555786,1.651,0.5297,0.07605,0.5911348095083034,0.19089873005535657,4325125120.0,0.0072,4.0
VST,False,47.574127372682156,"graham_current_ratio,graham_debt_to_equity,graham_earnings_stability,graham_pe,graham_pe_times_pb",46560993280.0,23.393763,15.5051985,0.973,3.7327999999999997,0.42962003,0.38309,0.10745292592174992,37125000.0,0.0066,3.0
GEHC,False,47.5567220035976,"graham_current_ratio,graham_pe_times_pb",30140946432.0,15.267188,2.7269568,1.264,0.93965,0.19376,0.3999030303030303,0.13396363636363637,1573124992.0,0.0021,4.0
KEX,False,47.43850189442558,"graham_pe,graham_pe_times_pb,munger_roe",6898848256.0,20.10154,2.0155182,1.684,0.35618,0.10414,0.33196998,0.14752575021179828,347219136.0,,4.0
P,False,47.43560687313596,"graham_pe,graham_pe_times_pb,munger_fcf",36220137472.0,148.89726,24.838894,1.511,0.14622,0.17714001,0.7038120388998382,0.03134614287317256,-114351752.0,,4.0
RPM,False,47.41995481327573,graham_pe_times_pb,12806422528.0,19.406189,3.8671756,1.678,0.89022,0.21371001,0.41435204672978254,0.15307,480144864.0,0.021400000000000002,4.0
RBC,False,47.39219229387589,"graham_pe,graham_pe_times_pb,munger_roe",15908136960.0,49.750496,4.582038,2.53,0.25364000000000003,0.09747,0.4437436527874285,0.22502538885028595,283237504.0,,4.0
TSCO,False,47.33989670429249,"graham_current_ratio,graham_debt_to_equity,graham_pe_times_pb",17051037696.0,17.04427,6.5124373,1.334,2.4871,0.39513,0.3642418993089817,0.09452361839175173,103175000.0,0.0292,4.0
ADAM,False,47.3285,"data_missing:free_cash_flow,graham_size,graham_current_ratio,graham_debt_to_equity,graham_earnings_stability",760832384.0,5.0386906,0.81637573,0.844,7.69104,0.16438,0.78673,0.51676,,0.1362,1.0
BLFS,False,47.24770022250978,"graham_size,graham_earnings_stability,graham_pe,graham_pe_times_pb,munger_roe",1837804928.0,37.565,4.372599,9.694,0.037469999999999996,0.12829,0.63613,0.059580002,4664875.0,,0.0
IVT,False,47.24003032543062,"graham_pe,graham_pe_times_pb,munger_roe",2377172480.0,160.44737,1.3460945,1.849,0.62113,0.0085,0.72560996,0.2006123629119327,117164248.0,0.0326,4.0
FIVE,False,47.18670849665699,"graham_pe,graham_pe_times_pb",12472492032.0,20.318386,5.0372434,2.222,0.8233199999999999,0.28250998,0.35610576054153226,0.09600858243878704,367360512.0,,4.0
SWK,False,47.179253657057664,"graham_current_ratio,graham_earnings_stability,graham_pe,graham_pe_times_pb,munger_roe,munger_gross_margin",13910142976.0,22.520782,1.5526338,1.432,0.58172,0.06886,0.2527880382831585,0.17066666666666666,1419049984.0,0.0365,2.0
FCN,False,47.15602529110362,graham_pe_times_pb,3701055488.0,16.227602,2.7268288,2.028,0.9501999999999999,0.15634,0.32133041706245447,0.1026898085623184,289741120.0,,4.0
CXT,False,47.13298433192531,"graham_current_ratio,graham_debt_to_equity,graham_pe_times_pb,munger_roe",2809279488.0,19.064453,2.2183082,1.415,1.141,0.11484,0.36414319248826293,0.14891048469849702,239787504.0,0.0149,4.0
VICI,False,47.12315390654473,munger_roe,26156095488.0,9.243191,0.8966519,11.236,0.60277,0.09849,0.99271005,0.26193277598904674,267028992.0,0.0767,4.0
HLIT,False,47.11154375025918,"graham_size,graham_earnings_stability,graham_pe,graham_pe_times_pb,munger_roe",1200276224.0,45.854168,3.3298032,3.047,0.36111,0.06546,0.4846986183960524,0.0390543737847516,71000248.0,,0.0
SPHR,False,47.086416666666665,"data_missing:trailing_pe,graham_current_ratio,graham_earnings_stability,munger_roe",4945662976.0,,2.219876,1.224,0.40995,-0.03097,0.54707,-0.18816027277682382,442722880.0,,1.0
APOG,False,47.03702088065677,"graham_size,munger_roe,munger_gross_margin",774005056.0,11.626959,1.5257723,1.76,0.5625399999999999,0.13756,0.22742684908804733,0.060135271257954356,102537000.0,0.0287,4.0
SMPL,False,46.968988269117915,"data_missing:trailing_pe,graham_size,munger_roe",855668736.0,,0.6033676,4.796,0.31623999999999997,-0.12197,0.36235423041932013,0.10812932484216911,107168376.0,,4.0
LEG,False,46.93721504761905,"graham_size,graham_debt_to_equity,graham_earnings_stability,munger_gross_margin",1256618752.0,5.897436,1.1617628,2.35,1.5219900000000002,0.22642,0.19089001,0.08383001,241450000.0,0.00021700000000000002,1.0
SON,False,46.9223119153266,"graham_current_ratio,graham_debt_to_equity,munger_gross_margin",5050706944.0,7.6704206,1.4104085,0.995,1.32433,0.18855,0.20939815418860017,0.13535954698870942,527077760.0,0.0426,4.0
M,False,46.89107944536571,graham_debt_to_equity,5914344960.0,8.294872,1.2001802,1.59,1.03267,0.15993,0.38834756806608123,0.04553291189602582,605000000.0,0.0336,4.0
BL,False,46.83595483104712,"graham_size,graham_debt_to_equity,graham_earnings_stability,graham_pe,graham_pe_times_pb,munger_roe",1634482688.0,51.127274,5.1920238,1.721,2.0288,0.070300005,0.7524581433896752,0.036480603974432736,138621248.0,,3.0
POOL,False,46.81099810701382,"graham_debt_to_equity,graham_pe_times_pb,munger_gross_margin",6077353984.0,15.356519,4.823272,2.671,1.34537,0.31254998,0.2972849830112928,0.1096919194554539,212930256.0,0.0308,4.0
LXP,False,46.80373148284803,"graham_current_ratio,graham_pe,graham_pe_times_pb,munger_roe",3589318400.0,61.49495,1.9359558,1.026,0.69889,0.03497,0.81463,0.16078,183396368.0,0.046,4.0
RGA,False,46.80126428571428,"graham_current_ratio,munger_roe,munger_gross_margin",16139632640.0,10.883092,1.1784157,1.166,0.41418,0.11687,0.1407,0.10637,9836499968.0,0.0159,4.0
CALX,False,46.77126728941418,"graham_earnings_stability,graham_pe,graham_pe_times_pb,munger_roe",2181702400.0,45.59211,3.0726256,2.83,0.01969,0.06905,0.568310316896831,0.02098979010209898,61477124.0,,1.0
VRSK,False,46.71244779219667,"data_missing:debt_to_equity,data_missing:return_on_equity,graham_current_ratio,graham_pe,graham_pe_times_pb",22530516992.0,26.374235,-19.293167,1.005,,,0.70179003,0.43736778728805287,1055550016.0,0.0116,4.0
PBI,False,46.69835333183498,"data_missing:debt_to_equity,data_missing:return_on_equity,graham_current_ratio,graham_earnings_stability,graham_pe_times_pb",2246223104.0,13.321138,-2.6012068,0.734,,,0.5221948856693349,0.21681,233828128.0,0.0241,1.0
SAIC,False,46.624130440912246,"graham_current_ratio,graham_debt_to_equity,graham_pe_times_pb,munger_gross_margin",5573014016.0,15.484866,3.9274535,1.204,1.8837000000000002,0.25737,0.1274,0.07174332139906361,505375008.0,0.011399999999999999,4.0
XOM,False,46.564787467523615,"graham_current_ratio,graham_pe,graham_pe_times_pb,munger_roe,munger_gross_margin",662881370112.0,20.72108,2.5556436,1.135,0.15921,0.12584,0.29767,0.15859,20671000576.0,0.026000000000000002,4.0
FELE,False,46.52780926693587,"graham_pe,graham_pe_times_pb,munger_roe",4270164224.0,27.75431,3.0340202,2.406,0.21844999999999998,0.11767,0.35468621700879766,0.12620668621700878,149414368.0,0.011699999999999999,4.0
ATO,False,46.41102638740483,"graham_current_ratio,graham_pe_times_pb,munger_roe,munger_fcf",26412912640.0,18.741007,1.7310504,0.814,0.6766200000000001,0.09792,0.7108538576610577,0.33171428237277933,-2220956928.0,0.0254,4.0
TWLO,False,46.39177252413126,"graham_earnings_stability,graham_pe,graham_pe_times_pb,munger_roe",44125233152.0,37.12145,4.9148135,4.621,0.11868000000000001,0.13497,0.4891703932333706,0.03114173057416098,954675392.0,,1.0
CNO,False,46.38586551681852,"graham_debt_to_equity,graham_pe_times_pb,munger_roe",5010032128.0,18.672413,1.9368339,2.27,1.75664,0.10934,0.38706002,0.12327851317020992,996099968.0,0.013300000000000001,4.0
CELH,False,46.37284034232674,"graham_earnings_stability,graham_pe,graham_pe_times_pb,munger_roe",7432904192.0,127.71739,6.203801,1.798,0.22802,0.05113,0.5038558500104761,0.05608227191604556,349633984.0,,3.0
CENX,False,46.36915818164522,"graham_earnings_stability,munger_gross_margin,munger_fcf",3859253760.0,6.733161,2.7504587,2.751,0.31281,0.51749,0.10142806281894062,0.06254203093476798,-46287500.0,,2.0
VC,False,46.35457647677181,"munger_roe,munger_gross_margin",2478806784.0,17.8921,1.5934246,1.775,0.25696,0.09538999,0.14118895966029724,0.07813,203124992.0,0.0163,4.0
XPEL,False,46.24149506308374,"graham_size,graham_pe,graham_pe_times_pb,munger_fcf",1248265600.0,22.866161,4.339596,2.61,0.19949000000000003,0.19365999,0.42213145737085256,0.1315602687946241,-15348625.0,,4.0
SF,False,46.20552735452729,"data_missing:free_cash_flow,graham_current_ratio",10955930624.0,12.95625,2.0642126,0.895,0.52002,0.16427,0.95567,0.15599680493897022,,0.018600000000000002,4.0
ROKU,False,46.126070883917855,"graham_earnings_stability,graham_pe,graham_pe_times_pb,munger_roe",22715525120.0,64.8517,8.043833,2.866,0.16792,0.13122,0.43789615538632004,-0.0011871864083199306,836552128.0,,1.0
EHC,False,46.07356876195749,"graham_current_ratio,graham_pe,graham_pe_times_pb",12160016384.0,20.373554,4.68794,1.192,0.82121,0.24968,0.43865,0.12406291680080946,229924992.0,0.0068000000000000005,4.0
IQV,False,45.98360907009481,"graham_current_ratio,graham_debt_to_equity,graham_pe,graham_pe_times_pb",44243660800.0,33.390682,7.1695876,0.706,2.57975,0.22818,0.32968,0.1337829552421827,2149750016.0,,4.0
SKY,False,45.90422646408031,"graham_pe,graham_pe_times_pb,munger_roe,munger_gross_margin",4733227520.0,25.497074,3.0089717,2.738,0.07833,0.12645,0.26441984067660823,0.09451918972503406,184228752.0,,4.0
HAL,False,45.87940758117431,"graham_pe_times_pb,munger_roe,munger_gross_margin",27555596288.0,17.269634,2.4986744,2.018,0.7418600000000001,0.14917,0.15076,0.16741779335670173,2052249984.0,0.0207,4.0
NHC,False,45.77760002552621,"graham_pe,graham_pe_times_pb,munger_roe",3542450944.0,25.443193,3.156433,1.862,0.027839999999999997,0.13267,0.39488,0.08456555985349665,63169624.0,0.012,4.0
TPC,False,45.76646683966486,"graham_current_ratio,graham_earnings_stability,graham_pe,graham_pe_times_pb,munger_roe,munger_gross_margin",4460489216.0,36.573277,3.6771395,1.285,0.34819,0.13736,0.11681588384999636,0.041847261042182816,573201344.0,0.0042,1.0
CNM,False,45.759689696145,"graham_debt_to_equity,graham_pe_times_pb,munger_gross_margin",7914470912.0,17.658436,3.8966582,2.468,1.3065600000000002,0.23561001,0.2692559173532104,0.09441611089316072,477000000.0,,4.0
CRK,False,45.679062428842116,"graham_current_ratio,graham_debt_to_equity,graham_earnings_stability,munger_fcf",3943323904.0,7.379121,1.5289161,0.476,1.0020099999999998,0.19018,0.56847,0.2908864566729827,-868676608.0,,1.0
ELAN,False,45.66163421689258,"data_missing:trailing_pe,graham_earnings_stability,munger_roe",11313936384.0,,1.7170913,2.05,0.64253,-0.029779999,0.5499469777306468,0.086260006,826875008.0,,0.0
KBR,False,45.636657770695564,"graham_current_ratio,graham_debt_to_equity,graham_earnings_stability,munger_gross_margin",4459016192.0,10.653614,2.7255912,1.148,1.7040199999999999,0.27531,0.14770100179809914,0.09992293860775751,281500000.0,0.0189,2.0
SCSC,False,45.513553353367485,"graham_size,munger_roe,munger_gross_margin",1185404416.0,15.991847,1.3027405,1.755,0.12176000000000001,0.08681,0.135569310199246,0.030571948090272288,95035624.0,,4.0
FG,False,45.47653266666667,"graham_current_ratio,graham_earnings_stability,munger_roe",2846806272.0,7.1520066,0.6176908,0.941,0.48807,0.09167,0.32766998,-0.0373,2268624896.0,0.045,2.0
MSM,False,45.47553416102941,"graham_pe,graham_pe_times_pb",6880822272.0,29.83293,4.847543,1.548,0.39130000000000004,0.16322,0.40751464178074615,0.080000350177118,195171120.0,0.0287,4.0
VAC,False,45.463045966722085,"data_missing:trailing_pe,graham_debt_to_equity,graham_earnings_stability,munger_roe",3470487808.0,,1.7391754,4.549,2.68546,-0.1471,0.53148,0.18478,275249984.0,0.0323,0.0
TR,False,45.45442812042535,"graham_pe,graham_pe_times_pb,munger_roe",2825379328.0,29.598425,2.9589105,2.893,0.013959999999999998,0.1034,0.352810283349078,0.1377961677706123,59253124.0,0.0096,4.0
KAI,False,45.445139994917874,"graham_pe,graham_pe_times_pb,munger_roe",3284705792.0,29.876474,3.2110038,2.591,0.49396,0.11291,0.44798002,0.14947806980863826,105733624.0,0.0053,4.0
AWR,False,45.425843895235104,"graham_current_ratio,graham_pe,graham_pe_times_pb,munger_roe,munger_fcf",3302638336.0,22.766392,2.9448664,0.98,0.8181100000000001,0.1367,0.5762,0.3088943019999301,-25544000.0,0.0259,4.0
VCEL,False,45.393674030347086,"graham_size,graham_earnings_stability,graham_pe,graham_pe_times_pb,munger_roe",1959165056.0,78.08163,5.2911077,5.039,0.25168,0.07157,0.7442255274941268,0.03997697812559953,55544876.0,,2.0
FBIN,False,45.381215420816424,"graham_debt_to_equity,graham_pe,graham_pe_times_pb,munger_roe",4764115968.0,32.185482,2.0638123,2.014,1.21292,0.06406,0.5976859138983238,0.11563452231582722,299150016.0,0.0259,4.0
RVTY,False,45.37205395638061,"graham_pe,graham_pe_times_pb,munger_roe",15844153344.0,68.26443,2.191779,1.8,0.46225,0.03211,0.6008263729149694,0.12486996905867577,604992128.0,0.002,4.0
FIVN,False,45.37191131752791,"graham_debt_to_equity,graham_earnings_stability,graham_pe,graham_pe_times_pb,munger_roe",2872372224.0,56.529408,3.6599064,4.149,1.07449,0.079169996,0.5507445904926341,0.02510686735915787,260481504.0,,1.0
BKR,False,45.34943277313281,"graham_earnings_stability,graham_pe_times_pb,munger_gross_margin",57490718720.0,18.803572,2.886801,2.095,0.80925,0.16463,0.18592163772128534,0.11071184735348018,4415000064.0,0.0161,3.0
SBAC,False,45.284614243327596,"data_missing:debt_to_equity,data_missing:return_on_equity,graham_current_ratio,graham_pe_times_pb",18281103360.0,18.609072,-3.9484904,0.165,,,0.7545513738397998,0.47698745958902916,752056384.0,0.028399999999999998,4.0
ARES,False,45.24081829039537,"graham_current_ratio,graham_debt_to_equity,graham_pe,graham_pe_times_pb,munger_roe",40718860288.0,56.298164,11.073716,0.544,1.7237799999999999,0.14941,0.37407002,0.19381,2159716096.0,0.0433,4.0
TTEK,False,45.23904011630157,"graham_current_ratio,graham_pe,graham_pe_times_pb,munger_gross_margin",8854017024.0,20.831327,4.7808657,1.184,0.55247,0.24297,0.1766335513055365,0.07504129467771778,396642240.0,0.008100000000000001,4.0
IR,False,45.22708531601763,"graham_pe,graham_pe_times_pb,munger_roe",29569435648.0,31.491734,2.905341,1.616,0.47903,0.0947,0.4360663451358664,0.14960331464272178,1107425024.0,0.0011,4.0
GHC,False,45.18274301730811,"munger_roe,munger_gross_margin",4856488448.0,9.267577,1.0199323,1.86,0.30218,0.118710004,0.29947,0.0478354853638241,267685120.0,0.006500000000000001,4.0
FICO,False,45.15648963861389,"data_missing:debt_to_equity,data_missing:return_on_equity,graham_current_ratio,graham_pe,graham_pe_times_pb",19062036480.0,25.806969,-4.65238,1.183,,,0.851,0.46454588423447246,774413504.0,,4.0
SXI,False,45.1547470790963,"graham_pe,graham_pe_times_pb",3355050496.0,31.436134,4.359858,2.404,0.74985,0.17218,0.3563978925951351,0.10012323521384205,165311008.0,0.005,4.0
CBT,False,45.10757390303042,"graham_current_ratio,graham_pe,graham_pe_times_pb,munger_roe,munger_gross_margin",4125072640.0,21.597324,2.5706139,1.467,0.74394,0.13345,0.25316455696202533,0.1672502019929976,258250000.0,0.0232,4.0
TALO,False,45.0859,"data_missing:trailing_pe,graham_earnings_stability,munger_roe",2751590912.0,,1.467367,1.613,0.66094,-0.17822,0.71367997,-0.31475166706927254,550837376.0,,0.0
CORT,False,45.08467583587642,"graham_pe,graham_pe_times_pb,munger_roe",12138909696.0,249.54445,17.170488,2.859,0.013349999999999999,0.08226,0.98305,0.058834499814159835,77395128.0,,4.0
LCII,False,45.07959357158332,munger_gross_margin,2088236928.0,9.839061,1.458542,2.486,0.80054,0.15,0.23781925207974638,0.06790898727491905,264589248.0,0.052300000000000006,4.0
GWRE,False,45.06167626338008,"graham_earnings_stability,graham_pe,graham_pe_times_pb,munger_roe",12589974528.0,94.78395,10.547466,1.786,0.59897,0.10508,0.6421253616906484,0.10158449140991065,343031744.0,,2.0
AMD,False,44.97395163358128,"graham_pe,graham_pe_times_pb,munger_roe",1002339631104.0,153.8847,14.906168,2.609,0.06361,0.10196,0.4951644100580271,0.10664280146655504,8841499648.0,,4.0
FOX,False,44.94340579672479,"graham_pe_times_pb,munger_roe",23862511616.0,14.7369795,2.042002,3.169,0.6406000000000001,0.14291,0.36629,0.25214002,555374976.0,0.0101,4.0
ASO,True,44.92836135069113,,2964407808.0,8.077181,1.370729,1.743,0.90381,0.18613,0.34783892197031296,0.0846107667507955,169622880.0,0.0121,4.0
KHC,False,44.91592142857143,"data_missing:trailing_pe,graham_current_ratio,graham_earnings_stability,munger_roe",28038803456.0,,0.7788465,1.061,0.52591,-0.0876,0.33498,0.1549,3250500096.0,0.0667,0.0
MHK,False,44.89704414139224,"graham_earnings_stability,munger_roe,munger_gross_margin",8228830208.0,15.554418,0.8605288,1.916,0.27604,0.055120002,0.23872086338939677,0.04541324382962152,966899968.0,,2.0
OLLI,False,44.78371545988675,"graham_pe_times_pb,munger_roe",4932775936.0,18.577183,2.6086137,2.228,0.38281,0.14862001,0.40500710026204156,0.11236042002145555,119643128.0,,4.0
PPLI,False,44.75478924933363,"graham_earnings_stability,munger_roe",2688147712.0,6.0774407,0.5288447,3.691,0.27577,0.09043,0.66347003,-0.0407055188704277,76441128.0,,0.0
TKO,False,44.73280374648211,"graham_current_ratio,graham_pe,graham_pe_times_pb,munger_roe",36020867072.0,67.72776,4.165445,1.278,0.59216,0.07063,0.59455,0.17634390117654114,856147520.0,0.0167,4.0
PLNT,False,44.68888455440673,"data_missing:debt_to_equity,data_missing:return_on_equity,graham_pe_times_pb",3146605056.0,14.110544,-5.0914335,1.584,,,0.58525,0.2980619932575309,156152992.0,,4.0
TOL,False,44.6860041670012,"munger_roe,munger_gross_margin",12660076544.0,11.07091,1.4876131,4.502,0.34101,0.14393,0.24826999,0.11006406320477295,557737472.0,0.0076,4.0
MUSA,False,44.67870550684594,"graham_current_ratio,graham_debt_to_equity,graham_pe_times_pb,munger_gross_margin",9345304576.0,15.55814,11.939695,0.925,3.5293200000000002,0.86394,0.08061,0.03836614118368371,386800000.0,0.0051,4.0
ACLS,False,44.65447077189206,"graham_pe,graham_pe_times_pb,munger_roe",3615913216.0,39.291946,3.3925362,4.896,0.0655,0.088870004,0.4491375940351446,0.14220282987385705,42032248.0,,4.0
HLI,False,44.621663458861605,"data_missing:free_cash_flow,graham_pe,graham_pe_times_pb",9152335872.0,22.27211,4.059517,1.664,0.20846,0.17794001,0.3232220760219233,0.20134318185638597,,0.021400000000000002,4.0
SGI,False,44.53367958335672,"graham_current_ratio,graham_debt_to_equity,graham_pe,graham_pe_times_pb",13355053056.0,25.092886,4.134215,0.748,1.98088,0.17516,0.42576071691299405,0.1009697050759045,687912512.0,0.0105,4.0
CENTA,False,44.43211547704023,munger_roe,2141918848.0,12.580883,1.22604,3.787,0.8063400000000001,0.099709995,0.3187293470966093,0.07990859991690902,342347872.0,,4.0
CENT,False,44.43211547704023,munger_roe,2474911488.0,14.644444,1.4166459,3.787,0.8063400000000001,0.099709995,0.3187293470966093,0.07990859991690902,342347872.0,,4.0
EXP,False,44.43203131411714,"graham_debt_to_equity,graham_pe_times_pb,munger_gross_margin",5549472768.0,14.256108,3.7478766,3.231,1.20746,0.2703,0.2826503535820377,0.317311978017941,25278250.0,0.0055000000000000005,4.0
VNO,False,44.34881138607122,"data_missing:consecutive_positive_earnings_years,graham_debt_to_equity,graham_pe,graham_pe_times_pb,munger_roe",7044845568.0,1146.6667,1.338105,5.343,1.2231699999999999,0.00603,0.49595,0.2694253415414194,445744128.0,0.021,
URBN,True,44.34411663925385,,6377400320.0,11.651017,2.4412236,1.581,0.42512,0.20942,0.3597109081425042,0.09823147850187888,97297000.0,,4.0
FOXA,False,44.32868298077397,"graham_pe_times_pb,munger_roe",26681399296.0,16.477865,2.2832246,3.169,0.6406000000000001,0.14291,0.36629,0.25214002,555374976.0,0.009000000000000001,4.0
MMSI,False,44.3181751350274,"graham_pe,graham_pe_times_pb,munger_roe",5242574848.0,36.131687,3.1208901,4.198,0.48822000000000004,0.0919,0.4870156856691642,0.12185452132256222,173902128.0,,4.0
NVT,False,44.316308024874544,"graham_pe,graham_pe_times_pb",26433019904.0,45.49025,6.6299934,1.8,0.40957,0.15748,0.37735994451722277,0.15843415273175618,452550016.0,0.0052,4.0
GD,False,44.30869954214221,"graham_current_ratio,graham_pe,graham_pe_times_pb,munger_gross_margin",93511327744.0,21.061853,3.4806142,1.441,0.35335,0.17803,0.15375,0.10192197906755471,4400124928.0,0.018500000000000003,4.0
TRN,False,44.262799502738716,"graham_debt_to_equity,munger_gross_margin,munger_fcf",2217998592.0,6.58156,1.9410164,2.168,4.68386,0.30156,0.26239002,0.30098752839723675,-335049984.0,0.0446,4.0
DLR,False,44.24784801008113,"graham_current_ratio,graham_pe,graham_pe_times_pb,munger_roe",69067145216.0,89.647064,2.5340872,0.89,0.67944,0.02912,0.56994,0.10772536879005191,3768482048.0,0.0263,4.0
CERT,False,44.233420144331554,"data_missing:trailing_pe,graham_size,graham_earnings_stability,munger_roe",1329375488.0,,1.3750395,2.551,0.31241,-0.022090001,0.61608005,0.050176918044685534,62582376.0,,0.0
SWKS,False,44.21689851095629,"graham_pe,graham_pe_times_pb,munger_roe",13659870208.0,46.574356,2.3819766,3.101,0.11869,0.05094,0.41158335168465093,0.12234211749736965,448812512.0,0.041299999999999996,4.0
EFC,False,44.185249999999996,"data_missing:free_cash_flow,graham_size,graham_debt_to_equity,graham_earnings_stability,munger_roe",1636948736.0,7.790625,0.9113174,7.625,9.287799999999999,0.12247,1.0,0.55869997,,0.12279999999999999,3.0
RBA,False,44.16580564143348,"graham_current_ratio,graham_pe,graham_pe_times_pb,munger_roe",15311997952.0,35.426727,2.7323804,1.312,0.77606,0.08066,0.5472703103714923,0.15540113708149084,603587520.0,0.0158,4.0
JXN,False,44.107350037500005,"data_invalid_outlier:operating_margin,graham_pe,graham_pe_times_pb,munger_roe",8833859584.0,143.32965,0.94319695,1.806,0.54611,0.0137600005,0.48801,-8.101191,1227750016.0,0.0278,4.0
JBL,False,44.07691524400011,"graham_current_ratio,graham_debt_to_equity,graham_pe,graham_pe_times_pb,munger_gross_margin",32163872768.0,38.368126,24.32018,0.981,2.9713600000000002,0.65876,0.08878598751761627,0.039661767666599554,1211624960.0,0.001,4.0
LKQ,False,44.00621202528334,munger_roe,5973379072.0,12.901639,0.9279931,1.578,0.8210500000000001,0.07131,0.3856860303274485,0.0727419236685957,724124992.0,0.0509,4.0
HUBB,False,43.97066676203619,"graham_debt_to_equity,graham_pe,graham_pe_times_pb",24782264320.0,27.783768,6.334022,1.609,1.41642,0.24444,0.35316360401053964,0.20682339253327858,495812512.0,0.0124,4.0
CRGY,False,43.882677723851025,"graham_current_ratio,graham_debt_to_equity,graham_earnings_stability,graham_pe,graham_pe_times_pb,munger_roe",4369589248.0,165.31252,0.8479739,0.945,1.00234,0.01517,0.62158,0.06404831355652384,601587648.0,0.0369,1.0
SMP,False,43.78090734543426,"graham_size,munger_roe",836431424.0,9.41604,1.1692758,2.003,0.9527899999999999,0.12528,0.3123163897322291,0.07621159049062115,130171000.0,0.035,4.0
LAZ,False,43.65485829857098,"data_missing:free_cash_flow,graham_debt_to_equity,graham_earnings_stability,graham_pe_times_pb",3647116288.0,18.251232,3.9490514,5.305,2.25799,0.25665,0.89509004,0.10280919363332293,,0.0546,2.0
LNN,False,43.646291192887496,"graham_size,graham_pe,graham_pe_times_pb,munger_roe",1180200832.0,22.27639,2.3647106,2.935,0.27616,0.10741,0.31163508622525016,0.13029001963428194,41360124.0,0.0132,4.0
CCI,False,43.607666628083855,"data_missing:debt_to_equity,data_missing:return_on_equity,graham_current_ratio,graham_earnings_stability,graham_pe,graham_pe_times_pb",30096715776.0,28.873468,-9.215737,0.522,,,0.73732,0.4866322701688555,1036249984.0,0.0587,1.0
MATX,False,43.591270943725945,"graham_current_ratio,graham_pe_times_pb,munger_gross_margin",6708242944.0,15.147198,2.4190435,0.888,0.25834,0.17206,0.23023,0.14943937808342053,147124992.0,0.0067,4.0
CZR,False,43.49633003324959,"data_missing:trailing_pe,graham_current_ratio,graham_debt_to_equity,graham_earnings_stability,munger_roe",6034866688.0,,1.7900748,0.851,7.2987,-0.103769995,0.49691,0.16176214522026816,762499968.0,,0.0
REYN,False,43.47368912318134,munger_gross_margin,4642151424.0,13.51227,2.009947,1.795,0.7134199999999999,0.15433,0.24563289438323033,0.14619,244124992.0,0.0415,4.0
MCD,False,43.464704597444616,"data_missing:debt_to_equity,data_missing:return_on_equity,graham_current_ratio,graham_pe_times_pb",167669645312.0,19.232265,-163.85995,1.081,,,0.57382,0.4609633624697787,6262374912.0,0.0308,4.0
DG,False,43.46190896273073,"graham_current_ratio,graham_debt_to_equity,graham_pe_times_pb",26718898176.0,15.627097,2.876517,1.209,1.69811,0.19692,0.30660930299520633,0.05157871377807827,1738019712.0,0.0192,4.0
OSIS,False,43.43613071779825,"graham_debt_to_equity,graham_pe,graham_pe_times_pb",3220436992.0,22.57095,3.8604572,3.153,1.26037,0.17344,0.35954928274117176,0.05132536358678988,209244624.0,,4.0
COST,False,43.43475973170062,"graham_current_ratio,graham_pe,graham_pe_times_pb,munger_gross_margin",399946940416.0,45.36419,11.936522,1.072,0.24567,0.29152,0.12876001,0.03772412665540356,6954375168.0,0.006500000000000001,4.0
TGT,False,43.43384999967475,"graham_current_ratio,graham_debt_to_equity,graham_pe_times_pb,munger_gross_margin",71396450304.0,16.302904,4.001324,0.988,1.07583,0.26408002,0.2854195890750062,0.048835655659477,3432999936.0,0.0292,4.0
Q,False,43.41680677084697,"graham_pe,graham_pe_times_pb,munger_roe",26086803456.0,44.505356,3.593696,2.008,0.59992,0.06722,0.46219003,0.22323,772249984.0,0.0026,4.0
PAYO,False,43.39094120406795,"graham_current_ratio,graham_earnings_stability,graham_pe,graham_pe_times_pb,munger_roe,munger_fcf",2424477952.0,51.107143,3.7091758,1.003,0.13183999999999998,0.07058,0.85370004,0.11841762809491876,-69092496.0,,3.0
SABR,False,43.37891174885282,"data_missing:trailing_pe,data_missing:debt_to_equity,data_missing:return_on_equity,graham_size,graham_current_ratio,graham_earnings_stability",877793472.0,,-0.8201358,1.025,,,0.56426,0.10663905191767686,100824752.0,,1.0
UFPT,False,43.29725128277412,"graham_pe,graham_pe_times_pb,munger_gross_margin",2211345408.0,30.897186,4.782077,3.0,0.29483,0.17052001,0.28269881900540317,0.15318258053706305,34872376.0,,4.0
WWD,False,43.2869495926597,"graham_pe,graham_pe_times_pb,munger_gross_margin",19219709952.0,36.28818,7.6809907,1.645,0.5594100000000001,0.22339001,0.29626,0.17764,187228624.0,0.0039000000000000003,4.0
SJM,False,43.26915585714286,"graham_current_ratio,graham_debt_to_equity,graham_earnings_stability,graham_pe,graham_pe_times_pb,munger_roe",12959789056.0,56.427906,2.3341992,0.87,1.20682,0.03931,0.37951002,0.17898001,1464337536.0,0.037000000000000005,0.0
ECL,False,43.243453086553316,"graham_debt_to_equity,graham_pe,graham_pe_times_pb",77726711808.0,36.38714,7.729858,1.841,1.38023,0.21956,0.44210997,0.1702360520359177,1474824960.0,0.0106,4.0
PM,False,43.218660649612524,"data_missing:debt_to_equity,data_missing:return_on_equity,graham_current_ratio,graham_pe,graham_pe_times_pb",295497498624.0,26.006859,-34.427094,0.98,,,0.6711769336744735,0.36636488880141704,9714374656.0,0.0336,4.0
ZBRA,False,43.18635092047128,"graham_current_ratio,graham_pe,graham_pe_times_pb",17847994368.0,34.31273,5.169276,0.516,0.8623000000000001,0.15286,0.48054114158636024,0.12972572275759822,576750016.0,,4.0
CMI,False,43.171881407792526,"graham_pe,graham_pe_times_pb,munger_gross_margin",72193122304.0,26.733776,5.6062407,1.727,0.59586,0.21114,0.25292545292545293,0.11954261954261955,2229374976.0,0.0167,4.0
EQIX,False,43.171285778900405,"graham_current_ratio,graham_debt_to_equity,graham_pe,graham_pe_times_pb,munger_roe",102598828032.0,66.78228,7.1337914,1.131,1.6221700000000001,0.10735,0.51979,0.2004990777910383,3776000000.0,0.0195,4.0
JBHT,False,43.124083975144124,"graham_current_ratio,graham_pe,graham_pe_times_pb,munger_gross_margin",22226128896.0,33.47949,6.078426,1.255,0.38372999999999996,0.18448,0.18505,0.08676307116088199,903028352.0,0.0076,4.0
IVZ,False,43.031600000000005,"data_missing:trailing_pe,graham_current_ratio,graham_earnings_stability,munger_roe,munger_gross_margin",13576162304.0,,1.3628551,0.708,0.12055999999999999,-0.0057300003,0.2952,-0.1090934750905584,1140787456.0,0.0279,0.0
MBGL,False,42.92645,"data_missing:return_on_equity,data_missing:free_cash_flow,graham_earnings_stability,graham_pe",5599089152.0,45.178574,0.568812,1.879,0.20417000000000002,,0.70948,0.25641,,0.0126,3.0
SMTC,False,42.89653369376209,"graham_earnings_stability,graham_pe,graham_pe_times_pb",15615710208.0,113.05743,27.180798,1.698,0.7010500000000001,0.23663999,0.516339912855068,0.031015024167242077,132654752.0,,0.0
VRSN,False,42.84736333807863,"data_missing:debt_to_equity,data_missing:return_on_equity,graham_current_ratio,graham_pe,graham_pe_times_pb",26532399104.0,31.867535,-11.770604,0.591,,,0.88465,0.6766871906314137,832837504.0,0.0108,4.0
RSG,False,42.83910375046911,"graham_current_ratio,graham_debt_to_equity,graham_pe,graham_pe_times_pb",65253990400.0,30.184137,5.419634,0.644,1.18798,0.18152,0.43035,0.17354286014610817,1942625024.0,0.0125,4.0
WINA,False,42.8108043673838,"data_missing:debt_to_equity,data_missing:return_on_equity,graham_size,graham_pe,graham_pe_times_pb",1054768576.0,26.64519,-27.99676,3.75,,,0.96664,0.6344019048128131,32954364.0,0.0139,4.0
SUPN,False,42.79054496416222,"data_missing:trailing_pe,graham_earnings_stability,munger_roe",2525763328.0,,2.4467006,2.083,0.03895,-0.104899995,0.72890997,-0.08663026182554608,84611000.0,,0.0
TNL,False,42.76438953825748,"data_missing:debt_to_equity,data_missing:return_on_equity,graham_pe_times_pb",3859545600.0,17.021622,-3.7875872,3.202,,,0.50611,0.13752797811489678,556374976.0,0.0382,4.0
R,False,42.75632142857143,"graham_current_ratio,graham_debt_to_equity,graham_pe_times_pb,munger_gross_margin",9183883264.0,19.518744,3.189949,0.646,2.9360899999999996,0.16697,0.1983,0.08455,949249984.0,0.0171,4.0
FDX,False,42.712296573359076,"graham_current_ratio,graham_debt_to_equity,graham_pe_times_pb,munger_roe,munger_gross_margin",69516025856.0,15.825701,2.2275012,1.475,1.35697,0.14846,0.27318,0.05767525337837838,5656625152.0,0.0165,4.0
AWK,False,42.571250000000006,"graham_current_ratio,graham_debt_to_equity,graham_pe,graham_pe_times_pb,munger_roe,munger_fcf",26627698688.0,23.221838,2.2827013,0.523,1.37745,0.10095,0.61469,0.3669205233352861,-1785374976.0,0.0268,4.0
CSGP,False,42.56924620606684,"graham_pe,graham_pe_times_pb,munger_roe",11363766272.0,155.80556,1.4312325,2.214,0.14537,0.00894,0.7887280566676933,-0.02217431475207884,412700000.0,,4.0
AJG,False,42.542373732395575,"graham_current_ratio,graham_pe,graham_pe_times_pb,munger_roe",59127615488.0,38.25207,2.4926515,1.053,0.59401,0.06722,0.43186,0.1916,2082300032.0,0.012199999999999999,4.0
BA,False,42.49065952334539,"graham_current_ratio,graham_debt_to_equity,graham_earnings_stability,graham_pe,graham_pe_times_pb,munger_gross_margin",159056314368.0,72.18279,26.100311,1.138,7.90875,1.73537,0.04794160714485318,0.0478521847020556,5625375232.0,,1.0
MMI,False,42.44458331890527,"graham_size,graham_earnings_stability,graham_pe,graham_pe_times_pb,munger_roe",1140295936.0,81.37838,1.9690034,2.915,0.12808999999999998,0.0242,0.37724,-0.01815651335618071,68309504.0,0.016200000000000003,0.0
FDXF,False,42.3906985570806,"data_missing:debt_to_equity,graham_pe,graham_pe_times_pb,munger_gross_margin,munger_fcf",17824055296.0,27.216894,-35.86342,1.517,,0.69093,0.29278,0.061398521887436046,-511124992.0,,4.0
MSCI,False,42.389104750621094,"data_missing:debt_to_equity,data_missing:return_on_equity,graham_current_ratio,graham_pe,graham_pe_times_pb",40421199872.0,30.97493,-15.029465,0.894,,,0.82975,0.5466866850068863,1194705920.0,0.0149,4.0
DIS,False,42.37729910283958,"graham_current_ratio,graham_pe,graham_pe_times_pb,munger_roe",179144097792.0,21.391794,1.6312411,0.709,0.39404000000000006,0.0801,0.37595,0.18587238549113053,4860375040.0,0.0144,4.0
PSX,False,42.355820233672084,"graham_current_ratio,graham_pe_times_pb,munger_gross_margin",101664546816.0,14.550828,3.2268422,1.32,0.62884,0.23452999,0.13098,0.08529,4545375232.0,0.019799999999999998,4.0
CRH,False,42.34723614943369,graham_pe_times_pb,56978288640.0,15.131625,2.3728318,1.579,0.7759199999999999,0.15812,0.36125724357091354,0.14527198440462522,2019124992.0,0.0177,4.0
CVNA,False,42.32741574039581,"graham_debt_to_equity,graham_earnings_stability,graham_pe,graham_pe_times_pb,munger_gross_margin",71462658048.0,35.038044,11.508389,3.926,1.1088,0.58773,0.20627890955614606,0.09255978742249779,424375008.0,,3.0
BFAM,False,42.3087561988772,"graham_current_ratio,graham_debt_to_equity,graham_pe,graham_pe_times_pb,munger_roe,munger_gross_margin",3230843136.0,21.088888,3.467119,0.479,2.17779,0.14942999,0.23765521421240132,0.1072621520196809,240151376.0,,4.0
FCFS,False,42.2725191194117,"graham_debt_to_equity,graham_pe,graham_pe_times_pb",9443342336.0,24.770193,4.0773406,4.887,1.16419,0.17398001,0.5027548160455914,0.15508,219812256.0,0.0076,4.0
PVH,False,42.2428456763935,"data_missing:trailing_pe,munger_roe",3534619392.0,,0.73754233,1.648,0.86909,-0.03499,0.5752497150901655,0.02576478737905298,529800000.0,0.002,4.0
PRLB,False,42.20476763496511,"graham_earnings_stability,graham_pe,graham_pe_times_pb,munger_roe",2110389632.0,70.01588,3.0509062,3.637,0.0032400000000000003,0.04494,0.45421,0.088520005,41775752.0,,3.0
GOLF,False,42.199816114042605,"graham_debt_to_equity,graham_pe,graham_pe_times_pb",4822504448.0,22.4375,5.214728,2.55,1.17199,0.25239,0.4772891239013104,0.11702211644057794,45248500.0,0.0123,4.0
ES,False,42.09370351152957,"graham_current_ratio,graham_debt_to_equity,graham_earnings_stability,munger_roe",24476702720.0,17.010735,1.4976377,0.8,1.807,0.09016,0.52752,0.2206049437066314,811961344.0,0.0475,2.0
MOG-A,False,42.05621462478331,"graham_pe,graham_pe_times_pb,munger_gross_margin",11758871552.0,31.544603,5.2894163,2.087,0.51557,0.18106002,0.27388007741753667,0.1164594117427649,333472640.0,0.0033,4.0
RNG,False,42.054147013795415,"data_missing:debt_to_equity,data_missing:return_on_equity,graham_current_ratio,graham_earnings_stability,graham_pe,graham_pe_times_pb",6701369344.0,62.209305,-11.012762,1.106,,,0.7124484422748298,0.04793009698855969,639506496.0,0.0034000000000000002,1.0
MTN,False,41.93971185289563,"graham_current_ratio,graham_debt_to_equity,graham_pe,graham_pe_times_pb",4985130496.0,30.21598,9.035132,0.911,3.55585,0.1685,0.43330002,0.18889826326000297,134862496.0,0.0639,4.0
HIMS,False,41.92801162555004,"data_missing:trailing_pe,graham_current_ratio,graham_debt_to_equity,graham_earnings_stability,munger_roe",6738067968.0,,20.791864,0.934,4.77128,-0.32033002,0.7383500941585092,0.04498693792950103,849437248.0,,2.0
KN,False,41.91267533769033,"graham_earnings_stability,graham_pe,graham_pe_times_pb,munger_roe",3129007104.0,42.598835,3.933326,3.201,0.18881,0.094969995,0.4320633850303439,0.11850977747808496,39312500.0,,1.0
FORM,False,41.91155179124502,"graham_pe,graham_pe_times_pb,munger_roe",10099819520.0,84.12987,9.107268,4.078,0.02691,0.10989001,0.39344427275147675,0.07270128523439062,114850000.0,,4.0
UNH,False,41.90941087534487,"graham_current_ratio,graham_pe,graham_pe_times_pb,munger_roe,munger_gross_margin",331840815104.0,23.77492,3.3985715,0.777,0.69211,0.14152999,0.19723,0.04237130977038075,24272250880.0,0.024900000000000002,4.0
PRU,False,41.90363078095238,"graham_current_ratio,graham_debt_to_equity,graham_earnings_stability,munger_roe,munger_gross_margin",40741048320.0,10.71597,1.2910103,0.777,1.6389099999999999,0.12011,0.29015,0.075219996,7527750144.0,0.047599999999999996,3.0
ALG,False,41.770733887460494,"graham_pe_times_pb,munger_roe,munger_gross_margin",2004436224.0,19.747002,1.658426,4.391,0.23471,0.08771,0.24805966147351619,0.09453861814599228,91344752.0,0.008,4.0
CPB,False,41.75944246263811,"graham_current_ratio,graham_debt_to_equity,graham_earnings_stability,munger_roe,munger_gross_margin",6054540800.0,15.498627,1.5715767,0.815,1.7172800000000001,0.1005,0.28570998,0.10962645079488931,747374976.0,0.0495,0.0
JBSS,False,41.756001913987554,"graham_size,munger_gross_margin",781592256.0,12.470148,2.0571215,2.08,0.28779,0.16724001,0.17962562719395614,0.07586973588744489,29046376.0,0.013999999999999999,4.0
AKAM,False,41.72192324043956,"graham_debt_to_equity,graham_pe,graham_pe_times_pb,munger_roe",16903948288.0,42.615944,3.556698,1.637,1.96672,0.08918,0.57452,0.12556512275688814,710060096.0,,4.0
KRG,False,41.70027123781778,"graham_current_ratio,graham_earnings_stability,munger_roe",5172953600.0,15.647798,1.7373087,0.929,0.96238,0.10738,0.73175,0.1330063201584756,152751120.0,0.0462,3.0
AZZ,False,41.69322686791617,"graham_earnings_stability,graham_pe,graham_pe_times_pb,munger_gross_margin",4181215232.0,20.704613,3.0350988,1.923,0.39448,0.15314999,0.23935506157277223,0.1603661640647726,104912376.0,0.006999999999999999,3.0
FLO,False,41.67941901071802,"graham_size,graham_current_ratio,graham_debt_to_equity,graham_pe,munger_roe",1245837312.0,22.596155,0.9413555,0.771,1.51702,0.053629998,0.48716,0.033098391527864944,239973744.0,0.085,4.0
ACMR,False,41.54076345873718,"graham_pe,graham_pe_times_pb,munger_roe,munger_fcf",5602233344.0,37.94104,3.011419,3.656,0.14523999999999998,0.11627,0.4438732998339082,0.12141119194416121,-186610256.0,,4.0
NNN,False,41.53925,"graham_current_ratio,graham_debt_to_equity,graham_pe,graham_pe_times_pb,munger_roe,munger_fcf",7954596352.0,20.416256,1.783271,0.18,1.1211799999999998,0.08719,0.96094,0.6364475557997998,-1371816320.0,0.0596,4.0
ENPH,False,41.53361460944892,"graham_pe,graham_pe_times_pb,munger_roe",4408650752.0,33.118813,3.7399373,3.451,0.5189900000000001,0.12996,0.4664025770798752,0.10694338367328927,78322752.0,,4.0
KBH,False,41.514479136857126,"munger_roe,munger_gross_margin",2935509760.0,11.649635,0.7731559,5.635,0.5264099999999999,0.06989,0.17731,0.07603273541555512,316819744.0,0.0209,4.0
ATR,False,41.511661047383704,"graham_pe,graham_pe_times_pb,munger_roe",7973073408.0,22.273535,3.0344827,1.614,0.5278,0.13459,0.3092867335304198,0.1326486604692759,265978880.0,0.015300000000000001,4.0
KLIC,False,41.492096736836245,"graham_earnings_stability,graham_pe,graham_pe_times_pb,munger_roe",4712759808.0,41.311924,5.1681395,3.444,0.0418,0.13231,0.42490303188748796,-0.0049290531295053674,57164124.0,0.0092,1.0
PHIN,False,41.472798402444525,"munger_roe,munger_gross_margin",2218802688.0,17.352436,1.4398478,1.806,0.68916,0.08523,0.21877691645133507,0.07292563881711168,269249984.0,0.019799999999999998,4.0
DGX,False,41.470833898781265,"graham_pe,graham_pe_times_pb,munger_roe",25827366912.0,25.884956,3.4247074,1.591,0.81074,0.14602,0.3849740383596482,0.14100589034888988,909625024.0,0.0147,4.0
NXRT,False,41.47007237307524,"data_missing:trailing_pe,graham_size,graham_debt_to_equity,graham_earnings_stability,munger_roe",1069230720.0,,2.135862,2.87,6.29179,-0.11093,0.60032004,0.11115842423422384,71450872.0,0.09759999999999999,0.0
CALY,False,41.403346112048155,"graham_earnings_stability,graham_pe,graham_pe_times_pb,munger_roe",2618168832.0,33.872093,1.206311,3.043,0.12643000000000001,0.03466,0.4211446046308432,0.06218144750254842,94225000.0,,0.0
SLB,False,41.33247523693087,"graham_current_ratio,graham_pe,graham_pe_times_pb,munger_roe,munger_gross_margin",76952821760.0,25.292683,2.9513886,1.439,0.47002000000000005,0.12909001,0.16991,0.19686132488305416,2955124992.0,0.0226,4.0
FLS,False,41.27204864849981,"graham_pe,graham_pe_times_pb",9887151104.0,26.49315,4.356837,2.153,0.9960800000000001,0.16936001,0.35146,0.13919,428336256.0,0.0116,4.0
LW,False,41.226326357702526,"graham_current_ratio,graham_debt_to_equity,graham_pe,graham_pe_times_pb,munger_gross_margin",6177118208.0,21.600962,3.3843026,1.423,2.21223,0.16280001,0.20563192837590552,0.08939400813635195,452924992.0,0.032799999999999996,4.0
BBWI,False,41.198346297783964,"data_missing:debt_to_equity,data_missing:return_on_equity,graham_current_ratio,graham_pe_times_pb",3426962176.0,4.4606304,-3.250765,1.201,,,0.4373885612398848,0.1544369770950487,764625024.0,0.0466,4.0
ELF,False,41.177934659853186,"graham_pe,graham_pe_times_pb,munger_roe",6041091072.0,104.466835,5.161978,2.546,0.79503,0.060399998,0.7072207773796313,0.04499435370724339,281395360.0,,4.0
LSCC,False,41.147080969656855,"graham_pe,graham_pe_times_pb,munger_roe",17173625856.0,484.62,21.103466,3.024,0.04836,0.04927,0.6821496688083598,0.021465346231906768,155063248.0,,4.0
AMN,False,41.11677266698139,"graham_size,graham_current_ratio,graham_debt_to_equity,graham_earnings_stability,munger_gross_margin",1311397504.0,12.58736,1.7684233,1.128,1.04658,0.15556,0.28349318000944174,-0.020316221370341437,445770624.0,,0.0
THRM,False,41.06395767410049,"graham_size,graham_pe,graham_pe_times_pb,munger_roe,munger_gross_margin",1076480512.0,40.72093,1.4870489,2.064,0.44955,0.03735,0.24167590861349444,0.055184765534811775,84331624.0,,4.0
ENOV,False,41.063824107370436,"data_missing:trailing_pe,graham_size,graham_earnings_stability,munger_roe",1053621696.0,,0.713254,1.985,0.9255500000000001,-0.54142,0.5984122232211131,-0.5000905229378897,185942752.0,,0.0
MTH,False,41.05742895792467,"munger_roe,munger_gross_margin",4239574784.0,13.141416,0.8381976,14.355,0.37707,0.063769996,0.18275999,0.08185001,293902112.0,0.028900000000000002,4.0
PRKS,False,41.02796318515244,"data_missing:debt_to_equity,data_missing:return_on_equity,graham_size,graham_current_ratio,graham_pe_times_pb",1491048832.0,13.101593,-2.4158828,0.478,,,0.46013,0.21980332728041532,97038376.0,,4.0
CI,False,40.904620959630336,"graham_current_ratio,munger_gross_margin",70709428224.0,11.071369,1.655674,0.846,0.7429000000000001,0.16758,0.091359995,0.03346671516915242,7980125184.0,0.022799999999999997,4.0
TDG,False,40.88007917317136,"data_missing:debt_to_equity,data_missing:return_on_equity,graham_pe,graham_pe_times_pb",61962387456.0,33.640602,-6.5949793,3.019,,,0.6014041444909977,0.471634016532669,1457374976.0,,4.0
GRBK,True,40.85760101321463,,2931394048.0,10.264307,1.5205362,7.051,0.14244,0.16383,0.3053680513097393,0.11514045605927713,6958250.0,,4.0
PPC,False,40.84341318288237,"graham_current_ratio,munger_roe,munger_gross_margin",6562270720.0,12.034934,1.7500634,1.355,0.82717,0.1452,0.1274840515391414,0.08722986224177869,508525376.0,,4.0
PANW,False,40.83659048861842,"graham_current_ratio,graham_pe,graham_pe_times_pb,munger_roe",317572153344.0,946.90247,11.508908,0.871,0.09337,0.01739,0.7035714285714286,0.06054006968641115,4240624896.0,,4.0
GATX,False,40.751106767857145,"graham_debt_to_equity,graham_pe_times_pb,munger_roe,munger_fcf",6499484160.0,17.960487,2.3342464,3.302,3.47592,0.117989995,0.73627,0.27771,-4936737280.0,0.0144,4.0
KMI,False,40.70044579954208,"graham_current_ratio,graham_pe,graham_pe_times_pb,munger_roe",70215499776.0,20.36129,2.2198775,0.458,0.98619,0.109910004,0.49407002,0.27891598275963864,1075000064.0,0.0377,4.0
WAT,False,40.67908109647347,"graham_pe,graham_pe_times_pb,munger_roe,munger_fcf",41620983808.0,107.04545,2.7402132,1.861,0.36045,0.019199999,0.56337,0.2535593940010476,-142067632.0,,4.0
NOC,False,40.66933584821783,"graham_current_ratio,graham_pe_times_pb,munger_gross_margin",73242009600.0,16.398218,4.0953865,1.168,0.95348,0.26958,0.2006,0.10752252466987654,2478000128.0,0.0194,4.0
VMC,False,40.646055870486805,"graham_pe,graham_pe_times_pb,munger_roe,munger_gross_margin",32028624896.0,29.182407,3.7785676,1.757,0.5821999999999999,0.13234,0.2738411555074234,0.20395159360793844,843600000.0,0.0084,4.0
MLKN,False,40.639582915343624,"graham_size,graham_debt_to_equity,graham_earnings_stability,munger_roe",1388407936.0,15.30303,1.0257974,1.647,1.2821799999999999,0.073460005,0.387536767576854,0.05161777338157587,125412496.0,0.037000000000000005,1.0
TMO,False,40.55472346203998,"graham_pe,graham_pe_times_pb,munger_roe",243970359296.0,35.512917,4.6312633,1.551,0.8057500000000001,0.13515,0.40987998,0.17384863991381633,6237250048.0,0.0029,4.0
FRPT,False,40.462566634633845,"graham_earnings_stability,graham_pe_times_pb",2858253824.0,15.408031,2.3365679,6.046,0.39885,0.17622,0.4080035208232193,0.06866694192002831,19274124.0,,2.0
SKYW,False,40.45331848601135,graham_current_ratio,3938662400.0,9.861966,1.4001719,0.569,0.8633299999999999,0.15341,0.30895,0.17236351865753377,145134624.0,,4.0
NOVT,False,40.450377928524425,"graham_pe,graham_pe_times_pb,munger_roe",5517990912.0,92.9363,3.4134989,4.569,0.17668,0.051090002,0.4438955741382827,0.09587191515398735,118383248.0,,4.0
COTY,False,40.3693,"data_missing:trailing_pe,graham_current_ratio,graham_earnings_stability,munger_roe",2333819136.0,,0.78055966,0.755,0.9753799999999999,-0.16093001,0.6289394826576654,-0.014035752419660387,362687488.0,,0.0
PTON,False,40.35042635206168,"data_missing:debt_to_equity,data_missing:return_on_equity,graham_earnings_stability,graham_pe,graham_pe_times_pb",2130722688.0,34.67857,-15.267296,2.837,,,0.5260425183973835,0.06569910057236304,353875008.0,,1.0
AZTA,False,40.17823041814338,"data_missing:trailing_pe,graham_size,graham_earnings_stability,munger_roe",1502627840.0,,0.99403,2.5,0.03574,-0.07041,0.45515399421711256,-0.045205541737324884,63366000.0,,0.0
EZPW,False,40.162755229769346,"data_missing:consecutive_positive_earnings_years,graham_size,munger_roe,munger_fcf",1853132160.0,15.155779,1.5919768,4.811,0.69526,0.14745,0.5854796434064726,0.11706139937847256,-11004125.0,,
COR,False,40.104563409057825,"graham_current_ratio,graham_debt_to_equity,graham_pe,graham_pe_times_pb,munger_gross_margin",59653529600.0,23.224741,19.552477,0.935,4.46516,0.96871,0.03572165157521616,0.008180306662046867,2043314048.0,0.0076,4.0
ARW,False,40.05926343980922,"graham_current_ratio,munger_roe,munger_gross_margin",11636980736.0,14.616368,1.663465,1.217,0.30663,0.12036,0.11236269742246564,0.026649749853620085,732857856.0,,4.0
MKSI,False,40.01322389627258,"graham_current_ratio,graham_debt_to_equity,graham_earnings_stability,graham_pe,graham_pe_times_pb",17673201664.0,41.685806,5.9132147,1.144,1.4009399999999999,0.15845999,0.46731111676418213,0.13431696769269905,480375008.0,0.0038,2.0
POST,False,39.96607980881385,"graham_debt_to_equity,munger_roe,munger_gross_margin",3424121344.0,13.736364,1.0789312,1.851,2.47074,0.082779996,0.2867579460903887,0.09797624446868756,394649984.0,,4.0
WTRG,False,39.868500000000004,"graham_current_ratio,graham_debt_to_equity,graham_pe,graham_pe_times_pb,munger_roe,munger_fcf",11474446336.0,20.735641,1.6349063,0.777,1.21656,0.08078,0.5643,0.3721593055889502,-657633024.0,0.035699999999999996,4.0
MCHP,False,39.86587332988857,"graham_earnings_stability,graham_pe,graham_pe_times_pb,munger_roe",40983580672.0,109.384056,6.353114,1.921,0.8368800000000001,0.0719,0.5773482421336276,0.10398676030638009,1364762496.0,0.024,1.0
HWKN,False,39.864346107087094,"graham_pe,graham_pe_times_pb,munger_gross_margin",2584548096.0,32.32637,5.854731,2.27,0.47009,0.15614,0.2261289143818931,0.11192530008415644,81369504.0,0.0064,4.0
LFUS,False,39.82730346163266,"data_missing:trailing_pe,graham_earnings_stability,munger_roe",10707096576.0,,4.0888853,2.761,0.27093,-0.0030899998,0.3908831923869141,0.17138020170138535,364767136.0,0.0076,0.0
DVN,False,39.81795297456851,"graham_current_ratio,munger_roe",53360996352.0,10.685021,1.3361795,0.717,0.28488,0.11522,0.50349,-0.4286983562860951,782625024.0,0.0273,4.0
TXRH,False,39.78280184441981,"graham_current_ratio,graham_pe,graham_pe_times_pb,munger_gross_margin",10830752768.0,26.357826,7.0479693,0.458,0.68842,0.27714002,0.16252,0.08076453600881241,235890752.0,0.0181,4.0
NOV,False,39.743399699385705,"graham_pe,graham_pe_times_pb,munger_roe,munger_gross_margin",7250764800.0,75.33333,1.1712543,2.422,0.37151,0.01545,0.2020814272644099,0.056495882891125344,673374976.0,0.0178,4.0
MAC,False,39.740821877039245,"data_missing:trailing_pe,graham_current_ratio,graham_debt_to_equity,graham_earnings_stability,munger_roe",6719316480.0,,2.2884848,0.329,1.6892699999999998,-0.06179,0.54914004,0.16256,388895136.0,0.0298,0.0
BOOT,False,39.68515899180961,graham_pe_times_pb,3868737536.0,16.170254,2.9305363,2.53,0.59323,0.19174999,0.38083793174284636,0.13272569402078835,12682000.0,,4.0
FUL,False,39.668841609546824,"graham_debt_to_equity,munger_roe,munger_gross_margin",2685605376.0,14.389049,1.2895812,1.796,1.06252,0.09388,0.27853710735243353,0.07800966517086641,219408128.0,0.0192,4.0
JCI,False,39.59317766945686,"graham_current_ratio,graham_pe,graham_pe_times_pb,munger_roe",88850153472.0,41.435028,6.590286,1.0,0.70107,0.14332,0.3641295134768605,0.08927489396081599,2984124928.0,0.0109,4.0
MSEX,False,39.58473517874075,"graham_size,graham_current_ratio,graham_pe,graham_pe_times_pb,munger_roe,munger_fcf",1013144768.0,20.758688,1.9442034,0.497,0.83981,0.097679995,0.53659,0.2792895518095062,-28346000.0,0.0262,4.0
ABBV,False,39.571537342587064,"data_missing:debt_to_equity,data_missing:return_on_equity,graham_current_ratio,graham_pe,graham_pe_times_pb",468206551040.0,74.63521,-78.87913,0.809,,,0.72792,0.24648463047743624,16870250496.0,0.026099999999999998,4.0
CHRW,False,39.56106882271697,"graham_debt_to_equity,graham_pe,graham_pe_times_pb,munger_gross_margin",17658560512.0,28.894836,10.873507,1.582,1.21188,0.37123,0.08447,0.04897262406898936,480618368.0,0.0168,4.0
IART,False,39.50855525266575,"data_missing:trailing_pe,graham_size,graham_debt_to_equity,graham_earnings_stability,munger_roe",1209751296.0,,1.1595229,3.601,1.96489,-0.00696,0.6203468555283744,-0.30171014129381224,94402000.0,,0.0
BIO,False,39.505381346562885,"graham_earnings_stability,graham_pe,graham_pe_times_pb,munger_roe",10164188160.0,46.317684,1.4155823,3.142,0.19103,0.0311,0.5186977392381542,0.018271910808299784,283187488.0,,1.0
AVNT,False,39.435164975854995,"graham_pe,graham_pe_times_pb,munger_roe",3762336000.0,22.172974,1.5439045,1.9,0.76563,0.071100004,0.3115146310042329,0.06241948346727195,263787504.0,0.026699999999999998,4.0
ALHC,False,39.376109790397486,"graham_size,graham_debt_to_equity,graham_earnings_stability,graham_pe,graham_pe_times_pb,munger_gross_margin",1632535424.0,41.42158,6.1485157,1.698,1.24655,0.20044,0.12549,0.0037358951092746786,188581872.0,,0.0
AFG,False,39.36595910717106,munger_gross_margin,11673268224.0,12.316272,2.4211855,2.085,0.42232,0.20413,0.20156,0.13126988010765842,142250000.0,0.025099999999999997,4.0
DIOD,False,39.36513248578392,"graham_pe,graham_pe_times_pb,munger_roe",4382740480.0,48.309643,2.2359796,3.167,0.04401,0.04684,0.312019718326965,0.023927296428718423,176820256.0,,4.0
DBD,False,39.35218597667409,"graham_current_ratio,graham_debt_to_equity,graham_earnings_stability,graham_pe,graham_pe_times_pb,munger_roe,munger_gross_margin",2157475328.0,20.701956,2.2298434,1.267,1.13548,0.10944,0.25256851564758126,0.06358882728538771,312012512.0,,1.0
WSC,False,39.28155262457244,"data_missing:trailing_pe,graham_current_ratio,graham_debt_to_equity,graham_earnings_stability,munger_roe",3295863552.0,,3.781705,0.811,4.16655,-0.07083,0.5100212759802336,0.07953464600959216,248800992.0,0.015300000000000001,0.0
FN,False,39.241302418949864,"graham_pe,graham_pe_times_pb,munger_gross_margin,munger_fcf",14427116544.0,30.685976,5.878402,2.253,0.00164,0.21326,0.11990936625543487,0.09973654935460302,-57873500.0,,4.0
OPCH,False,39.238203661075175,"graham_current_ratio,graham_debt_to_equity,graham_pe_times_pb,munger_gross_margin",3506472704.0,17.734848,2.7829292,1.465,1.00649,0.15999,0.1925641811276323,0.05981146359539635,256067872.0,,4.0
HE,False,39.213443262345706,"graham_size,graham_current_ratio,graham_debt_to_equity,graham_earnings_stability,munger_roe,munger_gross_margin",1612564096.0,7.169231,0.9131883,0.986,1.5886799999999999,0.13448,0.17581,0.07623256501028865,324624384.0,,1.0
RHI,False,39.21223507322151,"graham_current_ratio,graham_pe,graham_pe_times_pb,munger_roe",3862605824.0,32.273502,3.083204,1.468,0.19940000000000002,0.09111,0.3722805180472049,0.014216029507078731,113581872.0,0.06280000000000001,4.0
HCC,False,39.13005714285715,"graham_pe,graham_pe_times_pb,munger_roe,munger_fcf",4798653440.0,21.846153,2.0952644,3.927,0.10297,0.10037,0.30597,0.18545,-53619500.0,0.0034999999999999996,4.0
UNF,False,39.07720768270532,"graham_pe,graham_pe_times_pb,munger_roe",4735702016.0,41.369667,2.1544752,3.111,0.03869,0.05296,0.36678,0.07585168594019287,98668752.0,0.0055000000000000005,4.0
PAHC,False,39.028458182199955,"graham_size,graham_debt_to_equity,graham_pe_times_pb,munger_fcf",1395883136.0,14.148149,3.617805,2.956,2.06406,0.29716,0.3376044814118766,0.1280527609309838,-19298000.0,0.0137,4.0
BILL,False,38.980484897262855,"data_missing:trailing_pe,graham_earnings_stability,munger_roe",4626268160.0,,1.2112126,1.51,0.5374300000000001,-0.00302,0.8092773839192818,-0.044428246509714726,222836880.0,,0.0
MTD,False,38.96650757487456,"data_missing:return_on_equity,data_invalid_outlier:debt_to_equity,graham_current_ratio,graham_debt_to_equity,graham_pe,graham_pe_times_pb",29877315584.0,32.268772,2329.9062,1.122,166.68447,,0.5937429449987446,0.312,693589632.0,,4.0
NJR,False,38.899083999999995,"graham_current_ratio,graham_debt_to_equity,munger_roe,munger_fcf",5262050816.0,14.483334,2.0002303,0.661,1.4677799999999999,0.14453,0.39178002,0.3765744965052301,-259436368.0,0.0379,4.0
WYNN,False,38.88822268778745,"data_missing:debt_to_equity,data_missing:return_on_equity,graham_current_ratio,graham_earnings_stability,graham_pe_times_pb",8386193920.0,19.719128,-48.97174,0.912,,,0.683,0.10949407978373421,476188864.0,0.0121,3.0
EMN,False,38.852021334129084,"graham_current_ratio,munger_roe,munger_gross_margin",7679319040.0,16.96212,1.2597288,1.498,0.88518,0.07334,0.21069469835466179,0.16043564771180227,544625024.0,0.0501,4.0
CWEN,False,38.849587464724785,"graham_current_ratio,graham_debt_to_equity,graham_pe,graham_pe_times_pb,munger_roe",7503900160.0,35.377907,1.9916862,1.207,1.76898,-0.03167,0.64422,0.11196641007697691,421750016.0,0.0605,4.0
DAL,False,38.795683166997925,"graham_current_ratio,graham_pe_times_pb,munger_gross_margin",54063190016.0,13.411093,2.4648457,0.424,0.96649,0.20125,0.187,0.09188182564232056,2817374976.0,0.0102,4.0
NSIT,False,38.6937656866785,"graham_current_ratio,graham_debt_to_equity,graham_pe,graham_pe_times_pb,munger_roe,munger_gross_margin",4669108224.0,23.603857,2.925524,1.183,1.08517,0.13112001,0.21357930832114735,0.0406106087171615,438449760.0,,4.0
ETN,False,38.69179588582242,"graham_current_ratio,graham_debt_to_equity,graham_pe,graham_pe_times_pb",170358865920.0,44.677193,8.413332,1.24,1.05059,0.19684,0.36022,0.1718092566619916,3106125056.0,0.009899999999999999,4.0
NEE,False,38.60623484848485,"graham_current_ratio,graham_debt_to_equity,graham_pe_times_pb,munger_roe,munger_fcf",161436286976.0,17.472912,2.8262377,0.534,1.61676,0.11677,0.61024,0.2297979797979798,-17766875136.0,0.0315,4.0
ALB,False,38.473994442280656,"graham_earnings_stability,graham_pe,graham_pe_times_pb,munger_roe,munger_gross_margin",13546980352.0,425.18518,1.6847668,2.086,0.18975999999999998,0.02648,0.13003183326841972,-0.0713791674582367,1334340224.0,0.013999999999999999,0.0
NI,False,38.47033102791352,"graham_current_ratio,graham_debt_to_equity,graham_pe,graham_pe_times_pb,munger_roe,munger_fcf",18738810880.0,20.784575,1.956881,0.498,1.46649,0.085489996,1.0,0.2813668976513154,-1772999936.0,0.0301,4.0
EL,False,38.44943389820802,"graham_current_ratio,graham_debt_to_equity,graham_earnings_stability,graham_pe,graham_pe_times_pb,munger_roe",35757998080.0,197.67,9.394961,1.222,2.4293199999999997,0.04745,0.7550003322479899,0.051830686424347135,1812125056.0,0.013999999999999999,1.0
BWA,False,38.356232181109384,"graham_pe,graham_pe_times_pb,munger_roe,munger_gross_margin",12439941120.0,30.08867,2.2131236,2.127,0.7011,0.08056,0.18678401788208998,0.037440625873148926,1066249984.0,0.0111,4.0
OTTR,False,38.353034393427556,"graham_pe_times_pb,munger_roe,munger_fcf",3756029952.0,18.873419,2.001208,1.707,0.67491,0.106850006,0.42191002,0.26598288756886523,-165230496.0,0.025,4.0
ROCK,False,38.27280361879072,"graham_size,graham_current_ratio,graham_debt_to_equity,graham_earnings_stability,graham_pe,munger_roe,munger_gross_margin",1217633152.0,20.30693,1.3669232,1.457,1.53722,0.06241,0.26877211028435904,0.10810294310617076,307628128.0,,0.0
WAB,False,38.21311125549759,"graham_current_ratio,graham_pe,graham_pe_times_pb,munger_roe",49529729024.0,39.518867,4.421708,1.121,0.61686,0.11553001,0.3408256469956121,0.16056237127249934,1101374976.0,0.0043,4.0
AGCO,False,38.209091005385076,"graham_current_ratio,graham_earnings_stability,graham_pe_times_pb,munger_roe,munger_gross_margin",8509555200.0,16.806362,2.0845056,1.321,0.66053,0.118269995,0.2545923427891291,0.05908549890894664,450262496.0,0.009899999999999999,1.0
KSS,False,38.20903164202078,"graham_size,graham_current_ratio,graham_debt_to_equity,graham_earnings_stability,munger_roe",1999960448.0,7.5708156,0.4782432,1.491,1.54055,0.06671,0.3445030870344553,0.040188059509241966,879500032.0,0.0274,3.0
HPE,False,38.19906228019972,"graham_current_ratio,graham_pe,graham_pe_times_pb,munger_roe",83079389184.0,32.596355,3.1348927,1.113,0.76464,0.10936,0.36622003,-0.012742010730114299,4738625024.0,0.009300000000000001,4.0
STAA,False,38.142724803196955,"graham_size,graham_earnings_stability,graham_pe,graham_pe_times_pb,munger_roe",1010401280.0,251.875,2.7640603,4.665,0.09836,0.0109399995,0.7618546453838508,-0.38302804019344977,15348500.0,,0.0
EFOR,False,38.094386250963055,"graham_size,munger_roe,munger_gross_margin",1375140096.0,17.28866,0.7599583,2.127,0.8291,0.04571,0.28868957893679026,0.057858506682745454,213500000.0,,4.0
CRSR,False,38.08408716765482,"graham_size,graham_earnings_stability,graham_pe,graham_pe_times_pb,munger_roe,munger_gross_margin",1478238208.0,44.080647,2.2233973,1.752,0.27172999999999997,0.05845,0.2892283766163208,0.0014098663479300228,77311376.0,,0.0
SLGN,False,38.06790586253735,"graham_current_ratio,graham_debt_to_equity,munger_roe,munger_gross_margin",3932956160.0,14.594118,1.6529715,1.272,2.03153,0.11748,0.17729362475062338,0.08006499882960236,313311264.0,0.022400000000000003,4.0
MLM,False,37.8834352631639,"graham_current_ratio,graham_pe,graham_pe_times_pb,munger_roe",35300896768.0,32.318596,2.5852187,1.407,0.54945,0.08894,0.3071544715447154,0.23365853658536587,593374976.0,0.0067,4.0
SAIA,False,37.78810416766037,"graham_pe,graham_pe_times_pb,munger_roe,munger_gross_margin",9257247744.0,33.65087,3.3949986,1.584,0.09872,0.10767,0.23584999,0.10889575009754858,135712256.0,,4.0
LEA,False,37.75485250373075,"graham_current_ratio,munger_roe,munger_gross_margin",8166060544.0,11.222324,1.1727699,1.314,0.66026,0.12094,0.06468006070742204,0.03341917787016695,858987520.0,0.0252,4.0
UAL,False,37.72067432403276,"graham_current_ratio,graham_debt_to_equity",36364791808.0,10.490637,2.178029,0.78,2.01641,0.23252001,0.31816,0.0797866937531742,910124992.0,,4.0
EYE,False,37.71434640732896,"data_missing:consecutive_positive_earnings_years,graham_size,graham_current_ratio,graham_pe,graham_pe_times_pb,munger_roe",1316504064.0,26.854837,1.4674776,0.592,0.77705,0.057550002,0.58637,0.029599675570368224,48656000.0,,
ALKS,False,37.69263775750621,"graham_earnings_stability,graham_pe,graham_pe_times_pb,munger_roe",7007471616.0,109.92106,3.869384,2.3,0.86952,0.03852,0.87182,0.1720686849167863,153381376.0,,3.0
KR,False,37.67678807302729,"graham_current_ratio,graham_debt_to_equity,graham_pe,graham_pe_times_pb,munger_roe,munger_gross_margin",34581921792.0,31.651352,5.97561,0.702,4.1324000000000005,0.14442,0.23900999,0.012801235420815215,2535500032.0,0.026600000000000002,4.0
ABG,False,37.66256083076044,"graham_current_ratio,graham_debt_to_equity,munger_roe,munger_gross_margin",3286726656.0,6.7211823,0.83774126,0.91,1.4096899999999999,0.13233,0.17065948108228235,0.047813767431523976,360600000.0,,4.0
WBD,False,37.65519258613716,"data_missing:trailing_pe,graham_current_ratio,graham_earnings_stability,munger_roe",77041803264.0,,2.3469791,0.777,0.94199,-0.08786,0.47811002,0.019787644787644786,16167374848.0,,1.0
BDC,False,37.63464425058144,graham_pe_times_pb,4476602368.0,18.596592,3.2248123,2.135,0.97069,0.18643999,0.3797783878426367,0.11626867177814919,99734624.0,0.0018,4.0
EPC,False,37.584156712390374,"data_missing:trailing_pe,graham_size,munger_roe",1260070912.0,,0.8629778,1.842,0.87622,-0.012949999,0.4159658196536991,0.04344501911400944,241862496.0,0.0215,4.0
ST,False,37.49950687998509,"graham_earnings_stability,graham_pe,graham_pe_times_pb,munger_roe,munger_gross_margin",6063023616.0,67.19355,2.0491884,2.291,0.8259799999999999,0.03079,0.29497,0.06411121608854096,504049504.0,0.011399999999999999,2.0
CUZ,False,37.4827999925,"graham_current_ratio,graham_pe,graham_pe_times_pb,munger_roe,munger_fcf",4670469632.0,709.25006,1.0415213,0.524,0.8420799999999999,0.0015199999,0.67779,0.6775006641068366,-25106624.0,0.0443,4.0
PLUS,False,37.46880558673705,"graham_pe_times_pb,munger_roe,munger_gross_margin",2406730240.0,19.876888,2.2243438,2.131,0.1143,0.11698,0.25222871680363423,0.068021153311561,39345124.0,0.0118,4.0
ON,False,37.46616194372414,"graham_pe,graham_pe_times_pb,munger_roe",28844615680.0,48.424835,3.9955778,3.464,0.6505500000000001,0.08312,0.33090369283117055,0.014044100477032391,1656649984.0,,4.0
CG,False,37.333785264285716,"data_missing:free_cash_flow,graham_debt_to_equity,graham_earnings_stability,graham_pe,graham_pe_times_pb,munger_roe",14313887744.0,41.84375,2.7079682,1.808,1.97617,0.077659994,0.98319,0.26855,,0.0348,2.0
TBBK,False,37.22175,"data_missing:current_ratio,data_missing:debt_to_equity,data_missing:free_cash_flow,munger_gross_margin",2035669632.0,9.381578,2.9975977,,,0.29629,0.0,0.59707,,,4.0
NE,False,37.18959323915559,"graham_pe,graham_pe_times_pb,munger_roe",7115253760.0,46.427086,1.5867987,1.915,0.42557,0.03283,0.35416,0.12647797884566686,252878256.0,0.0444,4.0
ROG,False,37.144740998654164,"graham_earnings_stability,graham_pe,graham_pe_times_pb,munger_roe",2496831744.0,82.77515,2.0785415,3.988,0.02366,0.02596,0.31672422298963987,-0.0555007400098668,99825000.0,,0.0
OGE,False,37.134412661700516,"graham_current_ratio,graham_debt_to_equity,graham_pe_times_pb,munger_roe",9221836800.0,19.598684,1.8531498,0.767,1.1730500000000001,0.09703,0.4773643495314883,0.24520720223306033,126750000.0,0.0377,4.0
RUSHA,False,37.11266487910046,"graham_current_ratio,graham_pe,graham_pe_times_pb,munger_roe,munger_gross_margin",5638078976.0,21.855204,2.415,1.452,0.6307699999999999,0.11795,0.19647910769087978,0.05296551946781057,313673632.0,0.0116,4.0
KKR,False,37.09386666666667,"data_missing:free_cash_flow,graham_current_ratio,graham_earnings_stability,graham_pe,graham_pe_times_pb,munger_roe",89976184832.0,31.1246,3.0683465,0.856,0.69812,0.0728,0.54767,0.2065,,0.0079,3.0
IOSP,False,37.063036616419254,"graham_pe_times_pb,munger_roe,munger_gross_margin",2399556608.0,19.881632,1.7861792,2.784,0.03546,0.091309994,0.2769403824521935,0.07283464566929133,32575000.0,0.018600000000000002,4.0
DDOG,False,37.032616599401294,"graham_earnings_stability,graham_pe,graham_pe_times_pb,munger_roe",90655670272.0,515.2449,20.752096,3.205,0.29259,0.04696,0.7995549081775629,-0.012947462591453327,1051412352.0,,3.0
MGEE,False,36.99587180357143,"graham_current_ratio,graham_pe_times_pb,munger_roe,munger_fcf",2680397824.0,17.429976,1.8605751,1.137,0.64863,0.110410005,0.41184,0.22672,-206614256.0,0.027999999999999997,4.0
RS,False,36.96139338658575,"graham_pe,graham_pe_times_pb,munger_roe,munger_gross_margin",19792738304.0,22.513939,2.6741483,4.297,0.26921,0.12229,0.28285,0.07084642130079823,345437504.0,0.0129,4.0
OSW,False,36.95058015467213,"graham_earnings_stability,graham_pe,graham_pe_times_pb,munger_roe,munger_gross_margin",2247181312.0,28.025314,3.8598325,2.905,0.15605,0.14321,0.13417,0.08494996363167157,48876500.0,0.0089,2.0
TKR,False,36.84226440545684,"graham_pe,graham_pe_times_pb,munger_roe,munger_gross_margin",8188190720.0,31.930893,2.5596323,3.095,0.65523,0.08538,0.28645451108590747,0.11798856344668035,349212512.0,0.0125,4.0
BWXT,False,36.77290495429781,"graham_debt_to_equity,graham_pe,graham_pe_times_pb,munger_gross_margin",13114770432.0,37.0829,9.827669,2.397,1.514,0.28289,0.22082001,0.12645567740372216,145624256.0,0.0073,4.0
WD,False,36.76999992499999,"data_missing:free_cash_flow,graham_size,graham_debt_to_equity,graham_pe,munger_roe",1266104960.0,32.933033,0.7188657,1.574,1.3645699999999998,0.023599999,1.0,0.371913357400722,,0.071,4.0
WGO,False,36.713797895585934,"graham_size,graham_pe,munger_roe,munger_gross_margin",778807936.0,20.257353,0.6293834,2.373,0.3912,0.03142,0.13047673504395682,0.02044171252948324,164224992.0,0.051,4.0
NPO,False,36.6325137699716,"graham_pe,graham_pe_times_pb,munger_roe",6419945984.0,147.94635,4.0435433,2.282,0.37073,0.0286,0.4241441785067226,0.1356918089062649,130837504.0,0.0043,4.0
APTV,False,36.56467094782314,"graham_pe,munger_roe,munger_gross_margin",9594874880.0,20.061947,1.0793183,2.018,0.6493800000000001,0.05158,0.14847696311036276,0.05804490636336896,1615874944.0,,4.0
RGEN,False,36.52272850256232,"graham_earnings_stability,graham_pe,graham_pe_times_pb,munger_roe",10339570688.0,250.97261,4.894868,9.05,0.32715000000000005,0.0199,0.53836,0.09916027075249936,113421752.0,,1.0
GLW,False,36.50758550324148,"graham_pe,graham_pe_times_pb",133325701120.0,71.47244,11.187708,1.813,0.7144799999999999,0.16813,0.35965192910614885,0.1458186704203724,734499968.0,0.006999999999999999,4.0
GNW,False,36.4900446554945,"munger_roe,munger_gross_margin",3631752960.0,19.2232,0.41529554,10.675,0.23338,0.033970002,0.06625,0.00547542735042735,673625024.0,,4.0
GNRC,False,36.48831679512601,"graham_pe,graham_pe_times_pb,munger_roe",12019511296.0,46.56751,4.172733,2.045,0.49003,0.09491,0.3829129750041992,0.06870536952023772,289056512.0,,4.0
WING,False,36.455659675306705,"data_missing:debt_to_equity,data_missing:return_on_equity,graham_pe,graham_pe_times_pb",2752178176.0,23.882978,-3.5601015,2.967,,,0.49418998,0.2572866874362312,98595000.0,0.0129,4.0
TOST,False,36.45001633687555,"data_missing:debt_to_equity,graham_earnings_stability,graham_pe,graham_pe_times_pb,munger_gross_margin",17146370048.0,37.550632,8.646168,2.4,,0.25162,0.25889809848854217,0.04745652527222493,474249984.0,,2.0
RTX,False,36.36298624005509,"graham_current_ratio,graham_pe,graham_pe_times_pb,munger_roe,munger_gross_margin",261936791552.0,34.276897,3.946193,1.011,0.5702,0.12274,0.20347,0.10496258591695541,9880000512.0,0.015300000000000001,4.0
CPT,False,36.341614552043296,"graham_current_ratio,graham_debt_to_equity,graham_pe,graham_pe_times_pb,munger_roe",9903126528.0,32.50825,2.6566336,0.352,1.25648,0.07885,0.61619,0.16104001,139679632.0,0.042699999999999995,4.0
JBGS,False,36.30833333333334,"data_missing:trailing_pe,graham_size,graham_current_ratio,graham_debt_to_equity,graham_earnings_stability,munger_roe",827909824.0,,0.5873329,1.149,1.64083,-0.10864,0.48925,-0.09608425580971358,249499744.0,0.0636,0.0
AEE,False,36.294589147695355,"data_missing:consecutive_positive_earnings_years,graham_current_ratio,graham_debt_to_equity,graham_pe_times_pb,munger_roe,munger_fcf",27687096320.0,17.607395,2.0225697,0.531,1.57846,0.11943,0.52408004,0.2302534378906694,-1786249984.0,0.029500000000000002,
NUE,False,36.275904473765884,"graham_pe_times_pb,munger_roe,munger_gross_margin",56172150784.0,19.495275,2.5406876,2.508,0.30512,0.14548999,0.15554,0.15668,683374976.0,0.0091,4.0
ASH,False,36.18589473684211,"graham_earnings_stability,graham_pe,graham_pe_times_pb,munger_roe",3192713728.0,44.69231,1.7073171,3.047,0.7893000000000001,0.0399,0.30098684210526316,-0.42489035087719296,269124992.0,0.0241,0.0
WELL,False,36.112573340064415,"graham_current_ratio,graham_pe,graham_pe_times_pb,munger_roe",165731139584.0,103.13875,3.5624025,1.317,0.41375,0.03836,0.39560002,0.16561002,2756164352.0,0.0148,4.0
AMCR,False,36.04423560811133,"graham_current_ratio,graham_debt_to_equity,graham_pe_times_pb,munger_roe,munger_gross_margin",19910916096.0,18.094536,1.6873678,1.254,1.2829400000000002,0.09396,0.19952352590827874,0.0807878839445248,1504000000.0,0.0601,4.0
CACI,False,36.00113011948335,"graham_current_ratio,graham_debt_to_equity,graham_pe,graham_pe_times_pb,munger_roe",13630368768.0,25.52856,3.054209,1.484,1.20656,0.12824,0.33203998,0.0961367314190681,610367104.0,,4.0
LUMN,False,35.931333333333335,"data_missing:trailing_pe,data_missing:debt_to_equity,data_missing:return_on_equity,graham_current_ratio,graham_earnings_stability",6370722304.0,,-4.2820635,0.964,,,0.47794,-0.06547331075632963,2116249984.0,,0.0
MHO,False,35.88878422447498,"munger_roe,munger_gross_margin",3537475328.0,11.74769,1.0941031,8.108,0.31079,0.100600004,0.20903,0.11466231576440751,86652128.0,,4.0
HRL,False,35.87319329001838,"graham_pe,graham_pe_times_pb,munger_roe,munger_gross_margin",10971242496.0,32.153225,1.398751,1.882,0.36326,0.042930003,0.15741,0.08615,621551616.0,0.0576,4.0
FA,False,35.83688593780817,"graham_debt_to_equity,graham_earnings_stability,graham_pe,graham_pe_times_pb,munger_roe",3423909888.0,132.9,2.643198,2.527,1.5774000000000001,0.01939,0.45219,0.0841393073757502,215071744.0,,0.0
NRG,False,35.78859508916079,"graham_current_ratio,graham_debt_to_equity,graham_earnings_stability,graham_pe,graham_pe_times_pb,munger_gross_margin",21172400128.0,26.366493,5.0375113,0.968,4.83357,0.23772,0.18795,0.06007228209552958,772374976.0,0.018500000000000003,2.0
BGC,False,35.7875,"data_missing:free_cash_flow,graham_debt_to_equity,graham_pe,graham_pe_times_pb",5803068928.0,30.512499,5.218042,1.509,1.56959,0.15882,0.91666,0.09044,,0.006500000000000001,4.0
ATI,False,35.74931533082903,"graham_debt_to_equity,graham_pe,graham_pe_times_pb,munger_gross_margin",25291606016.0,54.46774,13.476637,2.327,1.09699,0.25357,0.2195143218380782,0.13970876749356934,346687488.0,,4.0
ELV,False,35.7419472259429,"graham_pe_times_pb,munger_roe,munger_gross_margin",85973491712.0,17.52564,1.9152503,1.518,0.68953,0.11133,0.2599,0.03615317011927181,4306375168.0,0.0171,4.0
CIEN,False,35.70868012271349,"graham_debt_to_equity,graham_pe,graham_pe_times_pb",50674569216.0,80.1222,16.588293,3.797,1.07496,0.22396,0.42036147551518427,0.04141539156982053,633368384.0,,4.0
LSTR,False,35.674310902025674,"graham_pe,graham_pe_times_pb,munger_roe,munger_gross_margin",5727534592.0,43.60982,6.8452644,1.825,0.16625,0.14977999,0.19034,0.03195292341939727,96691872.0,0.0104,4.0
CNR,False,35.66929712231388,"graham_earnings_stability,graham_pe,graham_pe_times_pb,munger_roe,munger_gross_margin",4615179264.0,46.72362,1.2463641,1.825,0.12037,0.02675,0.16860001,-0.043714486376815076,274115744.0,0.0043,0.0
CASY,False,35.664079263663496,"graham_current_ratio,graham_pe,graham_pe_times_pb,munger_gross_margin",22146162688.0,28.876627,5.412346,1.019,0.7054699999999999,0.19983,0.23374548352445523,0.065,503306880.0,0.0044,4.0
MRK,False,35.639492081824706,"graham_current_ratio,graham_debt_to_equity,graham_pe,graham_pe_times_pb,munger_roe",364043468800.0,118.04399,8.686859,1.323,1.2840799999999999,0.06961,0.759,-0.00241,15171500032.0,0.0225,4.0
IP,False,35.57784047619048,"data_missing:trailing_pe,graham_current_ratio,graham_earnings_stability,munger_roe,munger_gross_margin",19030093824.0,,1.3163487,1.098,0.68509,-0.16479,0.29608,0.02298,1646499968.0,0.0518,0.0
CRWD,False,35.56040229897592,"graham_earnings_stability,graham_pe,graham_pe_times_pb,munger_roe",268434767872.0,8738.667,52.610878,1.57,0.15958,0.01461,0.75185996,-0.02259,1995385472.0,,0.0
EVRG,False,35.525977881044405,"graham_current_ratio,graham_debt_to_equity,graham_pe_times_pb,munger_roe,munger_fcf",18086842368.0,19.96056,1.76917,0.359,1.60554,0.092539996,0.52696997,0.25712895866881375,-1443362560.0,0.0351,4.0
CAR,False,35.51833333333334,"data_missing:trailing_pe,data_missing:debt_to_equity,data_missing:return_on_equity,graham_current_ratio,graham_earnings_stability,munger_gross_margin",3826308864.0,,-1.1285517,0.848,,,0.27385,0.1491,1093124992.0,,0.0
DE,False,35.483513411288406,"graham_debt_to_equity,graham_pe,graham_pe_times_pb,munger_gross_margin",190826037248.0,39.319168,6.8176303,2.132,2.30298,0.18242,0.25184,0.17478149895583572,4516250112.0,0.0092,4.0
LHX,False,35.43257195841359,"graham_current_ratio,graham_pe,graham_pe_times_pb,munger_roe,munger_gross_margin",44738064384.0,24.243189,2.2494686,1.184,0.52753,0.0934,0.25484,0.08994138335287222,1608999936.0,0.0208,4.0
KWR,False,35.4020780403897,"graham_earnings_stability,graham_pe,graham_pe_times_pb,munger_roe",2737315072.0,28.508064,1.9882386,2.457,0.66913,0.07175,0.3597160699214353,0.02805519756607156,129911624.0,0.013300000000000001,0.0
WOR,False,35.37835261158702,"graham_pe_times_pb,munger_gross_margin",2946889472.0,19.181719,2.9484336,2.369,0.34689,0.15777001,0.2738559261908416,0.05517225901547247,26591500.0,0.0138,4.0
SO,False,35.273137680841565,"graham_current_ratio,graham_debt_to_equity,graham_pe,graham_pe_times_pb,munger_roe,munger_fcf",96032309248.0,20.115664,2.4268854,0.787,1.8205799999999999,0.114829995,0.48289,0.24650627685852536,-3913374976.0,0.035699999999999996,4.0
FOUR,False,35.252375384307996,"graham_current_ratio,graham_debt_to_equity,graham_pe,graham_pe_times_pb,munger_roe,munger_gross_margin",2995352320.0,59.27344,4.886642,1.211,2.6232100000000003,0.064899996,0.20358318098720293,0.08397129186602871,353524992.0,,4.0
DPZ,False,35.23071097930788,"data_missing:debt_to_equity,data_missing:return_on_equity,graham_pe_times_pb",9743233024.0,16.686686,-2.4456105,1.538,,,0.3995065581051313,0.1931123802984376,531496512.0,0.0268,4.0
HP,False,35.19331035945417,"data_missing:trailing_pe,graham_earnings_stability,munger_roe",3951586048.0,,1.5351167,1.962,0.69731,-0.04639,0.31845,0.0008857417205973391,493073888.0,0.025099999999999997,0.0
MTX,False,35.131956276220805,"data_missing:trailing_pe,graham_current_ratio,graham_earnings_stability,munger_roe,munger_gross_margin",2095821696.0,,1.356616,1.429,0.61194,-0.03835,0.24992762713499952,0.022869825340152465,392837504.0,0.0070999999999999995,0.0
ITT,False,34.97512274762985,"graham_current_ratio,graham_pe,graham_pe_times_pb,munger_roe",19081977856.0,41.728878,3.9555283,1.263,0.7973,0.11569,0.35353561000380856,0.17379713088739368,307212512.0,0.0074,4.0
QDEL,False,34.95266766666667,"data_missing:trailing_pe,graham_size,graham_current_ratio,graham_debt_to_equity,graham_earnings_stability,munger_roe",725185088.0,,0.40693423,1.386,1.73277,-0.45905998,0.44858003,-0.33667863160208045,146762496.0,,0.0
DRH,False,34.94291396417217,"munger_roe,munger_gross_margin",2523205120.0,17.0625,1.6492146,5.588,0.78244,0.09911,0.29453,0.16066919155637036,76127872.0,0.035699999999999996,4.0
LAD,False,34.93296529389704,"graham_current_ratio,graham_debt_to_equity,munger_roe,munger_gross_margin",6804433920.0,10.249337,1.0636587,1.003,2.57698,0.10719,0.15233201097917093,0.04237290387379799,547649984.0,0.009000000000000001,4.0
SHO,False,34.908347093124284,"graham_pe,graham_pe_times_pb,munger_roe,munger_fcf",2059329024.0,50.340908,1.2590951,5.435,0.51842,0.027520001,0.43710998,0.25784066820067764,-112617752.0,0.0325,4.0
DY,False,34.84923797141707,"graham_debt_to_equity,graham_pe,graham_pe_times_pb,munger_gross_margin",8587729408.0,26.02651,4.1601043,2.348,1.47703,0.19197,0.20528999,0.09571,326561504.0,,4.0
CSW,False,34.82286420647937,"graham_pe,graham_pe_times_pb,munger_roe",4883076608.0,40.997948,4.550348,2.7,0.8488500000000001,0.109280005,0.41908680346109045,0.15568348407323826,72619248.0,0.004,4.0
LGIH,False,34.7709859190234,"graham_size,munger_roe,munger_gross_margin",1166957440.0,16.855705,0.5475614,33.032,0.74344,0.03159,0.19646,0.04677561588832392,208319248.0,,4.0
LH,False,34.749031781206746,"graham_pe,graham_pe_times_pb,munger_roe,munger_gross_margin",24830388224.0,26.057022,2.8778622,1.796,0.7912399999999999,0.11728,0.28759936065139013,0.09924955381781432,892049984.0,0.0092,4.0
AHR,False,34.7308250796184,"graham_current_ratio,graham_earnings_stability,graham_pe,graham_pe_times_pb,munger_roe,munger_gross_margin",11331575808.0,76.44118,2.7391052,1.314,0.41888,0.03951,0.1928,0.18368911780465044,396683008.0,0.019299999999999998,1.0
SMG,False,34.700781721964816,"data_missing:debt_to_equity,data_missing:return_on_equity,graham_current_ratio,graham_earnings_stability,graham_pe,graham_pe_times_pb",3085674496.0,20.463322,-14.779699,1.215,,,0.3059388825407987,0.10506577598077993,248500000.0,0.0501,1.0
SAFE,False,34.695607752002324,"graham_size,graham_debt_to_equity,graham_earnings_stability,munger_roe,munger_fcf",918133056.0,8.003086,0.37769103,37.645,1.76953,0.0464,0.92913,0.26169751421338755,-317175872.0,0.0526,2.0
BTSG,False,34.67579635076545,"graham_debt_to_equity,graham_earnings_stability,graham_pe,graham_pe_times_pb,munger_roe,munger_gross_margin",11125906432.0,49.324562,5.655235,1.588,1.1600700000000002,0.13036,0.11756085946361444,0.022869024157271517,1028438976.0,,1.0
LYV,False,34.61417594505865,"data_missing:trailing_pe,graham_current_ratio,graham_debt_to_equity,munger_gross_margin",39840735232.0,,479.04764,0.852,6.202140000000001,0.17677,0.25777,0.049648698171840096,1695030656.0,,4.0
HLT,False,34.59836336667055,"data_missing:debt_to_equity,data_missing:return_on_equity,graham_current_ratio,graham_pe,graham_pe_times_pb",69531557888.0,45.10073,-11.062413,0.649,,,0.79036003,0.22368967522219455,1393874944.0,0.0019,4.0
XRAY,False,34.588284145062154,"data_missing:trailing_pe,graham_size,graham_debt_to_equity,graham_earnings_stability,munger_roe",1975616768.0,,1.5060942,1.627,1.72243,-0.33031,0.5,-0.11467391304347826,141624992.0,,0.0
VECO,False,34.57989916753041,"graham_earnings_stability,graham_pe,graham_pe_times_pb,munger_roe",2780175872.0,119.68421,3.0796316,3.926,0.28931,0.02643,0.3786,0.06676,71797000.0,,2.0
NAVI,False,34.516142,"data_missing:trailing_pe,data_missing:free_cash_flow,graham_size,graham_debt_to_equity,graham_earnings_stability,munger_roe",857184192.0,,0.35746413,10.745,18.52711,-0.01975,1.0,0.33870998,,0.0676,0.0
JBTM,False,34.495038808954234,"graham_current_ratio,graham_earnings_stability,graham_pe,graham_pe_times_pb,munger_roe,munger_gross_margin",5934707712.0,30.835579,1.3219473,1.239,0.37545,0.0437,0.16034710431993962,0.049865725870149015,341062496.0,0.0034999999999999996,0.0
AAON,False,34.48341428571428,"graham_pe,graham_pe_times_pb,munger_gross_margin,munger_fcf",6802425344.0,43.421055,6.731946,3.013,0.44742,0.17284,0.25569,0.10987,-213758000.0,0.005,4.0
DXPE,False,34.39812296820658,"graham_debt_to_equity,graham_pe,graham_pe_times_pb",2951671808.0,33.5485,5.454493,2.993,1.66254,0.18469,0.315383375529728,0.08771725357264186,74078496.0,,4.0
VIAV,False,34.381355207508214,"data_missing:trailing_pe,graham_earnings_stability,munger_roe",8952083456.0,,6.186903,1.846,0.48243,-0.02728,0.5765658960679707,0.06922215635908582,158712496.0,,0.0
TXT,False,34.31714778415156,"munger_roe,munger_gross_margin",13379035136.0,14.489661,1.6425102,1.861,0.5228499999999999,0.12126,0.17628999,0.08701,452750016.0,0.001,4.0
INDV,False,34.173155755506805,"data_missing:debt_to_equity,data_missing:return_on_equity,graham_current_ratio,graham_earnings_stability,graham_pe_times_pb",4231444736.0,12.6232395,-20.334656,0.835,,,0.8022598870056498,0.21146085552865213,86500000.0,,2.0
LFST,False,34.154891852128266,"graham_current_ratio,graham_earnings_stability,graham_pe,graham_pe_times_pb,munger_roe",4542841856.0,91.92308,3.0902507,1.376,0.32098999999999994,0.03429,0.33558998,0.01695447189291469,172356128.0,,1.0
VNOM,False,34.14696591788447,"data_missing:trailing_pe,graham_earnings_stability,munger_roe",14791645184.0,,1.5652438,6.374,0.1632,0.0109,1.0,-0.1003584229390681,46000000.0,0.0601,0.0
SRE,False,34.11503809523809,"graham_pe,graham_pe_times_pb,munger_roe,munger_fcf",51687550976.0,22.911592,1.5810266,1.642,0.84663,0.06679,0.43994,0.28328,-27657750528.0,0.0325,4.0
JJSF,False,34.09940196839279,"graham_size,graham_pe,graham_pe_times_pb,munger_roe,munger_gross_margin",1461649024.0,30.32558,1.6337781,2.343,0.21512,0.05292,0.23328584651451315,0.01682324923339445,57647500.0,0.0406,4.0
GPK,False,34.09668748663388,"graham_current_ratio,graham_debt_to_equity,munger_roe,munger_gross_margin",2898216960.0,15.069231,0.8961573,1.379,1.7615100000000001,0.060100004,0.16771341463414635,0.09330393408378786,237875008.0,0.046,4.0
TLN,False,34.033667333333334,"data_missing:trailing_pe,graham_current_ratio,graham_debt_to_equity,graham_earnings_stability,munger_roe",14456690688.0,,8.943296,0.781,5.8413699999999995,-0.12825,0.42101002,-0.03487020534676482,1261750016.0,,0.0
FND,False,34.02233792996037,"graham_current_ratio,graham_pe,graham_pe_times_pb,munger_roe",5129621504.0,21.698196,2.0628667,1.333,0.80645,0.09694,0.4363513238863147,0.057656901407488505,140193248.0,,4.0
ESAB,False,34.005335945125005,"graham_pe,graham_pe_times_pb,munger_roe",4202543616.0,21.191221,1.7750236,1.962,0.9826900000000001,0.08727,0.3688027144593508,0.1449998328968129,146126368.0,0.006999999999999999,4.0
ENTG,False,33.99193649915636,"graham_pe,graham_pe_times_pb,munger_roe",23111524352.0,76.25628,5.5753546,3.049,0.85655,0.07671,0.44419070262153537,0.14262028405180505,477787488.0,0.0026,4.0
DXC,False,33.97225505415706,"graham_size,graham_current_ratio,graham_debt_to_equity,graham_earnings_stability,munger_roe,munger_gross_margin",1772744576.0,14.993243,0.58391666,1.408,1.25421,0.04025,0.22997,0.07671622904144258,877000000.0,,3.0
YUM,False,33.96817145295767,"data_missing:debt_to_equity,data_missing:return_on_equity,graham_current_ratio,graham_pe_times_pb",38331686912.0,17.690178,-5.322874,0.592,,,0.45311,0.3133674214755296,833249984.0,0.0215,4.0
AVA,False,33.95425996508583,"graham_current_ratio,graham_debt_to_equity,munger_roe,munger_fcf",2955637504.0,12.740072,1.0477096,1.1,1.19709,0.08306,0.66753995,0.18024439918533605,-235124992.0,0.0547,4.0
ETR,False,33.95418221664194,"graham_current_ratio,graham_debt_to_equity,graham_pe,graham_pe_times_pb,munger_roe,munger_fcf",47414636544.0,25.381073,2.5403814,0.912,1.8677000000000001,0.10248999,0.47000998,0.24734345144386757,-4400858112.0,0.0253,4.0
KMPR,False,33.87056666666667,"data_missing:trailing_pe,graham_size,graham_current_ratio,graham_earnings_stability,munger_roe,munger_gross_margin",1519038848.0,,0.69273144,0.817,0.63974,-0.19700001,0.254,-0.013935520407750495,220550000.0,0.0489,2.0
BJ,False,33.84675191730323,"graham_current_ratio,graham_debt_to_equity,graham_pe_times_pb,munger_gross_margin",11463058432.0,19.857767,5.22212,0.73,1.26207,0.27673,0.18244,0.03805721080879146,246668752.0,,4.0
ONTO,False,33.797903012651545,"graham_pe,graham_pe_times_pb,munger_roe",17361502208.0,106.38202,7.243701,9.726,0.76547,0.06825,0.4971534812282955,0.13223106788969652,202947248.0,,4.0
NPK,False,33.722855162440936,"graham_size,graham_pe,graham_pe_times_pb,munger_roe,munger_gross_margin",1047645952.0,24.63255,2.5473254,5.22,0.022320000000000003,0.10902,0.15952566312628594,0.07991873277142698,8961750.0,0.0066,4.0
KD,False,33.721547319047616,"graham_current_ratio,graham_debt_to_equity,graham_earnings_stability,graham_pe,graham_pe_times_pb,munger_roe,munger_gross_margin",2698768384.0,33.48649,2.5404963,0.848,4.22451,0.069299996,0.21841,0.02902,2652624896.0,,2.0
PSN,False,33.612145444026936,"graham_pe,graham_pe_times_pb,munger_roe,munger_gross_margin",4732547072.0,30.55862,1.7983685,1.662,0.59881,0.082440004,0.21959999,0.06569105997647796,213456128.0,,4.0
UGI,False,33.58419910702033,"graham_current_ratio,graham_debt_to_equity,graham_earnings_stability,munger_roe,munger_fcf",7867675136.0,12.186047,1.451179,1.439,1.34987,0.13279,0.51343,0.1519143680526966,-236250000.0,0.0407,2.0
AXON,False,33.50876918108752,"graham_pe,graham_pe_times_pb,munger_roe",36719312896.0,189.12134,9.992704,2.149,0.50363,0.06221,0.5965474093517767,-0.02233322396256066,222160000.0,,4.0
AEP,False,33.469338180386856,"graham_current_ratio,graham_debt_to_equity,graham_pe,graham_pe_times_pb,munger_roe,munger_fcf",64538308608.0,20.51038,2.011743,0.504,1.6078899999999998,0.10130999,0.46352002,0.24314317059791551,-5995950080.0,0.0316,4.0
PECO,False,33.42994322500413,"graham_pe,graham_pe_times_pb,munger_roe",5204289024.0,32.337723,1.9939961,1.567,0.91852,0.060170002,0.70998,-0.027595161620993645,160187872.0,0.037200000000000004,4.0
TNC,False,33.42150792331937,"graham_size,graham_pe,graham_pe_times_pb,munger_roe",1127981952.0,63.61539,2.114684,2.045,0.73113,0.03078,0.40240963855421685,0.05675114250103864,50687500.0,0.018600000000000002,4.0
HSIC,False,33.40867219638816,"graham_current_ratio,graham_pe,graham_pe_times_pb,munger_roe",9801398272.0,24.443182,3.0500906,1.319,0.80733,0.088549994,0.3113622572815534,0.04952973300970874,446000000.0,,4.0
FE,False,33.38351554955978,"graham_current_ratio,graham_debt_to_equity,graham_pe,graham_pe_times_pb,munger_roe,munger_fcf",25349746688.0,23.43583,1.9604993,0.541,2.00908,0.09491,0.68605006,0.1461895294897283,-2014625024.0,0.0416,4.0
CVI,False,33.329615439203835,"graham_current_ratio,graham_debt_to_equity,graham_pe,graham_pe_times_pb,munger_gross_margin",5149177344.0,75.32353,9.808502,1.418,2.4180099999999998,0.24254999,0.10905,0.02541189611840268,214500000.0,0.0077,4.0
HTO,False,33.321282934044476,"graham_debt_to_equity,graham_pe,graham_pe_times_pb,munger_roe,munger_fcf",2621910272.0,22.05634,1.4217945,1.667,1.02581,0.06463,0.56912,0.22174521290548221,-250611632.0,0.027999999999999997,4.0
GIS,False,33.30477736700881,"data_missing:trailing_pe,graham_current_ratio,graham_debt_to_equity,graham_earnings_stability,munger_roe",18974212096.0,,2.5706503,0.682,1.88879,-0.01028,0.33733,0.048077027452427736,2308499968.0,0.0688,0.0
LNT,False,33.255990813519354,"graham_current_ratio,graham_debt_to_equity,graham_pe,graham_pe_times_pb,munger_roe,munger_fcf",16503472128.0,20.2707,2.1919553,0.466,1.60951,0.11135,0.44502,0.23498395231545163,-1138625024.0,0.0331,4.0
HXL,False,33.20173811235045,"graham_pe,graham_pe_times_pb,munger_roe,munger_gross_margin",6534623232.0,44.086735,5.025298,2.427,0.73902,0.10764,0.22957917524684512,0.09060668461904008,252975008.0,0.0084,4.0
MDLZ,False,33.18869326928044,"graham_current_ratio,graham_pe,graham_pe_times_pb,munger_roe,munger_gross_margin",78469513216.0,22.068592,2.9385185,0.599,0.82643,0.13340001,0.2837532760723461,0.0920673638321613,2252375040.0,0.0341,4.0
RRX,False,33.1465733802439,"graham_earnings_stability,graham_pe,graham_pe_times_pb,munger_roe",10081342464.0,31.214434,1.4579722,2.276,0.68843,0.047670003,0.33073095813268916,0.060329243124770025,455187488.0,0.0092,2.0
WMT,False,33.09566992444757,"graham_current_ratio,graham_pe,graham_pe_times_pb,munger_gross_margin",874854154240.0,38.964664,9.307056,0.767,0.7165300000000001,0.22313999,0.24836999,0.041820733829433104,7127625216.0,0.009000000000000001,4.0
D,False,33.07885084644545,"graham_current_ratio,graham_debt_to_equity,graham_pe,graham_pe_times_pb,munger_roe,munger_fcf",53919338496.0,21.360628,1.9314744,0.809,1.60459,0.08281,0.46222,0.26741790863928266,-9181124608.0,0.042800000000000005,4.0
CLH,False,33.03316076838211,"graham_debt_to_equity,graham_pe,graham_pe_times_pb",16472788992.0,37.642944,5.6255407,2.131,1.10951,0.15562001,0.32257,0.11165481673605172,383758016.0,,4.0
LTH,False,32.97792211007227,"graham_current_ratio,graham_debt_to_equity,graham_earnings_stability,graham_pe,graham_pe_times_pb,munger_roe,munger_fcf",8614458368.0,21.065573,2.605786,0.657,1.29478,0.13445,0.48022997,0.1606851503461308,-345163264.0,,3.0
VYX,False,32.97702842610807,"graham_size,graham_current_ratio,graham_debt_to_equity,graham_earnings_stability,graham_pe,munger_roe,munger_gross_margin",1001697152.0,25.910715,1.0828359,1.072,1.15799,0.05272,0.25825,0.009676218831410495,216250000.0,,2.0
OGS,False,32.86428817723744,"graham_current_ratio,munger_roe,munger_fcf",4546394112.0,15.588363,1.2838582,0.481,0.95903,0.085760005,0.6008782612479727,0.13574721538554038,-219928128.0,0.037000000000000005,4.0
SXT,False,32.840474819846534,"graham_pe,graham_pe_times_pb,munger_roe,munger_fcf",5512467456.0,34.62433,4.3530655,4.39,0.6063000000000001,0.13071,0.34876,0.12848246801864138,-2621250.0,0.0125,4.0
WEC,False,32.7779134294548,"graham_current_ratio,graham_debt_to_equity,graham_pe_times_pb,munger_roe,munger_fcf",33052530688.0,19.696115,2.4249923,0.534,1.5798500000000002,0.11988,0.41909,0.22906909113172313,-2353637376.0,0.0371,4.0
FUN,False,32.73233333333333,"data_missing:trailing_pe,graham_size,graham_current_ratio,graham_debt_to_equity,graham_earnings_stability,munger_roe",1269745408.0,,11.070472,0.42,14.552999999999999,-1.4315801,0.38197,-0.443509298649255,483434880.0,,0.0
ABM,False,32.72665957803902,"graham_current_ratio,graham_debt_to_equity,munger_roe,munger_gross_margin",2946848768.0,18.21558,1.646094,1.421,1.05134,0.09191,0.12918,0.03563955682091037,281200000.0,0.0232,4.0
BEN,False,32.71537385271415,"graham_pe,graham_pe_times_pb,munger_roe,munger_fcf",16774158336.0,22.768965,1.4274287,5.486,0.24805,0.07887,0.37707,0.06887705656333018,-2990862592.0,0.0398,4.0
CNP,False,32.70868635017329,"graham_current_ratio,graham_debt_to_equity,graham_pe,graham_pe_times_pb,munger_roe,munger_fcf",24487925760.0,22.127977,2.089305,1.123,2.10256,0.09825,0.47027,0.22549962594848777,-5191875072.0,0.0254,4.0
BKH,False,32.58435018386483,"graham_current_ratio,graham_debt_to_equity,munger_roe,munger_fcf",5393384960.0,17.816122,1.3677677,0.523,1.11686,0.07958,0.4993103849222529,0.2326839826839827,-77750000.0,0.0392,4.0
IPGP,False,32.483771297396245,"graham_earnings_stability,graham_pe,graham_pe_times_pb,munger_roe",3337129216.0,120.96154,1.5721227,6.179,0.00764,0.01302,0.38002763562026226,0.013054692426704338,45315500.0,,1.0
PDFS,False,32.43636237309464,"graham_earnings_stability,graham_pe,graham_pe_times_pb,munger_roe,munger_fcf",2034084864.0,192.68,5.4172287,3.447,0.19210000000000002,0.03272,0.5335178804566559,0.0018651039059202324,-13259875.0,,0.0
MAR,False,32.367806342183,"data_missing:debt_to_equity,data_missing:return_on_equity,graham_current_ratio,graham_pe,graham_pe_times_pb",92137889792.0,35.981174,-20.442902,0.535,,,0.79241997,0.15813793630184067,2060375040.0,0.0084,4.0
VTRS,False,32.35631191068936,"data_missing:trailing_pe,graham_earnings_stability,munger_roe",19600703488.0,,1.3556561,1.585,0.9553499999999999,-0.02754,0.3505968573206806,-0.18623207155294794,2677337600.0,0.0279,0.0
CPK,False,32.341709686443934,"graham_current_ratio,graham_debt_to_equity,graham_pe,graham_pe_times_pb,munger_roe,munger_fcf",3132633856.0,20.725677,1.871912,0.316,1.01273,0.094689995,0.40342,0.27516129032258063,-220775008.0,0.0223,4.0
FMC,False,32.33392936109669,"data_missing:trailing_pe,graham_size,graham_debt_to_equity,graham_earnings_stability,munger_roe",1257903616.0,,0.76849514,1.987,2.6504700000000003,-0.88376,0.3700178808329007,-0.4696025840687547,165637504.0,0.030299999999999997,0.0
CWT,False,32.19479692270747,"graham_current_ratio,graham_pe,graham_pe_times_pb,munger_roe,munger_fcf",2867479040.0,20.793722,1.5864381,0.701,0.9267700000000001,0.07677,0.53286,0.17678726152984087,-258749376.0,0.028300000000000002,4.0
UVV,False,32.184298861020416,"graham_size,graham_pe,graham_pe_times_pb,munger_roe,munger_gross_margin",1074402944.0,56.776318,0.774811,2.572,0.85545,0.022769999,0.17417999,0.058386982951587445,155875008.0,0.0764,4.0
KNTK,False,32.160145039504975,"graham_current_ratio,graham_debt_to_equity,graham_pe_times_pb,munger_fcf",9009893376.0,18.618881,-3.5466897,0.682,1.3657400000000002,0.19231,0.41193,0.09347088425511607,-95451128.0,0.0613,4.0
PRVA,False,32.07443004139988,"graham_earnings_stability,graham_pe,graham_pe_times_pb,munger_roe,munger_gross_margin",2425033984.0,86.295456,3.0645683,1.616,0.01042,0.04306,0.1003,0.018609999,95646496.0,,3.0
UFPI,False,32.0694587303459,"munger_roe,munger_gross_margin",4539790848.0,18.16777,1.4945701,3.981,0.13347,0.0802,0.13773177691362642,0.04604430853485071,117891504.0,0.0173,4.0
SEI,False,32.04723090049176,"graham_debt_to_equity,graham_pe,graham_pe_times_pb,munger_roe,munger_fcf",6769638400.0,85.158226,4.685215,4.123,2.16673,0.08099,0.49943,0.21759066545591887,-806578240.0,0.0073,4.0
HASI,False,32.045964285714284,"data_missing:free_cash_flow,graham_debt_to_equity,graham_pe,graham_pe_times_pb,munger_roe",4717234688.0,56.47877,1.8396994,8.703,2.22661,0.03371,1.0,0.22208,,0.045700000000000005,4.0
OMC,False,31.961693643261974,"graham_current_ratio,graham_debt_to_equity,graham_earnings_stability,graham_pe,graham_pe_times_pb,munger_roe,munger_gross_margin",21740273664.0,206.16216,2.165938,0.924,1.07744,0.060510002,0.18959999,0.02574702262055709,4260624896.0,0.0425,0.0
ED,False,31.947189381273255,"graham_current_ratio,graham_debt_to_equity,munger_roe,munger_fcf",38012837888.0,16.933279,1.4786868,1.268,1.10113,0.08962,0.53372,0.17348386334082042,-844875008.0,0.0338,4.0
HZO,False,31.833196435685558,"graham_size,graham_current_ratio,graham_debt_to_equity,graham_earnings_stability,graham_pe,graham_pe_times_pb,munger_roe",1158118016.0,327.71878,1.2158841,1.234,1.15137,0.00497,0.3248741603472585,0.014730514340350793,183364128.0,,0.0
VTR,False,31.82187432613281,"graham_current_ratio,graham_earnings_stability,graham_pe,graham_pe_times_pb,munger_roe",44344213504.0,157.18181,3.0270667,0.295,0.8492799999999999,0.02012,0.39970002,0.14807999,1486853504.0,0.0239,2.0
PTEN,False,31.80681003164385,"data_missing:trailing_pe,graham_earnings_stability,munger_roe,munger_gross_margin",4209959936.0,,1.3644192,1.75,0.41383000000000003,-0.0277,0.23754999,-0.008459328922244616,254212992.0,0.0359,0.0
USPH,False,31.78792672094558,"graham_size,graham_current_ratio,graham_pe,graham_pe_times_pb,munger_roe,munger_gross_margin",1242463872.0,489.7647,2.7695174,1.271,0.5032099999999999,0.0651,0.19167082805157556,0.11098349530723825,41290124.0,0.022099999999999998,4.0
CNXN,False,31.773159682229767,"graham_pe,graham_pe_times_pb,munger_roe,munger_gross_margin",2240890880.0,23.489418,2.3522398,2.88,0.00792,0.104320005,0.18774023182000776,0.03455996457744611,11910875.0,0.0092,4.0
HOG,False,31.77024014409192,"munger_roe,munger_gross_margin",2677785600.0,14.294445,0.86403173,1.903,0.7404000000000001,0.06093,0.27989,0.08643413235565342,110030248.0,0.0288,4.0
PRGO,False,31.713025009208973,"data_missing:trailing_pe,graham_size,graham_debt_to_equity,graham_earnings_stability,munger_roe",1936524800.0,,0.7693792,2.324,1.38183,-0.48746,0.3513907502762691,-0.26385460017399076,437212512.0,0.08109999999999999,0.0
GME,False,31.702052487593,"data_missing:consecutive_positive_earnings_years,graham_pe_times_pb",12405679104.0,16.177631,1.8886328,8.718,0.70557,0.15786,0.3295132097302956,0.06394115540373013,85450000.0,,
ALGM,False,31.662065991704836,"graham_earnings_stability,graham_pe,graham_pe_times_pb,munger_roe",6601428480.0,505.9286,6.843478,3.703,0.31472,0.015269999,0.4628377163811544,0.020769669788427314,103498872.0,,0.0
CNXC,False,31.653066885709702,"data_missing:trailing_pe,graham_size,graham_current_ratio,graham_debt_to_equity,graham_earnings_stability,munger_roe",1861669888.0,,0.6874254,1.179,2.03764,-0.37662,0.34959200657129097,-0.09344640741169319,775551744.0,0.0472,0.0
PTCT,False,31.653,"data_missing:trailing_pe,data_missing:debt_to_equity,data_missing:return_on_equity,graham_earnings_stability,munger_fcf",5231531520.0,,-31.578085,3.394,,,0.49959,0.5009288390811572,-286804256.0,,1.0
NWE,False,31.650300939722527,"graham_current_ratio,graham_debt_to_equity,graham_pe,graham_pe_times_pb,munger_roe,munger_fcf",4232428032.0,24.837547,1.461715,0.826,1.24221,0.05935,0.55587,0.2023011885935256,-242985632.0,0.0384,4.0
GKOS,False,31.634697143686196,"data_missing:trailing_pe,graham_earnings_stability,munger_roe",9085000704.0,,13.283742,5.04,0.15766,-0.25981,0.5572282152443038,-0.39334544637613755,15456250.0,,0.0
LITE,False,31.62110226188386,"data_missing:trailing_pe,graham_earnings_stability,munger_roe",84194213888.0,,17.90781,1.678,0.35987,-2.40027,0.4166887856668879,0.1741207697412077,224700000.0,,0.0
PCAR,False,31.553777123201943,"graham_pe,graham_pe_times_pb,munger_roe,munger_gross_margin",59268694016.0,23.705263,2.9165697,5.519,0.7291,0.12755999,0.13715,0.12024,1943650048.0,0.0123,4.0
MIR,False,31.55147082433577,"graham_earnings_stability,graham_pe,graham_pe_times_pb,munger_roe",4063130880.0,181.27777,2.1738842,3.198,0.6575700000000001,0.01511,0.47395720769397015,0.05565161011454506,115362496.0,,1.0
NWL,False,31.485021548874965,"data_missing:trailing_pe,graham_current_ratio,graham_debt_to_equity,graham_earnings_stability,munger_roe",2436147968.0,,0.9927108,1.111,2.32966,-0.085939996,0.3375902276513048,0.005413659078289839,408624992.0,0.048499999999999995,0.0
ACI,False,31.472833997830097,"graham_current_ratio,graham_debt_to_equity,graham_pe,graham_pe_times_pb,munger_roe,munger_gross_margin",5784283648.0,73.81251,3.578788,0.842,9.735850000000001,0.02717,0.27180498361838346,0.008748083801737354,1753387520.0,0.056299999999999996,4.0
SARO,False,31.433795223947776,"graham_earnings_stability,graham_pe,graham_pe_times_pb,munger_roe,munger_gross_margin",7526762496.0,23.448454,2.6853602,2.135,0.93207,0.12302,0.15048,0.0908977844666065,369616000.0,,2.0
PMT,False,31.377607517857143,"data_missing:free_cash_flow,graham_size,graham_debt_to_equity,graham_earnings_stability,munger_roe",766944768.0,6.0239725,0.58461845,1.798,12.390820000000001,0.089370005,0.82927,0.10908,,0.1776,3.0
RYN,False,31.365303578344307,"graham_pe,graham_pe_times_pb,munger_roe,munger_gross_margin",6015514112.0,43.699997,1.1516471,3.562,0.36024999999999996,0.02015,0.24815,0.17200945333704862,111029624.0,0.051399999999999994,4.0
PEG,False,31.2845352475484,"graham_current_ratio,graham_debt_to_equity,graham_pe_times_pb,munger_roe",33614272512.0,16.821695,1.9385291,0.877,1.4240899999999999,0.11835,0.33333,0.24490466798159105,107750000.0,0.0388,4.0
KOP,False,31.280652781050698,"data_missing:trailing_pe,graham_size,graham_debt_to_equity,munger_roe,munger_gross_margin",873147072.0,,2.2552755,2.332,2.59302,-0.19013001,0.22362,0.08928856489118289,162850000.0,0.0078000000000000005,4.0
PPL,False,31.263754853290994,"graham_current_ratio,graham_debt_to_equity,graham_pe_times_pb,munger_roe,munger_fcf",24303433728.0,19.109467,1.6149921,0.905,1.3543399999999999,0.086330004,0.44094002,0.2354567573545676,-1938375040.0,0.0347,4.0
NX,False,31.249328562571833,"graham_size,graham_debt_to_equity,graham_earnings_stability,graham_pe,munger_roe,munger_gross_margin",929813824.0,20.29,1.2353121,2.231,1.13017,0.06201,0.26587,-0.10554400995624282,65965624.0,0.0155,0.0
ORLY,False,31.1627719963199,"data_missing:debt_to_equity,data_missing:return_on_equity,graham_current_ratio,graham_pe,graham_pe_times_pb",69813313536.0,27.396826,-38.372612,0.752,,,0.5159231316716373,0.19461329191915056,1570733824.0,,4.0
AMTM,False,31.159866210757215,"graham_earnings_stability,graham_pe,munger_roe,munger_gross_margin",4844894720.0,23.873495,1.0311184,1.523,0.7987099999999999,0.04287,0.10488,0.03334954491766831,484249984.0,,1.0
PSMT,False,31.15199623941296,"graham_current_ratio,graham_pe,graham_pe_times_pb,munger_roe,munger_gross_margin",5301220864.0,32.53409,3.7133594,1.277,0.24017,0.12314,0.17635,0.04411875765403805,58311500.0,0.008100000000000001,4.0
GSHD,False,31.143714940871973,"data_missing:debt_to_equity,data_missing:return_on_equity,graham_size,graham_pe,graham_pe_times_pb",1567298432.0,36.2438,-9.287378,1.544,,,0.49583,0.20380012263758404,36873876.0,,4.0
PSKY,False,31.109666000000004,"graham_current_ratio,graham_debt_to_equity,graham_earnings_stability,graham_pe,graham_pe_times_pb,munger_roe",11046238208.0,329.0,0.94,1.04,1.26479,-0.00896,0.33328998,-0.18036490603498442,17593124864.0,0.019799999999999998,0.0
APG,False,31.096151028012383,"data_missing:trailing_pe,graham_current_ratio,graham_debt_to_equity,munger_roe",16454503424.0,,4.503785,1.389,1.0927200000000001,0.10348,0.3143723928706864,0.07002907344204272,648625024.0,,4.0
DUK,False,31.073792774715127,"graham_current_ratio,graham_debt_to_equity,munger_roe,munger_fcf",89303195648.0,17.301361,1.6612277,0.661,1.62155,0.098570004,0.51971,0.14833876885446393,-4477374976.0,0.0373,4.0
XPO,False,31.042509928971867,"graham_current_ratio,graham_debt_to_equity,graham_pe,graham_pe_times_pb,munger_gross_margin",21364766720.0,53.82596,10.889181,1.011,2.06167,0.21587,0.17586074327210593,0.08042172367291897,473750016.0,,4.0
OC,False,30.89068310685652,"data_missing:trailing_pe,graham_current_ratio,graham_debt_to_equity,graham_earnings_stability,munger_roe,munger_gross_margin",9811522560.0,,2.599535,1.16,1.50328,-0.094510004,0.28090666138770665,0.035632980302880334,869500032.0,0.024900000000000002,0.0
BHE,False,30.76317954802057,"graham_pe,graham_pe_times_pb,munger_roe,munger_gross_margin",2968782336.0,56.60959,2.6594377,1.993,0.26142,0.047810003,0.10156187714075547,0.0285994401130003,136417248.0,0.0083,4.0
STLD,False,30.739738857196166,"graham_pe,graham_pe_times_pb,munger_gross_margin",33739431936.0,21.341795,3.5889068,3.183,0.46924,0.17568001,0.13160797401887628,0.0812026200086804,234191248.0,0.0091,4.0
ASTH,False,30.71102514346819,"graham_size,graham_current_ratio,graham_debt_to_equity,graham_pe,graham_pe_times_pb,munger_roe,munger_gross_margin",1647857152.0,40.512196,1.96976,1.229,1.6362299999999999,0.06902,0.1343047536293536,0.024679667191427158,231191248.0,,4.0
PBF,False,30.690155269941233,"graham_current_ratio,graham_earnings_stability,munger_gross_margin",8340844544.0,6.166959,1.3016093,1.33,0.38423999999999997,0.23228,0.050430004,-0.0018512015764191694,78462496.0,0.0154,0.0
NEOG,False,30.660501134818084,"data_missing:trailing_pe,graham_earnings_stability,munger_roe",2974966016.0,,1.4187642,3.822,0.38827,-0.00379,0.46932444852941174,-0.024816176470588234,69500000.0,,0.0
NWN,False,30.58986986126493,"graham_size,graham_current_ratio,graham_debt_to_equity,munger_roe,munger_fcf",1993970816.0,15.842809,1.2787496,0.772,1.73275,0.08347999,0.44977,0.21785253648507052,-268720128.0,0.0412,4.0
SYF,False,30.589499999999997,"data_missing:current_ratio,data_missing:debt_to_equity,data_missing:free_cash_flow,munger_gross_margin",23088314368.0,7.277949,1.5190631,,,0.20786,0.0,0.50219,,0.0187,4.0
CWK,False,30.567627801059196,"graham_current_ratio,graham_debt_to_equity,graham_earnings_stability,graham_pe,graham_pe_times_pb,munger_roe,munger_gross_margin",2918665216.0,42.879314,1.4424081,1.078,1.49834,0.0352,0.18128,0.04398242646915884,302500000.0,,2.0
AZO,False,30.564441282150252,"data_missing:debt_to_equity,data_missing:return_on_equity,graham_current_ratio,graham_pe_times_pb",46555516928.0,19.159977,-16.921864,0.89,,,0.5262486365892685,0.1906230501253068,903784256.0,,4.0
UTI,False,30.532547967551515,"graham_size,graham_current_ratio,graham_debt_to_equity,graham_pe,graham_pe_times_pb,munger_roe,munger_fcf",1129452288.0,33.606556,3.2805247,1.302,1.04405,0.105349995,0.55051,0.09988918354842416,-4487750.0,,4.0
RAL,False,30.523700655614867,"data_missing:trailing_pe,graham_earnings_stability,munger_roe",7779652608.0,,5.06994,1.524,0.79797,-0.53898996,0.5028518948182521,-0.5718290796597061,333950016.0,0.0029,0.0
EXC,False,30.49966764599602,"graham_current_ratio,graham_debt_to_equity,munger_roe,munger_fcf",41941639168.0,14.966911,1.4150156,1.088,1.77362,0.09711,0.42363998,0.21221864951768488,-2685125120.0,0.04019999999999999,4.0
TSN,False,30.387277571116055,"graham_current_ratio,graham_earnings_stability,graham_pe,graham_pe_times_pb,munger_roe,munger_gross_margin",18050934784.0,31.67284,0.9984433,1.433,0.44025,0.03263,0.06542862915817123,0.020168622912878163,1191250048.0,0.0394,2.0
XEL,False,30.347829364735407,"graham_current_ratio,graham_debt_to_equity,graham_pe_times_pb,munger_roe,munger_fcf",44283445248.0,19.423286,1.8400903,0.701,1.73135,0.0992,0.46825,0.17032157406604836,-7907999744.0,0.0329,4.0
AEIS,False,30.339758366148097,"graham_pe,graham_pe_times_pb",11110992896.0,49.276196,7.6209373,3.79,0.94568,0.16267,0.37658438959306206,0.0933955970647098,34187500.0,0.0015,4.0
HCA,False,30.324531353690475,"data_missing:debt_to_equity,data_missing:return_on_equity,graham_current_ratio,graham_pe_times_pb",97007222784.0,14.654324,-14.349916,0.993,,,0.42580003,0.15161,3738125056.0,0.0070999999999999995,4.0
PK,False,30.307666666666673,"data_missing:trailing_pe,graham_current_ratio,graham_debt_to_equity,graham_earnings_stability,munger_roe",3047255808.0,,0.9862505,0.297,1.35246,-0.04859,0.30923,-0.012987012987012988,1068875008.0,0.0658,0.0
KALU,False,30.294662976336795,"graham_debt_to_equity,graham_earnings_stability,graham_pe_times_pb,munger_gross_margin",2535744256.0,11.505936,2.6620212,2.495,1.13255,0.26398,0.14524001,0.05597391046546101,33025000.0,0.02,3.0
CBRE,False,30.275302307132705,"graham_current_ratio,graham_debt_to_equity,graham_pe,graham_pe_times_pb,munger_gross_margin",39431467008.0,31.160183,4.6997304,1.141,1.17789,0.15798001,0.18574,0.043230579531442666,1637624960.0,,4.0
TMP,False,30.272251499999996,"data_missing:current_ratio,data_missing:debt_to_equity,data_missing:free_cash_flow,graham_size,munger_gross_margin",1403915392.0,7.981194,1.4560833,,,0.20363002,0.0,0.45026,,0.0286,4.0
ETSY,False,30.240896338515434,"data_missing:debt_to_equity,data_missing:return_on_equity,graham_current_ratio,graham_earnings_stability,graham_pe,graham_pe_times_pb",6749629440.0,23.272152,-4.869231,1.476,,,0.7163864344073403,0.09232179909075808,169665376.0,,3.0
KNX,False,30.18031446579702,"graham_current_ratio,graham_pe,graham_pe_times_pb,munger_roe,munger_gross_margin",11031601152.0,251.03702,1.5799903,0.877,0.38409999999999994,0.00611,0.24333,0.02892516676397103,491255488.0,0.011899999999999999,4.0
HUBG,False,30.14398834500772,"graham_size,graham_current_ratio,munger_roe,munger_gross_margin",1933062528.0,18.166666,1.1360288,1.474,0.2841,0.06241,0.166558686562469,0.035549198127909305,59145876.0,0.015600000000000001,4.0
OTIS,False,30.142816707774085,"data_missing:debt_to_equity,data_missing:return_on_equity,graham_current_ratio,graham_pe_times_pb",26201470976.0,17.694088,-4.5585804,0.831,,,0.30313,0.14780680479523248,1436249984.0,0.0259,4.0
BMRN,False,30.13096282929863,"graham_pe,graham_pe_times_pb,munger_roe",11972536320.0,167.16216,1.8935218,2.387,0.66473,0.011820001,0.50968,0.12711761541238767,85157376.0,,4.0
ICUI,False,30.086736442856783,"graham_earnings_stability,graham_pe,graham_pe_times_pb,munger_roe",4130912768.0,138.81512,1.9196978,2.43,0.59817,0.014099999,0.36841885892378395,0.019194966794576343,163559632.0,,1.0
PNW,False,30.042974282873665,"graham_current_ratio,graham_debt_to_equity,munger_roe,munger_fcf",11122269184.0,17.614202,1.5809602,0.594,2.3328800000000003,0.09365,0.43352002,0.19993299548927432,-929501376.0,0.0391,4.0
PEB,False,30.02734527500173,"data_missing:trailing_pe,graham_current_ratio,graham_earnings_stability,munger_roe,munger_gross_margin",2061242240.0,,0.8523996,0.708,0.97934,-0.016339999,0.25336,0.029682611972262435,258438128.0,0.0022,0.0
BAX,False,30.017194355508124,"data_missing:trailing_pe,graham_debt_to_equity,graham_earnings_stability,munger_roe",12229540864.0,,1.9705932,1.946,1.5644900000000002,-0.14371,0.3005158306652437,-0.027392387050871575,1000374976.0,0.0017000000000000001,0.0
APO,False,30.014332666666665,"data_missing:free_cash_flow,graham_debt_to_equity,graham_earnings_stability,graham_pe,graham_pe_times_pb,munger_roe",73832660992.0,45.796703,3.6725614,1.948,1.00969,0.11412,0.36141998,0.21952,,0.0181,3.0
TFX,False,29.968426534387042,"data_missing:trailing_pe,graham_debt_to_equity,graham_earnings_stability,munger_roe",5174093312.0,,1.7813796,2.604,1.0110299999999999,-0.00701,0.562426199859187,0.05940293459218663,179542000.0,0.0109,0.0
TTWO,False,29.910397023533562,"data_missing:trailing_pe,graham_current_ratio,graham_earnings_stability,munger_roe",38896607232.0,,10.985108,1.062,0.81607,-0.09039,0.5723363980530016,-0.01565410732528093,1256137472.0,,0.0
ENSG,False,29.88412414182584,"graham_current_ratio,graham_pe,graham_pe_times_pb,munger_gross_margin",10268198912.0,27.614418,4.16925,1.211,0.92027,0.16973,0.16566,0.08408844801566519,280635360.0,0.0015,4.0
ESI,False,29.856559045256997,"graham_pe,graham_pe_times_pb,munger_roe",8681316352.0,48.14189,3.0865536,2.907,0.74976,0.06539,0.41960645970523675,0.1341329570398244,50812500.0,0.0091,4.0
MXL,False,29.83595301233098,"data_missing:trailing_pe,graham_earnings_stability,munger_roe",7602356736.0,,15.679947,1.776,0.30566,-0.21324,0.568414659963519,-0.27134062240051665,14404875.0,,0.0
STWD,False,29.81175377970183,"data_missing:free_cash_flow,graham_debt_to_equity,graham_pe,munger_roe",5603490816.0,25.008476,0.84145993,12.868,3.3111900000000003,0.03689,0.86453,0.16438342152637608,,0.1272,4.0
SR,False,29.804565031582325,"graham_current_ratio,graham_debt_to_equity,munger_roe,munger_fcf",4549617152.0,17.256725,1.2696723,0.37,2.02612,0.081099994,0.43965998,0.21155709901469877,-319812512.0,0.042,4.0
FBP,False,29.6205,"data_missing:current_ratio,data_missing:debt_to_equity,data_missing:free_cash_flow,munger_gross_margin",4106013184.0,11.348102,2.0632913,,,0.19494,0.0,0.49097002,,0.0297,4.0
COHR,False,29.617667921149284,"graham_earnings_stability,graham_pe,graham_pe_times_pb,munger_roe,munger_fcf",59064958976.0,73.02905,5.414901,2.427,0.31611999999999996,0.07981,0.37495998,0.02041787816014995,-649981632.0,,2.0
ALGT,False,29.590596472839692,"graham_current_ratio,graham_debt_to_equity,graham_earnings_stability,graham_pe,graham_pe_times_pb,munger_roe,munger_gross_margin",2146833920.0,67.69828,1.2004524,0.832,1.6047,0.018339999,0.22812,0.014258919449592742,194582624.0,,0.0
OPLN,False,29.5686738755344,"data_missing:trailing_pe,graham_current_ratio,graham_debt_to_equity,graham_earnings_stability,munger_roe",4197372160.0,,2.6903214,1.168,1.5736400000000001,0.11147001,0.45846,0.10162832773326441,26375000.0,,2.0
ACM,False,29.56603385587838,"graham_current_ratio,graham_debt_to_equity,graham_pe,graham_pe_times_pb,munger_gross_margin",7998482944.0,21.883804,3.6468725,1.057,1.3888,0.16605,0.0753867098002667,0.06360260481936937,379882112.0,0.0199,4.0
BE,False,29.51888752477732,"graham_debt_to_equity,graham_earnings_stability,graham_pe,graham_pe_times_pb,munger_gross_margin",80862486528.0,361.25,49.963604,4.087,1.71578,0.22213,0.2902182516351333,0.035969474217808946,531637504.0,,0.0
CVS,False,29.372978886903113,"graham_current_ratio,graham_pe,graham_pe_times_pb,munger_roe,munger_gross_margin",109735657472.0,22.638523,1.3757716,0.866,0.95503,0.06205,0.15447598844068275,0.011590108116308973,8076000256.0,0.0305,4.0
HPQ,False,29.32746007345881,"data_missing:debt_to_equity,data_missing:return_on_equity,graham_current_ratio,graham_pe_times_pb,munger_gross_margin",29209010176.0,12.362596,-317.549,0.788,,,0.20602224432588842,0.057401211682792296,3389874944.0,0.0375,4.0
PKG,False,29.315228189217528,"graham_pe,graham_pe_times_pb,munger_roe,munger_gross_margin",21490507776.0,31.36541,4.581893,2.941,0.94474,0.14887,0.21020546649906,0.12314640739545904,432950016.0,0.0252,4.0
BC,False,29.30036419398122,"data_missing:trailing_pe,graham_current_ratio,graham_debt_to_equity,graham_earnings_stability,munger_roe,munger_gross_margin",4328143872.0,,2.5800533,1.447,1.3648099999999999,-0.048270002,0.2790109258194365,-0.00758931901245618,366062496.0,0.0264,0.0
OKE,False,29.208338874805424,"graham_current_ratio,graham_debt_to_equity,graham_pe_times_pb,munger_gross_margin",57297891328.0,16.00176,2.49787,0.737,1.4306999999999999,0.16277,0.17273696440641567,0.17071575128609237,899875008.0,0.0475,4.0
GPC,False,29.20301904234115,"graham_current_ratio,graham_debt_to_equity,graham_pe,graham_pe_times_pb,munger_roe",17962436608.0,521.18,3.9686575,1.159,1.4641499999999998,0.0070700003,0.3679278239578939,0.08498922117053008,917241984.0,0.032799999999999996,4.0
USFD,False,29.194542789708173,"graham_current_ratio,graham_debt_to_equity,graham_pe,graham_pe_times_pb,munger_gross_margin",20486518784.0,29.13846,4.7869377,1.137,1.26315,0.16350001,0.17410714285714285,0.030412946428571428,805124992.0,,4.0
UNM,False,29.1323548145362,"graham_pe,graham_pe_times_pb,munger_roe,munger_gross_margin,munger_fcf",15013816320.0,22.00464,1.3889256,17.258,0.36878,0.06351,0.29304,0.11976544567251124,-2231912448.0,0.0216,4.0
ITGR,False,29.099473067210536,"graham_pe,graham_pe_times_pb,munger_roe,munger_gross_margin",4295869440.0,34.61918,2.4990606,3.733,0.79391,0.075040005,0.2699482153193964,0.1193674921249414,107673376.0,,4.0
CCS,False,29.054876767789946,"graham_size,munger_roe,munger_gross_margin",1776663424.0,13.733362,0.6924513,4.76,0.6606799999999999,0.052210003,0.17865999,0.0722738425646595,78148624.0,0.0196,4.0
BALL,False,29.049987106762877,"graham_current_ratio,graham_debt_to_equity,graham_pe_times_pb,munger_gross_margin",15775106048.0,16.928572,2.7285287,1.069,1.31495,0.17151,0.1863,0.09232,379875008.0,0.013300000000000001,4.0
CMS,False,28.97462648408702,"graham_current_ratio,graham_debt_to_equity,graham_pe_times_pb,munger_roe,munger_fcf",19522174976.0,19.03464,2.075165,0.936,1.8560400000000001,0.09158,0.40315,0.2022485068509193,-2198874880.0,0.0355,4.0
COHU,False,28.93276196153221,"data_missing:trailing_pe,graham_earnings_stability,munger_roe",3051671808.0,,3.9399216,5.742,0.42764,-0.04836,0.43951,0.00621,66293124.0,,0.0
THO,False,28.922840903990988,"graham_pe,munger_roe,munger_gross_margin",3718040576.0,21.31213,0.86917967,1.768,0.20375,0.04086,0.12620854493765446,0.02189,130421376.0,0.0282,4.0
PWR,False,28.866617868218196,"graham_current_ratio,graham_pe,graham_pe_times_pb,munger_gross_margin",95816851456.0,72.919914,9.937009,1.098,0.6778,0.15337,0.1501097782044521,0.05658448543184993,1955491328.0,0.0007000000000000001,4.0
RES,False,28.83773260083539,"graham_size,graham_pe,graham_pe_times_pb,munger_roe,munger_gross_margin,munger_fcf",1291152000.0,52.954544,1.1446255,3.341,0.046790000000000005,0.02076,0.23256999,0.12203915735282582,-5273000.0,0.027999999999999997,4.0
IDA,False,28.753076874206627,"graham_current_ratio,graham_debt_to_equity,graham_pe,graham_pe_times_pb,munger_roe,munger_fcf",7444849664.0,21.344942,1.9134482,0.986,1.05976,0.094390005,0.38970003,0.20262259498148796,-1221291392.0,0.027000000000000003,4.0
UNFI,False,28.747595140264632,"graham_current_ratio,graham_debt_to_equity,graham_earnings_stability,graham_pe,graham_pe_times_pb,munger_roe,munger_gross_margin",2667824640.0,33.25564,1.680088,1.287,1.87115,0.0529,0.13469440164355417,0.006773240883410375,426875008.0,,1.0
UA,False,28.739768114938506,"data_missing:trailing_pe,graham_size,graham_earnings_stability,munger_roe",1960875392.0,,1.3729323,1.81,0.96356,-0.29825002,0.4548307919063622,-0.0328433040631286,102217624.0,,0.0
UTL,False,28.714183984968017,"graham_size,graham_current_ratio,graham_debt_to_equity,munger_roe,munger_fcf",930435136.0,16.248407,1.5002353,0.491,1.4958799999999999,0.096219994,0.40218,0.18880597014925374,-65891876.0,0.0368,4.0
SDGR,False,28.654238492353514,"data_missing:trailing_pe,graham_earnings_stability,munger_roe,munger_fcf",2142433280.0,,6.344705,2.706,0.32832,-0.16174999,0.5573711547706053,-0.6522712794437778,-29163124.0,,0.0
PZZA,False,28.648578163563677,"data_missing:debt_to_equity,data_missing:return_on_equity,graham_size,graham_current_ratio,graham_pe,graham_pe_times_pb,munger_gross_margin",661396736.0,25.1125,-1.4597108,0.829,,,0.20365,0.043405712705374605,58907876.0,0.0747,4.0
XYZ,False,28.621902898895822,"graham_earnings_stability,graham_pe,graham_pe_times_pb,munger_roe,munger_fcf",45089669120.0,134.01787,2.0450706,2.209,0.3258,0.01612,0.428208016117265,0.07061372177191873,-27105876.0,,3.0
VIR,False,28.575899999999997,"data_missing:trailing_pe,graham_size,graham_earnings_stability,munger_roe,munger_gross_margin,munger_fcf",1867298048.0,,2.1890497,6.042,0.09494,-0.26081,-0.59389997,0.5155771424256884,-38885876.0,,0.0
UAA,False,28.487803395186955,"data_missing:trailing_pe,graham_size,graham_earnings_stability,munger_roe",1999534592.0,,1.4000001,1.81,0.96356,-0.29825002,0.4548307919063622,-0.0328433040631286,102217624.0,,0.0
PCG,False,28.425199006158874,"graham_current_ratio,graham_debt_to_equity,munger_roe,munger_fcf",37214339072.0,8.917267,0.84457624,1.216,1.8944999999999999,0.09318,0.39823002,0.1904551834770403,-6150125056.0,0.0155,4.0
JPM,False,28.341749999999998,"data_missing:current_ratio,data_missing:debt_to_equity,data_missing:free_cash_flow,graham_pe_times_pb,munger_gross_margin",898094792704.0,14.487992,2.5401669,,,0.17789,0.0,0.50394,,0.0194,4.0
POWI,False,28.316034250597227,"data_missing:debt_to_equity,graham_pe,graham_pe_times_pb,munger_roe",2855684096.0,116.159096,4.1893444,7.069,,0.03622,0.5448631804899167,0.02298513654893755,73703504.0,0.0167,4.0
CMC,False,28.270269997838902,"munger_roe,munger_gross_margin",7170669568.0,12.253308,1.5832927,2.326,0.7998099999999999,0.13791999,0.18565,0.09476,134061248.0,0.0123,4.0
TEX,False,28.24195058581904,"graham_pe,graham_pe_times_pb,munger_roe,munger_gross_margin",6707124224.0,28.076557,1.3535084,1.818,0.54558,0.042090002,0.19387566869581258,0.0876222099243682,216000000.0,0.0116,4.0
PFBC,False,28.182750000000002,"data_missing:current_ratio,data_missing:debt_to_equity,data_missing:free_cash_flow,graham_size,munger_gross_margin",1252874368.0,9.878505,1.5788609,,,0.17577,0.0,0.67442,,0.0301,4.0
SMCI,False,28.153625032313812,"graham_pe_times_pb,munger_gross_margin,munger_fcf",26783776768.0,12.585106,2.6526363,3.872,0.63951,0.21465999,0.10821604097086886,0.07092340305442439,-8248783872.0,,4.0
GVA,False,28.094249740229888,"data_missing:trailing_pe,graham_current_ratio,graham_debt_to_equity,munger_roe,munger_gross_margin",5027347456.0,,6.5790696,1.013,2.1512000000000002,-0.14548,0.1607493390597867,0.06383856355886329,959048128.0,0.0045000000000000005,4.0
ACA,False,28.09093754094965,"graham_pe,graham_pe_times_pb,munger_roe,munger_gross_margin",7202004480.0,32.6637,2.4137592,3.119,0.50578,0.080299996,0.22445723798293682,0.11857529305680793,60250000.0,0.0014000000000000002,4.0
SFBS,False,28.001249249999997,"data_missing:current_ratio,data_missing:debt_to_equity,data_missing:free_cash_flow,graham_pe_times_pb,munger_gross_margin",4537818624.0,14.212328,2.2942119,,,0.17334999,0.0,0.70001,,0.0182,4.0
CAG,False,27.97286436912022,"data_missing:trailing_pe,graham_current_ratio,graham_debt_to_equity,graham_earnings_stability,munger_roe,munger_gross_margin",7077171712.0,,1.1131576,0.904,1.17577,-0.25064,0.23918593107360658,-0.14434122819458234,859000000.0,0.08289999999999999,0.0
GEO,False,27.969706376294518,"graham_debt_to_equity,graham_pe_times_pb,munger_gross_margin,munger_fcf",4058489856.0,14.544811,2.6399827,1.653,1.06105,0.20127001,0.26042998,0.09784731350242766,-3632500.0,,4.0
DAR,False,27.958784788759445,"graham_pe_times_pb,munger_roe,munger_gross_margin",9564434432.0,16.743095,1.8232958,1.565,0.78609,0.12126,0.24013812532422016,0.04456412669289166,219643008.0,,4.0
NTRS,False,27.7995,"data_missing:current_ratio,data_missing:debt_to_equity,data_missing:free_cash_flow,graham_pe_times_pb,munger_gross_margin",31896487936.0,15.469387,2.5483086,,,0.17066,0.0,0.42496,,0.0189,4.0
KGS,False,27.73497537140855,"graham_current_ratio,graham_debt_to_equity,graham_pe,graham_pe_times_pb,munger_roe",5411593216.0,62.97059,2.5,1.447,1.30257,0.04587,0.37235192225602404,0.25992661111535814,16089375.0,0.0358,4.0
CRBG,False,27.690948944158034,"graham_current_ratio,graham_debt_to_equity,graham_earnings_stability,graham_pe,graham_pe_times_pb,munger_roe,munger_gross_margin",15234275328.0,21.907051,1.4996928,1.223,1.27231,0.07139,0.21102,0.111140005,642249984.0,0.0296,0.0
SWX,False,27.68402844935003,"graham_current_ratio,graham_earnings_stability,graham_pe,graham_pe_times_pb,munger_roe,munger_fcf",5947804672.0,21.380209,1.4417421,1.116,0.8508199999999999,0.06832,0.54035,0.05391544159594492,-390807360.0,0.030899999999999997,3.0
PLXS,False,27.677433241599825,"graham_current_ratio,graham_pe,graham_pe_times_pb,munger_roe,munger_gross_margin",6994044416.0,38.762188,4.5792766,1.488,0.20079,0.1258,0.10079777513621488,0.050179198138541214,20809250.0,,4.0
ADNT,False,27.615982802327714,"graham_size,graham_current_ratio,graham_debt_to_equity,graham_earnings_stability,graham_pe,munger_roe,munger_gross_margin",1388515712.0,32.745453,0.8030857,1.097,1.26868,0.05791,0.06611627106983144,0.024939999,354500000.0,,0.0
RITM,False,27.596964435714288,"data_missing:free_cash_flow,graham_current_ratio,graham_debt_to_equity,munger_roe",5276946432.0,15.749999,0.7665477,1.069,3.8764299999999996,0.055910002,0.95561,0.07942,,0.10369999999999999,4.0
AX,False,27.579749999999997,"data_missing:current_ratio,data_missing:debt_to_equity,data_missing:free_cash_flow,munger_gross_margin",5029189632.0,10.628897,1.5882784,,,0.16773,0.0,0.45029998,,,4.0
DAN,False,27.579185714285714,"data_missing:trailing_pe,graham_current_ratio,graham_earnings_stability,munger_roe,munger_gross_margin",3224611072.0,,1.6794599,1.487,0.75794,-0.01627,0.09462,0.018533333333333332,631249984.0,0.0159,1.0
CHCO,False,27.566249999999997,"data_missing:current_ratio,data_missing:debt_to_equity,data_missing:free_cash_flow,graham_size,graham_pe_times_pb,munger_gross_margin",1968569728.0,15.351588,2.434686,,,0.16755,0.0,0.5191,,0.024900000000000002,4.0
DKS,False,27.557941414568234,"graham_current_ratio,graham_debt_to_equity,graham_pe_times_pb,munger_fcf",13101076480.0,14.692818,2.070023,1.485,1.39077,0.18475,0.3292025847046085,0.06365967823634108,-823246016.0,0.0373,4.0
WS,False,27.444571068036478,"graham_size,graham_current_ratio,graham_pe,graham_pe_times_pb,munger_roe,munger_gross_margin",1779055872.0,193.99998,1.6394366,1.456,0.28054,-0.01048,0.11710900749172426,-0.00040652767291944944,90725000.0,0.0183,4.0
AORT,False,27.43931068343445,"data_missing:trailing_pe,graham_size,graham_earnings_stability,munger_roe",1130564096.0,,2.5339417,3.473,0.9155800000000001,-0.0073100002,0.6440237464029185,0.07646205787052772,13096750.0,,1.0
EWBC,False,27.43275,"data_missing:current_ratio,data_missing:debt_to_equity,data_missing:free_cash_flow,munger_gross_margin",17203208192.0,12.06148,1.8606167,,,0.16577,0.0,0.65281,,0.0255,4.0
CEG,False,27.377252034891825,"graham_current_ratio,graham_earnings_stability,graham_pe,graham_pe_times_pb,munger_gross_margin,munger_fcf",93147414528.0,25.59883,2.9211435,1.455,0.7641899999999999,0.15055001,0.22107,0.12086319664747582,-6625124864.0,0.006500000000000001,3.0
POR,False,27.33123509779482,"graham_current_ratio,graham_debt_to_equity,graham_pe,munger_roe,munger_fcf",5506394624.0,20.716814,1.3145407,0.977,1.3616300000000001,0.06445,0.47537997,0.1552013422818792,-415750016.0,0.04650000000000001,4.0
ZION,False,27.303,"data_missing:current_ratio,data_missing:debt_to_equity,data_missing:free_cash_flow,munger_gross_margin",9269497856.0,8.0904455,1.2171563,,,0.16404,0.0,0.52116,,0.0302,4.0
LEN,False,27.285493690331307,"data_missing:free_cash_flow,munger_roe,munger_gross_margin",19776286720.0,14.63369,0.91469735,11.392,0.27736,0.05962,0.16014999,0.15484141610773053,,0.0241,4.0
MRTN,False,27.20396151541641,"graham_size,graham_pe,graham_pe_times_pb,munger_roe,munger_gross_margin,munger_fcf",1079832192.0,88.23333,1.4109807,2.503,0.00047,0.01646,0.22690001,0.07964081647082738,-5991125.0,0.018000000000000002,4.0
AVTR,False,27.203758969178377,"data_missing:trailing_pe,graham_earnings_stability,munger_roe",10077746176.0,,1.7902198,1.782,0.6567799999999999,-0.09701,0.32651628460669696,-0.03757516559323586,450337504.0,,0.0
TTMI,False,27.194379849005795,"graham_earnings_stability,graham_pe,graham_pe_times_pb,munger_roe,munger_gross_margin,munger_fcf",13278171136.0,56.774773,6.863802,1.78,0.5703,0.13260001,0.20702497466749473,0.09107108756875044,-19442376.0,,2.0
KRMN,False,27.191482692016365,"graham_debt_to_equity,graham_earnings_stability,graham_pe,graham_pe_times_pb,munger_roe,munger_fcf",4381564928.0,122.44444,10.406044,3.555,2.0785400000000003,0.09503,0.40302439024390246,0.15470201484623541,-57195876.0,,3.0
ORA,False,27.146079284585163,"graham_current_ratio,graham_debt_to_equity,graham_pe,graham_pe_times_pb,munger_roe,munger_fcf",5879415296.0,46.63659,2.2634296,1.046,1.24336,0.04778,0.37598694226205287,0.25735922821427926,-318099008.0,0.0049,4.0
OFG,False,27.06075,"data_missing:current_ratio,data_missing:debt_to_equity,data_missing:free_cash_flow,munger_gross_margin",2194001920.0,10.340637,1.559046,,,0.16081,0.0,0.43318,,0.026099999999999998,4.0
CHEF,False,27.055542532919723,"graham_debt_to_equity,graham_pe,graham_pe_times_pb,munger_gross_margin",4425967104.0,52.66505,6.825846,2.148,1.4602899999999999,0.15252,0.24197639399287196,0.03496920258814417,107143504.0,,4.0
PENG,False,26.943558189889178,"graham_earnings_stability,graham_pe,graham_pe_times_pb,munger_gross_margin,munger_fcf",2759931904.0,38.748203,6.2854476,1.544,0.77496,0.16194999,0.2880448044044612,0.04247169406061102,-107568000.0,,1.0
SOLS,False,26.942629910714288,"graham_current_ratio,graham_debt_to_equity,graham_pe,graham_pe_times_pb,munger_roe,munger_fcf",9317192704.0,44.435604,5.8743114,1.459,1.52771,0.112629995,0.30622998,0.19338,-27375000.0,0.0051,4.0
SBRA,False,26.89020420365213,"graham_earnings_stability,graham_pe,graham_pe_times_pb,munger_roe",5040280064.0,75.88461,1.8322809,3.574,0.95672,0.02388,0.50268,-0.12527001,155119744.0,0.060599999999999994,3.0
LOW,False,26.834952083340013,"data_missing:debt_to_equity,data_missing:return_on_equity,graham_current_ratio,graham_pe_times_pb",108510650368.0,16.362522,-14.588897,1.105,,,0.334758825301903,0.11766682891778504,4615374848.0,0.0255,4.0
CE,False,26.817546800782345,"data_missing:trailing_pe,graham_current_ratio,graham_debt_to_equity,graham_earnings_stability,munger_roe,munger_gross_margin",5418853376.0,,1.3004029,1.447,2.70205,-0.2225,0.20452640402347025,-0.08235540653813915,949875008.0,0.0025,0.0
CNC,False,26.769369721442132,"data_missing:trailing_pe,graham_current_ratio,graham_earnings_stability,munger_roe,munger_gross_margin",30721548288.0,,1.3616359,1.145,0.7108199999999999,-0.20358999,0.07295009164326384,-0.03913706443779296,9639624704.0,,0.0
FBRT,False,26.75567857142857,"data_missing:free_cash_flow,graham_size,graham_debt_to_equity,munger_roe",625331968.0,17.511627,0.50995535,8.697,2.70288,0.04119,0.99637,0.08555,,0.1032,4.0
ARCB,False,26.7096464615554,"graham_current_ratio,graham_pe,graham_pe_times_pb,munger_roe,munger_gross_margin",2958872320.0,186.45071,2.3337977,0.968,0.3627,0.01269,0.080970004,0.02252006030685075,148348992.0,0.0036,4.0
CFR,False,26.6235,"data_missing:current_ratio,data_missing:debt_to_equity,data_missing:free_cash_flow,graham_pe_times_pb,munger_gross_margin",9652327424.0,14.665722,2.1558855,,,0.15498,0.0,0.37236,,0.0264,4.0
GM,False,26.43916374302871,"graham_current_ratio,graham_debt_to_equity,graham_pe,graham_pe_times_pb,munger_roe,munger_gross_margin",76154814464.0,37.589283,1.191015,1.136,2.02341,0.03164,0.10177,0.015722709559558748,21933750272.0,0.0086,4.0
FTRE,False,26.433666666666667,"data_missing:trailing_pe,graham_size,graham_current_ratio,graham_debt_to_equity,graham_earnings_stability,munger_roe,munger_gross_margin",1889637120.0,,3.6048622,0.958,2.13239,-0.15303999,0.19301,-0.3204083131379893,278862496.0,,0.0
SW,False,26.428635076520813,"graham_current_ratio,graham_pe,graham_pe_times_pb,munger_roe,munger_gross_margin",24628973568.0,48.91146,1.3637024,1.447,0.78427,0.02715,0.1938163507489015,0.0551332627730203,1215000064.0,0.038900000000000004,4.0
PII,False,26.379101416853096,"data_missing:trailing_pe,graham_current_ratio,graham_debt_to_equity,graham_earnings_stability,munger_roe,munger_gross_margin",3022146304.0,,3.6126795,1.2,2.4489900000000002,-0.25571,0.19137304250559284,-0.04875559284116331,277100000.0,0.0504,0.0
SNDR,False,26.269517154470005,"graham_pe,graham_pe_times_pb,munger_roe,munger_gross_margin",5677118976.0,50.601562,1.8556612,2.033,0.12947,0.036760002,0.16025,0.029765786088151842,87137504.0,0.0123,4.0
LKFN,False,26.247749999999996,"data_missing:current_ratio,data_missing:debt_to_equity,data_missing:free_cash_flow,graham_size,munger_roe,munger_gross_margin",1464375296.0,13.511467,1.893786,,,0.14997,0.0,0.51455003,,0.0351,4.0
JEF,False,26.199499999999997,"data_missing:free_cash_flow,graham_debt_to_equity,munger_roe",9606204416.0,13.192738,0.90909094,1.937,3.64763,0.08266,0.82672,-0.4363169496947191,,0.0338,4.0
ACHC,False,26.187911723043634,"data_missing:trailing_pe,graham_debt_to_equity,graham_earnings_stability,munger_roe,munger_fcf",2624031232.0,,1.294077,1.572,1.1805700000000001,-0.41445,0.41057,0.29171905131546255,-104957000.0,,0.0
MAN,False,26.184054061191553,"graham_current_ratio,graham_earnings_stability,graham_pe,graham_pe_times_pb,munger_roe,munger_gross_margin",2702903552.0,26.18018,1.2832571,1.043,0.67414,0.050809998,0.166931185993284,0.008358810721107529,125012496.0,0.025,0.0
H,False,26.11836089031619,"graham_current_ratio,graham_debt_to_equity,graham_earnings_stability,graham_pe,graham_pe_times_pb,munger_roe",14980813824.0,198.7125,4.533581,0.62,1.24421,0.02157,0.43444002,0.16749,170250000.0,0.0038,0.0
EIG,False,26.10387724627416,"graham_size,graham_current_ratio,graham_pe,graham_pe_times_pb,munger_roe,munger_gross_margin",857434560.0,60.43038,0.99805576,1.115,0.14974,0.00772,0.01242,0.16349001,18350000.0,0.0282,4.0
ADM,False,26.06435992799403,"graham_current_ratio,graham_pe,graham_pe_times_pb,munger_roe,munger_gross_margin",39371030528.0,22.319672,1.670313,1.389,0.39134,0.07642,0.06270166564925438,0.04008,1164625024.0,0.0253,4.0
GT,False,26.02699966666667,"data_missing:trailing_pe,graham_size,graham_current_ratio,graham_debt_to_equity,graham_earnings_stability,munger_roe,munger_gross_margin",1530181888.0,,0.538555,1.087,2.7367500000000002,-0.61530995,0.18080999,-0.009649999,497124992.0,,0.0
CBSH,False,26.020500749999997,"data_missing:current_ratio,data_missing:debt_to_equity,data_missing:free_cash_flow,munger_roe,munger_gross_margin",7977697280.0,13.835821,1.8398942,,,0.14694001,0.0,0.45125,,0.0197,4.0
MFP,False,25.996223809523812,"data_missing:return_on_equity,data_missing:free_cash_flow,graham_earnings_stability,graham_pe,graham_pe_times_pb",2032204416.0,124.80555,2.5861971,1.837,0.32921999999999996,,0.35282,0.09739,,,3.0
FFIN,False,25.806,"data_missing:current_ratio,data_missing:debt_to_equity,data_missing:free_cash_flow,graham_pe_times_pb,munger_roe,munger_gross_margin",4619197952.0,17.235294,2.2980392,,,0.14408,0.0,0.55958,,0.027200000000000002,4.0
WRBY,False,25.766982712781044,"graham_earnings_stability,graham_pe,graham_pe_times_pb,munger_roe",2836804864.0,382.50003,7.4951015,2.268,0.6402800000000001,0.020550001,0.5397136155888543,-0.006119932790843039,9525750.0,,1.0
CUBI,False,25.74375,"data_missing:current_ratio,data_missing:debt_to_equity,data_missing:free_cash_flow,munger_roe,munger_gross_margin",2609123072.0,9.349879,1.1825143,,,0.14325,0.0,0.46019,,,4.0
CPF,False,25.6845,"data_missing:current_ratio,data_missing:debt_to_equity,data_missing:free_cash_flow,graham_size,munger_roe,munger_gross_margin",943772096.0,11.862459,1.5862472,,,0.14246,0.0,0.36801997,,0.0326,4.0
CC,False,25.661481962481965,"data_missing:trailing_pe,data_missing:debt_to_equity,graham_earnings_stability,munger_roe,munger_gross_margin",2218355200.0,,-45.21472,1.663,,-3.19372,0.1553030303030303,0.01131,303124992.0,0.023399999999999997,0.0
NEO,False,25.616261740620388,"data_missing:trailing_pe,graham_earnings_stability,munger_roe",2419334912.0,,3.025073,3.603,0.57064,-0.06327,0.43917,-0.048449997,43904752.0,,0.0
AIR,False,25.608259940476184,"graham_pe,graham_pe_times_pb,munger_roe,munger_gross_margin,munger_fcf",4800061440.0,24.23374,2.755298,2.841,0.59397,0.12876001,0.18802999,0.08384,-50362500.0,,4.0
BNY,False,25.593,"data_missing:current_ratio,data_missing:debt_to_equity,data_missing:free_cash_flow,graham_pe_times_pb,munger_roe,munger_gross_margin",102009700352.0,17.983852,2.555975,,,0.14124,0.0,0.40046,,0.0148,4.0
FOXF,False,25.57020302866474,"data_missing:trailing_pe,graham_size,graham_debt_to_equity,graham_earnings_stability,munger_roe",788081280.0,,1.1814744,3.105,1.02,-0.3675,0.3020790951673151,-0.3563862304158395,48863876.0,,0.0
GXO,False,25.493676332545583,"graham_current_ratio,graham_debt_to_equity,graham_pe,graham_pe_times_pb,munger_roe,munger_gross_margin",5245099008.0,40.473454,1.7572813,0.789,2.02482,0.04502,0.15255,0.018591592047351647,340624992.0,,4.0
BCC,False,25.3997211728487,"graham_pe,graham_pe_times_pb,munger_roe,munger_gross_margin",2748740608.0,26.705084,1.3584164,2.71,0.27115,0.0506,0.16511999,0.028624604678359835,43333376.0,0.0113,4.0
SYNA,False,25.355881179323,"data_missing:trailing_pe,graham_current_ratio,graham_earnings_stability,munger_roe",3897794816.0,,4.1269174,1.122,0.9433,-0.42229998,0.4472101570330772,-0.05604744403608419,149650000.0,,0.0
IRM,False,25.296888783835975,"data_missing:debt_to_equity,data_missing:return_on_equity,graham_current_ratio,graham_pe,graham_pe_times_pb,munger_fcf",34670469120.0,81.44056,-27.064838,0.726,,,0.5421,0.16862740495617262,-436093504.0,0.029300000000000003,4.0
CLSK,False,25.258994607115635,"data_missing:trailing_pe,graham_debt_to_equity,graham_earnings_stability,munger_roe,munger_gross_margin",3808597248.0,,5.0016866,5.912,2.34725,-0.68622,0.21147823631395532,0.4162118922530451,48898124.0,,1.0
BANF,False,25.250999999999994,"data_missing:current_ratio,data_missing:debt_to_equity,data_missing:free_cash_flow,munger_roe,munger_gross_margin",3619437056.0,14.543185,1.8500746,,,0.13668,0.0,0.50523,,0.0181,4.0
MDU,False,25.181037908947644,"graham_current_ratio,munger_roe,munger_fcf",3856756992.0,19.505318,1.3176428,0.992,0.8805,0.068909995,0.3475,0.15486228218100057,-478334112.0,0.0304,4.0
GPI,False,25.133523959970205,"graham_current_ratio,graham_debt_to_equity,munger_roe,munger_gross_margin",2994803456.0,10.388544,1.0038003,1.02,1.95668,0.0949,0.16045969678442631,0.03251902850509937,135050000.0,0.0087,4.0
CARR,False,25.097647647514144,"graham_current_ratio,graham_pe,graham_pe_times_pb,munger_roe,munger_gross_margin",46213492736.0,39.74286,3.491685,1.02,0.91998,0.08966,0.24691999,0.09987584494413022,861750016.0,0.0174,4.0
ARWR,False,25.08148620700583,"data_missing:trailing_pe,graham_debt_to_equity,graham_earnings_stability,munger_roe,munger_fcf",9412066304.0,,20.260763,5.899,2.95984,-0.55207,1.0,0.1185680114968027,-48628124.0,,0.0
HNI,False,24.93598036640283,"data_missing:trailing_pe,graham_current_ratio,munger_roe",3410228992.0,,1.8891199,1.362,0.9107599999999999,0.00329,0.4142655864741106,0.044381824586121874,104212496.0,0.029300000000000003,4.0
HUM,False,24.903797960629532,"graham_pe,graham_pe_times_pb,munger_roe,munger_gross_margin",45088952320.0,36.174374,2.3467977,1.742,0.76485,0.06893,0.13653,0.02085389930898322,1940999936.0,0.0095,4.0
MRCY,False,24.874622860666918,"data_missing:trailing_pe,graham_earnings_stability,munger_roe,munger_gross_margin",4985336320.0,,3.2600996,2.963,0.33582,-0.01998,0.2858465955417833,0.0002846621974701664,107115000.0,,0.0
DCH,False,24.8479775345984,"data_missing:trailing_pe,graham_size,graham_current_ratio,graham_debt_to_equity,graham_earnings_stability,munger_roe,munger_gross_margin",1341277952.0,,0.8879975,1.398,3.43042,-0.15042,0.12070176640910103,0.019240324155772953,540849984.0,,0.0
OI,False,24.77218656050383,"data_missing:trailing_pe,graham_size,graham_current_ratio,graham_debt_to_equity,graham_earnings_stability,munger_roe,munger_gross_margin",927336512.0,,2.420778,1.261,9.25046,-1.18344,0.17258014316837847,0.005818404532230899,69625000.0,,0.0
WAL,False,24.764249999999997,"data_missing:current_ratio,data_missing:debt_to_equity,data_missing:free_cash_flow,munger_roe,munger_gross_margin",8386583552.0,8.676073,1.0977821,,,0.13019,0.0,0.39363998,,0.0216,4.0
BOH,False,24.76275,"data_missing:current_ratio,data_missing:debt_to_equity,data_missing:free_cash_flow,munger_roe,munger_gross_margin",2786776064.0,13.378787,1.8203839,,,0.13017,0.0,0.44022,,0.0392,4.0
TXNM,False,24.6931259511522,"graham_current_ratio,graham_debt_to_equity,graham_pe,graham_pe_times_pb,munger_roe,munger_fcf",6453920256.0,32.02459,1.8308914,0.557,1.65512,0.06252,0.33819702784346933,0.2037208060930751,-529223744.0,0.0288,4.0
IBOC,False,24.69,"data_missing:current_ratio,data_missing:debt_to_equity,data_missing:free_cash_flow,munger_roe,munger_gross_margin",4324175872.0,10.471386,1.281045,,,0.1292,0.0,0.60488,,0.0209,4.0
CASH,False,24.677142857142854,"data_missing:current_ratio,data_missing:debt_to_equity,data_missing:free_cash_flow,graham_size,munger_gross_margin",1536501632.0,9.257196,1.8275145,,,0.21176,0.0,0.20522,,0.0027,4.0
REZI,False,24.675143163046805,"graham_debt_to_equity,graham_earnings_stability,munger_gross_margin,munger_fcf",2860045312.0,7.357422,1.13062,2.223,1.2990700000000002,0.15196,0.29389721627408993,0.08123661670235546,-1902749952.0,,0.0
LPX,False,24.638732935921784,"graham_pe,graham_pe_times_pb,munger_roe,munger_gross_margin,munger_fcf",4783460352.0,85.512505,2.7458458,3.221,0.21617,0.03098,0.21750369276218612,0.07717872968980798,-96000000.0,0.0176,4.0
BRKR,False,24.617165802917,"data_missing:trailing_pe,graham_earnings_stability,munger_roe",9203264512.0,,3.8644361,1.847,0.76164,-0.029979998,0.45910082933216934,0.01984577331587371,179937504.0,0.0033,0.0
TRUP,False,24.5440079646734,"graham_size,graham_earnings_stability,graham_pe,graham_pe_times_pb,munger_roe,munger_gross_margin",1009728128.0,43.42453,2.4646604,1.774,0.26096,0.06068,0.16910110018336388,0.009613667707678358,11546000.0,,1.0
TSLA,False,24.526704992133517,"graham_pe,graham_pe_times_pb,munger_roe,munger_gross_margin",1501262512128.0,348.72473,17.281654,1.941,0.18373,0.046669997,0.18026511436616155,0.04592573845001951,4835999744.0,,4.0
UNIT,False,24.511760167929335,"data_missing:return_on_equity,graham_current_ratio,graham_debt_to_equity,graham_earnings_stability,munger_fcf",2224575744.0,2.3867188,6.9589977,1.222,68.69969,,0.5846,0.11725218169612889,-258078000.0,,2.0
USB,False,24.46725,"data_missing:current_ratio,data_missing:debt_to_equity,data_missing:free_cash_flow,munger_roe,munger_gross_margin",91745853440.0,11.753492,1.5133252,,,0.12623,0.0,0.39646998,,0.0363,4.0
PNC,False,24.46725,"data_missing:current_ratio,data_missing:debt_to_equity,data_missing:free_cash_flow,munger_roe,munger_gross_margin",90111401984.0,12.718186,1.5522561,,,0.12623,0.0,0.38689,,0.0351,4.0
PRK,False,24.43875,"data_missing:current_ratio,data_missing:debt_to_equity,data_missing:free_cash_flow,graham_pe_times_pb,munger_roe,munger_gross_margin",3272503296.0,16.189455,1.8953756,,,0.12585,0.0,0.46613997,,0.0242,4.0
WFC,False,24.43125,"data_missing:current_ratio,data_missing:debt_to_equity,data_missing:free_cash_flow,munger_roe,munger_gross_margin",249071697920.0,12.460665,1.5483888,,,0.12575,0.0,0.37387002,,0.0241,4.0
NSP,False,24.403992953611276,"data_missing:trailing_pe,graham_size,graham_current_ratio,graham_debt_to_equity,graham_earnings_stability,munger_roe,munger_gross_margin",1871950208.0,,30.688791,1.113,7.836069999999999,-0.18496999,0.13211978860833823,-0.001467997651203758,195124992.0,0.0478,0.0
WABC,False,24.3645,"data_missing:current_ratio,data_missing:debt_to_equity,data_missing:free_cash_flow,graham_size,munger_roe,munger_gross_margin",1370029056.0,13.086092,1.5982745,,,0.12486,0.0,0.60288,,0.0325,4.0
NOG,False,24.255847685706357,"data_missing:trailing_pe,graham_current_ratio,graham_debt_to_equity,munger_roe,munger_fcf",2477799936.0,,1.2363762,0.796,1.36559,-0.22049999,0.75398004,0.09930311266648167,-459628992.0,0.0789,4.0
UMBF,False,24.231749999999998,"data_missing:current_ratio,data_missing:debt_to_equity,data_missing:free_cash_flow,munger_roe,munger_gross_margin",10183000064.0,11.145054,1.3522849,,,0.12309,0.0,0.51058,,0.0149,4.0
WTFC,False,24.156,"data_missing:current_ratio,data_missing:debt_to_equity,data_missing:free_cash_flow,munger_roe,munger_gross_margin",9771096064.0,11.642283,1.3759786,,,0.12208,0.0,0.46085998,,0.0152,4.0
PATK,False,24.099694286002897,"graham_debt_to_equity,graham_pe_times_pb,munger_roe,munger_gross_margin",2219693312.0,16.454763,1.9628505,2.668,1.46006,0.12953,0.23105858018165054,0.0698569621691755,32754876.0,0.0265,4.0
STT,False,24.033321428571426,"data_missing:current_ratio,data_missing:debt_to_equity,data_missing:free_cash_flow,graham_pe_times_pb,munger_roe,munger_gross_margin",49718272000.0,15.960318,2.0801535,,,0.12437,0.0,0.34313,,0.0204,4.0
WSFS,False,23.925749999999997,"data_missing:current_ratio,data_missing:debt_to_equity,data_missing:free_cash_flow,munger_roe,munger_gross_margin",3931677440.0,12.911913,1.4729922,,,0.11901,0.0,0.41717,,0.0104,4.0
RF,False,23.900249549999998,"data_missing:current_ratio,data_missing:debt_to_equity,data_missing:free_cash_flow,munger_roe,munger_gross_margin",23551592448.0,11.237805,1.3493264,,,0.118669994,0.0,0.39314997,,0.0392,4.0
BJRI,False,23.89235637503453,"graham_size,graham_current_ratio,graham_debt_to_equity,graham_pe,graham_pe_times_pb,munger_roe,munger_gross_margin",1306315392.0,32.31842,3.2724898,0.289,1.09378,0.104399994,0.15534,0.03309923480801586,49461376.0,,4.0
DTE,False,23.871329837543016,"graham_current_ratio,graham_debt_to_equity,graham_pe_times_pb,munger_roe,munger_gross_margin,munger_fcf",25504313344.0,19.393196,2.099291,0.802,2.2906,0.1103,0.29347,0.13571825176489252,-2596624896.0,0.037200000000000004,4.0
AMR,False,23.85013279458825,"data_missing:trailing_pe,graham_earnings_stability,munger_roe,munger_gross_margin",2331676416.0,,1.5564696,3.405,0.0076100000000000004,-0.0296,0.10018,-0.028817350330902224,52462248.0,,0.0
MBIN,False,23.799749999999996,"data_missing:current_ratio,data_missing:debt_to_equity,data_missing:free_cash_flow,munger_roe,munger_gross_margin",2373023232.0,10.373494,1.2879902,,,0.11733,0.0,0.61074,,0.0084,4.0
CATY,False,23.77950045,"data_missing:current_ratio,data_missing:debt_to_equity,data_missing:free_cash_flow,munger_roe,munger_gross_margin",4050195968.0,11.880626,1.3316225,,,0.117060006,0.0,0.62619996,,0.025,4.0
CBU,False,23.6475,"data_missing:current_ratio,data_missing:debt_to_equity,data_missing:free_cash_flow,munger_roe,munger_gross_margin",3215884032.0,14.180974,1.5509934,,,0.1153,0.0,0.39207,,0.0311,4.0
MOH,False,23.634954044145136,"graham_pe,graham_pe_times_pb,munger_roe,munger_gross_margin",9802116096.0,1251.8666,2.3410463,1.679,0.94773,-0.0016,0.12763218864233125,0.01719279707656408,700249984.0,,4.0
FHN,False,23.58975,"data_missing:current_ratio,data_missing:debt_to_equity,data_missing:free_cash_flow,munger_roe,munger_gross_margin",10975047680.0,11.13702,1.2937005,,,0.11453,0.0,0.41284,,0.0291,4.0
NBTB,False,23.568,"data_missing:current_ratio,data_missing:debt_to_equity,data_missing:free_cash_flow,munger_roe,munger_gross_margin",2631257344.0,12.321167,1.3534678,,,0.11424,0.0,0.41447,,0.0315,4.0
BROS,False,23.566897878106555,"graham_current_ratio,graham_debt_to_equity,graham_earnings_stability,graham_pe,graham_pe_times_pb,munger_roe,munger_gross_margin",6826428928.0,54.05555,6.727744,1.35,1.23827,0.14562,0.25097,0.09839093763181718,1719625.0,,3.0
OZK,False,23.4967503,"data_missing:current_ratio,data_missing:debt_to_equity,data_missing:free_cash_flow,munger_roe,munger_gross_margin",5083333632.0,7.8090453,0.8559311,,,0.113290004,0.0,0.55609,,0.039599999999999996,4.0
AMKR,False,23.477603399147824,"graham_pe,graham_pe_times_pb,munger_roe,munger_gross_margin,munger_fcf",13228955648.0,23.932735,2.8459446,2.171,0.57054,0.12514,0.13992272786699902,0.06967595763911674,-378785984.0,0.0060999999999999995,4.0
KTOS,False,23.44791193159058,"graham_earnings_stability,graham_pe,graham_pe_times_pb,munger_roe,munger_gross_margin,munger_fcf",8792811520.0,275.82352,2.566362,5.541,0.0565,0.011469999,0.22861597861597863,0.019008019008019007,-118287504.0,,2.0
SHEN,False,23.43785,"data_missing:trailing_pe,graham_size,graham_current_ratio,graham_earnings_stability,munger_roe,munger_fcf",684030592.0,,0.79545456,0.852,0.77081,-0.03941,0.64852995,-0.06493430281623232,-236001120.0,0.0089,0.0
MTRN,False,23.40223914013476,"graham_pe,graham_pe_times_pb,munger_roe,munger_gross_margin",5308224512.0,59.53037,5.335581,2.941,0.51424,0.09458999,0.17274971313425316,0.06145699812487756,13363875.0,0.0023,4.0
BAC,False,23.399250375,"data_missing:current_ratio,data_missing:debt_to_equity,data_missing:free_cash_flow,munger_roe,munger_gross_margin",391454064640.0,12.928407,1.4229069,,,0.111990005,0.0,0.38305,,0.022799999999999997,4.0
PFS,False,23.354999999999997,"data_missing:current_ratio,data_missing:debt_to_equity,data_missing:free_cash_flow,munger_roe,munger_gross_margin",2946912000.0,9.414625,1.0137333,,,0.1114,0.0,0.5227,,0.0424,4.0
TRMK,False,23.339250449999998,"data_missing:current_ratio,data_missing:debt_to_equity,data_missing:free_cash_flow,munger_roe,munger_gross_margin",2669504512.0,11.697201,1.2486418,,,0.111190006,0.0,0.36776,,0.0218,4.0
HOMB,False,23.329499999999996,"data_missing:current_ratio,data_missing:debt_to_equity,data_missing:free_cash_flow,munger_roe,munger_gross_margin",5812442112.0,12.006198,1.2808024,,,0.11106,0.0,0.57611,,0.029500000000000002,4.0
FULT,False,23.32575,"data_missing:current_ratio,data_missing:debt_to_equity,data_missing:free_cash_flow,munger_roe,munger_gross_margin",4384352768.0,11.040866,1.2136024,,,0.11101,0.0,0.42348,,0.033,4.0
FBK,False,23.31,"data_missing:current_ratio,data_missing:debt_to_equity,data_missing:free_cash_flow,munger_roe,munger_gross_margin",2638345728.0,13.965609,1.3623577,,,0.1108,0.0,0.45556,,0.0158,4.0
COLB,False,23.270999999999997,"data_missing:current_ratio,data_missing:debt_to_equity,data_missing:free_cash_flow,munger_roe,munger_gross_margin",8239873024.0,11.700803,1.0910759,,,0.11028,0.0,0.50923,,0.0504,4.0
XHR,False,23.270717110503718,"data_missing:trailing_pe,graham_size,graham_debt_to_equity,munger_roe,munger_gross_margin",1765375104.0,,1.4831283,2.198,1.18285,-0.0063300002,0.26128998,0.09970607324988409,72648248.0,0.0313,4.0
FCF,False,23.1802497,"data_missing:current_ratio,data_missing:debt_to_equity,data_missing:free_cash_flow,munger_roe,munger_gross_margin",2097921152.0,12.658537,1.332392,,,0.109069996,0.0,0.45363998,,0.027000000000000003,4.0
PFGC,False,23.179196505956032,"graham_debt_to_equity,graham_pe,graham_pe_times_pb,munger_roe,munger_gross_margin",14306160640.0,39.772926,2.9019308,1.514,1.58849,0.076680005,0.13012559662654158,0.01438714181124751,713825024.0,,4.0
BANR,False,23.086499999999997,"data_missing:current_ratio,data_missing:debt_to_equity,data_missing:free_cash_flow,munger_roe,munger_gross_margin",2329665536.0,11.311882,1.1652615,,,0.10782,0.0,0.37702,,0.0296,4.0
MTB,False,23.0565,"data_missing:current_ratio,data_missing:debt_to_equity,data_missing:free_cash_flow,munger_roe,munger_gross_margin",32040337408.0,11.709217,1.2558656,,,0.10742,0.0,0.45108002,,0.0269,4.0
PAG,False,23.021836940861892,"graham_current_ratio,graham_debt_to_equity,graham_pe_times_pb,munger_gross_margin",13811856384.0,15.275599,2.375089,0.975,1.6064699999999998,0.15842,0.1640127638838675,0.04026282283037553,218100000.0,0.0274,4.0
ONB,False,22.9559997,"data_missing:current_ratio,data_missing:debt_to_equity,data_missing:free_cash_flow,munger_roe,munger_gross_margin",9550859264.0,11.04646,1.1432431,,,0.106079996,0.0,0.52542,,0.0232,4.0
SSB,False,22.948499549999994,"data_missing:current_ratio,data_missing:debt_to_equity,data_missing:free_cash_flow,munger_roe,munger_gross_margin",9923889152.0,10.829101,1.0867395,,,0.105979994,0.0,0.50514,,0.0258,4.0
MP,False,22.898366666666664,"data_missing:trailing_pe,graham_earnings_stability,munger_roe,munger_fcf",8739444736.0,,4.4637494,9.51,0.41402,-0.03585,0.42326,-0.6655379364732825,-432948864.0,,0.0
VTOL,False,22.839297003829174,"graham_size,graham_earnings_stability,munger_roe,munger_gross_margin,munger_fcf",1258302976.0,12.198276,1.1551963,2.26,0.89036,0.10082,0.27201,0.10654459675601403,-34314624.0,0.011699999999999999,2.0
AAL,False,22.83179734018763,"data_missing:trailing_pe,data_missing:debt_to_equity,data_missing:return_on_equity,graham_current_ratio,munger_gross_margin",8890454016.0,,-2.2380104,0.534,,,0.21239,0.026851902696172644,519249984.0,,4.0
HII,False,22.8269924986764,"graham_current_ratio,graham_pe_times_pb,munger_roe,munger_gross_margin,munger_fcf",10698743808.0,16.16131,2.0140498,1.23,0.55252,0.12968001,0.124,0.05262736302467158,-300249984.0,0.0204,4.0
VVX,False,22.81464050152306,"graham_current_ratio,graham_earnings_stability,graham_pe,graham_pe_times_pb,munger_roe,munger_gross_margin",2312660480.0,26.927008,2.0385718,1.318,0.97529,0.08349,0.08473,0.04336347147055449,106377504.0,,2.0
SNX,False,22.742849513793814,"graham_current_ratio,graham_pe,graham_pe_times_pb,munger_roe,munger_gross_margin",23240810496.0,20.835842,2.576499,1.199,0.5795,0.13141,0.06989466930726371,0.022635775473912288,304888992.0,0.0068000000000000005,4.0
FHB,False,22.741499249999997,"data_missing:current_ratio,data_missing:debt_to_equity,data_missing:free_cash_flow,munger_roe,munger_gross_margin",3037774848.0,10.854348,1.0749192,,,0.10321999,0.0,0.43712002,,0.041299999999999996,4.0
WKC,False,22.73216827978746,"data_missing:trailing_pe,graham_size,graham_current_ratio,graham_earnings_stability,munger_roe,munger_gross_margin",1848619520.0,,1.6293958,1.058,0.58819,-0.12264,0.025674086996093897,-0.015296641619217372,116087504.0,0.025699999999999997,0.0
FLEX,False,22.715536959217268,"graham_current_ratio,graham_debt_to_equity,graham_pe,graham_pe_times_pb,munger_gross_margin",41535672320.0,42.270676,7.551377,1.38,1.07818,0.18378,0.09196102314250913,0.04900766640395501,625750016.0,,4.0
FFBC,False,22.714499999999997,"data_missing:current_ratio,data_missing:debt_to_equity,data_missing:free_cash_flow,munger_roe,munger_gross_margin",3294058496.0,11.090106,1.1026208,,,0.10286,0.0,0.39804,,0.0322,4.0
UCB,False,22.703249999999997,"data_missing:current_ratio,data_missing:debt_to_equity,data_missing:free_cash_flow,munger_roe,munger_gross_margin",4083892224.0,11.068627,1.1091826,,,0.10271,0.0,0.50902003,,0.0304,4.0
CALM,False,22.674116753971994,"data_missing:debt_to_equity,munger_roe,munger_gross_margin",3328035328.0,10.74736,1.2715479,7.695,,0.122200005,0.23081522664952164,0.12027138044917764,8796500.0,0.06559999999999999,4.0
TCBI,False,22.641,"data_missing:current_ratio,data_missing:debt_to_equity,data_missing:free_cash_flow,munger_roe,munger_gross_margin",4118327040.0,12.318596,1.2512714,,,0.10188,0.0,0.36721,,0.0085,4.0
KEY,False,22.623214285714287,"data_missing:current_ratio,data_missing:debt_to_equity,data_missing:free_cash_flow,graham_earnings_stability,munger_roe,munger_gross_margin",21764087808.0,11.926901,1.263944,,,0.1033,0.0,0.3471,,0.04,1.0
WCC,False,22.572288412581504,"graham_debt_to_equity,graham_pe,graham_pe_times_pb,munger_roe,munger_gross_margin",17978038272.0,25.027817,3.5675535,2.091,1.2865,0.14308,0.21395001,0.05244376012828093,177050000.0,0.0055000000000000005,4.0
OLN,False,22.498792107687816,"data_missing:trailing_pe,graham_size,graham_current_ratio,graham_debt_to_equity,graham_earnings_stability,munger_roe,munger_gross_margin",1932573056.0,,1.1292042,1.418,1.99059,-0.10585,0.07395882491741387,0.0007816186880604058,311800000.0,0.047599999999999996,0.0
STBA,False,22.404,"data_missing:current_ratio,data_missing:debt_to_equity,data_missing:free_cash_flow,graham_size,munger_roe,munger_gross_margin",1737530752.0,13.103724,1.2376909,,,0.09872,0.0,0.44693002,,0.0301,4.0
ROAD,False,22.38612007410073,"graham_debt_to_equity,graham_pe,graham_pe_times_pb,munger_gross_margin",5308063232.0,36.67647,5.074882,1.566,1.81754,0.15048,0.1561299494089653,0.07993689276890976,52442000.0,,4.0
AGNT,False,22.329954327508556,"data_missing:trailing_pe,data_missing:debt_to_equity,graham_size,graham_earnings_stability,munger_roe,munger_gross_margin",592387712.0,,2.1445568,1.515,,-0.06887,0.06989862982525658,-0.0044980304091665445,98850248.0,0.0521,0.0
AUB,False,22.31925,"data_missing:current_ratio,data_missing:debt_to_equity,data_missing:free_cash_flow,munger_roe,munger_gross_margin",5509798912.0,11.247814,1.0625172,,,0.09759,0.0,0.56057,,0.0383,4.0
HWC,False,22.278000374999998,"data_missing:current_ratio,data_missing:debt_to_equity,data_missing:free_cash_flow,munger_roe,munger_gross_margin",5857887232.0,14.317647,1.3221793,,,0.097040005,0.0,0.4386,,0.027200000000000002,4.0
ASB,False,22.271249625,"data_missing:current_ratio,data_missing:debt_to_equity,data_missing:free_cash_flow,munger_roe,munger_gross_margin",5454894080.0,10.106644,0.989389,,,0.096949995,0.0,0.41342998,,0.0331,4.0
TRST,False,22.23675,"data_missing:current_ratio,data_missing:debt_to_equity,data_missing:free_cash_flow,graham_size,munger_roe,munger_gross_margin",949807296.0,15.494445,1.4478909,,,0.09649,0.0,0.46668997,,0.0286,4.0
HGV,False,22.22595238095238,"graham_debt_to_equity,graham_pe,graham_pe_times_pb,munger_roe,munger_gross_margin,munger_fcf",2792628480.0,20.414774,2.543717,4.814,6.2408600000000005,0.11456,0.24617,0.12666,-127000000.0,,4.0
CAVA,False,22.21556975360766,"graham_earnings_stability,graham_pe,graham_pe_times_pb,munger_roe,munger_gross_margin,munger_fcf",6205913600.0,94.875,7.3771176,2.483,0.61899,0.083229996,0.24749005077535338,0.046865039536681634,-721500.0,,3.0
FIBK,False,22.212749249999998,"data_missing:current_ratio,data_missing:debt_to_equity,data_missing:free_cash_flow,munger_roe,munger_gross_margin",3470993664.0,11.275541,1.0473342,,,0.09616999,0.0,0.43242002,,0.051500000000000004,4.0
ARMK,False,22.132342140056725,"graham_current_ratio,graham_debt_to_equity,graham_pe,graham_pe_times_pb,munger_roe,munger_gross_margin",14685233152.0,38.954548,4.325594,1.285,1.8672399999999998,0.11694,0.15292,0.04422,374142496.0,0.0085,4.0
UBSI,False,22.1055,"data_missing:current_ratio,data_missing:debt_to_equity,data_missing:free_cash_flow,munger_roe,munger_gross_margin",6316313088.0,12.635149,1.1496751,,,0.09474,0.0,0.53079,,0.0327,4.0
EBC,False,22.0815,"data_missing:current_ratio,data_missing:debt_to_equity,data_missing:free_cash_flow,munger_roe,munger_gross_margin",4875293696.0,11.918994,1.0871891,,,0.09442,0.0,0.50124,,0.0262,4.0
ABCB,False,22.048499999999997,"data_missing:current_ratio,data_missing:debt_to_equity,data_missing:free_cash_flow,munger_roe,munger_gross_margin",5532321280.0,14.907776,1.3478738,,,0.09398,0.0,0.50194,,0.0097,4.0
AOSL,False,21.914317913879795,"data_missing:trailing_pe,graham_size,graham_earnings_stability,munger_roe,munger_gross_margin,munger_fcf",840450816.0,,1.0531205,3.438,0.035070000000000004,-0.05217,0.2232110374163938,-0.06362245130919819,-29679500.0,,0.0
BKU,False,21.89099925,"data_missing:current_ratio,data_missing:debt_to_equity,data_missing:free_cash_flow,munger_roe,munger_gross_margin",3110007040.0,11.994533,1.0506834,,,0.09187999,0.0,0.37060001,,0.0302,4.0
TRIP,False,21.813099644934653,"data_missing:trailing_pe,graham_size,graham_debt_to_equity,munger_roe,munger_fcf",951072640.0,,1.4214398,1.561,1.34928,-0.00233,0.63966,0.04230565838180857,-101500000.0,,4.0
TFC,False,21.794249999999998,"data_missing:current_ratio,data_missing:debt_to_equity,data_missing:free_cash_flow,graham_earnings_stability,munger_roe,munger_gross_margin",58106650624.0,10.934483,0.9901536,,,0.09059,0.0,0.39815,,0.0433,2.0
FNB,False,21.78,"data_missing:current_ratio,data_missing:debt_to_equity,data_missing:free_cash_flow,munger_roe,munger_gross_margin",6234707968.0,10.615151,0.90549546,,,0.0904,0.0,0.44671002,,0.029500000000000002,4.0
SAH,False,21.754265732235247,"graham_size,graham_current_ratio,graham_debt_to_equity,munger_gross_margin,munger_fcf",1982248064.0,9.9840765,1.9323821,1.012,4.55519,0.20631,0.15724976243268926,0.024251662971175165,-116075000.0,0.025099999999999997,4.0
HBAN,False,21.7515,"data_missing:current_ratio,data_missing:debt_to_equity,data_missing:free_cash_flow,munger_roe,munger_gross_margin",31447756800.0,11.973077,1.0573331,,,0.09002,0.0,0.41932,,0.0395,4.0
SBSI,False,21.746249625,"data_missing:current_ratio,data_missing:debt_to_equity,data_missing:free_cash_flow,graham_size,munger_roe,munger_gross_margin",921410496.0,12.145098,1.0459304,,,0.089949995,0.0,0.47232,,0.0475,4.0
WSBC,False,21.734999249999998,"data_missing:current_ratio,data_missing:debt_to_equity,data_missing:free_cash_flow,munger_roe,munger_gross_margin",3677990656.0,11.083815,0.946236,,,0.08979999,0.0,0.48699,,0.0395,4.0
CAH,False,21.72188459411958,"data_missing:debt_to_equity,data_missing:return_on_equity,graham_current_ratio,graham_pe,graham_pe_times_pb,munger_gross_margin",51584475136.0,31.331926,-18.004526,0.883,,,0.038442780277524305,0.010277366980271232,4752500224.0,0.009300000000000001,4.0
VLY,False,21.71475,"data_missing:current_ratio,data_missing:debt_to_equity,data_missing:free_cash_flow,munger_roe,munger_gross_margin",7192157696.0,11.029662,0.95180637,,,0.08953,0.0,0.46787998,,0.0335,4.0
NIC,False,21.68024925,"data_missing:current_ratio,data_missing:debt_to_equity,data_missing:free_cash_flow,munger_roe,munger_gross_margin",3478423296.0,18.627947,1.5322655,,,0.08906999,0.0,0.52892,,0.008199999999999999,4.0
VSEC,False,21.61394082281312,"graham_pe,graham_pe_times_pb,munger_roe,munger_gross_margin,munger_fcf",5023068672.0,57.182106,1.7121702,3.768,0.34965,0.042659998,0.15621,0.08055112269897283,-260715008.0,0.0022,4.0
DCOM,False,21.552,"data_missing:current_ratio,data_missing:debt_to_equity,data_missing:free_cash_flow,graham_size,munger_roe,munger_gross_margin",1777303040.0,14.583333,1.2660418,,,0.08736,0.0,0.44626,,0.024700000000000003,4.0
J,False,21.522519449191513,"graham_current_ratio,graham_debt_to_equity,graham_pe,graham_pe_times_pb,munger_roe,munger_gross_margin",16789671936.0,47.238503,5.101826,1.287,1.24734,0.07998,0.14405078371554456,0.025855999534456803,645677888.0,0.0101,4.0
ABR,False,21.481250000000003,"data_missing:free_cash_flow,graham_size,graham_debt_to_equity,graham_pe,munger_roe",855513216.0,46.888885,0.37193725,2.095,3.86741,0.01975,0.79161,-0.12729,,0.2141,4.0
HTLD,False,21.44963266666667,"data_missing:trailing_pe,graham_size,graham_earnings_stability,munger_roe,munger_gross_margin,munger_fcf",900538240.0,,1.1906954,1.585,0.19358,-0.028469998,0.28059998,-0.0712564958316216,-80482624.0,0.0068000000000000005,0.0
NWBI,False,21.428250300000002,"data_missing:current_ratio,data_missing:debt_to_equity,data_missing:free_cash_flow,munger_roe,munger_gross_margin",2222517248.0,14.73301,1.15259,,,0.085710004,0.0,0.41568002,,0.0526,4.0
C,False,21.396749999999997,"data_missing:current_ratio,data_missing:debt_to_equity,data_missing:free_cash_flow,munger_roe,munger_gross_margin",222444896256.0,14.274488,1.1557636,,,0.08529,0.0,0.36229,,0.0202,4.0
WAFD,False,21.37275,"data_missing:current_ratio,data_missing:debt_to_equity,data_missing:free_cash_flow,munger_roe,munger_gross_margin",2293616896.0,9.776025,0.8417993,,,0.08497,0.0,0.46126997,,0.034300000000000004,4.0
FITB,False,21.328500000000002,"data_missing:current_ratio,data_missing:debt_to_equity,data_missing:free_cash_flow,munger_roe,munger_gross_margin",47391105024.0,17.601011,1.4672036,,,0.08438,0.0,0.39078,,0.0318,4.0
BBT,False,21.317250449999996,"data_missing:current_ratio,data_missing:debt_to_equity,data_missing:free_cash_flow,munger_roe,munger_gross_margin",2372749568.0,9.191234,0.9342288,,,0.084230006,0.0,0.46051997,,0.0454,4.0
SHAK,False,21.26852740922288,"graham_debt_to_equity,graham_earnings_stability,graham_pe,graham_pe_times_pb,munger_roe,munger_fcf",2485729280.0,61.07895,4.3035674,1.668,1.66579,0.0794,0.4038,0.04324897288186723,-41693376.0,,3.0
MET,False,21.216214377142066,"graham_debt_to_equity,graham_pe_times_pb,munger_roe,munger_gross_margin,munger_fcf",61870034944.0,18.651342,2.2627127,2.027,1.7993299999999999,0.13094,0.23951,0.07961444657775933,-20953999360.0,0.024700000000000003,4.0
AES,False,21.2079019818947,"graham_current_ratio,graham_debt_to_equity,graham_earnings_stability,munger_roe,munger_gross_margin,munger_fcf",10576129024.0,5.554307,2.1399713,0.746,2.5688600000000004,0.095740005,0.1807406196354124,0.18673,-3089125120.0,0.0475,3.0
CFG,False,21.20250075,"data_missing:current_ratio,data_missing:debt_to_equity,data_missing:free_cash_flow,munger_roe,munger_gross_margin",27500738560.0,14.22549,1.1465119,,,0.08270001,0.0,0.35132998,,0.0281,4.0
COF,False,21.18567857142857,"data_missing:current_ratio,data_missing:debt_to_equity,data_missing:free_cash_flow,munger_roe,munger_gross_margin",120859508736.0,11.0861,1.1736041,,,0.09031,0.0,0.33629,,0.016,4.0
INDB,False,21.17925,"data_missing:current_ratio,data_missing:debt_to_equity,data_missing:free_cash_flow,munger_roe,munger_gross_margin",3818186496.0,14.57595,1.092801,,,0.08239,0.0,0.47252,,0.0318,4.0
RNST,False,21.1575003,"data_missing:current_ratio,data_missing:debt_to_equity,data_missing:free_cash_flow,munger_roe,munger_gross_margin",3657092352.0,11.907738,0.9446346,,,0.082100004,0.0,0.43483,,0.0241,4.0
INTC,False,21.142672861706657,"data_missing:trailing_pe,graham_earnings_stability,munger_roe",639142985728.0,,6.9652634,1.604,0.48997,-0.10715,0.34766238434904356,-0.04188976973870925,4866375168.0,,0.0
GEF,False,21.12164285714286,"data_missing:return_on_equity,data_missing:free_cash_flow,graham_current_ratio,graham_pe,graham_pe_times_pb,munger_gross_margin",4816176128.0,35.008263,1.604819,1.289,0.39409999999999995,,0.22521,0.10561,,0.0279,4.0
FBNC,False,21.108,"data_missing:current_ratio,data_missing:debt_to_equity,data_missing:free_cash_flow,munger_roe,munger_gross_margin",2602852096.0,19.537268,1.5164151,,,0.08144,0.0,0.51192003,,0.0152,4.0
CFFN,False,21.0097497,"data_missing:current_ratio,data_missing:debt_to_equity,data_missing:free_cash_flow,graham_size,graham_earnings_stability,munger_roe,munger_gross_margin",1081950080.0,13.492309,1.0579011,,,0.080129996,0.0,0.50087,,0.0385,2.0
SCL,False,20.96279105503543,"data_missing:trailing_pe,graham_size,graham_current_ratio,munger_roe,munger_gross_margin",1474887168.0,,1.2168498,1.151,0.5836,-0.0021600001,0.11572676121321684,0.03368145811053833,55548624.0,0.0245,4.0
GBCI,False,20.9595,"data_missing:current_ratio,data_missing:debt_to_equity,data_missing:free_cash_flow,munger_roe,munger_gross_margin",5767950848.0,18.155737,1.3373181,,,0.07946,0.0,0.44305,,0.029900000000000003,4.0
CVBF,False,20.736749999999997,"data_missing:current_ratio,data_missing:debt_to_equity,data_missing:free_cash_flow,munger_roe,munger_gross_margin",3905383168.0,15.409722,1.2338747,,,0.07649,0.0,0.55747,,0.0361,4.0
PNFP,False,20.735999999999997,"data_missing:current_ratio,data_missing:debt_to_equity,data_missing:free_cash_flow,munger_roe,munger_gross_margin",14260500480.0,12.998623,1.0109591,,,0.07648,0.0,0.47018,,0.021099999999999997,4.0
CRL,False,20.63277782263891,"data_missing:trailing_pe,graham_current_ratio,graham_debt_to_equity,graham_earnings_stability,munger_roe",13265678336.0,,4.670566,1.348,1.05047,-0.07516,0.34585,0.006266402548997829,468856000.0,,0.0
PRIM,False,20.60299898688652,"graham_current_ratio,graham_pe,graham_pe_times_pb,munger_roe,munger_gross_margin",4028273152.0,29.345098,2.507624,1.181,0.7963,0.08889,0.10734135104093784,0.05432414949372269,80155000.0,0.0042,4.0
HAFC,False,20.57824278813741,"data_missing:current_ratio,data_missing:debt_to_equity,data_missing:free_cash_flow,graham_size,munger_roe,munger_gross_margin",941067392.0,10.759322,1.1490425,,,0.11344,0.0,0.28163899838987283,,0.035,4.0
MATW,False,20.57262384174139,"data_missing:trailing_pe,graham_size,graham_debt_to_equity,graham_earnings_stability,munger_roe,munger_gross_margin",616460160.0,,1.2685465,1.756,1.2932,-0.05874,0.29498027829242257,-0.006862363475275054,26483000.0,0.0512,0.0
AVAV,False,20.538667901209585,"data_missing:trailing_pe,graham_earnings_stability,munger_roe,munger_gross_margin,munger_fcf",8045934080.0,,1.823564,4.26,0.19354,-0.04597,0.2532530370362876,-0.15731885909112753,-25920876.0,,0.0
CXW,False,20.34858481081986,"graham_current_ratio,graham_pe,graham_pe_times_pb,munger_roe,munger_gross_margin",3217005056.0,25.81746,2.2363536,1.319,0.95487,0.08772001,0.2258,0.08536514325749088,24545250.0,,4.0
BXMT,False,20.336000000000002,"data_missing:free_cash_flow,graham_debt_to_equity,graham_earnings_stability,graham_pe,graham_pe_times_pb,munger_roe",2132919040.0,158.1875,0.6617339,98.576,4.84696,0.00448,1.0,-3.69142,,0.1431,1.0
IFF,False,20.330722053872055,"data_missing:trailing_pe,graham_earnings_stability,munger_roe,munger_fcf",21917802496.0,,1.568237,2.061,0.44821,-0.05548,0.3616161616161616,-0.03507805325987144,-1720999936.0,0.0187,0.0
PB,False,20.303250000000002,"data_missing:current_ratio,data_missing:debt_to_equity,data_missing:free_cash_flow,munger_roe,munger_gross_margin",8144379392.0,11.745234,0.82125545,,,0.07071,0.0,0.58042,,0.0349,4.0
MTZ,False,20.28013776190476,"graham_current_ratio,graham_earnings_stability,graham_pe,graham_pe_times_pb,munger_gross_margin,munger_fcf",17554661376.0,34.976,4.907838,1.4,0.89874,0.16176,0.12913999,0.05424,-57898876.0,,2.0
LYB,False,20.160330425659044,"data_missing:trailing_pe,graham_debt_to_equity,graham_earnings_stability,munger_roe,munger_gross_margin",19351588864.0,,1.81327,1.641,1.3275899999999998,-0.02269,0.12888,-0.013928962292309223,1228000000.0,0.0466,0.0
PI,False,20.096870696245418,"data_missing:trailing_pe,graham_debt_to_equity,graham_earnings_stability,munger_roe",5430741504.0,,23.445457,3.277,1.15143,-0.12875,0.5253119158069653,-0.002041127189642041,56185876.0,,0.0
STEP,False,20.0,"data_missing:trailing_pe,graham_current_ratio,graham_debt_to_equity,graham_earnings_stability,munger_roe,munger_gross_margin",5880418816.0,,-6.9570866,0.639,1.26487,-0.61397,-0.48369,-0.54055,2822566144.0,0.0369,0.0
CWST,False,19.795638034881343,"graham_current_ratio,graham_pe,graham_pe_times_pb,munger_roe",5394130432.0,1059.5,3.4138877,0.993,0.9162300000000001,0.00364,0.3342,0.034662227160652447,121703752.0,,4.0
WY,False,19.794343534493304,"graham_pe,graham_pe_times_pb,munger_roe,munger_gross_margin",15315640320.0,31.25,1.6195412,1.816,0.57625,0.04974,0.14844315713251266,0.1058653149891383,13625000.0,0.039,4.0
WERN,False,19.602356094859967,"data_missing:trailing_pe,graham_current_ratio,graham_earnings_stability,munger_roe,munger_gross_margin",2080868480.0,,1.5349576,1.448,0.68379,-0.03909,0.1904,0.003919115006878708,69455872.0,0.0161,0.0
LEU,False,19.563474622454287,"graham_debt_to_equity,graham_pe,graham_pe_times_pb,munger_roe,munger_gross_margin,munger_fcf",3126241024.0,80.87259,3.6074865,5.395,1.3928299999999998,0.08053,0.26186761756184534,0.1118787608647203,-127300000.0,,4.0
SBCF,False,19.55025,"data_missing:current_ratio,data_missing:debt_to_equity,data_missing:free_cash_flow,graham_pe,munger_roe,munger_gross_margin",3154977280.0,21.15909,1.1430926,,,0.06067,0.0,0.48815,,0.0231,4.0
ASTE,False,19.427198247035626,"graham_size,graham_earnings_stability,graham_pe,graham_pe_times_pb,munger_roe,munger_gross_margin,munger_fcf",952559424.0,49.25,1.3804724,2.517,0.57089,0.02859,0.2653148043108338,0.046724333522404994,-1112500.0,0.0123,3.0
SLAB,False,19.410633855103786,"data_missing:trailing_pe,data_missing:debt_to_equity,graham_earnings_stability,munger_roe,munger_fcf",7387400704.0,,6.747531,5.407,,-0.03628,0.5823190156531135,-0.08988817020148733,-13706625.0,,0.0
SEDG,False,19.355944075251628,"data_missing:trailing_pe,graham_earnings_stability,munger_roe,munger_gross_margin",2082031360.0,,5.0515003,2.03,0.9885200000000001,-0.58424,0.1657157282235378,-0.2547009398502589,113761248.0,,0.0
SITM,False,19.19079423900164,"graham_debt_to_equity,graham_earnings_stability,graham_pe,graham_pe_times_pb,munger_roe",18185158656.0,1060.9474,15.640905,19.445,1.2941900000000002,0.013259999,0.5356823608645075,-0.205038878344456,24747500.0,,0.0
VSTS,False,19.06696698895058,"data_missing:trailing_pe,graham_size,graham_debt_to_equity,graham_earnings_stability,munger_roe,munger_gross_margin",1860814208.0,,2.1201627,2.166,1.52545,-0.00602,0.26297,0.0235593393249109,69159872.0,,0.0
HOPE,False,18.917250300000003,"data_missing:current_ratio,data_missing:debt_to_equity,data_missing:free_cash_flow,graham_size,munger_roe,munger_gross_margin",1754534144.0,13.5990095,0.7642019,,,0.056550004,0.0,0.34244,,0.0406,4.0
MTUS,False,18.451654154067157,"graham_size,graham_earnings_stability,graham_pe,graham_pe_times_pb,munger_roe,munger_gross_margin,munger_fcf",790303936.0,99.92106,1.1379166,1.752,0.021230000000000002,0.011720001,0.0821030821030821,0.003601142431392028,-62337500.0,,0.0
VSAT,False,18.368464274957308,"data_missing:trailing_pe,graham_debt_to_equity,graham_earnings_stability,munger_roe",10162245632.0,,2.1901906,1.675,1.46805,0.0019,0.33219,0.023301395605437602,250167376.0,,0.0
MCK,False,18.33037876620821,"data_missing:debt_to_equity,data_missing:return_on_equity,graham_current_ratio,graham_pe,graham_pe_times_pb,munger_gross_margin",103247757312.0,23.728832,-24.227404,0.893,,,0.036065736311132045,0.015397962471804279,6801249792.0,0.0042,4.0
HFWA,False,18.247928571428574,"data_missing:current_ratio,data_missing:debt_to_equity,data_missing:free_cash_flow,graham_size,munger_roe,munger_gross_margin",1149931776.0,13.257076,1.0360144,,,0.07798,0.0,0.28932,,0.0354,4.0
AAP,False,18.133310002712864,"graham_debt_to_equity,graham_earnings_stability,graham_pe,munger_roe,munger_fcf",2547672064.0,23.564247,1.1213015,1.748,2.49358,0.04888,0.4340193000813859,-0.004999418672247413,-54625000.0,0.023399999999999997,1.0
ALLY,False,18.091177714285713,"data_missing:current_ratio,data_missing:debt_to_equity,data_missing:free_cash_flow,munger_roe,munger_gross_margin",11743628288.0,9.083529,0.86991304,,,0.09681,0.0,0.25270998,,0.030699999999999998,4.0
SBUX,False,17.96970672347655,"data_missing:debt_to_equity,data_missing:return_on_equity,graham_current_ratio,graham_pe,graham_pe_times_pb,munger_gross_margin",107365203968.0,54.439304,-13.987822,0.76,,,0.22341,0.0789739783350007,3065537536.0,0.026099999999999998,4.0
TNDM,False,17.93615942143244,"data_missing:trailing_pe,graham_size,graham_debt_to_equity,graham_earnings_stability,munger_roe,munger_fcf",1119716224.0,,8.582827,3.18,5.66964,-0.48026,0.5380847826429731,-0.1845376531432806,-43949124.0,,0.0
HONA,False,17.804809523809524,"data_missing:debt_to_equity,data_missing:return_on_equity,data_missing:free_cash_flow,graham_earnings_stability,graham_pe,graham_pe_times_pb",51593564160.0,49.628048,-9.056415,1.526,,,0.34535,0.14684,,,3.0
CNH,False,17.59396370680476,"graham_debt_to_equity,graham_pe,graham_pe_times_pb,munger_roe,munger_gross_margin",22120222720.0,55.02,2.1951804,4.883,3.35044,0.03914,0.17762,0.05538,563124992.0,0.0073,4.0
VSH,False,17.45612485582934,"graham_earnings_stability,graham_pe,graham_pe_times_pb,munger_roe,munger_gross_margin,munger_fcf",5021634048.0,163.70001,1.7239747,1.802,0.37664000000000003,0.01134,0.19383307136284605,0.018529524464915504,-3755125.0,0.0121,0.0
SNEX,False,17.426669087760168,"data_missing:free_cash_flow,graham_current_ratio,graham_debt_to_equity,graham_pe_times_pb,munger_gross_margin",8147057152.0,17.916445,2.8498797,1.065,8.2347,0.2185,0.031175072632805098,-0.0006477267494128412,,,4.0
NBHC,False,17.139535714285714,"data_missing:current_ratio,data_missing:debt_to_equity,data_missing:free_cash_flow,graham_size,munger_roe,munger_gross_margin",1792271488.0,16.907562,1.0737538,,,0.06527,0.0,0.2857,,0.0319,4.0
ANDE,False,17.01886069803224,"munger_roe,munger_gross_margin,munger_fcf",2263913728.0,13.164356,1.6989522,1.51,0.6635,0.12159,0.06482474951239575,0.01613,-109108872.0,0.011899999999999999,4.0
LUV,False,16.852965036899967,"graham_current_ratio,graham_pe,graham_pe_times_pb,munger_roe,munger_gross_margin,munger_fcf",20146425856.0,25.578697,2.844826,0.489,0.97275,0.11099,0.22399001,0.015251398638777038,-834750016.0,0.0171,4.0
KNF,False,16.85291853786408,"graham_debt_to_equity,graham_pe,graham_pe_times_pb,munger_roe,munger_gross_margin,munger_fcf",2896716800.0,20.747967,1.8041073,2.665,1.03908,0.09122,0.1835113788504303,0.09086869344427166,-3501250.0,,4.0
CCOI,False,16.781668000000003,"data_missing:trailing_pe,data_missing:debt_to_equity,graham_size,graham_current_ratio,graham_earnings_stability,munger_roe,munger_fcf",435845920.0,,-11.952248,0.632,,-7.2150297,0.50345004,-0.0669,-132067000.0,0.0086,0.0
ICHR,False,16.572801410107296,"data_missing:trailing_pe,graham_earnings_stability,munger_roe,munger_gross_margin",2189574144.0,,2.5250518,3.701,0.17809999999999998,-0.051659998,0.09262366353893624,-0.041441372993461734,10132000.0,,0.0
BTU,False,16.533066866666665,"data_missing:trailing_pe,graham_earnings_stability,munger_roe,munger_gross_margin,munger_fcf",3255948800.0,,1.0022514,2.009,0.12884,-0.047709998,0.103970006,-0.020743234494367473,-53975000.0,0.011200000000000002,0.0
DMC,False,16.356956547880703,"graham_size,graham_earnings_stability,graham_pe,graham_pe_times_pb,munger_roe,munger_gross_margin,munger_fcf",1455639424.0,43.485916,0.72513974,2.226,0.2943,0.01775,0.09233509936839183,0.031788631052911645,-99887504.0,0.038,2.0
SLVM,False,16.030545839195124,"graham_size,graham_current_ratio,graham_debt_to_equity,munger_roe,munger_gross_margin,munger_fcf",1467948160.0,19.329842,1.5386537,1.472,1.07958,0.07941,0.20594,0.07490301402566397,-16375000.0,0.048799999999999996,4.0
DNOW,False,16.010018203309695,"data_missing:trailing_pe,graham_earnings_stability,munger_roe,munger_gross_margin,munger_fcf",2834722816.0,,1.3553462,2.136,0.30934,-0.11599,0.16950354609929077,-0.03297872340425532,-533750016.0,,0.0
SANM,False,15.94899834701889,"graham_pe,graham_pe_times_pb,munger_roe,munger_gross_margin,munger_fcf",11782306816.0,39.32558,4.6029987,1.78,0.88161,0.12488,0.08813033147310252,0.04362098139580546,-222215744.0,,4.0
BFH,False,15.921847847779446,"data_missing:current_ratio,data_missing:debt_to_equity,data_missing:free_cash_flow,munger_gross_margin",3836163840.0,7.7463145,1.148348,,,0.17424999,0.0,0.06657230061485381,,0.009000000000000001,4.0
GBX,False,15.768297726330823,"graham_size,graham_debt_to_equity,munger_roe,munger_gross_margin,munger_fcf",1325146752.0,12.6715975,0.84231436,3.676,1.0874899999999998,0.06341,0.18748842664033086,0.11113511511635084,-164687504.0,0.0316,4.0
ADIG,False,15.67260680952381,"data_missing:return_on_equity,data_missing:free_cash_flow,graham_size,graham_earnings_stability,graham_pe,munger_gross_margin",1594387200.0,38.181816,0.6494511,2.796,0.50835,,0.21893999,0.02333,,,0.0
CBRL,False,15.421230528899383,"graham_size,graham_current_ratio,graham_debt_to_equity,graham_pe,graham_pe_times_pb,munger_roe,munger_fcf",1089186688.0,42.373913,2.3399758,0.501,2.4666300000000003,0.056110002,0.31608,0.01579620884098558,-3550125.0,0.022000000000000002,4.0
MOS,False,15.343909294730471,"data_missing:trailing_pe,graham_current_ratio,munger_roe,munger_gross_margin,munger_fcf",7906064896.0,,0.68964565,1.337,0.52249,-0.05073,0.15780259533370947,0.06816069828415917,-746275008.0,0.0356,4.0
BANC,False,15.0,"data_missing:trailing_pe,data_missing:current_ratio,data_missing:debt_to_equity,data_missing:free_cash_flow,data_invalid_outlier:operating_margin,graham_earnings_stability,munger_roe,munger_gross_margin",2839819264.0,,0.9753509,,,-0.0065499996,0.0,2.16263,,0.0265,2.0
SFNC,False,15.0,"data_missing:trailing_pe,data_missing:current_ratio,data_missing:debt_to_equity,data_missing:free_cash_flow,graham_earnings_stability,munger_roe,munger_gross_margin",3322372096.0,,0.9537044,,,-0.09941,0.0,0.38306,,0.0382,0.0
RDNT,False,14.966723827650085,"data_missing:trailing_pe,graham_current_ratio,graham_debt_to_equity,graham_earnings_stability,munger_roe,munger_gross_margin",5816551936.0,,5.372538,1.484,1.56668,0.01498,0.17284,0.03038510741541312,157737248.0,,0.0
DFH,False,14.75967857142857,"graham_size,graham_debt_to_equity,munger_roe,munger_gross_margin,munger_fcf",1080083968.0,8.460994,0.75750846,7.59,1.12734,0.09423,0.1998,0.02409,-217692992.0,,4.0
ROIV,False,14.673449999999999,"data_missing:trailing_pe,data_invalid_outlier:operating_margin,graham_earnings_stability,munger_roe,munger_gross_margin,munger_fcf",26978762752.0,,6.379163,16.721,0.02177,-0.08515,0.0,-254.08113,-1127230080.0,,0.0
LBRT,False,14.224808324635918,"graham_pe,graham_pe_times_pb,munger_roe,munger_gross_margin,munger_fcf",3021489152.0,26.077465,1.5386852,1.986,0.8214400000000001,0.06123,0.18529,0.018149249797060295,-302047872.0,0.02,4.0
AVT,False,14.218540805765612,"graham_pe,graham_pe_times_pb,munger_roe,munger_gross_margin,munger_fcf",8339435008.0,24.602905,1.6605927,1.777,0.6920499999999999,0.06665,0.1042930214195994,0.02622915769706474,-129337000.0,0.0151,4.0
MBC,False,14.077610305213248,"data_missing:trailing_pe,graham_size,munger_roe,munger_fcf",1467166464.0,,0.7449117,1.759,0.85833,-0.0582,0.30262917321826893,0.04351482795187772,-24387500.0,,4.0
DELL,False,14.064343481923103,"data_missing:debt_to_equity,data_missing:return_on_equity,graham_current_ratio,graham_pe,graham_pe_times_pb,munger_gross_margin",349003939840.0,31.950521,-246.14796,0.962,,,0.19999471542567246,0.07177332699184415,6033375232.0,0.0046,4.0
FERG,False,13.854291472781819,"data_missing:return_on_equity,data_missing:free_cash_flow,graham_debt_to_equity,graham_earnings_stability,graham_pe,graham_pe_times_pb",43090624512.0,21.94532,6.9490542,1.729,1.11063,,0.3067095767505364,0.0847149080033808,,0.0161,0.0
MSGS,False,13.805038221185356,"data_missing:debt_to_equity,data_missing:return_on_equity,graham_current_ratio,graham_earnings_stability,graham_pe,graham_pe_times_pb",9506037760.0,1233.6562,-36.098206,0.503,,,0.33605,0.02501945707396808,58219124.0,,1.0
SRPT,False,13.68415115222062,"data_missing:trailing_pe,graham_earnings_stability,munger_roe,munger_gross_margin",2015891712.0,,1.3193916,4.422,0.6953900000000001,-0.09478,0.19108,-0.3183373767250756,22139876.0,,0.0
AIN,False,13.597177984090125,"data_missing:trailing_pe,graham_size,graham_earnings_stability,munger_roe,munger_gross_margin",1717176704.0,,2.304151,2.238,0.59922,-0.061339997,0.2062202562873421,-0.030522998986314828,4886875.0,0.018600000000000002,0.0
MARA,False,13.374000666666669,"data_missing:trailing_pe,graham_current_ratio,graham_debt_to_equity,graham_earnings_stability,munger_roe,munger_fcf",5230492672.0,,3.1140754,0.891,1.40159,-1.0557,0.40122002,-1.349641106259226,-1168091392.0,,0.0
MRNA,False,13.172798584116375,"data_missing:trailing_pe,graham_earnings_stability,munger_roe,munger_gross_margin",72760745984.0,,10.755385,2.295,0.19036,-0.38998002,-0.66023004,-1.581275720164609,299249984.0,,0.0
RXO,False,13.153731585303568,"data_missing:trailing_pe,graham_current_ratio,graham_earnings_stability,munger_roe,munger_gross_margin",3311716608.0,,2.1988611,1.268,0.48340000000000005,-0.06787,0.14912,-0.013758272378962034,5750000.0,,0.0
HTH,False,12.4717497,"data_missing:current_ratio,data_missing:debt_to_equity,data_missing:free_cash_flow,munger_roe,munger_gross_margin",2197220352.0,14.258364,1.0333539,,,0.076009996,0.0,0.15799,,0.0208,4.0
DOW,False,12.319745210508664,"data_missing:trailing_pe,graham_debt_to_equity,graham_earnings_stability,munger_roe,munger_gross_margin",20792578048.0,,1.3110312,1.749,1.11913,-0.0554,0.1348139691764828,0.11594,237624992.0,0.0496,0.0
TFIN,False,12.209464285714287,"data_missing:current_ratio,data_missing:debt_to_equity,data_missing:free_cash_flow,graham_size,graham_pe,graham_pe_times_pb,munger_roe,munger_gross_margin",1477638144.0,41.783783,1.6091595,,,0.04121,0.0,0.21277,,,4.0
WHR,False,11.886468567870335,"graham_current_ratio,graham_debt_to_equity,graham_earnings_stability,munger_roe,munger_gross_margin,munger_fcf",2178962944.0,10.993421,0.5743748,1.149,2.05431,0.05933,0.15369750064416388,0.05398093274929142,-485375008.0,0.099,1.0
FISV,False,11.76534030778357,"data_missing:current_ratio,data_missing:debt_to_equity,data_missing:return_on_equity,data_missing:gross_margin,data_missing:free_cash_flow",24482539520.0,8.819924,0.90867823,,,,,0.2745246071816166,,,4.0
RUN,False,11.764332666666666,"graham_current_ratio,graham_debt_to_equity,graham_earnings_stability,munger_roe,munger_fcf",2036361216.0,5.7517004,0.58173937,1.422,2.92511,-0.19856001,0.35292998,-0.04265442271331354,-1971139840.0,,1.0
PENN,False,11.720333333333333,"data_missing:trailing_pe,graham_current_ratio,graham_debt_to_equity,graham_earnings_stability,munger_roe,munger_fcf",2094323584.0,,1.0671315,0.885,5.96731,-0.37578,0.35161,-0.1084725518238539,-54325000.0,,0.0
APD,False,11.301872246310538,"data_missing:trailing_pe,graham_current_ratio,graham_debt_to_equity,graham_earnings_stability,munger_roe,munger_fcf",63946379264.0,,4.605835,1.085,1.1009099999999998,0.00023,0.3385386673893161,-0.07285686989607304,-1497500032.0,0.0252,0.0
EGBN,False,10.360713857142857,"data_missing:trailing_pe,data_missing:current_ratio,data_missing:debt_to_equity,data_missing:free_cash_flow,graham_size,graham_earnings_stability,munger_roe,munger_gross_margin",856032640.0,,0.7442132,,,-0.04137,0.0,0.24174999,,0.0014000000000000002,0.0
GO,False,10.090040171965903,"data_missing:trailing_pe,graham_size,graham_current_ratio,graham_debt_to_equity,graham_earnings_stability,munger_roe,munger_fcf",1114205184.0,,1.3645189,1.291,2.26658,-0.3806,0.302701205158977,-0.047284366716224914,-44593500.0,,0.0
FLR,False,9.976006023019615,"data_missing:trailing_pe,graham_earnings_stability,munger_roe,munger_gross_margin",7168520704.0,,2.7052944,1.796,0.38492,-0.45167,-0.007740437334709411,-0.024382377604334645,21500000.0,,0.0
XNCR,False,9.929549999999999,"data_missing:trailing_pe,graham_size,graham_earnings_stability,munger_roe,munger_gross_margin,munger_fcf",1796378112.0,,3.5686853,6.391,0.33803,-0.29072002,-1.4364799,-1.4135025801108492,-94537504.0,,0.0
CLF,False,9.850762105537465,"data_missing:trailing_pe,graham_debt_to_equity,graham_earnings_stability,munger_roe,munger_gross_margin",7377881600.0,,1.3165752,1.89,1.3274299999999999,-0.13862,0.2892964824120603,-0.08484685652874799,6125000.0,,0.0
ECHO,False,9.846667333333334,"data_missing:trailing_pe,graham_debt_to_equity,graham_earnings_stability,munger_roe,munger_gross_margin,munger_fcf",27153475584.0,,1.9158716,5.201,1.23757,-0.33428,0.29540002,-1.1811502161047902,-18870501376.0,,0.0
BG,False,9.278703344063375,"graham_pe,graham_pe_times_pb,munger_roe,munger_gross_margin,munger_fcf",21277192192.0,24.448122,1.3336625,1.567,0.9799500000000001,0.071779996,0.04847218075047278,0.04617,-6475375104.0,0.0262,4.0
FLG,False,9.135107165357143,"data_missing:current_ratio,data_missing:debt_to_equity,data_missing:free_cash_flow,graham_earnings_stability,graham_pe,graham_pe_times_pb,munger_roe,munger_gross_margin",5140924928.0,412.83334,0.6762956,,,0.0059100003,0.0,0.20281,,0.0032,0.0
WLK,False,8.51185623400732,"data_missing:trailing_pe,graham_earnings_stability,munger_roe,munger_gross_margin",8788568064.0,,1.0096012,2.453,0.63814,-0.11911,0.07278424350940017,-0.14127126230975828,23125000.0,0.031,0.0
VGNT,False,7.8881426857142865,"data_missing:return_on_equity,data_missing:free_cash_flow,graham_current_ratio,graham_debt_to_equity,graham_pe_times_pb,munger_gross_margin",3296673280.0,6.7842565,38.783333,1.398,8.53169,,0.12354,0.087969996,,0.011000000000000001,4.0
KMX,False,7.773579389732676,"graham_debt_to_equity,graham_pe,graham_pe_times_pb,munger_roe,munger_gross_margin,munger_fcf",8298961408.0,36.32298,1.356341,2.705,3.07787,0.03588,0.10844166740626598,0.03425,-159998368.0,,4.0
AHCO,False,7.591890917300251,"data_missing:trailing_pe,graham_size,graham_current_ratio,graham_debt_to_equity,graham_earnings_stability,munger_roe,munger_gross_margin,munger_fcf",779699136.0,,0.55445045,1.124,1.48969,-0.15224,0.19174999,0.028005240292561427,-80691504.0,,0.0
UCTT,False,7.525380480185973,"data_missing:trailing_pe,graham_debt_to_equity,graham_earnings_stability,munger_roe,munger_gross_margin,munger_fcf",3472852480.0,,5.5272546,2.733,1.082,-0.0155299995,0.16986079328756673,0.043478260869565216,-81487504.0,,0.0
RCUS,False,7.30605,"data_missing:trailing_pe,graham_earnings_stability,munger_roe,munger_gross_margin,munger_fcf",3315761152.0,,7.1264367,3.818,0.51293,-0.90819,0.0,-1.562753036437247,-270624992.0,,0.0
ALK,False,6.816315515067604,"data_missing:trailing_pe,graham_current_ratio,graham_debt_to_equity,munger_roe,munger_gross_margin,munger_fcf",4497264640.0,,1.2254143,0.547,2.0752,-0.04598,0.17713,0.021279584240466325,-23750000.0,,4.0
JBLU,False,6.741666666666666,"data_missing:trailing_pe,graham_size,graham_current_ratio,graham_debt_to_equity,graham_earnings_stability,munger_roe,munger_gross_margin,munger_fcf",1662060288.0,,1.0473135,0.696,5.9143,-0.44355,0.20225,-0.04060913705583756,-921249984.0,,0.0
AESI,False,5.444266361882331,"data_missing:trailing_pe,graham_size,graham_earnings_stability,munger_roe,munger_gross_margin,munger_fcf",1448164992.0,,1.3011006,1.824,0.94273,-0.09925,0.13755649085646987,-0.009960650409473117,-118395504.0,0.0848,0.0
EQH,False,4.256,"data_missing:trailing_pe,graham_debt_to_equity,graham_earnings_stability,munger_roe,munger_gross_margin,munger_fcf",14399306752.0,,-7.7803984,2.03,5.861000000000001,-0.25131,0.12768,-0.26357,-8824250368.0,0.0218,0.0
F,False,2.371666666666667,"data_missing:trailing_pe,graham_current_ratio,graham_debt_to_equity,graham_earnings_stability,munger_roe,munger_gross_margin,munger_fcf",51938435072.0,,1.4540075,1.089,4.567080000000001,-0.18252,0.07115,-0.04896217699861695,-7940250112.0,0.0458,0.0
CYTK,False,0.0,"data_missing:trailing_pe,data_missing:debt_to_equity,data_missing:return_on_equity,graham_earnings_stability,munger_gross_margin,munger_fcf",9112985600.0,,-52.440002,6.661,,,0.0,-3.427517232629932,-397408736.0,,0.0
CWEN-A,False,0.0,data_missing:fetch_failed,,,,,,,,,,,
