symbol,buyable,score,fail_reasons,market_cap,trailing_pe,price_to_book,current_ratio,debt_to_equity,return_on_equity,gross_margin,operating_margin,free_cash_flow,dividend_yield,consecutive_positive_earnings_years
HCI,False,95.28161516666668,"graham_current_ratio,graham_earnings_stability",2324575488.0,8.055172,2.1579428,0.865,0.05722000000000001,0.34974998,0.59726,0.45431,423198496.0,0.0086,3.0
EXEL,False,92.15607795310923,graham_pe_times_pb,13692416000.0,17.377357,7.459503,3.456,0.08999,0.44393003,0.96483004,0.39513,739715136.0,,4.0
INVA,False,91.69366560252837,graham_size,1514265344.0,4.863109,1.2345387,16.007,0.26859,0.36676,0.72670996,0.43277,110332496.0,,4.0
ADBE,False,90.78355000000002,"graham_current_ratio,graham_pe_times_pb",114937118720.0,16.551231,10.016627,0.751,0.61443,0.62953997,0.89404,0.35327998,9218374656.0,,4.0
SNDK,False,88.68608413843107,"graham_earnings_stability,graham_pe,graham_pe_times_pb",217424904192.0,20.129457,14.060561,2.29,0.012769999999999998,0.9164,0.71474,0.78472,7720875008.0,,1.0
YOU,False,88.48547327127379,"graham_current_ratio,graham_earnings_stability,graham_pe,graham_pe_times_pb",5992328192.0,29.817568,24.421694,1.04,0.45141,1.19174,0.66656,0.29865,418440384.0,0.013000000000000001,3.0
TDC,False,87.61760714285714,graham_current_ratio,2655149824.0,6.010526,4.496771,0.915,0.16695000000000002,1.19116,0.61325,0.11951,348500000.0,,4.0
NFLX,False,86.48472774001812,"graham_current_ratio,graham_pe,graham_pe_times_pb",332448923648.0,25.106916,11.0261,1.142,0.55236,0.49541,0.49118,0.33381,25387552768.0,,4.0
QLYS,False,86.44609357498314,"graham_current_ratio,graham_pe,graham_pe_times_pb",6524271104.0,32.741318,11.62342,1.384,0.09498,0.38592,0.83417,0.33979,244382624.0,,4.0
DECK,False,86.248760307178,graham_pe_times_pb,11756579840.0,12.280228,5.128312,2.747,0.20521,0.42558,0.57804,0.15233,871420352.0,,4.0
PEGA,False,85.04549294285715,"graham_current_ratio,graham_earnings_stability,graham_pe,graham_pe_times_pb",5900493312.0,20.392046,10.524926,1.059,0.12851,0.54693,0.75573,0.046040002,507401984.0,0.0034999999999999996,3.0
GEN,False,85.00000000000001,"graham_current_ratio,graham_debt_to_equity,graham_pe_times_pb",18256904192.0,17.836256,6.878665,0.466,3.07831,0.41944,0.78007007,0.35554,1547124992.0,0.0169,4.0
FHI,False,84.55792046675079,graham_pe_times_pb,4842465792.0,12.055762,3.6986773,2.592,0.32354,0.31137,0.69044,0.27722,371463872.0,0.022099999999999998,4.0
CARG,False,83.9547274952781,graham_pe_times_pb,3238711808.0,18.742268,13.783169,1.85,0.7003499999999999,0.53470004,0.92375,0.25275,241320752.0,,4.0
ALL,False,83.71084933333334,"graham_current_ratio,graham_earnings_stability",65141264384.0,5.159623,2.0644116,0.363,0.22261,0.46113998,0.36800998,0.22827,15158625280.0,0.0165,2.0
APAM,False,83.4094443809524,graham_pe_times_pb,3091894528.0,10.443645,7.361393,3.007,0.57111,0.64552003,0.45593,0.27482998,291218624.0,0.0795,4.0
NEM,False,82.86889341562578,"graham_earnings_stability,graham_pe_times_pb",139392942080.0,16.661207,3.97506,2.546,0.15807000000000002,0.25905,0.68041,0.51569,8815875072.0,0.0079,2.0
INCY,False,82.86242883049711,graham_pe_times_pb,25892610048.0,16.272612,4.0465026,4.593,0.00603,0.30667,0.55659,0.41899,1180664576.0,,4.0
APA,False,82.66614999999999,graham_current_ratio,14847897600.0,8.940928,2.1166718,0.946,0.48854,0.26659,0.78255,0.56331,2146749952.0,0.024300000000000002,4.0
PRI,False,82.51435,graham_pe_times_pb,8969750528.0,11.718536,3.5692067,3.73,0.71521,0.32966,0.72097,0.31542,1038982144.0,0.0159,4.0
HRMY,True,82.27374180141706,,2321884928.0,12.902913,2.3189669,3.479,0.16030999999999998,0.20456,0.75424004,0.34183997,182835504.0,,4.0
IDCC,False,82.18583204720417,"graham_pe,graham_pe_times_pb",8635980800.0,39.370586,7.183643,1.743,0.33401000000000003,0.26403,0.82498,0.53518003,600847744.0,0.008100000000000001,4.0
GDDY,False,81.59585628571429,"data_invalid_outlier:debt_to_equity,graham_current_ratio,graham_debt_to_equity,graham_pe_times_pb",12282294272.0,14.410105,1829.8114,0.632,573.3433,4.42861,0.63802,0.27056998,1204950016.0,,4.0
KNSL,False,81.42671666666666,"graham_current_ratio,graham_pe_times_pb",8696802304.0,15.507716,4.2733703,0.194,0.11033,0.30268,0.31142,0.40678,982102720.0,0.0026,4.0
PTC,False,81.38966070715688,"graham_current_ratio,graham_pe_times_pb",17247070208.0,15.417069,5.0719547,1.025,0.46335,0.35053003,0.84501,0.28232,1031425152.0,,4.0
ZTS,False,81.26611105367175,"data_missing:price_to_book,graham_debt_to_equity",31000033280.0,12.238173,,3.084,2.9399599999999997,0.64911,0.71738,0.40721,2016999936.0,0.0273,4.0
AMP,False,81.12349767976298,graham_pe_times_pb,49092952064.0,13.4243965,7.7218165,2.182,0.67578,0.63432,0.54932,0.30719998,2903124992.0,0.0121,4.0
NVDA,False,81.11457158568324,"graham_pe,graham_pe_times_pb",5521903452160.0,34.96626,28.25031,3.441,0.06555,1.14288,0.74144995,0.65596,46335873024.0,0.004699999999999999,4.0
HLNE,False,80.88642972433934,graham_pe_times_pb,5898238464.0,16.267883,4.873911,4.111,0.21558,0.32416,0.6066,0.45933998,231402752.0,0.022799999999999997,4.0
WH,False,80.4753068428755,"graham_current_ratio,graham_debt_to_equity,graham_pe,graham_pe_times_pb",5696445952.0,27.811596,11.993751,0.988,5.57292,0.39429,0.62835,0.47733003,362375008.0,0.022400000000000003,4.0
IT,False,79.69557142857143,"data_missing:debt_to_equity,graham_current_ratio,graham_pe_times_pb",12415088640.0,17.69577,-75.6736,0.88,,1.13581,0.69629997,0.22623,1052553024.0,,4.0
BMY,False,79.58383899845633,"graham_debt_to_equity,graham_earnings_stability,graham_pe_times_pb",136759738368.0,14.7466955,6.128146,1.532,2.01859,0.46598998,0.71661,0.34418,8114375168.0,0.0373,1.0
CROX,False,79.53709523809525,"graham_current_ratio,graham_debt_to_equity,graham_earnings_stability,graham_pe_times_pb",5834436608.0,10.788121,4.2303414,1.49,1.21993,0.42299998,0.5747,0.24221,533888736.0,,0.0
PLTR,False,79.45999170129927,"graham_earnings_stability,graham_pe,graham_pe_times_pb",446800625664.0,158.91454,45.705505,7.228,0.02139,0.38097,0.84796,0.47120997,2159104512.0,,3.0
RNR,False,79.39093333333334,"graham_current_ratio,graham_earnings_stability",13729161216.0,5.7313094,1.2479322,1.352,0.12211,0.21475,0.45349,0.41674,2787289856.0,0.0049,3.0
BLKB,False,79.21047485714286,"graham_current_ratio,graham_debt_to_equity,graham_earnings_stability,graham_pe_times_pb",2204596992.0,15.178124,32.488293,0.828,17.27037,1.94448,0.59661996,0.21754,214087872.0,,1.0
NMIH,True,79.2073,,3369759488.0,8.818897,1.2481542,2.029,0.15753,0.15427,0.76384,0.76672995,329759616.0,,4.0
MU,False,79.0505,"data_missing:market_cap,graham_earnings_stability,graham_pe,graham_pe_times_pb",,21.16267,10.484673,3.425,0.0633,0.66638,0.72569,0.80370003,7639499776.0,0.0006,2.0
HRB,False,78.88095238095238,"graham_current_ratio,graham_debt_to_equity,graham_pe_times_pb",6472693248.0,9.228471,55.5074,1.133,17.894190000000002,7.13542,0.4433,0.3291,624796864.0,0.0349,4.0
CNX,False,78.56619999999998,"graham_current_ratio,graham_earnings_stability",5342244864.0,5.8525124,1.1110427,0.716,0.49137000000000003,0.21249,0.73616,0.62878,437116736.0,,1.0
MTG,False,78.50679999999998,munger_roe,6375279616.0,9.7125,1.2808044,4.964,0.12903,0.13923,0.92607003,0.80851996,518861888.0,0.0217,4.0
TROW,True,78.4942230595238,,23968169984.0,11.281124,2.178406,4.039,0.03702,0.19399999,0.51614,0.28688,2023912448.0,0.0462,4.0
FTNT,False,78.43663050901955,"graham_current_ratio,graham_pe,graham_pe_times_pb",126771044352.0,60.838028,81.73131,1.282,0.36194000000000004,1.17442,0.80204004,0.33595002,2265587456.0,,4.0
ADSK,False,78.23478760032197,"graham_current_ratio,graham_pe,graham_pe_times_pb",57131679744.0,39.50073,17.902605,0.835,0.85419,0.50396,0.92434,0.29524,3060999936.0,,4.0
EXPE,False,78.13428571428571,"graham_current_ratio,graham_debt_to_equity,graham_pe,graham_pe_times_pb",38277443584.0,20.045256,31.654593,0.801,2.30271,0.89489,0.90433,0.1898,3434374912.0,0.0058,4.0
GOOG,False,78.12863796366112,graham_pe_times_pb,4130171256832.0,16.936308,6.6352954,2.724,0.18859,0.48676,0.60897,0.34033,22665000960.0,0.0026,4.0
GOOGL,False,78.11679758121002,graham_pe_times_pb,4166127190016.0,17.08375,6.6930604,2.724,0.18859,0.48676,0.60897,0.34033,22665000960.0,0.0026,4.0
SEZL,False,78.07093759212681,"graham_earnings_stability,graham_pe,graham_pe_times_pb",4236317184.0,27.58772,18.179192,4.017,0.52416,0.88851,0.74967,0.57167,100542000.0,,3.0
EOG,True,77.7692823512411,,75794464768.0,11.245136,2.3830726,1.851,0.25891,0.22507,0.62636,0.40717998,4478750208.0,0.0282,4.0
TER,False,77.75530496606548,"graham_pe,graham_pe_times_pb",58168139776.0,51.247932,18.526115,2.125,0.02883,0.36465,0.59242,0.33161,437381248.0,0.0014000000000000002,4.0
LVS,False,77.73151413400097,"graham_current_ratio,graham_debt_to_equity,graham_pe_times_pb",28654301184.0,17.147287,49.319958,0.997,17.03902,1.22869,0.79335,0.19658001,2212875008.0,0.026000000000000002,4.0
ESNT,False,77.69319999999999,munger_roe,6225744384.0,9.661087,1.0992969,1.791,0.08757,0.12009,0.76005995,0.6575,690249472.0,0.020099999999999996,4.0
WDC,False,77.67336874643851,"data_missing:price_to_book,graham_current_ratio,graham_earnings_stability",166569902080.0,17.168339,,1.329,0.13436,1.30853,0.48851,0.43608,2268750080.0,0.0013,2.0
PRDO,True,77.5382935,,2115730304.0,12.294546,2.0473537,4.692,0.11009000000000001,0.17554002,0.79890996,0.25722998,184656128.0,0.0203,4.0
INSW,True,77.2784304814342,,4916477952.0,6.346547,2.2393682,5.944,0.28815,0.37412,0.725,0.64219004,69650376.0,0.0873,4.0
CF,False,77.2641667712445,graham_pe_times_pb,19024715776.0,9.325668,3.3153994,4.86,0.40503999999999996,0.29867,0.42486,0.49325,1276749952.0,0.0191,4.0
TPL,False,77.26295,"graham_pe,graham_pe_times_pb,munger_fcf",25500628992.0,47.217113,16.389307,4.552,0.01077,0.36566,0.93336,0.78177,-32836124.0,0.006500000000000001,4.0
V,False,77.02308201487156,"graham_current_ratio,graham_pe,graham_pe_times_pb",708843208704.0,32.31149,20.119766,0.985,0.67821,0.6119,0.97725,0.66130996,20404000768.0,0.006999999999999999,4.0
ACT,False,76.91885177035753,"graham_current_ratio,munger_roe",6742198784.0,10.345992,1.2554722,0.922,0.13812,0.12869,0.73177004,0.73258,521546880.0,0.0195,4.0
MCRI,False,76.72254884662306,"graham_current_ratio,graham_pe_times_pb",2215581952.0,19.842697,3.8413973,1.207,0.02218,0.20544,0.68021005,0.27436,131950872.0,0.0097,4.0
MEDP,False,76.38853856603089,"graham_current_ratio,graham_pe,graham_pe_times_pb",17069931520.0,35.86921,39.34191,0.732,0.33216,1.6215401,0.7235,0.20757,510396512.0,,4.0
LOPE,False,76.2348162294815,graham_pe_times_pb,3914707712.0,18.160822,5.8107324,2.818,0.15564999999999998,0.30979002,0.53271,0.22023001,205755248.0,,4.0
DUOL,False,76.18089968615884,"graham_earnings_stability,graham_pe_times_pb",6656292352.0,16.866587,4.7348533,2.719,0.0611,0.3442,0.72717005,0.11684,300198016.0,,3.0
RDDT,False,75.99963712343978,"graham_earnings_stability,graham_pe,graham_pe_times_pb",29619441664.0,35.802322,9.011355,10.486,0.00635,0.30712,0.91442,0.28788,678068736.0,,1.0
FSLR,False,75.97244620909863,graham_earnings_stability,22579404800.0,12.945164,2.1878352,2.518,0.018799999999999997,0.18509,0.44015998,0.42641997,1598684800.0,,3.0
LULU,True,75.74779285714285,,13058701312.0,9.319286,2.7268631,2.226,0.44264000000000003,0.32027,0.55695,0.11205,1133960960.0,,4.0
CHH,False,75.74696395083348,"graham_current_ratio,graham_debt_to_equity,graham_pe_times_pb",4938080768.0,15.373938,34.18583,0.926,14.817260000000001,5.66362,0.90328,0.37729,212277504.0,0.0105,4.0
CINF,False,75.68008333333333,"graham_current_ratio,graham_earnings_stability",26478032896.0,8.141576,1.5874565,1.151,0.05255,0.21484,0.31066,0.37202,2984875008.0,0.0218,3.0
MGY,True,75.61595418871339,,6462413312.0,11.637554,2.2556074,1.583,0.19243,0.20854001,0.8222,0.50688,332475744.0,0.025,4.0
SEIC,False,75.55791349547755,graham_pe_times_pb,13358135296.0,19.62963,5.341973,5.059,0.02383,0.27587998,0.78388,0.30706,377482240.0,0.009399999999999999,4.0
ANF,False,75.39983770417152,"graham_current_ratio,graham_pe_times_pb",6475921920.0,12.586356,4.7095127,1.407,0.93997,0.40609002,0.63675,0.19941,413247872.0,,4.0
MANH,False,75.34608763342456,"graham_current_ratio,graham_pe,graham_pe_times_pb",13046320128.0,63.931427,82.81273,0.983,0.34209,0.96378,0.5581,0.25015,321116384.0,,4.0
CPAY,False,75.26806603830626,"graham_current_ratio,graham_debt_to_equity,graham_pe,graham_pe_times_pb",26504812544.0,24.554136,7.482715,0.972,2.75291,0.29215,0.80539,0.4692,1946175872.0,,4.0
CRUS,False,75.25057067857142,graham_pe_times_pb,5557035008.0,13.555012,2.5550742,7.583,0.0596,0.20903999,0.52785,0.18367,450997248.0,,4.0
FTDR,False,75.22682483254718,"graham_debt_to_equity,graham_pe,graham_pe_times_pb",5705399808.0,21.850924,20.203709,1.591,4.16901,1.01859,0.55544996,0.28217,333624992.0,,4.0
IDXX,False,75.08994337154094,"graham_current_ratio,graham_pe,graham_pe_times_pb",42942013440.0,38.33193,26.660799,1.172,0.67971,0.74211,0.62446,0.3498,909368384.0,,4.0
VCTR,False,74.46242762137241,"graham_pe,graham_pe_times_pb",7450654208.0,22.023636,3.2106128,2.066,0.42615000000000003,0.19045,0.57335997,0.48994,520321760.0,0.0166,4.0
WEX,False,74.18864285714287,"graham_current_ratio,graham_debt_to_equity,graham_pe_times_pb",6762813952.0,19.78365,5.0618606,1.045,3.98423,0.3019,0.73232,0.26941,1331299968.0,,4.0
AMGN,False,74.1487793127869,"graham_current_ratio,graham_debt_to_equity,graham_pe,graham_pe_times_pb",236250775552.0,27.108559,20.212301,1.371,4.90281,0.91473,0.71891,0.35548002,8645624832.0,0.0229,4.0
ADEA,False,74.04389533470265,"graham_earnings_stability,graham_pe,graham_pe_times_pb",2891545600.0,24.055044,6.058225,3.247,0.82832,0.27878,1.0,0.31948,195100624.0,0.0077,3.0
GFF,False,73.8752380952381,"graham_debt_to_equity,graham_earnings_stability,graham_pe,graham_pe_times_pb",4549969920.0,20.709812,34.929577,2.411,10.351759999999999,2.27544,0.41297,0.23589,444938752.0,0.0087,3.0
DXCM,False,73.8688247552404,"graham_pe,graham_pe_times_pb",33694543872.0,35.292492,12.85488,1.733,0.5334599999999999,0.38491002,0.62473,0.24327,1021162496.0,,4.0
LRCX,False,73.80376418167914,"graham_pe,graham_pe_times_pb",398645821440.0,55.309025,31.963478,2.629,0.33049,0.65066004,0.50469,0.37390998,3090484480.0,0.0033,4.0
RELY,False,73.72755901104033,"graham_earnings_stability,graham_pe_times_pb",5500610048.0,18.694244,4.880729,3.181,0.03396,0.32246,0.61548,0.14324,196120992.0,,1.0
AMAT,False,73.6328614033688,"graham_pe,graham_pe_times_pb",382799642624.0,41.546944,14.937908,2.423,0.28666,0.41068,0.49398,0.33736,3075375104.0,0.0044,4.0
PAYC,False,73.50986574129725,"graham_current_ratio,graham_debt_to_equity,graham_pe,graham_pe_times_pb",10683776000.0,25.057081,18.04232,1.074,1.71969,0.41089,0.88055,0.31721002,423724992.0,0.006500000000000001,4.0
LAMR,False,73.39769365023172,"graham_current_ratio,graham_debt_to_equity,graham_pe,graham_pe_times_pb",15292365824.0,27.530165,15.571296,0.627,5.0011399999999995,0.59433,0.67430997,0.33283,558694400.0,0.0421,4.0
AGX,False,73.33475850526833,"graham_pe,graham_pe_times_pb,munger_gross_margin",6448292864.0,40.418278,13.6191635,1.53,0.02023,0.38521,0.20743999,0.15602,416462240.0,0.0044,4.0
MA,False,73.18022571102512,"graham_current_ratio,graham_debt_to_equity,graham_pe,graham_pe_times_pb",518361317376.0,32.53051,92.51563,1.061,4.39583,2.41202,1.0,0.61108,16961250304.0,0.0058,4.0
KTB,False,73.07147561904763,"graham_debt_to_equity,graham_pe_times_pb",4179909120.0,15.481782,6.757378,1.831,2.05768,0.49523997,0.49308997,0.15482001,440592512.0,0.0275,4.0
SPG,False,72.95341216228091,"graham_current_ratio,graham_debt_to_equity,graham_pe_times_pb",81577287680.0,15.154443,15.822841,0.266,5.03504,1.20508,0.81426,0.46023998,2595271168.0,0.040999999999999995,4.0
DAVE,False,72.87957280186448,"graham_debt_to_equity,graham_earnings_stability,graham_pe,graham_pe_times_pb",4770687488.0,24.098583,22.948215,4.223,1.29139,1.04779,0.71748,0.32945,167170368.0,,2.0
LNTH,False,72.79735069493974,"graham_pe,graham_pe_times_pb",6557915136.0,24.035887,4.998756,3.06,0.47642,0.22215,0.60143,0.25817,451656000.0,,4.0
TPR,False,72.73806583414543,"graham_debt_to_equity,graham_pe_times_pb",24573030400.0,16.951857,35.68037,1.752,5.71608,1.97135,0.76595,0.19823,1399924992.0,0.014199999999999999,4.0
QCOM,False,72.5971950083389,graham_pe_times_pb,175995011072.0,18.853548,6.2972445,2.016,0.5521,0.33754003,0.54226,0.18528,10241000448.0,0.0225,4.0
APP,False,72.56953835396958,"graham_debt_to_equity,graham_earnings_stability,graham_pe,graham_pe_times_pb",105024774144.0,24.048462,33.13865,4.3,1.1113,2.03686,0.88464,0.77678,3179956224.0,,3.0
TRV,False,72.50983504761905,graham_current_ratio,77033013248.0,9.920225,2.326078,0.323,0.27378,0.26511,0.34730998,0.23698,14775124992.0,0.013500000000000002,4.0
CART,False,72.47483832946257,"graham_earnings_stability,graham_pe,graham_pe_times_pb",11686123520.0,27.584698,5.0662384,2.279,0.01348,0.16001,0.72577006,0.14094,917875008.0,,2.0
HL,False,72.45533641683008,"graham_earnings_stability,graham_pe,graham_pe_times_pb",14395998208.0,25.819279,5.376317,5.197,0.008020000000000001,0.22173999,0.61395,0.4427,342344736.0,0.0007000000000000001,2.0
HAS,False,72.44700919577262,"graham_debt_to_equity,graham_earnings_stability,graham_pe_times_pb",13283567616.0,16.758007,18.866186,1.661,5.310420000000001,1.5956,0.63822,0.22157,688150016.0,0.0291,0.0
CNS,False,72.40775828415694,"graham_pe,graham_pe_times_pb",4248961024.0,25.424614,7.2084093,6.638,0.19326000000000002,0.27329,0.47300997,0.34554002,156940496.0,0.0322,4.0
ABNB,False,72.37064514536563,"graham_current_ratio,graham_pe,graham_pe_times_pb",110416076800.0,42.100452,13.949617,1.408,0.32004,0.34542,0.82901,0.21009001,3206874880.0,,4.0
LYFT,False,72.36834757619047,"graham_current_ratio,graham_earnings_stability",6567673344.0,2.525473,2.1758215,0.586,0.42738,1.52579,0.3802,0.025799999,1153134464.0,,2.0
MCO,False,72.31437681549927,"graham_current_ratio,graham_debt_to_equity,graham_pe,graham_pe_times_pb",88152588288.0,32.31873,29.141811,1.19,2.4068199999999997,0.76932,0.74974996,0.49473998,2579124992.0,0.008,4.0
MSFT,False,72.26448380175887,"graham_current_ratio,graham_pe,graham_pe_times_pb",3750346096640.0,28.105732,8.47914,1.23,0.29118,0.34039003,0.67944,0.45111,16545500160.0,0.0073,4.0
APPF,False,72.17491729506456,"graham_earnings_stability,graham_pe,graham_pe_times_pb",8218690048.0,52.85991,15.620288,3.831,0.06799000000000001,0.3209,0.63532,0.18845,198919872.0,,3.0
HALO,False,71.94896821514892,"graham_debt_to_equity,graham_pe,graham_pe_times_pb",12135205888.0,31.263157,84.924545,2.709,15.17687,1.73674,0.76271003,0.59803003,337308640.0,,4.0
ACGL,False,71.58950465476191,graham_current_ratio,33699788800.0,7.7276998,1.4455926,0.589,0.17836,0.19936001,0.38758,0.26584998,4302125056.0,,4.0
DOCU,False,71.56460789285714,"graham_current_ratio,graham_earnings_stability,graham_pe,graham_pe_times_pb",12182265856.0,41.428574,6.7685127,0.665,0.10074999999999999,0.16440001,0.79541,0.13407,1250368768.0,,3.0
COCO,False,71.5618131311549,"graham_pe,graham_pe_times_pb",3566167808.0,34.049725,8.823193,3.356,0.03508,0.31370002,0.41127998,0.29209998,104597248.0,,4.0
PGR,False,71.52014523809524,"graham_current_ratio,graham_pe_times_pb,munger_gross_margin",126476419072.0,10.915245,3.6831775,0.293,0.24428,0.34943,0.18521,0.18208,15114500096.0,0.0018,4.0
RMD,False,71.44930392271446,"graham_earnings_stability,graham_pe,graham_pe_times_pb",34008922112.0,22.582376,5.163834,3.1,0.12542,0.24269,0.61618,0.30857,939248256.0,0.011200000000000002,0.0
RLI,False,71.39097372929356,"data_missing:price_to_book,graham_current_ratio",5893660160.0,13.491596,,1.06,0.18189,0.25164,0.35513002,0.36861,316104256.0,0.0111,4.0
GGG,False,71.31248107012031,"graham_pe,graham_pe_times_pb",12894764032.0,25.037737,5.1113825,2.992,0.0207,0.21240999,0.52642,0.29729,536623264.0,0.0148,4.0
YELP,False,71.20113646428572,graham_size,1221474048.0,10.874396,1.9943298,1.749,0.19131,0.18190001,0.89647,0.12666,283744640.0,,4.0
ULS,False,71.20078590122681,"graham_current_ratio,graham_pe,graham_pe_times_pb",15253407744.0,30.46371,9.563292,1.425,0.29383,0.38712,0.50413,0.18382,420500000.0,0.0077,4.0
GPOR,False,71.17374253594132,"graham_current_ratio,graham_earnings_stability",3114659328.0,6.6969585,1.7045059,0.576,0.5047999999999999,0.27411,0.68134004,0.49495,102005000.0,,1.0
WLY,False,71.16526381390969,"graham_current_ratio,graham_earnings_stability,graham_pe_times_pb",2743264512.0,12.990385,3.239808,0.539,0.9074899999999999,0.27694,0.74262,0.24714,202073248.0,0.0268,2.0
CPRI,False,71.11471432857144,"graham_size,graham_current_ratio,graham_debt_to_equity,graham_earnings_stability,graham_pe_times_pb",1513012736.0,16.897436,10.847736,1.189,9.73427,1.4461501,0.6271,0.026010001,192624992.0,,1.0
CHRD,False,70.95208095238095,"graham_current_ratio,munger_roe",7985342464.0,9.870859,0.9642159,1.221,0.17981999999999998,0.10312,0.4811,0.34717,961228032.0,0.0371,4.0
BYD,False,70.93378157973434,"graham_current_ratio,graham_debt_to_equity",5784824320.0,3.5323868,2.3280702,0.774,1.3047,0.93084997,0.59126,0.20891,283961504.0,0.009899999999999999,4.0
CL,False,70.90907637470218,"graham_current_ratio,graham_debt_to_equity,graham_pe,graham_pe_times_pb",72510840832.0,35.811024,307.2973,1.026,13.88163,2.67367,0.60431,0.20966,3458374912.0,0.023,4.0
ORI,False,70.77869242857142,graham_current_ratio,10198127616.0,9.263159,1.6681807,0.294,0.37518,0.18571,0.63918,0.17448999,1418687488.0,0.0297,4.0
AVGO,False,70.70673688701991,"graham_pe,graham_pe_times_pb",1767631355904.0,61.820297,20.159523,2.238,0.7401800000000001,0.37280998,0.76284,0.48988,27212249088.0,0.0073,4.0
LAUR,False,70.59024199116344,"graham_current_ratio,graham_pe_times_pb",5377735168.0,17.66516,4.7115617,0.712,0.643,0.29318002,0.36800998,0.36278,343739264.0,,4.0
INTU,False,70.58254488730445,"graham_pe,graham_pe_times_pb",95190876160.0,21.142164,4.626737,1.507,0.43892000000000003,0.23596,0.80982,0.17638999,6438624768.0,0.0139,4.0
RRC,False,70.41777627526436,graham_current_ratio,9730414592.0,11.502763,2.066296,0.649,0.21589,0.19475001,0.52119,0.36101002,454483360.0,0.0096,4.0
RAMP,False,70.34629278918723,"graham_earnings_stability,graham_pe_times_pb",2295010560.0,15.794978,2.347929,2.657,0.03388,0.16055,0.70816004,0.1249,169467120.0,,1.0
STZ,False,70.34083333333334,"graham_current_ratio,graham_debt_to_equity,graham_earnings_stability,graham_pe_times_pb",22448814080.0,12.517142,2.729765,0.913,1.23205,0.2369,0.5272,0.35931,2210487552.0,0.030600000000000002,1.0
NTAP,False,70.338178849312,"graham_current_ratio,graham_debt_to_equity,graham_pe,graham_pe_times_pb",37410103296.0,29.974842,27.657043,1.436,2.02295,1.06734,0.70744,0.27259,1295250048.0,0.010700000000000001,4.0
TTD,False,70.13915714285716,graham_pe_times_pb,6305792000.0,15.9761915,2.5763102,1.724,0.16863,0.15441,0.76872003,0.14205,582992768.0,,4.0
DOCS,False,70.11497151673768,"graham_pe,graham_pe_times_pb",4561314816.0,30.464287,5.023557,6.078,0.01056,0.17206,0.88068,0.21539,239703872.0,,4.0
UNP,False,69.9905688607678,"graham_current_ratio,graham_debt_to_equity,graham_pe,graham_pe_times_pb",182779215872.0,24.892397,9.406568,0.986,1.50772,0.39696,0.56285,0.40982,4720750080.0,0.0183,4.0
WSM,False,69.84662758541363,"graham_current_ratio,graham_pe,graham_pe_times_pb",28075890688.0,24.426228,15.012594,1.447,0.71369,0.54960996,0.47194,0.22900999,1123701632.0,0.0128,4.0
MNST,False,69.744392951473,"graham_pe,graham_pe_times_pb",91487723520.0,43.240738,9.769875,3.729,0.00992,0.25704,0.55546004,0.2918,1681231104.0,,4.0
THC,False,69.67218007142857,"graham_current_ratio,graham_debt_to_equity,graham_pe_times_pb",21558962176.0,10.345827,4.627709,1.406,1.5227600000000001,0.37337002,0.41661,0.18159,2247875072.0,,4.0
ACAD,False,69.5750535080013,"graham_earnings_stability,graham_pe_times_pb",5122642944.0,13.331839,3.9164798,3.388,0.05652,0.35743,0.62061,0.12286,68647000.0,,2.0
META,False,69.56598277907469,"graham_pe,graham_pe_times_pb",1454880718848.0,21.502258,5.5706205,2.226,0.42997,0.29848,0.81747,0.34827,21553625088.0,0.0036,4.0
MORN,False,69.50968583947194,"graham_current_ratio,graham_debt_to_equity,graham_pe,graham_pe_times_pb",8208344576.0,20.799429,8.017661,1.056,1.86052,0.3196,0.62240005,0.24215999,497800000.0,0.009399999999999999,4.0
AMT,False,69.43104978047636,"graham_current_ratio,graham_debt_to_equity,graham_pe,graham_pe_times_pb",81151606784.0,23.923077,21.81636,0.352,4.38721,0.33914003,0.73774004,0.45411,2920012544.0,0.0397,4.0
RDN,False,69.35352683691673,munger_roe,4831644160.0,9.017283,1.01436,1.588,0.27967,0.12026,0.69302005,0.31627,308735264.0,0.0277,4.0
JAZZ,False,69.34587142857143,"graham_earnings_stability,graham_pe_times_pb",16300050432.0,17.18686,3.388664,1.779,0.91828,0.22114,0.91353995,0.26914,1429392896.0,,0.0
AAPL,False,69.29808262664514,"graham_current_ratio,graham_pe,graham_pe_times_pb",4591036923904.0,36.117104,42.741844,1.003,0.78445,1.4875101,0.48653,0.32623002,107721875456.0,0.0034000000000000002,4.0
NXPI,False,69.27856237709973,graham_pe_times_pb,56953802752.0,19.27133,4.99834,2.04,0.93325,0.27921,0.56102,0.30406,3555000064.0,0.0182,4.0
NBIX,False,69.26958370314769,"graham_pe,graham_pe_times_pb",15849140224.0,22.79532,4.2889366,1.872,0.12497,0.22089,0.6448,0.2219,638237504.0,,4.0
VRTX,False,69.24502226995145,"graham_earnings_stability,graham_pe,graham_pe_times_pb",138782523392.0,31.87136,6.8511405,3.185,0.09766999999999999,0.23542999,0.54957,0.38055,2627887616.0,,1.0
CNK,False,69.18937404826728,"graham_current_ratio,graham_debt_to_equity,graham_earnings_stability,graham_pe,graham_pe_times_pb",4241214720.0,20.441341,8.467947,0.845,5.87527,0.45816,0.49416,0.21705,227587504.0,0.0097,3.0
ADP,False,69.14627819841363,"graham_current_ratio,graham_pe,graham_pe_times_pb",113092755456.0,25.998173,18.777124,1.051,0.9143600000000001,0.72239,0.48653,0.23459,5243049984.0,0.0242,4.0
ENR,False,69.1000482857143,"graham_size,graham_debt_to_equity,graham_earnings_stability,graham_pe_times_pb",1514173312.0,18.579832,7.451972,2.072,16.88484,0.42183998,0.38998002,0.14235,234537504.0,0.0546,3.0
MMM,False,69.07251234507315,"graham_current_ratio,graham_debt_to_equity,graham_earnings_stability,graham_pe,graham_pe_times_pb",92226641920.0,31.763765,31.242138,1.24,4.37937,0.81891996,0.39408,0.20354,6350125056.0,0.0173,2.0
LQDA,False,68.90627849293868,"graham_earnings_stability,graham_pe,graham_pe_times_pb",6260251648.0,49.957146,31.936073,2.312,0.93738,1.3181599,0.92542,0.49812,74296128.0,,0.0
CHTR,False,68.87087845238095,"graham_current_ratio,graham_debt_to_equity",19990198272.0,3.859485,1.0436106,0.361,4.41578,0.27201998,0.55189997,0.23503,2198374912.0,,4.0
OXY,False,68.80616638889816,"graham_current_ratio,graham_pe_times_pb,munger_roe",59148541952.0,17.454277,1.7679045,1.411,0.34511000000000003,0.10629,0.73318,0.45443,3788124928.0,0.0191,4.0
GRMN,False,68.75091698328487,"graham_pe,graham_pe_times_pb",55902167040.0,29.945246,6.193274,3.028,0.02513,0.21886998,0.60081,0.30438998,1043656256.0,0.014499999999999999,4.0
RRR,False,68.68564702548416,"graham_current_ratio,graham_debt_to_equity,graham_pe,graham_pe_times_pb",5956083712.0,20.636044,19.769804,0.677,12.456679999999999,1.08938,0.67221,0.26652,173044752.0,0.0174,4.0
CTAS,False,68.62616526325176,"graham_current_ratio,graham_pe,graham_pe_times_pb",81694613504.0,41.4939,15.893343,1.434,0.52646,0.40714002,0.50668997,0.23688,1464424832.0,0.0101,4.0
KRYS,False,68.58074710607058,"graham_earnings_stability,graham_pe,graham_pe_times_pb",10580400128.0,44.738422,8.241722,8.318,0.00651,0.20124,0.94639,0.48999,151739744.0,,3.0
CBOE,False,68.55050190642066,"graham_pe,graham_pe_times_pb",32786118656.0,24.469994,5.834743,1.565,0.2809,0.26297,0.54078996,0.34634,678249984.0,0.011000000000000001,4.0
NSSC,False,68.42940369592915,"graham_size,graham_pe,graham_pe_times_pb",1261910400.0,29.399998,7.090032,4.899,0.12493,0.2393,0.5899,0.17812,50773248.0,0.0171,4.0
HIG,True,68.36820313095238,,37326163968.0,9.516575,1.9394519,1.772,0.22329999999999997,0.22061001,0.37868,0.17615,5507500032.0,0.0172,4.0
KO,False,68.35042158552962,"graham_current_ratio,graham_debt_to_equity,graham_pe,graham_pe_times_pb",383184994304.0,26.744745,10.601119,1.305,1.1551900000000002,0.42054,0.61888003,0.34873,5218749952.0,0.0235,4.0
EQT,False,68.34406402788369,"graham_current_ratio,munger_roe",34259513344.0,12.707657,1.356331,0.673,0.19594999999999999,0.11078,0.80748004,0.23372999,2460903936.0,0.012,4.0
FANG,False,68.31805015,"graham_current_ratio,graham_pe,graham_pe_times_pb,munger_roe",56149565440.0,38.121674,1.4844208,0.467,0.28678000000000003,0.034930002,0.72353995,0.48466998,5035500032.0,0.022000000000000002,4.0
PCTY,False,68.29078689722762,"graham_current_ratio,graham_pe,graham_pe_times_pb",8756132864.0,32.07911,7.168759,1.089,0.10887000000000001,0.21972999,0.69281995,0.19062,359865120.0,,4.0
FDS,False,68.23886559829121,"graham_current_ratio,graham_pe,graham_pe_times_pb",10828641280.0,20.04411,5.3600097,0.683,0.7728400000000001,0.27032,0.51382,0.30542,621161344.0,0.015700000000000002,4.0
RMBS,False,68.23668370423434,"graham_earnings_stability,graham_pe,graham_pe_times_pb",9881936896.0,41.793575,6.7379084,9.754,0.014870000000000001,0.17789,0.80357003,0.36671,202302368.0,,3.0
KLAC,False,68.20075986064832,"graham_pe,graham_pe_times_pb",240104112128.0,50.210384,37.828327,2.876,0.9688,0.87496,0.61301,0.42486,2624587520.0,0.005,4.0
MAS,False,68.16103021902627,"data_missing:debt_to_equity,graham_pe_times_pb",14353272832.0,16.771889,-39.32469,1.865,,58.625,0.37205002,0.23645,897124992.0,0.0174,4.0
EBAY,False,67.9216083889335,"graham_current_ratio,graham_debt_to_equity,graham_earnings_stability,graham_pe,graham_pe_times_pb",45510148096.0,21.485292,9.950379,1.019,1.53012,0.46611,0.72052,0.2157,1579624960.0,0.011899999999999999,3.0
AAMI,False,67.89395296855511,"graham_current_ratio,graham_debt_to_equity,graham_pe,graham_pe_times_pb",3453544192.0,34.38516,37.54244,1.048,1.9331800000000001,1.0676999,0.40853,0.17612,231087504.0,0.0042,4.0
SM,False,67.82334999999999,graham_current_ratio,8755408896.0,6.526596,1.118913,0.615,0.95136,0.16125,0.86457,0.60323,1472082944.0,0.024900000000000002,4.0
USLM,False,67.80985422757063,"graham_pe,graham_pe_times_pb",3432849664.0,25.623127,5.178966,27.543,0.0046700000000000005,0.21354,0.55302,0.41013,47104248.0,0.002,4.0
TXN,False,67.7593943222925,"graham_pe,graham_pe_times_pb",243417038848.0,40.569256,13.514172,4.857,0.78036,0.35176,0.58325,0.42576998,3545250048.0,0.0217,4.0
DVA,False,67.67128571428572,"graham_current_ratio,graham_debt_to_equity,graham_pe_times_pb",11412544512.0,15.17218,-14.952771,1.467,12.419860000000002,0.88475,0.32364,0.16061,1042460032.0,,4.0
AFL,False,67.66305866666667,graham_current_ratio,58446602240.0,12.576052,1.9316676,0.892,0.5336500000000001,0.16908,0.50888,0.25722998,5152249856.0,0.0208,4.0
LLY,False,67.63781052680402,"graham_current_ratio,graham_debt_to_equity,graham_pe,graham_pe_times_pb",1048776998912.0,39.546066,30.948372,1.355,1.6207099999999999,1.02286,0.83399004,0.54222,11065900032.0,0.0058,4.0
UPWK,False,67.55675671428573,"graham_size,graham_current_ratio,graham_earnings_stability",1114138112.0,11.435898,1.9751993,1.424,0.6206900000000001,0.16695,0.77242,0.21806999,156381744.0,,3.0
ACN,False,67.49053571428571,"graham_current_ratio,graham_pe_times_pb",114665709568.0,14.966454,3.5950963,1.339,0.25035,0.24406,0.32013,0.16964,12089380864.0,0.0359,4.0
IPAR,False,67.45161070522343,"graham_pe,graham_pe_times_pb",3755663104.0,22.422562,4.3145695,3.31,0.1512,0.19105,0.58882,0.14351,219527504.0,0.0275,4.0
FIZZ,False,67.43286141956969,graham_pe_times_pb,3039585024.0,16.566326,4.744302,4.386,0.09271000000000001,0.34018,0.37039003,0.16876,106155752.0,,4.0
WU,False,67.28571495238096,"graham_current_ratio,graham_debt_to_equity",2248647424.0,5.814516,2.457396,0.277,2.94873,0.43975,0.35094002,0.13038,357275008.0,0.1295,4.0
FFIV,False,67.17236198681681,"graham_pe,graham_pe_times_pb",23229603840.0,32.68685,6.045895,1.665,0.06546,0.1983,0.81865996,0.24649,717135488.0,,4.0
WEN,False,67.16214285714285,"data_missing:price_to_book,graham_size,graham_debt_to_equity",1489843840.0,11.840909,,1.897,33.806149999999995,1.08042,0.33111,0.14292,173339744.0,0.031,4.0
GNTX,True,67.13547674311752,,4858357248.0,12.201058,1.9143285,3.038,0.00441,0.16354999,0.35018003,0.21757,368035744.0,0.020099999999999996,4.0
CPRT,False,67.12998874853855,"graham_pe,graham_pe_times_pb",30329581568.0,20.347824,3.45679,7.613,0.010589999999999999,0.17607,0.47522998,0.37530997,999977152.0,,4.0
WDFC,False,67.12824748352679,"graham_pe,graham_pe_times_pb",2938146304.0,33.270515,10.55443,2.654,0.41048,0.33306,0.55821997,0.20673001,68620496.0,0.0189,4.0
WRB,False,67.04367670238096,"data_missing:price_to_book,graham_current_ratio",25369688064.0,14.061728,,0.406,0.31527,0.20207001,0.43785998,0.16385001,3045504768.0,0.0058,4.0
FAST,False,66.93627590520866,"graham_pe,graham_pe_times_pb",58677288960.0,43.705128,14.420473,4.18,0.10851000000000001,0.34334,0.44701,0.21023001,916124992.0,0.018799999999999997,4.0
SNA,False,66.91710829448428,"graham_pe,graham_pe_times_pb",20475664384.0,20.195917,3.388867,3.433,0.21594999999999998,0.17932,0.5183,0.25397,1109474944.0,0.0246,4.0
CME,False,66.86253634685275,"graham_current_ratio,graham_pe,graham_pe_times_pb",101020196864.0,23.808474,3.80595,1.018,0.14587,0.15802,1.0,0.65036005,2909012480.0,0.018500000000000003,4.0
AON,False,66.86242695262068,"graham_current_ratio,graham_debt_to_equity,graham_pe_times_pb",74150567936.0,19.29139,7.720988,1.033,1.6348099999999999,0.44699,0.48154,0.23457001,3190874880.0,0.009300000000000001,4.0
IIPR,False,66.6556630125559,"graham_size,munger_roe",1555575424.0,12.764706,0.90303785,4.581,0.32892000000000005,0.073850006,0.88355005,0.48824,99872376.0,0.1332,4.0
GMED,False,66.61990032369364,"graham_pe,graham_pe_times_pb,munger_roe",11081978880.0,21.109974,2.3662634,4.622,0.02347,0.118140005,0.68974996,0.24755,554194880.0,,4.0
SSD,False,66.54007979823997,graham_pe_times_pb,7478884352.0,19.964989,3.6463912,3.288,0.21084,0.18722,0.45841,0.24405001,446386496.0,0.006500000000000001,4.0
RL,False,66.53004865631827,"graham_debt_to_equity,graham_pe,graham_pe_times_pb",20966989824.0,22.173912,7.706289,2.045,1.10373,0.37537,0.70268995,0.18395,880087488.0,0.011000000000000001,4.0
MC,False,66.48103657142858,"data_missing:free_cash_flow,graham_current_ratio,graham_earnings_stability,graham_pe,graham_pe_times_pb",5084171776.0,23.912891,10.051259,1.167,0.40954999999999997,0.41454,0.92286,0.17790002,,0.0387,2.0
PLMR,False,66.45355714285714,"graham_current_ratio,graham_pe_times_pb,munger_gross_margin",3433576704.0,17.436071,3.458448,0.541,0.30152,0.22226,0.27354,0.23774,569934144.0,0.0137,4.0
EXE,False,66.41719639287001,"graham_current_ratio,graham_earnings_stability,munger_roe",22687371264.0,8.448276,1.1832176,0.959,0.19207000000000002,0.14893,0.47069,0.26323998,1466249984.0,0.023799999999999998,1.0
GEV,False,66.27406188793374,"graham_current_ratio,graham_earnings_stability,graham_pe,graham_pe_times_pb,munger_gross_margin",254036967424.0,27.346043,21.245796,0.85,0.28364,0.82577,0.2057,0.07466,15722125312.0,0.0021,2.0
YETI,False,66.21334332874534,graham_pe_times_pb,3053851392.0,18.350878,4.8252797,1.751,0.41515,0.25320998,0.59208,0.19327,127417000.0,,4.0
LTC,False,66.05935,"graham_pe_times_pb,munger_roe",2193417216.0,14.532143,2.0726364,20.833,0.85301,0.11806,0.60456,0.52867,256029248.0,0.056299999999999996,4.0
UBER,False,65.90429597937528,"graham_current_ratio,graham_earnings_stability,graham_pe_times_pb",157174988800.0,16.875,5.7468257,0.843,0.51872,0.3716,0.40752,0.13317999,7244749824.0,,3.0
PJT,False,65.82422857142858,"data_missing:free_cash_flow,graham_pe,graham_pe_times_pb",7610416640.0,24.3406,14.649065,1.706,0.42652999999999996,0.37633,0.95252,0.20994,,0.005699999999999999,4.0
IBM,False,65.6940105394099,"graham_current_ratio,graham_debt_to_equity,graham_pe,graham_pe_times_pb",224972259328.0,21.590414,6.530026,0.791,1.8897,0.34460998,0.58098,0.16548,12049750016.0,0.0294,4.0
OLED,False,65.61232076334997,"graham_pe,graham_pe_times_pb,munger_roe",3900285952.0,20.495169,2.3294442,8.498,0.01288,0.115159996,0.73767996,0.35257998,111837128.0,0.023,4.0
PEP,False,65.53122673116518,"graham_current_ratio,graham_debt_to_equity,graham_pe_times_pb",190857527296.0,18.287958,8.636953,0.934,2.3894900000000003,0.51508,0.54171,0.16836001,7831875072.0,0.0416,4.0
BR,False,65.44536146863284,"graham_current_ratio,graham_debt_to_equity,graham_pe_times_pb",20875110400.0,19.05099,7.3475943,1.236,1.23939,0.40916002,0.31780002,0.24609,1194499968.0,0.024,4.0
VEEV,False,65.36616956696561,"graham_pe,graham_pe_times_pb,munger_roe",45830127616.0,46.25082,6.2936115,4.738,0.014110000000000001,0.13934,0.75021005,0.30932,1259549056.0,,4.0
EPAC,False,65.29298960820532,"graham_size,graham_pe,graham_pe_times_pb",1932868864.0,21.306818,4.521886,2.67,0.43579999999999997,0.21645,0.50092,0.2469,102963752.0,0.0011,4.0
MUR,False,65.28415515779609,"graham_current_ratio,munger_roe",5153417216.0,17.79703,0.97996455,0.854,0.41896,0.06461,0.82672995,0.3793,344718368.0,0.0404,4.0
MSI,False,65.23829562451212,"graham_current_ratio,graham_debt_to_equity,graham_pe,graham_pe_times_pb",80519348224.0,38.400948,30.135645,1.099,3.5785,0.91567004,0.52112,0.27354,1979000064.0,0.009899999999999999,4.0
MKTX,False,65.21374999999999,"graham_pe_times_pb,munger_fcf",5717437440.0,19.180637,4.6146855,7.465,0.14275000000000002,0.2314,0.61662996,0.41862,-457790016.0,0.0192,4.0
AOS,False,65.20080341869124,graham_pe_times_pb,8419536384.0,17.256268,4.571281,1.594,0.36766,0.27133,0.38592,0.18929,484612512.0,0.023,4.0
IESC,False,65.18364135574404,"graham_pe,graham_pe_times_pb,munger_gross_margin",13296320512.0,29.60692,10.816586,1.63,0.062329999999999997,0.44522998,0.26305,0.14364,329443360.0,,4.0
VNT,False,65.13685716940066,"graham_current_ratio,graham_debt_to_equity,graham_pe_times_pb",4477824000.0,13.742738,3.707601,1.252,1.6099199999999998,0.289,0.47235,0.19387,347624992.0,0.003,4.0
CSCO,False,65.09397140258025,"graham_current_ratio,graham_pe,graham_pe_times_pb",442031898624.0,33.67868,8.807131,0.931,0.58731,0.27319,0.64564,0.27701,11568000000.0,0.015,4.0
ORCL,False,65.0,"graham_current_ratio,graham_debt_to_equity,graham_pe,graham_pe_times_pb,munger_fcf",437658779648.0,26.017122,11.651841,1.115,3.8887,0.53376,0.65822,0.36202,-24536750080.0,0.0134,4.0
VIRT,False,65.0,"data_missing:free_cash_flow,graham_current_ratio,graham_debt_to_equity,graham_pe_times_pb",5919677440.0,11.136212,3.3625922,1.108,4.15015,0.53617,0.65787005,0.36321,,0.0146,4.0
ODFL,False,64.92715383438266,"graham_pe,graham_pe_times_pb",41606135808.0,38.47308,9.127658,1.889,0.0044,0.24818,0.39566,0.28835,970776000.0,0.0058,4.0
NATL,False,64.85933333333334,"graham_current_ratio,graham_debt_to_equity,graham_earnings_stability,graham_pe_times_pb,munger_gross_margin",3399997952.0,17.833334,7.3182755,1.026,6.342670000000001,0.48529,0.25345,0.14959,477875008.0,,2.0
SPGI,False,64.85609942444796,"graham_current_ratio,graham_pe,graham_pe_times_pb,munger_roe",128352976896.0,26.531994,4.074587,0.954,0.42979999999999996,0.14255,0.70903,0.4479,5448249856.0,0.0089,4.0
MPWR,False,64.81469910571916,"graham_pe,graham_pe_times_pb",64430403584.0,79.79793,16.53963,4.975,0.00486,0.21979,0.55195,0.30989,444316128.0,0.0060999999999999995,4.0
OVV,False,64.76413820054574,"graham_current_ratio,munger_roe",18028787712.0,18.206705,1.5678445,1.008,0.43734,0.08411,0.53859,0.36176997,1230499968.0,0.018600000000000002,4.0
JNJ,False,64.7509725287424,"graham_current_ratio,graham_pe,graham_pe_times_pb",640478674944.0,30.867596,7.532309,1.089,0.57709,0.25742,0.6814,0.2919,16885125120.0,0.0199,4.0
OGN,False,64.71389285714287,"graham_debt_to_equity,graham_pe_times_pb",3613506048.0,17.641027,3.5917516,1.954,8.50199,0.24037,0.53403,0.20732,490750016.0,0.0058,4.0
TRNO,False,64.67377558727564,"graham_current_ratio,munger_roe",7312997888.0,18.040323,1.6310213,0.62,0.21396,0.0928,0.76206,0.41769,319524640.0,0.0337,4.0
FAF,False,64.64292142857143,"graham_current_ratio,munger_roe",7611555328.0,10.339807,1.3528473,0.396,0.49421,0.13846,0.63984,0.15567,2337762560.0,0.029900000000000003,4.0
PATH,False,64.5656133525403,"graham_earnings_stability,graham_pe,graham_pe_times_pb",9497144320.0,30.55,5.013676,2.307,0.04362,0.18181999,0.8305,0.07274,511553632.0,,1.0
PG,False,64.44570425835383,"graham_current_ratio,graham_pe,graham_pe_times_pb",332719357952.0,21.589743,6.237852,0.677,0.6448999999999999,0.30290002,0.50873,0.22084999,13280874496.0,0.03,4.0
EVR,False,64.36697857142858,"data_missing:free_cash_flow,graham_pe_times_pb",11234285568.0,16.457464,6.0441537,1.827,0.50183,0.39504,0.93934995,0.16955,,0.012199999999999999,4.0
DFIN,False,64.31420639285714,"graham_size,graham_current_ratio,graham_pe,graham_pe_times_pb,munger_roe",1179115008.0,31.142857,3.0578933,1.326,0.5464600000000001,0.08590999,0.64206004,0.25825,132825000.0,,4.0
GL,False,64.22035572619048,graham_current_ratio,13508595712.0,11.6875,2.2002754,0.795,0.55675,0.20944999,0.33905998,0.24642,1163503360.0,0.0075,4.0
BRO,False,63.87366243606421,"graham_current_ratio,graham_pe,graham_pe_times_pb,munger_roe",23887833088.0,22.808306,1.8722789,1.127,0.63975,0.10023,0.56281,0.41838002,1642749952.0,0.0091,4.0
ITW,False,63.83197533798221,"graham_current_ratio,graham_debt_to_equity,graham_pe,graham_pe_times_pb",80219619328.0,25.490498,27.874323,1.109,3.3485300000000002,1.04618,0.44162,0.26900998,2432999936.0,0.0241,4.0
ROL,False,63.82028902945436,"graham_current_ratio,graham_pe,graham_pe_times_pb",17292365824.0,32.672726,12.096937,0.629,0.78015,0.37008998,0.52366,0.18799,501737504.0,0.0199,4.0
CVSA,False,63.81229045143011,"graham_current_ratio,graham_pe_times_pb",4788580864.0,18.757332,3.3105848,1.093,0.62613,0.18569,0.57338,0.19256,323942752.0,,4.0
KEYS,False,63.77282182704055,"graham_pe,graham_pe_times_pb",55487148032.0,44.02973,8.787895,2.024,0.4179,0.20897,0.64692,0.24972999,1923374976.0,,4.0
FTI,False,63.636109423248,"graham_current_ratio,graham_earnings_stability,graham_pe,graham_pe_times_pb,munger_gross_margin",29929986048.0,26.685316,9.163164,1.08,0.37898000000000004,0.35814,0.22966999,0.1769,1463362560.0,0.0026,3.0
VSNT,False,63.62632814285715,munger_roe,5494434816.0,7.2440367,0.6770592,2.38,0.38869,0.08063,0.56526,0.22323999,1979750016.0,0.0382,4.0
STRL,False,63.536561395017344,"graham_current_ratio,graham_pe,graham_pe_times_pb,munger_gross_margin",15489107968.0,36.481987,11.415786,1.107,0.24222000000000002,0.40005,0.23807,0.20055,349384384.0,,4.0
LPG,False,63.417049999999996,munger_fcf,2108330368.0,6.535809,1.7050723,3.256,0.5226299999999999,0.28342,0.72923,0.59928,-119725848.0,0.0699,4.0
LZ,False,63.38733608928572,"graham_size,graham_current_ratio,graham_earnings_stability,graham_pe,graham_pe_times_pb,munger_roe",1036152192.0,67.22222,7.9710145,0.667,0.11903000000000001,0.104940005,0.66700995,0.05372,124770128.0,,3.0
BF-B,False,63.37601687458033,graham_pe_times_pb,12517817344.0,17.830067,3.112734,3.239,0.6495000000000001,0.17846,0.6054,0.23246,739625024.0,0.0329,4.0
PYPL,False,63.37357685714286,"graham_current_ratio,graham_pe_times_pb",52585181184.0,11.620038,2.6734223,1.288,0.7175100000000001,0.24497,0.40477002,0.16966,4423124992.0,0.0091,4.0
VLTO,False,63.306451453591585,"graham_debt_to_equity,graham_pe,graham_pe_times_pb",23981950976.0,24.778337,7.7566633,1.775,1.15978,0.34312,0.60183,0.21370001,807124992.0,0.0053,4.0
BX,False,63.3027515,"data_missing:free_cash_flow,graham_current_ratio,graham_pe,graham_pe_times_pb",171692572672.0,32.134228,12.746472,0.872,0.6818500000000001,0.31374002,1.0,0.54357,,0.0365,4.0
ADT,False,63.22632067857143,"graham_current_ratio,graham_debt_to_equity",5449971712.0,10.361111,1.5567614,0.69,2.23863,0.17212999,0.80657,0.24072,1197478400.0,0.0296,4.0
STRA,False,63.213164285714285,"graham_size,graham_current_ratio,munger_roe",1900523008.0,14.287147,1.1506245,1.096,0.06532,0.08151,0.49056,0.15698,154841120.0,0.0281,4.0
CDNS,False,63.07347157404888,"graham_pe,graham_pe_times_pb",95712829440.0,69.23306,13.95671,1.743,0.38661,0.23229,0.85871005,0.28575,1609676544.0,,4.0
NTCT,False,62.97721022000624,"graham_earnings_stability,graham_pe,graham_pe_times_pb,munger_roe",2869030400.0,24.060976,1.7250273,1.825,0.02404,0.0754,0.79839,0.06892,226413504.0,,1.0
ALGN,False,62.95485712335924,"graham_current_ratio,graham_pe,graham_pe_times_pb,munger_roe",11283970048.0,27.576387,2.6737587,1.395,0.02855,0.10155,0.70365,0.18247,584361344.0,,4.0
MSA,False,62.954142186656355,"graham_pe,graham_pe_times_pb",7394300416.0,23.839552,5.2924123,3.236,0.45911,0.2366,0.47571,0.24591999,316457248.0,0.0113,4.0
OHI,False,62.932682309346376,"graham_current_ratio,graham_pe_times_pb",14780271616.0,16.47331,2.5685275,0.444,0.7147100000000001,0.16529,0.97924006,0.61487,665501376.0,0.0579,4.0
BCO,False,62.88261887619048,"graham_debt_to_equity,graham_pe,graham_pe_times_pb,munger_gross_margin",4508910592.0,25.344906,14.528928,1.62,10.29747,0.46236,0.26431,0.095019996,391237504.0,0.0091,4.0
MLI,False,62.824120119478955,"graham_pe_times_pb,munger_gross_margin",14195422208.0,16.713543,4.0012465,4.775,0.0069099999999999995,0.26325,0.28776,0.2181,524939744.0,0.0109,4.0
AWI,False,62.74586929076407,"graham_pe,graham_pe_times_pb",7419238912.0,24.015049,8.402738,1.519,0.65589,0.36618,0.40308997,0.21568,220824992.0,0.0076,4.0
STX,False,62.72275000647423,"graham_debt_to_equity,graham_earnings_stability,graham_pe,graham_pe_times_pb",192013238272.0,61.037464,173.60655,1.67,1.7988,3.7152898,0.45576,0.4307,1943750016.0,0.0034999999999999996,3.0
BRX,False,62.689059746970464,"graham_current_ratio,graham_debt_to_equity,graham_pe,graham_pe_times_pb,munger_roe",8933053440.0,20.792858,2.9562304,0.596,1.76202,0.14413,0.7515,0.36018002,603135104.0,0.04190000000000001,4.0
THG,False,62.687021428571434,"graham_current_ratio,munger_gross_margin",7927171584.0,10.892823,2.1634722,0.36,0.22982,0.21885,0.25191,0.14755,1081224960.0,0.0166,4.0
CSL,False,62.62140469066539,"graham_debt_to_equity,graham_pe,graham_pe_times_pb",14326475776.0,20.461714,8.857297,2.6,1.78698,0.39183,0.35264,0.22849001,669737472.0,0.0137,4.0
ULTA,False,62.563393907144025,"graham_current_ratio,graham_pe,graham_pe_times_pb",23218526208.0,20.251217,8.508862,1.311,0.89209,0.47449002,0.43186,0.14168,973080128.0,,4.0
SPSC,False,62.56214958266948,"graham_pe,graham_pe_times_pb,munger_roe",3031214592.0,40.48077,3.247329,2.259,0.00672,0.08262,0.69821,0.16108999,176569376.0,,4.0
ZWS,False,62.508176453950824,"graham_pe,graham_pe_times_pb",8052701696.0,30.15528,4.85986,3.053,0.33181,0.16919,0.49008998,0.31365,322675008.0,0.0089,4.0
REGN,False,62.4749324728886,"graham_pe_times_pb,munger_roe",83157778432.0,19.987875,2.555147,3.335,0.08535,0.14043,0.44458,0.33106,3065299968.0,0.0046,4.0
ANET,False,62.44297280022772,"data_missing:debt_to_equity,graham_pe,graham_pe_times_pb",253619666944.0,63.636074,17.13884,2.957,,0.31476,0.63004,0.45393002,3891512576.0,,4.0
VRT,False,62.38405815534207,"graham_current_ratio,graham_pe,graham_pe_times_pb",103669612544.0,60.785557,21.78817,1.379,0.70166,0.43943,0.38039002,0.20362,2696537600.0,0.0009,4.0
AROC,False,62.377121785906695,"graham_current_ratio,graham_debt_to_equity,graham_pe_times_pb",5621342720.0,17.236559,3.6193273,1.394,1.51872,0.22194,0.67337996,0.35931998,241304496.0,0.028999999999999998,4.0
TT,False,62.3258525370061,"graham_current_ratio,graham_pe,graham_pe_times_pb",99958734848.0,33.80283,11.606714,1.073,0.5340400000000001,0.36643,0.35389,0.19251,3121687552.0,0.0091,4.0
BRK-B,False,62.271663701516786,"graham_earnings_stability,munger_roe",1078275538944.0,12.658959,0.00096452516,2.891,0.17142,0.121199995,0.30332002,0.32561,71975247872.0,,3.0
DV,False,62.23336085068768,"graham_pe,graham_pe_times_pb,munger_roe",2067534336.0,38.11429,1.8884485,4.498,0.10217999999999999,0.05389,0.82434,0.11942001,162146880.0,,4.0
OUT,False,62.09491906939366,"graham_current_ratio,graham_debt_to_equity,graham_earnings_stability,graham_pe,graham_pe_times_pb",5296387072.0,21.633093,7.6397357,0.67,5.7364,0.35024,0.51405,0.22278,193724992.0,0.04019999999999999,2.0
COP,False,62.00926320832198,"graham_pe_times_pb,munger_roe",155597242368.0,17.132277,2.3810139,1.542,0.35639000000000004,0.1418,0.47574002,0.3151,7691375104.0,0.025699999999999997,4.0
EPR,False,61.97665507923924,"graham_debt_to_equity,graham_pe_times_pb,munger_roe",4566657536.0,19.10577,1.9760003,1.666,1.52233,0.113170005,0.91873,0.54328996,337729984.0,0.062,4.0
CTSH,False,61.94394157579304,munger_roe,28720322560.0,13.682404,1.992749,2.182,0.14479,0.14924,0.3344,0.17479,2215500032.0,0.0213,4.0
CB,False,61.93501642857143,"graham_current_ratio,munger_roe",130519957504.0,11.988306,1.7309287,0.41,0.30940999999999996,0.14822,0.31129998,0.23527001,10488000512.0,0.011899999999999999,4.0
CRI,False,61.906691571428574,"graham_size,graham_debt_to_equity",1223950848.0,6.220149,1.1914377,2.47,1.15325,0.20742,0.48601002,0.23683001,246791008.0,0.0292,4.0
PRGS,False,61.879214714285716,"graham_size,graham_current_ratio,graham_debt_to_equity,graham_pe,graham_pe_times_pb",1854605440.0,21.951458,3.6914287,0.809,2.6216199999999996,0.18574,0.8557,0.18547001,307682624.0,,4.0
POWL,False,61.75992574973436,"graham_pe,graham_pe_times_pb",7015090176.0,36.886974,9.276835,1.971,0.00334,0.28252,0.3008,0.20554,190403632.0,0.0019,4.0
BAH,False,61.74361904761905,"graham_debt_to_equity,graham_pe_times_pb,munger_gross_margin",9006939136.0,11.755102,7.493245,1.595,3.4608999999999996,0.68637,0.2242,0.09964,860875008.0,0.0318,4.0
QTWO,False,61.62364875374489,"graham_current_ratio,graham_earnings_stability,graham_pe,graham_pe_times_pb,munger_roe",4095456512.0,46.25352,6.365575,0.945,0.06361,0.14984,0.56988996,0.1336,190320000.0,,1.0
LRN,True,61.57451917658962,,3545054720.0,11.946779,2.146506,5.941,0.33448,0.21735,0.37750998,0.15981,224867120.0,,4.0
SHW,False,61.57078002150532,"graham_current_ratio,graham_debt_to_equity,graham_pe,graham_pe_times_pb",83802537984.0,31.84594,21.612095,0.727,3.8995800000000003,0.65124,0.48981997,0.18124,2506037504.0,0.0092,4.0
VZ,False,61.55588095238096,"graham_current_ratio,graham_debt_to_equity",205370540032.0,12.872396,1.9762515,0.604,1.8408099999999998,0.15842,0.59453,0.22999,17466624000.0,0.0564,4.0
LQDT,False,61.50027981940242,"graham_size,graham_pe,graham_pe_times_pb,munger_roe",1309348352.0,40.97059,5.550538,1.58,0.05869,0.14965001,0.47627997,0.10837,81894248.0,,4.0
PSA,False,61.48817277439862,"graham_current_ratio,graham_debt_to_equity,graham_pe,graham_pe_times_pb",58115276800.0,29.723019,11.291318,0.22,1.09632,0.21929,0.7442,0.45703998,2334240256.0,0.0378,4.0
CVLT,False,61.46984610748794,"graham_debt_to_equity,graham_earnings_stability,graham_pe,graham_pe_times_pb",5817159168.0,89.974365,111.75159,2.043,17.62992,0.32773998,0.81087,0.089499995,303740256.0,,3.0
BLK,False,61.43389636525154,"graham_pe,graham_pe_times_pb,munger_roe",189702324224.0,27.952356,3.1411283,2.447,0.23192000000000002,0.122779995,0.47152,0.35079,7578124800.0,0.0195,4.0
INSP,False,61.40071612821434,"graham_size,graham_earnings_stability",1758329088.0,13.426048,2.129552,8.551,0.03524,0.17965001,0.86132,-0.0025600002,94637248.0,,2.0
ANIP,False,61.3355290108909,"graham_size,graham_debt_to_equity,graham_earnings_stability,graham_pe_times_pb",1688550656.0,16.015251,2.637982,2.91,1.0482500000000001,0.20459,0.60403997,0.14974,132205752.0,,1.0
G,True,61.282330174555675,,6306330624.0,11.169642,2.4209778,1.996,0.54308,0.22447,0.36456,0.15016,479428736.0,0.0203,4.0
SKT,False,61.18981528550758,"graham_current_ratio,graham_debt_to_equity,graham_pe,graham_pe_times_pb",4501947904.0,34.550457,6.4189534,0.743,2.7831099999999998,0.19399999,0.73124003,0.32639998,227820992.0,0.032799999999999996,4.0
EME,False,61.16501869296742,"graham_current_ratio,graham_pe,graham_pe_times_pb,munger_gross_margin",34186936320.0,24.106997,8.406165,1.277,0.13432,0.40348998,0.19426,0.10618,978281600.0,0.0021,4.0
ROP,False,61.15132595565057,"graham_current_ratio,graham_pe_times_pb,munger_roe",41804410880.0,17.604748,2.2354734,0.553,0.60531,0.13066,0.69525003,0.27725,2265687552.0,0.0088,4.0
SHC,False,61.08285230425311,"graham_debt_to_equity,graham_earnings_stability,graham_pe,graham_pe_times_pb",5559100416.0,34.175438,8.349764,2.796,3.4073399999999996,0.27781,0.54969,0.37956002,153967120.0,,3.0
PIPR,False,60.96836428571428,"data_missing:free_cash_flow,graham_pe_times_pb",5274830336.0,17.277777,3.6728668,2.429,0.11269,0.24528,0.91817003,0.21613,,0.010700000000000001,4.0
DLB,False,60.86318918966397,"graham_pe,graham_pe_times_pb,munger_roe",5845869056.0,26.557447,2.2621334,3.185,0.0183,0.08758,0.87612,0.12548,331846016.0,0.0222,4.0
CRC,False,60.7986413408207,"data_missing:trailing_pe,graham_current_ratio,munger_roe",4702125056.0,,1.3821733,0.661,0.39594,-0.03554,0.5676,0.46795,335124992.0,0.0308,4.0
ADI,False,60.78638482263599,"graham_current_ratio,graham_pe,graham_pe_times_pb,munger_roe",181479456768.0,44.585716,5.40909,1.25,0.27314,0.12227,0.65800005,0.39503,4147339008.0,0.0118,4.0
ILMN,False,60.7573864449912,"graham_earnings_stability,graham_pe,graham_pe_times_pb",34381189120.0,42.55888,12.114392,1.796,0.89042,0.32339,0.67934996,0.21139,797625024.0,,1.0
GWW,False,60.736246257666615,"graham_pe,graham_pe_times_pb",62224113664.0,33.649517,15.062594,2.805,0.6197699999999999,0.46091,0.39395002,0.16072,1247750016.0,0.0075,4.0
ROST,False,60.709859413164125,"graham_pe,graham_pe_times_pb",73737945088.0,27.795645,11.704175,1.612,0.70281,0.42628,0.34175,0.17616,2156282880.0,0.0075,4.0
WWW,False,60.66539185714286,"data_missing:price_to_book,graham_size,graham_debt_to_equity,graham_earnings_stability",1621630848.0,15.437501,,1.549,1.59137,0.27647,0.47120997,0.09854,131325000.0,0.0199,2.0
ELS,False,60.57998486330134,"graham_current_ratio,graham_debt_to_equity,graham_pe,graham_pe_times_pb",12814652416.0,30.874397,7.0509706,0.139,1.82359,0.22877,0.53656,0.32112998,603528512.0,0.0336,4.0
PTGX,False,60.55917173609744,"graham_earnings_stability,graham_pe,graham_pe_times_pb,munger_roe",9673888768.0,145.14563,11.489394,21.709,0.01095,0.10985,1.0,0.74372,96145752.0,,0.0
NVR,False,60.53478938192971,"graham_pe_times_pb,munger_gross_margin",17047649280.0,16.549541,5.027033,5.67,0.3215,0.31544,0.2184,0.13889,918313280.0,,4.0
PR,False,60.517721679515965,"graham_current_ratio,munger_roe",19414573056.0,14.95484,1.6170213,0.624,0.26245999999999997,0.114029996,0.75848997,0.57444,458368128.0,0.0277,4.0
HQY,False,60.51634008479323,"graham_earnings_stability,graham_pe,graham_pe_times_pb,munger_roe",7807605760.0,34.977528,3.8282435,3.437,0.48094000000000003,0.11062,0.70677,0.29343998,370328512.0,,3.0
BFS,False,60.35454936260325,"graham_size,graham_current_ratio,graham_debt_to_equity,graham_pe,graham_pe_times_pb,munger_roe",1161685248.0,34.484535,7.473191,0.624,3.41757,0.09559,0.70258003,0.41125,84502376.0,0.0701,4.0
VLO,False,60.33669252380952,"graham_pe_times_pb,munger_gross_margin",99792773120.0,14.453295,3.9915926,1.636,0.40148000000000006,0.27637,0.16118999,0.12269,8416374784.0,0.0138,4.0
ICE,False,60.222103863313016,"graham_current_ratio,graham_pe,graham_pe_times_pb,munger_roe",90519248896.0,22.74189,3.0959468,1.012,0.69226,0.14094,1.0,0.52626,3633625088.0,0.0128,4.0
HON,False,60.19120956670635,"graham_current_ratio,graham_debt_to_equity,graham_pe_times_pb",69850406912.0,8.470023,3.7681878,1.211,1.85369,0.46577,0.36511,0.20249,2610374912.0,0.0127,4.0
TDS,False,60.153668416666676,"data_missing:price_to_book,graham_earnings_stability,munger_roe",3816095488.0,8.2875,,3.818,0.23120000000000002,0.11784001,0.59351003,-0.065630004,599447616.0,0.0048,0.0
EXPO,False,60.10060485009956,"graham_pe,graham_pe_times_pb",3382904064.0,31.90583,11.717721,1.977,0.27968,0.31204,0.36416999,0.18823999,76945872.0,0.0175,4.0
MPC,False,60.08485714285714,"graham_current_ratio,graham_debt_to_equity,graham_pe_times_pb,munger_gross_margin",102091038720.0,12.60541,5.392968,1.25,1.33328,0.42099,0.12819,0.13561,9249375232.0,0.011000000000000001,4.0
AM,False,59.97965344672487,"graham_current_ratio,graham_debt_to_equity,graham_pe,graham_pe_times_pb",10694405120.0,27.144579,5.4978037,0.842,1.8554499999999998,0.19822,0.79644996,0.52005,432616640.0,0.0398,4.0
LMAT,False,59.972486789571,"graham_size,graham_pe,graham_pe_times_pb",1821879296.0,27.854897,4.3333874,16.312,0.45262,0.16774,0.71867996,0.28983,49263624.0,0.0126,4.0
CGNX,False,59.895752239989285,"graham_pe,graham_pe_times_pb,munger_roe",10593055744.0,60.54808,6.5004644,3.934,0.044480000000000006,0.111490004,0.68865997,0.29361,195671376.0,0.0055000000000000005,4.0
TALO,False,59.84975800000001,"data_missing:trailing_pe,graham_earnings_stability,munger_roe",2793332224.0,,1.3742402,1.613,0.66094,-0.17822,0.71367997,0.34449002,550837376.0,,0.0
SPNT,False,59.72284706728033,"graham_current_ratio,graham_earnings_stability,munger_gross_margin",2796091904.0,5.928571,1.2274976,0.655,0.30786,0.23068,0.23864001,0.136,204187504.0,,3.0
NEU,False,59.71971329811965,graham_pe_times_pb,8493156864.0,19.882238,4.6200066,2.252,0.51129,0.25123,0.31494,0.23868,435517888.0,0.013000000000000001,4.0
COLM,False,59.71307857142858,munger_roe,2909820928.0,14.840732,1.8167871,2.493,0.28798999999999997,0.12658,0.52155,0.05027,255117376.0,0.0206,4.0
EW,False,59.62671729701698,"graham_pe,graham_pe_times_pb,munger_roe",51847180288.0,53.541668,4.8846045,4.522,0.06568,0.09175,0.77839,0.29839,1232412544.0,,4.0
CON,False,59.60908881618903,"graham_current_ratio,graham_debt_to_equity,graham_pe,graham_pe_times_pb,munger_gross_margin",4424865792.0,22.387098,9.275595,1.377,4.23325,0.4706,0.29314,0.1929,204793632.0,0.0072,4.0
PGNY,False,59.51933571428572,"graham_size,graham_pe,graham_pe_times_pb,munger_gross_margin",1984155136.0,28.108696,4.3800817,2.137,0.04963,0.16242,0.24573,0.11413,200944368.0,,4.0
GLPI,False,59.5138005431459,"graham_debt_to_equity,graham_pe_times_pb",12671896576.0,12.3713455,2.469936,24.29,1.5571899999999999,0.19354999,1.02151,0.77479,506751744.0,0.0771,4.0
EXTR,False,59.47652202830276,"graham_current_ratio,graham_debt_to_equity,graham_earnings_stability,graham_pe,graham_pe_times_pb",3031297792.0,74.93548,34.414814,0.928,2.19625,0.54638,0.61479,0.064380005,81449504.0,,1.0
CVX,False,59.44938855194487,"graham_current_ratio,graham_pe_times_pb,munger_roe",391869497344.0,19.22714,2.0637395,1.252,0.18959,0.12231,0.44267,0.21866,21934000128.0,0.0356,4.0
RGLD,False,59.422100000000015,"graham_pe,graham_pe_times_pb,munger_roe,munger_fcf",22788403200.0,29.81818,3.0753748,2.924,0.051859999999999996,0.136,0.86802,0.62036,-189505504.0,0.0070999999999999995,4.0
CDE,False,59.417975581417,"graham_earnings_stability,graham_pe_times_pb,munger_roe",22830434304.0,18.663864,2.194447,3.654,0.06851,0.12848,0.56329,0.19387,796743616.0,0.0019,2.0
TILE,False,59.29491915581075,graham_pe_times_pb,2190059520.0,15.34008,3.2285275,2.527,0.42808999999999997,0.23225,0.40485,0.18611,103601872.0,0.0031,4.0
GIII,False,59.29012142857143,"graham_size,graham_earnings_stability,munger_roe",1407055488.0,11.742957,0.77136576,3.177,0.16093,0.0719,0.43488,0.15903,128402376.0,0.011899999999999999,3.0
VICR,False,59.27438177271013,"graham_pe,graham_pe_times_pb",9389174784.0,65.26923,11.252072,13.249,0.00912,0.20131999,0.56628,0.2433,339500.0,,4.0
HSY,False,59.272281854217844,"graham_current_ratio,graham_debt_to_equity,graham_pe,graham_pe_times_pb",36431843328.0,24.770493,7.9845,1.18,1.29821,0.32808998,0.38377,0.23119,1743636352.0,0.0313,4.0
SONO,False,59.24224778115794,"graham_size,graham_earnings_stability,graham_pe,graham_pe_times_pb,munger_roe",1786239104.0,33.555557,4.425557,1.615,0.14081,0.14175999,0.46567002,0.10587,111909872.0,,0.0
TMUS,False,59.167651933963825,"graham_current_ratio,graham_debt_to_equity,graham_pe_times_pb",190667374592.0,18.593096,3.3955452,0.924,2.1403499999999998,0.17994,0.63054,0.2522,11335999488.0,0.0227,4.0
RSI,False,59.13470492566163,"graham_earnings_stability,graham_pe,graham_pe_times_pb",6399272448.0,84.51613,16.344355,2.116,0.015189999999999999,0.30279,0.34967998,0.1174,127112000.0,,2.0
APH,False,59.13014154366931,"graham_debt_to_equity,graham_pe,graham_pe_times_pb",198978863104.0,40.345,12.840548,1.888,1.20415,0.38115,0.38952,0.29779,3818374912.0,0.0062,4.0
PFE,False,59.114677586309526,"graham_current_ratio,graham_pe,graham_pe_times_pb,munger_roe",159704858624.0,36.868423,1.8744982,1.267,0.74253,0.05014,0.74716,0.27877,12485624832.0,0.0608,4.0
BKE,False,59.10871428571429,"data_missing:free_cash_flow,graham_pe_times_pb",2211066368.0,9.8894005,4.443064,2.083,0.8618000000000001,0.45764,0.58674,0.17448,,0.0317,4.0
SBH,False,58.98890401190477,"graham_size,graham_debt_to_equity",1537277952.0,8.552084,1.7728353,2.367,1.7389,0.23527999,0.52114,0.09267,177001248.0,,4.0
QNST,False,58.95679277142858,"graham_size,graham_current_ratio,graham_earnings_stability,graham_pe_times_pb,munger_gross_margin",1085717376.0,13.5,3.3451326,1.218,0.23184000000000002,0.28647,0.11271,0.051149998,121533624.0,,1.0
CACC,False,58.949,"data_missing:free_cash_flow,graham_debt_to_equity,graham_pe_times_pb",6233330688.0,13.252703,3.9213226,4.833,3.95632,0.31932,0.94652003,0.52556,,,4.0
CRVL,False,58.928449602745125,"graham_pe,graham_pe_times_pb,munger_gross_margin",3507365632.0,30.857779,8.591758,1.941,0.06944,0.30697,0.24792999,0.16674,91710128.0,,4.0
WMG,False,58.910128611046616,"graham_current_ratio,graham_debt_to_equity,graham_pe,graham_pe_times_pb",14746464256.0,22.552,17.262707,0.734,4.52947,0.70074,0.45769,0.16738,382249984.0,0.0286,4.0
WAY,False,58.90986990581123,"graham_earnings_stability,graham_pe,graham_pe_times_pb,munger_roe",4841647616.0,36.07143,1.2292488,1.847,0.37171,0.03765,0.69107,0.2441,313745376.0,,1.0
T,False,58.83423836896107,"graham_current_ratio,graham_debt_to_equity,graham_earnings_stability",174256177152.0,8.392739,1.5838317,0.971,1.29054,0.18339,0.59721,0.24786,10142000128.0,0.0429,3.0
AMG,False,58.778883837656736,graham_pe_times_pb,9580588032.0,12.999299,3.170669,101.314,0.7609600000000001,0.24257,0.50273,0.30357,277175008.0,0.0001,4.0
PNR,False,58.70909006876306,"graham_current_ratio,graham_pe_times_pb",9911159808.0,16.005154,2.6441283,1.451,0.47067,0.17126,0.41388,0.2344,558312512.0,0.0169,4.0
CENX,False,58.66204133333333,"graham_earnings_stability,munger_gross_margin,munger_fcf",4542802432.0,7.925734,3.2376182,2.751,0.31281,0.51749,0.18889,0.28135002,-46287500.0,,2.0
TDW,False,58.651329135643536,"graham_earnings_stability,graham_pe_times_pb",4629319680.0,18.872211,3.3227386,3.582,0.45454,0.19448,0.48092,-0.08663999,367619136.0,,3.0
PARR,False,58.644441513879755,"graham_earnings_stability,munger_gross_margin",3859675392.0,4.5211267,1.914846,1.84,0.5616599999999999,0.53489,0.23056,0.21122,82314872.0,,1.0
ALLE,False,58.62053589507301,"graham_debt_to_equity,graham_pe,graham_pe_times_pb",13582074880.0,20.988173,6.4126554,1.93,1.04895,0.3373,0.44801,0.22102,484449984.0,0.0132,4.0
MRSH,False,58.567746118863575,"graham_current_ratio,graham_debt_to_equity,graham_pe,graham_pe_times_pb",90670137344.0,23.199024,5.9806733,1.139,1.45027,0.25902998,0.43994,0.26323998,4785249792.0,0.020499999999999997,4.0
REG,False,58.517276403732,"graham_current_ratio,graham_pe,graham_pe_times_pb,munger_roe",14107906048.0,25.493242,2.073248,0.964,0.7197199999999999,0.081870005,0.71539,0.39643002,743363968.0,0.0395,4.0
NDSN,False,58.51492045109045,"graham_pe,graham_pe_times_pb",18427578368.0,33.519756,5.63698,1.823,0.55619,0.17763,0.55391,0.27403998,613806656.0,0.0098,4.0
EGP,False,58.4541860212056,"graham_current_ratio,graham_pe,graham_pe_times_pb,munger_roe",10754663424.0,35.21127,2.9797378,0.412,0.46090000000000003,0.08732,0.73607004,0.40761003,379368000.0,0.030899999999999997,4.0
RCL,False,58.3627619047619,"graham_current_ratio,graham_debt_to_equity,graham_earnings_stability,graham_pe_times_pb,munger_fcf",76170346496.0,17.601976,7.441277,0.209,2.24816,0.44669998,0.50284,0.2707,-1516249984.0,0.0172,3.0
NDAQ,False,58.35309912284821,"graham_current_ratio,graham_pe,graham_pe_times_pb",55534399488.0,28.965014,4.657541,1.006,0.77687,0.16521999,1.0,0.49333,1691500032.0,0.011699999999999999,4.0
NGVT,False,58.34906543294558,"graham_debt_to_equity,graham_earnings_stability,graham_pe,graham_pe_times_pb",2397516032.0,98.22535,51.27941,1.611,26.36034,0.30072,0.41127,0.29895002,88937504.0,,0.0
AYI,False,58.32373199827845,"graham_pe,graham_pe_times_pb",10230772736.0,22.708305,3.5835922,2.053,0.28206,0.17378001,0.48669997,0.16052,467275008.0,0.0023,4.0
GTY,False,58.24503140960938,"graham_pe_times_pb,munger_roe",2040682496.0,19.969698,1.817931,1.719,0.81057,0.094639994,0.96416,0.47073,108609872.0,0.0583,4.0
FIX,False,58.211184909195445,"graham_current_ratio,graham_pe,graham_pe_times_pb,munger_gross_margin",56838135808.0,39.82688,87.98584,1.214,0.45488999999999996,0.55292,0.25661,0.07885,1841915392.0,0.0022,4.0
FCPT,False,58.19437796229787,"graham_current_ratio,graham_pe,graham_pe_times_pb,munger_roe",2763666432.0,22.89091,2.4293296,0.252,0.9804600000000001,0.07646,0.85603994,0.62556,189772992.0,0.057999999999999996,4.0
EXPD,False,58.1363236634016,"graham_pe,graham_pe_times_pb,munger_gross_margin",24791812096.0,27.761282,11.704204,1.566,0.26745,0.4267,0.13549,0.107080005,797562240.0,0.0085,4.0
HSTM,False,58.118762541144534,"graham_size,graham_current_ratio,graham_pe,graham_pe_times_pb,munger_roe",842987904.0,40.041664,2.3638897,1.062,0.03766,0.059959996,0.65081,0.099379994,50334876.0,0.004699999999999999,4.0
CHE,False,58.04033748605233,"graham_current_ratio,graham_pe,graham_pe_times_pb",6799908864.0,26.196878,8.153296,0.911,0.35495,0.27106002,0.33113998,0.1325,307859488.0,0.0051,4.0
AKR,False,58.02812289831324,"graham_current_ratio,graham_earnings_stability,graham_pe,graham_pe_times_pb,munger_roe",3047134720.0,59.714287,1.228328,1.245,0.63176,0.057150003,0.70607,0.29906,187720752.0,0.038,3.0
ENS,False,57.973668619047615,"graham_pe,graham_pe_times_pb",6887736320.0,20.447536,3.6548395,2.795,0.56108,0.18363,0.30574,0.17327999,633937472.0,0.006,4.0
CCL,False,57.951284381986554,"graham_current_ratio,graham_debt_to_equity,graham_earnings_stability",34172747776.0,11.238739,2.6396532,0.334,2.0155600000000002,0.26689,0.55676997,0.12787,1899374976.0,0.0176,2.0
WPC,False,57.92641925674431,"graham_current_ratio,graham_debt_to_equity,graham_pe,graham_pe_times_pb,munger_roe",16033073152.0,24.102737,1.8487482,1.164,1.01882,0.077800006,0.94371,0.59301996,1096111872.0,0.0528,4.0
ECPG,False,57.90650000000001,"graham_debt_to_equity,graham_earnings_stability,munger_fcf",2162931200.0,7.7492404,2.0050726,11.376,3.88056,0.30542,1.0,0.37998,-157004624.0,,1.0
CR,False,57.897837792824724,"graham_pe,graham_pe_times_pb",12079118336.0,36.534966,5.546767,2.804,0.51181,0.16521999,0.46965,0.35463002,363750016.0,0.0049,4.0
VRRM,False,57.89564748999203,"graham_size,graham_debt_to_equity,graham_pe_times_pb",670244096.0,16.333332,2.9979606,2.058,4.863980000000001,0.15384,0.55711,0.27168,43281376.0,,4.0
BSY,False,57.85906854038592,"graham_current_ratio,graham_debt_to_equity,graham_pe,graham_pe_times_pb",11361714176.0,41.78889,9.698298,0.595,1.05442,0.24517,0.81845003,0.25,397979616.0,0.0076,4.0
BSX,False,57.855142873120194,"graham_current_ratio,graham_pe_times_pb",67635539968.0,18.894735,2.7083333,1.24,0.50151,0.15338999,0.69189,0.22895999,2451375104.0,,4.0
JLL,False,57.82310559761905,"graham_current_ratio,graham_pe_times_pb,munger_roe",17425418240.0,18.165468,2.3352962,1.126,0.42351999999999995,0.13520001,0.51232,0.045700002,1500125056.0,,4.0
BMI,False,57.71932571668172,"graham_pe,graham_pe_times_pb",4004532992.0,32.35363,5.8642497,2.422,0.03438,0.1848,0.4131,0.17724001,128289624.0,0.0128,4.0
NXT,False,57.67915152421303,"graham_pe,graham_pe_times_pb,munger_gross_margin",13762923520.0,23.147287,5.3128524,2.689,0.01502,0.27224,0.22983,0.20858,324051264.0,,4.0
SYK,False,57.611431578360154,"graham_pe,graham_pe_times_pb",123556552704.0,33.345757,5.1507883,2.157,0.6439100000000001,0.16508,0.65588,0.27015,4107624960.0,0.010700000000000001,4.0
FIS,False,57.564476619047625,"graham_current_ratio,graham_debt_to_equity,graham_earnings_stability",20911874048.0,6.2288785,1.3046556,0.535,1.3251,0.22348,0.35836,0.20669001,2653125120.0,0.0433,2.0
CHDN,False,57.530154913458475,"graham_current_ratio,graham_debt_to_equity,graham_pe_times_pb",6029767680.0,14.687607,4.515843,0.356,3.49173,0.33848,0.34179002,0.36530998,138712496.0,0.005,4.0
WTS,False,57.500474486159426,"graham_pe,graham_pe_times_pb",12430845952.0,32.49302,5.932009,2.66,0.09673999999999999,0.18805,0.48853,0.20912,228787504.0,0.0060999999999999995,4.0
CUBE,False,57.45113031641785,"graham_current_ratio,graham_debt_to_equity,graham_pe,graham_pe_times_pb,munger_roe",9047487488.0,27.190477,3.4947977,0.1,1.3430000000000002,0.12028,0.70712,0.41088,486035744.0,0.0524,4.0
AVY,False,57.43350764019534,"graham_current_ratio,graham_debt_to_equity,graham_pe_times_pb,munger_gross_margin",13516057600.0,19.533405,5.8277235,1.132,1.58653,0.3116,0.28978002,0.13586001,1004600000.0,0.0219,4.0
PODD,False,57.39728198207258,"graham_pe,graham_pe_times_pb",9946086400.0,26.906193,6.993222,2.485,0.66685,0.26016,0.71075,0.16178,236900000.0,,4.0
ARLO,False,57.346325317215744,"graham_size,graham_current_ratio,graham_earnings_stability,graham_pe,graham_pe_times_pb",1406505856.0,46.67857,8.867028,1.402,0.03606,0.22068001,0.4461,-0.035550002,64509248.0,,1.0
SN,False,57.3407560263538,"graham_pe,graham_pe_times_pb",27293622272.0,39.359184,9.557935,2.08,0.3211,0.27528,0.48921,0.1016,638667520.0,,4.0
STAG,False,57.25822645372895,"graham_pe,graham_pe_times_pb,munger_roe",7295660544.0,28.515385,1.9683534,1.816,0.9378,0.069759995,0.79549,0.37036,469642880.0,0.0417,4.0
EPAM,False,57.23770744285714,"munger_roe,munger_gross_margin",5817463808.0,15.301221,1.6532282,2.755,0.04325999999999999,0.111770004,0.29451,0.10936,650156096.0,,4.0
HMN,False,57.18358095238095,munger_roe,2071629056.0,11.950934,1.3781862,2.872,0.39537,0.12385,0.39488,0.13213,222650000.0,0.027999999999999997,4.0
WT,False,57.14391013813069,"graham_debt_to_equity,graham_pe,graham_pe_times_pb",3793863424.0,45.527275,7.869265,2.995,2.5767200000000003,0.18731001,0.53330004,0.41166002,156595376.0,0.0048,4.0
KMB,False,57.11386492722909,"graham_current_ratio,graham_debt_to_equity,graham_pe,graham_pe_times_pb",36577042432.0,21.735178,20.900799,0.909,3.48933,1.04913,0.37612998,0.19002001,941124992.0,0.0464,4.0
FNF,False,57.100176640476185,"graham_current_ratio,munger_roe",12685520896.0,16.480837,1.700827,0.94,0.54297,0.102110006,0.54046,0.10666,3589125120.0,0.0438,4.0
AIG,False,57.06105238095238,"graham_current_ratio,graham_earnings_stability,munger_roe",40069304320.0,13.983576,0.99023074,0.612,0.22466,0.0722,0.35087,0.19414,7365000192.0,0.026000000000000002,1.0
BHF,False,56.964582666666665,"graham_current_ratio,graham_debt_to_equity,graham_earnings_stability,munger_roe",3114826240.0,4.295004,0.47551733,0.774,1.78382,0.13535,0.35439998,0.77778,19879124992.0,,2.0
TEL,False,56.83515387070115,graham_pe_times_pb,58771181568.0,19.882467,4.4434714,1.876,0.43441,0.23290001,0.36119,0.20775,2336875008.0,0.0152,4.0
AR,False,56.746986573454436,"graham_current_ratio,munger_roe",11842550784.0,11.03725,1.4288894,0.401,0.55493,0.14216,0.67154,0.26017,391220736.0,,4.0
TECH,False,56.713846412912595,"graham_pe,graham_pe_times_pb,munger_roe",11364618240.0,62.47414,5.4394655,4.547,0.13712,0.09032,0.66243,0.27871,229653120.0,0.0044,4.0
MCY,False,56.63364285714285,"data_missing:market_cap,graham_current_ratio,graham_earnings_stability,munger_gross_margin",,6.0661936,2.004609,0.952,0.33925,0.38991,0.26808,0.19934,1143784576.0,0.0121,3.0
MWA,False,56.619452063180006,graham_pe_times_pb,3859426816.0,17.408451,3.444336,4.636,0.40423000000000003,0.21684,0.38072,0.23945,130712496.0,0.0111,4.0
WDAY,False,56.61099683238098,"graham_current_ratio,graham_earnings_stability,graham_pe,graham_pe_times_pb,munger_roe",47806656512.0,60.490627,7.212266,1.009,0.56936,0.10858,0.75766,0.13297,3118749952.0,,3.0
EPRT,False,56.604062232530936,"graham_pe,graham_pe_times_pb,munger_roe",6583438336.0,23.534885,1.4894035,3.841,0.65659,0.064780004,0.98414004,0.62468,305324384.0,0.0417,4.0
IBP,False,56.59104476130678,"graham_debt_to_equity,graham_pe,graham_pe_times_pb",6401860096.0,25.982738,9.949193,2.983,1.87209,0.38451,0.33633998,0.122530006,289112512.0,0.0063,4.0
TRGP,False,56.578551254833,"graham_current_ratio,graham_debt_to_equity,graham_pe,graham_pe_times_pb",61959847936.0,27.597898,19.781612,0.771,5.15794,0.70839995,0.43192002,0.27803,65837500.0,0.017,4.0
UE,False,56.557373909050334,"graham_current_ratio,graham_debt_to_equity,graham_pe,graham_pe_times_pb,munger_roe",2935489792.0,40.226418,2.0861056,0.689,1.26633,0.05092,0.64747,0.31436002,226218256.0,0.0392,4.0
DLTR,False,56.49468871148079,"graham_current_ratio,graham_debt_to_equity,graham_earnings_stability,graham_pe,graham_pe_times_pb",24406173696.0,20.385233,7.003419,1.161,2.16518,0.33976,0.36991,0.09088001,1443624960.0,,1.0
EVTC,False,56.48179761904761,"graham_size,graham_debt_to_equity,graham_pe_times_pb,munger_roe",1760907392.0,19.136364,2.745226,1.702,1.84286,0.14845,0.51118,0.19387,151623120.0,0.0067,4.0
A,False,56.46893659122978,"graham_pe,graham_pe_times_pb",44536692736.0,31.102564,6.2486134,2.099,0.49733,0.21330999,0.52641,0.23706,930625024.0,0.0066,4.0
ADMA,False,56.44674003898037,"graham_debt_to_equity,graham_earnings_stability,graham_pe_times_pb",2123374592.0,13.542857,5.234677,6.972,1.10673,0.41897,0.64705,-1.23389,54755376.0,,2.0
AA,False,56.42519865749562,"graham_earnings_stability,munger_gross_margin",13509523456.0,10.642411,1.8330587,1.535,0.29918,0.18226999,0.19790001,0.18356001,960750016.0,0.008,2.0
EXLS,False,56.39803414333804,"graham_current_ratio,graham_pe,graham_pe_times_pb",5788564992.0,24.164557,6.687686,1.244,0.56585,0.25944,0.38511002,0.14609,262332752.0,,4.0
LECO,False,56.39700233398276,"graham_pe,graham_pe_times_pb",15791952896.0,28.944056,10.160974,1.982,0.77347,0.37736,0.36051998,0.18243,307077120.0,0.0109,4.0
SHOO,False,56.37552092040771,"graham_pe,graham_pe_times_pb",3270284288.0,22.345,3.4799874,1.906,0.38795999999999997,0.15913,0.46948,0.06686,219048992.0,0.018600000000000002,4.0
MKC,False,56.365911016435234,graham_current_ratio,14663163904.0,9.074875,2.0960798,0.781,0.65143,0.24728,0.38853002,0.17422001,714025024.0,0.0348,4.0
NWSA,False,56.271789187367695,"graham_pe,graham_pe_times_pb,munger_roe",16756292608.0,30.281555,1.9880171,1.623,0.31561,0.07979,0.57167,0.12537,1045124992.0,0.006500000000000001,4.0
ERIE,False,56.24184603643625,"graham_current_ratio,graham_pe,graham_pe_times_pb,munger_gross_margin",13566083072.0,23.564032,5.4988236,1.246,0.0256,0.24808,0.17904,0.19096,481207744.0,0.0227,4.0
CDP,False,56.21774501728651,"graham_debt_to_equity,graham_earnings_stability,graham_pe,graham_pe_times_pb,munger_roe",4318681088.0,25.888887,2.75373,2.594,1.6415,0.10825,0.58258,0.32167,257286368.0,0.034300000000000004,2.0
ADC,False,56.192362307489475,"graham_current_ratio,graham_pe,graham_pe_times_pb,munger_roe",9130010624.0,39.354836,1.4327656,0.271,0.58984,0.037049998,0.87656,0.48116,447780000.0,0.0435,4.0
CRGY,False,56.13775000000001,"graham_current_ratio,graham_debt_to_equity,graham_earnings_stability,graham_pe,graham_pe_times_pb,munger_roe",5369952256.0,170.625,0.8752244,0.945,1.00234,0.01517,0.62158,0.53849,601587648.0,0.0359,1.0
LII,False,56.041713330960576,"graham_debt_to_equity,graham_pe_times_pb",13518408704.0,17.369005,10.420663,1.569,1.5608199999999999,0.71757007,0.33330002,0.22856002,277737504.0,0.0138,4.0
PLD,False,56.04121423371259,"graham_current_ratio,graham_pe,graham_pe_times_pb,munger_roe",137891168256.0,31.59243,2.4663134,0.649,0.63823,0.07749,0.75549006,0.43030998,5406941184.0,0.03,4.0
CMCSA,False,56.00199927142857,"graham_current_ratio,graham_debt_to_equity,munger_roe",93719494656.0,8.464744,1.0434198,0.796,1.00474,0.114879996,0.6939,0.17233999,12697624576.0,0.048499999999999995,4.0
DGII,False,55.96613422997405,"graham_current_ratio,graham_pe,graham_pe_times_pb,munger_roe",2939081984.0,61.46825,4.28872,1.129,0.17279,0.07459,0.64914,0.16510001,128003128.0,,4.0
CMG,False,55.95026983011984,"graham_current_ratio,graham_debt_to_equity,graham_pe,graham_pe_times_pb",47098859520.0,34.462963,21.45245,0.715,2.4635,0.49560001,0.39361998,0.16108,1116464384.0,,4.0
HWM,False,55.85734109906861,"graham_pe,graham_pe_times_pb",106739195904.0,57.807774,18.677599,1.818,0.81368,0.34732,0.36032,0.28504,1189874944.0,0.0021,4.0
SCHL,False,55.820845126370756,"graham_size,graham_current_ratio,graham_earnings_stability,munger_roe",737715328.0,16.713676,0.9766269,1.232,0.55874,0.066810004,0.56394,0.14367,56762500.0,0.025099999999999997,1.0
SOLV,False,55.818400623715036,"graham_current_ratio,graham_debt_to_equity,graham_pe_times_pb",15478444032.0,11.116137,3.2226398,1.021,1.10313,0.33960998,0.54777,0.09778,489000000.0,,4.0
SFM,False,55.77711201818578,"graham_current_ratio,graham_debt_to_equity,graham_pe_times_pb",7556787712.0,15.49522,5.179599,0.992,1.4033799999999998,0.35197,0.38939,0.074889995,398699872.0,,4.0
CTVA,False,55.73164651311105,"graham_pe,graham_pe_times_pb,munger_roe",54976954368.0,49.939396,2.1845753,1.516,0.19191,0.04256,0.4954,0.3013,2417250048.0,0.0087,4.0
HD,False,55.72594146054111,"graham_current_ratio,graham_debt_to_equity,graham_pe,graham_pe_times_pb",327850754048.0,22.97972,19.736336,1.078,3.80261,1.0429599,0.33206,0.14288999,11190750208.0,0.0278,4.0
UTHR,False,55.63772782680352,"data_missing:debt_to_equity,graham_pe_times_pb",22642423808.0,18.914724,3.5200806,5.732,,0.19315,0.8614,0.42231998,557137472.0,,4.0
JKHY,False,55.63685810714285,"data_missing:current_ratio,data_missing:free_cash_flow,graham_pe,graham_pe_times_pb",12053054464.0,24.303724,5.6586275,,0.06398,0.23572999,0.43897998,0.21663,,0.014199999999999999,4.0
COLL,False,55.63128571428572,"graham_size,graham_current_ratio,graham_debt_to_equity,graham_earnings_stability,graham_pe,graham_pe_times_pb",819618624.0,20.8189,2.7547407,1.031,3.90461,0.17612,0.89449,0.05652,324038496.0,,3.0
TMDX,False,55.63042963528733,"graham_debt_to_equity,graham_earnings_stability,graham_pe,graham_pe_times_pb",3181444352.0,23.76943,6.1330214,6.625,1.67496,0.36285,0.58694,0.124960005,44496752.0,,2.0
HIW,False,55.59981322108063,"graham_current_ratio,graham_debt_to_equity,graham_pe,graham_pe_times_pb,munger_roe",3524709888.0,20.781456,1.4636877,1.05,1.3264799999999999,0.06815,0.67342,0.26328,270770112.0,0.0635,4.0
TGTX,False,55.59802704934869,"graham_debt_to_equity,graham_earnings_stability,graham_pe,graham_pe_times_pb",8529817600.0,20.335768,13.543997,4.267,1.2489,1.0028,0.82372004,0.090179995,59134500.0,,3.0
FRT,False,55.570176021430214,"graham_current_ratio,graham_debt_to_equity,graham_pe,graham_pe_times_pb,munger_roe",10220951552.0,23.620203,3.1698523,0.564,1.34114,0.12550999,0.68136,0.35035,456137632.0,0.0395,4.0
NHI,False,55.46817240354668,"graham_pe,graham_pe_times_pb,munger_roe",3563452928.0,20.971098,2.3212514,1.817,0.9756900000000001,0.10717,0.73925,0.61341,171983248.0,0.0512,4.0
APLE,False,55.3625101904762,"graham_current_ratio,graham_pe,munger_roe",3878838784.0,22.202703,1.234967,0.291,0.51367,0.05529,0.42902002,0.22447,360905376.0,0.057999999999999996,4.0
SLM,False,55.26875,"data_missing:price_to_book,data_missing:free_cash_flow,graham_current_ratio,graham_debt_to_equity",5032760320.0,7.456825,,1.334,2.36158,0.30333,1.0,0.29211,,0.0194,4.0
KIM,False,55.246780780238694,"graham_current_ratio,graham_pe,graham_pe_times_pb,munger_roe",15971494912.0,27.686045,1.5545834,0.971,0.84993,0.05806,0.68933,0.36565,871483392.0,0.0466,4.0
FR,False,55.214495337579805,"graham_current_ratio,graham_pe,graham_pe_times_pb,munger_roe",8548613632.0,22.687273,2.9800344,1.498,0.90051,0.1363,0.73745,0.45097,290640736.0,0.0318,4.0
KVUE,False,55.17505280308178,"graham_current_ratio,graham_pe,graham_pe_times_pb",36878852096.0,22.588236,3.49345,1.005,0.8161700000000001,0.15581,0.58437,0.19418,1907500032.0,0.0437,4.0
LIF,False,55.10049511847678,"graham_earnings_stability,graham_pe,graham_pe_times_pb",3606320896.0,25.732557,5.853288,5.601,0.50803,0.30056,0.77592003,-0.00035999998,74707752.0,,1.0
ROK,False,55.087451632214034,"graham_current_ratio,graham_debt_to_equity,graham_pe,graham_pe_times_pb",48181620736.0,40.619137,13.761759,1.075,1.0334699999999999,0.30629,0.49091998,0.20968,1303874944.0,0.0128,4.0
KRC,False,55.01356428571429,"graham_current_ratio,graham_pe,munger_roe",4308966912.0,25.657343,0.81653094,1.103,0.85616,0.03431,0.65379,0.23993,718001472.0,0.058600000000000006,4.0
MPT,False,55.00000000000001,"data_missing:trailing_pe,graham_current_ratio,graham_debt_to_equity,graham_earnings_stability,munger_roe",2406716160.0,,0.5346246,1.172,2.15671,-0.00622,0.95944,0.57359004,753948992.0,0.0882,0.0
VCYT,False,54.999450543783354,"graham_earnings_stability,graham_pe,graham_pe_times_pb,munger_roe",3637680384.0,32.32143,2.6192408,9.162,0.02889,0.087740004,0.73756,0.15287,106230872.0,,2.0
VMRK,False,54.997081876393636,"data_missing:price_to_book,graham_current_ratio,graham_pe,munger_roe",26123673600.0,25.095787,,1.154,0.75129,0.08487,0.62359,0.2794,1350792064.0,0.0381,4.0
MO,False,54.99098214619737,"data_missing:debt_to_equity,data_missing:return_on_equity,graham_current_ratio,graham_pe_times_pb",112991567872.0,14.246315,-42.34668,0.518,,,0.8717,0.61464,9035249664.0,0.0613,4.0
SIGI,False,54.95320639285715,"graham_current_ratio,munger_roe,munger_gross_margin",5498229760.0,11.451612,1.5877112,0.318,0.24596,0.14152999,0.22764,0.12693,1355778304.0,0.018600000000000002,4.0
DVN,False,54.92611582935821,"graham_current_ratio,munger_roe",51832000512.0,10.243478,1.2978928,0.717,0.28488,0.11522,0.50349,0.41077,782625024.0,0.0273,4.0
COKE,False,54.77488269601619,"graham_current_ratio,graham_debt_to_equity,graham_pe,graham_pe_times_pb",12953412608.0,25.843294,4.0695124,1.211,1.97906,0.97331,0.39111,0.07417,443481760.0,0.0052,4.0
DORM,False,54.748877661922094,graham_pe_times_pb,3804711168.0,17.782248,2.5104759,3.598,0.34867,0.15048,0.42314997,0.23629,143988752.0,,4.0
SAM,False,54.628035714285716,"data_missing:trailing_pe,graham_size,graham_current_ratio,munger_roe",1882760192.0,,2.5808725,1.045,0.04415,-0.08614001,0.48879,0.09327,372617632.0,,4.0
RHP,False,54.57796015351646,"graham_current_ratio,graham_debt_to_equity,graham_pe,graham_pe_times_pb",8911389696.0,31.584349,10.768589,1.313,3.3457,0.22583,0.35156,0.23305,567982976.0,0.0368,4.0
KMT,False,54.54265075,"graham_earnings_stability,munger_fcf",2302576640.0,6.8348413,1.4666473,2.618,0.47334000000000004,0.23853001,0.41259,0.41251,-171881504.0,0.026699999999999998,0.0
AXP,False,54.491321428571425,"data_missing:free_cash_flow,graham_debt_to_equity,graham_pe,graham_pe_times_pb",225661534208.0,20.289011,6.5798955,1.553,1.7238,0.34377,0.62338,0.2032,,0.0113,4.0
NWS,False,54.448482917359584,"graham_pe,graham_pe_times_pb,munger_roe",18975064064.0,34.291264,2.2512589,1.623,0.31561,0.07979,0.57167,0.12537,1045124992.0,0.005699999999999999,4.0
AMPH,False,54.43512857142858,"graham_size,munger_roe",930730176.0,12.946745,1.21145,2.397,0.89607,0.10297,0.47685,0.21603,230095872.0,,4.0
EMR,False,54.240273343321064,"graham_current_ratio,graham_pe,graham_pe_times_pb,munger_roe",87970643968.0,34.509846,4.316683,0.896,0.6767700000000001,0.128,0.53161,0.26924,3706249984.0,0.013999999999999999,4.0
EG,False,54.23309523809523,"graham_current_ratio,munger_roe,munger_gross_margin",14480518144.0,7.980981,0.9472095,0.388,0.23260000000000003,0.12572,0.15281,0.19132,2064625024.0,0.021099999999999997,4.0
INVX,False,54.200097619047625,"graham_pe,graham_pe_times_pb,munger_roe",2086884992.0,33.52809,1.941697,5.006,0.07043,0.05994,0.32401,0.11575,174039872.0,,4.0
AMZN,False,54.157153951855044,"graham_current_ratio,graham_earnings_stability,graham_pe,graham_pe_times_pb",2764100599808.0,20.59968,5.009383,1.033,0.45616999999999996,0.30558002,0.5077,0.13689,3219124992.0,,3.0
STC,False,54.10713261947293,munger_roe,2134417408.0,15.301969,1.2800893,1.847,0.46090000000000003,0.096140005,0.61847997,0.06954,135150000.0,0.03,4.0
DINO,False,54.09864686904762,munger_gross_margin,17245034496.0,9.246902,1.6767212,1.971,0.32261,0.19504999,0.12892,0.11694,2035624960.0,0.0218,4.0
CSX,False,54.07255823641432,"graham_current_ratio,graham_debt_to_equity,graham_pe,graham_pe_times_pb",95476555776.0,29.965117,6.7797947,0.82,1.3806800000000001,0.24357,0.47070998,0.38424,1953250048.0,0.0108,4.0
CHWY,False,54.01834597104224,"graham_current_ratio,graham_debt_to_equity,graham_pe,graham_pe_times_pb,munger_gross_margin",9334871040.0,37.999996,22.028986,0.784,1.2338500000000001,0.63816,0.29912,0.03828,463275008.0,,4.0
ALB,False,54.001980619047615,"graham_earnings_stability,graham_pe,graham_pe_times_pb,munger_roe,munger_gross_margin",16021547008.0,502.85184,1.9925154,2.086,0.18975999999999998,0.02648,0.23959999,0.2771,1334340224.0,0.012199999999999999,0.0
DLX,False,53.95113095238096,"graham_size,graham_current_ratio,graham_debt_to_equity,munger_roe",1081291264.0,10.816513,1.5264112,1.196,2.09945,0.14957,0.52544,0.12177,171792992.0,0.0406,4.0
QRVO,False,53.9440154799232,"graham_earnings_stability,graham_pe,graham_pe_times_pb,munger_roe",8485156352.0,22.315546,2.443846,3.543,0.44619,0.115559995,0.48535,0.1578,476142016.0,,2.0
MTSI,False,53.93647984672527,"graham_earnings_stability,graham_pe,graham_pe_times_pb",21166202880.0,88.26433,13.736617,2.338,0.26873,0.17184,0.56536,0.23337,104351504.0,,0.0
KLIC,False,53.92341648956632,"graham_earnings_stability,graham_pe,graham_pe_times_pb,munger_roe",4430706176.0,38.839447,4.8588314,3.444,0.0418,0.13231,0.52641,0.20661,57164124.0,0.0097,1.0
REXR,False,53.85147108086644,"data_missing:trailing_pe,graham_current_ratio,munger_roe",8486910976.0,,1.1175337,0.344,0.41445,-0.047280002,0.76798,0.4159,341792384.0,0.0467,4.0
ESS,False,53.828132214012484,"graham_current_ratio,graham_debt_to_equity,graham_pe,graham_pe_times_pb,munger_roe",19353597952.0,43.664078,3.3897572,0.249,1.2240900000000001,0.0771,0.68771005,0.33975,1043926720.0,0.036000000000000004,4.0
GE,False,53.802692726192056,"graham_current_ratio,graham_debt_to_equity,graham_pe,graham_pe_times_pb",355603808256.0,40.46399,20.159403,0.982,1.13225,0.48231998,0.31051,0.20571,6594625024.0,0.0053,4.0
SIRI,False,53.784367952380954,"graham_current_ratio,graham_earnings_stability,munger_roe",9606406144.0,11.445783,0.81629145,0.458,0.81105,0.07574,0.47355998,0.22129999,1186000000.0,0.0379,1.0
PH,False,53.68597459177106,"graham_current_ratio,graham_pe,graham_pe_times_pb",127459205120.0,35.50562,8.277872,1.262,0.5666,0.25076,0.37546003,0.23458,2961750016.0,0.0077,4.0
UFCS,False,53.6814119047619,"graham_size,graham_current_ratio,graham_earnings_stability,munger_gross_margin",1385009152.0,9.99629,1.4170743,0.356,0.14974,0.15465,0.12865,0.11761,255639504.0,0.0148,2.0
PINS,False,53.643249999999995,"graham_earnings_stability,graham_pe,graham_pe_times_pb,munger_roe",12957241344.0,67.29411,4.4713697,3.81,0.41350000000000003,0.06461,0.79473,-0.03464,1196440960.0,,2.0
JOE,False,53.63375767425966,"graham_pe,graham_pe_times_pb",3866147328.0,31.88263,5.0626216,3.839,0.71346,0.16246,0.44053,0.34486,118878000.0,0.009300000000000001,4.0
CTS,False,53.631599725410815,"graham_size,graham_pe,graham_pe_times_pb,munger_roe",1646835712.0,24.129705,2.8760223,2.609,0.15692,0.12429,0.39713,0.17448,72120000.0,0.0028000000000000004,4.0
CAKE,False,53.63068069033461,"graham_current_ratio,graham_debt_to_equity,graham_pe,graham_pe_times_pb",5478147584.0,29.834686,10.559179,0.587,4.00999,0.38834,0.40701,0.07767,166743120.0,0.0104,4.0
OII,False,53.571681121722456,"graham_pe_times_pb,munger_gross_margin",5096913408.0,14.800577,4.3780456,2.176,0.70343,0.34570998,0.1982,0.11486,237835120.0,,4.0
DOCN,False,53.550428357142856,"graham_current_ratio,graham_debt_to_equity,graham_earnings_stability,graham_pe,graham_pe_times_pb,munger_fcf",14307080192.0,55.30909,13.727436,1.311,2.12506,0.62273,0.57222,0.104449995,-23832624.0,,3.0
AGYS,False,53.52000078178649,"graham_pe,graham_pe_times_pb,munger_roe",3398797568.0,79.27631,10.016625,1.741,0.054509999999999996,0.13802,0.63057,0.11107001,57453376.0,,4.0
VFC,False,53.50166666666667,"graham_current_ratio,graham_debt_to_equity,graham_earnings_stability",5362355712.0,19.768116,1.4427755,1.443,2.80723,0.22092,0.50798,-0.05529,781847872.0,0.0259,1.0
GNL,False,53.403570571428574,"data_missing:trailing_pe,graham_debt_to_equity,graham_earnings_stability,munger_roe",2111932032.0,,1.2760308,5.63,1.61696,-0.00962,0.85733,0.31274998,366119616.0,0.0832,0.0
ATMU,False,53.38878057319548,"graham_debt_to_equity,graham_pe_times_pb,munger_gross_margin",3983493632.0,18.70498,8.758522,2.65,2.32278,0.5579,0.28789,0.16973,103862496.0,0.0049,4.0
LNC,False,53.37032301428572,"graham_earnings_stability,munger_gross_margin",8329872896.0,3.6655433,0.80371654,2.184,0.63803,0.22587,0.27076998,0.046079997,2069374976.0,0.0416,2.0
NTST,False,53.346288318192606,"graham_earnings_stability,graham_pe,graham_pe_times_pb,munger_roe",2091607296.0,146.57143,1.3248967,5.531,0.88837,0.00962,0.90376997,0.39020002,133447376.0,0.0434,1.0
ECG,False,53.268732091466006,"graham_pe,graham_pe_times_pb,munger_gross_margin",6178076160.0,24.305222,7.99366,1.587,0.47096,0.39525002,0.13016,0.09076,184378496.0,,4.0
UDR,False,53.26402190419891,"graham_current_ratio,graham_debt_to_equity,graham_pe,graham_pe_times_pb,munger_roe",13621866496.0,23.468355,4.114058,0.178,1.5614400000000002,0.13739,0.66581,0.20177999,779827776.0,0.045599999999999995,4.0
HAYW,False,53.20836086408782,"graham_pe_times_pb,munger_roe",3022704128.0,19.791666,1.9040619,3.327,0.6325500000000001,0.104119994,0.47951,0.24106,164106256.0,,4.0
SUI,False,53.2033,"graham_current_ratio,graham_earnings_stability,graham_pe,graham_pe_times_pb,munger_roe",15565388800.0,157.93591,2.7342744,0.597,0.72848,0.01722,0.53682,0.23205,1873449984.0,0.0358,2.0
WFRD,False,53.16580952380953,graham_pe_times_pb,6592909824.0,18.14004,3.6931293,2.344,0.9066500000000001,0.22793,0.30515,0.10498,558000000.0,0.0125,4.0
MDT,False,53.13771080820485,"graham_pe,graham_pe_times_pb,munger_roe",115159875584.0,24.120644,2.3285367,2.126,0.58214,0.098409995,0.65309,0.22045,4625375232.0,0.0313,4.0
FCX,False,53.11177332113544,"graham_pe,graham_pe_times_pb,munger_roe",112612491264.0,38.441177,5.6002283,2.066,0.32149,0.14755,0.38275,0.33404,2159249920.0,0.0076,4.0
BNL,False,53.10807208058189,"graham_pe,graham_pe_times_pb,munger_roe",4498505216.0,27.802631,1.4067909,2.017,0.8932599999999999,0.04922,0.9486,0.46188998,230601872.0,0.054900000000000004,4.0
IRDM,False,53.10390374212848,"graham_debt_to_equity,graham_pe,graham_pe_times_pb",5047952384.0,54.75862,10.681614,2.782,3.7865699999999998,0.19715,0.71851,0.15099,239205376.0,0.0127,4.0
HLI,False,53.10217217857143,"data_missing:free_cash_flow,graham_pe,graham_pe_times_pb",9141852160.0,22.021885,4.054867,1.664,0.20846,0.17794001,0.94111,0.18395,,0.0216,4.0
AME,False,53.04396622439729,"graham_current_ratio,graham_pe,graham_pe_times_pb,munger_roe",55864086528.0,35.624268,4.9609103,1.214,0.20521999999999999,0.14562,0.36905998,0.26182,1492221312.0,0.0055000000000000005,4.0
NXST,False,53.028499095238104,"graham_debt_to_equity,graham_pe,graham_pe_times_pb,munger_roe",5541180928.0,34.0,2.446276,1.562,5.337899999999999,0.07434,0.55070996,0.21224001,800625024.0,0.0401,4.0
IBKR,False,53.01424850000001,"data_missing:free_cash_flow,graham_current_ratio,graham_debt_to_equity,graham_pe,graham_pe_times_pb",164503404544.0,38.31349,7.368542,1.093,2.05748,0.24018998,0.93036,0.76532996,,0.0036,4.0
ZBH,False,52.85381396188493,"graham_pe,graham_pe_times_pb,munger_roe",18974586880.0,24.145632,1.501993,1.691,0.60175,0.06413,0.69877,0.17959999,1090899968.0,0.0095,4.0
AIZ,False,52.778039392857146,"graham_current_ratio,graham_pe_times_pb,munger_gross_margin",14077496320.0,13.6625185,2.3113115,0.382,0.36211,0.18341999,0.13272999,0.11734,2149574912.0,0.012199999999999999,4.0
CAT,False,52.77236498864656,"graham_current_ratio,graham_debt_to_equity,graham_pe,graham_pe_times_pb,munger_gross_margin",375554375680.0,35.124676,19.363401,1.368,2.32783,0.56972003,0.29713,0.22183001,5048999936.0,0.0079,4.0
FTV,False,52.77103850973768,"graham_current_ratio,graham_pe,graham_pe_times_pb,munger_roe",18096861184.0,31.703703,2.9918113,1.241,0.59283,0.07318,0.6323,0.19137,939112512.0,0.0046,4.0
DT,False,52.769225549173306,"graham_current_ratio,graham_pe,graham_pe_times_pb,munger_roe",15506928640.0,106.86,6.3298187,1.208,0.06498999999999999,0.058790002,0.81597,0.12889,546524224.0,,4.0
HOOD,False,52.71424925,"data_missing:free_cash_flow,graham_current_ratio,graham_debt_to_equity,graham_earnings_stability,graham_pe,graham_pe_times_pb",98683273216.0,48.566372,10.408725,1.116,2.40279,0.23618999,0.9189,0.43884,,,2.0
VOYA,False,52.713047244047615,"graham_pe_times_pb,munger_roe",9164727296.0,17.059023,1.9559543,5.669,0.6890999999999999,0.096099995,0.55609,0.0538,1433500032.0,0.018500000000000003,4.0
MD,False,52.685443862390336,"graham_current_ratio,graham_earnings_stability,graham_pe_times_pb,munger_gross_margin",2177587712.0,12.822967,2.412024,1.316,0.70371,0.20389,0.26236,0.13407,160776992.0,,1.0
TJX,False,52.58090478139723,"graham_current_ratio,graham_debt_to_equity,graham_pe,graham_pe_times_pb",148273430528.0,24.855555,14.257489,1.147,1.3441900000000002,0.62171,0.31467,0.10909,4398750208.0,0.013999999999999999,4.0
BXP,False,52.51755290340778,"graham_current_ratio,graham_debt_to_equity,graham_pe,graham_pe_times_pb,munger_roe",12655993856.0,37.61828,2.1651812,0.506,2.11631,0.05308,0.56452,0.28755,880636864.0,0.0398,4.0
NABL,False,52.51220671428571,"data_missing:trailing_pe,graham_size,graham_current_ratio,graham_earnings_stability,munger_roe",746176832.0,,0.9274478,1.305,0.5425099999999999,-0.00632,0.79855,0.13182999,70063376.0,,0.0
INVH,False,52.47218082883944,"graham_current_ratio,graham_pe,graham_pe_times_pb,munger_roe",17363847168.0,26.816513,1.9065944,0.43,0.9442499999999999,0.070539996,0.56262,0.25115,1168785536.0,0.0401,4.0
WST,False,52.47189575660515,"graham_pe,graham_pe_times_pb",24356345856.0,44.37051,8.148279,2.822,0.10585000000000001,0.19087,0.36786,0.22469,277937504.0,0.0025,4.0
ISRG,False,52.43990347314864,"data_missing:debt_to_equity,data_missing:consecutive_positive_earnings_years,graham_pe,graham_pe_times_pb",131513122816.0,42.191956,7.1500645,4.963,,0.17423001,0.66679,0.33603,2615200000.0,,
ENVA,False,52.39389285714285,"data_missing:free_cash_flow,graham_debt_to_equity,graham_pe_times_pb",5908383744.0,17.630014,3.944547,20.146,3.3701499999999998,0.26081,0.83291,0.29944,,,4.0
CRS,False,52.384515498107596,"graham_earnings_stability,graham_pe,graham_pe_times_pb",24312440832.0,46.721905,10.924841,3.81,0.32658000000000004,0.25752002,0.30584,0.24078,238787504.0,0.0017000000000000001,0.0
MTCH,False,52.33042857142858,"data_missing:debt_to_equity,data_missing:return_on_equity,graham_pe_times_pb",9615246336.0,14.6170225,-39.980602,1.724,,,0.74872,0.28771,930664000.0,0.019,4.0
UHS,False,52.291443662009804,graham_current_ratio,10171264000.0,7.0440817,1.3536749,1.116,0.6873999999999999,0.20948,0.44607,0.1114,498316992.0,0.0045000000000000005,4.0
URI,False,52.24023933138777,"graham_current_ratio,graham_debt_to_equity,graham_pe,graham_pe_times_pb",64577204224.0,24.958143,7.0117188,0.764,1.6679300000000001,0.28895,0.3848,0.25986,1706249984.0,0.0075,4.0
HAE,False,52.23369015131034,"graham_debt_to_equity,graham_pe,graham_pe_times_pb,munger_roe",4777190400.0,50.72464,5.7037315,3.08,1.40265,0.111999996,0.59331,0.17932,312840000.0,,4.0
TRU,False,52.20071769177671,"graham_debt_to_equity,graham_earnings_stability,graham_pe,graham_pe_times_pb",16222771200.0,22.340368,3.349818,1.9,1.13212,0.15626,0.5873,0.19701,808625024.0,0.0059,2.0
BIIB,False,52.19934927075518,"graham_pe,graham_pe_times_pb,munger_roe",32727511040.0,39.273052,1.7357574,1.865,0.44329,0.04575,0.78322,0.25058,1266987520.0,,4.0
OMCL,False,52.175411904761916,"graham_size,graham_earnings_stability,graham_pe,graham_pe_times_pb,munger_roe",1519450368.0,39.77381,1.1798567,1.644,0.15484,0.03059,0.44014,0.05909,134181872.0,,2.0
WMS,False,52.16805149260726,"graham_pe,graham_pe_times_pb",10467015680.0,23.64736,5.525436,2.119,0.97185,0.26354,0.38645,0.26325,327261376.0,0.005699999999999999,4.0
HLIT,False,52.141256467934014,"graham_size,graham_earnings_stability,graham_pe,graham_pe_times_pb,munger_roe",1339335936.0,51.166668,3.7155824,3.047,0.36111,0.06546,0.50009,0.18027,71000248.0,,0.0
EXR,False,52.1097184395075,"graham_current_ratio,graham_debt_to_equity,graham_pe,graham_pe_times_pb,munger_roe",31514114048.0,31.590706,2.2754653,0.886,1.01674,0.06953,0.74919,0.45882,1499437568.0,0.045,4.0
ARE,False,52.10607142857143,"data_missing:trailing_pe,graham_earnings_stability,munger_roe",8997141504.0,,0.573856,2.35,0.6867,-0.040760003,0.68198997,0.17282,1344973952.0,0.054400000000000004,0.0
BDX,False,52.017297190476185,"graham_current_ratio,graham_pe,graham_pe_times_pb,munger_roe",51244134400.0,32.548443,2.0987985,0.865,0.6884,0.06607,0.46936,0.15732999,4478374912.0,0.022099999999999998,4.0
CHD,False,52.0027097285726,"graham_current_ratio,graham_pe,graham_pe_times_pb",24282564608.0,32.810898,5.583311,1.147,0.55851,0.17041,0.45562,0.18065001,939262528.0,0.012,4.0
PRG,False,51.96426257142858,"graham_size,graham_debt_to_equity",1579324288.0,12.790323,1.9610268,4.518,1.10148,0.17066,0.36145002,0.16605,1535915904.0,0.0141,4.0
CNMD,False,51.9293761904762,"graham_size,graham_current_ratio,graham_earnings_stability,graham_pe,graham_pe_times_pb,munger_roe",1507146752.0,27.199999,1.4489748,1.484,0.80109,0.05527,0.55576,0.14642,131359624.0,0.0158,3.0
FORM,False,51.904402534504335,"graham_pe,graham_pe_times_pb,munger_roe",8611248128.0,76.02069,7.748489,4.078,0.02691,0.10989001,0.46182,0.24122,114850000.0,,4.0
HCSG,False,51.892373045289396,"graham_size,graham_pe_times_pb,munger_gross_margin",1574422656.0,13.415205,3.0057652,3.022,0.03417,0.24691999,0.17114,0.04717,70280248.0,,4.0
CLX,False,51.83099209888965,"graham_current_ratio,graham_debt_to_equity,graham_pe,graham_pe_times_pb",12532079616.0,21.544699,139.28763,0.658,22.214290000000002,1.6376,0.42321,0.12885,110375000.0,0.048,4.0
ALV,False,51.81041688095237,"graham_current_ratio,graham_pe_times_pb,munger_gross_margin",9002318848.0,14.512396,3.6154003,1.029,0.8752500000000001,0.25858,0.19298,0.095970005,742124992.0,0.0282,4.0
MGM,False,51.80999595120349,"graham_current_ratio,graham_debt_to_equity,graham_pe,graham_pe_times_pb",10993928192.0,26.042425,4.300441,1.335,8.933110000000001,0.18924999,0.44157,0.067880005,878991104.0,,4.0
MAT,False,51.80808333333333,graham_debt_to_equity,4262643968.0,11.134328,2.1332572,1.902,1.37445,0.20497,0.47605,0.01323,425315872.0,,4.0
LIVN,False,51.7788644295918,"graham_current_ratio,graham_earnings_stability,graham_pe,graham_pe_times_pb",4396331008.0,23.607668,3.3243334,1.45,0.26556,0.15404001,0.67743,0.13543999,59872624.0,,0.0
ROKU,False,51.72554839718414,"graham_earnings_stability,graham_pe,graham_pe_times_pb,munger_roe",23190464512.0,66.20763,8.212014,2.866,0.16792,0.13122,0.45504,0.12172,836552128.0,,1.0
GHC,False,51.6390678394753,"munger_roe,munger_gross_margin",4840184320.0,9.243187,1.0165081,1.86,0.30218,0.118710004,0.29947,0.1974,267685120.0,0.006500000000000001,4.0
DRI,False,51.53244533623573,"graham_current_ratio,graham_debt_to_equity,graham_pe,graham_pe_times_pb,munger_gross_margin",23972071424.0,20.22318,10.910547,0.314,3.64507,0.53718,0.21667999,0.14142,790974976.0,0.0296,4.0
AGO,False,51.51125093289195,"graham_current_ratio,munger_roe",3335383040.0,10.085106,0.6007176,0.99,0.30563,0.06666,0.94342005,0.4264,14625000.0,0.02,4.0
PFG,False,51.480745267812246,"graham_pe_times_pb,munger_roe",24016117760.0,15.978632,1.9827129,1.586,0.35307,0.12949,0.47345,0.12336001,1056374976.0,0.029900000000000003,4.0
HST,False,51.41189523809524,"graham_pe_times_pb,munger_gross_margin",15520189440.0,14.993289,2.3954535,1.671,0.8529800000000001,0.15558,0.29195,0.18215,1692375040.0,0.035699999999999996,4.0
DEA,False,51.328107180357144,"graham_size,graham_current_ratio,graham_debt_to_equity,graham_pe,graham_pe_times_pb,munger_roe",1204562816.0,129.36842,0.88302916,0.604,1.25876,0.0077100005,0.67524004,0.25083,127493128.0,0.0727,4.0
LIN,False,51.27485709323866,"graham_current_ratio,graham_pe,graham_pe_times_pb",223736725504.0,31.333118,5.724952,0.879,0.68947,0.18400998,0.48348,0.28119,4160750080.0,0.0131,4.0
BRC,False,51.263004011904755,"data_missing:market_cap,graham_pe,graham_pe_times_pb",,21.243181,3.281837,2.01,0.06586,0.16695999,0.51409,0.17716,145758368.0,0.0104,4.0
TKO,False,51.24837917436731,"graham_current_ratio,graham_pe,graham_pe_times_pb,munger_roe",34889977856.0,64.454544,4.0346694,1.278,0.59216,0.07063,0.59455,0.32388002,856147520.0,0.0166,4.0
DBX,False,51.184428571428576,"data_missing:debt_to_equity,data_missing:return_on_equity,graham_current_ratio,graham_pe_times_pb",7801841664.0,19.823206,-3.6024098,1.074,,,0.79732,0.26097,783075008.0,,4.0
AMRX,False,51.1278578095238,"graham_debt_to_equity,graham_earnings_stability,graham_pe,graham_pe_times_pb,munger_fcf",6272811520.0,37.520836,174.85437,2.205,23.86528,6.1301703,0.39810002,0.18335,-115327128.0,,1.0
WMB,False,51.127250000000004,"graham_current_ratio,graham_debt_to_equity,graham_pe,graham_pe_times_pb,munger_fcf",90746798080.0,29.55777,6.8975463,0.477,2.00371,0.21503,0.63637,0.39540002,-1516749952.0,0.0282,4.0
CURB,False,51.11926546364527,"graham_pe,graham_pe_times_pb,munger_roe",3436185856.0,110.62963,1.6327758,2.654,0.28476,0.0146200005,0.75179,0.19184,152188000.0,0.0226,4.0
WRLD,False,51.11502786908414,"graham_size,graham_debt_to_equity,graham_pe,graham_pe_times_pb,munger_roe",886237376.0,24.056963,2.4278543,10.382,1.78936,0.099,0.69242996,0.15316,60710904.0,,4.0
STE,False,51.10310177989077,"graham_pe,graham_pe_times_pb,munger_roe",22714601472.0,28.515299,3.1518636,1.906,0.28312000000000004,0.11389,0.44422,0.19153,798862528.0,0.0109,4.0
NFG,False,51.044,munger_fcf,7876387328.0,11.541783,2.0072181,3.201,0.9092,0.19576,0.63229,0.40073,-24765500.0,0.026600000000000002,4.0
IVZ,False,50.974359582480886,"data_missing:trailing_pe,graham_current_ratio,graham_earnings_stability,munger_roe,munger_gross_margin",14706358272.0,,1.4763108,0.708,0.12055999999999999,-0.0057300003,0.2952,0.19950001,1140787456.0,0.026099999999999998,0.0
ALRM,False,50.9448074344388,"graham_pe,graham_pe_times_pb,munger_roe",2827597056.0,25.486725,3.2671583,4.96,0.62337,0.13311,0.65809,0.15068,100146624.0,,4.0
ACIW,False,50.80227598707214,"graham_pe,graham_pe_times_pb",5474297856.0,24.873852,3.6673203,1.582,0.57698,0.15617,0.49082002,0.10466,260535632.0,,4.0
WM,False,50.79622412456059,"graham_current_ratio,graham_debt_to_equity,graham_pe,graham_pe_times_pb",87041982464.0,30.757061,8.775337,0.907,2.35301,0.29841,0.40601003,0.18986,2348375040.0,0.0171,4.0
ZD,False,50.78414285714287,"data_missing:trailing_pe,graham_size,munger_roe",1913911936.0,,0.8722557,2.164,0.3998,-0.01456,0.85010004,0.04156,519709248.0,,4.0
DD,False,50.72179523809523,"graham_earnings_stability,graham_pe,graham_pe_times_pb,munger_roe",18743965696.0,59.57082,1.3612782,2.427,0.22902,0.01792,0.35132,0.14239,1835250048.0,0.0174,0.0
VICI,False,50.69789761160464,munger_roe,28374767616.0,9.988373,0.9727098,11.236,0.60277,0.09849,0.99271005,0.70182997,267028992.0,0.0692,4.0
CW,False,50.65742520766817,"graham_pe,graham_pe_times_pb",22363437056.0,41.58585,8.073092,1.602,0.41481999999999997,0.19746,0.37727,0.19395,553040256.0,0.0017000000000000001,4.0
SCI,False,50.65438077883992,"graham_current_ratio,graham_debt_to_equity,graham_pe,graham_pe_times_pb,munger_gross_margin",11376259072.0,21.793734,7.2778797,0.531,3.44863,0.34714,0.26026,0.21003,315907872.0,0.0169,4.0
MAA,False,50.6493842653117,"graham_current_ratio,graham_debt_to_equity,graham_pe,graham_pe_times_pb,munger_roe",15321346048.0,37.65789,2.7496316,0.048,1.0237699999999998,0.0705,0.58392,0.25356,921182272.0,0.04650000000000001,4.0
VAL,False,50.59877186166509,munger_gross_margin,5932595712.0,6.443439,1.86538,1.547,0.36219999999999997,0.33619,0.24784,0.09792,79725000.0,,4.0
CELH,False,50.57729263916565,"graham_earnings_stability,graham_pe,graham_pe_times_pb,munger_roe",8347626496.0,143.43478,6.967265,1.798,0.22802,0.05113,0.48759997,0.19087,358259008.0,,3.0
AMD,False,50.50091823592411,"graham_pe,graham_pe_times_pb,munger_roe",778151854080.0,120.98224,11.572187,2.609,0.06361,0.10196,0.55724,0.1725,8841499648.0,,4.0
SYY,False,50.35523733228611,"graham_current_ratio,graham_debt_to_equity,graham_pe,graham_pe_times_pb,munger_gross_margin",39501463552.0,22.52732,14.799855,1.277,5.64591,0.77692,0.18496001,0.048449997,1914000000.0,0.0264,4.0
AIT,False,50.34484769355091,"graham_pe,graham_pe_times_pb",12418526208.0,30.875002,6.8710027,2.578,0.25967,0.22368999,0.30337998,0.117740005,362843616.0,0.006,4.0
ARR,False,50.24824999999999,"data_missing:free_cash_flow,graham_current_ratio,graham_debt_to_equity,graham_earnings_stability",2322885376.0,3.7210886,0.867703,1.142,7.567240000000001,0.20331,1.0,0.86998004,,0.1776,1.0
EAT,False,50.22779415911987,"graham_current_ratio,graham_debt_to_equity,graham_pe,graham_pe_times_pb,munger_gross_margin",10002290688.0,21.455381,22.181852,0.455,3.95763,1.19568,0.18646999,0.11258,367575008.0,,4.0
SCHW,False,50.20475,"data_missing:free_cash_flow,graham_current_ratio,graham_debt_to_equity,graham_pe_times_pb",186854719488.0,19.68124,4.2500887,0.655,1.5110599999999998,0.20273,0.97495,0.52277,,0.011699999999999999,4.0
INGR,False,50.17860236247393,"munger_roe,munger_gross_margin",6527121920.0,11.25,1.4435952,2.798,0.39411999999999997,0.13693,0.23728001,0.12595001,457249984.0,0.0313,4.0
WHD,False,50.152645616424266,"graham_pe,graham_pe_times_pb,munger_roe",4778813952.0,57.58823,3.8495674,2.587,0.033010000000000005,0.13114001,0.33233002,0.18593,129337624.0,0.009000000000000001,4.0
IEX,False,50.12150905830908,"graham_pe,graham_pe_times_pb,munger_roe",17248980992.0,33.666187,4.320003,3.049,0.4706,0.12955,0.4473,0.2217,555612480.0,0.0124,4.0
AMSF,False,50.10925021414564,"data_missing:debt_to_equity,graham_size,munger_gross_margin",484532544.0,10.540322,1.9368701,2.042,,0.18225001,0.27679002,0.19858,36250000.0,0.062400000000000004,4.0
EEFT,False,50.08058333333334,"graham_current_ratio,graham_debt_to_equity,munger_gross_margin",2563268352.0,10.877777,2.0838654,1.371,2.25391,0.22371,0.24004,0.12369,311637504.0,,4.0
VMI,False,50.07861779591156,graham_pe_times_pb,9276563456.0,18.763372,5.389827,2.354,0.50676,0.29777,0.30403998,0.14849,142812496.0,0.006500000000000001,4.0
DLR,False,50.06863815031176,"graham_current_ratio,graham_pe,graham_pe_times_pb,munger_roe",72549203968.0,93.70732,2.6618447,0.89,0.67944,0.02912,0.56994,0.25882,3768482048.0,0.0252,4.0
TDY,False,50.03992589446311,"graham_pe,graham_pe_times_pb,munger_roe",29041827840.0,30.338984,2.6598456,2.181,0.18565,0.09154,0.43339002,0.20198,912675008.0,,4.0
PCRX,False,49.97879293214286,"graham_size,graham_earnings_stability,graham_pe,graham_pe_times_pb,munger_roe",1029632576.0,73.8,1.5307573,5.042,0.61329,0.020480001,0.79206,0.06165,98341248.0,,1.0
RJF,False,49.94475789285715,"data_missing:free_cash_flow,graham_pe_times_pb",33830731776.0,15.353967,2.6643772,2.109,0.47594000000000003,0.18416001,0.93156,0.19301,,0.012199999999999999,4.0
MIDD,False,49.89401257142857,"graham_earnings_stability,graham_pe_times_pb,munger_roe",5137711104.0,17.265957,2.3247867,1.987,0.90515,0.10974,0.38401002,0.17361,604098624.0,,0.0
RBC,False,49.86601356300901,"graham_pe,graham_pe_times_pb,munger_roe",16114554880.0,50.296444,4.6414924,2.53,0.25364000000000003,0.09747,0.45953,0.2718,283237504.0,,4.0
KFY,False,49.85996722197591,"graham_pe_times_pb,munger_roe,munger_gross_margin",4347296768.0,16.216476,2.155315,1.941,0.30126000000000003,0.14583999,0.24304001,0.14693,244188256.0,0.0262,4.0
MMS,False,49.842861904761904,munger_gross_margin,3117381376.0,8.807693,1.7910538,2.421,0.99546,0.21112,0.25594,0.12622,354073760.0,0.022400000000000003,4.0
MTDR,False,49.8284,"graham_current_ratio,munger_roe,munger_fcf",7021814272.0,9.732419,1.1867313,0.65,0.69104,0.13592,0.8239,0.492,-907763968.0,0.0271,4.0
RYAN,False,49.74687770269424,"graham_current_ratio,graham_debt_to_equity,graham_pe,graham_pe_times_pb",16965264384.0,58.783783,10.369487,0.998,3.74707,0.22092,0.41487,0.25041,584760128.0,0.012,4.0
LMT,False,49.70512746496783,"graham_current_ratio,graham_debt_to_equity,graham_pe,graham_pe_times_pb,munger_gross_margin",130602180608.0,20.88926,14.844184,1.193,2.34238,0.89165,0.11798,0.119569995,5562625024.0,0.024399999999999998,4.0
MRP,False,49.7029997,"graham_earnings_stability,munger_roe,munger_fcf",5064461312.0,10.627178,0.8654446,54.111,0.42579999999999996,0.081199996,0.85307,0.85156995,-1379807232.0,0.10039999999999999,1.0
NLY,False,49.675250000000005,"data_missing:free_cash_flow,graham_current_ratio,graham_debt_to_equity,graham_earnings_stability",17380655104.0,5.5700483,1.1445304,0.558,7.37543,0.19567,0.97972,0.91652,,0.13119999999999998,2.0
PLAB,False,49.66492427708208,"graham_size,munger_roe",1784241408.0,10.768683,1.4176623,4.941,0.00223,0.13769001,0.33655,0.21062,29452250.0,,4.0
BCPC,False,49.65577393011904,"graham_pe,graham_pe_times_pb,munger_roe",5669824512.0,34.943024,4.36402,2.665,0.12801,0.12793,0.36294997,0.20853001,134847504.0,0.0053,4.0
ADUS,False,49.65107645294362,"graham_pe,graham_pe_times_pb,munger_roe",2203754240.0,20.667252,1.8801881,1.69,0.09478,0.09706,0.32359,0.10318,119751504.0,,4.0
CCK,False,49.635734509564045,"graham_current_ratio,graham_debt_to_equity,graham_pe_times_pb,munger_gross_margin",12761958400.0,16.883453,4.400195,1.049,1.86334,0.27367002,0.20957,0.12595001,853875008.0,0.011000000000000001,4.0
NYT,False,49.583048662887286,"data_missing:debt_to_equity,graham_pe,graham_pe_times_pb",10986638336.0,28.383333,5.374359,1.58,,0.19724001,0.50958997,0.17122,459932128.0,0.0134,4.0
DOV,False,49.550275434871,"graham_pe,graham_pe_times_pb,munger_roe",27181164544.0,24.40387,3.5281985,1.979,0.42316000000000004,0.14914,0.40092,0.18691999,906472128.0,0.0103,4.0
FSS,False,49.53486108591402,"graham_pe,graham_pe_times_pb,munger_gross_margin",7348189184.0,25.943966,4.8740788,2.739,0.32223,0.20608,0.29167998,0.17650999,194724992.0,0.0049,4.0
DTM,False,49.52642683754405,"graham_current_ratio,graham_pe,graham_pe_times_pb,munger_roe",13433373696.0,28.877192,2.8109121,1.372,0.6854300000000001,0.09901,0.75344,0.50437,128000000.0,0.026600000000000002,4.0
SXI,False,49.4391610523642,"graham_pe,graham_pe_times_pb",3673894912.0,34.964245,4.83801,2.404,0.74985,0.17218,0.41726002,0.1777,165311008.0,0.0045000000000000005,4.0
BURL,False,49.43478374659124,"graham_current_ratio,graham_debt_to_equity,graham_pe,graham_pe_times_pb",18253240320.0,29.80473,9.947177,1.164,3.19733,0.39141,0.43947,0.05933,210811744.0,,4.0
CORT,False,49.41030078507697,"graham_pe,graham_pe_times_pb,munger_roe",12639945728.0,254.19565,17.879206,2.859,0.013349999999999999,0.08226,0.98305,0.16124001,77395128.0,,4.0
GTES,False,49.4067384870657,"graham_pe_times_pb,munger_roe",6678127616.0,18.709219,1.8962047,3.244,0.60695,0.10384,0.40532002,0.15346,417662496.0,,4.0
CDW,False,49.352816424305516,"graham_current_ratio,graham_debt_to_equity,graham_pe_times_pb,munger_gross_margin",18623846400.0,17.905048,7.643407,1.167,2.6327800000000003,0.44009998,0.21360001,0.07345,676787520.0,0.0178,4.0
LZB,False,49.341306219047624,"graham_size,munger_roe",1310927232.0,16.614212,1.293727,1.665,0.5279200000000001,0.080469996,0.45161998,0.027320001,182847744.0,0.029900000000000003,4.0
CXT,False,49.33362004761905,"graham_current_ratio,graham_debt_to_equity,graham_pe,graham_pe_times_pb,munger_roe",2861372416.0,20.54132,2.2594428,1.415,1.141,0.11484,0.42115003,0.15592,239787504.0,0.014199999999999999,4.0
TWLO,False,49.322948378985075,"graham_earnings_stability,graham_pe,graham_pe_times_pb,munger_roe",37063843840.0,33.334255,4.128293,4.621,0.11868000000000001,0.13497,0.48561,0.078260005,954675392.0,,1.0
PBH,False,49.266492954315375,"graham_debt_to_equity,graham_earnings_stability,munger_roe",2426049024.0,14.344538,1.2656633,3.23,1.07864,0.0912,0.54772997,0.20834999,147887504.0,,3.0
XYL,False,49.20591903494312,"graham_pe,graham_pe_times_pb,munger_roe",26302289920.0,26.82143,2.3901973,1.613,0.28642,0.09182999,0.39240003,0.16995001,1183750016.0,0.0152,4.0
TRMB,False,49.15741160342388,"data_missing:trailing_pe,graham_current_ratio,munger_roe",14349887488.0,,2.5293877,0.954,0.28553,-0.01939,0.71773005,0.15134,686174976.0,,4.0
PEN,False,49.137835374346736,"graham_earnings_stability,graham_pe,graham_pe_times_pb,munger_roe",12644004864.0,78.869774,8.259997,5.75,0.13896,0.1137,0.6784,0.105220005,161100128.0,,3.0
MZTI,False,49.11833097941136,"graham_pe_times_pb,munger_gross_margin",3071056128.0,16.098713,2.9192932,1.559,0.24097000000000002,0.18677999,0.24732,0.10899,132784872.0,0.0353,4.0
ESE,False,49.091433324036075,"graham_current_ratio,graham_pe,graham_pe_times_pb,munger_roe",7294017024.0,52.330856,4.510052,1.382,0.09315,0.095,0.42008,0.148,233938368.0,0.0011,4.0
TREX,False,49.08341769608495,"graham_current_ratio,graham_pe,graham_pe_times_pb",4692929536.0,27.099998,4.80697,1.061,0.30034,0.17740999,0.38204,0.20618999,69669128.0,,4.0
ITRI,False,49.038681238780306,"graham_earnings_stability,graham_pe_times_pb",4346710528.0,16.600334,2.6887136,2.746,0.9775400000000001,0.16885,0.39869,0.13455,295262240.0,,3.0
WTW,False,49.03206188944766,"graham_current_ratio,graham_earnings_stability,graham_pe,graham_pe_times_pb",31537451008.0,21.013613,4.1080046,1.098,0.9139,0.19761999,0.42516,0.17559,1415624960.0,0.011200000000000002,1.0
UPS,False,49.00547292487671,"graham_current_ratio,graham_debt_to_equity,graham_pe_times_pb,munger_gross_margin",89910599680.0,19.643122,5.9689355,1.179,1.899,0.29602,0.22413,0.09052,5557749760.0,0.0621,4.0
GPN,False,48.98347857142858,"graham_current_ratio,graham_pe,graham_pe_times_pb,munger_roe",24540708864.0,43.952606,1.0666636,0.825,0.98273,0.02428,0.63959,0.16108,7867763200.0,0.0108,4.0
TTEK,False,48.89296287981781,"graham_current_ratio,graham_pe,graham_pe_times_pb,munger_gross_margin",9381468160.0,22.072289,5.0656714,1.184,0.55247,0.24297,0.21837,0.14253001,396642240.0,0.0079,4.0
VST,False,48.86716931839892,"graham_current_ratio,graham_debt_to_equity,graham_earnings_stability,graham_pe,graham_pe_times_pb",46925156352.0,23.616554,15.626468,0.973,3.7327999999999997,0.42962003,0.38309,0.13766,37125000.0,0.0066,3.0
VNOM,False,48.86081866744889,"data_missing:trailing_pe,graham_earnings_stability,munger_roe",23406397440.0,,1.697898,6.374,0.1632,0.0109,1.0,0.66980004,46000000.0,0.0554,0.0
SF,False,48.846520999999996,"data_missing:free_cash_flow,graham_current_ratio,graham_pe_times_pb",12202448896.0,14.430357,2.2990696,0.895,0.52002,0.16427,0.95567,0.21761999,,0.0168,4.0
GTM,False,48.80885714285715,"data_missing:trailing_pe,graham_size,graham_current_ratio,graham_debt_to_equity,munger_roe",1187729024.0,,1.4391534,0.651,1.83227,-0.45449,0.86507004,0.20554,356462496.0,,4.0
SPXC,False,48.780594953328524,"graham_pe,graham_pe_times_pb,munger_roe",10281625600.0,36.014034,4.3776255,1.825,0.26175,0.14684,0.40287998,0.17673,234024992.0,,4.0
MRVL,False,48.66383495131698,"graham_earnings_stability,graham_pe,graham_pe_times_pb",216992235520.0,82.688354,11.605941,3.278,0.2897,0.16028,0.51502997,0.14479999,2269700096.0,0.001,1.0
EHC,False,48.639895743479784,"graham_current_ratio,graham_pe_times_pb",11795985408.0,19.961603,4.5475984,1.192,0.82121,0.24968,0.43865,0.18054001,229924992.0,0.006999999999999999,4.0
MTN,False,48.62379064046603,"graham_current_ratio,graham_debt_to_equity,graham_pe,graham_pe_times_pb",5152964608.0,31.165949,9.339318,0.911,3.55585,0.1685,0.43330002,0.42097,134862496.0,0.059699999999999996,4.0
NKE,False,48.59488773055747,graham_pe_times_pb,57025691648.0,18.304762,3.8347962,1.961,0.74289,0.22138001,0.43245,0.12687,1889250048.0,0.0425,4.0
UPBD,False,48.519320761904766,"graham_size,graham_debt_to_equity,graham_earnings_stability,munger_roe",1124595584.0,12.525975,1.5333865,3.126,2.32932,0.12733,0.49133998,0.06047,1568163200.0,0.0803,2.0
OSK,False,48.50479020928113,"graham_pe_times_pb,munger_roe,munger_gross_margin",9675236352.0,17.97133,2.1406424,1.718,0.24359000000000003,0.12387,0.15898,0.08405,734037504.0,0.014499999999999999,4.0
MS,False,48.47749925,"data_missing:free_cash_flow,graham_debt_to_equity,graham_pe_times_pb",337451876352.0,17.369442,3.1689796,1.999,5.172820000000001,0.17969999,0.87641,0.41567,,0.0215,4.0
DASH,False,48.47376821300543,"graham_current_ratio,graham_earnings_stability,graham_pe,graham_pe_times_pb,munger_roe",101038817280.0,120.77605,10.126643,1.368,0.33276000000000006,0.088870004,0.52225,0.03862,5147500032.0,,2.0
WSO,False,48.46875646865101,"graham_pe,graham_pe_times_pb,munger_gross_margin",12913997824.0,26.848198,4.034253,3.199,0.15411,0.16744,0.27512,0.1094,483663744.0,0.042,4.0
CALX,False,48.41258478862122,"graham_earnings_stability,graham_pe,graham_pe_times_pb,munger_roe",2373112576.0,49.592106,3.3422008,2.83,0.01969,0.06905,0.56581,0.074489996,61477124.0,,1.0
LGND,False,48.41158030287402,"graham_debt_to_equity,graham_earnings_stability,graham_pe,graham_pe_times_pb",5672078848.0,29.331959,5.857937,31.178,1.16944,0.21962,0.81198996,0.13488,139748880.0,,1.0
DEI,False,48.410286142857146,"data_missing:trailing_pe,graham_current_ratio,graham_debt_to_equity,graham_earnings_stability,munger_roe",2388837376.0,,1.0822629,0.547,1.6313300000000002,-0.01928,0.63176996,0.19624001,395813120.0,0.0635,2.0
TSCO,False,48.40229312586786,"graham_current_ratio,graham_debt_to_equity,graham_pe_times_pb",18080092160.0,18.072918,6.9054728,1.334,2.4871,0.39513,0.36499,0.120740004,103175000.0,0.0274,4.0
DOC,False,48.348107142857145,"graham_debt_to_equity,graham_pe,graham_pe_times_pb,munger_roe",15043860480.0,60.62857,1.8850492,2.286,1.08653,0.03039,0.57648,0.1599,1645113088.0,0.0565,4.0
ON,False,48.32738187707024,"graham_pe,graham_pe_times_pb,munger_roe",29121034240.0,48.888893,4.0338674,3.464,0.6505500000000001,0.08312,0.42776,0.19532,1656649984.0,,4.0
SAFT,False,48.272133333333336,"graham_size,graham_current_ratio,graham_pe,graham_pe_times_pb,munger_roe,munger_gross_margin",1523687296.0,22.32043,1.7383803,0.385,0.06817999999999999,0.07842,0.07645,0.13685,160487248.0,0.0355,4.0
CNO,False,48.272072095238094,"graham_debt_to_equity,graham_pe_times_pb,munger_roe",5103478784.0,19.020689,1.9729594,2.27,1.75664,0.10934,0.38706002,0.16729,996099968.0,0.0132,4.0
MYRG,False,48.22293401664069,"graham_current_ratio,graham_pe,graham_pe_times_pb,munger_gross_margin",4816970240.0,29.353891,6.384968,1.398,0.08895,0.24714,0.12488,0.06199,177308880.0,,4.0
OKTA,False,48.128131596681406,"graham_current_ratio,graham_earnings_stability,graham_pe,graham_pe_times_pb,munger_roe",30053031936.0,125.297104,4.3947134,1.43,0.05957,0.036679998,0.77436996,0.0732,977750016.0,,2.0
LDOS,False,48.12100230695713,"graham_debt_to_equity,graham_pe_times_pb,munger_gross_margin",17551339520.0,13.058824,3.321617,1.629,1.2327599999999999,0.27781,0.17795,0.11715999,1146625024.0,0.0125,4.0
ABT,False,48.03592397533542,"graham_current_ratio,graham_pe,graham_pe_times_pb,munger_roe",193093468160.0,36.11327,3.7779732,1.376,0.63212,0.10576,0.56847,0.14706999,7209124864.0,0.022099999999999998,4.0
ATEN,False,47.97803774202384,"graham_size,graham_current_ratio,graham_pe,graham_pe_times_pb",1962621952.0,46.60345,8.230817,1.29,0.9500700000000001,0.19444999,0.79379,0.11261,61384500.0,0.009300000000000001,4.0
O,False,47.9742270879969,"graham_pe,graham_pe_times_pb,munger_roe",58476273664.0,45.10949,1.4785396,1.528,0.74722,0.03225,0.9268,0.46965998,1582081920.0,0.052199999999999996,4.0
CALY,False,47.96184277417366,"graham_earnings_stability,graham_pe,graham_pe_times_pb,munger_roe",2756202496.0,35.906975,1.2787808,3.043,0.12643000000000001,0.03466,0.44812,0.19046,100975000.0,,0.0
DHR,False,47.94995933779235,"graham_pe,graham_pe_times_pb,munger_roe",151620026368.0,38.514286,2.883191,1.651,0.5297,0.07605,0.58752996,0.19777,4325125120.0,0.0074,4.0
SAIC,False,47.877751541328465,"graham_current_ratio,graham_debt_to_equity,graham_pe_times_pb,munger_gross_margin",5452019200.0,14.5061865,3.896897,1.156,1.8798300000000001,0.27664,0.12605,0.08762,418124992.0,0.0116,4.0
CVCO,False,47.796337818652454,"graham_pe,graham_pe_times_pb,munger_gross_margin",4385035264.0,24.815928,3.9593287,2.229,0.03702,0.16658,0.21886,0.09846,163879120.0,,4.0
XPEL,False,47.78734015476191,"graham_size,graham_pe,graham_pe_times_pb,munger_fcf",1397561216.0,25.60101,4.8586216,2.61,0.19949000000000003,0.19365999,0.42901,0.16228001,-15348625.0,,4.0
MHK,False,47.733971364285715,"graham_earnings_stability,munger_roe,munger_gross_margin",8792411136.0,17.192053,1.0304122,1.916,0.27604,0.055120002,0.25641,0.097849995,966899968.0,,2.0
CSR,False,47.72133376190476,"graham_size,graham_debt_to_equity,graham_earnings_stability,graham_pe,graham_pe_times_pb,munger_roe",929880256.0,41.054688,1.2972426,3.112,1.24015,0.03388,0.59305,0.12628001,106247624.0,0.057699999999999994,1.0
NCLH,False,47.71783333333333,"graham_current_ratio,graham_debt_to_equity,graham_earnings_stability,munger_fcf",7645477376.0,10.090909,2.9716222,0.2,6.21051,0.3673,0.42457,0.14042,-1680301312.0,,3.0
GS,False,47.6765,"data_missing:free_cash_flow,graham_debt_to_equity,graham_pe_times_pb",303071559680.0,16.082663,2.8749423,1.563,7.25381,0.16902,0.82075995,0.42176998,,0.0192,4.0
L,False,47.67179041334639,"graham_current_ratio,munger_roe",22450251776.0,13.4914,1.1743194,0.507,0.44609000000000004,0.09313,0.36290002,0.14533,1262000000.0,0.0023,4.0
NVST,False,47.67177031791857,"graham_earnings_stability,graham_pe,graham_pe_times_pb,munger_roe",4407350272.0,47.31035,1.4325241,2.425,0.5162,0.030569999,0.55421,0.1039,267887504.0,,1.0
VRTS,False,47.66515742700997,"graham_size,munger_roe",1117451264.0,9.534206,1.2180519,2.659,0.44522,0.106709994,0.41079,0.117910005,56292376.0,0.058600000000000006,4.0
GILD,False,47.66509698994196,"data_missing:trailing_pe,graham_current_ratio,graham_debt_to_equity,munger_roe",184579735552.0,,15.61687,1.265,2.2346500000000002,-0.2068,0.79603994,0.33679,9768875008.0,0.022099999999999998,4.0
POOL,False,47.66102490894763,"graham_debt_to_equity,graham_pe_times_pb,munger_gross_margin",6761559552.0,17.0854,5.3662896,2.671,1.34537,0.31254998,0.29579002,0.15137,212930256.0,0.0276,4.0
SMTC,False,47.64134661904762,"data_missing:trailing_pe,data_missing:free_cash_flow,graham_earnings_stability",13267520512.0,,23.136776,1.698,0.65803,0.23661,0.52674997,0.16818,,,0.0
ZBRA,False,47.60774156251362,"graham_current_ratio,graham_pe,graham_pe_times_pb",17084351488.0,33.129356,4.9818583,0.516,0.8623000000000001,0.15286,0.49581,0.21259001,576750016.0,,4.0
DHI,False,47.57598407558267,"munger_roe,munger_gross_margin",40629407744.0,13.847473,1.7120026,6.011,0.29451,0.12632,0.21298,0.1299,2413900032.0,0.0121,4.0
VVV,False,47.5230773423391,"graham_current_ratio,graham_debt_to_equity,graham_pe,graham_pe_times_pb",4079879168.0,39.493828,11.552907,0.702,4.7499400000000005,0.28399,0.38284,0.21043,72525000.0,,4.0
BKNG,False,47.43836489259734,"data_missing:debt_to_equity,data_missing:return_on_equity,graham_current_ratio,graham_pe,graham_pe_times_pb",152199626752.0,22.506666,-14.238718,1.094,,,0.87227994,0.34412,7725875200.0,0.008,4.0
NHC,False,47.37204605400785,"graham_pe,graham_pe_times_pb,munger_roe",3480901632.0,25.001123,3.1015906,1.862,0.027839999999999997,0.13267,0.39488,0.11993,63169624.0,0.011899999999999999,4.0
CENTA,False,47.352768005952385,munger_roe,2360993024.0,13.97037,1.3514385,3.787,0.8063400000000001,0.099709995,0.32571998,0.14262,342347872.0,,4.0
CENT,False,47.352768005952385,munger_roe,2735296768.0,16.185184,1.565691,3.787,0.8063400000000001,0.099709995,0.32571998,0.14262,342347872.0,,4.0
ADAM,False,47.3285,"data_missing:free_cash_flow,graham_size,graham_current_ratio,graham_debt_to_equity,graham_earnings_stability",884417088.0,5.857143,0.94898254,0.844,7.69104,0.16438,0.78673,0.51676,,0.12279999999999999,1.0
PBI,False,47.31885714285715,"data_missing:debt_to_equity,data_missing:return_on_equity,graham_current_ratio,graham_earnings_stability,graham_pe_times_pb",2367547904.0,14.04065,-2.7417052,0.734,,,0.54081,0.21681,233828128.0,0.0235,1.0
FELE,False,47.28213960591303,"graham_pe,graham_pe_times_pb,munger_roe",4515759104.0,29.350574,3.2085192,2.406,0.21844999999999998,0.11767,0.35525,0.15447,149414368.0,0.0109,4.0
BLFS,False,47.254144376930526,"graham_size,graham_earnings_stability,graham_pe,graham_pe_times_pb,munger_roe",1819329408.0,37.2,4.3301134,9.694,0.037469999999999996,0.12829,0.63613,0.059580002,4664875.0,,0.0
EFX,False,47.22869587383407,"graham_current_ratio,graham_debt_to_equity,graham_pe,graham_pe_times_pb,munger_roe",22364424192.0,33.396492,5.110747,0.602,1.20956,0.14275,0.55542,0.17305,947537472.0,0.0118,4.0
NSC,False,47.21364896765561,"graham_current_ratio,graham_debt_to_equity,graham_pe,graham_pe_times_pb",78147985408.0,29.712212,4.8081865,0.831,1.05519,0.16985,0.45159,0.35296002,1382249984.0,0.015300000000000001,4.0
ATO,False,47.1947,"graham_current_ratio,graham_pe_times_pb,munger_roe,munger_fcf",28258267136.0,19.93087,1.8519913,0.814,0.6766200000000001,0.09792,0.62212,0.37223998,-2220956928.0,0.0236,4.0
AWR,False,47.18751666666667,"graham_current_ratio,graham_pe,graham_pe_times_pb,munger_roe,munger_fcf",3522417920.0,24.281422,3.1408377,0.98,0.8181100000000001,0.1367,0.5762,0.35755002,-25544000.0,0.024300000000000002,4.0
PPG,False,47.12123022054367,graham_pe_times_pb,25224380416.0,16.279772,2.9876251,1.58,0.86938,0.19297001,0.41202998,0.14016,1104625024.0,0.0259,4.0
SPHR,False,47.086416666666665,"data_missing:trailing_pe,graham_current_ratio,graham_earnings_stability,munger_roe",5291510784.0,,2.3751109,1.224,0.40995,-0.03097,0.54707,-0.19548,442722880.0,,1.0
EIX,False,47.054974532525094,"graham_current_ratio,graham_debt_to_equity",28353093632.0,7.6037154,1.625091,0.662,2.28042,0.19734,0.61005,0.26899,82375000.0,0.0471,4.0
VSXY,False,47.05393818680171,"graham_current_ratio,graham_debt_to_equity,graham_pe,graham_pe_times_pb",7131202048.0,35.741035,8.971,1.264,3.3739600000000003,0.32016,0.37012002,0.05192,241875008.0,,4.0
GEHC,False,47.04444440680434,"graham_current_ratio,graham_pe_times_pb",32738220032.0,16.70046,2.9829617,1.264,0.93965,0.19376,0.39528,0.14976,1573124992.0,0.0019,4.0
APOG,False,47.02742398095238,"graham_size,munger_roe,munger_gross_margin",847670080.0,12.7335415,1.670986,1.76,0.5625399999999999,0.13756,0.23378,0.054970004,102537000.0,0.0265,4.0
ALSN,False,47.00552222369224,"graham_debt_to_equity,graham_pe,graham_pe_times_pb",10665780224.0,20.436708,5.3951545,1.807,2.11925,0.28349,0.37846002,0.19093001,211000000.0,0.009000000000000001,4.0
TPC,False,46.99957857142857,"data_missing:price_to_book,graham_current_ratio,graham_earnings_stability,graham_pe,munger_roe,munger_gross_margin",4837921792.0,39.63362,,1.285,0.34819,0.13736,0.11481,0.07218,573201344.0,0.0040999999999999995,1.0
TYL,False,46.97575687971397,"graham_pe,graham_pe_times_pb,munger_roe",15147426816.0,48.540684,4.984637,1.554,0.47906,0.09731,0.47205,0.14741,594435648.0,,4.0
RPM,False,46.943693334754,"graham_pe,graham_pe_times_pb",13491864576.0,20.444874,4.0741596,1.678,0.89022,0.21371001,0.41435,0.15307,480144864.0,0.0202,4.0
LEG,False,46.93721504761905,"graham_size,graham_debt_to_equity,graham_earnings_stability,munger_gross_margin",1256618752.0,5.897436,1.1617628,2.35,1.5219900000000002,0.22642,0.19089001,0.08383001,241450000.0,0.0217,1.0
SNPS,False,46.92077281924303,"graham_current_ratio,graham_pe,graham_pe_times_pb,munger_roe",89016827904.0,80.991295,3.0523822,1.434,0.35574,0.03824,0.82598996,0.10383,3538958592.0,,4.0
SMPL,False,46.82658980952381,"data_missing:trailing_pe,graham_size,munger_roe",902984768.0,,0.63673216,4.796,0.31623999999999997,-0.12197,0.33273998,0.12784,107168376.0,,4.0
XOM,False,46.80249203055035,"graham_current_ratio,graham_pe,graham_pe_times_pb,munger_roe,munger_gross_margin",643267493888.0,20.133848,2.4800253,1.135,0.15921,0.12584,0.29767,0.15859,20671000576.0,0.026000000000000002,4.0
RGA,False,46.80126428571428,"graham_current_ratio,munger_roe,munger_gross_margin",16065515520.0,10.833114,1.173004,1.166,0.41418,0.11687,0.1407,0.10637,9836499968.0,0.0159,4.0
LXP,False,46.76607575634194,"graham_current_ratio,graham_pe,graham_pe_times_pb,munger_roe",3599930624.0,61.67677,1.9416797,1.026,0.69889,0.03497,0.81463,0.16078,183396368.0,0.045899999999999996,4.0
RVTY,False,46.55799098090079,"graham_pe,graham_pe_times_pb,munger_roe",14473872384.0,62.360584,2.002223,1.8,0.46225,0.03211,0.54976004,0.17052999,604992128.0,0.0022,4.0
BKR,False,46.49477772164668,"graham_earnings_stability,graham_pe_times_pb,munger_gross_margin",61654986752.0,19.971062,3.0959027,2.095,0.80925,0.16463,0.23657,0.1283,4415000064.0,0.0148,3.0
MCHP,False,46.43041619734354,"graham_earnings_stability,graham_pe,graham_pe_times_pb,munger_roe",40991727616.0,111.0147,6.354377,1.921,0.8368800000000001,0.0719,0.60194,0.23958,1364762496.0,0.0246,1.0
KDP,False,46.38641190476191,"graham_current_ratio,graham_pe,graham_pe_times_pb,munger_roe",43383132160.0,32.20202,1.7330796,0.479,0.99649,0.051,0.50956,0.12888,4607249920.0,0.0286,4.0
SMP,False,46.304007142857145,"graham_size,munger_roe",828601408.0,9.437659,1.1543369,2.003,0.9527899999999999,0.12528,0.31992,0.12917,130171000.0,0.0356,4.0
NOW,False,46.288597455573836,"graham_current_ratio,graham_pe,graham_pe_times_pb,munger_roe",143117516800.0,86.518745,11.434825,0.701,0.67538,0.14244,0.74768996,0.04063,5149374976.0,,4.0
KEX,False,46.216720418753795,"graham_pe,graham_pe_times_pb,munger_roe",7384608256.0,21.48387,2.1574342,1.684,0.35618,0.10414,0.33196998,0.13833,347219136.0,,4.0
IQV,False,46.13004536421303,"graham_current_ratio,graham_debt_to_equity,graham_pe,graham_pe_times_pb",43187748864.0,32.67497,6.9984794,0.706,2.57975,0.22818,0.32968,0.13027,2149750016.0,,4.0
KRG,False,46.06630123854637,"graham_current_ratio,graham_earnings_stability,munger_roe",5337161728.0,16.25625,1.816214,0.929,0.96238,0.10738,0.73175,0.24018,152751120.0,0.044199999999999996,3.0
AAT,False,46.064160314513394,"graham_size,graham_current_ratio,graham_debt_to_equity,graham_pe,graham_pe_times_pb,munger_roe",1745679360.0,75.0,1.2311229,0.62,1.61778,0.02164,0.61821,0.24256,98077376.0,0.059800000000000006,4.0
CTRE,False,45.99979999999999,"graham_earnings_stability,graham_pe,graham_pe_times_pb,munger_roe,munger_fcf",9300500480.0,24.6,2.0686393,3.304,0.7194799999999999,0.09056,0.96365,0.57791,-80309504.0,0.0391,3.0
AN,False,45.97641982861542,"graham_current_ratio,graham_debt_to_equity,munger_gross_margin",6570834944.0,9.21846,2.914522,0.782,5.0158499999999995,0.32766998,0.17834999,0.04449,356124992.0,,4.0
SJM,False,45.96425,"graham_current_ratio,graham_debt_to_equity,graham_earnings_stability,graham_pe,graham_pe_times_pb,munger_roe",14091149312.0,61.89671,2.5366042,0.87,1.17163,0.03931,0.39375,0.23079,1564237440.0,0.0342,0.0
LSCC,False,45.9483375290592,"graham_pe,graham_pe_times_pb,munger_roe",17110386688.0,481.88,20.984148,3.024,0.04836,0.04927,0.69024,0.1333,155063248.0,,4.0
SGI,False,45.90123209411569,"graham_current_ratio,graham_debt_to_equity,graham_pe,graham_pe_times_pb",13143635968.0,24.695652,4.174796,0.748,1.98088,0.17516,0.44733003,0.111269996,687912512.0,0.0108,4.0
EQIX,False,45.846061705450104,"graham_current_ratio,graham_debt_to_equity,graham_pe,graham_pe_times_pb,munger_roe",106215137280.0,69.225075,7.3852367,1.131,1.6221700000000001,0.10735,0.51979,0.27021998,3776000000.0,0.0191,4.0
SWK,False,45.79479590476191,"graham_current_ratio,graham_earnings_stability,graham_pe,graham_pe_times_pb,munger_roe",14986891264.0,24.264057,1.6728191,1.432,0.58172,0.06886,0.32213002,0.08443,1419049984.0,0.0337,2.0
AXTA,False,45.776055947927375,"graham_debt_to_equity,graham_pe,graham_pe_times_pb,munger_roe",7852393472.0,22.509201,3.1132796,1.533,1.19424,0.14344,0.34039003,0.15156001,539500032.0,,4.0
SCSC,False,45.72392142857142,"graham_size,munger_roe,munger_gross_margin",1180855040.0,15.961537,1.286138,1.755,0.12176000000000001,0.08681,0.13557,0.03548,95035624.0,,4.0
BL,False,45.71649546496639,"graham_size,graham_debt_to_equity,graham_earnings_stability,graham_pe,graham_pe_times_pb,munger_roe",1959984256.0,60.214287,6.2259974,1.721,2.0288,0.070300005,0.75563,0.06446,138621248.0,,3.0
FIVN,False,45.715368833333336,"graham_debt_to_equity,graham_earnings_stability,graham_pe,graham_pe_times_pb,munger_roe",2583192320.0,50.838234,3.2914405,4.149,1.07449,0.079169996,0.55063,0.033210002,260481504.0,,1.0
OSIS,False,45.709289004389184,"graham_debt_to_equity,graham_pe,graham_pe_times_pb",3362001664.0,23.56313,4.030156,3.153,1.26037,0.17344,0.33208,0.14169,209244624.0,,4.0
OLLI,False,45.64288252812348,"graham_pe_times_pb,munger_roe",4323015168.0,17.700497,2.2945611,2.32,0.37579999999999997,0.13781,0.40708,0.10556,135756496.0,,4.0
VRSK,False,45.613918078237404,"data_missing:debt_to_equity,data_missing:return_on_equity,graham_current_ratio,graham_pe,graham_pe_times_pb",24862402560.0,29.297546,-21.431618,1.005,,,0.70179003,0.45106998,1055550016.0,0.010700000000000001,4.0
KAI,False,45.526579487476894,"graham_pe,graham_pe_times_pb,munger_roe",3611936256.0,32.88817,3.493706,2.591,0.49396,0.11291,0.44798002,0.16839,105733624.0,0.004699999999999999,4.0
FG,False,45.47653266666667,"graham_current_ratio,graham_earnings_stability,munger_roe",3088761600.0,7.7598686,0.6701895,0.941,0.48807,0.09167,0.32766998,-0.0373,2268624896.0,0.042699999999999995,2.0
SWKS,False,45.470224726811495,"graham_pe,graham_pe_times_pb,munger_roe",10135846912.0,34.901554,1.7666807,3.101,0.11869,0.05094,0.40734002,0.08825,448812512.0,0.041299999999999996,4.0
IR,False,45.461973550135994,"graham_pe,graham_pe_times_pb,munger_roe",30640314368.0,32.632233,3.01056,1.616,0.47903,0.0947,0.42821,0.16882999,1107425024.0,0.001,4.0
MMSI,False,45.400927300988364,"graham_pe,graham_pe_times_pb,munger_roe",5346470912.0,36.847736,3.1827393,4.198,0.48822000000000004,0.0919,0.49514,0.14456001,173902128.0,,4.0
NVT,False,45.38118146938178,"graham_pe,graham_pe_times_pb",25177001984.0,43.208336,6.314956,1.8,0.40957,0.15748,0.36453998,0.18827,452550016.0,0.0054,4.0
SON,False,45.363868952380955,"graham_current_ratio,graham_debt_to_equity,munger_gross_margin",5607201280.0,8.76507,1.5657095,0.995,1.32433,0.18855,0.20794001,0.10012999,527077760.0,0.0375,4.0
TNL,False,45.33676190476191,"data_missing:debt_to_equity,data_missing:return_on_equity,graham_pe_times_pb",4393312768.0,19.375675,-4.3114023,3.202,,,0.50611,0.19755,556374976.0,0.0326,4.0
PECO,False,45.2962563832009,"graham_pe,graham_pe_times_pb,munger_roe",5547533824.0,34.40351,2.121376,1.567,0.91852,0.060170002,0.70998,0.28799,160187872.0,0.032799999999999996,4.0
CSGP,False,45.13581642857015,"graham_pe,graham_pe_times_pb,munger_roe",12698893312.0,174.1111,1.5993876,2.214,0.14537,0.00894,0.78683996,0.082159996,412700000.0,,4.0
MUSA,False,45.123577619099855,"graham_current_ratio,graham_debt_to_equity,graham_pe_times_pb,munger_gross_margin",9357067264.0,15.568195,11.954724,0.925,3.5293200000000002,0.86394,0.08061,0.049050003,386800000.0,0.0049,4.0
SKY,False,45.02306114827696,"graham_pe,graham_pe_times_pb,munger_roe,munger_gross_margin",4886840832.0,26.32456,3.1066253,2.738,0.07833,0.12645,0.25958002,0.08486,184228752.0,,4.0
M,False,44.96167857142857,"graham_current_ratio,graham_debt_to_equity,munger_roe",5920984576.0,9.301653,1.2241014,1.475,1.05623,0.14363,0.40308,0.01758,748875008.0,0.0336,4.0
KHC,False,44.91592142857143,"data_missing:trailing_pe,graham_current_ratio,graham_earnings_stability,munger_roe",29799749632.0,,0.8277611,1.061,0.52591,-0.0876,0.33498,0.1549,3250500096.0,0.0645,0.0
HR,False,44.87356400526421,"data_missing:trailing_pe,graham_current_ratio,graham_debt_to_equity,graham_earnings_stability,munger_roe",6638067712.0,,1.5546525,0.342,1.03031,-0.019199999,0.61946,0.14713,493022368.0,0.049800000000000004,0.0
VC,False,44.75545164907843,"graham_pe_times_pb,munger_roe,munger_gross_margin",2695704320.0,19.456648,1.7327591,1.775,0.25696,0.09538999,0.12808,0.07813,203124992.0,0.014499999999999999,4.0
FCFS,False,44.639038395330225,"graham_debt_to_equity,graham_pe,graham_pe_times_pb",9718319104.0,25.4625,4.1960673,4.887,1.16419,0.17398001,0.57869,0.15508,219812256.0,0.0076,4.0
FOX,False,44.592406963607736,"graham_pe_times_pb,munger_roe",25394423808.0,15.729167,2.1794827,3.169,0.6406000000000001,0.14291,0.36629,0.25214002,555374976.0,0.009300000000000001,4.0
JBL,False,44.56709989890948,"graham_current_ratio,graham_debt_to_equity,graham_pe,graham_pe_times_pb,munger_gross_margin",32716623872.0,39.076347,24.738134,0.981,2.9713600000000002,0.65876,0.092259996,0.05211,1211624960.0,0.001,4.0
SBAC,False,44.47927142829116,"data_missing:debt_to_equity,data_missing:return_on_equity,graham_current_ratio,graham_pe,graham_pe_times_pb",19834234880.0,20.146553,-4.283947,0.165,,,0.742,0.52165,752056384.0,0.0269,4.0
ELAN,False,44.4124028145906,"data_missing:trailing_pe,graham_earnings_stability,munger_roe",12231520256.0,,1.8569912,2.05,0.64253,-0.029779999,0.55359,0.086260006,826875008.0,,0.0
SABR,False,44.39380952380952,"data_missing:trailing_pe,data_missing:debt_to_equity,data_missing:return_on_equity,graham_size,graham_current_ratio,graham_earnings_stability",863668096.0,,-0.81306994,1.025,,,0.56426,0.13032,100824752.0,,1.0
HUBB,False,44.38702660354894,"graham_debt_to_equity,graham_pe,graham_pe_times_pb",24846102528.0,27.876703,6.3514442,1.609,1.41642,0.24444,0.35338002,0.21666999,495812512.0,0.012,4.0
IVT,False,44.38340241894441,"graham_pe,graham_pe_times_pb,munger_roe",2545216000.0,171.78947,1.4412506,1.849,0.62113,0.0085,0.72560996,0.15293999,117164248.0,0.030600000000000002,4.0
FCN,False,44.29419608992104,graham_pe_times_pb,4196683520.0,18.400726,3.091993,2.028,0.9501999999999999,0.15634,0.31824,0.092250004,289741120.0,,4.0
GRBK,True,44.24971686245694,,3130748672.0,10.96235,1.623943,7.051,0.14244,0.16383,0.30501,0.19545001,6958250.0,,4.0
ABBV,False,44.24536464117606,"data_missing:debt_to_equity,data_missing:return_on_equity,graham_current_ratio,graham_pe,graham_pe_times_pb",456181317632.0,72.71831,-76.853226,0.809,,,0.72792,0.40035,16870250496.0,0.0263,4.0
EFC,False,44.185249999999996,"data_missing:free_cash_flow,graham_size,graham_debt_to_equity,graham_earnings_stability,munger_roe",1782061312.0,8.48125,0.99210405,7.625,9.287799999999999,0.12247,1.0,0.55869997,,0.1159,3.0
PPLI,False,44.172610277337256,"graham_earnings_stability,munger_roe",2927921664.0,6.6531305,0.57601595,3.691,0.27577,0.09043,0.66347003,-0.03297,76441128.0,,0.0
KN,False,44.16929921872419,"graham_earnings_stability,graham_pe,graham_pe_times_pb,munger_roe",2985945088.0,41.61905,3.7534893,3.201,0.18881,0.094969995,0.45259997,0.15168001,39312500.0,,1.0
CZR,False,44.13866623809524,"data_missing:trailing_pe,graham_current_ratio,graham_debt_to_equity,graham_earnings_stability,munger_roe",6039960576.0,,1.7915859,0.851,7.2987,-0.103769995,0.49691,0.17674999,762499968.0,,0.0
MATX,False,44.130526541465834,"graham_current_ratio,graham_pe_times_pb,munger_gross_margin",6640660992.0,14.974377,2.394673,0.888,0.25834,0.17206,0.23023,0.16072,147124992.0,0.0069,4.0
JXN,False,44.107350037500005,"graham_pe,graham_pe_times_pb,munger_roe",9040432128.0,146.6813,0.9652529,1.806,0.54611,0.0137600005,0.48801,-8.101191,1227750016.0,0.0269,4.0
FOXA,False,44.03768684738449,"graham_pe_times_pb,munger_roe",28261808128.0,17.505209,2.4255764,3.169,0.6406000000000001,0.14291,0.36629,0.25214002,555374976.0,0.0083,4.0
CWEN,False,43.97566360959193,"graham_current_ratio,graham_debt_to_equity,graham_pe,graham_pe_times_pb,munger_roe",7991006720.0,37.67442,2.120974,1.207,1.76898,-0.03167,0.64422,0.25156,421750016.0,0.0571,4.0
RSG,False,43.94741373973261,"graham_current_ratio,graham_debt_to_equity,graham_pe,graham_pe_times_pb",67143323648.0,31.014145,5.5765514,0.644,1.18798,0.18152,0.43035,0.20429,1942625024.0,0.0121,4.0
DG,False,43.942899946584234,"graham_current_ratio,graham_debt_to_equity,graham_pe_times_pb",27769651200.0,17.806223,3.1401846,1.169,1.78649,0.1891,0.30827,0.05919,1882562304.0,0.0192,4.0
GOLF,False,43.922275728824054,"graham_debt_to_equity,graham_pe,graham_pe_times_pb",4961508352.0,23.084238,5.365037,2.55,1.17199,0.25239,0.47506002,0.16048001,45248500.0,0.0118,4.0
DCI,False,43.910142857142866,"data_missing:market_cap,graham_pe,graham_pe_times_pb",,24.0026,6.317769,2.076,0.7508499999999999,0.28205,0.35091,0.17085,347024992.0,0.013000000000000001,4.0
PLNT,False,43.886644135528506,"data_missing:debt_to_equity,data_missing:return_on_equity,graham_pe_times_pb",3921404928.0,17.585033,-8.483755,1.584,,,0.58525,0.33653998,156152992.0,,4.0
CNM,False,43.83882388527513,"graham_debt_to_equity,graham_pe_times_pb,munger_gross_margin",8465441280.0,18.5339,4.027995,2.312,1.15941,0.23888001,0.2706,0.09267,437875008.0,,4.0
LKQ,False,43.81807142857143,munger_roe,6416133120.0,14.08889,0.99677706,1.578,0.8210500000000001,0.07131,0.3834,0.07013,724124992.0,0.0466,4.0
FLO,False,43.8094879452381,"graham_size,graham_current_ratio,graham_debt_to_equity,graham_pe,graham_pe_times_pb,munger_roe",1479712768.0,26.846155,1.1182313,0.771,1.1100700000000001,0.053629998,0.48716,0.0828,239973744.0,0.0697,4.0
RNG,False,43.76971428571429,"data_missing:debt_to_equity,data_missing:return_on_equity,graham_current_ratio,graham_earnings_stability,graham_pe,graham_pe_times_pb",5722677248.0,54.823997,-9.404418,1.106,,,0.71861,0.08796,639506496.0,0.0042,1.0
ECL,False,43.742272916996136,"graham_debt_to_equity,graham_pe,graham_pe_times_pb",80148750336.0,38.428764,7.970728,1.841,1.38023,0.21956,0.44210997,0.18521999,1474824960.0,0.01,4.0
PTON,False,43.719380952380945,"data_missing:debt_to_equity,data_missing:return_on_equity,graham_earnings_stability,graham_pe,graham_pe_times_pb",2326020608.0,37.857143,-16.666668,2.837,,,0.52604,0.14431,353875008.0,,1.0
GWRE,False,43.68021770387598,"graham_earnings_stability,graham_pe,graham_pe_times_pb,munger_roe",16742023168.0,108.697296,12.711125,2.445,0.53467,0.1193,0.64011,0.08224,283154240.0,,1.0
VAC,False,43.587721825296455,"data_missing:trailing_pe,graham_debt_to_equity,graham_earnings_stability,munger_roe",3833014528.0,,1.9208494,4.549,2.68546,-0.1471,0.53148,0.18478,275249984.0,0.0279,0.0
UFPT,False,43.55617006226157,"graham_pe,graham_pe_times_pb,munger_gross_margin",2323349760.0,32.39201,5.287792,3.0,0.29483,0.17052001,0.28496,0.1619,34872376.0,,4.0
IRT,False,43.480239986433496,"graham_current_ratio,graham_earnings_stability,graham_pe,graham_pe_times_pb,munger_roe",3963653632.0,91.11111,1.1488616,0.588,0.7015600000000001,0.0125899995,0.60678,0.14755,186066880.0,0.0415,2.0
ARES,False,43.47523561576349,"graham_current_ratio,graham_debt_to_equity,graham_pe,graham_pe_times_pb,munger_roe",46973460480.0,65.0274,12.909981,0.544,1.7237799999999999,0.14941,0.37407002,0.19381,2159716096.0,0.038,4.0
ACMR,False,43.43131709523809,"graham_pe,graham_pe_times_pb,munger_roe,munger_fcf",5606064128.0,37.966984,3.013478,3.656,0.14523999999999998,0.11627,0.43835,0.16982001,-186610256.0,,4.0
VCEL,False,43.417789555760436,"graham_earnings_stability,graham_pe,graham_pe_times_pb,munger_roe",2108688512.0,85.79167,5.694925,5.039,0.25168,0.07157,0.7456,0.0056,55544876.0,,2.0
BIO,False,43.39699463003923,"graham_earnings_stability,graham_pe,graham_pe_times_pb,munger_roe",10426284032.0,47.55366,1.4533567,3.142,0.19103,0.0311,0.52041,0.111829996,283187488.0,,1.0
CRH,False,43.3941422443209,graham_pe_times_pb,63587893248.0,16.886927,2.6480856,1.579,0.7759199999999999,0.15812,0.3625,0.19022,2019124992.0,0.0161,4.0
KBR,False,43.352658920867896,"graham_current_ratio,graham_debt_to_equity,graham_earnings_stability,graham_pe_times_pb,munger_gross_margin",4814527488.0,11.503012,2.9428988,1.148,1.7040199999999999,0.27531,0.14476,0.07611,281500000.0,0.0174,2.0
MOG-A,False,43.337160591773625,"graham_pe,graham_pe_times_pb,munger_gross_margin",12137341952.0,32.61532,5.4596615,2.087,0.51557,0.18106002,0.28204,0.14516,333472640.0,0.0031,4.0
GD,False,43.32335404382056,"graham_current_ratio,graham_pe,graham_pe_times_pb,munger_gross_margin",102827966464.0,23.18853,3.8273916,1.441,0.35335,0.17803,0.15375,0.1038,4400124928.0,0.0166,4.0
Q,False,43.319739945923494,"graham_pe,graham_pe_times_pb,munger_roe",26433499136.0,45.125,3.6437306,2.008,0.59992,0.06722,0.46219003,0.22323,772249984.0,0.0025,4.0
TGT,False,43.22823499296997,"graham_current_ratio,graham_debt_to_equity,graham_pe_times_pb,munger_gross_margin",75380580352.0,17.194818,4.2246094,0.988,1.06989,0.26408002,0.2838,0.05901,3447375104.0,0.028300000000000002,4.0
PM,False,43.180259673598854,"data_missing:debt_to_equity,data_missing:return_on_equity,graham_current_ratio,graham_pe,graham_pe_times_pb",296884666368.0,26.164833,-34.588703,0.98,,,0.67481005,0.40002,9714374656.0,0.030299999999999997,4.0
WWD,False,43.14044334708351,"graham_pe,graham_pe_times_pb,munger_gross_margin",20449929216.0,38.52503,8.172637,1.645,0.5594100000000001,0.22339001,0.29626,0.17764,187228624.0,0.0037,4.0
FIVE,False,43.11304898542597,"graham_pe,graham_pe_times_pb",13656845312.0,31.184343,5.9059277,2.098,0.86432,0.21127,0.36805,0.11998,427309888.0,,4.0
FDX,False,43.039741453749556,"graham_current_ratio,graham_debt_to_equity,graham_pe_times_pb,munger_roe,munger_gross_margin",78434951168.0,17.865768,2.5132902,1.475,1.35697,0.14846,0.27318,0.11129,5656625152.0,0.014499999999999999,4.0
LCII,False,43.024947619047616,munger_gross_margin,2487067392.0,11.853998,1.7371076,2.486,0.80054,0.15,0.25651,0.00543,264589248.0,0.0447,4.0
PSX,False,42.997101357909074,"graham_current_ratio,graham_pe_times_pb,munger_gross_margin",96148226048.0,13.695602,3.0371842,1.32,0.62884,0.23452999,0.13098,0.08529,4545375232.0,0.021,4.0
SLG,False,42.99490452380953,"data_missing:trailing_pe,graham_debt_to_equity,graham_earnings_stability,munger_roe",4437960704.0,,1.2823981,2.466,1.4255600000000002,-0.03573,0.44757998,0.18843001,581023296.0,0.043,0.0
MBGL,False,42.92645,"data_missing:return_on_equity,data_missing:free_cash_flow,graham_earnings_stability,graham_pe",6486400000.0,48.261906,0.6076321,1.879,0.20417000000000002,,0.70948,0.25641,,0.011699999999999999,3.0
HAL,False,42.919967903373724,"graham_pe_times_pb,munger_roe,munger_gross_margin",29567797248.0,18.581154,2.6884327,2.018,0.7418600000000001,0.14917,0.15076,0.12793,2052249984.0,0.0197,4.0
MKSI,False,42.914756595948745,"graham_current_ratio,graham_debt_to_equity,graham_earnings_stability,graham_pe,graham_pe_times_pb",18323681280.0,43.15127,6.1308565,1.144,1.4009399999999999,0.15845999,0.46952,0.20593001,480375008.0,0.0037,2.0
JCI,False,42.913953798930415,"graham_current_ratio,graham_pe,graham_pe_times_pb,munger_roe",86142492672.0,40.05916,6.389451,1.0,0.70107,0.14332,0.36651,0.15875,2984124928.0,0.0111,4.0
ENOV,False,42.91032142857143,"data_missing:trailing_pe,graham_size,graham_earnings_stability,munger_roe",1431933568.0,,0.9693539,1.985,0.9255500000000001,-0.54142,0.61316,0.04185,185567744.0,,0.0
CCI,False,42.90111114778999,"data_missing:debt_to_equity,data_missing:return_on_equity,graham_current_ratio,graham_earnings_stability,graham_pe,graham_pe_times_pb",32788109312.0,30.624489,-9.774622,0.522,,,0.73732,0.46825,1036249984.0,0.056299999999999996,1.0
CBT,False,42.81613549010848,"graham_current_ratio,graham_pe,graham_pe_times_pb,munger_roe,munger_gross_margin",4366950912.0,23.691877,2.720839,1.467,0.74394,0.13345,0.24215999,0.14257,258250000.0,0.0218,4.0
VRSN,False,42.81461322848024,"data_missing:debt_to_equity,data_missing:return_on_equity,graham_current_ratio,graham_pe,graham_pe_times_pb",26643593216.0,32.03587,-11.819933,0.591,,,0.88465,0.68178004,832837504.0,0.0111,4.0
PRSU,False,42.785535714285714,"graham_size,graham_pe,graham_pe_times_pb,munger_roe,munger_fcf",1353797632.0,33.324326,2.5073717,1.606,0.39954999999999996,0.08914,0.92541003,0.16551,-54856000.0,,4.0
R,False,42.75632142857143,"graham_current_ratio,graham_debt_to_equity,graham_pe,graham_pe_times_pb,munger_gross_margin",9513474048.0,20.153532,3.3044298,0.646,2.9360899999999996,0.16697,0.1983,0.08455,949249984.0,0.016200000000000003,4.0
FICO,False,42.747307861305394,"data_missing:debt_to_equity,data_missing:return_on_equity,graham_current_ratio,graham_pe,graham_pe_times_pb",24989761536.0,33.46038,-6.099131,1.183,,,0.851,0.53787,774413504.0,,4.0
PRLB,False,42.706445654824684,"graham_size,graham_earnings_stability,graham_pe,graham_pe_times_pb,munger_roe",1916143872.0,63.571426,2.7700925,3.637,0.0032400000000000003,0.04494,0.45421,0.088520005,41775752.0,,3.0
TR,False,42.69825329333617,"graham_pe,graham_pe_times_pb,munger_roe",3072665856.0,32.188976,3.217884,2.893,0.013959999999999998,0.1034,0.34493,0.08946,59253124.0,0.0087,4.0
SUPN,False,42.64497103860093,"data_missing:trailing_pe,graham_earnings_stability,munger_roe",2570443776.0,,2.4923859,2.083,0.03895,-0.104899995,0.72890997,-0.02485,84611000.0,,0.0
AMN,False,42.642,"graham_size,graham_current_ratio,graham_debt_to_equity,graham_earnings_stability,munger_gross_margin",1358648192.0,13.040893,1.8321409,1.128,1.04658,0.15556,0.27786,0.03997,445770624.0,,0.0
CMI,False,42.64140091481995,"graham_pe,graham_pe_times_pb,munger_gross_margin",79001518080.0,29.368984,6.14942,1.727,0.59586,0.21114,0.25772,0.11896,2229374976.0,0.0152,4.0
MCD,False,42.634642535253086,"data_missing:debt_to_equity,data_missing:return_on_equity,graham_current_ratio,graham_pe,graham_pe_times_pb",184029249536.0,21.125914,-179.84785,1.081,,,0.57382,0.46485,6262374912.0,0.0279,4.0
AWK,False,42.571250000000006,"graham_current_ratio,graham_debt_to_equity,graham_pe,graham_pe_times_pb,munger_roe,munger_fcf",27164266496.0,23.689775,2.3286994,0.523,1.37745,0.10095,0.61469,0.40664002,-1785374976.0,0.026000000000000002,4.0
LNN,False,42.56904614496963,"graham_size,graham_pe,graham_pe_times_pb,munger_roe,munger_gross_margin",1161896832.0,21.973078,2.3280358,2.935,0.27616,0.10741,0.29463,0.115159996,41360124.0,0.013300000000000001,4.0
BILL,False,42.54217893878144,"data_missing:trailing_pe,graham_earnings_stability,munger_roe",4867292160.0,,1.2743156,1.51,0.5374300000000001,-0.00302,0.83938,0.09702,222836880.0,,0.0
CERT,False,42.50980382535403,"data_missing:trailing_pe,graham_size,graham_earnings_stability,munger_roe",1282851200.0,,1.326917,2.551,0.31241,-0.022090001,0.61608005,-0.0021,62582376.0,,0.0
DIS,False,42.48827305105909,"graham_current_ratio,graham_pe,graham_pe_times_pb,munger_roe",184444682240.0,22.024742,1.6795069,0.709,0.39404000000000006,0.0801,0.37595,0.19301,4860375040.0,0.0137,4.0
REYN,False,42.484634666305794,"graham_pe_times_pb,munger_gross_margin",5101142016.0,14.846626,2.2084322,1.795,0.7134199999999999,0.15433,0.25145,0.14619,244124992.0,0.0374,4.0
WSC,False,42.459677831734744,"data_missing:trailing_pe,graham_current_ratio,graham_debt_to_equity,graham_earnings_stability,munger_roe",3794138880.0,,4.3534307,0.811,4.16655,-0.07083,0.52324003,0.20124,248800992.0,0.0131,0.0
STAA,False,42.42822113079847,"graham_size,graham_earnings_stability,graham_pe,graham_pe_times_pb,munger_roe",1122723712.0,279.875,3.0713305,4.665,0.09836,0.0109399995,0.76622003,0.10885999,15348500.0,,0.0
ATR,False,42.42678541632405,"graham_pe,graham_pe_times_pb,munger_roe",8447388672.0,23.981949,3.215003,1.614,0.5278,0.13459,0.3607,0.12494001,265978880.0,0.014199999999999999,4.0
MSEX,False,42.35804010119048,"graham_size,graham_current_ratio,graham_pe,graham_pe_times_pb,munger_roe,munger_fcf",1090310784.0,22.33977,2.0922832,0.497,0.83981,0.097679995,0.53659,0.344,-28346000.0,0.0246,4.0
CIEN,False,42.3577679105758,"graham_pe,graham_pe_times_pb",56599941120.0,133.7291,19.57554,2.727,0.54649,0.15464,0.43047002,0.15195,700927872.0,,4.0
ROG,False,42.29640780574942,"graham_earnings_stability,graham_pe,graham_pe_times_pb,munger_roe",2310912000.0,76.52663,1.9216368,3.988,0.02366,0.02596,0.32439,0.09548,99825000.0,,0.0
NEE,False,42.26803571428571,"graham_current_ratio,graham_debt_to_equity,graham_pe_times_pb,munger_roe,munger_fcf",174116601856.0,18.757305,3.0476851,0.534,1.61676,0.11677,0.61024,0.31524,-17766875136.0,0.0296,4.0
MSCI,False,42.21838197669992,"data_missing:debt_to_equity,data_missing:return_on_equity,graham_current_ratio,graham_pe,graham_pe_times_pb",41377206272.0,31.13512,-15.384928,0.894,,,0.82975,0.56298,1194705920.0,0.014499999999999999,4.0
ES,False,42.19742912676486,"graham_current_ratio,graham_debt_to_equity,graham_earnings_stability,graham_pe_times_pb,munger_roe",26713772032.0,18.420778,1.6345156,0.8,1.807,0.09016,0.52752,0.23923,811961344.0,0.044000000000000004,2.0
DIOD,False,42.191748651021335,"graham_pe,graham_pe_times_pb,munger_roe",4184257792.0,48.84946,2.134718,3.167,0.04401,0.04684,0.31734,0.07458,176820256.0,,4.0
MMI,False,42.12963593958465,"graham_size,graham_earnings_stability,graham_pe,graham_pe_times_pb,munger_roe",1203161856.0,85.86487,2.0775568,2.915,0.12808999999999998,0.0242,0.37724,0.01091,68309504.0,0.0155,0.0
AZZ,False,42.1111113917071,"graham_earnings_stability,graham_pe,graham_pe_times_pb,munger_gross_margin",4199396864.0,21.30183,3.0482965,1.923,0.39448,0.15314999,0.23807,0.17175,104912376.0,0.0068000000000000005,3.0
ARW,False,42.10134862162549,"graham_current_ratio,munger_roe,munger_gross_margin",10637197312.0,13.343551,1.5205497,1.217,0.30663,0.12036,0.11271,0.0395,732857856.0,,4.0
ASH,False,42.06826538234336,"graham_earnings_stability,graham_pe,graham_pe_times_pb,munger_roe",3385961728.0,47.397438,1.8106574,3.047,0.7893000000000001,0.0399,0.33388,0.11469,269124992.0,0.0226,0.0
CRM,False,42.023857142857146,"data_missing:market_cap,graham_current_ratio,graham_debt_to_equity,graham_pe,graham_pe_times_pb",,23.081501,3.9591908,0.786,1.24282,0.16908,0.77643996,0.218,16552999936.0,0.0086,4.0
UNH,False,41.97709860497172,"graham_current_ratio,graham_pe,graham_pe_times_pb,munger_roe,munger_gross_margin",354594816000.0,25.388817,3.6316085,0.777,0.69211,0.14152999,0.19723,0.071329996,24272250880.0,0.0231,4.0
ALG,False,41.91294433762726,"graham_size,graham_pe_times_pb,munger_roe,munger_gross_margin",1997498752.0,19.678656,1.6526861,4.391,0.23471,0.08771,0.24215001,0.10153,91344752.0,0.008,4.0
PRU,False,41.90363078095238,"graham_current_ratio,graham_debt_to_equity,graham_earnings_stability,munger_roe,munger_gross_margin",41527652352.0,10.912965,1.3159362,0.777,1.6389099999999999,0.12011,0.29015,0.075219996,7527750144.0,0.0466,3.0
JBTM,False,41.87750806216463,"graham_current_ratio,graham_earnings_stability,graham_pe,graham_pe_times_pb,munger_roe",6120945664.0,31.803234,1.3634315,1.239,0.37545,0.0437,0.35551,0.08053,341062496.0,0.0033,0.0
WINA,False,41.84153072279648,"data_missing:debt_to_equity,data_missing:return_on_equity,graham_size,graham_pe,graham_pe_times_pb",1204202880.0,30.447775,-31.963198,3.75,,,0.96664,0.62101,32954364.0,0.0118,4.0
GNRC,False,41.84014027539372,"graham_pe,graham_pe_times_pb,munger_roe",11641364480.0,45.249996,4.0453973,2.045,0.49003,0.09491,0.39539,0.17932,289056512.0,,4.0
ACLS,False,41.839024353599775,"graham_pe,graham_pe_times_pb,munger_roe",3779894272.0,41.073826,3.546387,4.896,0.0655,0.088870004,0.43011,0.09425,42032248.0,,4.0
ST,False,41.777883333333335,"graham_earnings_stability,graham_pe,graham_pe_times_pb,munger_roe,munger_gross_margin",6183818752.0,68.53226,2.090015,2.291,0.8259799999999999,0.03079,0.29497,0.16394,504049504.0,0.0113,2.0
BFAM,False,41.7527992851803,"graham_current_ratio,graham_debt_to_equity,graham_pe,graham_pe_times_pb,munger_roe,munger_gross_margin",3615062272.0,23.596825,3.8794365,0.479,2.17779,0.14942999,0.25485,0.127,240151376.0,,4.0
RBA,False,41.74327685423812,"graham_current_ratio,graham_pe,graham_pe_times_pb,munger_roe",15906828288.0,37.021553,2.8553855,1.312,0.77606,0.08066,0.45761,0.17721,603587520.0,0.0154,4.0
CVNA,False,41.699839993406336,"graham_debt_to_equity,graham_earnings_stability,graham_pe,graham_pe_times_pb,munger_gross_margin",82126077952.0,39.201057,13.225633,3.926,1.1088,0.58773,0.19371,0.09219,424375008.0,,3.0
PHIN,False,41.649135457142854,"graham_pe_times_pb,munger_roe,munger_gross_margin",2493954560.0,19.504297,1.6184022,1.806,0.68916,0.08523,0.21798,0.077659994,269249984.0,0.0171,4.0
KMI,False,41.63093133715186,"graham_current_ratio,graham_pe,graham_pe_times_pb,munger_roe",70233341952.0,20.348389,2.2184708,0.458,0.98619,0.109910004,0.49407002,0.30065,1075000064.0,0.0369,4.0
AVNT,False,41.56395216158557,"graham_pe,graham_pe_times_pb,munger_roe",4059507200.0,23.924324,1.6658511,1.9,0.76563,0.071100004,0.32994,0.1277,263787504.0,0.0246,4.0
JBHT,False,41.55623565495041,"graham_current_ratio,graham_pe,graham_pe_times_pb,munger_gross_margin",24736256000.0,37.413353,6.763822,1.255,0.38372999999999996,0.18448,0.18505,0.07423,903028352.0,0.0068000000000000005,4.0
AJG,False,41.54434358666634,"graham_current_ratio,graham_pe,graham_pe_times_pb,munger_roe",66687107072.0,43.07119,2.8113382,1.053,0.59401,0.06722,0.43186,0.1916,2082300032.0,0.0106,4.0
NNN,False,41.53925,"graham_current_ratio,graham_debt_to_equity,graham_pe,graham_pe_times_pb,munger_roe,munger_fcf",8623949824.0,22.330051,1.9504325,0.179,1.1211799999999998,0.08719,0.96094,0.61697,-1371816320.0,0.054299999999999994,4.0
BWA,False,41.52545220952381,"graham_pe,graham_pe_times_pb,munger_roe,munger_gross_margin",13197580288.0,31.921185,2.3479111,2.127,0.7011,0.08056,0.19325,0.106359996,1066249984.0,0.0105,4.0
REX,False,41.514278391741456,"graham_size,graham_pe_times_pb,munger_gross_margin",1349787648.0,14.635715,2.1451004,6.76,0.027000000000000003,0.15793,0.16525,0.117910005,24365876.0,,4.0
TMO,False,41.435408684133996,"graham_pe,graham_pe_times_pb,munger_roe",233199616000.0,33.963383,4.4268036,1.551,0.8057500000000001,0.13515,0.40987998,0.18751,6237250048.0,0.003,4.0
FUL,False,41.42967924552992,"graham_debt_to_equity,munger_roe",3065882368.0,16.913948,1.4721836,1.796,1.06252,0.09388,0.32394,0.13299,219408128.0,0.0169,4.0
NOVT,False,41.36740107236986,"graham_pe,graham_pe_times_pb,munger_roe",5470340096.0,91.55063,3.3840215,4.569,0.17668,0.051090002,0.44544998,0.11497,118383248.0,,4.0
LAZ,False,41.31832142857142,"data_missing:free_cash_flow,graham_debt_to_equity,graham_earnings_stability,graham_pe,graham_pe_times_pb",4211813888.0,21.290642,4.7910433,5.305,2.25799,0.25665,0.89509004,0.04829,,0.0467,2.0
CI,False,41.178190309523806,"graham_current_ratio,munger_gross_margin",73371656192.0,11.483458,1.7180105,0.846,0.7429000000000001,0.16758,0.091359995,0.03985,7980125184.0,0.0222,4.0
IART,False,41.08985343976326,"data_missing:trailing_pe,graham_size,graham_debt_to_equity,graham_earnings_stability,munger_roe",1310466688.0,,1.2560567,3.601,1.96489,-0.00696,0.56872004,0.09621,94402000.0,,0.0
AFG,False,41.08969609629835,"graham_pe_times_pb,munger_gross_margin",11826258944.0,12.466784,2.4529176,2.085,0.42232,0.20413,0.20156,0.17241,142250000.0,0.024300000000000002,4.0
BBWI,False,41.082,"data_missing:debt_to_equity,data_missing:return_on_equity,graham_current_ratio,graham_pe_times_pb",3759127552.0,4.8950133,-2.926408,1.201,,,0.44139,0.14861,869625024.0,0.042300000000000004,4.0
APTV,False,40.977371,"graham_pe,munger_roe,munger_gross_margin",9434858496.0,20.561085,1.0816987,2.018,0.6493800000000001,0.05158,0.19251,0.12675999,1615874944.0,,4.0
PAYO,False,40.96189982857143,"graham_current_ratio,graham_earnings_stability,graham_pe,graham_pe_times_pb,munger_roe,munger_fcf",2416006656.0,50.928574,3.6962156,1.003,0.13183999999999998,0.07058,0.85370004,0.061739996,-69092496.0,,3.0
NOV,False,40.87429047619048,"graham_pe,graham_pe_times_pb,munger_roe,munger_gross_margin",7400485888.0,76.888885,1.1954395,2.422,0.37151,0.01545,0.21646,0.0717,673374976.0,0.0178,4.0
TAP,False,40.7747380952381,"data_missing:trailing_pe,graham_current_ratio,graham_earnings_stability,munger_roe",7767670784.0,,0.7694296,0.879,0.7603,-0.19466,0.37013,0.11297,935137472.0,0.045599999999999995,0.0
EZPW,False,40.760850000000005,"graham_pe_times_pb,munger_roe,munger_fcf",2114266496.0,17.291456,1.8163104,4.811,0.69526,0.14745,0.58554,0.13097,-11004125.0,,4.0
GATX,False,40.751106767857145,"graham_debt_to_equity,graham_pe_times_pb,munger_roe,munger_fcf",6299834368.0,17.667326,2.2625434,3.302,3.47592,0.117989995,0.73627,0.27771,-4936737280.0,0.0148,4.0
FLS,False,40.71499913824474,"graham_pe,graham_pe_times_pb",10423247872.0,28.57143,4.618157,2.153,0.9960800000000001,0.16936001,0.35146,0.13919,428336256.0,0.0106,4.0
LFUS,False,40.62970628498045,"data_missing:trailing_pe,graham_earnings_stability,munger_roe",10699984896.0,,4.0861697,2.761,0.27093,-0.0030899998,0.39343,0.18799,364767136.0,0.0076,0.0
COIN,False,40.61038583351914,"data_missing:trailing_pe,graham_earnings_stability,munger_roe",50318979072.0,,3.8463247,2.423,0.5098199999999999,-0.07847,0.8581,-0.13922,2668452864.0,,3.0
MAR,False,40.58201624029558,"data_missing:debt_to_equity,data_missing:return_on_equity,graham_current_ratio,graham_pe,graham_pe_times_pb",92277366784.0,36.670467,-20.473848,0.535,,,0.79241997,0.65276,2060375040.0,0.008100000000000001,4.0
NOC,False,40.5755605718851,"graham_current_ratio,graham_pe_times_pb,munger_gross_margin",77442818048.0,17.327719,4.330278,1.168,0.95348,0.26958,0.2006,0.11604,2478000128.0,0.018000000000000002,4.0
VMC,False,40.566356885739935,"graham_pe,graham_pe_times_pb,munger_roe,munger_gross_margin",35485138944.0,32.255596,4.186349,1.757,0.5821999999999999,0.13234,0.27506,0.21611,843600000.0,0.0076,4.0
DBD,False,40.5111436952381,"graham_current_ratio,graham_debt_to_equity,graham_earnings_stability,graham_pe,graham_pe_times_pb,munger_roe,munger_gross_margin",2297505024.0,22.410597,2.3745701,1.267,1.13548,0.10944,0.26274002,0.082720004,312012512.0,,1.0
TDG,False,40.49666741646608,"data_missing:debt_to_equity,data_missing:return_on_equity,graham_pe,graham_pe_times_pb",65584488448.0,36.008495,-7.063474,3.019,,,0.59824,0.46005002,1457374976.0,,4.0
FRPT,False,40.44882028484458,"graham_earnings_stability,graham_pe_times_pb",3497666304.0,18.854923,2.8592753,6.046,0.39885,0.17622,0.41367,0.07113,19274124.0,,2.0
CRSR,False,40.39705425256768,"graham_size,graham_earnings_stability,graham_pe,graham_pe_times_pb,munger_roe",1295959936.0,38.64516,1.9492352,1.752,0.27172999999999997,0.05845,0.30526,-0.02543,77311376.0,,0.0
COTY,False,40.3693,"data_missing:trailing_pe,graham_current_ratio,graham_earnings_stability,munger_roe",2430087424.0,,0.81296027,0.755,0.9753799999999999,-0.16093001,0.62894,-0.024419999,362687488.0,,0.0
PANW,False,40.33642957895559,"graham_current_ratio,graham_earnings_stability,graham_pe,graham_pe_times_pb,munger_roe",312022761472.0,332.91306,11.249706,0.856,0.07698,0.048309997,0.71963996,-0.02465,3579375104.0,,3.0
COR,False,40.26009634369934,"graham_current_ratio,graham_debt_to_equity,graham_pe,graham_pe_times_pb,munger_gross_margin",61299412992.0,23.84781,20.091946,0.935,4.46516,0.96871,0.03961,0.014149999,2043314048.0,0.0073,4.0
POST,False,40.22173753809524,"graham_debt_to_equity,munger_roe,munger_gross_margin",3693337344.0,14.816363,1.1637604,1.851,2.47074,0.082779996,0.2882,0.102819994,394649984.0,,4.0
AKAM,False,40.21242462814011,"graham_debt_to_equity,graham_pe,graham_pe_times_pb,munger_roe",15987035136.0,40.304348,3.3637738,1.637,1.96672,0.08918,0.57452,0.076290004,710060096.0,,4.0
INDV,False,40.19097806332278,"data_missing:debt_to_equity,data_missing:return_on_equity,graham_current_ratio,graham_earnings_stability,graham_pe_times_pb",4165881600.0,12.652329,-20.022688,0.835,,,0.85725,0.46939,86500000.0,,2.0
HWKN,False,40.14232249570412,"graham_pe,graham_pe_times_pb,munger_gross_margin",2456374784.0,30.484457,5.5643826,2.27,0.42302999999999996,0.15614,0.22304001,0.09476,81369504.0,0.0067,4.0
BA,False,40.04924330906212,"graham_current_ratio,graham_debt_to_equity,graham_earnings_stability,graham_pe,graham_pe_times_pb,munger_gross_margin",165890768896.0,75.5,27.201918,1.138,7.90875,1.73537,0.0471,4.0000003e-05,5625375232.0,,1.0
FOUR,False,40.045832366666666,"graham_current_ratio,graham_debt_to_equity,graham_pe,graham_pe_times_pb,munger_roe",3469507584.0,68.65625,5.660183,1.211,2.6232100000000003,0.064899996,0.35904998,0.0749,353524992.0,,4.0
WAB,False,40.03037172525188,"graham_current_ratio,graham_pe,graham_pe_times_pb,munger_roe",50213818368.0,40.06469,4.4827795,1.121,0.61686,0.11553001,0.35735,0.19188,1101374976.0,0.0040999999999999995,4.0
HIMS,False,40.0,"data_missing:trailing_pe,graham_current_ratio,graham_debt_to_equity,graham_earnings_stability,munger_roe",7386702336.0,,22.793375,0.934,4.77128,-0.32033002,0.69528997,-0.12751001,849437248.0,,2.0
AMH,False,39.97713233333333,"data_missing:market_cap,graham_pe,graham_pe_times_pb,munger_roe",,26.539682,1.7675352,1.672,0.68848,0.07084,0.56646997,0.25921,822327360.0,0.038599999999999995,4.0
AZTA,False,39.905530686533965,"data_missing:trailing_pe,graham_size,graham_earnings_stability,munger_roe",1472400128.0,,0.9740335,2.5,0.03574,-0.07041,0.44048,-0.022739999,63366000.0,,0.0
WTRG,False,39.868500000000004,"graham_current_ratio,graham_debt_to_equity,graham_pe,graham_pe_times_pb,munger_roe,munger_fcf",11501317120.0,20.79487,1.6395762,0.777,1.21656,0.08078,0.5643,0.35409,-657633024.0,0.0354,4.0
NSIT,False,39.84981060714286,"graham_current_ratio,graham_debt_to_equity,graham_pe,graham_pe_times_pb,munger_roe,munger_gross_margin",4586051072.0,23.115383,2.8734827,1.183,1.08517,0.13112001,0.22103001,0.06179,438449760.0,,4.0
MTX,False,39.82275747619048,"data_missing:trailing_pe,graham_current_ratio,graham_earnings_stability,munger_roe,munger_gross_margin",2250298112.0,,1.456608,1.429,0.61194,-0.03835,0.24516001,0.13603,392837504.0,0.0067,0.0
ONTO,False,39.81500601050531,"graham_pe,graham_pe_times_pb,munger_roe",17885939712.0,110.007515,6.826867,9.726,0.76547,0.06825,0.55492,0.2297,202947248.0,,4.0
DGX,False,39.812202581136155,"graham_pe,graham_pe_times_pb,munger_roe",26998427648.0,25.994686,3.5799901,1.591,0.81074,0.14602,0.33192003,0.15248,909625024.0,0.013999999999999999,4.0
FDXF,False,39.75933333333334,"data_missing:debt_to_equity,graham_pe,graham_pe_times_pb,munger_gross_margin,munger_fcf",19923290112.0,30.422373,-40.087246,1.517,,0.69093,0.29278,-0.057719998,-511124992.0,,4.0
HLT,False,39.754063050528686,"data_missing:debt_to_equity,data_missing:return_on_equity,graham_current_ratio,graham_pe,graham_pe_times_pb",73299140608.0,47.753662,-11.661833,0.649,,,0.79036003,0.62987,1393874944.0,0.0018,4.0
CHRW,False,39.748626700885175,"graham_debt_to_equity,graham_pe,graham_pe_times_pb,munger_gross_margin",17660899328.0,28.843513,10.874947,1.582,1.21188,0.37123,0.08447,0.05337,480618368.0,0.0166,4.0
MTH,False,39.710864624139745,"munger_roe,munger_gross_margin",4596728832.0,14.693749,0.9088097,14.355,0.37707,0.063769996,0.18275999,0.08185001,293902112.0,0.026600000000000002,4.0
GAP,False,39.63857142857143,"data_missing:market_cap,graham_debt_to_equity,graham_earnings_stability",,8.25,2.0533335,1.806,1.5436400000000001,0.2758,0.405,0.12725,928499968.0,0.0331,3.0
EXP,False,39.607026913968795,"graham_debt_to_equity,graham_pe_times_pb,munger_gross_margin",6064818688.0,15.579986,4.0959187,3.231,1.20746,0.2703,0.2702,0.21666999,25278250.0,0.005,4.0
NXRT,False,39.531124836801915,"data_missing:trailing_pe,graham_size,graham_debt_to_equity,graham_earnings_stability,munger_roe",1212689280.0,,2.4224305,2.87,6.29179,-0.11093,0.60032004,0.11203,71450872.0,0.0876,0.0
MTD,False,39.520260434889124,"data_missing:return_on_equity,data_invalid_outlier:debt_to_equity,graham_current_ratio,graham_debt_to_equity,graham_pe,graham_pe_times_pb",28200056832.0,31.748928,2199.1096,1.122,166.68447,,0.60256,0.312,693589632.0,,4.0
VTRS,False,39.48441623809524,"data_missing:trailing_pe,graham_earnings_stability,munger_roe",19399698432.0,,1.341754,1.585,0.9553499999999999,-0.02754,0.40307,0.12550999,2677337600.0,0.0285,0.0
MDLZ,False,39.47664142364785,"graham_current_ratio,graham_pe,graham_pe_times_pb,munger_roe",79679913984.0,22.868132,3.0010095,0.599,0.82643,0.13340001,0.31146,0.21978001,2252375040.0,0.033,4.0
GIS,False,39.47033376190476,"data_missing:trailing_pe,graham_current_ratio,graham_debt_to_equity,graham_earnings_stability,munger_roe",21620414464.0,,3.9057367,0.682,2.17629,-0.01028,0.33733,0.19194001,2308499968.0,0.060899999999999996,0.0
WYNN,False,39.43736844951291,"data_missing:debt_to_equity,data_missing:return_on_equity,graham_current_ratio,graham_earnings_stability,graham_pe,graham_pe_times_pb",9639386112.0,22.44844,-56.289837,0.912,,,0.683,0.16537,476188864.0,0.0103,3.0
CXM,False,39.40745,"data_missing:market_cap,graham_current_ratio,graham_earnings_stability,graham_pe,graham_pe_times_pb,munger_roe",,66.16667,3.802682,1.434,0.08972,0.05079,0.66342,0.04536,130164128.0,,3.0
JBSS,False,39.370152980593076,"graham_size,graham_pe_times_pb,munger_gross_margin",864911616.0,14.066539,2.277176,2.08,0.28779,0.16724001,0.17963,0.041079998,29046376.0,0.0126,4.0
SKYW,False,39.36171278239114,graham_current_ratio,3838956544.0,9.818273,1.3939685,0.569,0.8633299999999999,0.15341,0.30895,0.14130999,145134624.0,,4.0
GNW,False,39.36166919761905,"munger_roe,munger_gross_margin",3752060928.0,19.470589,0.42905292,10.675,0.23338,0.033970002,0.06625,0.07248,673625024.0,,4.0
FN,False,39.351614285714284,"graham_pe,graham_pe_times_pb,munger_gross_margin,munger_fcf",15506103296.0,33.157852,6.3180413,2.253,0.00164,0.21326,0.11991,0.10231,-57873500.0,,4.0
MSM,False,39.34895238095238,"data_missing:market_cap,graham_pe,graham_pe_times_pb",,29.471016,4.8003306,1.548,0.39130000000000004,0.16322,0.40823,0.10195,195171120.0,0.028399999999999998,4.0
AGCO,False,39.33362275409912,"graham_current_ratio,graham_earnings_stability,munger_roe,munger_gross_margin",7766518784.0,15.338866,1.902491,1.321,0.66053,0.118269995,0.25267,0.057290003,450262496.0,0.0108,1.0
EPC,False,39.281270761904764,"data_missing:trailing_pe,graham_size,munger_roe",1321369216.0,,0.90495884,1.842,0.87622,-0.012949999,0.40952998,0.08805,241862496.0,0.0209,4.0
JJSF,False,39.26376442735873,"graham_size,graham_pe,graham_pe_times_pb,munger_roe",1639311104.0,34.011627,1.8323623,2.343,0.21512,0.05292,0.3027,0.10827,57647500.0,0.036000000000000004,4.0
BOOT,False,39.238952645275695,graham_pe_times_pb,4712927232.0,19.67383,3.5700028,2.53,0.59323,0.19174999,0.37824002,0.12776,12682000.0,,4.0
HCC,False,39.13005714285715,"graham_pe,graham_pe_times_pb,munger_roe,munger_fcf",5716354048.0,26.02404,2.4959652,3.927,0.10297,0.10037,0.30597,0.18545,-53619500.0,0.003,4.0
THRM,False,39.11632517296564,"graham_size,graham_pe,graham_pe_times_pb,munger_roe,munger_gross_margin",1239876352.0,46.953487,1.7146498,2.064,0.44955,0.03735,0.24033001,0.07101,84331624.0,,4.0
MAC,False,39.04820682451159,"data_missing:trailing_pe,graham_current_ratio,graham_debt_to_equity,graham_earnings_stability,munger_roe",7057126400.0,,2.403537,0.329,1.6892699999999998,-0.06179,0.54914004,0.16256,388895136.0,0.0281,0.0
TXRH,False,39.01262241196682,"graham_current_ratio,graham_pe,graham_pe_times_pb,munger_gross_margin",13136062464.0,31.96805,8.548119,0.458,0.68842,0.27714002,0.16252,0.08509,235890752.0,0.0147,4.0
WBD,False,38.995007809523806,"data_missing:trailing_pe,graham_current_ratio,graham_earnings_stability,munger_roe",72406106112.0,,2.2057586,0.777,0.94199,-0.08786,0.47811002,0.05105,16167374848.0,,1.0
PAHC,False,38.99435607142857,"graham_size,graham_debt_to_equity,graham_pe_times_pb,munger_fcf",1474527360.0,15.600859,4.075112,3.172,2.17971,0.30337998,0.32574,0.12560001,-17678250.0,0.0134,4.0
KGS,False,38.76212804956016,"graham_current_ratio,graham_debt_to_equity,graham_pe,graham_pe_times_pb,munger_roe",6082418688.0,68.36364,2.809902,1.447,1.30257,0.04587,0.63846,0.34208,16089375.0,0.032400000000000005,4.0
OPCH,False,38.70461299261943,"graham_current_ratio,graham_debt_to_equity,graham_pe_times_pb,munger_gross_margin",3591850240.0,18.166666,2.8506896,1.465,1.00649,0.15999,0.19058001,0.05903,256067872.0,,4.0
SAIA,False,38.67832193890544,"graham_pe,graham_pe_times_pb,munger_roe,munger_gross_margin",9393731584.0,34.114006,3.4450526,1.584,0.09872,0.10767,0.23584999,0.13091,135712256.0,,4.0
ETN,False,38.67432890111797,"graham_current_ratio,graham_debt_to_equity,graham_pe,graham_pe_times_pb",161589936128.0,42.409786,7.9782157,1.24,1.05059,0.19684,0.36022,0.16563,3106125056.0,0.0105,4.0
BBY,False,38.56542857142857,"data_missing:market_cap,graham_current_ratio,graham_debt_to_equity,graham_pe_times_pb,munger_gross_margin",,15.474073,5.7107706,1.121,1.3409,0.39104,0.22518,0.0404,1143750016.0,0.043899999999999995,4.0
PHM,False,38.55980995238095,"data_missing:market_cap,munger_roe,munger_gross_margin",,12.946884,1.8278701,7.272,0.19065000000000001,0.14901,0.25565,0.15685001,1078512896.0,0.008,4.0
LEA,False,38.51179047619048,"graham_current_ratio,munger_roe,munger_gross_margin",8226643456.0,11.505587,1.1814705,1.314,0.66026,0.12094,0.07696,0.04153,858987520.0,0.0248,4.0
SAFE,False,38.480000000000004,"graham_size,graham_debt_to_equity,graham_earnings_stability,munger_roe,munger_fcf",1087029888.0,9.534162,0.44716987,37.645,1.76953,0.0464,0.92913,0.73670995,-317175872.0,0.0461,2.0
ENPH,False,38.455815403869096,"graham_pe,graham_pe_times_pb,munger_roe",5186677248.0,38.861385,4.388417,3.451,0.5189900000000001,0.12996,0.30037,0.17981,78322752.0,,4.0
ROCK,False,38.42398826666667,"graham_size,graham_current_ratio,graham_debt_to_equity,graham_earnings_stability,graham_pe,graham_pe_times_pb,munger_roe,munger_gross_margin",1359998976.0,22.698019,1.5442909,1.457,1.53722,0.06241,0.25445,0.122770004,307628128.0,,0.0
BDC,False,38.39329743692564,graham_pe_times_pb,4687429120.0,19.472403,3.3766856,2.135,0.97069,0.18643999,0.3766,0.13171,108234624.0,0.0017000000000000001,4.0
EL,False,38.34955081714773,"graham_current_ratio,graham_debt_to_equity,graham_earnings_stability,graham_pe,graham_pe_times_pb,munger_roe",38426624000.0,212.42,10.096007,1.222,2.4293199999999997,0.04745,0.75487,0.07003,1812125056.0,0.013300000000000001,1.0
NPO,False,38.3362379151307,"graham_pe,graham_pe_times_pb,munger_roe",6532981248.0,149.09662,4.1147375,2.282,0.37073,0.0286,0.43226,0.17119,130837504.0,0.0040999999999999995,4.0
LW,False,38.32030998278961,"graham_current_ratio,graham_debt_to_equity,graham_pe,graham_pe_times_pb,munger_gross_margin",7534076416.0,26.346155,4.1277494,1.423,2.21223,0.16280001,0.20678,0.097729996,452924992.0,0.0275,4.0
PRKS,False,38.318470620820655,"data_missing:debt_to_equity,data_missing:return_on_equity,graham_size,graham_current_ratio,graham_pe_times_pb",1926552192.0,16.928288,-3.1215105,0.478,,,0.46013,0.24239999,97038376.0,,4.0
FUN,False,38.30119047619048,"data_missing:trailing_pe,graham_size,graham_current_ratio,graham_debt_to_equity,graham_earnings_stability,munger_roe",1632968320.0,,14.2372875,0.42,14.552999999999999,-1.4315801,0.38197,0.12994,483434880.0,,0.0
DE,False,38.2957323750093,"graham_debt_to_equity,graham_pe,graham_pe_times_pb,munger_gross_margin",168079245312.0,34.553825,6.0018888,2.1,3.76022,0.18242,0.26092,0.17479,5664875008.0,0.0102,4.0
URBN,False,38.16104478666574,"graham_current_ratio,graham_pe_times_pb",6747188224.0,15.151924,2.5835328,1.476,0.46143,0.18732001,0.36061,0.08964,4627125.0,,4.0
NWL,False,38.141522809523806,"data_missing:trailing_pe,graham_current_ratio,graham_debt_to_equity,graham_earnings_stability,munger_roe",2504292096.0,,1.020479,1.111,2.32966,-0.085939996,0.35467997,0.14744,408624992.0,0.047,0.0
RAL,False,38.135918107988275,"data_missing:trailing_pe,graham_earnings_stability,munger_roe",7005725184.0,,4.5655775,1.524,0.79797,-0.53898996,0.50952,0.14477,333950016.0,0.0031,0.0
FBIN,False,38.11746663747097,"graham_debt_to_equity,graham_pe,graham_pe_times_pb,munger_roe",5405185024.0,36.540325,2.3430552,2.014,1.21292,0.06406,0.44268,0.11015,299150016.0,0.0225,4.0
PDFS,False,38.09964242857143,"graham_size,graham_earnings_stability,graham_pe,graham_pe_times_pb,munger_roe,munger_fcf",1948786048.0,184.6,5.1900587,3.447,0.19210000000000002,0.03272,0.71462,0.08229999,-13259875.0,,0.0
VIAV,False,38.07768378871098,"data_missing:trailing_pe,graham_earnings_stability,munger_roe",9487531008.0,,6.556958,1.846,0.48243,-0.02728,0.6089,0.14308,158712496.0,,0.0
KNTK,False,38.026821,"graham_current_ratio,graham_debt_to_equity,graham_pe_times_pb,munger_fcf",9201089536.0,19.013987,-3.621953,0.682,1.3657400000000002,0.19231,0.41193,0.23035999,-95451128.0,0.0583,4.0
TKR,False,37.971763378001334,"graham_pe,graham_pe_times_pb,munger_roe",8630228992.0,33.65946,2.7055092,3.095,0.65523,0.08538,0.30859,0.13649,354212512.0,0.011399999999999999,4.0
RS,False,37.968143538114305,"graham_pe,graham_pe_times_pb,munger_roe,munger_gross_margin",19997558784.0,22.759443,2.7017388,4.297,0.26921,0.12229,0.28285,0.09538,345437504.0,0.0128,4.0
CSW,False,37.94701753140526,"graham_pe,graham_pe_times_pb,munger_roe",5188986880.0,43.626026,4.8354135,2.7,0.8488500000000001,0.109280005,0.42529,0.22886999,72619248.0,0.0037,4.0
EYE,False,37.90942017350251,"graham_size,graham_current_ratio,graham_earnings_stability,graham_pe,graham_pe_times_pb,munger_roe",1412968704.0,28.822582,1.5750046,0.592,0.77705,0.057550002,0.58637,0.04887,48656000.0,,1.0
HE,False,37.894190561904765,"graham_size,graham_current_ratio,graham_debt_to_equity,graham_earnings_stability,munger_roe,munger_gross_margin",1979462912.0,8.883721,1.1228689,0.986,1.5886799999999999,0.13448,0.17581,0.045450002,324624384.0,,1.0
COST,False,37.886010299940445,"graham_current_ratio,graham_pe,graham_pe_times_pb,munger_gross_margin",414501896192.0,46.99145,25.072697,1.072,0.6025699999999999,0.29152,0.12876001,0.036730003,6954375168.0,0.0060999999999999995,4.0
PK,False,37.859523809523814,"data_missing:trailing_pe,graham_current_ratio,graham_debt_to_equity,graham_earnings_stability,munger_roe",3163025152.0,,1.0237195,0.297,1.35246,-0.04859,0.30923,0.17621,1068875008.0,0.06280000000000001,0.0
TTC,False,37.831014202380956,"data_missing:market_cap,graham_pe,graham_pe_times_pb",,28.65994,6.9336953,1.556,0.83108,0.23889999,0.33567002,0.14445,670537472.0,0.0155,4.0
ABG,False,37.81465493333334,"graham_current_ratio,graham_debt_to_equity,munger_roe,munger_gross_margin",3781929984.0,7.840342,0.9639618,0.91,1.4096899999999999,0.13233,0.1711,0.051020004,360600000.0,,4.0
SLB,False,37.78950067115647,"graham_current_ratio,graham_pe,graham_pe_times_pb,munger_roe,munger_gross_margin",81642717184.0,26.834146,3.131261,1.439,0.47002000000000005,0.12909001,0.16991,0.12706,2955124992.0,0.022000000000000002,4.0
KWR,False,37.7634894090762,"graham_earnings_stability,graham_pe,graham_pe_times_pb,munger_roe",2827397376.0,29.446236,2.0536695,2.457,0.66913,0.07175,0.36061,0.091280006,129911624.0,0.0129,0.0
DRH,False,37.69193559774593,"graham_pe_times_pb,munger_roe,munger_gross_margin",2606387712.0,17.624998,1.7035843,5.588,0.78244,0.09911,0.29453,0.23042999,76127872.0,0.0349,4.0
EFOR,False,37.66717857142858,"graham_size,munger_roe,munger_gross_margin",1297239936.0,16.309278,0.7169076,2.127,0.8291,0.04571,0.28527,0.05055,213500000.0,,4.0
ATI,False,37.66629569941787,"graham_debt_to_equity,graham_pe,graham_pe_times_pb,munger_gross_margin",29211271168.0,62.909092,15.56523,2.327,1.09699,0.25357,0.23647,0.18198,346687488.0,,4.0
JBGS,False,37.624904804761904,"data_missing:trailing_pe,graham_size,graham_current_ratio,graham_debt_to_equity,graham_earnings_stability,munger_roe",934487744.0,,0.66294104,1.149,1.64083,-0.10864,0.48925,0.030720001,249499744.0,0.0567,0.0
NRG,False,37.59392752649106,"graham_current_ratio,graham_debt_to_equity,graham_earnings_stability,graham_pe,graham_pe_times_pb,munger_gross_margin",24050182144.0,29.794273,5.722217,0.968,4.83357,0.23772,0.18795,0.12765999,772374976.0,0.016399999999999998,2.0
WING,False,37.455950863630434,"data_missing:debt_to_equity,data_missing:return_on_equity,graham_pe,graham_pe_times_pb",2995317760.0,25.992907,-3.8746166,2.967,,,0.49418998,0.29759002,98595000.0,0.0118,4.0
OMC,False,37.45139267380952,"graham_current_ratio,graham_debt_to_equity,graham_earnings_stability,graham_pe,graham_pe_times_pb,munger_roe,munger_gross_margin",24112265216.0,237.54054,2.495599,0.924,1.07744,0.060510002,0.18959999,0.15384,4260624896.0,0.0364,0.0
ASO,True,37.4371284003353,,2643843328.0,7.5318027,1.276462,1.677,0.91982,0.18847999,0.34604,0.05177,88252000.0,0.0138,4.0
DDOG,False,37.431909138137286,"graham_earnings_stability,graham_pe,graham_pe_times_pb,munger_roe",87230087168.0,485.86,19.967943,3.205,0.29259,0.04696,0.79536,0.00666,1051412352.0,,3.0
IOSP,False,37.40100971130024,"graham_pe_times_pb,munger_roe,munger_gross_margin",2348324096.0,19.457142,1.7480427,2.784,0.03546,0.091309994,0.27462998,0.080790006,32575000.0,0.0187,4.0
SO,False,37.39944010119048,"graham_current_ratio,graham_debt_to_equity,graham_pe,graham_pe_times_pb,munger_roe,munger_fcf",102439829504.0,21.457832,2.5888135,0.787,1.8205799999999999,0.114829995,0.48289,0.29612,-3913374976.0,0.0339,4.0
HP,False,37.339349999999996,"data_missing:trailing_pe,graham_earnings_stability,munger_roe",4239409920.0,,1.6469308,1.962,0.69731,-0.04639,0.31845,0.05096,493073888.0,0.0242,0.0
CG,False,37.333785264285716,"data_missing:free_cash_flow,graham_debt_to_equity,graham_earnings_stability,graham_pe,graham_pe_times_pb,munger_roe",17545828352.0,51.291668,3.3194015,1.808,1.97617,0.077659994,0.98319,0.26855,,0.0286,2.0
ALHC,False,37.327778717242566,"graham_debt_to_equity,graham_earnings_stability,graham_pe,graham_pe_times_pb,munger_gross_margin",2812820736.0,71.36842,10.593751,1.698,1.24655,0.20044,0.12549,0.031519998,188581872.0,,0.0
UNF,False,37.29826922188973,"graham_pe,graham_pe_times_pb,munger_roe",5167552000.0,45.070976,2.3509424,3.111,0.03869,0.05296,0.36678,0.044499997,98668752.0,0.0051,4.0
PLUS,False,37.27750606002302,"graham_pe_times_pb,munger_roe,munger_gross_margin",2287086080.0,18.811161,2.1359649,2.131,0.1143,0.11698,0.25062,0.05982,39345124.0,0.0126,4.0
RHI,False,37.27587150604956,"graham_current_ratio,graham_pe,graham_pe_times_pb,munger_roe",4603211264.0,39.10435,3.7462513,1.468,0.19940000000000002,0.09111,0.36795,-0.04662,113581872.0,0.053,4.0
OTTR,False,37.251910211904764,"graham_pe_times_pb,munger_roe,munger_fcf",3849238016.0,19.801296,2.049402,1.707,0.67491,0.106850006,0.42191002,0.24028999,-165230496.0,0.024399999999999998,4.0
AEE,False,37.24201323809524,"data_missing:consecutive_positive_earnings_years,graham_current_ratio,graham_debt_to_equity,graham_pe_times_pb,munger_roe,munger_fcf",29553018880.0,18.794014,2.1588771,0.531,1.57846,0.11943,0.52408004,0.25236,-1786249984.0,0.0278,
WGO,False,37.23269047619048,"graham_size,graham_pe,munger_roe,munger_gross_margin",858526272.0,22.330883,0.6938067,2.373,0.3912,0.03142,0.13,0.03292,164224992.0,0.0467,4.0
TBBK,False,37.22175,"data_missing:current_ratio,data_missing:debt_to_equity,data_missing:free_cash_flow,graham_pe_times_pb,munger_gross_margin",2709875712.0,12.488722,3.9052489,,,0.29629,0.0,0.59707,,,4.0
GLW,False,37.12604409896756,"graham_pe,graham_pe_times_pb",131620143104.0,70.41475,11.022145,1.813,0.7144799999999999,0.16813,0.36395,0.15649,734499968.0,0.0073,4.0
TOST,False,37.12576141530326,"data_missing:debt_to_equity,graham_earnings_stability,graham_pe,graham_pe_times_pb,munger_gross_margin",20328259584.0,44.518982,10.250655,2.4,,0.25162,0.26793,0.07966,480500000.0,,2.0
KKR,False,37.09386666666667,"data_missing:free_cash_flow,graham_current_ratio,graham_earnings_stability,graham_pe,graham_pe_times_pb,munger_roe",100966916096.0,35.038464,3.4431496,0.856,0.69812,0.0728,0.54767,0.2065,,0.0072,3.0
LEN,False,37.081029681103736,"munger_roe,munger_gross_margin",20502585344.0,13.340125,0.9482903,8.508,0.28692,0.07368,0.16363001,0.052750003,1077926016.0,0.0229,4.0
MGEE,False,36.99587180357143,"graham_current_ratio,graham_pe_times_pb,munger_roe,munger_fcf",2957817344.0,19.25307,2.0551827,1.137,0.64863,0.110410005,0.41184,0.22672,-206614256.0,0.0256,4.0
LITE,False,36.985217383785304,"data_missing:trailing_pe,graham_earnings_stability,munger_roe",85765758976.0,,18.242073,1.678,0.35987,-2.40027,0.44244,0.27954,224700000.0,,0.0
FA,False,36.95894319725067,"graham_debt_to_equity,graham_earnings_stability,graham_pe,graham_pe_times_pb,munger_roe",3594804992.0,139.53333,2.775126,2.527,1.5774000000000001,0.01939,0.45219,0.12774,215071744.0,,0.0
OGE,False,36.90845139881693,"graham_current_ratio,graham_debt_to_equity,graham_pe,graham_pe_times_pb,munger_roe",9508935680.0,20.188597,1.9089286,0.767,1.1730500000000001,0.09703,0.44762,0.26549,126750000.0,0.0365,4.0
ENTG,False,36.72867404313682,"graham_pe,graham_pe_times_pb,munger_roe",22203367424.0,73.020096,5.338746,3.049,0.85655,0.07671,0.45555001,0.19271,477787488.0,0.0028000000000000004,4.0
CWT,False,36.70862857142858,"graham_current_ratio,graham_pe,graham_pe_times_pb,munger_roe,munger_fcf",3097520640.0,22.461884,1.713709,0.701,0.9267700000000001,0.07677,0.53286,0.28211,-258749376.0,0.026699999999999998,4.0
UAL,False,36.653474042259084,"graham_current_ratio,graham_debt_to_equity",36478390272.0,10.523408,2.184833,0.78,2.01641,0.23252001,0.31816,0.05534,910124992.0,,4.0
SLGN,False,36.62403759608699,"graham_current_ratio,graham_debt_to_equity,graham_pe_times_pb,munger_roe,munger_gross_margin",4422792192.0,16.411764,1.8588433,1.272,2.03153,0.11748,0.1707,0.10297,313311264.0,0.0195,4.0
TRN,False,36.558048285714285,"graham_debt_to_equity,munger_gross_margin,munger_fcf",2348656384.0,6.969267,2.055358,2.168,4.68386,0.30156,0.26239002,0.12121,-335049984.0,0.042,4.0
XRAY,False,36.555362915111665,"data_missing:trailing_pe,graham_debt_to_equity,graham_earnings_stability,munger_roe",2200866816.0,,1.6778116,1.627,1.72243,-0.33031,0.4952,0.09243,141624992.0,,0.0
RTX,False,36.5173999108899,"graham_current_ratio,graham_pe,graham_pe_times_pb,munger_roe,munger_gross_margin",285832544256.0,37.338028,4.306193,1.011,0.5702,0.12274,0.20347,0.12696,9880000512.0,0.0138,4.0
DUK,False,36.50341782380953,"graham_current_ratio,graham_debt_to_equity,graham_pe_times_pb,munger_roe,munger_fcf",94219214848.0,18.198795,1.752676,0.661,1.62155,0.098570004,0.51971,0.27503002,-4477374976.0,0.0356,4.0
OSW,False,36.49338155726575,"graham_earnings_stability,graham_pe,graham_pe_times_pb,munger_roe,munger_gross_margin",2656221184.0,33.126583,4.5624127,2.905,0.15605,0.14321,0.13417,0.09382,48876500.0,0.0076,2.0
CVI,False,36.46323775506396,"graham_current_ratio,graham_debt_to_equity,graham_pe,graham_pe_times_pb,munger_gross_margin",3997096448.0,57.623188,7.6139407,1.418,2.4180099999999998,0.24254999,0.10905,0.02849,214500000.0,0.01,4.0
RRX,False,36.45212826052634,"graham_earnings_stability,graham_pe,graham_pe_times_pb,munger_roe",10912083968.0,33.728394,1.5786432,2.276,0.68843,0.047670003,0.37451,0.123459995,455187488.0,0.0085,2.0
RGEN,False,36.280351841437046,"graham_earnings_stability,graham_pe,graham_pe_times_pb,munger_roe",10272975872.0,252.81943,4.8633413,9.05,0.32715000000000005,0.0199,0.53836,0.09309,113421752.0,,1.0
LFST,False,36.21965158659203,"graham_current_ratio,graham_earnings_stability,graham_pe,graham_pe_times_pb,munger_roe",4699283968.0,94.61539,3.1807601,1.376,0.32098999999999994,0.03429,0.33558998,0.0725,172356128.0,,1.0
NUE,False,36.218298442968845,"graham_pe,graham_pe_times_pb,munger_roe,munger_gross_margin",57256615936.0,20.125198,2.5897384,2.508,0.30512,0.14548999,0.15554,0.15668,683374976.0,0.0089,4.0
BAX,False,36.20433888888371,"data_missing:trailing_pe,graham_debt_to_equity,graham_earnings_stability,munger_roe",13405706240.0,,2.1601133,1.946,1.5644900000000002,-0.14371,0.34098,0.14425999,1000374976.0,0.0015,0.0
ALKS,False,36.16196673339155,"graham_earnings_stability,graham_pe,graham_pe_times_pb,munger_roe",8203623936.0,128.68422,4.5298753,2.3,0.86952,0.03852,0.87182,0.15496999,153381376.0,,3.0
ELV,False,36.06229619800374,"graham_pe_times_pb,munger_roe,munger_gross_margin",86554697728.0,17.64412,1.9281981,1.518,0.68953,0.11133,0.2599,0.04559,4306375168.0,0.0171,4.0
LSTR,False,35.98026554474819,"graham_pe,graham_pe_times_pb,munger_roe,munger_gross_margin",6169733120.0,46.976746,7.373758,1.825,0.16625,0.14977999,0.19034,0.04615,96691872.0,0.0097,4.0
OC,False,35.946667276889514,"data_missing:trailing_pe,graham_current_ratio,graham_debt_to_equity,graham_earnings_stability,munger_roe,munger_gross_margin",11357713408.0,,3.0091941,1.16,1.50328,-0.094510004,0.26485002,0.17816,885124992.0,0.021,0.0
WELL,False,35.945981783890055,"graham_current_ratio,graham_pe,graham_pe_times_pb,munger_roe",172649070592.0,107.92793,3.7111037,1.317,0.41375,0.03836,0.39560002,0.16561002,2756164352.0,0.0141,4.0
NE,False,35.94531473600831,"graham_pe,graham_pe_times_pb,munger_roe",7461677568.0,49.723408,1.664056,1.915,0.42557,0.03283,0.35416,0.10707,252878256.0,0.0443,4.0
LUMN,False,35.931333333333335,"data_missing:trailing_pe,data_missing:debt_to_equity,data_missing:return_on_equity,graham_current_ratio,graham_earnings_stability",6333074432.0,,-4.2520776,0.964,,,0.47794,-0.02888,2116249984.0,,0.0
CACI,False,35.88743489952994,"graham_current_ratio,graham_debt_to_equity,graham_pe,graham_pe_times_pb,munger_roe",14007130112.0,26.212572,3.1386397,1.484,1.20656,0.12824,0.33203998,0.100509994,610367104.0,,4.0
BGC,False,35.7875,"data_missing:free_cash_flow,graham_debt_to_equity,graham_pe,graham_pe_times_pb",5753145344.0,30.25,5.173151,1.509,1.56959,0.15882,0.91666,0.09044,,0.0067,4.0
CRK,False,35.771500128571425,"graham_current_ratio,graham_debt_to_equity,graham_earnings_stability,munger_fcf",4292732416.0,8.213483,1.6643897,0.476,1.0020099999999998,0.19018,0.56847,0.059710003,-868676608.0,,1.0
SWX,False,35.726795666666675,"graham_current_ratio,graham_earnings_stability,graham_pe,graham_pe_times_pb,munger_roe,munger_fcf",6478108160.0,22.987146,1.5702871,1.116,0.8508199999999999,0.06832,0.54035,0.24158001,-390807360.0,0.0285,3.0
VNO,False,35.713955016602405,"data_missing:price_to_book,graham_debt_to_equity,graham_earnings_stability,graham_pe,munger_roe",7668450816.0,1290.6667,,5.343,1.2231699999999999,0.00603,0.49595,0.097959995,445744128.0,0.019,3.0
FMC,False,35.71361904761905,"data_missing:trailing_pe,graham_size,graham_debt_to_equity,graham_earnings_stability,munger_roe",1334918144.0,,0.81554586,1.987,2.6504700000000003,-0.88376,0.31927,0.11833,165637504.0,0.028900000000000002,0.0
EMN,False,35.695226354465824,"graham_current_ratio,munger_roe,munger_gross_margin",8305829376.0,18.919271,1.3625026,1.498,0.88518,0.07334,0.19662,0.12893,544625024.0,0.0461,4.0
CPT,False,35.66761787617915,"graham_current_ratio,graham_debt_to_equity,graham_pe,graham_pe_times_pb,munger_roe",12243349504.0,34.914192,2.8532515,0.352,1.25648,0.07885,0.61619,0.16104001,139679632.0,0.0394,4.0
IPGP,False,35.58883192190782,"graham_earnings_stability,graham_pe,graham_pe_times_pb,munger_roe",3285793280.0,118.84616,1.5446292,6.179,0.00764,0.01302,0.38351002,0.07595,48475500.0,,1.0
WOR,False,35.58801228984939,"graham_pe_times_pb,munger_gross_margin",2827478784.0,18.404459,2.8289604,2.369,0.34689,0.15777001,0.27386,0.06448,23372124.0,0.0138,4.0
BWXT,False,35.58113145344927,"graham_debt_to_equity,graham_pe,graham_pe_times_pb,munger_gross_margin",14279286784.0,40.37565,10.70031,2.397,1.514,0.28289,0.22082001,0.10393,145624256.0,0.0069,4.0
SMG,False,35.54100648957949,"data_missing:debt_to_equity,data_missing:return_on_equity,graham_current_ratio,graham_earnings_stability,graham_pe,graham_pe_times_pb",3527566336.0,23.393824,-12.307536,1.215,,,0.32157,0.16825001,248500000.0,0.043,1.0
CAR,False,35.51833333333334,"data_missing:trailing_pe,data_missing:debt_to_equity,data_missing:return_on_equity,graham_current_ratio,graham_earnings_stability,munger_gross_margin",4927589376.0,,-1.4533691,0.848,,,0.27385,0.1491,1093124992.0,,0.0
MRK,False,35.501193102872506,"graham_current_ratio,graham_debt_to_equity,graham_pe,graham_pe_times_pb,munger_roe",368940810240.0,118.68253,8.80372,1.323,1.2840799999999999,0.06961,0.759,-0.00241,15171500032.0,0.0222,4.0
TOL,False,35.44991395238095,"data_missing:free_cash_flow,munger_roe,munger_gross_margin",13405368320.0,11.704033,1.5714192,4.422,0.32377,0.14393,0.24827999,0.1455,,0.006999999999999999,4.0
MLM,False,35.44106776721411,"graham_current_ratio,graham_pe,graham_pe_times_pb,munger_roe,munger_gross_margin",37540139008.0,34.368664,2.749207,1.407,0.54945,0.08894,0.2823,0.20185,593374976.0,0.0063,4.0
HPE,False,35.429206014933655,"graham_current_ratio,graham_pe,graham_pe_times_pb,munger_roe",72049909760.0,50.850464,2.8467534,1.088,0.8403,0.06315,0.33776,0.087,3836000000.0,0.0103,4.0
NPK,False,35.396401692723956,"graham_size,graham_pe,graham_pe_times_pb,munger_roe,munger_gross_margin",1094886656.0,25.614357,2.66219,5.22,0.022320000000000003,0.10902,0.16466999,0.11712,8961750.0,0.0066,4.0
FE,False,35.39139328571429,"graham_current_ratio,graham_debt_to_equity,graham_pe,graham_pe_times_pb,munger_roe,munger_fcf",26762096640.0,24.73262,2.068981,0.541,2.00908,0.09491,0.68605006,0.19304001,-2014625024.0,0.0398,4.0
BTSG,False,35.34733333333333,"graham_debt_to_equity,graham_earnings_stability,graham_pe,graham_pe_times_pb,munger_roe,munger_gross_margin",12049932288.0,54.375,6.1249123,1.588,1.1600700000000002,0.13036,0.12382,0.03367,1028438976.0,,1.0
AMCR,False,35.332558124874005,"graham_current_ratio,graham_debt_to_equity,graham_pe_times_pb,munger_roe,munger_gross_margin",21508321280.0,19.546217,1.8227413,1.254,1.2829400000000002,0.09396,0.19951999,0.09691,1504000000.0,0.055099999999999996,4.0
CNR,False,35.328055603982165,"graham_earnings_stability,graham_pe,graham_pe_times_pb,munger_roe,munger_gross_margin",5046022144.0,51.08543,1.3627164,1.825,0.12037,0.02675,0.16860001,0.02162,274115744.0,0.0040999999999999995,0.0
BEN,False,35.325929,"graham_pe,graham_pe_times_pb,munger_roe,munger_fcf",17691236352.0,23.687075,1.5054693,5.486,0.24805,0.07887,0.37707,0.12979001,-2990862592.0,0.0377,4.0
EVRG,False,35.32245108095238,"graham_current_ratio,graham_debt_to_equity,graham_pe,graham_pe_times_pb,munger_roe,munger_fcf",18772779008.0,20.717556,1.8362652,0.359,1.60554,0.092539996,0.52696997,0.25238,-1443362560.0,0.0338,4.0
AXON,False,35.28725932229169,"graham_pe,graham_pe_times_pb,munger_roe",49652310016.0,251.52263,13.512259,2.149,0.50363,0.06221,0.59525,0.0517,222160000.0,,4.0
LGIH,False,35.21774523809524,"graham_size,munger_roe,munger_gross_margin",1324919040.0,19.996492,0.6212528,33.032,0.74344,0.03159,0.19646,0.0572,208319248.0,,4.0
KMPR,False,35.15970943809524,"data_missing:trailing_pe,graham_size,graham_current_ratio,graham_earnings_stability,munger_roe,munger_gross_margin",1627872512.0,,0.74297994,0.817,0.63974,-0.19700001,0.254,0.030079998,220550000.0,0.0451,2.0
ALGM,False,35.119175303597295,"graham_earnings_stability,graham_pe,graham_pe_times_pb,munger_roe",7006853120.0,537.0,7.2637677,3.703,0.31472,0.015269999,0.47375,0.09824,103498872.0,,0.0
PSKY,False,35.11466600000001,"graham_current_ratio,graham_debt_to_equity,graham_earnings_stability,graham_pe,graham_pe_times_pb,munger_roe",12117014528.0,360.0,1.0285715,1.04,1.26479,-0.00896,0.33328998,0.09345,17593124864.0,0.018600000000000002,0.0
HXL,False,35.095745002480385,"graham_pe,graham_pe_times_pb,munger_roe,munger_gross_margin",7162297344.0,47.833332,5.5079966,2.427,0.73902,0.10764,0.24956,0.13904999,252975008.0,0.0076,4.0
IP,False,35.06835379918583,"data_missing:trailing_pe,graham_current_ratio,graham_earnings_stability,munger_roe,munger_gross_margin",21119248384.0,,1.4608594,1.098,0.68509,-0.16479,0.29608,0.02298,1646499968.0,0.0447,0.0
PAYX,False,35.0,"data_missing:return_on_equity,data_missing:free_cash_flow,graham_current_ratio,graham_debt_to_equity,graham_pe,graham_pe_times_pb",44986769408.0,25.812244,12.041128,1.152,1.23967,,0.67197996,0.38325,,0.0381,4.0
NOG,False,35.0,"data_missing:trailing_pe,graham_current_ratio,graham_debt_to_equity,munger_roe,munger_fcf",2778801152.0,,1.3865702,0.796,1.36559,-0.22049999,0.75398004,0.57063997,-459628992.0,0.0692,4.0
LH,False,34.97171308676642,"graham_pe,graham_pe_times_pb,munger_roe,munger_gross_margin",27293394944.0,27.83623,3.1633267,1.796,0.7912399999999999,0.11728,0.28882998,0.1224,892049984.0,0.0086,4.0
QDEL,False,34.95266766666667,"data_missing:trailing_pe,graham_size,graham_current_ratio,graham_debt_to_equity,graham_earnings_stability,munger_roe",1050575488.0,,0.5895255,1.386,1.73277,-0.45905998,0.44858003,-0.020920001,146762496.0,,0.0
PEB,False,34.89751904761905,"data_missing:trailing_pe,graham_current_ratio,graham_earnings_stability,munger_roe,munger_gross_margin",2062765056.0,,0.85007447,0.708,0.97934,-0.016339999,0.25336,0.14332,258438128.0,0.0022,0.0
CLH,False,34.89462412048692,"graham_debt_to_equity,graham_pe,graham_pe_times_pb",16459591680.0,37.79515,5.621034,2.131,1.10951,0.15562001,0.32257,0.15498,383758016.0,,4.0
CNXC,False,34.87271428571429,"data_missing:trailing_pe,graham_size,graham_current_ratio,graham_debt_to_equity,graham_earnings_stability,munger_roe",1716446208.0,,0.6338012,1.179,2.03764,-0.37662,0.3447,0.07893,775551744.0,0.0516,0.0
LYV,False,34.789652540188406,"data_missing:trailing_pe,graham_current_ratio,graham_debt_to_equity,munger_gross_margin",42081804288.0,,505.99442,0.852,6.202140000000001,0.17677,0.25777,0.06696,1695030656.0,,4.0
DXPE,False,34.75551303709065,"graham_debt_to_equity,graham_pe,graham_pe_times_pb",2991861248.0,33.885765,5.5287604,2.993,1.66254,0.18469,0.31765,0.096260004,74078496.0,,4.0
RH,False,34.65166666666667,"data_missing:return_on_equity,graham_current_ratio,graham_debt_to_equity,graham_pe,graham_pe_times_pb",2740516608.0,27.899807,48.074368,1.127,70.60079999999999,,0.43541,0.00322,285438016.0,,4.0
PPC,False,34.58502623004364,"graham_current_ratio,munger_roe,munger_gross_margin",7407556608.0,13.585154,1.975489,1.355,0.82717,0.1452,0.09739,0.01619,508525376.0,,4.0
PBF,False,34.522872070838936,"graham_current_ratio,graham_earnings_stability,munger_gross_margin",8130441728.0,6.011393,1.2687753,1.33,0.38423999999999997,0.23228,0.050430004,0.08801,78462496.0,0.0158,0.0
NAVI,False,34.516142,"data_missing:trailing_pe,data_missing:free_cash_flow,graham_size,graham_debt_to_equity,graham_earnings_stability,munger_roe",873127424.0,,0.3641128,10.745,18.52711,-0.01975,1.0,0.33870998,,0.0683,0.0
MHO,False,34.503774003334506,"munger_roe,munger_gross_margin",3816726784.0,12.675064,1.1804726,8.108,0.31079,0.100600004,0.20903,0.0928,86652128.0,,4.0
AAON,False,34.48341428571428,"graham_pe,graham_pe_times_pb,munger_gross_margin,munger_fcf",6443751936.0,41.13158,6.376989,3.013,0.44742,0.17284,0.25569,0.10987,-213758000.0,0.005,4.0
WMT,False,34.47910801675298,"graham_current_ratio,graham_pe,graham_pe_times_pb,munger_gross_margin",816737615872.0,37.05054,8.662222,0.767,0.70378,0.22313999,0.25231,0.04993,8984500224.0,0.0095,4.0
CRWD,False,34.43952995453684,"graham_earnings_stability,graham_pe,graham_pe_times_pb,munger_roe",232122384384.0,3799.3335,50.09009,1.531,0.17568,-0.0024899999,0.75136,-0.022079999,1926365056.0,,0.0
SXT,False,34.43594004761905,"graham_pe,graham_pe_times_pb,munger_roe,munger_fcf",5688094208.0,36.021564,4.492403,4.39,0.6063000000000001,0.13071,0.34876,0.16570999,-2621250.0,0.012,4.0
VECO,False,34.38760992832898,"graham_earnings_stability,graham_pe,graham_pe_times_pb,munger_roe",2865522176.0,123.552635,3.1791713,3.926,0.28931,0.02643,0.3786,0.06676,71797000.0,,2.0
HZO,False,34.3859876,"graham_size,graham_current_ratio,graham_debt_to_equity,graham_earnings_stability,graham_pe,graham_pe_times_pb,munger_roe",1152706688.0,326.1875,1.2102028,1.234,1.15137,0.00497,0.34210998,0.060890004,183364128.0,,0.0
AEIS,False,34.371809180513516,"graham_pe,graham_pe_times_pb",11498080256.0,53.066544,7.886438,3.79,0.94568,0.16267,0.3996,0.17018,34187500.0,0.0014000000000000002,4.0
YUM,False,34.215759633540806,"data_missing:debt_to_equity,data_missing:return_on_equity,graham_current_ratio,graham_pe_times_pb",41139838976.0,18.986145,-5.700726,0.592,,,0.45311,0.32779998,833249984.0,0.0194,4.0
D,False,34.14051190476191,"graham_current_ratio,graham_debt_to_equity,graham_pe,graham_pe_times_pb,munger_roe,munger_fcf",58488475648.0,23.01038,2.095148,0.809,1.60459,0.08281,0.46222,0.29219,-9181124608.0,0.039900000000000005,4.0
TXNM,False,34.11780952380952,"graham_current_ratio,graham_debt_to_equity,graham_pe,graham_pe_times_pb,munger_roe,munger_fcf",5926181888.0,31.426228,1.7966822,0.557,1.65512,0.06252,0.59381,0.22482,-529223744.0,0.0796,4.0
SRE,False,34.11503809523809,"graham_pe,graham_pe_times_pb,munger_roe,munger_fcf",55418056704.0,24.565218,1.6951357,1.642,0.84663,0.06679,0.43994,0.28328,-27657750528.0,0.0308,4.0
SEI,False,34.0734880952381,"graham_debt_to_equity,graham_pe,graham_pe_times_pb,munger_roe,munger_fcf",5318103040.0,66.89873,3.6806183,4.123,2.16673,0.08099,0.49943,0.26487,-806578240.0,0.009300000000000001,4.0
TLN,False,34.033667333333334,"data_missing:trailing_pe,graham_current_ratio,graham_debt_to_equity,graham_earnings_stability,munger_roe",14593724416.0,,9.0280695,0.781,5.8413699999999995,-0.12825,0.42101002,-0.04797,1261750016.0,,0.0
BJ,False,33.968186079111085,"graham_current_ratio,graham_debt_to_equity,graham_pe_times_pb,munger_gross_margin",11430215680.0,19.800875,5.2385087,0.73,1.26207,0.27673,0.18244,0.04053,246668752.0,,4.0
CAG,False,33.88585714285715,"data_missing:trailing_pe,graham_current_ratio,graham_debt_to_equity,graham_earnings_stability,munger_roe,munger_gross_margin",7666621440.0,,1.2058713,0.904,1.17577,-0.25064,0.23952,0.13771,859000000.0,0.0757,0.0
WAT,False,33.850249925,"graham_pe,graham_pe_times_pb,munger_roe,munger_fcf",41361776640.0,107.19084,2.7231474,1.861,0.36045,0.019199999,0.56337,0.09422,-142067632.0,,4.0
TXT,False,33.848788684202944,"munger_roe,munger_gross_margin",14163122176.0,15.508474,1.7580001,1.861,0.5228499999999999,0.12126,0.17628999,0.08701,452750016.0,0.001,4.0
ETR,False,33.835748583333334,"graham_current_ratio,graham_debt_to_equity,graham_pe,graham_pe_times_pb,munger_roe,munger_fcf",49691586560.0,27.235292,2.7259696,0.912,1.8677000000000001,0.10248999,0.47000998,0.24458,-4400858112.0,0.0239,4.0
COHR,False,33.81133007142857,"graham_earnings_stability,graham_pe,graham_pe_times_pb,munger_roe,munger_fcf",57846886400.0,71.69661,5.3032317,2.427,0.31611999999999996,0.07981,0.37495998,0.118269995,-649981632.0,,2.0
KD,False,33.721547319047616,"graham_current_ratio,graham_debt_to_equity,graham_earnings_stability,graham_pe,graham_pe_times_pb,munger_roe,munger_gross_margin",2886091776.0,35.81081,2.7168343,0.848,4.22451,0.069299996,0.21841,0.02902,2652624896.0,,2.0
CASY,False,33.70871363168049,"graham_current_ratio,graham_pe,graham_pe_times_pb,munger_gross_margin",28248809472.0,39.904865,7.129062,1.01,0.7351399999999999,0.19153,0.24606001,0.05351,550939648.0,0.0032,4.0
FND,False,33.66314142721887,"graham_current_ratio,graham_pe,graham_pe_times_pb,munger_roe",5683369472.0,24.93925,2.2855551,1.333,0.80645,0.09694,0.44976002,0.054380003,140193248.0,,4.0
BMRN,False,33.658804588788904,"graham_pe,graham_pe_times_pb,munger_roe",12638431232.0,176.45946,1.9988366,2.387,0.66473,0.011820001,0.50968,0.21162,85157376.0,,4.0
VYX,False,33.627761904761904,"graham_size,graham_current_ratio,graham_debt_to_equity,graham_earnings_stability,graham_pe,graham_pe_times_pb,munger_roe,munger_gross_margin",1267481728.0,32.785717,1.3701494,1.072,1.15799,0.05272,0.25825,0.02486,216250000.0,,2.0
MLKN,False,33.62384718583065,"graham_size,graham_debt_to_equity,graham_earnings_stability,munger_roe",1600214912.0,17.795454,1.1928703,1.577,1.28174,0.06983,0.38794997,0.060739998,82262496.0,0.0321,1.0
ETSY,False,33.605165604296694,"data_missing:debt_to_equity,data_missing:return_on_equity,graham_current_ratio,graham_earnings_stability,graham_pe,graham_pe_times_pb",7612378112.0,26.246836,-5.4916244,1.476,,,0.71401,0.18744,169665376.0,,3.0
CNP,False,33.539702380952384,"graham_current_ratio,graham_debt_to_equity,graham_pe,graham_pe_times_pb,munger_roe,munger_fcf",25881118720.0,23.386906,2.2081718,1.123,2.10256,0.09825,0.47027,0.24489,-5191875072.0,0.0242,4.0
HSIC,False,33.51935835586352,"graham_current_ratio,graham_pe,graham_pe_times_pb,munger_roe",10061393920.0,26.3207,3.200397,1.319,0.80733,0.088549994,0.31319,0.057550002,446000000.0,,4.0
LTH,False,33.3994160952381,"graham_current_ratio,graham_debt_to_equity,graham_earnings_stability,graham_pe,graham_pe_times_pb,munger_roe,munger_fcf",9910537216.0,24.234972,2.9978368,0.657,1.29478,0.13445,0.48022997,0.17052001,-345163264.0,,3.0
MIR,False,33.21874822406162,"graham_earnings_stability,graham_pe,graham_pe_times_pb,munger_roe",3698283264.0,165.0,1.9786808,3.198,0.6575700000000001,0.01511,0.482,0.07196,115362496.0,,1.0
XPO,False,33.07616701739763,"graham_current_ratio,graham_debt_to_equity,graham_pe,graham_pe_times_pb,munger_gross_margin",22434936832.0,56.52212,11.434625,1.011,2.06167,0.21587,0.18988001,0.12314,473750016.0,,4.0
AEP,False,33.013630869047624,"graham_current_ratio,graham_debt_to_equity,graham_pe,graham_pe_times_pb,munger_roe,munger_fcf",66803003392.0,21.266897,2.0823364,0.504,1.6078899999999998,0.10130999,0.46352002,0.23251,-5995950080.0,0.0308,4.0
UFPI,False,33.011113357484724,"graham_pe_times_pb,munger_roe,munger_gross_margin",4706930176.0,19.481735,1.5649701,3.981,0.13347,0.0802,0.16128,0.05508,117891504.0,0.0167,4.0
GME,False,33.00906265476191,"graham_earnings_stability,munger_roe,munger_fcf",8188615680.0,13.619403,1.4016896,12.401,0.74273,0.14095001,0.34387,0.16605,-1261250048.0,,3.0
USPH,False,33.00378179274716,"graham_size,graham_current_ratio,graham_pe,graham_pe_times_pb,munger_roe,munger_gross_margin",1180385408.0,465.2941,2.6311412,1.271,0.5032099999999999,0.0651,0.21466999,0.111269996,41290124.0,0.0235,4.0
GKOS,False,32.995225449408416,"data_missing:trailing_pe,graham_earnings_stability,munger_roe",10729767936.0,,15.688659,5.04,0.15766,-0.25981,0.79121,-0.08495,15456250.0,,0.0
ALGT,False,32.93435706785714,"graham_current_ratio,graham_debt_to_equity,graham_earnings_stability,graham_pe,graham_pe_times_pb,munger_roe,munger_gross_margin",2195495168.0,69.23276,1.2276624,0.832,1.6047,0.018339999,0.22812,0.09228,194582624.0,,0.0
HTO,False,32.92934566666667,"graham_debt_to_equity,graham_pe,graham_pe_times_pb,munger_roe,munger_fcf",2641164288.0,22.21831,1.4322355,1.667,1.02581,0.06463,0.56912,0.21260001,-250611632.0,0.0277,4.0
CUZ,False,32.864943278214284,"graham_current_ratio,graham_pe,graham_pe_times_pb,munger_roe,munger_fcf",4854852096.0,737.25,1.0826389,0.524,0.8420799999999999,0.0015199999,0.67779,0.24225001,-25106624.0,0.0432,4.0
XEL,False,32.77690519047619,"graham_current_ratio,graham_debt_to_equity,graham_pe,graham_pe_times_pb,munger_roe,munger_fcf",48196784128.0,21.139727,2.02302,0.701,1.73135,0.0992,0.46825,0.22700001,-7907999744.0,0.0305,4.0
BHE,False,32.75316597430928,"graham_pe,graham_pe_times_pb,munger_roe,munger_gross_margin",2646939904.0,50.472603,2.371131,1.993,0.26142,0.047810003,0.10281,0.04147,136417248.0,0.009399999999999999,4.0
PRGO,False,32.7342380952381,"data_missing:trailing_pe,graham_size,graham_debt_to_equity,graham_earnings_stability,munger_roe",1988344960.0,,0.79225934,2.324,1.38183,-0.48746,0.33263,0.03842,437212512.0,0.0786,0.0
STLD,False,32.681599212090966,"graham_pe,graham_pe_times_pb,munger_gross_margin",33802498048.0,21.420527,3.595615,3.183,0.46924,0.17568001,0.14652,0.114989996,234191248.0,0.009000000000000001,4.0
NTNX,False,32.66371764242712,"data_missing:debt_to_equity,data_missing:return_on_equity,graham_earnings_stability,graham_pe_times_pb",18879182848.0,13.508703,-25.657604,1.777,,,0.87095,0.10029,631740864.0,,1.0
ABM,False,32.64153505,"graham_current_ratio,graham_debt_to_equity,munger_roe,munger_gross_margin",2762090752.0,18.134617,1.5797762,1.462,1.12697,0.08866999,0.12921,0.039300002,284024992.0,0.024300000000000002,4.0
RUSHA,False,32.63532563679654,"graham_current_ratio,graham_pe,graham_pe_times_pb,munger_roe,munger_gross_margin",8304975872.0,23.078314,2.5540001,1.452,0.6307699999999999,0.11795,0.19850999,0.05113,313673632.0,0.0073,4.0
P,False,32.63450075,"data_missing:market_cap,graham_debt_to_equity,graham_pe,graham_pe_times_pb",,135.9452,22.678246,1.617,1.27364,0.16846001,0.7023,-0.18452999,267954368.0,,4.0
CNXN,False,32.625264162458365,"graham_pe,graham_pe_times_pb,munger_roe,munger_gross_margin",2033938432.0,21.320105,2.1350038,2.88,0.00792,0.104320005,0.18892,0.05037,11910875.0,0.0101,4.0
ELF,False,32.580973993271215,"graham_pe,graham_pe_times_pb,munger_roe",6264878592.0,108.33673,23.847708,3.071,0.79503,-0.00291,0.60951,0.14315,84486248.0,,4.0
SIG,False,32.55597719047619,data_missing:market_cap,,11.559321,1.7125638,1.615,0.64495,0.15933,0.39337003,0.05059,451787488.0,0.0167,4.0
ICUI,False,32.40253315768289,"graham_earnings_stability,graham_pe,graham_pe_times_pb,munger_roe",4378732544.0,148.38985,2.0348635,2.43,0.59817,0.014099999,0.38259,0.075279996,163559632.0,,1.0
KALU,False,32.38722268608574,"graham_debt_to_equity,graham_earnings_stability,graham_pe_times_pb,munger_gross_margin",2562720256.0,11.6369705,2.6903405,2.495,1.13255,0.26398,0.14524001,0.10560001,33025000.0,0.019799999999999998,3.0
OPLN,False,32.36554828278174,"data_missing:trailing_pe,graham_current_ratio,graham_debt_to_equity,graham_earnings_stability,munger_roe",4334700544.0,,2.7783427,1.168,1.5736400000000001,0.11147001,0.45846,0.16805,26375000.0,,2.0
WEC,False,32.3048090952381,"data_missing:price_to_book,graham_current_ratio,graham_debt_to_equity,graham_pe,munger_roe,munger_fcf",34631270400.0,20.636892,,0.534,1.5798500000000002,0.11988,0.41909,0.21802999,-2353637376.0,0.0354,4.0
DAR,False,32.27415433000782,"graham_pe_times_pb,munger_roe,munger_gross_margin",9687520256.0,16.502687,1.84676,1.565,0.78609,0.12126,0.26333,0.12892,219643008.0,,4.0
TFX,False,32.25108578556585,"data_missing:trailing_pe,graham_debt_to_equity,graham_earnings_stability,munger_roe",5835102720.0,,2.0089574,2.604,1.0110299999999999,-0.00701,0.55108,0.14442,179542000.0,0.0098,0.0
NEOG,False,32.19527745444388,"data_missing:trailing_pe,data_missing:consecutive_positive_earnings_years,munger_roe",2560564480.0,,1.2211357,3.822,0.38827,-0.00379,0.46932,0.0137600005,69500000.0,,
COO,False,32.175799999999995,"data_missing:market_cap,graham_current_ratio,graham_pe,graham_pe_times_pb,munger_roe",,60.135593,1.6786525,1.274,0.33093000000000006,0.02853,0.65550005,-0.02866,424275008.0,,4.0
TNC,False,32.1566760754653,"graham_size,graham_pe,graham_pe_times_pb,munger_roe",1193451264.0,67.30769,2.245173,2.045,0.73113,0.03078,0.38766,0.05309,50687500.0,0.0176,4.0
HASI,False,32.045964285714284,"data_missing:free_cash_flow,graham_debt_to_equity,graham_pe,graham_pe_times_pb,munger_roe",5174525440.0,61.95385,2.0180407,8.703,2.22661,0.03371,1.0,0.22208,,0.0424,4.0
LAD,False,31.94684669870475,"graham_current_ratio,graham_debt_to_equity,munger_roe,munger_gross_margin",8156615680.0,12.286093,1.2750297,1.003,2.57698,0.10719,0.15438,0.04611,547649984.0,0.0076,4.0
AVA,False,31.936786142857144,"graham_current_ratio,graham_debt_to_equity,munger_roe,munger_fcf",3160832000.0,13.62455,1.1204466,1.1,1.19709,0.08306,0.66753995,0.13317001,-235124992.0,0.0516,4.0
CE,False,31.859761571428574,"data_missing:trailing_pe,graham_current_ratio,graham_debt_to_equity,graham_earnings_stability,munger_roe,munger_gross_margin",4924434432.0,,1.1817534,1.447,2.70205,-0.2225,0.21375999,0.11047,949875008.0,0.0027,0.0
IDA,False,31.837394232142856,"graham_current_ratio,graham_debt_to_equity,graham_pe,graham_pe_times_pb,munger_roe,munger_fcf",7967163392.0,22.804636,2.0476913,0.986,1.05976,0.094390005,0.38970003,0.27459,-1221291392.0,0.0255,4.0
CPK,False,31.778082958333332,"graham_current_ratio,graham_debt_to_equity,graham_pe,graham_pe_times_pb,munger_roe,munger_fcf",3213390592.0,21.259968,1.9201684,0.316,1.01273,0.094689995,0.40342,0.26201,-220775008.0,0.0219,4.0
ESAB,False,31.71604085958006,"graham_pe,graham_pe_times_pb,munger_roe",4908120064.0,24.761755,2.0740993,1.962,0.9826900000000001,0.08727,0.36955002,0.12016,146126368.0,0.0051,4.0
ACI,False,31.663084,"graham_current_ratio,graham_debt_to_equity,graham_pe,graham_pe_times_pb,munger_roe,munger_gross_margin",5935533056.0,76.4375,3.7060604,0.842,9.735850000000001,0.02717,0.27040002,0.01428,1753387520.0,0.0548,4.0
PTCT,False,31.653,"data_missing:trailing_pe,data_missing:debt_to_equity,data_missing:return_on_equity,graham_earnings_stability,munger_fcf",5993319936.0,,-36.17632,3.394,,,0.49959,0.41323003,-286804256.0,,1.0
AMTM,False,31.609457142857146,"graham_earnings_stability,graham_pe,munger_roe,munger_gross_margin",4995266048.0,24.614458,1.0631213,1.523,0.7987099999999999,0.04287,0.10488,0.04384,484249984.0,,1.0
ED,False,31.600738523809525,"graham_current_ratio,graham_debt_to_equity,munger_roe,munger_fcf",39457017856.0,17.547697,1.534865,1.268,1.10113,0.08962,0.53372,0.16540001,-844875008.0,0.0325,4.0
KOP,False,31.59057185714286,"data_missing:trailing_pe,graham_size,graham_debt_to_equity,munger_roe,munger_gross_margin",875983808.0,,2.2626026,2.332,2.59302,-0.19013001,0.22362,0.09652001,162850000.0,0.0078000000000000005,4.0
THO,False,31.585627614373657,"munger_roe,munger_gross_margin",3972497920.0,15.447368,0.92076206,1.707,0.21316,0.06091,0.13216,0.03452,148253872.0,0.026699999999999998,4.0
DXC,False,31.556130952380958,"graham_size,graham_current_ratio,graham_debt_to_equity,graham_earnings_stability,munger_roe,munger_gross_margin",1757565568.0,14.864864,0.5789169,1.408,1.25421,0.04025,0.22997,0.02034,877000000.0,,3.0
PMT,False,31.377607517857143,"data_missing:market_cap,data_missing:free_cash_flow,graham_debt_to_equity,graham_earnings_stability,munger_roe",,6.4791665,0.6201808,1.798,12.390820000000001,0.089370005,0.82927,0.10908,,0.17329999999999998,3.0
ORLY,False,31.37449652172496,"data_missing:debt_to_equity,data_missing:return_on_equity,graham_current_ratio,graham_pe,graham_pe_times_pb",71051026432.0,27.88254,-39.052914,0.752,,,0.51636004,0.2015,1570733824.0,,4.0
LNT,False,31.35082142857143,"graham_current_ratio,graham_debt_to_equity,graham_pe,graham_pe_times_pb,munger_roe,munger_fcf",17685809152.0,21.585442,2.348991,0.466,1.60951,0.11135,0.44502,0.19053,-1138625024.0,0.0311,4.0
PTEN,False,31.346541023976226,"data_missing:trailing_pe,graham_earnings_stability,munger_roe,munger_gross_margin",4675778560.0,,1.5083661,1.75,0.41383000000000003,-0.0277,0.23754999,-0.00567,273732384.0,0.0341,0.0
PPL,False,31.28317953809524,"graham_current_ratio,graham_debt_to_equity,graham_pe,graham_pe_times_pb,munger_roe,munger_fcf",25917642752.0,20.378696,1.7222583,0.905,1.3543399999999999,0.086330004,0.44094002,0.23591,-1938375040.0,0.0326,4.0
VTR,False,31.240724427412975,"graham_current_ratio,graham_earnings_stability,graham_pe,graham_pe_times_pb,munger_roe",47647588352.0,168.8909,3.252565,0.295,0.8492799999999999,0.02012,0.39970002,0.14807999,1486853504.0,0.0222,2.0
APG,False,31.216636109264716,"data_missing:trailing_pe,graham_current_ratio,graham_debt_to_equity,munger_roe",17826611200.0,,4.879347,1.389,1.0927200000000001,0.10348,0.31441,0.090509996,648625024.0,,4.0
PRVA,False,31.188135477260598,"graham_earnings_stability,graham_pe,graham_pe_times_pb,munger_roe,munger_gross_margin",2664535552.0,94.818184,3.3672316,1.616,0.01042,0.04306,0.1003,0.018609999,95646496.0,,3.0
PSMT,False,31.14957409047694,"graham_current_ratio,graham_pe,graham_pe_times_pb,munger_roe,munger_gross_margin",5337636352.0,33.26154,3.7388675,1.277,0.24017,0.12314,0.17635,0.044499997,58311500.0,0.008,4.0
HCA,False,30.984489967680577,"data_missing:debt_to_equity,data_missing:return_on_equity,graham_current_ratio,graham_pe_times_pb",90787741696.0,14.062374,-13.761034,0.993,,,0.42580003,0.15161,3738125056.0,0.0073,4.0
KNX,False,30.98012211812583,"graham_current_ratio,graham_pe,graham_pe_times_pb,munger_roe,munger_gross_margin",11213888512.0,255.18518,1.6060982,0.877,0.38409999999999994,0.00611,0.24333,0.051810004,491255488.0,0.0115,4.0
SARO,False,30.90890194239419,"graham_earnings_stability,graham_pe,graham_pe_times_pb,munger_roe,munger_gross_margin",8299459072.0,25.855669,3.0140607,2.135,0.93207,0.12302,0.15048,0.10532,369616000.0,,2.0
PCG,False,30.886262571428574,"graham_current_ratio,graham_debt_to_equity,munger_roe,munger_fcf",39532490752.0,12.91367,1.2230854,1.216,1.8944999999999999,0.09318,0.39823002,0.24788,-6150125056.0,0.011000000000000001,4.0
SMCI,False,30.795775307142854,"munger_gross_margin,munger_fcf",24878735360.0,11.797545,2.3012028,3.872,0.6430800000000001,0.21465999,0.108219996,0.13382,-8231267840.0,,4.0
CWK,False,30.764666666666667,"graham_current_ratio,graham_debt_to_equity,graham_earnings_stability,graham_pe,graham_pe_times_pb,munger_roe,munger_gross_margin",3318852096.0,48.758625,1.640181,1.078,1.49834,0.0352,0.18128,0.04858,302500000.0,,2.0
NI,False,30.754654461904764,"graham_current_ratio,graham_debt_to_equity,graham_pe,graham_pe_times_pb,munger_roe,munger_fcf",19642781696.0,21.787233,2.051282,0.498,1.46649,0.085489996,0.50971,0.17156,-1772999936.0,0.0292,4.0
OKE,False,30.72714603557477,"graham_current_ratio,graham_debt_to_equity,graham_pe_times_pb,munger_gross_margin",59708616704.0,16.35924,2.6031275,0.737,1.4306999999999999,0.16277,0.27214,0.13254,899875008.0,0.0451,4.0
PCAR,False,30.650610736415796,"graham_pe,graham_pe_times_pb,munger_roe,munger_gross_margin",66606223360.0,26.64,3.2776442,5.519,0.7291,0.12755999,0.13715,0.12024,1943650048.0,0.0108,4.0
PNW,False,30.620988333333333,"graham_current_ratio,graham_debt_to_equity,graham_pe_times_pb,munger_roe,munger_fcf",11863997440.0,18.788868,1.6863921,0.594,2.3328800000000003,0.09365,0.43352002,0.21341999,-929501376.0,0.0369,4.0
PSN,False,30.612750835832653,"graham_pe,graham_pe_times_pb,munger_roe,munger_gross_margin",5263369728.0,33.986206,2.000081,1.662,0.59881,0.082440004,0.21959999,0.02224,213456128.0,,4.0
SYF,False,30.589499999999997,"data_missing:current_ratio,data_missing:debt_to_equity,data_missing:free_cash_flow,munger_gross_margin",26006892544.0,8.197948,1.7110869,,,0.20786,0.0,0.50219,,0.017,4.0
NX,False,30.565095238095243,"data_missing:trailing_pe,graham_size,graham_debt_to_equity,graham_earnings_stability,munger_roe,munger_gross_margin",903862336.0,,1.2306923,2.28,1.22271,-0.29746,0.26492,0.04047,82574872.0,0.0161,0.0
NWE,False,30.41296471428571,"graham_current_ratio,graham_debt_to_equity,graham_pe,graham_pe_times_pb,munger_roe,munger_fcf",4368382464.0,25.63538,1.5086683,0.826,1.24221,0.05935,0.55587,0.17343001,-242985632.0,0.0375,4.0
COHU,False,30.27498571537054,"data_missing:trailing_pe,graham_earnings_stability,munger_roe",2446923520.0,,3.1591492,5.742,0.42764,-0.04836,0.43951,0.00621,66293124.0,,0.0
TMP,False,30.272251499999996,"data_missing:current_ratio,data_missing:debt_to_equity,data_missing:free_cash_flow,graham_size,munger_gross_margin",1400319616.0,7.9607525,1.452354,,,0.20363002,0.0,0.45026,,0.0287,4.0
ENSG,False,30.256419127194185,"graham_current_ratio,graham_pe,graham_pe_times_pb,munger_gross_margin",10114332672.0,27.200624,4.1067753,1.211,0.92027,0.16973,0.16566,0.09035,280635360.0,0.0014000000000000002,4.0
AVTR,False,30.219394226091996,"data_missing:trailing_pe,graham_earnings_stability,munger_roe",9881602048.0,,1.7553766,1.782,0.6567799999999999,-0.09701,0.31825,0.07162,450337504.0,,0.0
GSHD,False,30.212479115691558,"data_missing:debt_to_equity,data_missing:return_on_equity,graham_pe,graham_pe_times_pb",2517755392.0,51.423355,-14.919524,1.544,,,0.49583,0.23388,36873876.0,,4.0
MXL,False,30.20020806077348,"data_missing:trailing_pe,graham_earnings_stability,munger_roe",5751761920.0,,11.863074,1.776,0.30566,-0.21324,0.57477003,-0.02441,14404875.0,,0.0
ASTH,False,30.174595238095236,"graham_size,graham_current_ratio,graham_debt_to_equity,graham_pe,graham_pe_times_pb,munger_roe,munger_gross_margin",1905303808.0,46.841465,2.2774978,1.229,1.6362299999999999,0.06902,0.10457,0.03529,231191248.0,,4.0
WS,False,30.148918072585595,"graham_size,graham_current_ratio,graham_pe,graham_pe_times_pb,munger_roe,munger_gross_margin",1748487936.0,201.88235,1.6112677,1.456,0.28054,-0.01048,0.11711001,0.0579,90725000.0,0.0189,4.0
APO,False,30.014332666666665,"data_missing:free_cash_flow,graham_debt_to_equity,graham_earnings_stability,graham_pe,graham_pe_times_pb,munger_roe",78802083840.0,47.487545,3.9197488,1.948,1.00969,0.11412,0.36141998,0.21952,,0.0168,3.0
UVV,False,29.869713877380953,"graham_size,graham_pe,graham_pe_times_pb,munger_roe,munger_gross_margin",1144369792.0,60.473682,0.825268,2.572,0.85545,0.022769999,0.17417999,0.00438,155875008.0,0.0712,4.0
XYZ,False,29.845571428571432,"graham_earnings_stability,graham_pe,graham_pe_times_pb,munger_roe,munger_fcf",50977456128.0,151.51785,2.312115,2.209,0.3258,0.01612,0.46572,0.06999,-27105876.0,,3.0
DPZ,False,29.844961181841402,"data_missing:debt_to_equity,data_missing:return_on_equity,graham_pe_times_pb,munger_gross_margin",10984955904.0,18.82398,-2.7572906,1.538,,,0.28709,0.19084999,531496512.0,0.0231,4.0
PWR,False,29.810005453897503,"graham_current_ratio,graham_pe,graham_pe_times_pb,munger_gross_margin",93488037888.0,70.98516,9.695491,1.098,0.6778,0.15337,0.15456,0.07217,1955491328.0,0.0007000000000000001,4.0
POWI,False,29.792554704466834,"data_missing:debt_to_equity,graham_pe,graham_pe_times_pb,munger_roe",3090352128.0,125.70455,4.5336065,7.069,,0.03622,0.53720003,0.074829996,73703504.0,0.015700000000000002,4.0
OTIS,False,29.78576141683287,"data_missing:debt_to_equity,data_missing:return_on_equity,graham_current_ratio,graham_pe_times_pb",27210246144.0,18.375322,-4.7340884,0.831,,,0.30313,0.15133001,1436249984.0,0.024300000000000002,4.0
BC,False,29.765184064556472,"data_missing:trailing_pe,graham_current_ratio,graham_debt_to_equity,graham_earnings_stability,munger_roe,munger_gross_margin",5028280320.0,,2.997412,1.447,1.3648099999999999,-0.048270002,0.25947002,0.06804,366062496.0,0.022099999999999998,0.0
CNC,False,29.754128571428573,"data_missing:trailing_pe,graham_current_ratio,graham_earnings_stability,munger_roe,munger_gross_margin",32272695296.0,,1.4303856,1.145,0.7108199999999999,-0.20358999,0.11415,0.0376,9639624704.0,,0.0
PKG,False,29.731165230643718,"graham_pe,graham_pe_times_pb,munger_roe,munger_gross_margin",21712363520.0,31.648052,4.629194,2.941,0.94474,0.14887,0.21385999,0.13121,432950016.0,0.024300000000000002,4.0
GEO,False,29.729964797619047,"graham_debt_to_equity,graham_pe_times_pb,munger_gross_margin,munger_fcf",4290798336.0,15.377358,2.8964903,1.653,1.06105,0.20127001,0.26042998,0.13892001,-3632500.0,,4.0
HOG,False,29.70150773608593,"munger_roe,munger_gross_margin",2897378560.0,15.466667,0.93488705,1.903,0.7404000000000001,0.06093,0.27989,0.05633,110030248.0,0.0264,4.0
KRMN,False,29.686154095238095,"graham_debt_to_equity,graham_earnings_stability,graham_pe,graham_pe_times_pb,munger_roe,munger_fcf",6284748288.0,175.62962,14.92603,3.555,2.0785400000000003,0.09503,0.41667998,0.20229,-57195876.0,,3.0
FBP,False,29.6205,"data_missing:current_ratio,data_missing:debt_to_equity,data_missing:free_cash_flow,munger_gross_margin",4230437632.0,11.691983,2.1258152,,,0.19494,0.0,0.49097002,,0.028399999999999998,4.0
TSN,False,29.484255019075935,"graham_current_ratio,graham_earnings_stability,graham_pe,graham_pe_times_pb,munger_roe,munger_gross_margin",19472211968.0,34.166664,1.0770577,1.433,0.44025,0.03263,0.06554,0.02711,1191250048.0,0.0361,2.0
PENG,False,29.469563792857144,"graham_earnings_stability,graham_pe,graham_pe_times_pb,munger_gross_margin,munger_fcf",2687679744.0,37.733814,6.1209006,1.544,0.77496,0.16194999,0.27924,0.108260006,-107568000.0,,1.0
PII,False,29.456883889789776,"data_missing:trailing_pe,graham_current_ratio,graham_debt_to_equity,graham_earnings_stability,munger_roe,munger_gross_margin",3633289984.0,,4.3432417,1.2,2.4489900000000002,-0.25571,0.21948,0.071729995,277100000.0,0.042699999999999995,0.0
GPK,False,29.338552078597598,"graham_current_ratio,graham_debt_to_equity,munger_roe,munger_gross_margin",3354491136.0,17.430769,1.0365965,1.379,1.7615100000000001,0.060100004,0.15491,0.045250002,237875008.0,0.0384,4.0
SHO,False,29.332175598809528,"graham_pe,graham_pe_times_pb,munger_roe,munger_fcf",2080712576.0,50.863636,1.2721692,5.435,0.51842,0.027520001,0.43710998,0.12773,-112617752.0,0.0321,4.0
TTWO,False,29.229834944120604,"data_missing:trailing_pe,graham_current_ratio,graham_earnings_stability,munger_roe",43566444544.0,,12.303955,1.062,0.81607,-0.09039,0.57126,0.0051499996,1256137472.0,,0.0
CBRE,False,29.189544626928658,"graham_current_ratio,graham_debt_to_equity,graham_pe,graham_pe_times_pb,munger_gross_margin",42631274496.0,33.61187,5.081107,1.141,1.17789,0.15798001,0.18574,0.03608,1637624960.0,,4.0
BLDR,False,29.09544602713956,"graham_debt_to_equity,graham_pe,graham_pe_times_pb,munger_roe,munger_gross_margin",7231557632.0,73.054344,1.8055071,1.789,1.30786,0.02506,0.29188,0.033269998,464577120.0,,4.0
AHR,False,29.088291146114067,"graham_current_ratio,graham_earnings_stability,graham_pe,graham_pe_times_pb,munger_roe,munger_gross_margin",12312569856.0,83.05882,2.9762344,1.314,0.41888,0.03951,0.1928,0.0683,396683008.0,0.0175,1.0
GVA,False,29.069095238095237,"data_missing:trailing_pe,graham_current_ratio,graham_debt_to_equity,munger_roe,munger_gross_margin",5540477440.0,,7.250581,1.013,2.1512000000000002,-0.14548,0.15641,0.08996,959048128.0,0.0042,4.0
SDGR,False,29.031533333333336,"data_missing:trailing_pe,graham_size,graham_earnings_stability,munger_roe,munger_fcf",1526782976.0,,4.5214887,2.706,0.32832,-0.16174999,0.56869,-0.70551,-29163124.0,,0.0
DAN,False,28.959900000000005,"data_missing:trailing_pe,graham_current_ratio,graham_earnings_stability,munger_roe,munger_gross_margin",3233754880.0,,1.6842223,1.487,0.75794,-0.01627,0.09462,0.05075,631249984.0,0.016,1.0
BRKR,False,28.94969733037202,"data_missing:trailing_pe,graham_earnings_stability,munger_roe",9027289088.0,,3.7905445,1.847,0.76164,-0.029979998,0.48477,0.09875,179937504.0,0.0034999999999999996,0.0
RYN,False,28.92822950477443,"graham_pe,graham_pe_times_pb,munger_roe,munger_gross_margin",6173517824.0,44.847824,1.1818962,3.562,0.36024999999999996,0.02015,0.24815,0.1179,111029624.0,0.05,4.0
AOSL,False,28.8694635647196,"data_missing:trailing_pe,graham_size,graham_earnings_stability,munger_roe,munger_gross_margin",793536192.0,,0.99454004,3.438,0.035070000000000004,-0.05217,0.22320999,-0.06449,22076750.0,,0.0
UNM,False,28.867692857142856,"graham_pe,munger_roe,munger_gross_margin,munger_fcf",14635463680.0,21.450115,1.3539242,17.258,0.36878,0.06351,0.29304,0.11359,-2231912448.0,0.022099999999999998,4.0
PEG,False,28.81227143596894,"graham_current_ratio,graham_debt_to_equity,graham_pe_times_pb,munger_roe",36549140480.0,18.241295,2.1073656,0.877,1.4240899999999999,0.11835,0.33333,0.18872,107750000.0,0.0362,4.0
HRL,False,28.736364285714284,"data_missing:market_cap,graham_pe,graham_pe_times_pb,munger_roe,munger_gross_margin",,25.035294,1.4731742,1.938,0.04244,0.05831,0.15783,0.11057,471169760.0,0.0493,4.0
BALL,False,28.691400539077094,"graham_current_ratio,graham_debt_to_equity,graham_pe_times_pb,munger_gross_margin",16774251520.0,18.157593,2.9182591,1.069,1.31495,0.17151,0.1863,0.09232,379875008.0,0.0125,4.0
ITT,False,28.68982125714286,"data_missing:market_cap,graham_current_ratio,graham_pe,graham_pe_times_pb,munger_roe",,40.854614,3.8726559,1.263,0.7973,0.11569,0.3498,0.123959996,275087488.0,0.0073,4.0
USFD,False,28.545254598565617,"graham_current_ratio,graham_debt_to_equity,graham_pe,graham_pe_times_pb,munger_gross_margin",23316125696.0,33.16308,5.4481115,1.137,1.26315,0.16350001,0.17554002,0.04197,805124992.0,,4.0
CVS,False,28.520302424996412,"graham_current_ratio,graham_pe,graham_pe_times_pb,munger_roe,munger_gross_margin",118841925632.0,24.51715,1.4899381,0.866,0.95503,0.06205,0.13645001,0.03861,8076000256.0,0.0282,4.0
EXC,False,28.51501080952381,"graham_current_ratio,graham_debt_to_equity,munger_roe,munger_fcf",45289963520.0,16.161764,1.5279804,1.088,1.77362,0.09711,0.42363998,0.16590999,-2685125120.0,0.0378,4.0
PZZA,False,28.506756460887388,"data_missing:debt_to_equity,data_missing:return_on_equity,graham_size,graham_current_ratio,graham_pe,graham_pe_times_pb,munger_gross_margin",764770816.0,29.037498,-1.6878588,0.829,,,0.20365,0.057439998,58907876.0,0.0747,4.0
ACA,False,28.422288506289274,"graham_pe,graham_pe_times_pb,munger_roe,munger_gross_margin",7144549888.0,32.5481,2.394503,3.119,0.50578,0.080299996,0.22805001,0.12312,60250000.0,0.0014000000000000002,4.0
BKH,False,28.38802380952381,"graham_current_ratio,graham_debt_to_equity,munger_roe,munger_fcf",5598505472.0,18.493702,1.4197865,0.523,1.11686,0.07958,0.39716,0.21422,-77750000.0,0.0381,4.0
JPM,False,28.341749999999998,"data_missing:current_ratio,data_missing:debt_to_equity,data_missing:free_cash_flow,graham_pe_times_pb,munger_gross_margin",941582712832.0,15.170021,2.663168,,,0.17789,0.0,0.50394,,0.0168,4.0
INTC,False,28.331581468910954,"data_missing:trailing_pe,graham_earnings_stability,munger_roe",486797410304.0,,5.305029,1.604,0.48997,-0.10715,0.38873002,0.12189999,4866375168.0,,0.0
DKS,False,28.317964285714286,"graham_current_ratio,graham_debt_to_equity,munger_fcf",11793750016.0,14.54415,2.044277,1.485,1.39077,0.18475,0.33093,0.08005,-823210368.0,0.038599999999999995,4.0
OGS,False,28.250408184523806,"graham_current_ratio,munger_roe,munger_fcf",5003987968.0,17.157328,1.4130782,0.481,0.95903,0.085760005,0.38094002,0.19847,-219928128.0,0.0335,4.0
CRBG,False,28.190082898513214,"graham_current_ratio,graham_debt_to_equity,graham_earnings_stability,graham_pe,munger_roe,munger_gross_margin",14545430528.0,20.916668,1.4318941,1.223,1.27231,0.07139,0.21102,0.111140005,642249984.0,0.030699999999999998,0.0
PFBC,False,28.182750000000002,"data_missing:current_ratio,data_missing:debt_to_equity,data_missing:free_cash_flow,graham_size,munger_gross_margin",1225849216.0,9.656396,1.5448041,,,0.17577,0.0,0.67442,,0.030899999999999997,4.0
TTMI,False,28.123453302380952,"graham_earnings_stability,graham_pe,graham_pe_times_pb,munger_roe,munger_gross_margin,munger_fcf",13140164608.0,56.184685,7.048087,1.78,0.5703,0.13260001,0.21191,0.108950004,-19442376.0,,2.0
ITGR,False,28.045391634166407,"graham_pe,graham_pe_times_pb,munger_roe,munger_gross_margin",4259203840.0,34.234974,2.4780967,3.733,0.79391,0.075040005,0.2613,0.10024,107673376.0,,4.0
GPC,False,28.03183228031437,"graham_current_ratio,graham_debt_to_equity,graham_pe,graham_pe_times_pb,munger_roe",18845429760.0,546.8,4.1637473,1.159,1.4641499999999998,0.0070700003,0.37564,0.06562,917241984.0,0.0305,4.0
ESI,False,28.019328229538758,"graham_pe,graham_pe_times_pb,munger_roe",8899592192.0,49.351353,3.1640964,2.907,0.74976,0.06539,0.38591,0.118310004,50812500.0,0.0089,4.0
SFBS,False,28.001249249999997,"data_missing:current_ratio,data_missing:debt_to_equity,data_missing:free_cash_flow,munger_gross_margin",4722611200.0,14.690475,1.1937864,,,0.17334999,0.0,0.70001,,0.0175,4.0
NJR,False,27.81322728571428,"graham_current_ratio,graham_debt_to_equity,graham_pe_times_pb,munger_roe,munger_fcf",5456945664.0,14.897507,2.0480597,0.661,1.4677799999999999,0.14453,0.39178002,0.09133001,-259436368.0,0.0349,4.0
CAVA,False,27.80078065238095,"graham_earnings_stability,graham_pe,graham_pe_times_pb,munger_roe,munger_fcf",7820174848.0,119.553566,9.296028,2.483,0.61899,0.083229996,0.37733,0.0762,-721500.0,,3.0
NTRS,False,27.7995,"data_missing:current_ratio,data_missing:debt_to_equity,data_missing:free_cash_flow,graham_pe_times_pb,munger_gross_margin",34079150080.0,16.016336,2.7226884,,,0.17066,0.0,0.42496,,0.0175,4.0
UA,False,27.74889956431073,"data_missing:trailing_pe,graham_earnings_stability,munger_roe",2130545920.0,,1.4917293,1.81,0.96356,-0.29825002,0.45624,-0.01604,102217624.0,,0.0
CMS,False,27.664547190476192,"graham_current_ratio,graham_debt_to_equity,graham_pe,graham_pe_times_pb,munger_roe,munger_fcf",21432997888.0,20.587349,2.2444422,0.936,1.8560400000000001,0.09158,0.40315,0.17167999,-2198874880.0,0.0329,4.0
AORT,False,27.64741245554389,"data_missing:trailing_pe,graham_size,graham_earnings_stability,munger_roe",1300328448.0,,2.9144356,3.473,0.9155800000000001,-0.0073100002,0.64373,0.09014,13096750.0,,1.0
CHEF,False,27.64251932172571,"graham_debt_to_equity,graham_pe,graham_pe_times_pb,munger_gross_margin",4539176448.0,52.983334,7.00044,2.148,1.4602899999999999,0.15252,0.24457,0.05017,107143504.0,,4.0
ADNT,False,27.6071071,"graham_size,graham_current_ratio,graham_debt_to_equity,graham_earnings_stability,graham_pe,munger_roe,munger_gross_margin",1476524032.0,34.236362,0.8396504,1.097,1.26868,0.05791,0.06585,0.024939999,354500000.0,,0.0
RITM,False,27.596964435714288,"data_missing:free_cash_flow,graham_current_ratio,graham_debt_to_equity,munger_roe",5589654528.0,16.683332,0.81197274,1.069,3.8764299999999996,0.055910002,0.95561,0.07942,,0.0992,4.0
AX,False,27.579749999999997,"data_missing:current_ratio,data_missing:debt_to_equity,data_missing:free_cash_flow,munger_gross_margin",5523627008.0,11.4811325,1.7444277,,,0.16773,0.0,0.45029998,,,4.0
PLXS,False,27.567080458086025,"graham_current_ratio,graham_pe,graham_pe_times_pb,munger_roe,munger_gross_margin",6541224960.0,36.252583,4.2827973,1.488,0.20079,0.1258,0.100389995,0.046719998,20809250.0,,4.0
CHCO,False,27.566249999999997,"data_missing:current_ratio,data_missing:debt_to_equity,data_missing:free_cash_flow,graham_pe_times_pb,munger_gross_margin",2011965312.0,15.682364,2.4871454,,,0.16755,0.0,0.5191,,0.0241,4.0
FTRE,False,27.539380909523814,"data_missing:trailing_pe,graham_size,graham_current_ratio,graham_debt_to_equity,graham_earnings_stability,munger_roe,munger_gross_margin",1793586048.0,,3.4216256,0.958,2.13239,-0.15303999,0.19301,0.025799999,278862496.0,,0.0
UAA,False,27.488668699479195,"data_missing:trailing_pe,graham_earnings_stability,munger_roe",2177795840.0,,1.5248121,1.81,0.96356,-0.29825002,0.45624,-0.01604,102217624.0,,0.0
ARCB,False,27.463963898077242,"graham_current_ratio,graham_pe,graham_pe_times_pb,munger_roe,munger_gross_margin",3109520384.0,198.74286,2.4526205,0.968,0.3627,0.01269,0.080970004,0.05429,148348992.0,0.0034000000000000002,4.0
EWBC,False,27.43275,"data_missing:current_ratio,data_missing:debt_to_equity,data_missing:free_cash_flow,munger_gross_margin",17763586048.0,12.4543705,1.9212245,,,0.16577,0.0,0.65281,,0.0245,4.0
ZION,False,27.303,"data_missing:current_ratio,data_missing:debt_to_equity,data_missing:free_cash_flow,munger_gross_margin",9911693312.0,8.650956,1.3014815,,,0.16404,0.0,0.52116,,0.0281,4.0
CCS,False,27.21871371941495,"graham_size,munger_roe,munger_gross_margin",1944525952.0,15.030768,0.75786793,4.76,0.6606799999999999,0.052210003,0.17865999,0.05158,78148624.0,0.018000000000000002,4.0
TEX,False,27.16488016805727,"graham_pe,graham_pe_times_pb,munger_roe,munger_gross_margin",7376922112.0,30.880384,1.4886746,1.818,0.54558,0.042090002,0.17163,0.084,232250000.0,0.0104,4.0
GM,False,27.13761904761905,"graham_current_ratio,graham_debt_to_equity,graham_pe,graham_pe_times_pb,munger_roe,munger_gross_margin",77945634816.0,38.473213,1.2190223,1.136,2.02341,0.03164,0.10177,0.03202,21933750272.0,0.0083,4.0
POR,False,27.103177142857138,"graham_current_ratio,graham_debt_to_equity,graham_pe,graham_pe_times_pb,munger_roe,munger_fcf",5861570048.0,22.053097,1.3993318,0.977,1.3616300000000001,0.06445,0.47537997,0.14987999,-415750016.0,0.043899999999999995,4.0
UTI,False,27.102297244047623,"graham_size,graham_current_ratio,graham_debt_to_equity,graham_pe,graham_pe_times_pb,munger_roe,munger_fcf",1191158912.0,35.442623,3.4597538,1.302,1.04405,0.105349995,0.55051,0.01985,-4487750.0,,4.0
NWN,False,27.08790401190476,"graham_current_ratio,graham_debt_to_equity,munger_roe,munger_fcf",2086155648.0,16.57525,1.3378686,0.772,1.73275,0.08347999,0.44977,0.13614,-268720128.0,0.0391,4.0
UGI,False,27.073583333333335,"graham_current_ratio,graham_debt_to_equity,graham_earnings_stability,munger_roe,munger_fcf",8200142336.0,12.700996,1.5125021,1.439,1.34987,0.13279,0.51343,-0.02479,-236250000.0,0.039,2.0
OFG,False,27.06075,"data_missing:current_ratio,data_missing:debt_to_equity,data_missing:free_cash_flow,munger_gross_margin",2201609728.0,10.274161,1.5644522,,,0.16081,0.0,0.43318,,0.0258,4.0
LYB,False,27.048752890347217,"data_missing:trailing_pe,graham_debt_to_equity,graham_earnings_stability,munger_roe,munger_gross_margin",20370774016.0,,1.908769,1.641,1.3275899999999998,-0.02269,0.12888,0.17924999,1228000000.0,0.0441,0.0
HUBG,False,27.043470593517572,"graham_current_ratio,graham_pe,graham_pe_times_pb,munger_roe,munger_gross_margin",2444917504.0,22.97701,1.4368373,1.474,0.2841,0.06241,0.11378,0.04162,59145876.0,0.0125,4.0
SOLS,False,26.942629910714288,"graham_current_ratio,graham_debt_to_equity,graham_pe,graham_pe_times_pb,munger_roe,munger_fcf",8949460992.0,42.681816,5.6424637,1.459,1.52771,0.112629995,0.30622998,0.19338,-27375000.0,0.0053,4.0
AEO,False,26.919940519047625,"data_missing:market_cap,graham_debt_to_equity",,10.496856,1.699939,1.545,1.1406399999999999,0.17569,0.38194,0.023610001,144004128.0,0.028399999999999998,4.0
CPB,False,26.89022661904762,"data_missing:market_cap,graham_current_ratio,graham_debt_to_equity,munger_gross_margin",,11.411765,1.7222757,0.866,1.82035,0.15389,0.292,0.13102001,603249984.0,0.0672,4.0
FBRT,False,26.75567857142857,"data_missing:free_cash_flow,graham_size,graham_current_ratio,graham_debt_to_equity,munger_roe",695920576.0,19.488373,0.56752,1.403,2.70288,0.04119,0.99637,0.08555,,0.13140000000000002,4.0
VIR,False,26.752757142857142,"data_missing:trailing_pe,graham_size,graham_earnings_stability,munger_roe,munger_gross_margin,munger_fcf",1913832448.0,,2.2436025,6.042,0.09494,-0.26081,-0.59389997,0.30746,-38885876.0,,0.0
UTL,False,26.64649955,"graham_size,graham_current_ratio,graham_debt_to_equity,munger_roe,munger_fcf",975115008.0,17.028662,1.5722772,0.491,1.4958799999999999,0.096219994,0.40218,0.14056,-65891876.0,0.0353,4.0
SNDR,False,26.633821012761715,"graham_pe,graham_pe_times_pb,munger_roe,munger_gross_margin",6177604096.0,55.062504,2.019253,2.033,0.12947,0.036760002,0.16025,0.04552,87137504.0,0.011399999999999999,4.0
CFR,False,26.6235,"data_missing:current_ratio,data_missing:debt_to_equity,data_missing:free_cash_flow,graham_pe_times_pb,munger_gross_margin",10030192640.0,15.254253,2.2402833,,,0.15498,0.0,0.37236,,0.0252,4.0
SBRA,False,26.52966331625402,"graham_earnings_stability,graham_pe,graham_pe_times_pb,munger_roe",5288079360.0,79.61539,1.9223627,3.574,0.95672,0.02388,0.50268,-0.12527001,155119744.0,0.0571,3.0
ADM,False,26.506399551407924,"graham_current_ratio,graham_pe,graham_pe_times_pb,munger_roe,munger_gross_margin",38123003904.0,21.61202,1.6173553,1.389,0.39134,0.07642,0.0687,0.04008,1164625024.0,0.026000000000000002,4.0
HNI,False,26.268738517387035,"data_missing:trailing_pe,graham_current_ratio,munger_roe",3606202624.0,,1.9976808,1.362,0.9107599999999999,0.00329,0.4188,0.08164,104212496.0,0.027999999999999997,4.0
LKFN,False,26.247749999999996,"data_missing:current_ratio,data_missing:debt_to_equity,data_missing:free_cash_flow,graham_size,munger_roe,munger_gross_margin",1471335552.0,13.575687,1.9027871,,,0.14997,0.0,0.51455003,,0.035,4.0
IRM,False,26.23814285714286,"data_missing:debt_to_equity,data_missing:return_on_equity,graham_current_ratio,graham_pe,graham_pe_times_pb,munger_fcf",36525158400.0,87.01419,-28.512667,0.726,,,0.5421,0.19059,-436093504.0,0.0285,4.0
CRL,False,26.215093436598323,"data_missing:trailing_pe,graham_current_ratio,graham_debt_to_equity,graham_earnings_stability,munger_roe",14277396480.0,,4.9820156,1.348,1.05047,-0.07516,0.34585,0.15113,468856000.0,,0.0
PVH,False,26.214776040476195,"data_missing:market_cap,graham_pe,munger_roe",,23.078789,0.7169418,1.677,0.8633799999999999,0.033239998,0.57532,0.05822,465637504.0,0.0019,4.0
CARR,False,26.198176050825715,"graham_current_ratio,graham_pe,graham_pe_times_pb,munger_roe,munger_gross_margin",48503287808.0,42.028572,3.6925006,1.02,0.91998,0.08966,0.24691999,0.13069001,861750016.0,0.0163,4.0
BCC,False,26.138024321964735,"graham_pe,graham_pe_times_pb,munger_roe,munger_gross_margin",2748391680.0,26.701693,1.358244,2.71,0.27115,0.0506,0.16511999,0.045840003,43333376.0,0.0111,4.0
TRUP,False,26.091977838592218,"graham_size,graham_earnings_stability,graham_pe,graham_pe_times_pb,munger_roe,munger_gross_margin",1293346944.0,55.943398,3.175198,1.774,0.26096,0.06068,0.22584,0.01623,11546000.0,,1.0
GT,False,26.02699966666667,"data_missing:trailing_pe,graham_size,graham_current_ratio,graham_debt_to_equity,graham_earnings_stability,munger_roe,munger_gross_margin",1770577408.0,,0.6231634,1.087,2.7367500000000002,-0.61530995,0.18080999,-0.009649999,497124992.0,,0.0
CBSH,False,26.020500749999997,"data_missing:current_ratio,data_missing:debt_to_equity,data_missing:free_cash_flow,munger_roe,munger_gross_margin",8326237696.0,14.2279415,1.9202778,,,0.14694001,0.0,0.45125,,0.018799999999999997,4.0
MFP,False,25.996223809523812,"data_missing:return_on_equity,data_missing:free_cash_flow,graham_earnings_stability,graham_pe,graham_pe_times_pb",2200009472.0,135.1111,2.7997468,1.837,0.32921999999999996,,0.35282,0.09739,,,3.0
EIG,False,25.964172354695336,"graham_size,graham_current_ratio,graham_pe,graham_pe_times_pb,munger_roe,munger_gross_margin",880424000.0,62.050632,1.0248156,1.115,0.14974,0.00772,0.01242,0.16349001,18350000.0,0.0277,4.0
MAN,False,25.959074948464856,"graham_current_ratio,graham_earnings_stability,graham_pe,graham_pe_times_pb,munger_roe,munger_gross_margin",2893221888.0,28.022522,1.3735621,1.043,0.67414,0.050809998,0.16235,0.024419999,125012496.0,0.0232,0.0
CEG,False,25.90968629285715,"graham_current_ratio,graham_earnings_stability,graham_pe,graham_pe_times_pb,munger_gross_margin,munger_fcf",100059955200.0,27.606062,3.1379237,1.455,0.7641899999999999,0.15055001,0.22107,0.086619996,-6625124864.0,0.0060999999999999995,3.0
H,False,25.883731156281925,"graham_current_ratio,graham_debt_to_equity,graham_earnings_stability,graham_pe,graham_pe_times_pb,munger_roe",16329341952.0,211.31708,4.94168,0.62,1.24421,0.02157,0.43444002,0.16749,170250000.0,0.0034000000000000002,0.0
DCH,False,25.856380952380952,"data_missing:trailing_pe,graham_size,graham_current_ratio,graham_debt_to_equity,graham_earnings_stability,munger_roe,munger_gross_margin",1501661184.0,,0.99417967,1.398,3.43042,-0.15042,0.11327,0.04855,540849984.0,,0.0
FFIN,False,25.806,"data_missing:current_ratio,data_missing:debt_to_equity,data_missing:free_cash_flow,graham_pe_times_pb,munger_roe,munger_gross_margin",4739840512.0,17.684492,2.3579323,,,0.14408,0.0,0.55958,,0.026099999999999998,4.0
CUBI,False,25.74375,"data_missing:current_ratio,data_missing:debt_to_equity,data_missing:free_cash_flow,munger_roe,munger_gross_margin",2669048576.0,9.567796,1.210075,,,0.14325,0.0,0.46019,,,4.0
FOXF,False,25.71944853981568,"data_missing:trailing_pe,graham_size,graham_debt_to_equity,graham_earnings_stability,munger_roe,munger_gross_margin",886854144.0,,1.3295527,3.105,1.02,-0.3675,0.29549,0.04889,48863876.0,,0.0
CPF,False,25.6845,"data_missing:current_ratio,data_missing:debt_to_equity,data_missing:free_cash_flow,graham_size,munger_roe,munger_gross_margin",974282816.0,12.167203,1.6375282,,,0.14246,0.0,0.36801997,,0.0316,4.0
J,False,25.676832600190657,"graham_current_ratio,graham_debt_to_equity,graham_pe,graham_pe_times_pb,munger_roe,munger_gross_margin",17628354560.0,49.874172,5.404377,1.287,1.24734,0.07998,0.22067,0.07387,645677888.0,0.0095,4.0
NEO,False,25.662776293398615,"data_missing:trailing_pe,graham_earnings_stability,munger_roe",2394782208.0,,3.0348418,3.603,0.57064,-0.06327,0.43917,-0.048449997,43904752.0,,0.0
CC,False,25.619714285714284,"data_missing:trailing_pe,data_missing:debt_to_equity,graham_earnings_stability,munger_roe,munger_gross_margin",2389924096.0,,-48.711655,1.663,,-3.19372,0.15405,0.01131,303124992.0,0.0222,0.0
AIR,False,25.608259940476184,"graham_pe,graham_pe_times_pb,munger_roe,munger_gross_margin,munger_fcf",5471176192.0,27.962961,3.1405263,2.841,0.59397,0.12876001,0.18802999,0.08384,-50362500.0,,4.0
BNY,False,25.593,"data_missing:current_ratio,data_missing:debt_to_equity,data_missing:free_cash_flow,graham_pe_times_pb,munger_roe,munger_gross_margin",110080516096.0,18.909092,2.7581987,,,0.14124,0.0,0.40046,,0.013600000000000001,4.0
SW,False,25.576677703299517,"graham_current_ratio,graham_pe,graham_pe_times_pb,munger_roe,munger_gross_margin",25507549184.0,51.734043,1.4142383,1.447,0.78427,0.02715,0.18160999,0.05466,1215000064.0,0.0365,4.0
SYNA,False,25.5604574656817,"data_missing:trailing_pe,graham_current_ratio,graham_earnings_stability,munger_roe",3816450304.0,,4.1012816,1.122,0.9433,-0.42229998,0.44721,-0.02792,149650000.0,,0.0
RES,False,25.527482999999997,"graham_size,graham_pe,graham_pe_times_pb,munger_roe,munger_gross_margin,munger_fcf",1418604928.0,58.18182,1.2576144,3.341,0.046790000000000005,0.02076,0.23256999,0.0448,-5273000.0,0.026099999999999998,4.0
AMKR,False,25.511447619047615,"graham_pe,graham_pe_times_pb,munger_roe,munger_gross_margin,munger_fcf",12854931456.0,23.201794,2.7590253,2.171,0.57054,0.12514,0.15511,0.10532,-378785984.0,0.0069,4.0
ACM,False,25.486849675503432,"graham_current_ratio,graham_debt_to_equity,graham_pe,graham_pe_times_pb,munger_gross_margin",8524850688.0,23.323944,3.8868678,1.057,1.3888,0.16605,0.05678,-0.01844,379882112.0,0.019,4.0
BFH,False,25.48489296428571,"data_missing:current_ratio,data_missing:debt_to_equity,data_missing:free_cash_flow,munger_gross_margin",4150433536.0,8.380915,1.2424239,,,0.17424999,0.0,0.28971002,,0.0086,4.0
SITM,False,25.46283628629241,"graham_debt_to_equity,graham_earnings_stability,graham_pe,graham_pe_times_pb,munger_roe",17970018304.0,999.81665,15.515467,19.445,1.2941900000000002,0.013259999,0.58714,0.10623,24747500.0,,0.0
AZO,False,25.4293350952381,"data_missing:market_cap,data_missing:debt_to_equity,data_missing:return_on_equity,graham_current_ratio,graham_pe,graham_pe_times_pb",,20.1604,-17.237745,0.89,,,0.51754004,0.19082001,903784256.0,,4.0
WRBY,False,25.405790931492227,"data_missing:consecutive_positive_earnings_years,graham_pe,graham_pe_times_pb,munger_roe",3123575552.0,421.1667,8.252776,2.268,0.6402800000000001,0.020550001,0.53119,-0.03596,9525750.0,,
DY,False,25.342606809523804,"data_missing:market_cap,data_missing:free_cash_flow,graham_debt_to_equity,graham_pe,graham_pe_times_pb,munger_gross_margin",,28.154482,4.4894834,2.348,1.47703,0.19197,0.20528999,0.09571,,,4.0
BANF,False,25.250999999999994,"data_missing:current_ratio,data_missing:debt_to_equity,data_missing:free_cash_flow,munger_roe,munger_gross_margin",3709301504.0,14.898786,1.8953115,,,0.13668,0.0,0.50523,,0.0175,4.0
DAL,False,25.224447619047623,"data_missing:market_cap,graham_current_ratio,graham_pe_times_pb,munger_gross_margin",,13.456053,2.4327645,0.424,0.96649,0.20125,0.187,0.07921,2817374976.0,0.009399999999999999,4.0
GXO,False,25.219948692008824,"graham_current_ratio,graham_debt_to_equity,graham_pe,graham_pe_times_pb,munger_roe,munger_gross_margin",5502565888.0,42.46018,1.8435411,0.789,2.02482,0.04502,0.15255,0.029930001,340624992.0,,4.0
HUM,False,25.02524834897986,"graham_pe,graham_pe_times_pb,munger_roe,munger_gross_margin",47147130880.0,37.040565,2.453922,1.742,0.76485,0.06893,0.13653,0.034649998,1940999936.0,0.0091,4.0
UNFI,False,24.969857142857144,"data_missing:trailing_pe,graham_current_ratio,graham_debt_to_equity,graham_earnings_stability,munger_roe,munger_gross_margin",2860134400.0,,1.7951834,1.328,1.97248,-0.02296,0.13494,0.01101,482500000.0,,0.0
MRCY,False,24.938987852152362,"data_missing:trailing_pe,graham_earnings_stability,munger_roe,munger_gross_margin",5440516096.0,,3.600796,2.963,0.33582,-0.01998,0.28585,0.01227,107115000.0,,0.0
GPI,False,24.88008952567825,"graham_current_ratio,graham_debt_to_equity,munger_roe,munger_gross_margin",3124099840.0,10.846027,1.047138,1.02,1.95668,0.0949,0.15946001,0.03827,135050000.0,0.0084,4.0
BROS,False,24.853787548462037,"graham_current_ratio,graham_debt_to_equity,graham_earnings_stability,graham_pe,graham_pe_times_pb,munger_roe,munger_gross_margin",8894353408.0,70.43055,8.765774,1.35,1.23827,0.14562,0.25097,0.12876001,1719625.0,,3.0
MRTN,False,24.795783666666665,"graham_size,graham_pe,graham_pe_times_pb,munger_roe,munger_gross_margin,munger_fcf",1180827776.0,96.399994,1.5415778,2.503,0.00047,0.01646,0.22690001,0.02345,-5991125.0,0.0166,4.0
WAL,False,24.764249999999997,"data_missing:current_ratio,data_missing:debt_to_equity,data_missing:free_cash_flow,munger_roe,munger_gross_margin",8587329024.0,8.883747,1.1595463,,,0.13019,0.0,0.39363998,,0.021099999999999997,4.0
BOH,False,24.76275,"data_missing:current_ratio,data_missing:debt_to_equity,data_missing:free_cash_flow,munger_roe,munger_gross_margin",3046754304.0,14.355019,1.9902076,,,0.13017,0.0,0.44022,,0.0362,4.0
IBOC,False,24.69,"data_missing:current_ratio,data_missing:debt_to_equity,data_missing:free_cash_flow,munger_roe,munger_gross_margin",4391342592.0,10.634036,1.3009433,,,0.1292,0.0,0.60488,,0.0206,4.0
CASH,False,24.677142857142854,"data_missing:current_ratio,data_missing:debt_to_equity,data_missing:free_cash_flow,graham_size,munger_gross_margin",1694067712.0,10.206509,2.0149236,,,0.21176,0.0,0.20522,,0.0024,4.0
REZI,False,24.529428904761907,"graham_debt_to_equity,graham_earnings_stability,munger_gross_margin,munger_fcf",3033910528.0,7.8046875,1.1993517,2.223,1.2990700000000002,0.15196,0.29208001,0.07925,-1902749952.0,,0.0
PI,False,24.50809730751035,"data_missing:trailing_pe,graham_debt_to_equity,graham_earnings_stability,munger_roe",5135280128.0,,22.169899,3.277,1.15143,-0.12875,0.52856,0.09693,56185876.0,,0.0
PNC,False,24.46725,"data_missing:current_ratio,data_missing:debt_to_equity,data_missing:free_cash_flow,munger_roe,munger_gross_margin",97146773504.0,13.416529,1.6734471,,,0.12623,0.0,0.38689,,0.0327,4.0
USB,False,24.46725,"data_missing:current_ratio,data_missing:debt_to_equity,data_missing:free_cash_flow,munger_roe,munger_gross_margin",97222410240.0,12.45509,1.6036597,,,0.12623,0.0,0.39646998,,0.0331,4.0
NSP,False,24.4502380952381,"data_missing:trailing_pe,graham_size,graham_current_ratio,graham_debt_to_equity,graham_earnings_stability,munger_roe,munger_gross_margin",1978897152.0,,32.44208,1.113,7.836069999999999,-0.18496999,0.12893,0.00356,195124992.0,0.0462,0.0
PRK,False,24.43875,"data_missing:current_ratio,data_missing:debt_to_equity,data_missing:free_cash_flow,graham_pe_times_pb,munger_roe,munger_gross_margin",3577606912.0,17.69884,2.072086,,,0.12585,0.0,0.46613997,,0.022099999999999998,4.0
WFC,False,24.43125,"data_missing:current_ratio,data_missing:debt_to_equity,data_missing:free_cash_flow,munger_roe,munger_gross_margin",256949223424.0,12.35029,1.5973606,,,0.12575,0.0,0.37387002,,0.0235,4.0
WABC,False,24.3645,"data_missing:current_ratio,data_missing:debt_to_equity,data_missing:free_cash_flow,graham_size,munger_roe,munger_gross_margin",1345762432.0,12.854304,1.5699649,,,0.12486,0.0,0.60288,,0.033,4.0
BJRI,False,24.278208442089092,"graham_size,graham_current_ratio,graham_debt_to_equity,graham_pe,graham_pe_times_pb,munger_roe,munger_gross_margin",1355138816.0,33.703705,3.3947985,0.289,1.09378,0.104399994,0.15534,0.05006,49461376.0,,4.0
UMBF,False,24.231749999999998,"data_missing:current_ratio,data_missing:debt_to_equity,data_missing:free_cash_flow,munger_roe,munger_gross_margin",10977817600.0,12.014962,1.4838006,,,0.12309,0.0,0.51058,,0.0139,4.0
WTFC,False,24.156,"data_missing:current_ratio,data_missing:debt_to_equity,data_missing:free_cash_flow,munger_roe,munger_gross_margin",10319329280.0,12.28755,1.4534088,,,0.12208,0.0,0.46085998,,0.0144,4.0
LHX,False,24.120614457142857,"data_missing:current_ratio,data_missing:return_on_equity,data_missing:free_cash_flow,graham_pe,graham_pe_times_pb",48784510976.0,26.489384,2.548915,,0.34574,,0.30414,0.097270004,,0.019,4.0
IFF,False,24.11189761904762,"data_missing:trailing_pe,graham_earnings_stability,munger_roe,munger_fcf",22159773696.0,,1.5865042,2.061,0.44821,-0.05548,0.36583,0.08495,-1720999936.0,0.0184,0.0
TRIP,False,24.044428571428572,"data_missing:trailing_pe,graham_size,graham_debt_to_equity,munger_roe,munger_fcf",1139175808.0,,1.7148362,1.561,1.34928,-0.00233,0.63966,0.09437,-101500000.0,,4.0
MTRN,False,24.04370754509423,"graham_pe,graham_pe_times_pb,munger_roe,munger_gross_margin",5128221184.0,57.244183,5.3505054,2.941,0.51424,0.09458999,0.16011,0.08574,13363875.0,0.0025,4.0
WSFS,False,23.925749999999997,"data_missing:current_ratio,data_missing:debt_to_equity,data_missing:free_cash_flow,munger_roe,munger_gross_margin",4029333248.0,13.156041,1.5008423,,,0.11901,0.0,0.41717,,0.0102,4.0
MDU,False,23.914511529761903,"graham_current_ratio,graham_pe,graham_pe_times_pb,munger_roe,munger_fcf",4244851968.0,21.468086,1.4502336,0.992,0.8805,0.068909995,0.3475,0.12531,-478334112.0,0.0278,4.0
RF,False,23.900249549999998,"data_missing:current_ratio,data_missing:debt_to_equity,data_missing:free_cash_flow,munger_roe,munger_gross_margin",25898657792.0,12.357723,1.4837953,,,0.118669994,0.0,0.39314997,,0.035699999999999996,4.0
DTE,False,23.89369004761905,"graham_current_ratio,graham_debt_to_equity,graham_pe,graham_pe_times_pb,munger_roe,munger_gross_margin,munger_fcf",28349919232.0,21.556963,2.3335161,0.802,2.2906,0.1103,0.29347,0.13623999,-2596624896.0,0.0338,4.0
XHR,False,23.84872121804512,"data_missing:trailing_pe,graham_size,graham_debt_to_equity,munger_roe,munger_gross_margin",1909315712.0,,1.6040559,2.198,1.18285,-0.0063300002,0.26128998,0.13129,72648248.0,0.028999999999999998,4.0
MBIN,False,23.799749999999996,"data_missing:current_ratio,data_missing:debt_to_equity,data_missing:free_cash_flow,munger_roe,munger_gross_margin",2446661888.0,10.694778,1.3278815,,,0.11733,0.0,0.61074,,0.008199999999999999,4.0
CATY,False,23.77950045,"data_missing:current_ratio,data_missing:debt_to_equity,data_missing:free_cash_flow,munger_roe,munger_gross_margin",4144262400.0,12.156555,1.3625497,,,0.117060006,0.0,0.62619996,,0.0245,4.0
SR,False,23.766975073809522,"graham_current_ratio,graham_debt_to_equity,munger_roe,munger_fcf",4879171072.0,18.22075,1.3616418,0.37,2.02612,0.081099994,0.43965998,0.07068,-326512512.0,0.0394,4.0
OI,False,23.736694391557258,"data_missing:trailing_pe,graham_size,graham_current_ratio,graham_debt_to_equity,graham_earnings_stability,munger_roe,munger_gross_margin",1107886720.0,,2.892098,1.261,9.25046,-1.18344,0.14827,0.07194,69625000.0,,0.0
CBU,False,23.6475,"data_missing:current_ratio,data_missing:debt_to_equity,data_missing:free_cash_flow,munger_roe,munger_gross_margin",3319011328.0,14.635732,1.6007308,,,0.1153,0.0,0.39207,,0.0301,4.0
PATK,False,23.637458118883092,"graham_debt_to_equity,graham_pe_times_pb,munger_roe,munger_gross_margin",2668706560.0,19.783333,2.3599079,2.668,1.46006,0.12953,0.23055,0.07395,32754876.0,0.0225,4.0
HII,False,23.60581979761905,"graham_current_ratio,graham_pe_times_pb,munger_roe,munger_gross_margin,munger_fcf",11714593792.0,17.716925,2.2052846,1.23,0.55252,0.12968001,0.124,0.0708,-300249984.0,0.018600000000000002,4.0
VSEC,False,23.596892707142857,"graham_pe,graham_pe_times_pb,munger_roe,munger_gross_margin,munger_fcf",6202358784.0,70.607025,2.1141448,3.768,0.34965,0.042659998,0.15621,0.12682,-260715008.0,0.0018,4.0
CMC,False,23.596325440476193,"data_missing:market_cap,munger_roe,munger_gross_margin",,12.99811,1.6795311,2.326,0.7998099999999999,0.13791999,0.18565,0.09476,134061248.0,0.011699999999999999,4.0
FHN,False,23.58975,"data_missing:current_ratio,data_missing:debt_to_equity,data_missing:free_cash_flow,munger_roe,munger_gross_margin",11569638400.0,11.740385,1.3637887,,,0.11453,0.0,0.41284,,0.0277,4.0
NBTB,False,23.568,"data_missing:current_ratio,data_missing:debt_to_equity,data_missing:free_cash_flow,munger_roe,munger_gross_margin",2672305920.0,12.513382,1.3755015,,,0.11424,0.0,0.41447,,0.0311,4.0
HAFC,False,23.508,"data_missing:current_ratio,data_missing:debt_to_equity,data_missing:free_cash_flow,graham_size,munger_roe,munger_gross_margin",923574336.0,10.488215,1.1276835,,,0.11344,0.0,0.45029998,,0.036000000000000004,4.0
OZK,False,23.4967503,"data_missing:current_ratio,data_missing:debt_to_equity,data_missing:free_cash_flow,munger_roe,munger_gross_margin",5390819840.0,8.158416,0.90770555,,,0.113290004,0.0,0.55609,,0.037599999999999995,4.0
TSLA,False,23.495331682457486,"graham_pe,graham_pe_times_pb,munger_roe,munger_gross_margin",1401338986496.0,331.5981,16.131393,1.941,0.18373,0.046669997,0.18852,0.014099999,4835999744.0,,4.0
SHEN,False,23.43785,"data_missing:trailing_pe,graham_size,graham_current_ratio,graham_earnings_stability,munger_roe,munger_fcf",673234496.0,,0.78289986,0.852,0.77081,-0.03941,0.64852995,-0.00944,-236001120.0,0.0089,0.0
BAC,False,23.399250375,"data_missing:current_ratio,data_missing:debt_to_equity,data_missing:free_cash_flow,munger_roe,munger_gross_margin",427746426880.0,14.127021,1.5548269,,,0.111990005,0.0,0.38305,,0.0206,4.0
PFS,False,23.354999999999997,"data_missing:current_ratio,data_missing:debt_to_equity,data_missing:free_cash_flow,munger_roe,munger_gross_margin",3072756736.0,9.816666,1.0570236,,,0.1114,0.0,0.5227,,0.0408,4.0
TRMK,False,23.339250449999998,"data_missing:current_ratio,data_missing:debt_to_equity,data_missing:free_cash_flow,munger_roe,munger_gross_margin",2691773440.0,11.763358,1.2557039,,,0.111190006,0.0,0.36776,,0.0216,4.0
HOMB,False,23.329499999999996,"data_missing:current_ratio,data_missing:debt_to_equity,data_missing:free_cash_flow,munger_roe,munger_gross_margin",5935472640.0,12.26033,1.3079127,,,0.11106,0.0,0.57611,,0.0288,4.0
FULT,False,23.32575,"data_missing:current_ratio,data_missing:debt_to_equity,data_missing:free_cash_flow,munger_roe,munger_gross_margin",4534220800.0,11.41827,1.2550864,,,0.11101,0.0,0.42348,,0.0319,4.0
FBK,False,23.31,"data_missing:current_ratio,data_missing:debt_to_equity,data_missing:free_cash_flow,munger_roe,munger_gross_margin",2880240128.0,15.246032,1.4872642,,,0.1108,0.0,0.45556,,0.0146,4.0
COLB,False,23.270999999999997,"data_missing:current_ratio,data_missing:debt_to_equity,data_missing:free_cash_flow,munger_roe,munger_gross_margin",8682270720.0,12.082678,1.1493092,,,0.11028,0.0,0.50923,,0.0482,4.0
WKC,False,23.226823103700582,"data_missing:trailing_pe,graham_size,graham_current_ratio,graham_earnings_stability,munger_roe,munger_gross_margin",1833274112.0,,1.6158701,1.058,0.58819,-0.12264,0.026889998,0.00753,116087504.0,0.0255,0.0
FCF,False,23.1802497,"data_missing:current_ratio,data_missing:debt_to_equity,data_missing:free_cash_flow,munger_roe,munger_gross_margin",2101963264.0,12.682926,1.3349591,,,0.109069996,0.0,0.45363998,,0.0269,4.0
ROAD,False,23.123638235464796,"graham_debt_to_equity,graham_pe,graham_pe_times_pb,munger_gross_margin",6512699904.0,45.0,6.6214657,1.566,1.81754,0.15048,0.15759,0.10667,52442000.0,,4.0
BANR,False,23.086499999999997,"data_missing:current_ratio,data_missing:debt_to_equity,data_missing:free_cash_flow,munger_roe,munger_gross_margin",2384720896.0,11.579207,1.1927993,,,0.10782,0.0,0.37702,,0.028999999999999998,4.0
WCC,False,23.059405872930743,"graham_debt_to_equity,graham_pe,graham_pe_times_pb,munger_roe,munger_gross_margin",17088663552.0,24.250345,3.3910666,2.091,1.2865,0.14308,0.21395001,0.06082,177050000.0,0.0058,4.0
MTB,False,23.0565,"data_missing:current_ratio,data_missing:debt_to_equity,data_missing:free_cash_flow,munger_roe,munger_gross_margin",34469269504.0,12.635257,1.3559052,,,0.10742,0.0,0.45108002,,0.0248,4.0
ONB,False,22.9559997,"data_missing:current_ratio,data_missing:debt_to_equity,data_missing:free_cash_flow,munger_roe,munger_gross_margin",9889434624.0,11.438053,1.1837707,,,0.106079996,0.0,0.52542,,0.0225,4.0
SSB,False,22.948499549999994,"data_missing:current_ratio,data_missing:debt_to_equity,data_missing:free_cash_flow,munger_roe,munger_gross_margin",10284149760.0,11.139706,1.1261908,,,0.105979994,0.0,0.50514,,0.0248,4.0
MP,False,22.898366666666664,"data_missing:trailing_pe,graham_earnings_stability,munger_roe,munger_fcf",10513336320.0,,5.3697805,9.51,0.41402,-0.03585,0.42326,-0.1472,-432948864.0,,0.0
PAG,False,22.775910239909283,"graham_current_ratio,graham_debt_to_equity,graham_pe_times_pb,munger_gross_margin",14304657408.0,15.8436365,2.4598308,0.975,1.6064699999999998,0.15842,0.16149001,0.03966,218100000.0,0.0265,4.0
AMR,False,22.77451998543187,"data_missing:trailing_pe,graham_earnings_stability,munger_roe,munger_gross_margin",2882961408.0,,1.9244702,3.405,0.0076100000000000004,-0.0296,0.10018,-0.02903,52462248.0,,0.0
STWD,False,22.76675,"data_missing:free_cash_flow,graham_debt_to_equity,graham_pe,munger_roe",6053517312.0,27.016949,0.8865899,12.868,3.3111900000000003,0.03689,0.86453,-0.05869,,0.1207,4.0
FLEX,False,22.763083991682887,"graham_current_ratio,graham_debt_to_equity,graham_pe,graham_pe_times_pb,munger_gross_margin",42592165888.0,44.517376,7.743452,1.38,1.07818,0.18378,0.0953,0.0497,625750016.0,,4.0
FHB,False,22.741499249999997,"data_missing:current_ratio,data_missing:debt_to_equity,data_missing:free_cash_flow,munger_roe,munger_gross_margin",3141793792.0,11.226087,1.111733,,,0.10321999,0.0,0.43712002,,0.0401,4.0
FFBC,False,22.714499999999997,"data_missing:current_ratio,data_missing:debt_to_equity,data_missing:free_cash_flow,munger_roe,munger_gross_margin",3435633408.0,11.5653715,1.1498735,,,0.10286,0.0,0.39804,,0.0308,4.0
MATW,False,22.714255810243973,"data_missing:trailing_pe,graham_size,graham_debt_to_equity,graham_earnings_stability,munger_roe",656413056.0,,1.3507612,1.756,1.2932,-0.05874,0.37884,-0.02657,26483000.0,0.0473,0.0
UCB,False,22.703249999999997,"data_missing:current_ratio,data_missing:debt_to_equity,data_missing:free_cash_flow,munger_roe,munger_gross_margin",4219279360.0,11.513072,1.1266389,,,0.10271,0.0,0.50902003,,0.029500000000000002,4.0
KTOS,False,22.680083258333333,"graham_earnings_stability,graham_pe,graham_pe_times_pb,munger_roe,munger_gross_margin,munger_fcf",10078757888.0,315.82352,2.9385364,5.541,0.0565,0.011469999,0.23002,-0.00174,-118287504.0,,2.0
TCBI,False,22.641,"data_missing:current_ratio,data_missing:debt_to_equity,data_missing:free_cash_flow,munger_roe,munger_gross_margin",4264835328.0,12.756826,1.2957851,,,0.10188,0.0,0.36721,,0.008100000000000001,4.0
KEY,False,22.623214285714287,"data_missing:current_ratio,data_missing:debt_to_equity,data_missing:free_cash_flow,graham_earnings_stability,munger_roe,munger_gross_margin",23498172416.0,12.8771925,1.3646505,,,0.1033,0.0,0.3471,,0.0371,1.0
AAL,False,22.578690373667946,"data_missing:trailing_pe,data_missing:debt_to_equity,data_missing:return_on_equity,graham_current_ratio,munger_gross_margin",9082227712.0,,-2.2862856,0.534,,,0.21239,0.02814,519249984.0,,4.0
SCL,False,22.570470318663208,"data_missing:trailing_pe,graham_size,graham_current_ratio,munger_roe,munger_gross_margin",1426623872.0,,1.1780262,1.151,0.5836,-0.0021600001,0.11812,0.0619,55548624.0,0.0252,4.0
AGNT,False,22.45257156190476,"data_missing:trailing_pe,data_missing:debt_to_equity,graham_size,graham_earnings_stability,munger_roe,munger_gross_margin",703566528.0,,2.5044618,1.515,,-0.06887,0.068280004,0.00412,98850248.0,0.045700000000000005,0.0
STBA,False,22.404,"data_missing:current_ratio,data_missing:debt_to_equity,data_missing:free_cash_flow,graham_size,munger_roe,munger_gross_margin",1757632128.0,13.25532,1.2520097,,,0.09872,0.0,0.44693002,,0.0297,4.0
LPX,False,22.347616666666664,"graham_pe,graham_pe_times_pb,munger_roe,munger_gross_margin,munger_fcf",4944983552.0,91.84416,2.8385649,3.221,0.21617,0.03098,0.18023,0.05271,-96000000.0,0.0168,4.0
AUB,False,22.31925,"data_missing:current_ratio,data_missing:debt_to_equity,data_missing:free_cash_flow,munger_roe,munger_gross_margin",5831132672.0,11.90379,1.1244836,,,0.09759,0.0,0.56057,,0.0364,4.0
HWC,False,22.278000374999998,"data_missing:current_ratio,data_missing:debt_to_equity,data_missing:free_cash_flow,munger_roe,munger_gross_margin",6016729088.0,14.705883,1.3580314,,,0.097040005,0.0,0.4386,,0.026600000000000002,4.0
ASB,False,22.271249625,"data_missing:current_ratio,data_missing:debt_to_equity,data_missing:free_cash_flow,munger_roe,munger_gross_margin",5816569344.0,10.769231,1.0542529,,,0.096949995,0.0,0.41342998,,0.0311,4.0
TRST,False,22.23675,"data_missing:current_ratio,data_missing:debt_to_equity,data_missing:free_cash_flow,graham_size,munger_roe,munger_gross_margin",976540864.0,15.930555,1.4886436,,,0.09649,0.0,0.46668997,,0.027999999999999997,4.0
HGV,False,22.22595238095238,"graham_debt_to_equity,graham_pe,graham_pe_times_pb,munger_roe,munger_gross_margin,munger_fcf",3406649344.0,24.90341,3.103009,4.814,6.2408600000000005,0.11456,0.24617,0.12666,-127000000.0,,4.0
FIBK,False,22.212749249999998,"data_missing:current_ratio,data_missing:debt_to_equity,data_missing:free_cash_flow,munger_roe,munger_gross_margin",3552002816.0,11.5387,1.0717778,,,0.09616999,0.0,0.43242002,,0.050499999999999996,4.0
SAH,False,22.15477380952381,"graham_current_ratio,graham_debt_to_equity,graham_pe_times_pb,munger_gross_margin,munger_fcf",2506737664.0,12.625796,2.4436774,1.012,4.55519,0.20631,0.15704,0.03376,-116075000.0,0.021,4.0
VVX,False,22.106803970390445,"graham_current_ratio,graham_earnings_stability,graham_pe,graham_pe_times_pb,munger_roe,munger_gross_margin",2459043328.0,27.051722,2.1676059,1.318,0.97529,0.08349,0.08473,0.04282,106377504.0,,2.0
UBSI,False,22.1055,"data_missing:current_ratio,data_missing:debt_to_equity,data_missing:free_cash_flow,munger_roe,munger_gross_margin",6466872320.0,12.940055,1.1774186,,,0.09474,0.0,0.53079,,0.032,4.0
WD,False,22.098714210714284,"data_missing:free_cash_flow,graham_size,graham_debt_to_equity,graham_pe,munger_roe",1382640896.0,35.964283,0.7850321,1.574,1.3645699999999998,0.023599999,1.0,0.00767,,0.0675,4.0
EBC,False,22.0815,"data_missing:current_ratio,data_missing:debt_to_equity,data_missing:free_cash_flow,munger_roe,munger_gross_margin",5119801344.0,12.516761,1.1417142,,,0.09442,0.0,0.50124,,0.025,4.0
ABCB,False,22.048499999999997,"data_missing:current_ratio,data_missing:debt_to_equity,data_missing:free_cash_flow,munger_roe,munger_gross_margin",5730958336.0,15.443038,1.3962691,,,0.09398,0.0,0.50194,,0.009300000000000001,4.0
PFGC,False,22.023487945945266,"graham_debt_to_equity,graham_pe,graham_pe_times_pb,munger_roe,munger_gross_margin",16040240128.0,44.593887,3.25368,1.514,1.58849,0.076680005,0.12575,0.02229,713825024.0,,4.0
AES,False,21.93988132738095,"graham_current_ratio,graham_debt_to_equity,graham_earnings_stability,munger_roe,munger_gross_margin,munger_fcf",10523219968.0,5.5243444,2.1284273,0.746,2.5688600000000004,0.095740005,0.2027,0.18673,-3089125120.0,0.0478,3.0
KSS,False,21.907726404761906,"data_missing:market_cap,graham_current_ratio,graham_debt_to_equity,graham_earnings_stability,munger_roe",,7.7896996,0.49206996,1.491,1.54055,0.06671,0.41167,0.074250005,942000000.0,0.0279,3.0
VTOL,False,21.89667142857143,"graham_size,graham_earnings_stability,munger_roe,munger_gross_margin,munger_fcf",1359382144.0,13.178161,1.247993,2.26,0.89036,0.10082,0.27201,0.08455,-34202124.0,0.0111,2.0
BKU,False,21.89099925,"data_missing:current_ratio,data_missing:debt_to_equity,data_missing:free_cash_flow,munger_roe,munger_gross_margin",3317285888.0,12.793956,1.1207104,,,0.09187999,0.0,0.37060001,,0.028399999999999998,4.0
CAH,False,21.851333376190478,"data_missing:debt_to_equity,data_missing:return_on_equity,graham_current_ratio,graham_earnings_stability,graham_pe,graham_pe_times_pb,munger_gross_margin",54685532160.0,32.566483,-19.003475,0.883,,,0.03844,0.013300001,4752500224.0,0.0087,3.0
AVAV,False,21.80115952380952,"data_missing:trailing_pe,graham_earnings_stability,munger_roe,munger_gross_margin,munger_fcf",7739268096.0,,1.7449094,4.304,0.18971,-0.10029,0.25325,0.02812,-251387504.0,,0.0
TFC,False,21.794249999999998,"data_missing:current_ratio,data_missing:debt_to_equity,data_missing:free_cash_flow,graham_earnings_stability,munger_roe,munger_gross_margin",61447798784.0,11.563218,1.0470878,,,0.09059,0.0,0.39815,,0.040999999999999995,2.0
ARMK,False,21.788885374567695,"graham_current_ratio,graham_debt_to_equity,graham_pe,graham_pe_times_pb,munger_roe,munger_gross_margin",15522242560.0,41.174828,4.5721383,1.285,1.8672399999999998,0.11694,0.15292,0.04422,374142496.0,0.008100000000000001,4.0
FNB,False,21.78,"data_missing:current_ratio,data_missing:debt_to_equity,data_missing:free_cash_flow,data_missing:consecutive_positive_earnings_years,munger_roe,munger_gross_margin",6581773312.0,11.005953,0.9559013,,,0.0904,0.0,0.44671002,,0.0282,
HBAN,False,21.7515,"data_missing:current_ratio,data_missing:debt_to_equity,data_missing:free_cash_flow,munger_roe,munger_gross_margin",34064195584.0,12.969232,1.1453027,,,0.09002,0.0,0.41932,,0.0364,4.0
SBSI,False,21.746249625,"data_missing:current_ratio,data_missing:debt_to_equity,data_missing:free_cash_flow,graham_size,munger_roe,munger_gross_margin",950278400.0,12.501961,1.0766633,,,0.089949995,0.0,0.47232,,0.0462,4.0
WSBC,False,21.734999249999998,"data_missing:current_ratio,data_missing:debt_to_equity,data_missing:free_cash_flow,munger_roe,munger_gross_margin",3879393280.0,11.491478,1.0205369,,,0.08979999,0.0,0.48699,,0.037599999999999995,4.0
VLY,False,21.71475,"data_missing:current_ratio,data_missing:debt_to_equity,data_missing:free_cash_flow,munger_roe,munger_gross_margin",7708843008.0,11.822034,1.0346363,,,0.08953,0.0,0.46787998,,0.031200000000000002,4.0
NIC,False,21.68024925,"data_missing:current_ratio,data_missing:debt_to_equity,data_missing:free_cash_flow,graham_pe_times_pb,munger_roe,munger_gross_margin",3592327168.0,19.216368,1.582441,,,0.08906999,0.0,0.52892,,0.008,4.0
APD,False,21.646583333333336,"data_missing:trailing_pe,graham_current_ratio,graham_debt_to_equity,graham_earnings_stability,munger_roe,munger_fcf",68023750656.0,,4.899514,1.085,1.1009099999999998,0.00023,0.32056,0.25536,-1497500032.0,0.0236,0.0
SHAK,False,21.587428571428575,"graham_debt_to_equity,graham_earnings_stability,graham_pe,graham_pe_times_pb,munger_roe,munger_fcf",3018236416.0,74.26316,5.2325153,1.668,1.66579,0.0794,0.4038,0.05069,-41693376.0,,3.0
DCOM,False,21.552,"data_missing:current_ratio,data_missing:debt_to_equity,data_missing:free_cash_flow,graham_size,munger_roe,munger_gross_margin",1783926528.0,14.637682,1.2707599,,,0.08736,0.0,0.44626,,0.0248,4.0
VSTS,False,21.54266666765818,"data_missing:trailing_pe,graham_size,graham_debt_to_equity,graham_earnings_stability,munger_roe,munger_gross_margin",1685041280.0,,1.9198916,2.166,1.52545,-0.00602,0.26297,0.058709998,69159872.0,,0.0
ABR,False,21.481250000000003,"data_missing:free_cash_flow,graham_size,graham_debt_to_equity,graham_pe,munger_roe",1019723200.0,55.88889,0.44332808,2.095,3.86741,0.01975,0.79161,-0.12729,,0.1858,4.0
HTLD,False,21.44963266666667,"data_missing:trailing_pe,graham_size,graham_earnings_stability,munger_roe,munger_gross_margin,munger_fcf",955444352.0,,1.2632924,1.585,0.19358,-0.028469998,0.28059998,-0.04617,-80482624.0,0.0064,0.0
NWBI,False,21.428250300000002,"data_missing:current_ratio,data_missing:debt_to_equity,data_missing:free_cash_flow,munger_roe,munger_gross_margin",2244258560.0,14.883495,1.1643627,,,0.085710004,0.0,0.41568002,,0.052199999999999996,4.0
C,False,21.396749999999997,"data_missing:current_ratio,data_missing:debt_to_equity,data_missing:free_cash_flow,munger_roe,munger_gross_margin",222562304000.0,14.297414,1.1563736,,,0.08529,0.0,0.36229,,0.020099999999999996,4.0
WAFD,False,21.37275,"data_missing:current_ratio,data_missing:debt_to_equity,data_missing:free_cash_flow,munger_roe,munger_gross_margin",2677147904.0,11.413249,0.9827783,,,0.08497,0.0,0.46126997,,0.0298,4.0
FITB,False,21.328500000000002,"data_missing:current_ratio,data_missing:debt_to_equity,data_missing:free_cash_flow,munger_roe,munger_gross_margin",49743052800.0,18.468012,1.5394762,,,0.08438,0.0,0.39078,,0.028999999999999998,4.0
BBT,False,21.317250449999996,"data_missing:current_ratio,data_missing:debt_to_equity,data_missing:free_cash_flow,munger_roe,munger_gross_margin",2643559424.0,10.24026,1.0476665,,,0.084230006,0.0,0.46051997,,0.0407,4.0
UNIT,False,21.262666666666668,"data_missing:return_on_equity,graham_current_ratio,graham_debt_to_equity,graham_earnings_stability,munger_fcf",2461232896.0,2.6406252,7.6993165,1.222,68.69969,,0.5846,0.04144,-258078000.0,,2.0
STT,False,21.24975,"data_missing:current_ratio,data_missing:debt_to_equity,data_missing:free_cash_flow,graham_pe_times_pb,munger_roe,munger_gross_margin",53119078400.0,17.067078,2.2224393,,,0.12437,0.0,0.27818,,0.019,4.0
CFG,False,21.20250075,"data_missing:current_ratio,data_missing:debt_to_equity,data_missing:free_cash_flow,munger_roe,munger_gross_margin",29558188032.0,15.28976,1.2322874,,,0.08270001,0.0,0.35132998,,0.026099999999999998,4.0
COF,False,21.18567857142857,"data_missing:current_ratio,data_missing:debt_to_equity,data_missing:free_cash_flow,munger_roe,munger_gross_margin",132923760640.0,11.931168,1.2907858,,,0.09031,0.0,0.33629,,0.0147,4.0
INDB,False,21.17925,"data_missing:current_ratio,data_missing:debt_to_equity,data_missing:free_cash_flow,munger_roe,munger_gross_margin",3904161024.0,14.904159,1.1174078,,,0.08239,0.0,0.47252,,0.030899999999999997,4.0
RNST,False,21.1575003,"data_missing:current_ratio,data_missing:debt_to_equity,data_missing:free_cash_flow,munger_roe,munger_gross_margin",3772262144.0,12.067251,0.97438323,,,0.082100004,0.0,0.43483,,0.023399999999999997,4.0
GEF,False,21.12164285714286,"data_missing:return_on_equity,data_missing:free_cash_flow,graham_current_ratio,graham_pe,graham_pe_times_pb,munger_gross_margin",4804238336.0,34.921486,1.600841,1.289,0.39409999999999995,,0.22521,0.10561,,0.0276,4.0
FBNC,False,21.108,"data_missing:current_ratio,data_missing:debt_to_equity,data_missing:free_cash_flow,graham_pe_times_pb,munger_roe,munger_gross_margin",2630573056.0,19.745342,1.5325652,,,0.08144,0.0,0.51192003,,0.015,4.0
AAP,False,21.09123742857143,"data_missing:market_cap,graham_debt_to_equity,graham_earnings_stability,graham_pe,munger_roe,munger_fcf",,24.396648,1.1609112,1.748,2.49358,0.04888,0.45139998,0.0555,-54625000.0,0.0227,1.0
MOH,False,21.066092709209546,"graham_pe,graham_pe_times_pb,munger_roe,munger_gross_margin",10374750208.0,1242.1875,2.477809,1.679,0.94773,-0.0016,0.08427,0.01398,700249984.0,,4.0
SEDG,False,21.050940515739665,"data_missing:trailing_pe,graham_earnings_stability,munger_roe,munger_gross_margin",2061727744.0,,5.0022388,2.03,0.9885200000000001,-0.58424,0.21253,-0.06515,113761248.0,,0.0
CFFN,False,21.0097497,"data_missing:current_ratio,data_missing:debt_to_equity,data_missing:free_cash_flow,graham_size,graham_earnings_stability,munger_roe,munger_gross_margin",1065912064.0,13.292309,1.0422196,,,0.080129996,0.0,0.50087,,0.0393,2.0
CXW,False,20.981379395084186,"graham_current_ratio,graham_pe,graham_pe_times_pb,munger_roe,munger_gross_margin",3341611008.0,26.817461,2.3229756,1.319,0.95487,0.08772001,0.2258,0.101789996,24545250.0,,4.0
GBCI,False,20.9595,"data_missing:current_ratio,data_missing:debt_to_equity,data_missing:free_cash_flow,munger_roe,munger_gross_margin",6155119104.0,19.37295,1.4269758,,,0.07946,0.0,0.44305,,0.027999999999999997,4.0
CVBF,False,20.736749999999997,"data_missing:current_ratio,data_missing:debt_to_equity,data_missing:free_cash_flow,munger_roe,munger_gross_margin",3924742656.0,15.48611,1.2399911,,,0.07649,0.0,0.55747,,0.035699999999999996,4.0
PNFP,False,20.735999999999997,"data_missing:current_ratio,data_missing:debt_to_equity,data_missing:free_cash_flow,munger_roe,munger_gross_margin",15259355136.0,13.909091,1.0817702,,,0.07648,0.0,0.47018,,0.0197,4.0
VSH,False,20.436856835460464,"graham_earnings_stability,graham_pe,graham_pe_times_pb,munger_roe,munger_gross_margin",4868254720.0,158.7,1.671318,1.802,0.37664000000000003,0.01134,0.20927,0.0581,14999875.0,0.013000000000000001,0.0
SNX,False,20.434928571428568,"data_missing:market_cap,graham_current_ratio,graham_pe_times_pb,munger_roe,munger_gross_margin",,18.633955,2.3058717,1.199,0.52735,0.13141,0.07047,0.02661,304888992.0,0.0075,4.0
BXMT,False,20.336000000000002,"data_missing:free_cash_flow,graham_debt_to_equity,graham_earnings_stability,graham_pe,graham_pe_times_pb,munger_roe",2327587072.0,172.62502,0.7221293,98.576,4.84696,0.00448,1.0,-3.69142,,0.1351,1.0
PB,False,20.303250000000002,"data_missing:current_ratio,data_missing:debt_to_equity,data_missing:free_cash_flow,munger_roe,munger_gross_margin",8735649792.0,12.59792,0.88087744,,,0.07071,0.0,0.58042,,0.032799999999999996,4.0
MTZ,False,20.28013776190476,"graham_current_ratio,graham_earnings_stability,graham_pe,graham_pe_times_pb,munger_gross_margin,munger_fcf",20166981632.0,40.05263,5.638176,1.4,0.89874,0.16176,0.12913999,0.05424,-57898876.0,,2.0
HLX,False,20.261507142857145,"data_missing:market_cap,graham_earnings_stability,graham_pe,graham_pe_times_pb,munger_roe,munger_gross_margin",,42.166668,0.94183344,3.465,0.38543999999999995,0.02191,0.13374,0.11531,296176736.0,,2.0
MET,False,20.169023895238094,"graham_debt_to_equity,graham_pe_times_pb,munger_roe,munger_gross_margin,munger_fcf",61164654592.0,18.438698,2.2369156,2.027,1.7993299999999999,0.13094,0.23951,0.055180002,-20953999360.0,0.0246,4.0
ASTE,False,20.020280952380954,"graham_size,graham_earnings_stability,graham_pe,graham_pe_times_pb,munger_roe,munger_gross_margin,munger_fcf",1015124672.0,52.55953,1.4732381,2.517,0.57089,0.02859,0.26159,0.06346,-1112500.0,0.0118,3.0
SLAB,False,20.0,"data_missing:trailing_pe,data_missing:debt_to_equity,graham_earnings_stability,munger_roe,munger_fcf",7305652224.0,,6.6728635,5.407,,-0.03628,0.60611,-0.04674,-13706625.0,,0.0
ARWR,False,20.0,"data_missing:trailing_pe,graham_debt_to_equity,graham_earnings_stability,munger_roe,munger_fcf",12513732608.0,,26.861732,5.899,2.95984,-0.55207,1.0,-2.26028,-48628124.0,,0.0
STEP,False,20.0,"data_missing:trailing_pe,graham_current_ratio,graham_debt_to_equity,graham_earnings_stability,munger_roe,munger_gross_margin",6480013824.0,,-7.6664634,0.639,1.26487,-0.61397,-0.48369,-0.54055,2822566144.0,0.0346,0.0
BOX,False,20.0,"data_missing:market_cap,graham_current_ratio,graham_debt_to_equity,graham_pe,graham_pe_times_pb,munger_roe",,51.088238,249.92807,0.76,20.48842,-5.75826,0.69536,-0.22146,152298752.0,,4.0
CWST,False,19.94891934734781,"graham_current_ratio,graham_pe,graham_pe_times_pb,munger_roe",5918524416.0,1162.5,3.745771,0.993,0.9162300000000001,0.00364,0.3342,0.0499,121703752.0,,4.0
KBH,False,19.812076276190474,"data_missing:market_cap,munger_roe,munger_gross_margin",,13.3138685,0.8836068,5.635,0.5264099999999999,0.06989,0.17731,0.036310002,316819744.0,0.0178,4.0
MTUS,False,19.775407217857143,"graham_size,graham_earnings_stability,graham_pe,graham_pe_times_pb,munger_roe,munger_gross_margin,munger_fcf",824840704.0,104.73684,1.1927595,1.752,0.021230000000000002,0.011720001,0.08196,0.0346,-62337500.0,,0.0
WERN,False,19.71412304584294,"data_missing:trailing_pe,graham_current_ratio,graham_earnings_stability,munger_roe,munger_gross_margin",2310919680.0,,1.703887,1.448,0.68379,-0.03909,0.1904,0.025910001,69455872.0,0.0144,0.0
KR,False,19.708965369047615,"data_missing:market_cap,graham_current_ratio,graham_debt_to_equity,graham_pe,graham_pe_times_pb,munger_roe,munger_gross_margin",,33.292397,6.1532645,0.791,3.73449,0.13779001,0.23979001,0.03224,2994500096.0,0.0246,4.0
SBCF,False,19.55025,"data_missing:current_ratio,data_missing:debt_to_equity,data_missing:free_cash_flow,graham_pe,munger_roe,munger_gross_margin",3321990400.0,22.279222,1.2036062,,,0.06067,0.0,0.48815,,0.022099999999999998,4.0
VSAT,False,19.361121621396197,"data_missing:trailing_pe,graham_debt_to_equity,graham_earnings_stability,munger_roe",10018980864.0,,2.1311574,1.675,1.46805,0.0019,0.33219,0.04441,250167376.0,,0.0
CLSK,False,19.340020646901337,"data_missing:trailing_pe,graham_debt_to_equity,graham_earnings_stability,munger_roe",3325780992.0,,4.3676224,5.912,2.34725,-0.68622,0.46993,-1.65191,48898124.0,,1.0
SBUX,False,19.251353430368773,"data_missing:debt_to_equity,data_missing:return_on_equity,graham_current_ratio,graham_pe,graham_pe_times_pb,munger_gross_margin",122276405248.0,62.360466,-15.930492,0.76,,,0.22341,0.12919,3065537536.0,0.0229,4.0
CNH,False,18.94005515741534,"graham_debt_to_equity,graham_pe,graham_pe_times_pb,munger_roe,munger_gross_margin",18381254656.0,45.72,1.8241303,4.883,3.35044,0.03914,0.17789,0.05538,566249984.0,0.0086,4.0
HOPE,False,18.917250300000003,"data_missing:current_ratio,data_missing:debt_to_equity,data_missing:free_cash_flow,graham_size,munger_roe,munger_gross_margin",1779443840.0,13.79208,0.7750515,,,0.056550004,0.0,0.34244,,0.04019999999999999,4.0
ICHR,False,18.877773894541715,"data_missing:trailing_pe,graham_earnings_stability,munger_roe,munger_gross_margin",2213170432.0,,2.5522633,3.701,0.17809999999999998,-0.051659998,0.12667,0.027590001,10132000.0,,0.0
AIN,False,18.790098869043284,"data_missing:trailing_pe,graham_size,graham_earnings_stability,munger_roe,munger_gross_margin",1679571968.0,,2.2524064,2.238,0.59922,-0.061339997,0.21078,0.11725,4886875.0,0.019,0.0
ORA,False,18.720785714285718,"graham_current_ratio,graham_debt_to_equity,graham_pe,graham_pe_times_pb,munger_roe,munger_gross_margin,munger_fcf",6452873728.0,51.436275,2.4841971,1.046,1.24336,0.04778,0.2793,0.13597,-318099008.0,0.0046,4.0
TNDM,False,18.67066666666667,"data_missing:trailing_pe,graham_size,graham_debt_to_equity,graham_earnings_stability,munger_roe,munger_fcf",1488984192.0,,11.413333,3.18,5.66964,-0.48026,0.56012,-0.054180004,-43949124.0,,0.0
WY,False,18.564972043870153,"graham_pe,graham_pe_times_pb,munger_roe,munger_gross_margin",17081443328.0,35.909092,1.8104042,1.816,0.57625,0.04974,0.14507,0.080340005,13625000.0,0.0349,4.0
HFWA,False,18.247928571428574,"data_missing:current_ratio,data_missing:debt_to_equity,data_missing:free_cash_flow,graham_size,munger_roe,munger_gross_margin",1172640000.0,13.647619,1.056473,,,0.07798,0.0,0.28932,,0.0348,4.0
MCK,False,18.165447754701347,"data_missing:debt_to_equity,data_missing:return_on_equity,graham_current_ratio,graham_pe,graham_pe_times_pb,munger_gross_margin",103824883712.0,23.874264,-24.362827,0.893,,,0.03633,0.01348,6801249792.0,0.0042,4.0
ALLY,False,18.091177714285713,"data_missing:current_ratio,data_missing:debt_to_equity,data_missing:free_cash_flow,munger_roe,munger_gross_margin",13001494528.0,10.056471,0.9630899,,,0.09681,0.0,0.25270998,,0.0282,4.0
ACHC,False,18.03009523809524,"data_missing:trailing_pe,graham_debt_to_equity,graham_earnings_stability,munger_roe,munger_fcf",2813490176.0,,1.3875114,1.572,1.1805700000000001,-0.41445,0.41057,0.10137,-104957000.0,,0.0
HONA,False,17.804809523809524,"data_missing:debt_to_equity,data_missing:return_on_equity,data_missing:free_cash_flow,graham_earnings_stability,graham_pe,graham_pe_times_pb",50950152192.0,49.009148,-8.943474,1.526,,,0.34535,0.14684,,,3.0
MSGS,False,17.77541767861322,"data_missing:debt_to_equity,data_missing:return_on_equity,graham_current_ratio,graham_earnings_stability,graham_pe,graham_pe_times_pb",9479068672.0,1230.1562,-35.995792,0.503,,,0.33605,0.11756,58219124.0,,0.0
LUV,False,17.64790518095238,"graham_current_ratio,graham_pe,graham_pe_times_pb,munger_roe,munger_gross_margin,munger_fcf",19450916864.0,24.849998,2.746615,0.489,0.97275,0.11099,0.22399001,0.033800002,-834750016.0,0.0177,4.0
DNOW,False,17.56223333333333,"data_missing:trailing_pe,data_missing:consecutive_positive_earnings_years,munger_roe,munger_gross_margin,munger_fcf",2943194368.0,,1.4072089,2.136,0.30934,-0.11599,0.2023,0.01071,-533750016.0,,
CALM,False,17.44940075553923,"data_missing:debt_to_equity,munger_roe,munger_gross_margin",3724802816.0,12.028657,1.4231415,7.695,,0.122200005,0.23082,-0.11043,8796500.0,0.057800000000000004,4.0
PRIM,False,17.391929366718433,"graham_current_ratio,graham_pe,graham_pe_times_pb,munger_roe,munger_gross_margin",4177629952.0,30.19608,2.5803425,1.181,0.7963,0.08889,0.08619001,-0.01564,80155000.0,0.0040999999999999995,4.0
ANDE,False,17.251035714285713,"munger_roe,munger_gross_margin,munger_fcf",2165262848.0,12.326885,1.6286736,1.51,0.6635,0.12159,0.07179,0.01613,-109108872.0,0.0123,4.0
SANM,False,17.16399305714286,"graham_pe,graham_pe_times_pb,munger_roe,munger_gross_margin,munger_fcf",10899022848.0,36.442654,4.2579255,1.78,0.88161,0.12488,0.090150006,0.0704,-222215744.0,,4.0
SNEX,False,17.143642857142858,"data_missing:free_cash_flow,graham_current_ratio,graham_debt_to_equity,graham_pe_times_pb,munger_gross_margin",8244153856.0,18.674862,3.0017567,1.065,8.2347,0.2185,0.01731,0.00418,,,4.0
NBHC,False,17.139535714285714,"data_missing:current_ratio,data_missing:debt_to_equity,data_missing:free_cash_flow,graham_size,munger_roe,munger_gross_margin",1835029376.0,17.310925,1.0993702,,,0.06527,0.0,0.2857,,0.031,4.0
RDNT,False,16.916772027976073,"data_missing:trailing_pe,graham_current_ratio,graham_debt_to_equity,graham_earnings_stability,munger_roe,munger_gross_margin",5930663424.0,,5.4779387,1.484,1.56668,0.01498,0.17284,0.07893,157737248.0,,0.0
LOW,False,16.88719047619048,"data_missing:market_cap,data_missing:debt_to_equity,data_missing:return_on_equity,graham_current_ratio,graham_pe_times_pb",,17.490694,-15.594781,1.105,,,0.33082,0.13673,4487374848.0,0.023799999999999998,4.0
CCOI,False,16.781668000000003,"data_missing:trailing_pe,data_missing:debt_to_equity,graham_size,graham_current_ratio,graham_earnings_stability,munger_roe,munger_fcf",495256160.0,,-13.581461,0.632,,-7.2150297,0.50345004,-0.0669,-132067000.0,0.0079,0.0
DMC,False,16.694273976190477,"data_missing:consecutive_positive_earnings_years,graham_size,graham_pe,graham_pe_times_pb,munger_roe,munger_gross_margin,munger_fcf",1479919744.0,44.21127,0.7372352,2.226,0.2943,0.01775,0.092810005,0.03929,-99887504.0,0.038,
KNF,False,16.55645238095238,"graham_debt_to_equity,graham_pe,graham_pe_times_pb,munger_roe,munger_gross_margin,munger_fcf",3778740736.0,27.060974,2.353045,2.665,1.03908,0.09122,0.17828,0.08802,-3501250.0,,4.0
BTU,False,16.533066866666665,"data_missing:trailing_pe,graham_earnings_stability,munger_roe,munger_gross_margin,munger_fcf",3588736000.0,,1.1046904,2.009,0.12884,-0.047709998,0.103970006,-0.0947,-53975000.0,0.011000000000000001,0.0
LEU,False,16.212464200000003,"graham_debt_to_equity,graham_pe,graham_pe_times_pb,munger_roe,munger_gross_margin,munger_fcf",3886417664.0,102.51579,4.597121,5.395,1.3928299999999998,0.08053,0.23655,0.053379998,-127300000.0,,4.0
ECHO,False,15.96623876190476,"data_missing:trailing_pe,graham_debt_to_equity,graham_earnings_stability,munger_roe,munger_gross_margin,munger_fcf",25118732288.0,,1.7742895,5.201,1.23757,-0.33428,0.29540002,0.14279,-18870501376.0,,0.0
ADIG,False,15.67260680952381,"data_missing:return_on_equity,data_missing:free_cash_flow,graham_size,graham_earnings_stability,graham_pe,munger_gross_margin",1661199616.0,39.781815,0.67666614,2.796,0.50835,,0.21893999,0.02333,,,0.0
PENN,False,15.118904761904762,"data_missing:trailing_pe,graham_current_ratio,graham_debt_to_equity,graham_earnings_stability,munger_roe,munger_fcf",2326802688.0,,1.1847142,0.885,5.96731,-0.37578,0.35161,0.0793,-54325000.0,,0.0
CBRL,False,15.105535864285713,"graham_size,graham_current_ratio,graham_debt_to_equity,graham_pe,graham_pe_times_pb,munger_roe,munger_fcf",1230894848.0,47.88696,2.6444178,0.501,2.4666300000000003,0.056110002,0.31608,0.00843,-3550125.0,0.0171,4.0
SFNC,False,15.0,"data_missing:trailing_pe,data_missing:current_ratio,data_missing:debt_to_equity,data_missing:free_cash_flow,graham_earnings_stability,munger_roe,munger_gross_margin",3279017984.0,,0.94125944,,,-0.09941,0.0,0.38306,,0.0377,0.0
BANC,False,15.0,"data_missing:trailing_pe,data_missing:current_ratio,data_missing:debt_to_equity,data_missing:free_cash_flow,graham_earnings_stability,munger_roe,munger_gross_margin",2969025280.0,,1.0196974,,,-0.0065499996,0.0,2.16263,,0.0255,2.0
DFH,False,14.75967857142857,"graham_size,graham_debt_to_equity,munger_roe,munger_gross_margin,munger_fcf",1300989696.0,10.191489,0.9124389,7.59,1.12734,0.09423,0.1998,0.02409,-217692992.0,,4.0
AVT,False,14.745190476190476,"graham_earnings_stability,graham_pe,graham_pe_times_pb,munger_roe,munger_gross_margin,munger_fcf",7510908416.0,22.821693,1.495612,1.777,0.6920499999999999,0.06665,0.10429,0.03852,-129337000.0,0.016399999999999998,0.0
ROIV,False,14.673449999999999,"data_missing:trailing_pe,graham_earnings_stability,munger_roe,munger_gross_margin,munger_fcf",27144900608.0,,6.418446,16.721,0.02177,-0.08515,0.0,-254.08113,-1127230080.0,,0.0
DELL,False,14.651909161697422,"data_missing:debt_to_equity,data_missing:return_on_equity,graham_current_ratio,graham_pe,graham_pe_times_pb,munger_gross_margin",305147215872.0,37.570408,-218.33563,0.946,,,0.19212,0.088570006,5434124800.0,0.0054,4.0
FERG,False,14.564857571428574,"data_missing:return_on_equity,data_missing:free_cash_flow,graham_debt_to_equity,graham_earnings_stability,graham_pe,graham_pe_times_pb",45124780032.0,22.958662,7.2770944,1.729,1.11063,,0.30633,0.10159001,,0.0151,0.0
LBRT,False,14.141697661904761,"graham_pe,graham_pe_times_pb,munger_roe,munger_gross_margin,munger_fcf",3143066880.0,26.027027,1.6005983,1.986,0.8214400000000001,0.06123,0.18529,0.016210001,-302047872.0,0.0194,4.0
WLK,False,14.056706851223305,"data_missing:trailing_pe,graham_earnings_stability,munger_roe,munger_gross_margin",9447998464.0,,1.0853544,2.453,0.63814,-0.11911,0.09625,0.1122,23125000.0,0.0286,0.0
RUN,False,13.478189809523808,"graham_current_ratio,graham_debt_to_equity,graham_earnings_stability,munger_roe,munger_fcf",2161256704.0,6.1632657,0.62336594,1.422,2.92511,-0.19856001,0.35292998,0.03999,-1971139840.0,,1.0
SLVM,False,13.458559480952381,"graham_size,graham_current_ratio,graham_debt_to_equity,munger_roe,munger_gross_margin,munger_fcf",1455224832.0,19.572191,1.5253177,1.472,1.07958,0.07941,0.20594,0.014889999,-16375000.0,0.049100000000000005,4.0
MRNA,False,13.457124982933008,"data_missing:trailing_pe,graham_earnings_stability,munger_roe,munger_gross_margin",56998912000.0,,8.425494,2.295,0.19036,-0.38998002,-0.66023004,-5.5793104,299249984.0,,0.0
RXO,False,13.400409357685344,"data_missing:trailing_pe,graham_current_ratio,graham_earnings_stability,munger_roe,munger_gross_margin",3676203520.0,,2.4408674,1.268,0.48340000000000005,-0.06787,0.14912,0.00676,5750000.0,,0.0
MARA,False,13.374000666666669,"data_missing:trailing_pe,graham_current_ratio,graham_debt_to_equity,graham_earnings_stability,munger_roe,munger_fcf",4585372672.0,,2.7299907,0.891,1.40159,-1.0557,0.40122002,-2.65211,-1168091392.0,,0.0
SRPT,False,12.581391968389699,"data_missing:trailing_pe,graham_earnings_stability,munger_roe,munger_gross_margin",2280487424.0,,1.4925683,4.422,0.6953900000000001,-0.09478,-0.17299,0.13032,22139876.0,,0.0
HTH,False,12.4717497,"data_missing:current_ratio,data_missing:debt_to_equity,data_missing:free_cash_flow,munger_roe,munger_gross_margin",2209537024.0,14.338289,1.0391464,,,0.076009996,0.0,0.15799,,0.0207,4.0
TFIN,False,12.209464285714287,"data_missing:current_ratio,data_missing:debt_to_equity,data_missing:free_cash_flow,graham_size,graham_pe,graham_pe_times_pb,munger_roe,munger_gross_margin",1718494976.0,48.594593,1.8714545,,,0.04121,0.0,0.21277,,,4.0
MBC,False,12.05605004285714,"data_missing:trailing_pe,graham_size,munger_roe,munger_gross_margin,munger_fcf",1762227712.0,,0.8947205,1.759,0.85833,-0.0582,0.26859,0.022820001,-24387500.0,,4.0
GBX,False,11.722654428571428,"graham_size,graham_debt_to_equity,munger_roe,munger_gross_margin,munger_fcf",1426938240.0,13.64497,0.907017,3.676,1.0874899999999998,0.06341,0.15123999,0.04493,-164687504.0,0.0294,4.0
FLR,False,11.36493332432079,"data_missing:trailing_pe,graham_earnings_stability,munger_roe,munger_gross_margin",7235391488.0,,2.7305305,1.796,0.38492,-0.45167,-0.00798,0.03257,21500000.0,,0.0
DOW,False,10.942740388268524,"data_missing:trailing_pe,graham_debt_to_equity,graham_earnings_stability,munger_roe,munger_gross_margin",21908594688.0,,1.3813992,1.749,1.11913,-0.0554,0.09787,0.11594,237624992.0,0.0462,0.0
MOS,False,10.907983333333332,"data_missing:trailing_pe,graham_current_ratio,munger_roe,munger_gross_margin,munger_fcf",7553200640.0,,0.6588653,1.337,0.52249,-0.05073,0.11236,-0.00117,-746275008.0,0.0364,4.0
GO,False,10.756572095238095,"data_missing:trailing_pe,graham_size,graham_current_ratio,graham_debt_to_equity,graham_earnings_stability,munger_roe,munger_gross_margin,munger_fcf",1159288576.0,,1.4197305,1.291,2.26658,-0.3806,0.29985002,0.01777,-44593500.0,,0.0
EGBN,False,10.360713857142857,"data_missing:trailing_pe,data_missing:current_ratio,data_missing:debt_to_equity,data_missing:free_cash_flow,graham_size,graham_earnings_stability,munger_roe,munger_gross_margin",841967360.0,,0.7319853,,,-0.04137,0.0,0.24174999,,0.0014000000000000002,0.0
XNCR,False,9.929549999999999,"data_missing:trailing_pe,graham_earnings_stability,munger_roe,munger_gross_margin,munger_fcf",2147326080.0,,3.2658598,6.391,0.33803,-0.29072002,-1.4364799,-0.72369003,-94537504.0,,0.0
HPQ,False,9.82052380952381,"data_missing:market_cap,data_missing:debt_to_equity,data_missing:return_on_equity,graham_current_ratio,graham_pe_times_pb,munger_gross_margin",,11.30916,-78.80319,0.794,,,0.20315,0.07114,3450874880.0,0.0407,4.0
WHR,False,9.670464328571429,"graham_current_ratio,graham_debt_to_equity,graham_earnings_stability,munger_roe,munger_gross_margin,munger_fcf",2591675136.0,13.075658,0.6831657,1.149,2.05431,0.05933,0.13578,0.016210001,-485375008.0,0.099,1.0
BG,False,9.304297219047616,"graham_pe,graham_pe_times_pb,munger_roe,munger_gross_margin,munger_fcf",21434730496.0,24.04526,1.343537,1.567,0.9799500000000001,0.071779996,0.049239997,0.04617,-6475375104.0,0.0254,4.0
FLG,False,9.135107165357143,"data_missing:current_ratio,data_missing:debt_to_equity,data_missing:free_cash_flow,graham_earnings_stability,graham_pe,graham_pe_times_pb,munger_roe,munger_gross_margin",5582998528.0,448.33334,0.73445094,,,0.0059100003,0.0,0.20281,,0.0029,0.0
AESI,False,8.661717333333335,"data_missing:trailing_pe,graham_size,graham_earnings_stability,munger_roe,munger_gross_margin,munger_fcf",1623772544.0,,1.4600179,1.824,0.94273,-0.09925,0.23408002,-0.06807,-118395504.0,0.0848,0.0
JEF,False,8.135428571428571,"data_missing:current_ratio,data_missing:return_on_equity,data_missing:free_cash_flow,graham_debt_to_equity,munger_gross_margin",10747233280.0,14.759777,1.0170732,,3.64763,,0.02625,0.16941,,0.0301,4.0
KMX,False,8.093857142857143,"data_missing:market_cap,graham_debt_to_equity,graham_pe,graham_pe_times_pb,munger_roe,munger_gross_margin,munger_fcf",,38.90683,1.4528248,2.705,3.07787,0.03588,0.11805,0.03425,-159998368.0,,4.0
VGNT,False,7.8881426857142865,"data_missing:return_on_equity,data_missing:free_cash_flow,graham_current_ratio,graham_debt_to_equity,graham_pe_times_pb,munger_gross_margin",3439760640.0,7.078717,40.466667,1.398,8.53169,,0.12354,0.087969996,,0.011000000000000001,4.0
RCUS,False,7.30605,"data_missing:trailing_pe,graham_earnings_stability,munger_roe,munger_gross_margin,munger_fcf",3847400960.0,,8.371648,3.818,0.51293,-0.90819,0.0,-2.34146,-270624992.0,,0.0
UCTT,False,7.236952252380954,"data_missing:trailing_pe,graham_debt_to_equity,graham_earnings_stability,munger_roe,munger_gross_margin,munger_fcf",3384457728.0,,5.333191,2.733,1.082,-0.0155299995,0.1583,0.045739997,-81487504.0,,0.0
AHCO,False,6.752523476190476,"data_missing:trailing_pe,graham_size,graham_current_ratio,graham_debt_to_equity,graham_earnings_stability,munger_roe,munger_gross_margin,munger_fcf",773773184.0,,0.5611455,1.124,1.48969,-0.15224,0.19174999,0.00842,-80691504.0,,0.0
JBLU,False,6.741666666666666,"data_missing:trailing_pe,graham_size,graham_current_ratio,graham_debt_to_equity,graham_earnings_stability,munger_roe,munger_gross_margin,munger_fcf",1845056512.0,,1.1626248,0.696,5.9143,-0.44355,0.20225,-0.05228,-921249984.0,,0.0
ALK,False,5.904333333333334,"data_missing:trailing_pe,graham_current_ratio,graham_debt_to_equity,munger_roe,munger_gross_margin,munger_fcf",4709651968.0,,1.2828697,0.547,2.0752,-0.04598,0.17713,-0.02927,-23750000.0,,4.0
EQH,False,4.256,"data_missing:trailing_pe,graham_debt_to_equity,graham_earnings_stability,munger_roe,munger_gross_margin,munger_fcf",13679205376.0,,-7.391305,2.03,5.861000000000001,-0.25131,0.12768,-0.26357,-8824250368.0,0.0229,0.0
OLN,False,4.013142857142858,"data_missing:market_cap,data_missing:trailing_pe,graham_current_ratio,graham_debt_to_equity,graham_earnings_stability,munger_roe,munger_gross_margin",,,1.1508492,1.418,1.99059,-0.10585,0.06858,0.0403,311800000.0,0.045700000000000005,0.0
F,False,3.178238052380953,"data_missing:trailing_pe,graham_current_ratio,graham_debt_to_equity,graham_earnings_stability,munger_roe,munger_gross_margin,munger_fcf",55626960896.0,,1.5572672,1.089,4.567080000000001,-0.18252,0.07115,0.018819999,-7940250112.0,0.0432,0.0
CLF,False,0.37429761449231086,"data_missing:trailing_pe,graham_debt_to_equity,graham_earnings_stability,munger_roe,munger_gross_margin",6749488640.0,,1.204439,1.89,1.3274299999999999,-0.13862,-0.01052,0.0034400001,6125000.0,,0.0
FISV,False,0.0,"data_missing:current_ratio,data_missing:debt_to_equity,data_missing:return_on_equity,data_missing:gross_margin,data_missing:operating_margin,data_missing:free_cash_flow",27960295424.0,10.072798,1.0377563,,,,,,,,4.0
CWEN-A,False,0.0,data_missing:fetch_failed,,,,,,,,,,,
CYTK,False,0.0,"data_missing:trailing_pe,data_missing:debt_to_equity,data_missing:return_on_equity,graham_earnings_stability,munger_gross_margin,munger_fcf",10829925376.0,,-62.32,6.661,,,0.0,-6.2595,-397408736.0,,0.0
