symbol,buyable,score,fail_reasons,market_cap,trailing_pe,price_to_book,current_ratio,debt_to_equity,return_on_equity,gross_margin,operating_margin,free_cash_flow,dividend_yield,consecutive_positive_earnings_years
HCI,False,95.28161516666668,"graham_current_ratio,graham_earnings_stability",2406547712.0,8.339224,2.2340388,0.865,0.05722000000000001,0.34974998,0.59726,0.45431,423198496.0,0.0086,3.0
INVA,False,91.77221588297097,graham_size,1507763456.0,4.8761683,1.2292378,16.007,0.26859,0.36676,0.7479845767854364,0.3980886299984441,110332496.0,0.0,4.0
ADBE,False,91.34605,"graham_current_ratio,graham_pe_times_pb",92742467584.0,13.304857,7.9200315,0.77,0.5769299999999999,0.61902,0.8926753334174765,0.36627540073204595,9345125376.0,0.0,4.0
EXEL,False,91.1715415768828,graham_pe_times_pb,14769028096.0,18.80284,8.046031,3.456,0.08999,0.44393003,0.96483004,0.3759239799907419,739715136.0,0.0,4.0
DECK,False,90.3454413747478,graham_pe_times_pb,11288794112.0,11.724894,4.92426,2.747,0.20521,0.42558,0.5770385958654284,0.23078119312259424,871420352.0,0.0,4.0
PEGA,False,89.53107195042438,"graham_current_ratio,graham_earnings_stability,graham_pe_times_pb",5762393088.0,19.80226,10.278592,1.059,0.12851,0.54693,0.7586326591866708,0.15070351217656883,507401984.0,0.0034999999999999996,3.0
SNDK,False,88.14903839768817,"graham_earnings_stability,graham_pe,graham_pe_times_pb",231424770048.0,21.70892,15.161773,2.29,0.012769999999999998,0.9164,0.7147372580007902,0.61186290003951,7720875008.0,0.0,1.0
TDC,False,87.56232503650888,graham_current_ratio,2783490048.0,6.287815,4.7141285,0.915,0.16695000000000002,1.19116,0.5935057125676488,0.1232711966325917,348500000.0,0.0,4.0
YOU,False,87.10107535795603,"graham_current_ratio,graham_earnings_stability,graham_pe,graham_pe_times_pb",4424660480.0,28.855703,21.284653,1.04,0.45141,1.19174,0.66656,0.207018591685641,418440384.0,0.013500000000000002,3.0
CARG,False,86.04540633830325,graham_pe_times_pb,2570660608.0,15.351064,9.753295,1.85,0.7003499999999999,0.53470004,0.9278186950098127,0.2695153145604093,241320752.0,0.0,4.0
APAM,False,85.94305360289638,graham_pe_times_pb,2389739776.0,8.110843,5.6896553,3.007,0.57111,0.64552003,0.45593,0.3339475285120265,291218624.0,0.1025,4.0
FHI,False,85.7304307100575,graham_pe_times_pb,4198520832.0,10.472068,3.206832,2.592,0.32354,0.31137,0.69044,0.2853848832346752,371463872.0,0.0258,4.0
QLYS,False,85.70795810599759,"graham_current_ratio,graham_pe,graham_pe_times_pb",6809032704.0,33.508667,11.916487,1.384,0.09498,0.38592,0.828480478236503,0.3317048384083691,244382624.0,0.0,4.0
NEM,False,85.2011063441832,"graham_earnings_stability,graham_pe_times_pb",121474916352.0,14.537832,3.4640927,2.546,0.15807000000000002,0.25905,0.68041,0.51569,8815875072.0,0.0092,2.0
GEN,False,85.00000000000001,"graham_current_ratio,graham_debt_to_equity,graham_pe_times_pb",13552009216.0,13.239765,5.105999,0.466,3.07831,0.41944,0.7846,0.424,1547124992.0,0.0223,4.0
ALL,False,83.71084933333334,"graham_current_ratio,graham_earnings_stability",58403868672.0,4.621349,1.8508947,0.363,0.22261,0.46113998,0.36800998,0.22827,15158625280.0,0.019299999999999998,2.0
AMP,False,82.8288302147661,graham_pe_times_pb,44015685632.0,12.021126,6.9179845,2.182,0.67578,0.63432,0.54932,0.30719998,2903124992.0,0.0139,4.0
APA,False,82.66614999999999,graham_current_ratio,16056610816.0,9.6892185,2.2889824,0.946,0.48854,0.26659,0.78255,0.56331,2146749952.0,0.022799999999999997,4.0
IDCC,False,82.56828699252853,"graham_pe,graham_pe_times_pb",8450177536.0,38.253506,7.029087,1.743,0.33401000000000003,0.26403,0.82498,0.5525715964341169,600847744.0,0.0091,4.0
PRI,False,82.51435,graham_pe_times_pb,8520555520.0,11.118274,3.3904648,3.73,0.71521,0.32966,0.72097,0.31542,1038982144.0,0.0176,4.0
INCY,False,81.9897726722531,graham_pe_times_pb,22882547712.0,14.380892,3.5760896,4.593,0.00603,0.30667,0.55659,0.2946484526501573,1180664576.0,0.0,4.0
TROW,True,81.81879755558789,,22184849408.0,10.441767,2.0163245,4.039,0.03702,0.19399999,0.9985236428059223,0.2992289604637174,2023912448.0,0.05,4.0
ZTS,False,81.63191408675209,"graham_debt_to_equity,graham_pe_times_pb",30318217216.0,12.067435,9.359612,3.084,2.9399599999999997,0.64911,0.71738,0.40721,2016999936.0,0.0296,4.0
PTC,False,81.59066645290322,"graham_current_ratio,graham_pe_times_pb",21047492608.0,18.792435,6.1823926,1.025,0.46335,0.35053003,0.8375515565345831,0.35863597965264643,1031425152.0,0.0,4.0
NFLX,False,81.46990152810189,"graham_current_ratio,graham_pe,graham_pe_times_pb",296181006336.0,22.367924,9.823228,1.142,0.55236,0.49541,0.3634414152008206,0.29494704605507255,25387552768.0,0.0,4.0
KNSL,False,81.42671666666666,"graham_current_ratio,graham_pe_times_pb",7737374720.0,13.780122,3.801934,0.194,0.11033,0.30268,0.31142,0.40678,982102720.0,0.003,4.0
BMY,False,81.33519457189267,"graham_debt_to_equity,graham_earnings_stability,graham_pe_times_pb",122317750272.0,13.189427,5.481007,1.532,2.01859,0.46598998,0.7231055082553272,0.34418,8114375168.0,0.042199999999999994,1.0
HLNE,False,81.16664496307861,graham_pe_times_pb,5734408192.0,13.042683,3.9016824,4.111,0.21558,0.32416,0.6066,0.45933998,231402752.0,0.0282,4.0
GDDY,False,79.75800471468102,"data_invalid_outlier:debt_to_equity,graham_current_ratio,graham_debt_to_equity,graham_pe_times_pb",13127034880.0,15.424108,1955.6604,0.632,573.3433,4.42861,0.63802,0.2276867766758902,1204950016.0,0.0,4.0
RNR,False,79.39093333333334,"graham_current_ratio,graham_earnings_stability",13925908480.0,5.787342,1.2658159,1.352,0.12211,0.21475,0.45349,0.41674,2787289856.0,0.0051,3.0
NVDA,False,79.33271073370724,"graham_pe,graham_pe_times_pb",5564675915776.0,29.134008,24.301382,4.589,0.16971,1.17211,0.7106808435754708,0.6038168363141272,41809874944.0,0.0042,4.0
LVS,False,79.2779771507589,"graham_current_ratio,graham_debt_to_equity,graham_pe_times_pb",23284858880.0,13.988328,40.078037,0.997,17.03902,1.22869,0.79335,0.21648613351770762,2212875008.0,0.033,4.0
NMIH,True,79.2073,,3041809664.0,7.96063,1.126682,2.029,0.15753,0.15427,0.76384,0.76672995,329759616.0,0.0,4.0
LULU,True,78.87019378953664,,10287175680.0,7.6477365,2.1659672,2.19,0.44689,0.30898002,0.566005440167168,0.19910786662583538,1148515840.0,0.0,4.0
CNX,False,78.56619999999998,"graham_current_ratio,graham_earnings_stability",4969796096.0,5.4356794,1.0335835,0.716,0.49137000000000003,0.21249,0.73616,0.62878,437116736.0,0.0,1.0
SEZL,False,78.55781236997402,"graham_earnings_stability,graham_pe,graham_pe_times_pb",3915057408.0,25.495615,16.80058,4.017,0.52416,0.88851,0.74967,0.39262101941240873,100542000.0,0.0,3.0
MTG,False,78.50679999999998,munger_roe,5680932352.0,8.654687,1.1413088,4.964,0.12903,0.13923,0.92607003,0.80851996,518861888.0,0.025099999999999997,4.0
WH,False,78.25290654388502,"graham_current_ratio,graham_debt_to_equity,graham_pe,graham_pe_times_pb",5449322496.0,26.605072,11.473437,0.988,5.57292,0.39429,0.62835,0.2813156053184045,362375008.0,0.023799999999999998,4.0
PLTR,False,77.9325964765262,"graham_earnings_stability,graham_pe,graham_pe_times_pb",473486622720.0,169.85777,48.435352,7.228,0.02139,0.38097,0.8236651721415028,0.3159495165398041,2159104512.0,0.0,3.0
HRMY,True,77.9259820510872,,2320137984.0,12.851613,2.317222,3.479,0.16030999999999998,0.20456,0.771614583633196,0.2400463813240325,182835504.0,0.0,4.0
WDC,False,77.88849911571596,"graham_current_ratio,graham_earnings_stability,graham_pe_times_pb",147393150976.0,14.627006,18.826632,1.329,0.13436,1.30853,0.4885053022679774,0.34468612121681247,2268750080.0,0.0015,2.0
PAYX,False,77.73578415382872,"graham_current_ratio,graham_debt_to_equity,graham_pe,graham_pe_times_pb",37043507200.0,20.646925,9.90675,1.277,1.24704,0.47055,0.74391997,0.3855190417690418,1887112448.0,0.046900000000000004,4.0
ESNT,False,77.69319999999999,munger_roe,5675700736.0,8.807531,1.0021741,1.791,0.08757,0.12009,0.76005995,0.6575,690249472.0,0.0226,4.0
ACT,False,77.57995000000001,"graham_current_ratio,munger_roe",6377867264.0,9.786921,1.1876296,0.922,0.13812,0.12869,0.73177004,0.73258,521546880.0,0.021,4.0
ADMA,False,77.5373693177326,"graham_earnings_stability,graham_pe_times_pb",2320481024.0,14.8,5.7205963,6.972,0.49935,0.41897,0.5738543592075629,0.37525114029946705,54755376.0,0.0,2.0
INTU,False,77.52147047458162,graham_pe_times_pb,80555622400.0,18.313488,4.2597933,1.507,0.4434,0.23596,0.80982,0.2743379336068631,6353625088.0,0.019,4.0
AGX,False,77.50811194956768,"graham_pe,graham_pe_times_pb,munger_gross_margin",5567322112.0,31.369171,10.986766,1.501,0.02154,0.39847,0.20503575035517455,0.1426001952136658,467822016.0,0.0069,4.0
TPL,False,77.26295,"graham_pe,graham_pe_times_pb,munger_fcf",24662116352.0,45.606274,15.850394,4.552,0.01077,0.36566,0.93336,0.741879752941029,-32836124.0,0.0068000000000000005,4.0
GOOG,False,77.24309100199069,graham_pe_times_pb,4217003835392.0,17.301054,6.7747955,2.724,0.18859,0.48676,0.60897,0.32032638592380025,22665000960.0,0.0025,4.0
GOOGL,False,77.23085053688067,graham_pe_times_pb,4255772835840.0,17.460112,6.8370795,2.724,0.18859,0.48676,0.60897,0.32032638592380025,22665000960.0,0.0025,4.0
CRUS,False,77.227269035714,graham_pe_times_pb,5645241856.0,13.753359,2.595631,7.583,0.0596,0.20903999,0.5277776526137503,0.2304920598444261,450997248.0,0.0,4.0
V,False,77.0275717770827,"graham_current_ratio,graham_pe,graham_pe_times_pb",708401233920.0,32.11404,19.996819,0.985,0.67821,0.6119,0.97725,0.59985,20404000768.0,0.0072,4.0
ADEA,False,76.9970568240327,"graham_earnings_stability,graham_pe,graham_pe_times_pb",2634592768.0,21.91743,5.5198703,3.247,0.82832,0.27878,1.0,0.3946967202392498,195100624.0,0.008199999999999999,3.0
BLKB,False,76.83963501340858,"graham_current_ratio,graham_debt_to_equity,graham_earnings_stability,graham_pe_times_pb",2021674880.0,13.91875,29.792643,0.828,17.27037,1.94448,0.5878346102546606,0.1690534534481307,214087872.0,0.0,1.0
FTNT,False,76.80017091081253,"graham_current_ratio,graham_pe,graham_pe_times_pb",138495787008.0,66.699646,89.290436,1.282,0.36194000000000004,1.17442,0.8045620330607682,0.3065915642096594,2265587456.0,0.0,4.0
IT,False,76.76581711289447,"data_missing:debt_to_equity,graham_current_ratio,graham_pe_times_pb",12293211136.0,17.601265,-74.93072,0.88,,1.13581,0.6877113401934918,0.15786906596753753,1052553024.0,0.0,4.0
MEDP,False,76.71895673238328,"graham_current_ratio,graham_pe,graham_pe_times_pb",16700102656.0,35.133293,38.489548,0.732,0.33216,1.6215401,0.7235,0.21141720489093105,510396512.0,0.0,4.0
MCY,False,76.63364285714285,"graham_current_ratio,graham_earnings_stability,munger_gross_margin",5701710848.0,6.0839305,2.0104704,0.952,0.33925,0.38991,0.26808,0.19934,1143784576.0,0.0124,3.0
INSW,True,76.63038077025995,,6017559040.0,7.7679024,2.6558094,5.944,0.28815,0.37412,0.725,0.40956264778217055,69650376.0,0.07,4.0
PRDO,True,76.44210293813468,,2085693440.0,12.120001,2.0182877,4.692,0.11009000000000001,0.17554002,0.79890996,0.23165220022314253,184656128.0,0.021099999999999997,4.0
CF,True,76.39215572924513,,17408423936.0,8.533383,3.0337315,4.86,0.40503999999999996,0.29867,0.3845285149632976,0.3246753246753247,1276749952.0,0.0207,4.0
LOPE,False,76.3350151469693,graham_pe_times_pb,4156591360.0,19.306295,6.1697683,2.818,0.15564999999999998,0.30979002,0.53271,0.24040973898577847,205755248.0,0.0,4.0
MANH,False,76.25776447009088,"graham_current_ratio,graham_pe,graham_pe_times_pb",11987503104.0,59.08046,76.09179,0.983,0.34209,0.96378,0.5581,0.25874058620740675,321116384.0,0.0,4.0
DUOL,False,76.15233204215059,"graham_earnings_stability,graham_pe_times_pb",7044140544.0,17.881235,4.990057,2.719,0.0611,0.3442,0.7223062310799363,0.13065867120796384,300198016.0,0.0,3.0
VCTR,False,75.89829376148258,"graham_pe,graham_pe_times_pb",6884459008.0,20.46161,2.9013402,2.066,0.42615000000000003,0.19045,0.57335997,0.36629021131877276,520321760.0,0.0179,4.0
QCOM,False,75.80803694119315,"graham_pe,graham_pe_times_pb",186311294976.0,20.193865,6.66775,2.016,0.5521,0.33754003,0.54226,0.27899467076144885,10241000448.0,0.0208,4.0
FTDR,False,75.74982061813064,"graham_debt_to_equity,graham_pe,graham_pe_times_pb",5476329472.0,20.973614,19.392534,1.591,4.16901,1.01859,0.5527950310559007,0.28217,333624992.0,0.0,4.0
CINF,False,75.68008333333333,"graham_current_ratio,graham_earnings_stability",25346897920.0,7.79745,1.5196407,1.151,0.05255,0.21484,0.31066,0.37202,2984875008.0,0.0233,3.0
ADSK,False,75.6319224160757,"graham_current_ratio,graham_debt_to_equity,graham_pe,graham_pe_times_pb",48586231808.0,30.15175,14.361525,0.855,1.09518,0.53854,0.9097973910630031,0.2189841798501249,3157499904.0,0.0,4.0
HRB,False,75.59209401655906,"graham_current_ratio,graham_debt_to_equity,graham_pe_times_pb",5446041600.0,7.813708,46.997887,1.133,17.894190000000002,7.13542,0.4433,0.2523599714974895,624796864.0,0.0426,4.0
AVGO,False,75.5350461171378,"graham_pe,graham_pe_times_pb",1709054885888.0,45.724136,17.144909,2.504,0.59604,0.44245,0.6776652527118193,0.3988917933225852,30596499456.0,0.0069,4.0
CPAY,False,75.4773372303351,"graham_current_ratio,graham_debt_to_equity,graham_pe,graham_pe_times_pb",26206058496.0,24.262613,7.3983727,0.972,2.75291,0.29215,0.80539,0.44035568389120844,1946175872.0,0.0,4.0
EXPE,False,75.44259243098583,"graham_current_ratio,graham_debt_to_equity,graham_pe_times_pb",32572051456.0,16.95128,26.936975,0.801,2.30271,0.89489,0.90433,0.12699382338966944,3434374912.0,0.0074,4.0
TPR,False,75.42459261654105,"graham_debt_to_equity,graham_pe_times_pb",23064139776.0,15.987621,33.65084,1.752,5.71608,1.97135,0.7782164363709053,0.2391744334224532,1399924992.0,0.0163,4.0
FSLR,False,75.25331840321434,graham_earnings_stability,19163475968.0,10.993527,1.8568484,2.518,0.018799999999999997,0.18509,0.4062437732020073,0.30594921691788446,1598684800.0,0.0,3.0
MU,False,75.15055144537908,"graham_earnings_stability,graham_pe_times_pb",1169272078336.0,13.928562,11.604664,3.314,0.03743,0.8826,0.39790786023864305,0.2613837016426775,29214251008.0,0.0006,2.0
FIZZ,False,74.71939505402243,graham_pe_times_pb,2877636096.0,16.526882,7.721678,2.392,0.15983,0.4012,0.370387750814873,0.19491729292737633,131415752.0,0.0,4.0
ANF,False,74.55215398269004,"graham_current_ratio,graham_pe_times_pb",6066418688.0,12.345424,4.4785566,1.407,0.93997,0.40609002,0.6292023434610927,0.13275811519756214,435861760.0,0.0,4.0
MGY,True,74.35474910198218,,6783594496.0,10.8311405,2.0901396,1.583,0.19243,0.20854001,0.8222,0.33478116698237975,332475744.0,0.0271,4.0
EOG,True,74.23041432205132,,79169904640.0,11.567315,2.451349,1.851,0.25891,0.22507,0.62636,0.28212265818310356,4478750208.0,0.028300000000000002,4.0
EQT,False,74.03136693538617,"graham_current_ratio,munger_roe",32966569984.0,12.228074,1.3051435,0.673,0.19594999999999999,0.11078,0.80748004,0.37593008777782033,2460903936.0,0.0126,4.0
IDXX,False,73.97708443542165,"graham_current_ratio,graham_pe,graham_pe_times_pb",40385728512.0,35.978218,25.04133,1.172,0.67971,0.74211,0.6179747110743262,0.316014212879981,909368384.0,0.0,4.0
LRCX,False,73.80891318489957,"graham_pe,graham_pe_times_pb",397590036480.0,55.15798,31.87619,2.629,0.33049,0.65066004,0.5046900724797688,0.35294212594408997,3090484480.0,0.004,4.0
LAMR,False,73.70553107899721,"graham_current_ratio,graham_debt_to_equity,graham_pe,graham_pe_times_pb",14793756672.0,26.58394,15.063592,0.627,5.0011399999999995,0.59433,0.67430997,0.33283,558694400.0,0.0461,4.0
DOCS,False,73.58471848822855,"graham_pe,graham_pe_times_pb",5186066944.0,34.22941,5.7116218,6.078,0.01056,0.17206,0.8909442780869735,0.3332800920505596,239703872.0,0.0,4.0
SPG,False,73.56738995207755,"graham_current_ratio,graham_debt_to_equity,graham_pe_times_pb",75731091456.0,14.078335,14.688904,0.266,5.03504,1.20508,0.81426,0.49892269705185244,2595271168.0,0.045,4.0
APP,False,73.51859237581448,"graham_debt_to_equity,graham_earnings_stability,graham_pe,graham_pe_times_pb",93323993088.0,21.43505,29.5601,4.3,1.1113,2.03686,0.88464,0.757549422821868,3179956224.0,0.0,3.0
MA,False,73.38636616201859,"graham_current_ratio,graham_debt_to_equity,graham_pe,graham_pe_times_pb",505619775488.0,31.748348,90.24156,1.061,4.39583,2.41202,1.0,0.5762861760849013,16961250304.0,0.0060999999999999995,4.0
WEX,False,73.33584679151275,"graham_current_ratio,graham_debt_to_equity,graham_pe_times_pb",5920828416.0,17.32054,4.4316473,1.045,3.98423,0.3019,0.73232,0.24951142513529764,1331299968.0,0.0,4.0
CHH,False,73.24026048065862,"graham_current_ratio,graham_debt_to_equity,graham_pe_times_pb",4736032256.0,14.862288,33.14173,0.926,14.817260000000001,5.66362,0.90328,0.28081222800951655,212277504.0,0.011200000000000002,4.0
ABNB,False,73.18452969092628,"graham_current_ratio,graham_pe,graham_pe_times_pb",98108039168.0,37.322327,12.394659,1.408,0.32004,0.34542,0.82901,0.20782615799362797,3206874880.0,0.0,4.0
RLI,False,73.17602899043936,"graham_current_ratio,graham_pe_times_pb",5201234944.0,11.906512,2.9004605,1.06,0.18189,0.25164,0.35513002,0.36861,316104256.0,0.013000000000000001,4.0
MCO,False,73.12820293587966,"graham_current_ratio,graham_debt_to_equity,graham_pe,graham_pe_times_pb",79326420992.0,29.064404,26.224024,1.19,2.4068199999999997,0.76932,0.74974996,0.4341798393366157,2579124992.0,0.0092,4.0
RMD,False,72.99996326955038,"graham_pe,graham_pe_times_pb",31830880256.0,21.699903,4.9572897,3.1,0.12542,0.24269,0.6105551961875267,0.33372849076217803,939248256.0,0.012,4.0
CART,False,72.50214624341451,"graham_earnings_stability,graham_pe,graham_pe_times_pb",11018203136.0,25.36885,4.6592736,2.279,0.01348,0.16001,0.7370390165686799,0.13308391234633885,917875008.0,0.0,2.0
COCO,False,72.31488485005669,"graham_pe,graham_pe_times_pb",3234027520.0,30.878454,8.001431,3.356,0.03508,0.31370002,0.41127998,0.29209998,104597248.0,0.0,4.0
DXCM,False,72.26495033536774,"graham_pe,graham_pe_times_pb",31845474304.0,33.488094,12.149438,1.733,0.5334599999999999,0.38491002,0.601008151008151,0.19558129558129558,1021162496.0,0.0,4.0
MSFT,False,72.23039085919648,"graham_current_ratio,graham_pe,graham_pe_times_pb",3869971578880.0,29.034538,8.749601,1.23,0.29118,0.34039003,0.6794409337058032,0.4678081840892722,16545500160.0,0.0074,4.0
RDDT,False,72.18601848229933,"graham_earnings_stability,graham_pe,graham_pe_times_pb",30019049472.0,36.285347,9.132931,10.486,0.00635,0.30712,0.91442,0.20067323312626617,678068736.0,0.0,1.0
PAYC,False,72.14049176409917,"graham_current_ratio,graham_debt_to_equity,graham_pe,graham_pe_times_pb",10292104192.0,24.164022,17.38088,1.074,1.71969,0.41089,0.8316518009455574,0.27645367256421505,423724992.0,0.0067,4.0
BOX,False,72.12818930348467,"graham_current_ratio,graham_debt_to_equity,graham_pe,graham_pe_times_pb",4951575552.0,52.304348,-14.103166,1.059,3.7952,0.70227,0.7921882552008787,0.0706636551361517,378295360.0,0.0,4.0
NSSC,False,72.02961928106835,"graham_size,graham_pe,graham_pe_times_pb",1258691200.0,29.324997,6.589887,4.899,0.02711,0.2393,0.5920984993772119,0.22557780897210306,50773248.0,0.0173,4.0
APPF,False,72.0245941822065,"graham_earnings_stability,graham_pe,graham_pe_times_pb",7019647488.0,45.148064,13.341411,3.831,0.06799000000000001,0.3209,0.63532,0.16082610625332608,198919872.0,0.0,3.0
TER,False,71.83169470688885,"graham_pe,graham_pe_times_pb",61627961344.0,54.146976,17.944645,2.125,0.02883,0.36465,0.582235431457569,0.20377620983415798,437381248.0,0.0013,4.0
BKE,False,71.76657678700174,graham_pe_times_pb,2234609408.0,9.995392,4.491148,2.083,0.8618000000000001,0.45764,0.4899374727912254,0.2014462547242138,131653504.0,0.0321,4.0
GPOR,False,71.59773507513007,"graham_current_ratio,graham_earnings_stability",2961306880.0,6.544678,1.5948108,0.576,0.5047999999999999,0.27411,0.68134004,0.4220660587115128,102005000.0,0.0,1.0
ACGL,False,71.58950465476191,graham_current_ratio,32868988928.0,7.5422535,1.4109019,0.589,0.17836,0.19936001,0.38758,0.26584998,4302125056.0,0.0,4.0
PGR,False,71.52014523809524,"graham_current_ratio,graham_pe_times_pb,munger_gross_margin",127374589952.0,11.006018,3.7138073,0.293,0.24428,0.34943,0.18521,0.18208,15114500096.0,0.0019,4.0
BYD,False,71.46560433778895,"graham_current_ratio,graham_debt_to_equity",5100409856.0,3.064164,2.0526314,0.774,1.3047,0.93084997,0.59126,0.18289540856537004,283961504.0,0.011399999999999999,4.0
AMAT,False,71.36185929157564,"graham_pe,graham_pe_times_pb",401643634688.0,43.667385,15.673253,2.423,0.28666,0.41068,0.4867456288776086,0.2921954314720812,3075375104.0,0.004,4.0
LYFT,False,71.26263333333334,"graham_current_ratio,graham_earnings_stability",6096390656.0,2.3442504,2.0196888,0.586,0.42738,1.52579,0.3802,-0.02982365674882656,1153134464.0,0.0,2.0
ULS,False,71.1758889191685,"graham_current_ratio,graham_pe,graham_pe_times_pb",14172911616.0,28.352823,8.900633,1.425,0.29383,0.38712,0.50413,0.17097936455944973,420500000.0,0.0086,4.0
YELP,False,71.17099803585032,graham_size,1045659968.0,9.264423,1.6437773,1.749,0.19131,0.18190001,0.89647,0.12595677000317415,283744640.0,0.0,4.0
HALO,False,71.1291078730688,"graham_debt_to_equity,graham_pe,graham_pe_times_pb",12517127168.0,32.247078,87.597305,2.709,15.17687,1.73674,0.76271003,0.3358172032154981,337308640.0,0.0,4.0
RRR,False,71.11856672196029,"graham_current_ratio,graham_debt_to_equity,graham_pe_times_pb",5156499456.0,17.865725,17.115776,0.677,12.456679999999999,1.08938,0.67221,0.2970082272631685,173044752.0,0.020499999999999997,4.0
CROX,False,71.03036610579585,"graham_current_ratio,graham_debt_to_equity,graham_earnings_stability,graham_pe_times_pb",5637621760.0,10.305434,4.087638,1.49,1.21993,0.42299998,0.5833360350458726,0.037002737432891314,533888736.0,0.0,0.0
KTB,False,71.01518405130452,"graham_debt_to_equity,graham_pe_times_pb",3605499392.0,16.129583,5.8287687,1.831,2.05768,0.49523997,0.49308997,0.10683987341932766,440592512.0,0.0326,4.0
AAMI,False,70.93790181091073,"graham_current_ratio,graham_debt_to_equity,graham_pe,graham_pe_times_pb",3343879936.0,33.41135,36.350307,1.048,1.9331800000000001,1.0676999,0.40853,0.23434450949086394,231087504.0,0.0043,4.0
ORI,False,70.77869242857142,graham_current_ratio,9330176000.0,8.493406,1.5262036,0.294,0.37518,0.18571,0.63918,0.17448999,1418687488.0,0.0334,4.0
DOCU,False,70.72875563973999,"graham_current_ratio,graham_earnings_stability,graham_pe,graham_pe_times_pb",13142979584.0,42.878048,7.6995506,0.643,0.10654,0.17803,0.7940481441217581,0.09274079826059947,1312730880.0,0.0,3.0
RRC,False,70.69333606949469,graham_current_ratio,9506082816.0,11.23757,2.0186582,0.649,0.21589,0.19475001,0.52119,0.36101002,454483360.0,0.01,4.0
UNP,False,70.66404651025013,"graham_current_ratio,graham_debt_to_equity,graham_pe,graham_pe_times_pb",165515378688.0,22.577795,8.004654,0.986,1.50772,0.39696,0.56285,0.40171358629130965,4720750080.0,0.0207,4.0
GGG,False,70.638430427472,"graham_pe,graham_pe_times_pb",12702443520.0,24.664309,5.035148,2.992,0.0207,0.21240999,0.5245376472544984,0.27935074783019254,536623264.0,0.0152,4.0
RELY,False,70.61864899904437,"graham_earnings_stability,graham_pe_times_pb",4945997824.0,16.93116,4.3886175,3.181,0.03396,0.32246,0.61548,0.04737678019162803,196120992.0,0.0,1.0
AON,False,70.47958531664764,"graham_current_ratio,graham_debt_to_equity,graham_pe_times_pb",58688749568.0,15.25193,6.1110134,1.033,1.6348099999999999,0.44699,0.48154,0.2528374367033351,3190874880.0,0.0121,4.0
LNTH,False,70.42618596499248,"graham_pe,graham_pe_times_pb",6538149888.0,24.243341,4.9815907,3.06,0.47642,0.22215,0.6110187472958448,0.2016282987450125,451656000.0,0.0,4.0
AMGN,False,70.4175822000597,"graham_current_ratio,graham_debt_to_equity,graham_pe,graham_pe_times_pb",219902066688.0,25.263975,18.813599,1.371,4.90281,0.91473,0.71891,0.24706810699028597,8645624832.0,0.024399999999999998,4.0
PCTY,False,70.31266962758437,"graham_current_ratio,graham_pe,graham_pe_times_pb",8085483520.0,30.974085,6.9077783,1.089,0.10887000000000001,0.21972999,0.691855705838451,0.2179118919950365,359865120.0,0.0,4.0
IPAR,False,70.25229034554678,"graham_pe,graham_pe_times_pb",3583204352.0,21.3521,4.116446,3.31,0.1512,0.19105,0.6367746831600516,0.19077331714350762,215215008.0,0.028399999999999998,4.0
ACAD,False,70.24810057575851,graham_earnings_stability,3367353600.0,8.818386,2.5905678,3.388,0.05652,0.35743,0.9426818843203196,0.09781662241426778,68647000.0,0.0,2.0
LTC,False,70.13949999999998,munger_roe,2269424128.0,15.035714,1.788977,20.833,0.581,0.11806,0.60456,0.7788658342654097,256029248.0,0.0537,4.0
MNST,False,70.12257420949312,"graham_pe,graham_pe_times_pb",86188482560.0,40.736107,9.203975,3.729,0.00992,0.25704,0.5584764218214752,0.29168723791625206,1681231104.0,0.0,4.0
NBIX,False,70.08627789909205,"graham_pe,graham_pe_times_pb",14350830592.0,20.700878,3.8834789,1.872,0.12497,0.22089,0.6448,0.2164306939346268,638237504.0,0.0,4.0
MMM,False,69.91068446360474,"graham_current_ratio,graham_debt_to_equity,graham_earnings_stability,graham_pe,graham_pe_times_pb",84341243904.0,29.047956,28.570929,1.24,4.37937,0.81891996,0.39408,0.18554593554593554,6350125056.0,0.0192,2.0
AMT,False,69.86103304204987,"graham_current_ratio,graham_debt_to_equity,graham_pe,graham_pe_times_pb",77449551872.0,22.863136,20.82112,0.352,4.38721,0.33914003,0.73774004,0.45523551847885313,2920012544.0,0.0431,4.0
ADP,False,69.78972663019533,"graham_current_ratio,graham_pe,graham_pe_times_pb",107144437760.0,24.716179,17.834904,1.051,0.9143600000000001,0.72239,0.48653,0.23459,5243049984.0,0.0258,4.0
WU,False,69.71037242604513,"graham_size,graham_current_ratio,graham_debt_to_equity",1958537600.0,5.1055284,2.1565247,0.277,2.94873,0.43975,0.35094002,0.18695534105216383,357275008.0,0.15380000000000002,4.0
RH,False,69.66062522608344,"graham_current_ratio,graham_debt_to_equity,graham_pe_times_pb",2138311168.0,19.954065,17.766243,1.122,34.139160000000004,2.80715,0.4136117308929353,0.1370499090252195,263892880.0,0.0,4.0
VRTX,False,69.54707093090656,"graham_earnings_stability,graham_pe,graham_pe_times_pb",127993757696.0,29.429527,6.322556,3.185,0.09766999999999999,0.23542999,0.54957,0.3477373284560839,2627887616.0,0.0,1.0
RAMP,False,69.45498503805008,"graham_earnings_stability,graham_pe_times_pb",2287411200.0,15.547521,2.3401544,2.657,0.03388,0.16055,0.70709154427141,0.10267178389549045,169467120.0,0.0,1.0
MORN,False,69.40073654141533,"graham_current_ratio,graham_debt_to_equity,graham_pe_times_pb",7681091584.0,19.481922,7.5026565,1.056,1.86052,0.3196,0.62240005,0.21533428746677571,497800000.0,0.01,4.0
CL,False,69.25455803217423,"graham_current_ratio,graham_debt_to_equity,graham_pe,graham_pe_times_pb",70274768896.0,34.70669,297.82092,1.026,13.88163,2.67367,0.6010695711902659,0.162201942890786,3458374912.0,0.024300000000000002,4.0
FDS,False,69.05645928982449,"graham_current_ratio,graham_pe_times_pb",10133868544.0,19.502739,5.016108,0.599,0.7704900000000001,0.25475,0.50605,0.3223015589977896,641526656.0,0.017,4.0
ENR,False,69.05336295391143,"graham_size,graham_debt_to_equity,graham_earnings_stability,graham_pe_times_pb",1469441024.0,18.033611,7.232895,2.072,16.88484,0.42183998,0.4174823043316287,0.11987001,194475008.0,0.0557,3.0
CTAS,False,69.05115432844478,"graham_current_ratio,graham_pe,graham_pe_times_pb",80201039872.0,39.594673,15.62826,1.454,0.52096,0.41375,0.5066945494893322,0.2313863560886911,1623005312.0,0.0105,4.0
THC,False,68.94478937624858,"graham_current_ratio,graham_debt_to_equity,graham_pe_times_pb",21125769216.0,10.177269,4.534723,1.406,1.5227600000000001,0.37337002,0.41661,0.1646175504458001,2247875072.0,0.0,4.0
CHTR,False,68.89784649769963,"graham_current_ratio,graham_debt_to_equity",14275842048.0,2.8599322,0.7729275,0.361,4.41578,0.27201998,0.55189997,0.23565925439076935,2198374912.0,0.0,4.0
META,False,68.87663493672459,"graham_pe,graham_pe_times_pb",1832675966976.0,27.106255,7.017168,2.226,0.42997,0.29848,0.81747,0.41437855159579234,21553625088.0,0.0028000000000000004,4.0
KRYS,False,68.8741003447293,"graham_earnings_stability,graham_pe,graham_pe_times_pb",9780195328.0,41.40664,7.195196,8.318,0.00651,0.20124,0.94639,0.41450158044869323,151739744.0,0.0,3.0
CNS,False,68.63867084869388,"graham_pe,graham_pe_times_pb",3651443200.0,21.849232,6.1947136,6.638,0.19326000000000002,0.27329,0.47300997,0.22233683245387523,156940496.0,0.038,4.0
OXY,False,68.52699602041041,"graham_current_ratio,graham_pe_times_pb,munger_roe",60198162432.0,17.107956,1.7992768,1.411,0.34511000000000003,0.10629,0.73318,0.45443,3788124928.0,0.0192,4.0
CDE,False,68.49431352611376,"graham_earnings_stability,munger_roe",17361924096.0,14.435984,1.6688173,3.654,0.06851,0.12848,0.56329,0.3415313850461276,796743616.0,0.0024,2.0
PATH,False,68.11916963311147,"graham_earnings_stability,graham_pe_times_pb",6892280832.0,19.738806,3.5360963,2.387,0.04093,0.20027,0.8317467334586718,0.0352421375759668,474257632.0,0.0,1.0
IIPR,False,68.10779503008094,"graham_size,munger_roe",1426516352.0,11.705882,0.8281315,4.581,0.32892000000000005,0.073850006,0.88355005,0.46670301366772576,99872376.0,0.1484,4.0
TRV,False,68.0959081006424,graham_current_ratio,77293731840.0,9.9538,2.3339505,0.323,0.27378,0.26511,0.34730998,0.13398837123721205,14775124992.0,0.0139,4.0
KLAC,False,68.03890575729903,"graham_pe,graham_pe_times_pb",255220121600.0,53.434425,40.25731,2.876,0.9688,0.87496,0.61301,0.42486,2624587520.0,0.004699999999999999,4.0
NTAP,False,67.98529730970442,"graham_current_ratio,graham_debt_to_equity,graham_pe,graham_pe_times_pb",45174407168.0,32.438644,30.150763,1.242,1.69498,1.14818,0.7854737854737854,0.2683982683982684,1171374976.0,0.0088,4.0
AAPL,False,67.97981238999368,"graham_current_ratio,graham_pe,graham_pe_times_pb",4978148114432.0,39.117546,46.345787,1.003,0.78445,1.4875101,0.4690516410716045,0.31970799762591884,107721875456.0,0.0032,4.0
WEN,False,67.79864834554023,"graham_size,graham_debt_to_equity,graham_pe_times_pb",1185013632.0,9.416667,10.23888,1.897,33.806149999999995,1.08042,0.33111,0.15777179472927216,173339744.0,0.045899999999999996,4.0
LLY,False,67.67518234845677,"graham_current_ratio,graham_debt_to_equity,graham_pe,graham_pe_times_pb",1034125770752.0,38.94495,30.529184,1.355,1.6207099999999999,1.02286,0.83399004,0.54222,11065900032.0,0.006,4.0
GFF,False,67.50340136594336,"graham_debt_to_equity,graham_earnings_stability,graham_pe_times_pb",4173001984.0,19.855604,32.44014,2.411,10.351759999999999,2.27544,0.4198555830607724,0.08185835615807766,444938752.0,0.009399999999999999,3.0
RMBS,False,67.49013083138587,"graham_earnings_stability,graham_pe,graham_pe_times_pb",11569573888.0,49.07798,7.9122906,9.754,0.014870000000000001,0.17789,0.80357003,0.36671,202302368.0,0.0,3.0
DVA,False,67.20763329511857,"graham_current_ratio,graham_debt_to_equity,graham_pe_times_pb",11430706176.0,15.041385,-14.886733,1.467,12.419860000000002,0.88475,0.32364,0.1497914435527666,1042451584.0,0.0,4.0
WRB,False,67.04367670238096,"graham_current_ratio,graham_pe_times_pb",26858309632.0,14.856263,2.897709,0.406,0.31527,0.20207001,0.43785998,0.16385001,3045504768.0,0.005699999999999999,4.0
CME,False,66.96889075888157,"graham_current_ratio,graham_pe,graham_pe_times_pb",99549519872.0,23.481766,3.750542,1.018,0.14587,0.15802,1.0,0.6486366285311168,2909012480.0,0.0192,4.0
WSM,False,66.94497572160097,"graham_current_ratio,graham_pe,graham_pe_times_pb",28157151232.0,24.52205,15.056045,1.447,0.71369,0.54960996,0.46152631239163316,0.1813443534470391,1069320128.0,0.0126,4.0
OLED,False,66.82765877596802,"graham_pe_times_pb,munger_roe",3334894080.0,17.524157,1.9917641,8.498,0.01288,0.115159996,0.7631057575110166,0.38206854787269195,111837128.0,0.0259,4.0
GRMN,False,66.79100559796333,"graham_pe,graham_pe_times_pb",51417391104.0,27.513931,5.6963077,3.028,0.02513,0.21886998,0.5874393538958355,0.25892913951367735,1043656256.0,0.015,4.0
EBAY,False,66.75837657417372,"graham_current_ratio,graham_debt_to_equity,graham_earnings_stability,graham_pe,graham_pe_times_pb",49568550912.0,23.450525,10.625775,1.019,1.53012,0.46611,0.7145045045045045,0.20513513513513512,1579624960.0,0.0116,3.0
FAST,False,66.71960234637665,"graham_pe,graham_pe_times_pb",58132230144.0,43.29915,14.28652,4.18,0.10851000000000001,0.34334,0.45011889518931775,0.2019023230290836,916124992.0,0.019299999999999998,4.0
AOS,False,66.70938690778293,graham_pe_times_pb,7678834688.0,15.738162,4.1691265,1.594,0.36766,0.27133,0.38833481280350896,0.1902250535220093,484612512.0,0.026000000000000002,4.0
TXN,False,66.6777547916358,"graham_pe,graham_pe_times_pb",261083824128.0,43.5137,14.495007,4.857,0.78036,0.35176,0.5702409229725144,0.3406288881348264,3545250048.0,0.021,4.0
IBM,False,66.56257677806195,"graham_current_ratio,graham_debt_to_equity,graham_pe_times_pb",211711721472.0,19.974667,6.145127,0.791,1.8897,0.34460998,0.5818760642629748,0.16548,12049750016.0,0.030699999999999998,4.0
WLY,False,66.50685612783425,"graham_current_ratio,graham_debt_to_equity,graham_earnings_stability,graham_pe_times_pb",2500744960.0,13.299191,3.1396754,0.636,1.7253100000000001,0.25906,0.6779290868250905,0.16513830964946605,275353632.0,0.029300000000000003,2.0
MC,False,66.48103657142858,"data_missing:free_cash_flow,graham_current_ratio,graham_earnings_stability,graham_pe_times_pb",4171865600.0,19.621952,8.247657,1.167,0.40954999999999997,0.41454,0.92286,0.17790002,,0.0463,2.0
GNTX,True,66.46106087645978,,4494348288.0,11.166667,1.752034,3.038,0.00441,0.16354999,0.3419956413347784,0.18701083450311676,356785760.0,0.022799999999999997,4.0
PLMR,False,66.45355714285714,"graham_current_ratio,graham_pe_times_pb,munger_gross_margin",3484724736.0,17.820997,3.5347981,0.541,0.30152,0.22226,0.27354,0.23774,569934144.0,0.014199999999999999,4.0
SM,False,66.4115373358094,graham_current_ratio,8862442496.0,6.606383,1.1325916,0.615,0.95136,0.16125,0.86457,0.31705770450221943,1472082944.0,0.025,4.0
LAUR,False,66.40520824513239,"graham_current_ratio,graham_pe_times_pb",5391510016.0,17.790909,4.72363,0.712,0.643,0.29318002,0.36800998,0.2533018396761324,343739264.0,0.0,4.0
FFIV,False,66.38544338298233,"graham_pe,graham_pe_times_pb",26116458496.0,36.749004,6.7972474,1.665,0.06546,0.1983,0.8141306290785966,0.2480346960822157,717135488.0,0.0,4.0
SNA,False,66.36931141910932,graham_pe_times_pb,18593572864.0,18.320845,3.0773675,3.433,0.21594999999999998,0.17932,0.4561907856910732,0.2575008242664029,1109474944.0,0.0271,4.0
SEIC,False,66.34374497828416,graham_pe_times_pb,12445988864.0,18.289242,4.977202,5.059,0.02383,0.27587998,0.3517631598763984,0.2730548394019103,377482240.0,0.0102,4.0
NXPI,False,66.18398067360162,graham_pe_times_pb,57891852288.0,19.605465,5.0806646,2.04,0.93325,0.27921,0.5473958757844976,0.24834949873665335,3555000064.0,0.0172,4.0
BRO,False,66.04032818820869,"graham_current_ratio,graham_pe_times_pb,munger_roe",21214298112.0,20.0,1.6627327,1.127,0.63975,0.10023,0.56281,0.41838002,1642749952.0,0.010700000000000001,4.0
USLM,False,66.0268278403411,"graham_pe,graham_pe_times_pb",3124162816.0,23.319057,4.480191,27.543,0.0046700000000000005,0.21354,0.48936084587378964,0.423524456237407,47104248.0,0.0022,4.0
AFL,False,65.9470223540827,graham_current_ratio,57895124992.0,12.511377,1.9134412,0.892,0.5336500000000001,0.16908,0.50888,0.21718913270637408,5152249856.0,0.0215,4.0
UBER,False,65.94657225408618,"graham_current_ratio,graham_earnings_stability,graham_pe_times_pb",142744322048.0,15.325659,5.2191935,0.843,0.51872,0.3716,0.40752,0.10698425514735567,7244749824.0,0.0,3.0
JKHY,False,65.8704728412482,"graham_current_ratio,graham_pe,graham_pe_times_pb",10413034496.0,21.277937,5.0717115,1.167,0.03793,0.24040002,0.4276959885180597,0.24958663134118528,352223744.0,0.0167,4.0
PJT,False,65.82422857142858,"data_missing:free_cash_flow,graham_pe_times_pb",5748492800.0,18.435791,11.065103,1.706,0.42652999999999996,0.37633,0.95252,0.20994,,0.0072,4.0
KO,False,65.75181659949241,"graham_current_ratio,graham_debt_to_equity,graham_pe,graham_pe_times_pb",378258587648.0,26.400902,10.464826,1.305,1.1551900000000002,0.42054,0.6162574831563797,0.28706117936630443,5218749952.0,0.024700000000000003,4.0
SPGI,False,65.73751683385288,"graham_current_ratio,graham_pe,graham_pe_times_pb,munger_roe",118509600768.0,24.467438,3.7621074,0.954,0.42979999999999996,0.14255,0.70903,0.42240479916536255,5448249856.0,0.0098,4.0
NTCT,False,65.66618272382165,"graham_earnings_stability,graham_pe,graham_pe_times_pb,munger_roe",2845037312.0,24.006136,1.7106011,1.825,0.02404,0.0754,0.7940759666869114,0.12778045380822403,226413504.0,0.0,1.0
WDFC,False,65.62772978535807,"graham_pe,graham_pe_times_pb",2732400896.0,30.94073,9.81535,2.654,0.41048,0.33306,0.5505665459648217,0.16741211480922927,68620496.0,0.0202,4.0
AWI,False,65.54930300221848,"graham_pe,graham_pe_times_pb",6915042816.0,22.383036,7.8317056,1.519,0.65589,0.36618,0.40640424481737414,0.2658563672260612,220824992.0,0.0084,4.0
ODFL,False,65.53710721834175,"graham_pe,graham_pe_times_pb",37667368960.0,34.933655,8.287937,1.889,0.0044,0.24818,0.39566,0.28835,970776000.0,0.0066,4.0
CVSA,False,65.5334935334686,"graham_current_ratio,graham_pe_times_pb",4382865408.0,17.28171,3.0460773,1.093,0.62613,0.18569,0.57338,0.1961920796690011,323942752.0,0.0,4.0
ACN,False,65.44962927906626,"graham_current_ratio,graham_pe_times_pb",125576634368.0,15.133481,3.8744454,1.427,0.40283,0.26025,0.3205,0.14676657206710142,11181248512.0,0.0348,4.0
SSD,False,65.40917116345915,graham_pe_times_pb,7049057280.0,18.796995,3.3147511,3.288,0.21084,0.18722,0.4585053720666253,0.1963577799801784,446386496.0,0.006999999999999999,4.0
ENS,False,65.27605,"graham_pe_times_pb,munger_gross_margin",6465412608.0,19.19379,3.3043945,2.795,0.56108,0.18363,0.2976,0.8800231347599768,614659776.0,0.0063,4.0
UPWK,False,65.24547873151597,"graham_size,graham_current_ratio,graham_earnings_stability",1061054080.0,11.032468,1.8810896,1.424,0.6206900000000001,0.16695,0.77817269708448,0.16414017040203913,156381744.0,0.0,3.0
FIX,False,65.24397803457548,"graham_current_ratio,graham_pe,graham_pe_times_pb,munger_gross_margin",59520294912.0,41.613926,18.472855,1.214,0.11498,0.55292,0.2412640753464128,0.14443428388353266,1841915392.0,0.0021,4.0
MAS,False,65.22632746571941,"data_missing:debt_to_equity,graham_pe_times_pb",13722271744.0,16.034561,-37.595894,1.865,,58.625,0.3542713567839196,0.16503570483998942,897124992.0,0.0183,4.0
MKTX,False,65.21374999999999,"graham_pe_times_pb,munger_fcf",5785187328.0,19.428488,4.668797,7.465,0.14275000000000002,0.2314,0.61662996,0.40393586901548917,-457790016.0,0.019,4.0
TRNO,False,65.12989799131742,"graham_current_ratio,munger_roe",7019867136.0,17.317204,1.5656443,0.62,0.21396,0.0928,0.76206,0.41769,319524640.0,0.036000000000000004,4.0
EPAC,False,65.10764649633816,"graham_size,graham_pe_times_pb",1801433728.0,19.857956,4.2143974,2.67,0.43579999999999997,0.21645,0.5054782063190246,0.2163579451417493,102963752.0,0.0011,4.0
VIRT,False,65.0,"data_missing:free_cash_flow,graham_current_ratio,graham_debt_to_equity",5153227776.0,9.694352,2.756601,1.108,4.15015,0.53617,0.65787005,0.36321,,0.015600000000000001,4.0
EXE,False,64.99756414062003,"graham_current_ratio,graham_earnings_stability,munger_roe",21207638016.0,7.6422415,1.0703291,0.959,0.19207000000000002,0.14893,0.47069,0.203810623556582,1466249984.0,0.026099999999999998,1.0
JNJ,False,64.98663862625317,"graham_current_ratio,graham_pe,graham_pe_times_pb",618367877120.0,29.732908,7.2722764,1.089,0.57709,0.25742,0.6787871710212011,0.2919,16885125120.0,0.0207,4.0
MSI,False,64.85030911774643,"graham_current_ratio,graham_debt_to_equity,graham_pe,graham_pe_times_pb",74195828736.0,35.923878,27.768967,1.099,3.5785,0.91567004,0.5166067454203047,0.25577812018489987,1979000064.0,0.0106,4.0
DLB,False,64.8146732625938,"graham_pe,graham_pe_times_pb,munger_roe",5492738048.0,24.953192,2.1254847,3.185,0.0183,0.08758,0.8813072127963947,0.19639248997502093,331846016.0,0.024700000000000003,4.0
ROL,False,64.81354391533866,"graham_current_ratio,graham_pe,graham_pe_times_pb",15620385792.0,29.513636,10.927298,0.629,0.78015,0.37008998,0.52366,0.19304928145065872,501737504.0,0.0236,4.0
EVR,False,64.74412099999999,"data_missing:free_cash_flow,graham_pe_times_pb",10277648384.0,15.047579,5.529474,1.827,0.50183,0.39504,0.93934995,0.17834999,,0.013300000000000001,4.0
OGN,False,64.67887312312313,"graham_debt_to_equity,graham_pe_times_pb",3622697216.0,17.685898,3.6008875,1.954,8.50199,0.24037,0.532979407979408,0.20732,490750016.0,0.0058,4.0
CPRT,False,64.64925483647725,graham_pe_times_pb,25409243136.0,17.696775,2.7929945,7.912,0.0097,0.1616,0.45291,0.3236122379471616,885121728.0,0.0,4.0
FAF,False,64.64292142857143,"graham_current_ratio,munger_roe",6381250048.0,8.65651,1.1341778,0.396,0.49421,0.13846,0.63984,0.15567,2337762560.0,0.0398,4.0
VEEV,False,64.62607183423398,"graham_pe,graham_pe_times_pb,munger_roe",46085738496.0,46.6623,6.349603,5.458,0.020409999999999998,0.14425,0.7552604425672493,0.2867855429408906,1257709824.0,0.0,4.0
PEP,False,64.56094783318927,"graham_current_ratio,graham_debt_to_equity,graham_pe_times_pb",173809844224.0,16.676277,7.865488,0.934,2.3894900000000003,0.51508,0.541485227575193,0.12241682193239287,7831875072.0,0.0478,4.0
GMED,False,64.55862614199395,"graham_pe_times_pb,munger_roe",9858852864.0,18.828205,2.067286,4.622,0.02347,0.118140005,0.650505331289736,0.1632620840707046,554194880.0,0.0,4.0
RL,False,64.43395717672496,"graham_debt_to_equity,graham_pe,graham_pe_times_pb",21885749248.0,23.145557,8.043973,2.045,1.10373,0.37537,0.6986505638055333,0.14532010598311665,880087488.0,0.0111,4.0
BF-B,False,64.30447138287941,graham_pe_times_pb,12228731904.0,17.193548,3.0798566,3.263,0.61502,0.18122,0.6053971486761711,0.25483706720977595,685625024.0,0.0356,4.0
AYI,False,64.28585180520858,graham_pe_times_pb,8973778944.0,17.581818,3.1432974,1.695,0.23448,0.18645,0.47829988954344627,0.12976343888070693,621512512.0,0.0027,4.0
VLTO,False,64.26325419831926,"graham_debt_to_equity,graham_pe,graham_pe_times_pb",23460235264.0,24.239296,7.58792,1.775,1.15978,0.34312,0.599491186625477,0.2320552425949482,807124992.0,0.0054,4.0
VNT,False,64.25747459092344,"graham_current_ratio,graham_debt_to_equity,graham_pe_times_pb",4387916288.0,13.411158,3.6331582,1.252,1.6099199999999998,0.289,0.44853033538500187,0.18259851736246585,347624992.0,0.0031,4.0
PG,False,64.2165645826542,"graham_current_ratio,graham_pe,graham_pe_times_pb",349850435584.0,22.73565,6.5590267,0.677,0.6448999999999999,0.30290002,0.50873,0.22690504641970768,13280874496.0,0.029500000000000002,4.0
FCPT,False,64.0921,"graham_current_ratio,munger_roe",2331073024.0,19.30909,1.438732,0.252,0.77616,0.07646,0.85603994,0.55078,189772992.0,0.0722,4.0
ITW,False,64.0511202305274,"graham_current_ratio,graham_debt_to_equity,graham_pe,graham_pe_times_pb",75385135104.0,23.997734,26.047531,1.109,3.3485300000000002,1.04618,0.44162,0.26277736225380205,2432999936.0,0.0263,4.0
BRX,False,63.957735891013826,"graham_current_ratio,graham_debt_to_equity,graham_pe_times_pb,munger_roe",8308568064.0,19.339287,2.7495685,0.596,1.76202,0.14413,0.7515,0.36018002,603135104.0,0.0458,4.0
PYPL,False,63.93821632933111,graham_current_ratio,47349661696.0,10.383743,2.388988,1.288,0.7175100000000001,0.24497,0.40477002,0.1828349210177258,4423124992.0,0.0102,4.0
IESC,False,63.90173133604969,"graham_pe,graham_pe_times_pb,munger_gross_margin",12742220800.0,26.686499,9.740988,1.63,0.062329999999999997,0.44522998,0.25493256943266257,0.1137572713132677,329443360.0,0.0,4.0
MLI,False,63.88680532260843,"graham_pe_times_pb,munger_gross_margin",13359355904.0,15.729167,3.765586,4.775,0.0069099999999999995,0.26325,0.28776,0.22939600775101968,524939744.0,0.0116,4.0
ADT,False,63.847564750945416,"graham_current_ratio,graham_debt_to_equity",4734023680.0,8.876712,1.3670887,0.69,2.23863,0.17212999,0.80657,0.2552156950220596,1197478400.0,0.0349,4.0
GEV,False,63.795966096808286,"graham_current_ratio,graham_earnings_stability,graham_pe,graham_pe_times_pb,munger_gross_margin",263969325056.0,28.41522,22.076466,0.85,0.28364,0.82577,0.19793527372071032,0.03646106966481034,15722125312.0,0.002,2.0
ROP,False,63.64836254532823,"graham_current_ratio,munger_roe",35837227008.0,15.098125,1.9163808,0.553,0.60531,0.13066,0.6924391015501423,0.28287250869977854,2265687552.0,0.01,4.0
OHI,False,63.604054891333085,"graham_current_ratio,graham_pe_times_pb",13948354560.0,15.794642,2.4539452,0.444,0.7147100000000001,0.16529,0.97924006,0.5940215109331094,665501376.0,0.0608,4.0
BCO,False,63.579750413630066,"graham_debt_to_equity,graham_pe,graham_pe_times_pb,munger_gross_margin",4217612288.0,23.75754,13.587447,1.62,10.29747,0.46236,0.26431,0.11128639854025697,391237504.0,0.01,4.0
EPR,False,63.487750375000005,"graham_debt_to_equity,graham_pe_times_pb,munger_roe",4169823488.0,17.445513,1.8042895,1.666,1.52233,0.113170005,0.91873,0.576734130801259,337729984.0,0.0688,4.0
FTI,False,63.41882621589785,"graham_current_ratio,graham_earnings_stability,graham_pe,graham_pe_times_pb,munger_gross_margin",27320131584.0,24.27352,8.364149,1.08,0.37898000000000004,0.35814,0.22966999,0.1445844995268107,1463362560.0,0.0029,3.0
LPG,False,63.417049999999996,munger_fcf,2490379776.0,7.7099333,2.0140474,3.256,0.5226299999999999,0.28342,0.72923,0.4364913851793309,-119725848.0,0.0596,4.0
NTNX,False,63.31444289010888,"graham_debt_to_equity,graham_earnings_stability,graham_pe_times_pb",19775973376.0,14.13733,28.17656,1.798,2.16559,374.6021,0.8679715932287734,0.09601040109758213,727732992.0,0.0,2.0
BX,False,63.3027515,"data_missing:free_cash_flow,graham_current_ratio,graham_pe,graham_pe_times_pb",134363430912.0,25.147654,9.975153,0.872,0.6818500000000001,0.31374002,1.0,0.54357,,0.046799999999999994,4.0
HAS,False,63.29215721111008,"graham_debt_to_equity,graham_earnings_stability,graham_pe_times_pb",13029687296.0,16.525938,18.505608,1.661,5.310420000000001,1.5956,0.63822,0.0020686184982947873,688150016.0,0.030899999999999997,0.0
LRN,True,63.19610878805546,,3375074816.0,11.37395,2.0435843,5.941,0.33448,0.21735,0.37750969885400826,0.17901211279541843,224867120.0,0.0,4.0
NATL,False,63.15336647199072,"graham_current_ratio,graham_debt_to_equity,graham_earnings_stability,graham_pe_times_pb,munger_gross_margin",3372656128.0,17.689922,7.2594237,1.026,6.342670000000001,0.48529,0.25345,0.10978410656867249,477875008.0,0.0,2.0
CRM,False,63.13401266448784,"graham_current_ratio,graham_debt_to_equity,graham_pe,graham_pe_times_pb",185751093248.0,20.649588,4.840024,0.839,1.10417,0.19381,0.7767609873570138,0.20062612883804937,17731874816.0,0.0078000000000000005,4.0
ORCL,False,63.110950394380474,"graham_current_ratio,graham_debt_to_equity,graham_pe,graham_pe_times_pb,munger_fcf",410071171072.0,21.202194,10.3734665,1.171,2.51716,0.41192,0.6166874031942716,0.30592217586887777,-45853626368.0,0.0139,4.0
EXPD,False,63.09361161550397,"graham_pe,graham_pe_times_pb",25293561856.0,28.32313,11.94108,1.566,0.26745,0.4267,0.30441130700417124,0.09508945200062625,797562240.0,0.0085,4.0
BR,False,63.03393828372427,"graham_current_ratio,graham_debt_to_equity,graham_pe_times_pb,munger_gross_margin",18570926080.0,17.134375,6.601517,1.236,1.23939,0.40916002,0.28495904840098524,0.1739514230686925,1194499968.0,0.027200000000000002,4.0
ALGN,False,62.97336155604951,"graham_current_ratio,graham_pe,graham_pe_times_pb,munger_roe",9909350400.0,24.25913,2.3480399,1.395,0.02855,0.10155,0.6718803439138491,0.13525647316803818,594111360.0,0.0,4.0
CSL,False,62.92560882966275,"graham_debt_to_equity,graham_pe_times_pb",12777624576.0,18.291073,7.8997245,2.6,1.78698,0.39183,0.3562754801717936,0.19970517340982888,669737472.0,0.0154,4.0
CDNS,False,62.87215383029417,"graham_pe,graham_pe_times_pb",96338395136.0,69.44035,14.026383,1.743,0.38661,0.23229,0.85871005,0.28168961434718853,1609676544.0,0.0,4.0
COLL,False,62.85486731732921,"graham_size,graham_current_ratio,graham_debt_to_equity,graham_earnings_stability,graham_pe_times_pb",720455680.0,17.425196,2.3056886,1.031,3.90461,0.17612,0.5934878107836995,0.23013527346147095,324038496.0,0.0,3.0
SOLV,False,62.85232037206651,"graham_current_ratio,graham_debt_to_equity,graham_pe_times_pb",14672434176.0,10.550183,3.054827,1.021,1.10313,0.33960998,0.5346546546546547,0.26198198198198197,489000000.0,0.0,4.0
YETI,False,62.82457720335397,graham_pe_times_pb,2888896768.0,17.35965,4.7395525,1.751,0.41515,0.25320998,0.5740901496071168,0.11429365039438179,127417000.0,0.0,4.0
CSCO,False,62.73984103563352,"graham_current_ratio,graham_pe,graham_pe_times_pb",454402834432.0,34.61111,9.044573,0.931,0.62017,0.27319,0.645242795104619,0.24268456375838926,11182624768.0,0.0143,4.0
MPWR,False,62.65876152446963,"graham_pe,graham_pe_times_pb",66763718656.0,82.637474,17.138605,4.975,0.00486,0.21979,0.551787716644466,0.26111689868942706,444316128.0,0.005600000000000001,4.0
INSP,False,62.62561071928224,"graham_size,graham_earnings_stability,graham_pe_times_pb",1925720192.0,14.671806,2.332283,8.551,0.03524,0.17965001,0.8539169127426997,0.05587177803046335,94637248.0,0.0,2.0
SPSC,False,62.58793155194341,"graham_pe,graham_pe_times_pb,munger_roe",2993594624.0,40.171497,3.2070267,2.259,0.00672,0.08262,0.6917798284775217,0.15742144097510993,176569376.0,0.0,4.0
LZ,False,62.50084286299341,"graham_size,graham_current_ratio,graham_earnings_stability,graham_pe,graham_pe_times_pb,munger_roe",1014744064.0,65.833336,7.8063245,0.667,0.11903000000000001,0.104940005,0.6588024755205723,0.03303515805317952,124770128.0,0.0,3.0
THG,False,62.42703641964611,"graham_current_ratio,munger_gross_margin",7782667264.0,10.699378,2.1240342,0.36,0.22982,0.21885,0.25191,0.1414836831250758,1081224960.0,0.0175,4.0
PSA,False,62.389477186214826,"graham_current_ratio,graham_debt_to_equity,graham_pe,graham_pe_times_pb",53328576512.0,27.259312,10.355393,0.22,1.09632,0.21929,0.730038488535881,0.5333060024103176,2334240256.0,0.0426,4.0
STRA,False,62.37326351590643,"graham_size,graham_current_ratio,munger_roe",1825019520.0,13.71955,1.1049129,1.096,0.06532,0.08151,0.49056,0.13738231537115012,154841120.0,0.0297,4.0
STX,False,62.3268321624168,"graham_debt_to_equity,graham_earnings_stability,graham_pe,graham_pe_times_pb",176884482048.0,55.962593,81.410774,1.67,1.7988,3.7152898,0.45576,0.33571135711357114,1943750016.0,0.0037,3.0
SKT,False,62.28719090506974,"graham_current_ratio,graham_debt_to_equity,graham_pe,graham_pe_times_pb",4142615296.0,31.793575,5.9067664,0.743,2.7831099999999998,0.19399999,0.73124003,0.32639998,227820992.0,0.0362,4.0
ANET,False,62.269231053092255,"data_missing:debt_to_equity,graham_pe,graham_pe_times_pb",265651765248.0,66.44479,17.951931,2.957,,0.31476,0.6405609780472368,0.42818437211987964,3891512576.0,0.0,4.0
VSNT,False,62.20995946684894,munger_roe,4368548864.0,5.9226413,0.53832036,2.38,0.38869,0.08063,0.56526,0.1901913875598086,1979750016.0,0.04769999999999999,4.0
BFS,False,62.16925,"graham_size,graham_current_ratio,graham_debt_to_equity,graham_pe,graham_pe_times_pb,munger_roe",1029020352.0,30.234692,6.61975,0.624,3.41757,0.09559,0.7389690016212622,0.6738786170443999,84502376.0,0.07980000000000001,4.0
SHW,False,62.067836579110526,"graham_current_ratio,graham_debt_to_equity,graham_pe,graham_pe_times_pb",77846462464.0,29.555298,20.076065,0.727,3.8995800000000003,0.65124,0.48847685827362847,0.1805360946386198,2506037504.0,0.0102,4.0
G,True,62.033081797757774,,5781053952.0,10.28872,2.2300413,1.996,0.54308,0.22447,0.36044401845004576,0.14768206093097888,479428736.0,0.022400000000000003,4.0
VRT,False,62.00214907409121,"graham_current_ratio,graham_pe,graham_pe_times_pb",93863960576.0,55.160633,19.727324,1.379,0.70166,0.43943,0.38039002,0.1788580533534052,2696537600.0,0.001,4.0
CTSH,False,61.8455949374908,munger_roe,27977951232.0,12.72043,1.8486686,2.182,0.14479,0.14924,0.3344,0.1605552397195376,2215500032.0,0.0231,4.0
TT,False,61.779663270968356,"graham_current_ratio,graham_pe,graham_pe_times_pb",103542915072.0,35.067066,12.022892,1.073,0.5340400000000001,0.36643,0.35389,0.18607159774691748,3121687552.0,0.0088,4.0
CB,False,61.6600791377896,"graham_current_ratio,munger_roe",132927340544.0,12.205101,1.7628549,0.41,0.30940999999999996,0.14822,0.31129998,0.23527001,10488000512.0,0.012199999999999999,4.0
STRL,False,61.57019915784456,"graham_current_ratio,graham_pe,graham_pe_times_pb,munger_gross_margin",15721656320.0,37.029716,11.622026,1.107,0.24222000000000002,0.40005,0.22984045695486313,0.1630152659646457,349384384.0,0.0,4.0
COP,False,61.55170282772908,"graham_pe_times_pb,munger_roe",161579892736.0,17.81457,2.4725628,1.542,0.35639000000000004,0.1418,0.47574002,0.3151,7691375104.0,0.0259,4.0
NVR,False,61.465594745217075,"graham_pe_times_pb,munger_gross_margin",15945523200.0,15.54471,4.725491,5.67,0.3215,0.31544,0.2184,0.13889,918313280.0,0.0,4.0
STZ,False,61.45383810595582,"graham_current_ratio,graham_debt_to_equity,graham_earnings_stability",20940851200.0,10.977619,2.546784,0.999,1.1617600000000001,0.24014999,0.5155378050114893,0.29777875041032936,1130475008.0,0.0348,1.0
BAH,False,61.42014875380482,"graham_debt_to_equity,graham_pe_times_pb,munger_gross_margin",8691792896.0,11.361635,7.231062,1.595,3.4608999999999996,0.68637,0.2242,0.09209235981100115,860875008.0,0.0344,4.0
MSA,False,61.36822575046354,"graham_pe,graham_pe_times_pb",6866163712.0,22.136816,4.9144025,3.236,0.45911,0.2366,0.4646396922574719,0.1983226069359414,316457248.0,0.012,4.0
DV,False,61.27070761889745,"graham_pe,graham_pe_times_pb,munger_roe",2108462848.0,38.57143,1.9110985,4.498,0.10217999999999999,0.05389,0.82434,0.10583850400445816,162146880.0,0.0,4.0
MCRI,False,61.266110561032384,"graham_current_ratio,graham_pe_times_pb,munger_gross_margin",2082417664.0,18.620193,3.6105156,1.207,0.02218,0.20544,0.23388213712451272,0.17625235127380529,131950872.0,0.0101,4.0
POWL,False,61.20722050022251,"graham_pe,graham_pe_times_pb,munger_gross_margin",6977389568.0,36.68966,9.227211,1.971,0.00334,0.28252,0.293738760031078,0.19728013126653735,190403632.0,0.0018,4.0
DFIN,False,61.130498998556526,"graham_size,graham_current_ratio,graham_pe,graham_pe_times_pb,munger_roe",1249429248.0,34.80822,3.2402449,1.326,0.5464600000000001,0.08590999,0.64206004,0.18396349413298566,132825000.0,0.0,4.0
PIPR,False,60.96836428571428,"data_missing:free_cash_flow,graham_pe_times_pb",4551166464.0,14.907407,3.1689794,2.429,0.11269,0.24528,0.91817003,0.21613,,0.012199999999999999,4.0
EXPO,False,60.95880593902683,"graham_pe,graham_pe_times_pb",3321569536.0,31.327354,11.50527,1.977,0.27968,0.31204,0.36416999,0.205814636761315,76945872.0,0.0178,4.0
EME,False,60.92308595489221,"graham_current_ratio,graham_pe,graham_pe_times_pb,munger_gross_margin",34098276352.0,24.066938,8.384365,1.277,0.13432,0.40348998,0.19327130810714582,0.10086985946775608,978281600.0,0.002,4.0
HIG,True,60.81891741666667,,35136159744.0,9.180113,1.8256603,1.772,0.22329999999999997,0.22061001,0.37868,-0.0707240207915524,5507500032.0,0.0189,4.0
VZ,False,60.773253567095374,"graham_current_ratio,graham_debt_to_equity",193113948160.0,12.104167,1.8583081,0.604,1.8408099999999998,0.15842,0.59453,0.2117286943433364,17466624000.0,0.061799999999999994,4.0
BRC,False,60.73030624499795,graham_pe_times_pb,3958528256.0,19.629068,2.915947,1.937,0.06158,0.1611,0.51748141059784,0.15857700420988646,166669376.0,0.0118,4.0
PTGX,False,60.71251175389168,"graham_earnings_stability,graham_pe,graham_pe_times_pb,munger_roe",9111573504.0,136.70874,10.821549,21.709,0.01095,0.10985,1.0,0.74372,96145752.0,0.0,0.0
ANIP,False,60.69618507102981,"graham_size,graham_debt_to_equity,graham_earnings_stability,graham_pe_times_pb",1655703040.0,15.601732,2.586665,2.91,1.0482500000000001,0.20459,0.60403997,0.1257610095928528,132205752.0,0.0,1.0
NXT,False,60.66095552412341,"graham_pe,graham_pe_times_pb",13048505344.0,21.945738,5.037068,2.689,0.01502,0.27224,0.32592522876110797,0.19589480219925323,324051264.0,0.0,4.0
AM,False,60.61664647706439,"graham_current_ratio,graham_debt_to_equity,graham_pe,graham_pe_times_pb",10060715008.0,25.536144,5.172035,0.842,1.8554499999999998,0.19822,0.79644996,0.5424561562941235,432616640.0,0.0432,4.0
ICE,False,60.57084305563685,"graham_current_ratio,graham_pe,graham_pe_times_pb,munger_roe",87479296000.0,21.978138,2.9581783,1.012,0.69226,0.14094,1.0,0.38995253164556964,3633625088.0,0.013600000000000001,4.0
GLPI,False,60.55768564259274,"data_invalid_outlier:gross_margin,graham_debt_to_equity",11473863680.0,11.201755,2.2364275,24.29,1.5571899999999999,0.19354999,1.02151,0.75337920880488,506751744.0,0.0861,4.0
PRGS,False,60.474263419188155,"graham_size,graham_current_ratio,graham_debt_to_equity,graham_pe_times_pb",1554036736.0,17.520737,2.9379492,0.796,2.38695,0.18340999,0.808166237315037,0.1567653306143904,320520000.0,0.0,4.0
TGTX,False,60.377279850522534,"graham_debt_to_equity,graham_earnings_stability,graham_pe_times_pb",8207562752.0,19.498182,13.033545,4.267,1.2489,1.0028,0.82372004,0.2001080665339363,59134500.0,0.0,3.0
AMG,False,60.350471161564364,graham_pe_times_pb,10168642560.0,13.777855,3.3652842,101.314,0.7609600000000001,0.24257,0.50273,0.48065075921908895,277175008.0,0.0001,4.0
IBP,False,60.21085942296346,"graham_debt_to_equity,graham_pe,graham_pe_times_pb",4993762304.0,20.2678,7.760854,2.983,1.87209,0.38451,0.3397401373367443,0.13006597549481622,289112512.0,0.0085,4.0
TDS,False,60.153668416666676,"graham_earnings_stability,munger_roe",3917397248.0,8.5075,0.956248,3.818,0.23120000000000002,0.11784001,0.59351003,-0.07929038020463977,599447616.0,0.0045000000000000005,0.0
HIW,False,60.11124999999999,"graham_current_ratio,graham_debt_to_equity,munger_roe",3290880768.0,19.403973,1.3666682,1.05,1.3264799999999999,0.06815,0.67342,0.6757609364455559,270770112.0,0.0681,4.0
GL,False,60.0192310222842,"graham_current_ratio,munger_gross_margin",12817335296.0,11.067353,2.0876832,0.795,0.55675,0.20944999,0.23128671271931717,0.23221740923827355,1163503360.0,0.008100000000000001,4.0
HON,False,59.9639265327965,"graham_current_ratio,graham_debt_to_equity",65454448640.0,7.6234775,3.5310411,1.211,1.85369,0.46577,0.32074026411741274,0.2170557128358528,2610374912.0,0.013500000000000002,4.0
WWW,False,59.93911785669825,"graham_size,graham_debt_to_equity,graham_earnings_stability,graham_pe_times_pb",1565005056.0,14.782946,3.4837413,1.549,1.59137,0.27647,0.4730832844261858,0.0801365843248146,131325000.0,0.0212,2.0
CNK,False,59.89089790522305,"graham_current_ratio,graham_debt_to_equity,graham_earnings_stability,graham_pe,graham_pe_times_pb",4240055808.0,20.322224,8.465633,0.845,5.87527,0.45816,0.49416,-0.16714465408805032,227587504.0,0.009899999999999999,3.0
BLK,False,59.87097112385618,"graham_pe,graham_pe_times_pb,munger_roe",172925042688.0,25.474152,2.8633268,2.447,0.23192000000000002,0.122779995,0.47152,0.2909233564585398,7578124800.0,0.021400000000000002,4.0
GWW,False,59.854440388110945,"graham_pe,graham_pe_times_pb",60339310592.0,32.59424,14.571637,2.805,0.6197699999999999,0.46091,0.3906476424032995,0.1390591907256716,1247750016.0,0.0079,4.0
REGN,False,59.85433649025834,"graham_pe_times_pb,munger_roe",75933163520.0,18.237822,2.33316,3.335,0.08535,0.14043,0.44458,0.24945443390109392,3065299968.0,0.0051,4.0
UDR,False,59.81336385744126,"graham_current_ratio,graham_debt_to_equity,graham_pe,graham_pe_times_pb,munger_roe",12454884352.0,21.275316,3.729613,0.178,1.5614400000000002,0.13739,0.66581,0.3233081257734403,779827776.0,0.052199999999999996,4.0
NGVT,False,59.806553807902674,"graham_debt_to_equity,graham_earnings_stability,graham_pe,graham_pe_times_pb",2449426688.0,101.78571,52.389706,1.611,26.36034,0.30072,0.395255224391915,0.35859883521754027,88937504.0,0.0,0.0
PNR,False,59.67369494961918,graham_current_ratio,8409952256.0,13.412371,2.2157881,1.451,0.47067,0.17126,0.4047653256704981,0.20534003831417624,558312512.0,0.0207,4.0
HQY,False,59.640458111086836,"graham_earnings_stability,graham_pe,graham_pe_times_pb,munger_roe",7726436352.0,33.722023,3.891435,2.993,0.48792,0.11434,0.6952153485266429,0.24550698971927679,397510624.0,0.0,3.0
COLM,False,59.629151261620216,munger_roe,2955895040.0,15.075719,1.845554,2.493,0.28798999999999997,0.12658,0.5053119327381834,0.060941303974773285,255117376.0,0.0212,4.0
OUT,False,59.603702376286705,"graham_current_ratio,graham_debt_to_equity,graham_earnings_stability,graham_pe,graham_pe_times_pb",5188944384.0,21.194244,7.4847555,0.67,5.7364,0.35024,0.51405,0.16023366271769396,193724992.0,0.0425,2.0
SN,False,59.508868034192595,"graham_pe,graham_pe_times_pb",25844295680.0,37.44082,9.092081,2.08,0.3211,0.27528,0.4901387488537608,0.1438121524168379,638667520.0,0.0,4.0
NHI,False,59.50451823809485,"graham_pe_times_pb,munger_roe",3177444864.0,18.69942,2.0222542,1.817,0.80432,0.10717,0.73925,0.6565420968953649,171983248.0,0.0588,4.0
BMI,False,59.49956155022272,"graham_pe,graham_pe_times_pb",3692344576.0,29.76168,5.40708,2.422,0.03438,0.1848,0.4168053035848507,0.20009643674938335,128289624.0,0.014199999999999999,4.0
CVLT,False,59.471687779693205,"graham_debt_to_equity,graham_earnings_stability,graham_pe,graham_pe_times_pb",6217927680.0,95.56051,119.45063,2.043,17.62992,0.32773998,0.8115047013998598,0.06250792014801172,303740256.0,0.0,3.0
RGLD,False,59.422100000000015,"graham_pe,graham_pe_times_pb,munger_roe,munger_fcf",19559426048.0,25.564785,2.5763361,2.924,0.051859999999999996,0.136,0.693207280942404,0.6192964188220726,-189505504.0,0.0083,4.0
DAVE,False,59.36057445533409,"graham_debt_to_equity,graham_earnings_stability,graham_pe,graham_pe_times_pb",4464746496.0,22.567698,21.47656,4.223,1.29139,1.04779,0.71748,-0.04167572689902165,167170368.0,0.0,2.0
VRRM,False,59.320378950890415,"graham_size,graham_debt_to_equity",440765312.0,10.741111,1.971516,2.058,4.863980000000001,0.15384,0.55711,0.21494773107633203,43281376.0,0.0,4.0
REG,False,59.2721709298239,"graham_current_ratio,graham_pe,graham_pe_times_pb,munger_roe",13343245312.0,24.030304,1.960876,0.964,0.7197199999999999,0.081870005,0.71539,0.7231565138356407,743363968.0,0.042699999999999995,4.0
PFE,False,59.23751468926706,"graham_current_ratio,graham_pe,graham_pe_times_pb,munger_roe",158707400704.0,36.638157,1.862791,1.267,0.74253,0.05014,0.74716,0.27877,12485624832.0,0.061399999999999996,4.0
RSI,False,59.19673032791154,"graham_earnings_stability,graham_pe,graham_pe_times_pb",4703272960.0,67.7,12.669993,2.116,0.015189999999999999,0.30279,0.34967998,0.07706438839661926,127112000.0,0.0,2.0
LMAT,False,59.195315482206944,"graham_size,graham_pe,graham_pe_times_pb",1826338816.0,28.021053,4.3439946,16.312,0.45262,0.16774,0.7152947492407914,0.2720811531958878,49263624.0,0.0126,4.0
AROC,False,59.13886573820574,"graham_current_ratio,graham_debt_to_equity,graham_pe_times_pb",5337294848.0,16.365591,3.4364417,1.394,1.51872,0.22194,0.4857183897630449,0.35931998,241304496.0,0.030600000000000002,4.0
EPRT,False,59.09166182476676,munger_roe,5420468224.0,19.379845,1.2264521,3.841,0.65659,0.064780004,0.98414004,0.6413200550943571,305324384.0,0.05,4.0
CXM,False,59.08556565394141,"graham_size,graham_earnings_stability,graham_pe,graham_pe_times_pb,munger_roe",1247921024.0,59.72222,2.4532177,1.555,0.0796,0.043569997,0.674035230984601,0.04694237050863276,100564752.0,0.0,3.0
DD,False,59.01112857142857,"graham_earnings_stability,graham_pe,graham_pe_times_pb,munger_roe",17831337984.0,35.501343,1.2952248,2.427,0.22902,0.01792,0.9136939010356732,0.14239,1835250048.0,0.0183,0.0
SFM,False,58.99926157138289,"graham_current_ratio,graham_debt_to_equity,graham_pe_times_pb",6103662592.0,12.515583,4.1835933,0.992,1.4033799999999998,0.35197,0.38795449866394643,0.0779179662779198,398699872.0,0.0,4.0
TMDX,False,58.99887063181718,"graham_debt_to_equity,graham_earnings_stability,graham_pe,graham_pe_times_pb",2695751168.0,20.207254,5.213904,6.625,1.67496,0.36285,0.5991900828084176,0.1793296052479463,44496752.0,0.0,2.0
CACC,False,58.949,"data_missing:free_cash_flow,graham_debt_to_equity,graham_pe_times_pb",5652413440.0,11.915767,3.5288508,4.833,3.95632,0.31932,0.94652003,0.52556,,0.0,4.0
ELS,False,58.87315619162764,"graham_current_ratio,graham_debt_to_equity,graham_pe,graham_pe_times_pb",11716444160.0,28.246378,6.450794,0.139,1.82359,0.22877,0.53656,0.2555528274460585,603528512.0,0.0369,4.0
ILMN,False,58.86442574225435,"graham_earnings_stability,graham_pe,graham_pe_times_pb",39857958912.0,49.246265,14.04416,1.796,0.89042,0.32339,0.6608335252129864,0.18581625604420907,797625024.0,0.0,1.0
SPNT,False,58.828415632411456,"graham_current_ratio,graham_earnings_stability,munger_gross_margin",2940136448.0,6.23399,1.2907338,0.655,0.30786,0.23068,0.23864001,0.136,204187504.0,0.0,3.0
LQDT,False,58.740615123223265,"graham_size,graham_pe,graham_pe_times_pb,munger_roe",1308878336.0,40.955883,5.548546,1.58,0.05869,0.14965001,0.43807128216854885,0.07356467485823497,81894248.0,0.0,4.0
ALLE,False,58.73601712341582,"graham_debt_to_equity,graham_pe_times_pb",12818445312.0,19.756226,6.052114,1.93,1.04895,0.3373,0.44801,0.21131954859489097,484449984.0,0.0149,4.0
KEYS,False,58.72060643387138,"graham_pe,graham_pe_times_pb",63273164800.0,50.29229,9.632241,2.024,0.42094000000000004,0.20897,0.63278997,0.16297674418604652,1867124992.0,0.0,4.0
EGP,False,58.720139139719265,"graham_current_ratio,graham_pe,graham_pe_times_pb,munger_roe",10439820288.0,34.060528,2.892506,0.412,0.46090000000000003,0.08732,0.73607004,0.3613811286585528,379368000.0,0.036699999999999997,4.0
SBH,False,58.648888948667334,"graham_size,graham_debt_to_equity",1498892800.0,8.338542,1.7285683,2.367,1.7389,0.23527999,0.5162197035519303,0.088563212428514,177001248.0,0.0,4.0
AA,False,58.646073821428566,"graham_earnings_stability,munger_gross_margin",11261015040.0,8.871101,1.5279666,1.535,0.29918,0.18226999,0.19790001,0.18356001,960750016.0,0.009399999999999999,2.0
BXP,False,58.64385865932626,"graham_current_ratio,graham_debt_to_equity,graham_pe,graham_pe_times_pb,munger_roe",10740501504.0,31.924732,1.8374798,0.506,2.11631,0.05308,0.591178650533171,0.34899441830292427,880636864.0,0.046799999999999994,4.0
CVX,False,58.63183570467471,"graham_current_ratio,graham_pe,graham_pe_times_pb,munger_roe",416185155584.0,20.420193,2.1917953,1.252,0.18959,0.12231,0.44267,0.21866,21934000128.0,0.034300000000000004,4.0
CHE,False,58.589171791857574,"graham_current_ratio,graham_pe,graham_pe_times_pb",6513545728.0,25.06841,7.8099384,0.911,0.35495,0.27106002,0.33113998,0.13369523371349473,307859488.0,0.005600000000000001,4.0
QTWO,False,58.5484331986794,"graham_current_ratio,graham_earnings_stability,graham_pe,graham_pe_times_pb,munger_roe",3634031616.0,41.333332,5.648381,0.945,0.06361,0.14984,0.5406116438037315,0.050196965560279264,190320000.0,0.0,1.0
SHC,False,58.51590701604301,"graham_debt_to_equity,graham_earnings_stability,graham_pe,graham_pe_times_pb",5066828800.0,31.149122,7.6103725,2.796,3.4073399999999996,0.27781,0.5547650128865426,0.27046066077145436,153967120.0,0.0,3.0
RCL,False,58.49417813001978,"graham_current_ratio,graham_debt_to_equity,graham_earnings_stability,graham_pe_times_pb,munger_fcf",75116584960.0,17.337036,7.338332,0.209,2.24816,0.44669998,0.50284,0.27376637858935043,-1516249984.0,0.0213,3.0
ULTA,False,58.49140732319946,"graham_current_ratio,graham_pe,graham_pe_times_pb",24109656064.0,20.549198,9.129724,1.345,0.9547199999999999,0.46117002,0.39097025535753765,0.12370001339485283,914087360.0,0.0,4.0
GTY,False,58.411201095642994,"graham_size,munger_roe",1724825728.0,16.878788,1.5365517,1.719,0.96193,0.094639994,0.96416,0.5718067713900427,108609872.0,0.0704,4.0
EXTR,False,58.40597699801165,"graham_current_ratio,graham_debt_to_equity,graham_earnings_stability,graham_pe,graham_pe_times_pb",3225625856.0,78.72581,36.155556,0.928,2.19625,0.54638,0.6147906696281453,0.04884336390117428,81449504.0,0.0,1.0
PODD,False,58.38538538196813,"graham_pe,graham_pe_times_pb",9285833728.0,25.073032,6.5289903,2.485,0.66685,0.26016,0.7163324840293933,0.17495661164654186,236900000.0,0.0,4.0
AVY,False,58.36800547663594,"graham_current_ratio,graham_debt_to_equity,graham_pe_times_pb,munger_gross_margin",12819788800.0,18.357065,5.4767666,1.132,1.58653,0.3116,0.28753881768392525,0.13586001,1004600000.0,0.023700000000000002,4.0
CUBE,False,58.322568290638124,"graham_current_ratio,graham_debt_to_equity,graham_pe,graham_pe_times_pb,munger_roe",8496196608.0,25.667807,3.2766457,0.1,1.3430000000000002,0.12028,0.70712,0.3501519832970446,486035744.0,0.056100000000000004,4.0
IRDM,False,58.31568503695286,"graham_debt_to_equity,graham_pe,graham_pe_times_pb",5013976576.0,53.76125,10.6076,2.782,3.7865699999999998,0.19715,0.71851,0.27072513448493046,239205376.0,0.012199999999999999,4.0
LQDA,False,58.310897923328476,"graham_earnings_stability,graham_pe,graham_pe_times_pb",2519675136.0,20.251799,12.853881,2.312,0.93738,1.3181599,0.92542,-0.3245073269327943,74296128.0,0.0,0.0
WDAY,False,58.309873282486166,"graham_current_ratio,graham_earnings_stability,graham_pe,graham_pe_times_pb",45254979584.0,38.2444,7.0054092,0.908,0.5839,0.16006,0.75795,0.07548157453936348,3046374912.0,0.0,3.0
STC,False,58.27728608928571,"graham_size,munger_roe",1574569472.0,11.315098,0.9465668,1.847,0.46090000000000003,0.096140005,0.61847997,0.06954,135150000.0,0.0437,4.0
SUI,False,58.2583,"graham_current_ratio,graham_earnings_stability,graham_pe,graham_pe_times_pb,munger_roe",14405438464.0,85.35227,2.500666,0.597,0.72848,0.01722,0.53682,0.560718320323234,1873449984.0,0.0404,2.0
NEU,False,58.24421634477404,graham_pe_times_pb,8354106880.0,19.54831,4.544368,2.252,0.51129,0.25123,0.31462268945522276,0.1995197362071857,435517888.0,0.0132,4.0
BSY,False,58.23844361933956,"graham_current_ratio,graham_debt_to_equity,graham_pe,graham_pe_times_pb",10470539264.0,38.08791,8.937596,0.595,1.05442,0.24517,0.815199173779897,0.2414609606340214,397979616.0,0.0078000000000000005,4.0
WT,False,58.237796915675474,"graham_debt_to_equity,graham_pe,graham_pe_times_pb",3430234112.0,41.163635,7.997174,2.995,2.5767200000000003,0.18731001,0.53330004,0.3527978564180876,156595376.0,0.0051,4.0
MRSH,False,58.230826425084835,"graham_current_ratio,graham_debt_to_equity,graham_pe,graham_pe_times_pb",83927146496.0,21.499998,5.5358996,1.139,1.45027,0.25902998,0.43994,0.23064378636818503,4785249792.0,0.022799999999999997,4.0
CRVL,False,58.14940875612705,"graham_pe,graham_pe_times_pb,munger_gross_margin",3870074624.0,34.200893,9.480262,1.941,0.06944,0.30697,0.2429383835823091,0.16674,91710128.0,0.0,4.0
CBOE,False,58.008082064889244,"graham_pe,graham_pe_times_pb",31051517952.0,23.17537,5.5260468,1.565,0.2809,0.26297,0.44663765645327713,0.16683863442645014,678249984.0,0.0124,4.0
PR,False,57.954436900581015,"graham_current_ratio,munger_roe",19217745920.0,15.095395,1.6006278,0.624,0.26245999999999997,0.114029996,0.75848997,0.28877948026252015,458368128.0,0.028399999999999998,4.0
ECPG,False,57.90650000000001,"graham_debt_to_equity,graham_earnings_stability,munger_fcf",2133450112.0,7.637813,1.9777431,11.376,3.88056,0.30542,1.0,0.3542776410248292,-157004624.0,0.0,1.0
JAZZ,False,57.811299999999996,"graham_earnings_stability,graham_pe_times_pb",14513600512.0,15.324195,3.0172741,1.779,0.91828,0.22114,0.91353995,-0.10081577735047402,1429392896.0,0.0,0.0
QNST,False,57.810280530796,"data_missing:consecutive_positive_earnings_years,graham_size,graham_current_ratio,graham_pe_times_pb,munger_gross_margin",902412928.0,11.264286,2.7574751,1.218,0.24036000000000002,0.28647,0.11270591909172985,0.027383219758338795,125921376.0,0.0,
CHRD,False,57.80821449068668,"graham_current_ratio,munger_roe",7773661184.0,9.56393,0.93865573,1.221,0.17981999999999998,0.10312,0.4811,0.04047978256046696,961228032.0,0.0382,4.0
STAG,False,57.79240284315685,"graham_pe,graham_pe_times_pb,munger_roe",7061278208.0,27.600002,1.9051665,1.816,0.9378,0.069759995,0.79549,0.37036,469642880.0,0.043899999999999995,4.0
BBY,False,57.78687303864503,"graham_current_ratio,graham_debt_to_equity,graham_pe_times_pb,munger_gross_margin",18597603328.0,14.754576,5.8616476,1.117,1.3009700000000002,0.43126,0.22482070470845025,0.033316543138806935,1403374976.0,0.0454,4.0
NDSN,False,57.78251221112383,"graham_pe,graham_pe_times_pb",18239270912.0,33.13259,5.577516,1.823,0.55619,0.17763,0.55391,0.2549444117481652,613806656.0,0.0115,4.0
TMUS,False,57.76453451055017,"graham_current_ratio,graham_debt_to_equity,graham_pe_times_pb",184048992256.0,17.928946,3.2776802,0.924,2.1403499999999998,0.17994,0.63054,0.20698909510921876,11335999488.0,0.0279,4.0
JLL,False,57.66641276339976,"graham_current_ratio,munger_roe",13978749952.0,14.572421,1.8733853,1.126,0.42351999999999995,0.13520001,0.51232,0.042043835868216695,1500125056.0,0.0,4.0
ARLO,False,57.65885763038939,"graham_size,graham_current_ratio,graham_earnings_stability,graham_pe,graham_pe_times_pb",1305349376.0,43.32143,8.229308,1.402,0.048760000000000005,0.22068001,0.4461,-0.035550002,62496248.0,0.0,1.0
ROST,False,57.60022030680476,"graham_pe,graham_pe_times_pb",72391270400.0,27.40145,10.742866,1.612,0.70281,0.42628,0.33385,0.11900177925298451,2002041600.0,0.0079,4.0
ADC,False,57.58456136886231,"graham_current_ratio,graham_pe,graham_pe_times_pb,munger_roe",8199049728.0,35.341396,1.286651,0.271,0.58984,0.037049998,0.87656,0.47382509416785684,447780000.0,0.0492,4.0
COKE,False,57.531334098914435,"data_missing:debt_to_equity,graham_current_ratio,graham_pe,graham_pe_times_pb",12819950592.0,25.577024,-25.6349,1.211,,0.97331,0.39739072267712405,0.13152307225111043,443481760.0,0.0053,4.0
DLTR,False,57.488150555758665,"graham_current_ratio,graham_debt_to_equity,graham_earnings_stability,graham_pe_times_pb",22367408128.0,14.520098,6.5316973,1.134,2.2394499999999997,0.46032003,0.36321721839293625,0.08515954213416582,1049587520.0,0.0,1.0
DOCN,False,57.41708424531326,"graham_current_ratio,graham_debt_to_equity,graham_earnings_stability,graham_pe,graham_pe_times_pb,munger_fcf",14345207808.0,56.54608,13.843073,1.311,2.12506,0.62273,0.5985975569846477,0.1741560880692502,-23832624.0,0.0,3.0
NWSA,False,57.33999089680385,"graham_pe,graham_pe_times_pb,munger_roe",15681995776.0,28.247574,1.854484,1.623,0.31561,0.07979,0.57167,0.12537,1045124992.0,0.006999999999999999,4.0
WAY,False,57.328482120863434,"graham_earnings_stability,graham_pe,graham_pe_times_pb,munger_roe",5106259968.0,38.04286,1.2964314,1.847,0.37171,0.03765,0.69107,0.22678976564617867,313745376.0,0.0,1.0
CON,False,57.281744674701294,"graham_current_ratio,graham_debt_to_equity,graham_pe,graham_pe_times_pb,munger_gross_margin",4699665920.0,23.77742,9.851644,1.377,4.23325,0.4706,0.29314,0.15438170264909631,204793632.0,0.0069,4.0
HMN,False,57.18358095238095,"graham_size,munger_roe",1862238592.0,10.7429905,1.2388856,2.872,0.39537,0.12385,0.39488,0.13213,222650000.0,0.0319,4.0
FNF,False,57.100176640476185,"graham_current_ratio,munger_roe",10641891328.0,13.777778,1.4268249,0.94,0.54297,0.102110006,0.54046,0.10666,3589125120.0,0.0533,4.0
LIF,False,57.08860651843924,"graham_earnings_stability,graham_pe,graham_pe_times_pb",3384286976.0,24.148254,5.492913,5.601,0.50803,0.30056,0.778052672115976,0.03846114558072734,74707752.0,0.0,1.0
AIG,False,57.06105238095238,"graham_current_ratio,graham_earnings_stability,munger_roe",40304607232.0,14.117216,0.9960458,0.612,0.22466,0.0722,0.35087,0.19414,7365000192.0,0.0264,1.0
PLD,False,57.00518749845844,"graham_current_ratio,graham_pe,graham_pe_times_pb,munger_roe",125545594880.0,28.699999,2.245501,0.649,0.63823,0.07749,0.75549006,0.4957680361159742,5406941184.0,0.0336,4.0
PGNY,False,57.00104547828735,"graham_pe,graham_pe_times_pb,munger_gross_margin",2120728704.0,30.043476,4.681572,2.137,0.059500000000000004,0.16242,0.23627936284251638,0.0661748900603029,196469376.0,0.0,4.0
WTS,False,56.965811815394986,"graham_pe,graham_pe_times_pb",11549868032.0,30.216595,5.275372,2.66,0.09673999999999999,0.18805,0.4945663317613287,0.1837605085093295,228787504.0,0.0066,4.0
BHF,False,56.964582666666665,"graham_current_ratio,graham_debt_to_equity,graham_earnings_stability,munger_roe",2831006720.0,3.8882306,0.43218872,0.774,1.78382,0.13535,0.35439998,0.77778,19879124992.0,0.0,2.0
NTST,False,56.958812859320375,"graham_size,graham_earnings_stability,graham_pe,graham_pe_times_pb,munger_roe",1705366144.0,124.71428,1.1273243,5.531,0.88837,0.00962,0.90376997,0.39020002,133447376.0,0.051,1.0
ERIE,False,56.929272217750615,"graham_current_ratio,graham_pe,graham_pe_times_pb,munger_gross_margin",11814895616.0,20.48504,4.789004,1.246,0.0256,0.24808,0.17904,0.17633108103788842,481207744.0,0.0268,4.0
FANG,False,56.928934141557484,"graham_current_ratio,graham_pe,graham_pe_times_pb,munger_roe",54020595712.0,36.57714,1.4215705,0.467,0.28678000000000003,0.034930002,0.72353995,0.08425395980300812,5035500032.0,0.0239,4.0
EXLS,False,56.92037192821569,"graham_current_ratio,graham_pe,graham_pe_times_pb",5596439040.0,23.183544,6.416185,1.244,0.56585,0.25944,0.3837160789565829,0.15028651435397875,262332752.0,0.0,4.0
HLX,False,56.91034523809524,"data_missing:free_cash_flow,graham_size,graham_earnings_stability,graham_pe",1562253952.0,44.166668,0.30309096,1.745,0.8317,0.37597,0.5078,0.2161,,,2.0
RDN,False,56.90773340073172,munger_roe,4518090240.0,8.432098,0.94853216,1.588,0.27967,0.12026,0.69302005,-0.2761079388616707,308735264.0,0.030299999999999997,4.0
PINS,False,56.89053281512727,"graham_earnings_stability,graham_pe,graham_pe_times_pb,munger_roe",11413204992.0,59.92647,3.981825,3.81,0.41350000000000003,0.06461,0.79473,0.07576993235296973,1196440960.0,0.0,2.0
FRT,False,56.855479034008425,"graham_current_ratio,graham_debt_to_equity,graham_pe,graham_pe_times_pb,munger_roe",9165110272.0,21.302021,2.8587503,0.564,1.34114,0.12550999,0.68136,0.4708450126077523,456137632.0,0.0441,4.0
VICR,False,56.8182745699001,"graham_pe,graham_pe_times_pb",11915828224.0,82.56872,14.280037,13.249,0.00912,0.20131999,0.5730692002005738,0.1807550679145838,339500.0,0.0,4.0
TILE,False,56.8080039379126,graham_pe_times_pb,2019259136.0,14.143725,2.9767385,2.527,0.42808999999999997,0.23225,0.3874813066119433,0.1182496499271012,103601872.0,0.0034000000000000002,4.0
CMG,False,56.78372378976587,"graham_current_ratio,graham_debt_to_equity,graham_pe,graham_pe_times_pb",41619595264.0,30.17431,18.956772,0.715,2.4635,0.49560001,0.39361998,0.16232288838105519,1116464384.0,0.0,4.0
BSX,False,56.774466484890915,"graham_current_ratio,graham_pe_times_pb",60802428928.0,16.98583,2.4347146,1.24,0.50151,0.15338999,0.6901464581050114,0.17998405898176745,2451375104.0,0.0,4.0
ADI,False,56.7737098704957,"graham_current_ratio,graham_pe,graham_pe_times_pb,munger_roe",195788668928.0,47.986935,5.835584,1.25,0.27314,0.12227,0.614669518890112,0.26611379050277834,4147339008.0,0.0105,4.0
VLO,False,56.77091089326246,"graham_pe_times_pb,munger_gross_margin",128031260672.0,18.535433,5.1210985,1.636,0.40148000000000006,0.27637,0.16118999,0.12269,8416374784.0,0.0115,4.0
T,False,56.75089825461048,"graham_current_ratio,graham_debt_to_equity,graham_earnings_stability",170760781824.0,8.22439,1.5520616,0.971,1.29054,0.18339,0.59721,0.1922991213548962,10142000128.0,0.0454,3.0
EVTC,False,56.748025773043366,"graham_size,graham_debt_to_equity,graham_pe_times_pb,munger_roe",1811638144.0,19.09091,2.7387052,1.702,1.84286,0.14845,0.51118,0.20008199025990053,151623120.0,0.0069,4.0
EPAM,False,56.634708493345066,"munger_roe,munger_gross_margin",5754527744.0,15.135686,1.6353428,2.755,0.04325999999999999,0.111770004,0.29451,0.0952900245113849,650156096.0,0.0,4.0
CCL,False,56.559718625811975,"graham_current_ratio,graham_debt_to_equity,graham_earnings_stability",35074154496.0,11.491189,2.4857059,0.274,1.7711000000000001,0.23998,0.5538,0.1683945608894899,1807624960.0,0.0172,2.0
LECO,False,56.50000767716593,"graham_pe,graham_pe_times_pb",14090283008.0,25.825174,9.066073,1.982,0.77347,0.37736,0.3624500148003675,0.16963347297415096,307077120.0,0.012,4.0
MKC,False,56.43183211870858,graham_current_ratio,12329879552.0,7.6247916,1.760604,0.657,0.66141,0.22623,0.3789599871350672,0.15654284168823004,742000000.0,0.042300000000000004,4.0
UE,False,56.42955078782528,"graham_current_ratio,graham_debt_to_equity,graham_pe,graham_pe_times_pb,munger_roe",2660115456.0,36.45283,1.8991446,0.689,1.26633,0.05092,0.64747,0.2942461850492563,226218256.0,0.0435,4.0
AMH,False,56.38943287599414,"graham_pe,graham_pe_times_pb,munger_roe",12526083072.0,24.25,1.615043,1.672,0.68848,0.07084,0.56646997,0.25921,822327360.0,0.044000000000000004,4.0
APH,False,56.32905714122235,"graham_debt_to_equity,graham_pe,graham_pe_times_pb",209409900544.0,42.46,13.513685,1.888,1.20415,0.38115,0.3688162219037268,0.2541102504037723,3818374912.0,0.005699999999999999,4.0
VYLR,False,56.304015346775515,"graham_earnings_stability,graham_pe,graham_pe_times_pb,munger_roe",52255940608.0,104.91429,1.9470294,1.516,0.19191,0.04256,0.4954,0.3013,2417250048.0,,3.0
KIM,False,56.29895493051512,"graham_current_ratio,graham_pe,graham_pe_times_pb,munger_roe",14827798528.0,26.00588,1.4432619,0.971,0.84993,0.05806,0.68933,0.3601781398765301,871483392.0,0.0513,4.0
EW,False,56.233674075536214,"graham_pe,graham_pe_times_pb,munger_roe",48079298560.0,49.70238,4.5343466,4.522,0.06568,0.09175,0.7801107521919705,0.2083525611444393,1232412544.0,0.0,4.0
VSXY,False,56.13147311823502,"graham_current_ratio,graham_debt_to_equity,graham_pe_times_pb",6877255680.0,19.245537,8.622,1.36,2.7583300000000004,0.46905,0.3638028383946284,0.0413551045322753,336500000.0,0.0,4.0
FIS,False,56.03741525843269,"graham_current_ratio,graham_debt_to_equity,graham_earnings_stability",17628162048.0,5.238863,1.0972942,0.535,1.3251,0.22348,0.36864287721270017,0.16306078486466236,2653125120.0,0.0527,2.0
NDAQ,False,56.008497960204515,"graham_current_ratio,graham_pe,graham_pe_times_pb",51705405440.0,26.96793,4.336412,1.006,0.77687,0.16521999,0.6353183248608085,0.2821350762527233,1691500032.0,0.0126,4.0
MAT,False,55.99376325428228,graham_debt_to_equity,4749762560.0,12.224264,2.3770375,1.902,1.37445,0.20497,0.4872551786092625,0.1021807259038268,425315872.0,0.0,4.0
WMG,False,55.99029593846752,"graham_current_ratio,graham_debt_to_equity,graham_pe,graham_pe_times_pb",15170183168.0,23.2,17.758726,0.734,4.52947,0.70074,0.45769,0.10347398240644103,382249984.0,0.028399999999999998,4.0
HL,False,55.94161080048515,"graham_earnings_stability,graham_pe,graham_pe_times_pb,munger_gross_margin",11150593024.0,21.59091,4.170848,5.197,0.008020000000000001,0.22173999,0.2848502299688679,0.16942149400037465,342344736.0,0.0009,2.0
VOYA,False,55.839707397912555,"graham_pe_times_pb,munger_roe",8737112064.0,16.235691,1.8646919,5.669,0.6890999999999999,0.096099995,0.55609,0.12675540359018195,1433500032.0,0.0194,4.0
ALSN,False,55.83412705154392,"graham_debt_to_equity,graham_pe_times_pb",9030734848.0,17.386328,4.5680866,1.807,2.11925,0.28349,0.48604651162790696,0.292358803986711,211000000.0,0.0105,4.0
NWS,False,55.820365325224984,"graham_pe,graham_pe_times_pb,munger_roe",17255856128.0,31.082525,2.0406017,1.623,0.31561,0.07979,0.57167,0.12537,1045124992.0,0.0063,4.0
CHWY,False,55.78934769987982,"graham_current_ratio,graham_debt_to_equity,graham_pe,graham_pe_times_pb,munger_gross_margin",7487221760.0,28.658924,20.18234,0.838,3.13414,0.71988,0.2978931079633377,0.02018013728524382,449075008.0,0.0,4.0
CMCSA,False,55.777622382167195,"graham_current_ratio,graham_debt_to_equity,munger_roe",74858487808.0,6.8048387,0.8334321,0.796,1.00474,0.114879996,0.6939,0.16710452925056787,12697624576.0,0.063,4.0
SYK,False,55.737288997935664,"graham_pe,graham_pe_times_pb",106199867392.0,28.691193,4.4272285,2.157,0.6439100000000001,0.16508,0.6396321070234113,0.19465679248287943,4108875008.0,0.0128,4.0
FR,False,55.70074572234416,"graham_current_ratio,graham_pe,graham_pe_times_pb,munger_roe",8086025728.0,21.46,2.8188286,1.498,0.90051,0.1363,0.73745,0.45097,290640736.0,0.0344,4.0
HD,False,55.69957080447334,"graham_current_ratio,graham_debt_to_equity,graham_pe,graham_pe_times_pb",293804605440.0,20.607767,17.686787,1.078,3.80261,1.0429599,0.33315521334928316,0.12684976591390731,10762625024.0,0.0326,4.0
TRU,False,55.6875471274042,"graham_debt_to_equity,graham_earnings_stability,graham_pe_times_pb",12358200320.0,17.01847,2.551828,1.9,1.13212,0.15626,0.5873,0.18744400498219085,808625024.0,0.008,2.0
OVV,False,55.61151379592826,"graham_current_ratio,munger_roe",17609738240.0,17.733984,1.5314026,1.008,0.43734,0.08411,0.53859,0.12696452626852267,1230499968.0,0.0195,4.0
SIG,True,55.540834468877364,,4044002048.0,12.24362,2.2250803,1.639,0.66703,0.19855,0.3954737583656217,0.057693436656099564,422037504.0,0.013500000000000002,4.0
UTHR,False,55.493550391804206,"data_missing:debt_to_equity,graham_pe_times_pb",23185850368.0,19.361748,3.6045637,5.732,,0.19315,0.8792220441763283,0.4689414647940428,557137472.0,0.0,4.0
KMB,False,55.38827944053847,"graham_current_ratio,graham_debt_to_equity,graham_pe_times_pb",32417296384.0,19.262327,18.559483,0.909,3.48933,1.04913,0.36012646683285704,0.14294400194564358,941124992.0,0.053099999999999994,4.0
COO,False,55.37607889369994,"graham_current_ratio,munger_roe",10323530752.0,18.656357,1.2392148,1.222,0.33634000000000003,0.06838,0.6553855928061773,0.16687029615873325,542649984.0,0.0,4.0
AGYS,False,55.27485130721907,"graham_pe,graham_pe_times_pb,munger_roe",2891375360.0,67.44079,8.521197,1.741,0.054509999999999996,0.13802,0.6261055018289322,0.13471150473518065,57453376.0,0.0,4.0
SLM,False,55.26875,"data_missing:free_cash_flow,graham_current_ratio,graham_debt_to_equity",4258199808.0,6.309192,1.914462,1.334,2.36158,0.30333,1.0,0.29211,,0.023,4.0
LII,False,55.26580946617145,"graham_debt_to_equity,graham_pe_times_pb",12524961792.0,15.979056,9.654865,1.569,1.5608199999999999,0.71757007,0.3339171943872346,0.20046965526533597,277737504.0,0.0149,4.0
OII,False,55.26207798989373,"graham_pe_times_pb,munger_gross_margin",4440017408.0,12.893064,3.8137987,2.176,0.70343,0.34570998,0.20417031229571905,0.10938754868620867,237835120.0,0.0,4.0
ZWS,False,55.23267643422949,"graham_pe,graham_pe_times_pb",7726778880.0,28.934782,4.663163,3.053,0.33181,0.16919,0.4509699864378796,0.16445545138274661,322675008.0,0.0092,4.0
BNL,False,55.167135833621316,"graham_pe,munger_roe",3875782656.0,23.953947,1.2120506,2.017,0.8932599999999999,0.04922,0.9486,0.4675071462798037,230601872.0,0.06280000000000001,4.0
TEL,False,55.1478727779394,"graham_pe,graham_pe_times_pb",61589196800.0,20.805092,4.649666,1.876,0.43441,0.23290001,0.3521608156644653,0.18601552543158384,2336875008.0,0.014499999999999999,4.0
ACIW,False,55.106324868190846,"graham_pe,graham_pe_times_pb",5147707904.0,23.283106,3.4485323,1.582,0.57698,0.15617,0.49082002,0.18747435761929604,260535632.0,0.0,4.0
VAL,False,55.086268033983586,munger_gross_margin,5837468160.0,6.3401203,1.8354692,1.547,0.36219999999999997,0.33619,0.24784,0.2013507809202195,79725000.0,0.0,4.0
INVX,False,55.049680048009385,"graham_size,graham_pe,graham_pe_times_pb,munger_roe",1919013504.0,30.882023,1.7884566,5.006,0.07043,0.05994,0.32401,0.1355735900091081,174039872.0,0.0,4.0
HAYW,False,55.03450228774841,munger_roe,2441496576.0,15.767123,1.5379477,3.327,0.6325500000000001,0.104119994,0.4800495475224011,0.20785898561250452,164106256.0,0.0,4.0
KRC,False,55.01356428571429,"graham_current_ratio,graham_pe,munger_roe",4033564672.0,24.017485,0.7643433,1.103,0.85616,0.03431,0.65379,0.23993,718001472.0,0.0635,4.0
MPT,False,55.00000000000001,"data_missing:trailing_pe,graham_size,graham_current_ratio,graham_debt_to_equity,graham_earnings_stability,munger_roe",1899096064.0,,0.42186257,1.172,2.15671,-0.00622,0.95944,0.6890208515136681,753948992.0,0.1115,0.0
DGII,False,54.95333443877705,"graham_current_ratio,graham_pe,graham_pe_times_pb,munger_roe",2821063424.0,58.999996,4.1165066,1.129,0.17279,0.07459,0.629158037380788,0.13083973120791406,128003128.0,0.0,4.0
SIGI,False,54.95320639285715,"graham_current_ratio,munger_roe,munger_gross_margin",5091330048.0,10.598635,1.46945,0.318,0.24596,0.14152999,0.22764,0.12693,1355778304.0,0.0203,4.0
A,False,54.89736815847467,"graham_pe,graham_pe_times_pb",47223083008.0,33.037476,6.414429,2.05,0.56336,0.20971,0.53648996,0.21286701208981001,1060374976.0,0.006,4.0
ESS,False,54.85961931092047,"graham_current_ratio,graham_debt_to_equity,graham_pe,graham_pe_times_pb,munger_roe",18539423744.0,41.83126,3.2474709,0.249,1.2240900000000001,0.0771,0.6988536806996071,0.47649793757898,1043926720.0,0.038,4.0
HWM,False,54.824736517138994,"graham_pe,graham_pe_times_pb",88948662272.0,48.068966,15.564549,1.818,0.81368,0.34732,0.36032,0.24793989335918565,1189874944.0,0.0025,4.0
MWA,False,54.74158763464494,graham_pe_times_pb,3374656512.0,15.221831,3.011704,4.636,0.40423000000000003,0.21684,0.36140449045254247,0.1822760019584528,130712496.0,0.0131,4.0
KVUE,False,54.68133902569184,"graham_current_ratio,graham_pe,graham_pe_times_pb",34014017536.0,20.591278,3.2220707,1.005,0.8161700000000001,0.15581,0.581327691087014,0.15961385876752182,1907500032.0,0.0479,4.0
VRTS,False,54.606025295981084,"graham_size,munger_roe",873466560.0,7.5236735,0.92402005,2.659,0.44522,0.106709994,0.41079,0.19778042245841956,56292376.0,0.0742,4.0
ROK,False,54.58327368188992,"graham_current_ratio,graham_debt_to_equity,graham_pe,graham_pe_times_pb",47830884352.0,40.329586,13.689296,1.075,1.0334699999999999,0.30629,0.48141932390314074,0.20414768640613762,1303874944.0,0.012199999999999999,4.0
HSTM,False,54.494081207419676,"graham_size,graham_current_ratio,graham_pe,graham_pe_times_pb,munger_roe",990082944.0,44.944443,2.653329,1.062,0.03766,0.059959996,0.65081,0.06655177857293201,50334876.0,0.0042,4.0
CGNX,False,54.47606897209999,"graham_pe,graham_pe_times_pb,munger_roe",10244832256.0,58.557697,6.286776,3.934,0.044480000000000006,0.111490004,0.6691677754211507,0.16348823714573912,195671376.0,0.0051,4.0
WPC,False,54.4648221104439,"graham_current_ratio,graham_debt_to_equity,graham_pe,graham_pe_times_pb,munger_roe",14388914176.0,21.630136,1.6590927,1.164,1.01882,0.077800006,0.94371,0.22366027517548806,1096111872.0,0.0594,4.0
ZD,False,54.40968081783851,"data_missing:trailing_pe,graham_size,munger_roe",1897796864.0,,0.8649113,2.164,0.3998,-0.01456,0.8672618904767484,0.1261558857495652,529455264.0,0.0,4.0
TTC,False,54.37154730462412,"graham_pe,graham_pe_times_pb",9145902080.0,25.832888,6.8433914,1.576,0.80671,0.26447,0.333628946434906,0.09087885775097553,608062528.0,0.0158,4.0
MDT,False,54.36779136915657,"graham_pe,graham_pe_times_pb,munger_roe",112154812416.0,21.542997,2.2343407,2.067,0.55365,0.106479995,0.6976930524488365,0.17784072159278408,5412499968.0,0.0331,4.0
HSY,False,54.359773786966414,"graham_current_ratio,graham_debt_to_equity,graham_pe,graham_pe_times_pb",32808429568.0,22.306887,7.190383,1.18,1.29821,0.32808998,0.33548561069861765,0.12328574986384523,1743636352.0,0.0362,4.0
INVH,False,54.28858476818419,"graham_current_ratio,graham_pe,graham_pe_times_pb,munger_roe",15672186880.0,24.344036,1.7308068,0.43,0.9442499999999999,0.070539996,0.56262,0.25115,1168785536.0,0.0455,4.0
GE,False,54.26044069236649,"graham_current_ratio,graham_debt_to_equity,graham_pe,graham_pe_times_pb",317167304704.0,36.04776,17.980413,0.982,1.13225,0.48231998,0.31051,0.20328098909297615,6594625024.0,0.0062,4.0
EG,False,54.23309523809523,"graham_current_ratio,munger_roe,munger_gross_margin",14366447616.0,7.92481,0.93974787,0.388,0.23260000000000003,0.12572,0.15281,0.19132,2064625024.0,0.022099999999999998,4.0
ATMU,False,54.15641376107071,"graham_debt_to_equity,graham_pe_times_pb,munger_gross_margin",3471889664.0,16.240458,7.6336565,2.65,2.32278,0.5579,0.28243496004080937,0.1694723119650853,103862496.0,0.0054,4.0
AMPH,False,54.127041137203626,"graham_size,munger_roe",1105135744.0,15.37278,1.4384584,2.397,0.89607,0.10297,0.494601236027321,0.19503477629127905,230095872.0,0.0,4.0
EMR,False,54.05367957411767,"graham_current_ratio,graham_pe,graham_pe_times_pb,munger_roe",88630222848.0,34.62582,4.3311896,0.896,0.6767700000000001,0.128,0.528363676731794,0.26924,3706249984.0,0.0139,4.0
MPC,False,53.96051578998481,"graham_current_ratio,graham_debt_to_equity,graham_pe_times_pb,munger_gross_margin",135941758976.0,16.123789,6.9078026,1.25,1.33328,0.42099,0.12819,0.06247974739824716,9249375232.0,0.009300000000000001,4.0
RHP,False,53.93252779077733,"graham_current_ratio,graham_debt_to_equity,graham_pe,graham_pe_times_pb",8266387456.0,29.155718,9.989163,1.313,3.3457,0.22583,0.35156,0.18897961670290303,567982976.0,0.04019999999999999,4.0
MO,False,53.87529216551709,"data_missing:debt_to_equity,data_missing:return_on_equity,graham_current_ratio,graham_pe_times_pb",119645495296.0,15.085263,-44.840424,0.518,,,0.6246831908587138,0.4252330426564715,9033374720.0,0.064,4.0
MUR,False,53.848890348913535,"graham_current_ratio,munger_roe",5545981952.0,19.148516,1.0543818,0.854,0.41896,0.06461,0.82672995,0.11079684113309325,344718368.0,0.037599999999999995,4.0
REXR,False,53.81494580276348,"data_missing:trailing_pe,graham_current_ratio,munger_roe",8517811712.0,,1.1215981,0.344,0.41445,-0.047280002,0.76798,0.4159,341792384.0,0.0481,4.0
PBH,False,53.69177145963878,"graham_debt_to_equity,graham_earnings_stability,munger_roe",2249342208.0,13.29972,1.1734757,3.23,1.07864,0.0912,0.5470517725187264,0.2841991172999114,147887504.0,0.0,3.0
UFCS,False,53.6814119047619,"graham_size,graham_current_ratio,graham_earnings_stability,munger_gross_margin",1444442112.0,10.44527,1.4807217,0.356,0.14974,0.15465,0.12865,0.11761,255639504.0,0.0146,2.0
TECH,False,53.65385575688075,"graham_pe,graham_pe_times_pb,munger_roe",11364618240.0,62.47414,5.3657637,4.547,0.13712,0.09032,0.6576504951692909,0.20731021802592345,229653120.0,0.0044,4.0
CDP,False,53.6393642940316,"graham_debt_to_equity,graham_earnings_stability,graham_pe,graham_pe_times_pb,munger_roe",3874417920.0,23.225693,2.4704535,2.594,1.6415,0.10825,0.58258,0.22165888841747985,257286368.0,0.038,2.0
DLX,False,53.583244512508735,"graham_size,graham_current_ratio,graham_debt_to_equity,munger_roe",1058821696.0,10.5917425,1.4946918,1.196,2.09945,0.14957,0.5308935809218588,0.1089443090193137,171792992.0,0.0536,4.0
VCYT,False,53.566556293065624,"graham_earnings_stability,graham_pe,graham_pe_times_pb,munger_roe",3480114688.0,30.92143,2.5057886,9.162,0.02889,0.087740004,0.7010258244786278,0.11172301772230225,106230872.0,0.0,2.0
APLE,False,53.56511752849447,"graham_current_ratio,graham_pe,munger_roe",3825720320.0,21.89865,1.2180548,0.291,0.51367,0.05529,0.42902002,0.18253083788709318,360905376.0,0.0599,4.0
TJX,False,53.449828875292795,"graham_current_ratio,graham_debt_to_equity,graham_pe,graham_pe_times_pb",153410289664.0,25.716665,14.35794,1.147,1.3441900000000002,0.62171,0.31467,0.13518329941526713,4398125056.0,0.0138,4.0
CHDN,False,53.41549008641972,"graham_current_ratio,graham_debt_to_equity,graham_pe_times_pb",5237972992.0,12.824232,3.9228482,0.356,3.49173,0.33848,0.34179002,0.23370586827984552,138712496.0,0.005600000000000001,4.0
HUBS,False,53.387995541699105,"graham_current_ratio,graham_earnings_stability,graham_pe,graham_pe_times_pb,munger_roe",11483686912.0,82.24643,6.902557,1.378,0.14300000000000002,0.07892,0.8376097718941795,0.0023565548247897177,666651008.0,0.0,2.0
LNC,False,53.37032301428572,"graham_earnings_stability,munger_gross_margin",7893373440.0,3.514919,0.7616004,2.184,0.63803,0.22587,0.27076998,0.046079997,2069374976.0,0.043899999999999995,2.0
SIRI,False,53.36201070844322,"graham_current_ratio,graham_earnings_stability,munger_roe",8871600128.0,10.528,0.74482834,0.458,0.81105,0.07574,0.5244215938303342,0.17188595466230427,1186000000.0,0.0416,1.0
BRK-B,False,53.32701802766637,"graham_earnings_stability,munger_roe",1097124478976.0,12.889965,0.0009813856,2.891,0.17142,0.121199995,0.30332002,0.12359121769264386,71975247872.0,0.0,3.0
CLX,False,53.326248456560876,"graham_current_ratio,graham_debt_to_equity,graham_pe_times_pb",10114669568.0,17.388773,112.41935,0.658,22.214290000000002,1.6376,0.45228040540540543,0.12885,110375000.0,0.0608,4.0
AR,False,53.311555856650294,"graham_current_ratio,munger_roe",11120068608.0,10.393678,1.3417166,0.401,0.55493,0.14216,0.67154,0.16748969781586684,391220736.0,0.0,4.0
CSX,False,53.269881745322735,"graham_current_ratio,graham_debt_to_equity,graham_pe,graham_pe_times_pb",87788781568.0,27.552324,6.233886,0.82,1.3806800000000001,0.24357,0.47070998,0.3208203235878513,1953250048.0,0.012,4.0
SHOO,False,53.2515266757813,"graham_pe,graham_pe_times_pb",3227841792.0,22.055,3.4348233,1.906,0.38795999999999997,0.15913,0.41413727665226713,0.031873530301972014,219048992.0,0.018799999999999997,4.0
HCSG,False,53.11794066905898,"graham_size,graham_pe_times_pb,munger_gross_margin",1418627584.0,12.087719,2.7083333,3.022,0.03417,0.24691999,0.17114,0.04717,70280248.0,0.0,4.0
EXR,False,53.07716887677167,"graham_current_ratio,graham_debt_to_equity,graham_pe,graham_pe_times_pb,munger_roe",29143771136.0,29.15011,2.1043155,0.886,1.01674,0.06953,0.74919,0.4182600838124293,1499437568.0,0.0492,4.0
AMZN,False,53.07313920543481,"graham_current_ratio,graham_earnings_stability,graham_pe,graham_pe_times_pb",2746572865536.0,20.485518,4.9776177,1.033,0.45616999999999996,0.30558002,0.5077,0.11155296795755199,3219124992.0,0.0,3.0
MD,False,53.06142456532612,"graham_current_ratio,graham_earnings_stability,munger_gross_margin",2134117120.0,12.566986,2.3638735,1.316,0.70371,0.20389,0.26236,0.13407,160776992.0,0.0,1.0
IBKR,False,53.01424850000001,"data_missing:free_cash_flow,graham_current_ratio,graham_debt_to_equity,graham_pe,graham_pe_times_pb",148436418560.0,34.57143,6.6488595,1.093,2.05748,0.24018998,0.93036,0.76532996,,0.0039000000000000003,4.0
WTW,False,52.92024359257741,"graham_current_ratio,graham_earnings_stability,graham_pe_times_pb",27707412480.0,18.461634,3.6091115,1.098,0.9139,0.19761999,0.42516,0.23011948908117016,1415624960.0,0.0132,1.0
INGR,False,52.88271954163966,"munger_roe,munger_gross_margin",5999906816.0,10.352557,1.3269918,2.798,0.39411999999999997,0.13693,0.2532206676825045,0.14073971464191717,457249984.0,0.0352,4.0
CRI,False,52.80370836166151,"graham_size,graham_debt_to_equity",1192012160.0,6.057836,1.1603475,2.47,1.15325,0.20742,0.4535689370713622,0.049659021827709246,246791008.0,0.0308,4.0
CTRE,False,52.786849999999994,"graham_earnings_stability,graham_pe,graham_pe_times_pb,munger_roe,munger_fcf",8466385920.0,22.393751,1.8831135,3.304,0.26701,0.09056,0.96365,0.64858,-80309504.0,0.0436,3.0
AIZ,False,52.778039392857146,"graham_current_ratio,munger_gross_margin",13510767616.0,13.112495,2.2182631,0.382,0.36211,0.18341999,0.13272999,0.11734,2149574912.0,0.0132,4.0
AME,False,52.776483079314474,"graham_current_ratio,graham_pe,graham_pe_times_pb,munger_roe",56787337216.0,36.22222,5.0441794,1.214,0.20521999999999999,0.14562,0.36905998,0.2581120198629504,1492221312.0,0.0055000000000000005,4.0
BIIB,False,52.72294474932935,"graham_pe,graham_pe_times_pb,munger_roe",32140926976.0,38.637653,1.704647,1.865,0.44329,0.04575,0.8657304791514809,0.25867579700774923,1266987520.0,0.0,4.0
HOOD,False,52.71424925,"data_missing:free_cash_flow,graham_current_ratio,graham_debt_to_equity,graham_earnings_stability,graham_pe,graham_pe_times_pb",96507494400.0,47.286343,10.179232,1.116,2.40279,0.23618999,0.9189,0.43884,,0.0,2.0
FTV,False,52.688792115521665,"graham_current_ratio,graham_pe,graham_pe_times_pb,munger_roe",17172822016.0,29.64737,2.8125625,1.241,0.59283,0.07318,0.6350171912192542,0.1731624630328677,939112512.0,0.0048,4.0
WHD,False,52.67750232219621,"graham_pe,graham_pe_times_pb,munger_roe",4423174656.0,53.302517,3.5630827,2.587,0.033010000000000005,0.13114001,0.33233002,0.23214936087358243,129337624.0,0.0095,4.0
AKR,False,52.66311603281937,"graham_current_ratio,graham_earnings_stability,graham_pe,graham_pe_times_pb,munger_roe",2651976448.0,53.5,1.0690567,1.245,0.63176,0.057150003,0.70607,0.1203290509960877,187720752.0,0.044199999999999996,3.0
CAKE,False,52.65487071482974,"graham_current_ratio,graham_debt_to_equity,graham_pe,graham_pe_times_pb",5328617472.0,29.020325,10.270958,0.587,4.00999,0.38834,0.40701,0.0499186258564542,166743120.0,0.011200000000000002,4.0
MAA,False,52.55284327153175,"graham_current_ratio,graham_debt_to_equity,graham_pe,graham_pe_times_pb,munger_roe",13897376768.0,34.054092,2.4864962,0.048,1.0237699999999998,0.0705,0.58392,0.2620377540655517,921182272.0,0.052300000000000006,4.0
VMRK,False,52.54853278358452,"data_missing:price_to_book,graham_current_ratio,graham_pe,munger_roe",46531207168.0,23.04023,,0.348,0.75129,0.08487,0.7043402764301141,0.5020815786307303,1387120000.0,0.047400000000000005,4.0
CSR,False,52.41622222755843,"graham_size,graham_debt_to_equity,graham_earnings_stability,graham_pe,graham_pe_times_pb,munger_roe",973245184.0,43.64286,1.3574762,3.112,1.24015,0.03388,0.59305,0.23582740753191894,106247624.0,0.056600000000000004,1.0
CRS,False,52.35932699822534,"graham_pe,graham_pe_times_pb",19136546816.0,36.705322,8.599043,3.81,0.32658000000000004,0.25752002,0.3058382946034185,0.22469752256577685,238787504.0,0.002,4.0
CTS,False,52.34737676275372,"graham_size,graham_pe,graham_pe_times_pb,munger_roe",1635127680.0,23.958157,2.8555753,2.609,0.15692,0.12429,0.3842953679722455,0.15266811744667644,72120000.0,0.0027,4.0
RYAN,False,52.31621598761106,"graham_current_ratio,graham_debt_to_equity,graham_pe,graham_pe_times_pb",9756160000.0,53.61972,9.0750885,0.998,3.74707,0.22092,0.41487,0.16178945084536003,584760128.0,0.0138,4.0
ZBH,False,52.31513584540397,"graham_pe,munger_roe",16948952064.0,21.567963,1.3416475,1.691,0.60175,0.06413,0.69524,0.13340217457328554,1072150016.0,0.0108,4.0
CURB,False,52.31282296845012,"graham_pe,graham_pe_times_pb,munger_roe",3101824000.0,97.14286,1.4868263,2.654,0.28476,0.0146200005,0.75179,0.19184,152188000.0,0.024900000000000002,4.0
LIVN,False,52.30874658816839,"graham_current_ratio,graham_earnings_stability,graham_pe,graham_pe_times_pb",4177740800.0,22.434912,3.1498713,1.45,0.26556,0.15404001,0.677113914238145,0.1436472526625424,59872624.0,0.0,0.0
EAT,False,52.20278021093675,"graham_current_ratio,graham_debt_to_equity,graham_pe_times_pb,munger_gross_margin",8052090880.0,17.687212,18.286095,0.455,3.95763,1.19568,0.18646999,0.1067431208458174,367575008.0,0.0,4.0
WRLD,False,52.18812980641244,"graham_size,graham_debt_to_equity,graham_pe,graham_pe_times_pb,munger_roe",833980864.0,22.537783,2.2326052,10.382,1.78936,0.099,0.69242996,0.15316,60710904.0,0.0,4.0
UHS,False,52.13329679071078,graham_current_ratio,10431167488.0,7.218185,1.388265,1.116,0.6873999999999999,0.20948,0.44607,0.11483067296545219,498316992.0,0.0046,4.0
SCI,False,52.11182414814522,"graham_current_ratio,graham_debt_to_equity,graham_pe,graham_pe_times_pb,munger_gross_margin",10488318976.0,20.145288,6.8392286,0.531,3.44863,0.34714,0.26456534966539297,0.22697467809824207,315907872.0,0.018600000000000002,4.0
ARE,False,52.10607142857143,"data_missing:trailing_pe,graham_earnings_stability,munger_roe",7783869440.0,,0.49647105,2.35,0.6867,-0.040760003,0.68198997,0.17282,1344973952.0,0.0637,0.0
ECG,False,52.06125733131953,"graham_pe,graham_pe_times_pb,munger_gross_margin",6218043392.0,24.501007,8.04187,1.587,0.47096,0.39525002,0.12120691215296231,0.0706680863455911,184378496.0,0.0,4.0
PARR,False,52.03888004419404,"graham_earnings_stability,munger_gross_margin",4392234496.0,5.117922,2.179057,1.84,0.5616599999999999,0.53489,0.23056,0.07217458286724762,82314872.0,0.0,1.0
ALV,False,51.968578456949125,"graham_current_ratio,graham_pe_times_pb,munger_gross_margin",8085754880.0,13.019458,3.2473013,1.029,0.8752500000000001,0.25858,0.1917706888580675,0.10060101710587148,742124992.0,0.0315,4.0
CHD,False,51.85179255449134,"graham_current_ratio,graham_pe,graham_pe_times_pb",23264958464.0,31.4359,5.3493323,1.147,0.55851,0.17041,0.447317513541398,0.1737167913335053,939262528.0,0.0127,4.0
GPN,False,51.838596842886886,"graham_current_ratio,graham_pe,graham_pe_times_pb,munger_roe",21828370432.0,38.727695,0.9487716,0.825,0.98273,0.02428,0.63959,0.2276994263340271,7867763200.0,0.0123,4.0
DASH,False,51.8334260970997,"graham_current_ratio,graham_earnings_stability,graham_pe,graham_pe_times_pb,munger_roe",83065380864.0,100.89737,8.371763,1.368,0.33276000000000006,0.088870004,0.52225,0.05270831814536706,5147500032.0,0.0,2.0
PLAB,False,51.79195839683004,"graham_size,munger_roe",1742776448.0,10.512456,1.3419954,4.941,0.00223,0.13769001,0.3530344026921184,0.2450988703558485,29464124.0,0.0,4.0
REX,False,51.786045634546284,"graham_size,munger_gross_margin",1488259200.0,12.290411,2.2093081,6.884,0.023090000000000003,0.19591999,0.14405514637494676,0.22362,47938876.0,0.0,4.0
STE,False,51.7593255727604,"graham_pe,graham_pe_times_pb,munger_roe",20462348288.0,25.656477,2.8393424,1.906,0.28312000000000004,0.11389,0.4424771306794252,0.18561633450698292,798862528.0,0.0123,4.0
PFG,False,51.7242447633407,"graham_pe_times_pb,munger_roe",23495841792.0,15.767241,1.9397602,1.586,0.35307,0.12949,0.47345,0.12336001,1056374976.0,0.030600000000000002,4.0
DBX,False,51.714739049130166,"data_missing:debt_to_equity,data_missing:return_on_equity,graham_current_ratio,graham_pe_times_pb",7371305472.0,18.729282,-3.4036145,1.074,,,0.8013486711622372,0.27334391114637047,783075008.0,0.0,4.0
AGO,False,51.59974360350256,"graham_current_ratio,munger_roe",3086241024.0,9.344208,0.55584604,0.99,0.30563,0.06666,0.94342005,0.4264,14625000.0,0.022000000000000002,4.0
GIII,False,51.576866666666675,"graham_size,graham_earnings_stability,munger_roe",1158952064.0,8.747573,0.6315126,2.704,0.18736999999999998,0.07677,0.39953,0.00728,151427872.0,0.0148,3.0
URI,False,51.51562226717806,"graham_current_ratio,graham_debt_to_equity,graham_pe,graham_pe_times_pb",65158234112.0,25.170593,7.074806,0.764,1.6679300000000001,0.28895,0.38163861109385677,0.24678551462823778,1706249984.0,0.0076,4.0
TDW,False,51.48117560793588,"graham_earnings_stability,graham_pe_times_pb,munger_gross_margin",4191962624.0,17.15886,3.0088212,3.582,0.47051000000000004,0.19448,-0.07472836353195413,0.20889926418517046,367619136.0,0.0,3.0
DT,False,51.383674634095655,"graham_current_ratio,graham_pe,graham_pe_times_pb,munger_roe",17655138304.0,122.18,7.237294,1.208,0.06498999999999999,0.058790002,0.8155933426047631,0.12157579294753681,546524224.0,0.0,4.0
MGM,False,51.36081656718372,"graham_current_ratio,graham_debt_to_equity,graham_pe_times_pb",7590553600.0,18.623457,3.0194156,1.335,8.933110000000001,0.18924999,0.44157,0.05712157073428685,878991104.0,0.0,4.0
NXST,False,51.28463329703933,"graham_debt_to_equity,graham_pe,graham_pe_times_pb,munger_roe",4986015232.0,30.651514,2.201186,1.562,5.337899999999999,0.07434,0.55070996,0.17154980804202868,800625024.0,0.0471,4.0
LDOS,False,51.24075681035881,"graham_debt_to_equity,graham_pe_times_pb,munger_gross_margin",14921929728.0,11.076564,2.817413,1.629,1.2327599999999999,0.27781,0.17795,0.12280190986374752,1146625024.0,0.0151,4.0
ITRI,False,51.23086968907773,"graham_earnings_stability,graham_pe_times_pb",3687720192.0,14.083612,2.2810867,2.746,0.9775400000000001,0.16885,0.37686729520267453,0.13225278536528903,295262240.0,0.0,3.0
KDP,False,51.17277451851788,"graham_current_ratio,graham_pe,graham_pe_times_pb,munger_roe",42430554112.0,31.49495,1.6950258,0.479,0.99649,0.051,0.5420104800337289,0.215322532072517,4607249920.0,0.0301,4.0
WMB,False,51.127250000000004,"graham_current_ratio,graham_debt_to_equity,graham_pe,graham_pe_times_pb,munger_fcf",88642953216.0,28.87251,6.737635,0.477,2.00371,0.21503,0.63637,0.3511297071129707,-1516749952.0,0.0294,4.0
DEI,False,51.10491226325629,"data_missing:trailing_pe,graham_size,graham_current_ratio,graham_debt_to_equity,graham_earnings_stability,munger_roe",1976622080.0,,0.89550877,0.546,1.6313300000000002,-0.01928,0.6335223141450743,0.25911461947598013,395813120.0,0.0771,2.0
CW,False,51.10430415320772,"graham_pe,graham_pe_times_pb",18798708736.0,35.053375,6.786243,1.602,0.41481999999999997,0.19746,0.3720399088490304,0.18109023282829842,553040256.0,0.002,4.0
AMSF,False,51.077923776252156,"data_missing:debt_to_equity,graham_size,munger_gross_margin",460673888.0,9.931451,1.824985,2.042,,0.18225001,0.27679002,0.19858,36250000.0,0.0675,4.0
JOE,False,51.07560180727268,"graham_pe,graham_pe_times_pb",3700479488.0,30.51643,4.8456836,3.839,0.71346,0.16246,0.4305342857031521,0.28491405680706716,118878000.0,0.0097,4.0
PHM,False,51.06785285833008,"munger_roe,munger_gross_margin",21556387840.0,11.547449,1.6319599,7.272,0.19065000000000001,0.14901,0.25565,0.15685001,1078512896.0,0.009300000000000001,4.0
NFG,False,51.044,munger_fcf,7485751808.0,10.96936,1.9076686,3.201,0.9092,0.19576,0.63229,0.35716546924951076,-24765500.0,0.0286,4.0
DORM,False,51.02167087513409,graham_pe_times_pb,3638824448.0,17.006935,2.4010184,3.598,0.34867,0.15048,0.4214096574268924,0.140611335673202,143988752.0,0.0,4.0
UPS,False,50.932601873096495,"graham_current_ratio,graham_debt_to_equity,graham_pe_times_pb,munger_gross_margin",80109592576.0,17.50186,5.318272,1.179,1.899,0.29602,0.22413,0.08873123470296974,5593999872.0,0.0711,4.0
CCK,False,50.92109811183179,"graham_current_ratio,graham_debt_to_equity,graham_pe_times_pb,munger_gross_margin",11841300480.0,15.665468,4.0827613,1.049,1.86334,0.27367002,0.20957,0.1255964415689446,853875008.0,0.012199999999999999,4.0
EFX,False,50.88630367778391,"graham_current_ratio,graham_debt_to_equity,graham_pe,graham_pe_times_pb,munger_roe",16994189312.0,25.466549,3.883534,0.602,1.20956,0.14275,0.55542,0.1802946744588032,947537472.0,0.015700000000000002,4.0
CRC,False,50.87168913540925,"data_missing:trailing_pe,graham_current_ratio,munger_roe",4707454464.0,,1.3837398,0.661,0.39594,-0.03554,0.5676,0.16298718997001907,299500000.0,0.030899999999999997,4.0
MZTI,False,50.861054552121566,"graham_pe_times_pb,munger_gross_margin",2784500736.0,14.617478,2.6440177,1.559,0.24097000000000002,0.18677999,0.24732216374247792,0.12369580008114733,132784872.0,0.039900000000000005,4.0
EIX,False,50.78642695691663,"graham_current_ratio,graham_debt_to_equity",20887703552.0,5.595876,1.1972033,0.662,2.28042,0.19734,0.61005,0.36718952218253353,82375000.0,0.0645,4.0
AXP,False,50.74776826273877,"data_missing:free_cash_flow,graham_debt_to_equity,graham_pe_times_pb",205726400512.0,18.485437,5.998622,1.553,1.7238,0.34377,0.62338,0.1158504261305713,,0.0125,4.0
MTCH,False,50.72325423542174,"data_missing:debt_to_equity,data_missing:return_on_equity,graham_pe_times_pb",9514889216.0,14.698583,-40.203686,1.724,,,0.74872,0.250209265493174,930664000.0,0.0196,4.0
KFY,False,50.7169984776102,"munger_roe,munger_gross_margin",4056737024.0,13.70416,1.8462069,2.371,0.29869,0.14506,0.24725,0.1275225520912558,253317744.0,0.031200000000000002,4.0
ABT,False,50.69185155839623,"graham_current_ratio,graham_pe,graham_pe_times_pb,munger_roe",171533762560.0,31.767744,3.3341234,1.376,0.63212,0.10576,0.56847,0.18166847139505504,7209124864.0,0.0255,4.0
AAT,False,50.65555458608608,"graham_size,graham_current_ratio,graham_debt_to_equity,graham_pe,graham_pe_times_pb,munger_roe",1668583936.0,74.17242,1.1769534,0.62,1.61778,0.02164,0.6112025566019569,0.33454988950124254,98077376.0,0.0633,4.0
DRI,False,50.63072678352031,"graham_current_ratio,graham_debt_to_equity,graham_pe_times_pb,munger_gross_margin",22763851776.0,19.533495,11.020761,0.298,4.153020000000001,0.55431,0.20302174719360527,0.11981015676448993,794787520.0,0.0322,4.0
WST,False,50.56766639214797,"graham_pe,graham_pe_times_pb",25593903104.0,46.5653,8.562297,2.822,0.10585000000000001,0.19087,0.35912950131745874,0.19026707003675872,277937504.0,0.0024,4.0
DINO,False,50.56553511519427,munger_gross_margin,21303840768.0,11.412381,2.0713556,1.971,0.32261,0.19504999,0.12892,0.034500725743421785,2035624960.0,0.0182,4.0
LIN,False,50.51426272341766,"graham_current_ratio,graham_pe,graham_pe_times_pb",221908942848.0,31.077148,5.678183,0.879,0.68947,0.18400998,0.48348,0.26254928499970576,4160750080.0,0.0132,4.0
RPM,False,50.49172448037049,graham_pe_times_pb,12650066944.0,18.334566,3.8232348,1.756,0.78764,0.21149999,0.41435204672978254,0.16034001,544477888.0,0.022000000000000002,4.0
ALRM,False,50.466459213429005,"graham_pe,graham_pe_times_pb,munger_roe",2730344448.0,24.610132,3.1547875,4.96,0.62337,0.13311,0.65809,0.1321595313230886,100146624.0,0.0,4.0
PEN,False,50.444064990832715,"graham_earnings_stability,graham_pe,graham_pe_times_pb,munger_roe",12497082368.0,77.95331,8.164016,5.75,0.13896,0.1137,0.6714116259933817,0.13482490480278414,161100128.0,0.0,3.0
NOW,False,50.443056057402956,"graham_current_ratio,graham_pe,graham_pe_times_pb,munger_roe",142983118848.0,86.4375,11.424088,0.701,0.67538,0.14244,0.7753426720891701,0.13737008585630367,5149374976.0,0.0,4.0
CAT,False,50.43466520839889,"graham_current_ratio,graham_debt_to_equity,graham_pe,graham_pe_times_pb,munger_gross_margin",364848545792.0,34.167458,18.811415,1.368,2.32783,0.56972003,0.29713,0.16498246756128956,5048999936.0,0.0076,4.0
COIN,False,50.43458660425698,"data_missing:trailing_pe,graham_earnings_stability,munger_roe",45959073792.0,,3.5130587,2.423,0.5098199999999999,-0.07847,0.8581,0.1998852579433461,2668452864.0,0.0,3.0
BDX,False,50.40282724514179,"graham_current_ratio,graham_pe,graham_pe_times_pb,munger_roe",49611169792.0,42.35697,2.0319176,0.865,0.6884,0.06607,0.47138235660072164,0.11808608058608058,4478374912.0,0.0233,4.0
LZB,False,50.40078678204567,"graham_size,munger_roe",1180355200.0,14.883838,1.1648681,1.665,0.5279200000000001,0.080469996,0.44041455162733617,0.06075654731535971,182847744.0,0.0326,4.0
MIDD,False,50.38567666794713,"data_missing:trailing_pe,graham_earnings_stability,munger_roe",4798543360.0,,2.1713152,1.987,0.90515,0.10974,0.3910765393748973,0.17958598051606864,604098624.0,0.0,0.0
OSK,False,50.31733597839432,"munger_roe,munger_gross_margin",7892116480.0,14.498855,1.7290013,1.718,0.24359000000000003,0.12387,0.17452961438454084,0.09014325053011331,734037504.0,0.0177,4.0
WMS,False,50.315885040806684,"graham_pe,graham_pe_times_pb",9434717184.0,21.315163,4.9804955,2.119,0.97185,0.26354,0.38270232915548774,0.2029920245897555,327261376.0,0.0063,4.0
ESE,False,50.28511247809363,"graham_current_ratio,graham_pe,graham_pe_times_pb,munger_roe",6579032576.0,47.11364,4.0679617,1.382,0.09315,0.095,0.42008,0.15552023575208054,233938368.0,0.0012,4.0
SONO,False,50.27444307996283,"graham_size,graham_earnings_stability,graham_pe,graham_pe_times_pb,munger_roe",1997393792.0,37.522224,4.9487104,1.615,0.14081,0.14175999,0.43687416682602637,-0.0349676707712177,97409872.0,0.0,0.0
ARR,False,50.24824999999999,"data_missing:free_cash_flow,graham_size,graham_current_ratio,graham_debt_to_equity,graham_earnings_stability",1909550464.0,3.3226602,0.7133037,1.142,7.567240000000001,0.20331,1.0,0.86998004,,0.2167,1.0
WM,False,50.214712470345916,"graham_current_ratio,graham_debt_to_equity,graham_pe,graham_pe_times_pb",84172029952.0,29.827196,8.485996,0.907,2.35301,0.29841,0.40601003,0.17092524996032377,2348375040.0,0.0182,4.0
IRT,False,50.21002280541499,"graham_current_ratio,graham_earnings_stability,graham_pe,graham_pe_times_pb,munger_roe",3530598656.0,81.166664,1.0234677,0.588,0.7015600000000001,0.0125899995,0.60678,0.2709902108433735,186066880.0,0.0499,2.0
SCHW,False,50.20475,"data_missing:free_cash_flow,graham_current_ratio,graham_debt_to_equity,graham_pe_times_pb",167857979392.0,17.680328,3.8179996,0.655,1.5110599999999998,0.20273,0.97495,0.52277,,0.0134,4.0
TRMB,False,50.145538085207484,"data_missing:trailing_pe,graham_current_ratio,munger_roe",13883528192.0,,2.7167366,0.954,0.28553,-0.01939,0.6907423410364341,0.16502662169319543,686174976.0,0.0,4.0
AIT,False,50.13904209178246,"graham_pe,graham_pe_times_pb",12252590080.0,30.461187,6.772726,2.578,0.25967,0.22368999,0.30337834926548607,0.11063091163806207,362843616.0,0.0059,4.0
EEFT,False,50.12940527521032,"graham_current_ratio,graham_debt_to_equity,munger_gross_margin",2428429568.0,10.139904,1.939427,1.371,2.25391,0.22371,0.24004,0.12482917864379624,311637504.0,0.0,4.0
SYY,False,50.11534391387846,"graham_current_ratio,graham_debt_to_equity,graham_pe,graham_pe_times_pb,munger_gross_margin",38647222272.0,21.465847,14.102495,1.277,5.64591,0.77692,0.18496091209064136,0.03660426004990953,1914000000.0,0.0286,4.0
FCX,False,50.099522247266556,"graham_pe,graham_pe_times_pb,munger_roe",101504892928.0,34.820198,5.047847,2.066,0.32149,0.14755,0.38275,0.25151456685317386,2159249920.0,0.0084,4.0
CDW,False,50.083825431937235,"graham_current_ratio,graham_debt_to_equity,graham_pe_times_pb,munger_gross_margin",17487437824.0,16.812502,7.1770144,1.167,2.6327800000000003,0.44009998,0.21732867762808764,0.07383127973920915,676787520.0,0.0184,4.0
ISRG,False,50.06723163268036,"data_missing:debt_to_equity,data_missing:consecutive_positive_earnings_years,graham_pe,graham_pe_times_pb",146672205824.0,47.61181,8.087089,4.963,,0.17423001,0.6599600584220096,0.29265651236499846,2615200000.0,0.0,
TREX,False,50.031304399667874,"graham_current_ratio,graham_pe,graham_pe_times_pb",4633363968.0,26.232353,4.653068,1.061,0.30034,0.17740999,0.3917030794529694,0.21967831847441852,69669128.0,0.0,4.0
NCLH,False,50.02969396874373,"graham_current_ratio,graham_debt_to_equity,graham_earnings_stability,munger_fcf",7089860096.0,9.530864,2.7556665,0.2,6.21051,0.3673,0.42457,0.19436341482624267,-1680301312.0,0.0,3.0
WFRD,False,49.980075565872646,"graham_pe_times_pb,munger_gross_margin",5499996160.0,15.169625,3.0883832,2.344,0.9066500000000001,0.22793,0.22224465078724262,0.0951281459247287,558000000.0,0.0138,4.0
NABL,False,49.94521848360759,"data_missing:trailing_pe,graham_size,graham_current_ratio,graham_earnings_stability,munger_roe",852908416.0,,1.0601081,1.305,0.5425099999999999,-0.00632,0.7711241030052989,0.07193359795084371,70063376.0,0.0,0.0
RJF,False,49.94475789285715,"data_missing:free_cash_flow,graham_pe_times_pb",30401806336.0,13.778988,2.3910708,2.109,0.47594000000000003,0.18416001,0.93156,0.19301,,0.0137,4.0
ATEN,False,49.93553995156767,"graham_current_ratio,graham_pe,graham_pe_times_pb",2006187264.0,47.63793,8.41352,1.29,0.9500700000000001,0.19444999,0.7933555206035304,0.1622469945656102,61384500.0,0.0084,4.0
SLG,False,49.91933266666667,"data_missing:trailing_pe,graham_debt_to_equity,graham_earnings_stability,munger_roe",3753544704.0,,1.0846285,2.466,1.4255600000000002,-0.03573,0.44757998,0.6499512484970779,581023296.0,0.0508,0.0
AGNC,False,49.84925,"data_missing:free_cash_flow,graham_current_ratio,graham_debt_to_equity,graham_earnings_stability",10278124544.0,4.4234695,0.9545304,0.192,7.170929999999999,0.19799,1.0,0.95614,,0.17,3.0
TDY,False,49.743176734811485,"graham_pe,graham_pe_times_pb,munger_roe",27967973376.0,29.205612,2.5629618,2.181,0.18565,0.09154,0.43339002,0.18801713706380613,912675008.0,0.0,4.0
NVST,False,49.70977890263184,"graham_earnings_stability,graham_pe,graham_pe_times_pb,munger_roe",3613898496.0,38.793106,1.174628,2.425,0.5162,0.030569999,0.5466813752528038,0.07946313660599374,267887504.0,0.0,1.0
MRP,False,49.7029997,"graham_earnings_stability,munger_roe,munger_fcf",3742720256.0,7.853659,0.6395778,46.568,0.42579999999999996,0.081199996,0.85307,0.8094913741275453,-1379807232.0,0.13970000000000002,1.0
NLY,False,49.675250000000005,"data_missing:free_cash_flow,graham_current_ratio,graham_debt_to_equity,graham_earnings_stability",13819353088.0,4.4938726,0.9100158,0.558,7.37543,0.19567,0.97972,0.91652,,0.1673,2.0
DTM,False,49.67457709327597,"graham_current_ratio,graham_pe,graham_pe_times_pb,munger_roe",12646836224.0,27.126913,2.6463306,1.372,0.6854300000000001,0.09901,0.75344,0.49396621078037006,128000000.0,0.028300000000000002,4.0
LMT,False,49.66020605819254,"graham_current_ratio,graham_debt_to_equity,graham_pe_times_pb,munger_gross_margin",117243543552.0,18.724955,13.325848,1.193,2.34238,0.89165,0.10152169278328536,0.10301407099456347,5562625024.0,0.0271,4.0
MTN,False,49.65195509048412,"graham_current_ratio,graham_debt_to_equity,graham_pe,graham_pe_times_pb",5171750912.0,34.720097,9.372901,0.799,6.121849999999999,0.26042,0.4373,0.1481715197357202,190187632.0,0.061200000000000004,4.0
BKNG,False,49.643577915795504,"data_missing:debt_to_equity,data_missing:return_on_equity,graham_current_ratio,graham_pe_times_pb",123872075776.0,17.722837,-11.237171,1.094,,,0.9809163315195962,0.3278597169075306,7725875200.0,0.0108,4.0
AN,False,49.628802305447635,"graham_current_ratio,graham_debt_to_equity,munger_gross_margin",5188067328.0,7.268411,2.3011892,0.782,5.0158499999999995,0.32766998,0.17908973124778332,0.04487286203377317,356124992.0,0.0,4.0
GNL,False,49.60336913563938,"data_missing:trailing_pe,graham_size,graham_debt_to_equity,graham_earnings_stability,munger_roe",1845916544.0,,1.115304,5.63,1.61696,-0.00962,0.85733,0.22407861316491887,366119616.0,0.0934,0.0
HST,False,49.598737380251414,"graham_pe_times_pb,munger_gross_margin",15704291328.0,15.273648,2.4238687,1.671,0.8529800000000001,0.15558,0.29195,0.13984298331697742,1692375040.0,0.036000000000000004,4.0
GAP,False,49.56291077269946,"graham_debt_to_equity,graham_earnings_stability",8186350592.0,7.0195785,2.0704515,1.822,1.44773,0.33776,0.4079135754262658,0.07256280098919693,246375008.0,0.0296,3.0
BCPC,False,49.53068080020523,"graham_pe,graham_pe_times_pb,munger_roe",5355666944.0,33.071854,4.1222153,2.665,0.12801,0.12793,0.3573533906500534,0.20182594601995255,134847504.0,0.0058,4.0
MRVL,False,49.49446140209111,"graham_earnings_stability,graham_pe,graham_pe_times_pb",245081243648.0,89.70559,12.903004,3.168,0.28525,0.16523,0.5101774339198984,0.16143557952798185,2408049920.0,0.0008,1.0
PH,False,49.493079396678574,"graham_current_ratio,graham_pe,graham_pe_times_pb,munger_gross_margin",119201456128.0,33.1882,7.7375836,1.262,0.5666,0.25076,0.23611907314400027,0.23573189450672125,2961750016.0,0.0084,4.0
ADUS,False,49.37849424104935,"graham_pe,graham_pe_times_pb,munger_roe",2149342208.0,20.16725,1.8347008,1.69,0.09478,0.09706,0.3246848924100019,0.0974425846906568,116251504.0,0.0,4.0
OMCL,False,49.321664438296025,"graham_size,graham_earnings_stability,graham_pe,graham_pe_times_pb,munger_roe",1581467904.0,41.273808,1.2243528,1.644,0.15484,0.03059,0.4249011474074668,0.004355000021099806,134181872.0,0.0,2.0
IEX,False,49.313225071875905,"graham_pe,graham_pe_times_pb,munger_roe",17038142464.0,33.254677,4.2671986,3.049,0.4706,0.12955,0.44506146059291396,0.20225596529284165,555612480.0,0.0125,4.0
ARES,False,49.303915824687316,"graham_current_ratio,graham_debt_to_equity,graham_pe,graham_pe_times_pb,munger_roe",38413914112.0,54.35807,10.4961195,0.62,1.7237799999999999,0.14918,1.0,0.09473,2159716096.0,0.0467,4.0
DCI,False,49.29703917898042,"graham_pe,graham_pe_times_pb",10134876160.0,22.72857,5.752744,2.076,0.7836700000000001,0.28205,0.3333333333333333,0.1364547084256037,321849984.0,0.014199999999999999,4.0
DOV,False,49.258436361407284,"graham_pe,graham_pe_times_pb,munger_roe",25486886912.0,22.882708,3.308276,1.979,0.42316000000000004,0.14914,0.397669541607976,0.16970638873603952,906472128.0,0.011200000000000002,4.0
WSO,False,49.16254909848751,"data_missing:consecutive_positive_earnings_years,graham_pe,graham_pe_times_pb,munger_gross_margin",11736662016.0,24.379606,3.6664605,3.199,0.15411,0.16744,0.28047833420128215,0.09950520009558948,483663744.0,0.0467,
BURL,False,49.113603102282894,"graham_current_ratio,graham_debt_to_equity,graham_pe,graham_pe_times_pb",17433729024.0,24.936209,8.707137,1.172,2.94974,0.41412997,0.44084,0.06718,107377376.0,0.0,4.0
SPXC,False,49.10414199086922,"graham_pe,graham_pe_times_pb,munger_roe",8408163840.0,29.607584,3.5799584,1.825,0.26175,0.14684,0.40287998,0.15469515694671318,234024992.0,0.0,4.0
FSS,False,49.07360655485006,"graham_pe,graham_pe_times_pb,munger_gross_margin",6854973440.0,24.202587,4.546927,2.739,0.32223,0.20608,0.2894748910800275,0.1563402889245586,194724992.0,0.0052,4.0
NYT,False,49.055269717935786,"data_missing:debt_to_equity,graham_pe,graham_pe_times_pb",10717293568.0,27.687498,5.2426033,1.58,,0.19724001,0.50958997,0.15276797415004612,459932128.0,0.014199999999999999,4.0
MTDR,False,49.04975995605462,"graham_current_ratio,munger_roe,munger_fcf",6758217728.0,9.367067,1.1421819,0.65,0.69104,0.13592,0.8239,0.3318317323079412,-907763968.0,0.028399999999999998,4.0
LGND,False,49.043786890605986,"graham_debt_to_equity,graham_earnings_stability,graham_pe,graham_pe_times_pb",5805847552.0,30.688095,5.9960885,31.178,1.16944,0.21962,0.81198996,0.1529428879430931,139748880.0,0.0,1.0
PPG,False,48.97813527610457,graham_pe_times_pb,23495997440.0,15.186063,2.782912,1.58,0.86938,0.19297001,0.41202998,0.1646964659524689,1104625024.0,0.0282,4.0
CR,False,48.97529484481268,"graham_pe,graham_pe_times_pb",11657464832.0,35.19808,5.3531427,2.804,0.51181,0.16521999,0.40718843843843844,0.1840347071583514,363750016.0,0.005,4.0
ENVA,False,48.973244392776174,"data_missing:free_cash_flow,graham_debt_to_equity,graham_pe_times_pb",4558892032.0,13.59317,3.0436013,20.146,3.3701499999999998,0.26081,0.5807241469793788,0.23461719929192712,,0.0,4.0
PRSU,False,48.96018080736299,"graham_size,graham_pe,graham_pe_times_pb,munger_roe,munger_fcf",1434639872.0,35.795918,2.6751397,1.606,0.39954999999999996,0.08914,0.92541003,0.309585052171803,-54856000.0,0.0,4.0
O,False,48.95193387199832,"graham_pe,graham_pe_times_pb,munger_roe",51091042304.0,39.126812,1.2918081,1.528,0.74722,0.03225,0.9268,0.46965998,1582081920.0,0.0611,4.0
MTSI,False,48.89270362406437,"graham_earnings_stability,graham_pe,graham_pe_times_pb",24593729536.0,102.55732,15.961042,2.338,0.26873,0.17184,0.5469088909060458,0.13404076265070952,104351504.0,0.0,0.0
QRVO,False,48.88308689291338,"data_missing:consecutive_positive_earnings_years,graham_pe,graham_pe_times_pb,munger_roe",10071849984.0,26.48956,2.9009554,3.543,0.44619,0.115559995,0.4589083046238471,0.11184507234844912,476142016.0,0.0,
CVCO,False,48.85159809765007,"graham_pe,graham_pe_times_pb,munger_gross_margin",4213177088.0,23.83297,3.8041546,2.229,0.03702,0.16658,0.23474530018868303,0.10183492574086492,163879120.0,0.0,4.0
DHI,False,48.65643228782931,"munger_roe,munger_gross_margin",37874352128.0,12.908484,1.5959127,6.011,0.29451,0.12632,0.21298,0.1299,2413900032.0,0.0132,4.0
XYL,False,48.643760875553056,"graham_pe,graham_pe_times_pb,munger_roe",23806316544.0,24.276192,2.2845619,1.613,0.28642,0.09182999,0.38461538461538464,0.13536247924737133,1183750016.0,0.016399999999999998,4.0
HR,False,48.630689657579346,"data_missing:trailing_pe,graham_current_ratio,graham_debt_to_equity,graham_earnings_stability,munger_roe",6045211136.0,,1.4006501,0.342,1.03031,-0.019199999,0.61946,0.2013827586768514,493022368.0,0.056900000000000006,0.0
VFC,False,48.527252195697365,"graham_current_ratio,graham_debt_to_equity,graham_earnings_stability,graham_pe,graham_pe_times_pb",5729936384.0,21.433823,1.5416753,1.425,2.80723,0.17938,0.55037,0.06002671259453336,324440736.0,0.025,1.0
PRG,False,48.52607383085003,"graham_size,graham_debt_to_equity",1216856320.0,9.791667,1.510955,4.518,1.10148,0.17066,0.36145002,0.08582559605316735,1535915904.0,0.018500000000000003,4.0
CNMD,False,48.525135933626714,"graham_size,graham_current_ratio,graham_earnings_stability,graham_pe,graham_pe_times_pb,munger_roe",1350352000.0,24.37027,1.298232,1.484,0.80109,0.05527,0.5459095789409365,0.07464916594167266,131359624.0,0.0,3.0
VVV,False,48.49456783969092,"graham_current_ratio,graham_debt_to_equity,graham_pe,graham_pe_times_pb",3949220096.0,38.209877,9.476424,0.702,4.7499400000000005,0.28399,0.38502017189966675,0.2279717008711922,72525000.0,0.0,4.0
MS,False,48.47749925,"data_missing:free_cash_flow,graham_debt_to_equity,graham_pe_times_pb",293405327360.0,15.090065,2.7553427,1.999,5.172820000000001,0.17969999,0.87641,0.41567,,0.0242,4.0
TRGP,False,48.46178523145021,"graham_current_ratio,graham_debt_to_equity,graham_pe,graham_pe_times_pb,munger_gross_margin",62090645504.0,27.6826,19.823372,0.771,5.15794,0.70839995,0.2943801824451338,0.19562727929388135,65837500.0,0.0175,4.0
DOC,False,48.348107142857145,"graham_debt_to_equity,graham_pe,graham_pe_times_pb,munger_roe",13108434944.0,52.82857,1.6250658,2.286,1.08653,0.03039,0.57648,0.1599,1645113088.0,0.0654,4.0
SAFT,False,48.272133333333336,"graham_size,graham_current_ratio,graham_pe,graham_pe_times_pb,munger_roe,munger_gross_margin",1526329728.0,22.31116,1.7413951,0.385,0.06817999999999999,0.07842,0.07645,0.13685,160487248.0,0.0354,4.0
MMS,False,48.25445645230644,munger_gross_margin,3052457728.0,8.62426,1.7537526,2.421,0.99546,0.21112,0.2455119202191161,0.09726793482783788,354073760.0,0.023700000000000002,4.0
TYL,False,48.22141997940588,"graham_pe,graham_pe_times_pb,munger_roe",13450363904.0,43.21579,4.4261765,1.554,0.47906,0.09731,0.46464066131010057,0.15335499969987224,594435648.0,0.0,4.0
GTES,False,48.17956726452898,"graham_pe_times_pb,munger_roe",6769262080.0,18.964539,1.9220817,3.244,0.60695,0.10384,0.39837941449814124,0.13513592007434944,417662496.0,0.0,4.0
KMT,False,48.10190208438315,munger_fcf,2420036352.0,7.167421,1.5380135,2.618,0.47334000000000004,0.23853001,0.4115741601172488,0.20050596215552438,-171881504.0,0.0239,4.0
VMI,False,48.052221562091646,graham_pe_times_pb,9130046464.0,18.356361,5.2577505,2.354,0.50676,0.29777,0.30212114611186563,0.10125869191360254,142812496.0,0.0066,4.0
DEA,False,48.0461825320256,"graham_size,graham_current_ratio,graham_debt_to_equity,graham_pe,graham_pe_times_pb,munger_roe",1135954688.0,122.0,0.8327346,0.604,1.25876,0.0077100005,0.67524004,0.17425175820559718,127493128.0,0.0774,4.0
GEHC,False,47.992118517654895,"graham_current_ratio,graham_pe_times_pb",29167661056.0,14.740231,2.6389003,1.264,0.93965,0.19376,0.3999030303030303,0.13396363636363637,1573124992.0,0.0025,4.0
GILD,False,47.982092552328645,"data_missing:trailing_pe,graham_current_ratio,graham_debt_to_equity,munger_roe",182335422464.0,,15.426984,1.265,2.2346500000000002,-0.2068,0.79603994,0.34038650952688243,9768875008.0,0.0223,4.0
L,False,47.9484202905209,"graham_current_ratio,munger_roe",22016864256.0,13.198529,1.15165,0.507,0.44609000000000004,0.09313,0.36290002,0.14533,1262000000.0,0.0024,4.0
AMRX,False,47.888171049734076,"graham_debt_to_equity,graham_earnings_stability,graham_pe,graham_pe_times_pb,munger_fcf",6844016640.0,40.10204,190.77669,2.205,23.86528,6.1301703,0.36879645947342615,0.13054896712557473,-115327128.0,0.0,1.0
FIVE,False,47.780087668504876,graham_pe_times_pb,11542353920.0,18.786291,4.66159,2.222,0.8233199999999999,0.28250998,0.35610576054153226,0.09600858243878704,367360512.0,0.0,4.0
DHR,False,47.756017952753126,"graham_pe,graham_pe_times_pb,munger_roe",152038309888.0,38.551693,2.891145,1.651,0.5297,0.07605,0.5911348095083034,0.19089873005535657,4325125120.0,0.0073,4.0
GTM,False,47.74138226719259,"data_missing:trailing_pe,graham_size,graham_current_ratio,graham_debt_to_equity,munger_roe",1100396032.0,,1.3333333,0.651,1.83227,-0.45449,0.8402561024409764,0.18063225290116047,356462496.0,0.0,4.0
UPBD,False,47.71685104917649,"graham_size,graham_debt_to_equity,graham_earnings_stability,munger_roe",908304704.0,10.116883,1.2384738,3.126,2.32932,0.12733,0.48385079554876925,0.04757062794285314,1568163200.0,0.0999,2.0
GS,False,47.6765,"data_missing:free_cash_flow,graham_debt_to_equity,graham_pe_times_pb",256434651136.0,13.601544,2.4325435,1.563,7.25381,0.16902,0.82075995,0.42176998,,0.0225,4.0
FICO,False,47.67601948953667,"data_missing:debt_to_equity,data_missing:return_on_equity,graham_current_ratio,graham_pe,graham_pe_times_pb",15273199616.0,20.473942,-3.7276566,1.183,,,0.851,0.46454588423447246,774413504.0,0.0,4.0
NSC,False,47.63592900757709,"graham_current_ratio,graham_debt_to_equity,graham_pe,graham_pe_times_pb",71335616512.0,27.098976,4.3890443,0.831,1.05519,0.16985,0.45159,0.35763546798029555,1382249984.0,0.0172,4.0
IVT,False,47.621310513827275,"graham_pe,graham_pe_times_pb,munger_roe",2305822208.0,155.63158,1.3056917,1.849,0.62113,0.0085,0.72560996,0.2006123629119327,117164248.0,0.0341,4.0
HAE,False,47.579602517925764,"graham_debt_to_equity,graham_pe,graham_pe_times_pb,munger_roe",5406869504.0,57.41063,6.455538,3.08,1.40265,0.111999996,0.5903823535805497,0.11748937615205689,312840000.0,0.0,4.0
VST,False,47.55116040396987,"graham_current_ratio,graham_debt_to_equity,graham_earnings_stability,graham_pe,graham_pe_times_pb",52624240640.0,26.440134,17.52431,0.973,3.7327999999999997,0.42962003,0.38309,0.10745292592174992,37125000.0,0.0055000000000000005,3.0
AXTA,False,47.456085452070525,"graham_debt_to_equity,graham_pe,graham_pe_times_pb,munger_roe",7026276864.0,20.141106,2.7857447,1.533,1.19424,0.14344,0.34039003,0.1436388508891929,539500032.0,0.0,4.0
RBC,False,47.45034441164272,"graham_pe,graham_pe_times_pb,munger_roe",15702984704.0,49.01186,4.5229473,2.53,0.25364000000000003,0.09747,0.4437436527874285,0.22502538885028595,283237504.0,0.0,4.0
P,False,47.43560687313596,"graham_pe,graham_pe_times_pb,munger_fcf",50310651904.0,206.8219,32.658443,1.511,0.14622,0.17714001,0.7038120388998382,0.03134614287317256,-114351752.0,0.0,4.0
POOL,False,47.38544501614088,"graham_debt_to_equity,graham_pe_times_pb,munger_gross_margin",5703316992.0,14.4113865,4.526419,2.671,1.34537,0.31254998,0.2972849830112928,0.1096919194554539,212930256.0,0.0337,4.0
ADAM,False,47.3285,"data_missing:free_cash_flow,graham_size,graham_current_ratio,graham_debt_to_equity,graham_earnings_stability",691175552.0,4.577381,0.7416337,0.844,7.69104,0.16438,0.78673,0.51676,,0.1555,1.0
TSCO,False,47.30821631010894,"graham_current_ratio,graham_debt_to_equity,graham_pe_times_pb",17415766016.0,17.408854,6.651741,1.334,2.4871,0.39513,0.3642418993089817,0.09452361839175173,103175000.0,0.029500000000000002,4.0
BLFS,False,47.23052517230843,"graham_size,graham_earnings_stability,graham_pe,graham_pe_times_pb,munger_roe",1888929920.0,39.0,4.4942384,9.694,0.037469999999999996,0.12829,0.63613,0.059580002,4664875.0,0.0,0.0
MYRG,False,47.2246960725655,"graham_current_ratio,graham_pe,graham_pe_times_pb,munger_gross_margin",4814790656.0,29.368471,6.3820786,1.398,0.08895,0.24714,0.11585534716881786,0.045619755000766836,177308880.0,0.0,4.0
VICI,False,47.2236587177269,munger_roe,25165125632.0,8.892996,0.8626807,11.236,0.60277,0.09849,0.99271005,0.26193277598904674,267028992.0,0.0809,4.0
CELH,False,47.19293443126476,"graham_earnings_stability,graham_pe,graham_pe_times_pb,munger_roe",6948341760.0,119.3913,5.799366,1.798,0.22802,0.05113,0.5038558500104761,0.05608227191604556,349633984.0,0.0,3.0
SWK,False,47.179253657057664,"graham_current_ratio,graham_earnings_stability,graham_pe,graham_pe_times_pb,munger_roe,munger_gross_margin",13435951104.0,21.753056,1.499705,1.432,0.58172,0.06886,0.2527880382831585,0.17066666666666666,1419049984.0,0.038,2.0
HLIT,False,47.13846889217287,"graham_size,graham_earnings_stability,graham_pe,graham_pe_times_pb,munger_roe",1198094848.0,42.25,3.3237517,3.047,0.36111,0.06546,0.4846986183960524,0.0390543737847516,71000248.0,0.0,0.0
CXT,False,47.13298433192531,"graham_current_ratio,graham_debt_to_equity,graham_pe,graham_pe_times_pb,munger_roe",2774742784.0,20.002075,2.191037,1.415,1.141,0.11484,0.36414319248826293,0.14891048469849702,239787504.0,0.0149,4.0
OKTA,False,47.112807554486224,"graham_earnings_stability,graham_pe,graham_pe_times_pb,munger_roe",38123200512.0,131.36748,5.467195,1.525,0.0076,0.043130003,0.7735525865022268,0.05104487838300788,1037625024.0,0.0,2.0
SPHR,False,47.086416666666665,"data_missing:trailing_pe,graham_current_ratio,graham_earnings_stability,munger_roe",3991797504.0,,1.7917305,1.224,0.40995,-0.03097,0.54707,-0.18816027277682382,442722880.0,0.0,1.0
SNPS,False,47.00036590211344,"graham_current_ratio,graham_pe,graham_pe_times_pb,munger_roe",96043491328.0,88.54682,3.0825033,1.337,0.34804,0.03661,0.7698457566565516,0.1297000160755796,3425542400.0,0.0,4.0
SMPL,False,46.968988269117915,"data_missing:trailing_pe,graham_size,munger_roe",887507520.0,,0.6258185,4.796,0.31623999999999997,-0.12197,0.36235423041932013,0.10812932484216911,107168376.0,0.0,4.0
LEG,False,46.93721504761905,"graham_size,graham_debt_to_equity,graham_earnings_stability,munger_gross_margin",1256618752.0,5.897436,1.1617628,2.35,1.5219900000000002,0.22642,0.19089001,0.08383001,241450000.0,0.00021700000000000002,1.0
SON,False,46.9223119153266,"graham_current_ratio,graham_debt_to_equity,munger_gross_margin",4797108736.0,7.510836,1.3395914,0.995,1.32433,0.18855,0.20939815418860017,0.13535954698870942,527077760.0,0.0452,4.0
M,False,46.89107944536571,graham_debt_to_equity,5974415872.0,8.379121,1.2123702,1.59,1.03267,0.15993,0.38834756806608123,0.04553291189602582,605000000.0,0.0336,4.0
BL,False,46.83595483104712,"graham_size,graham_debt_to_equity,graham_earnings_stability,graham_pe,graham_pe_times_pb,munger_roe",1678657792.0,50.666664,5.3323483,1.721,2.0288,0.070300005,0.7524581433896752,0.036480603974432736,138621248.0,0.0,3.0
KEX,False,46.805627037400164,"graham_pe,graham_pe_times_pb,munger_roe",7264224256.0,21.13364,2.1222637,1.684,0.35618,0.10414,0.33196998,0.14752575021179828,347219136.0,0.0,4.0
RGA,False,46.80126428571428,"graham_current_ratio,munger_roe,munger_gross_margin",16802770944.0,11.330252,1.2268338,1.166,0.41418,0.11687,0.1407,0.10637,9836499968.0,0.015600000000000001,4.0
LXP,False,46.77442449690544,"graham_current_ratio,graham_pe,graham_pe_times_pb,munger_roe",3597572352.0,60.415844,1.9404076,1.026,0.69889,0.03497,0.81463,0.16078,183396368.0,0.045899999999999996,4.0
PBI,False,46.69835333183498,"data_missing:debt_to_equity,data_missing:return_on_equity,graham_current_ratio,graham_earnings_stability,graham_pe_times_pb",2309970176.0,13.699187,-2.6750278,0.734,,,0.5221948856693349,0.21681,233828128.0,0.024300000000000002,1.0
CNM,False,46.64841023259908,"graham_debt_to_equity,graham_pe_times_pb,munger_gross_margin",7473650688.0,16.674896,3.6796222,2.468,1.3065600000000002,0.23561001,0.2692559173532104,0.09441611089316072,477000000.0,0.0,4.0
SAIC,False,46.624130440912246,"graham_current_ratio,graham_debt_to_equity,graham_pe_times_pb,munger_gross_margin",5411917312.0,15.072346,3.7780054,1.204,1.8837000000000002,0.25737,0.1274,0.07174332139906361,505375008.0,0.0121,4.0
SKY,False,46.60909960242979,"graham_pe,graham_pe_times_pb,munger_roe,munger_gross_margin",4413517824.0,23.705538,2.805728,2.738,0.07833,0.12645,0.26441984067660823,0.09451918972503406,184228752.0,0.0,4.0
TWLO,False,46.59977714989697,"graham_earnings_stability,graham_pe,graham_pe_times_pb,munger_roe",42491191296.0,38.268326,4.7328086,4.621,0.11868000000000001,0.13497,0.4891703932333706,0.03114173057416098,954675392.0,0.0,1.0
IQV,False,46.51446705705129,"graham_current_ratio,graham_debt_to_equity,graham_pe,graham_pe_times_pb",42391085056.0,31.992546,6.869382,0.706,2.57975,0.22818,0.32968,0.1337829552421827,2149750016.0,0.0,4.0
VRSK,False,46.50635743733497,"data_missing:debt_to_equity,data_missing:return_on_equity,graham_current_ratio,graham_pe,graham_pe_times_pb",22934061056.0,26.887863,-19.63873,1.005,,,0.70179003,0.43736778728805287,1055550016.0,0.011899999999999999,4.0
FELE,False,46.50027267405857,"graham_pe,graham_pe_times_pb,munger_roe",4283648768.0,27.92219,3.0436013,2.406,0.21844999999999998,0.11767,0.35468621700879766,0.12620668621700878,149414368.0,0.0115,4.0
CALX,False,46.49581246727254,"graham_earnings_stability,graham_pe,graham_pe_times_pb,munger_roe",2270481408.0,48.08,3.197659,2.83,0.01969,0.06905,0.568310316896831,0.02098979010209898,61477124.0,0.0,1.0
AEO,False,46.476558291658925,graham_debt_to_equity,3001238272.0,9.184615,1.7021478,1.592,1.0898999999999999,0.20003,0.36510453133776893,0.040781030408657576,210763744.0,0.028300000000000002,4.0
NKE,False,46.45701062552875,graham_pe_times_pb,51659038720.0,16.721153,3.4696727,2.075,0.73095,0.21563,0.42913487650329757,0.07919,1766875008.0,0.04769999999999999,4.0
ATO,False,46.41102638740483,"graham_current_ratio,graham_pe_times_pb,munger_roe,munger_fcf",27141253120.0,19.143026,1.7787844,0.814,0.6766200000000001,0.09792,0.7108538576610577,0.33171428237277933,-2220956928.0,0.025099999999999997,4.0
CNO,False,46.38586551681852,"graham_debt_to_equity,graham_pe_times_pb,munger_roe",4973948416.0,18.602076,1.9228842,2.27,1.75664,0.10934,0.38706002,0.12327851317020992,996099968.0,0.013300000000000001,4.0
CENX,False,46.36915818164522,"graham_earnings_stability,munger_gross_margin,munger_fcf",3575637760.0,6.238342,2.548328,2.751,0.31281,0.51749,0.10142806281894062,0.06254203093476798,-46287500.0,0.0,2.0
VC,False,46.35457647677181,"munger_roe,munger_gross_margin",2290880768.0,15.689215,1.4223444,1.775,0.25696,0.09538999,0.14118895966029724,0.07813,203124992.0,0.0168,4.0
XPEL,False,46.24149506308374,"graham_size,graham_pe,graham_pe_times_pb,munger_fcf",1235996672.0,22.641415,4.0376477,2.61,0.19949000000000003,0.19365999,0.42213145737085256,0.1315602687946241,-15348625.0,0.0,4.0
FCN,False,46.221664396578774,graham_pe_times_pb,3886605312.0,16.959036,2.8635366,2.028,0.9501999999999999,0.15634,0.32133041706245447,0.1026898085623184,289741120.0,0.0,4.0
XOM,False,46.20631902744683,"graham_current_ratio,graham_pe,graham_pe_times_pb,munger_roe,munger_gross_margin",694830891008.0,21.803871,2.6788204,1.135,0.15921,0.12584,0.29767,0.15859,20671000576.0,0.025099999999999997,4.0
SF,False,46.20552735452729,"data_missing:free_cash_flow,graham_current_ratio",10576915456.0,12.508036,1.9928021,0.895,0.52002,0.16427,0.95567,0.15599680493897022,,0.0195,4.0
HAL,False,46.07621005224669,"graham_pe_times_pb,munger_roe,munger_gross_margin",27267383296.0,17.178947,2.47254,2.018,0.7418600000000001,0.14917,0.15076,0.16741779335670173,2052249984.0,0.021400000000000002,4.0
ROKU,False,46.06779070427326,"graham_earnings_stability,graham_pe,graham_pe_times_pb,munger_roe",22860232704.0,65.54256,8.095075,2.866,0.16792,0.13122,0.43789615538632004,-0.0011871864083199306,836552128.0,0.0,1.0
EHC,False,46.06744088801532,"graham_current_ratio,graham_pe,graham_pe_times_pb",12175800320.0,20.638796,4.694025,1.192,0.82121,0.24968,0.43865,0.12406291680080946,229924992.0,0.0069,4.0
CBT,False,46.06358648073746,"graham_current_ratio,graham_pe,graham_pe_times_pb,munger_roe,munger_gross_margin",3887608832.0,21.095238,2.422634,1.467,0.74394,0.13345,0.25316455696202533,0.1672502019929976,258250000.0,0.0245,4.0
KAI,False,46.011881268101064,"graham_pe,graham_pe_times_pb,munger_roe",3068599040.0,27.94086,2.999746,2.591,0.49396,0.11291,0.44798002,0.14947806980863826,105733624.0,0.005600000000000001,4.0
BKR,False,45.88789175774726,"graham_earnings_stability,graham_pe_times_pb,munger_gross_margin",55922290688.0,18.11415,2.808045,2.095,0.80925,0.16463,0.18592163772128534,0.11071184735348018,4415000064.0,0.0166,3.0
KBR,False,45.849200879743876,"graham_current_ratio,graham_debt_to_equity,graham_earnings_stability,munger_gross_margin",4399764992.0,10.480481,2.6893735,1.148,1.7040199999999999,0.27531,0.14770100179809914,0.09992293860775751,281500000.0,0.0195,2.0
NHC,False,45.80636284718328,"graham_pe,graham_pe_times_pb,munger_roe",3519741952.0,25.28009,3.1361985,1.862,0.027839999999999997,0.13267,0.39488,0.08456555985349665,63169624.0,0.011699999999999999,4.0
TPC,False,45.76646683966486,"graham_current_ratio,graham_earnings_stability,graham_pe,graham_pe_times_pb,munger_roe,munger_gross_margin",4415280128.0,36.202587,3.6398697,1.285,0.34819,0.13736,0.11681588384999636,0.041847261042182816,573201344.0,0.0042,1.0
ELAN,False,45.72641128488491,"data_missing:trailing_pe,graham_earnings_stability,munger_roe",11273966592.0,,1.7110252,2.05,0.64253,-0.029779999,0.5499469777306468,0.086260006,826875008.0,0.0,0.0
TTEK,False,45.6975392497353,"graham_current_ratio,graham_pe,graham_pe_times_pb,munger_gross_margin",8505796096.0,20.012049,4.592839,1.184,0.55247,0.24297,0.1766335513055365,0.07504129467771778,396642240.0,0.0088,4.0
CRK,False,45.679062428842116,"graham_current_ratio,graham_debt_to_equity,graham_earnings_stability,munger_fcf",4021133312.0,7.524725,1.5590847,0.476,1.0020099999999998,0.19018,0.56847,0.2908864566729827,-868676608.0,0.0,1.0
FBIN,False,45.67778539022458,"graham_debt_to_equity,graham_pe,graham_pe_times_pb,munger_roe",4675780608.0,31.588709,2.0255456,2.014,1.21292,0.06406,0.5976859138983238,0.11563452231582722,299150016.0,0.027000000000000003,4.0
PCRX,False,45.63895085045999,"graham_size,graham_earnings_stability,graham_pe,graham_pe_times_pb,munger_roe",1431870976.0,103.97143,2.156572,5.042,0.61329,0.020480001,0.79206,0.02641892812746503,98341248.0,0.0,1.0
FG,False,45.47653266666667,"graham_current_ratio,graham_earnings_stability,munger_roe",2553891072.0,6.4372935,0.554135,0.941,0.48807,0.09167,0.32766998,-0.0373,2268624896.0,0.0483,2.0
TR,False,45.44607253327011,"graham_pe,graham_pe_times_pb,munger_roe",2829889280.0,29.880955,2.9636335,2.893,0.013959999999999998,0.1034,0.352810283349078,0.1377961677706123,59253124.0,0.0098,4.0
SCSC,False,45.43792400408634,"graham_size,munger_roe,munger_gross_margin",1192454528.0,16.263737,1.3104883,1.755,0.12176000000000001,0.08681,0.135569310199246,0.030571948090272288,95035624.0,0.0,4.0
AWR,False,45.425843895235104,"graham_current_ratio,graham_pe,graham_pe_times_pb,munger_roe,munger_fcf",3260426496.0,22.536985,2.9072275,0.98,0.8181100000000001,0.1367,0.5762,0.3088943019999301,-25544000.0,0.0268,4.0
SBAC,False,45.40232905327496,"data_missing:debt_to_equity,data_missing:return_on_equity,graham_current_ratio,graham_pe_times_pb",18074230784.0,18.37864,-3.9038084,0.165,,,0.7545513738397998,0.47698745958902916,752056384.0,0.029500000000000002,4.0
FIVN,False,45.37191131752791,"graham_debt_to_equity,graham_earnings_stability,graham_pe,graham_pe_times_pb,munger_roe",2595895552.0,50.347828,3.3076265,4.149,1.07449,0.079169996,0.5507445904926341,0.02510686735915787,260481504.0,0.0,1.0
MSM,False,45.16146089887126,"graham_pe,graham_pe_times_pb",7199704576.0,31.140097,5.0721955,1.548,0.39130000000000004,0.16322,0.40751464178074615,0.080000350177118,195171120.0,0.026699999999999998,4.0
TALO,False,45.0859,"data_missing:trailing_pe,graham_earnings_stability,munger_roe",2843422208.0,,1.5163388,1.613,0.66094,-0.17822,0.71367997,-0.31475166706927254,550837376.0,0.0,0.0
LCII,False,45.07959357158332,"graham_size,munger_gross_margin",1941030656.0,9.251448,1.3557249,2.486,0.80054,0.15,0.23781925207974638,0.06790898727491905,264589248.0,0.055999999999999994,4.0
VCEL,False,45.0432448485049,"graham_earnings_stability,graham_pe,graham_pe_times_pb,munger_roe",2061066240.0,85.6383,5.566312,5.039,0.25168,0.07157,0.7442255274941268,0.03997697812559953,55544876.0,0.0,2.0
IR,False,45.013391321959666,"graham_pe,graham_pe_times_pb,munger_roe",30260074496.0,32.09465,2.9731994,1.616,0.47903,0.0947,0.4360663451358664,0.14960331464272178,1107425024.0,0.001,4.0
CORT,False,45.001084666372435,"graham_pe,graham_pe_times_pb,munger_roe",12810741760.0,263.35556,18.120796,2.859,0.013349999999999999,0.08226,0.98305,0.058834499814159835,77395128.0,0.0,4.0
AMD,False,44.97258763518195,"graham_pe,graham_pe_times_pb,munger_roe",1002959994880.0,156.72958,14.915394,2.609,0.06361,0.10196,0.4951644100580271,0.10664280146655504,8841499648.0,0.0,4.0
TKO,False,44.96138722639656,"graham_current_ratio,graham_pe,graham_pe_times_pb,munger_roe",34686513152.0,64.30351,4.011141,1.278,0.59216,0.07063,0.59455,0.17634390117654114,856147520.0,0.0177,4.0
TOL,False,44.94066764763106,"munger_roe,munger_gross_margin",12373960704.0,10.820709,1.4539932,4.502,0.34101,0.14393,0.24826999,0.11006406320477295,557737472.0,0.0078000000000000005,4.0
VAC,False,44.92395327406502,"data_missing:trailing_pe,graham_debt_to_equity,graham_earnings_stability,munger_roe",3567482624.0,,1.7342741,4.549,2.68546,-0.1471,0.53148,0.18478,275249984.0,0.031,0.0
KHC,False,44.91592142857143,"data_missing:trailing_pe,graham_current_ratio,graham_earnings_stability,munger_roe",26675105792.0,,0.7409665,1.061,0.52591,-0.0876,0.33498,0.1549,3250500096.0,0.0728,0.0
MHK,False,44.89704414139224,"graham_earnings_stability,munger_roe,munger_gross_margin",8091660288.0,15.821855,0.8461843,1.916,0.27604,0.055120002,0.23872086338939677,0.04541324382962152,966899968.0,0.0,2.0
FOX,False,44.886391928152285,"graham_pe_times_pb,munger_roe",24098648064.0,14.882813,2.0622091,3.169,0.6406000000000001,0.14291,0.36629,0.25214002,555374976.0,0.0104,4.0
JBL,False,44.87201343463539,"graham_current_ratio,graham_debt_to_equity,graham_pe,graham_pe_times_pb,munger_gross_margin",31223408640.0,30.561026,19.360016,0.993,2.48609,0.66369003,0.08878598751761627,0.039661767666599554,1275500032.0,0.0011,4.0
GD,False,44.84183994591295,"graham_current_ratio,graham_pe,graham_pe_times_pb,munger_gross_margin",89457033216.0,20.173279,3.329708,1.441,0.35335,0.17803,0.15375,0.10192197906755471,4400124928.0,0.0195,4.0
RVTY,False,44.8018621278306,"graham_pe,graham_pe_times_pb,munger_roe",16850661376.0,72.253586,2.3310127,1.8,0.46225,0.03211,0.6008263729149694,0.12486996905867577,604992128.0,0.0018,4.0
SXI,False,44.77392491052415,"graham_pe,graham_pe_times_pb",3462083328.0,32.47638,4.498946,2.404,0.74985,0.17218,0.3563978925951351,0.10012323521384205,165311008.0,0.004699999999999999,4.0
DLR,False,44.718935549182724,"graham_current_ratio,graham_pe,graham_pe_times_pb,munger_roe",66761498624.0,85.8131,2.4494927,0.89,0.67944,0.02912,0.56994,0.10772536879005191,3768482048.0,0.027000000000000003,4.0
GHC,False,44.68327141479861,"munger_roe,munger_gross_margin",5039140864.0,9.621573,1.0582919,1.86,0.30218,0.118710004,0.29947,0.0478354853638241,267685120.0,0.0064,4.0
HLI,False,44.621663458861605,"data_missing:free_cash_flow,graham_pe,graham_pe_times_pb",8836099072.0,21.213926,3.91925,1.664,0.20846,0.17794001,0.3232220760219233,0.20134318185638597,,0.022400000000000003,4.0
GWRE,False,44.61444953104184,"graham_earnings_stability,graham_pe,graham_pe_times_pb,munger_roe",13474675712.0,100.82208,11.288639,1.786,0.59897,0.10508,0.6421253616906484,0.10158449140991065,343031744.0,0.0,2.0
VNO,False,44.60345268558344,"graham_debt_to_equity,graham_earnings_stability,graham_pe,graham_pe_times_pb,munger_roe",6933233664.0,846.375,1.372704,5.343,1.2231699999999999,0.00603,0.49595,0.2694253415414194,445744128.0,0.022099999999999998,3.0
MMSI,False,44.55022902175597,"graham_pe,graham_pe_times_pb,munger_roe",5099867136.0,35.148148,3.0359366,4.198,0.48822000000000004,0.0919,0.4870156856691642,0.12185452132256222,173902128.0,0.0,4.0
EXP,False,44.52467103515582,"graham_debt_to_equity,graham_pe_times_pb,munger_gross_margin",5131981824.0,13.18361,3.465921,3.231,1.20746,0.2703,0.2826503535820377,0.317311978017941,25278250.0,0.006,4.0
OLLI,False,44.49013830733455,"graham_pe_times_pb,munger_roe",5183750656.0,19.522371,2.7413375,2.228,0.38281,0.14862001,0.40500710026204156,0.11236042002145555,119643128.0,0.0,4.0
CENTA,False,44.43211547704023,munger_roe,2200130048.0,13.018518,1.2593602,3.787,0.8063400000000001,0.099709995,0.3187293470966093,0.07990859991690902,342347872.0,0.0,4.0
CENT,False,44.43211547704023,munger_roe,2550648576.0,15.092592,1.4599979,3.787,0.8063400000000001,0.099709995,0.3187293470966093,0.07990859991690902,342347872.0,0.0,4.0
MUSA,False,44.415223275523644,"graham_current_ratio,graham_debt_to_equity,graham_pe_times_pb,munger_gross_margin",9589486592.0,15.925672,12.251667,0.925,3.5293200000000002,0.86394,0.08061,0.03836614118368371,386800000.0,0.0051,4.0
CERT,False,44.34245582453349,"data_missing:trailing_pe,graham_size,graham_earnings_stability,munger_roe",1317172480.0,,1.3624172,2.551,0.31241,-0.022090001,0.61608005,0.050176918044685534,62582376.0,0.0,0.0
ACLS,False,44.31126788853356,"graham_pe,graham_pe_times_pb,munger_roe",4100135168.0,44.55369,3.846845,4.896,0.0655,0.088870004,0.4491375940351446,0.14220282987385705,42032248.0,0.0,4.0
NVT,False,44.30506778803558,"graham_pe,graham_pe_times_pb",26502619136.0,45.35734,6.647451,1.8,0.40957,0.15748,0.37735994451722277,0.15843415273175618,452550016.0,0.005,4.0
FOXA,False,44.28829001889615,"graham_pe_times_pb,munger_roe",26890127360.0,16.606771,2.3010862,3.169,0.6406000000000001,0.14291,0.36629,0.25214002,555374976.0,0.0092,4.0
TRN,False,44.262799502738716,"graham_debt_to_equity,munger_gross_margin,munger_fcf",2014044672.0,5.9342723,1.7625322,2.168,4.68386,0.30156,0.26239002,0.30098752839723675,-335049984.0,0.0489,4.0
EFC,False,44.185249999999996,"data_missing:free_cash_flow,graham_size,graham_debt_to_equity,graham_earnings_stability,munger_roe",1532546560.0,7.2484474,0.8531949,7.625,9.287799999999999,0.12247,1.0,0.55869997,,0.13369999999999999,3.0
PLNT,False,44.16472860647856,"data_missing:debt_to_equity,data_missing:return_on_equity,graham_pe_times_pb",3285409024.0,14.732992,-5.3160286,1.584,,,0.58525,0.2980619932575309,156152992.0,0.0,4.0
JXN,False,44.107350037500005,"data_invalid_outlier:operating_margin,graham_pe,graham_pe_times_pb,munger_roe",8986927104.0,145.81319,0.95954007,1.806,0.54611,0.0137600005,0.48801,-8.101191,1227750016.0,0.0276,4.0
OSIS,False,44.09634778253858,"graham_debt_to_equity,graham_pe,graham_pe_times_pb",3094654720.0,21.689384,3.7096775,3.153,1.26037,0.17344,0.35954928274117176,0.05132536358678988,209244624.0,0.0,4.0
RBA,False,44.08435141329082,"graham_current_ratio,graham_pe,graham_pe_times_pb,munger_roe",15439612928.0,35.721985,2.755153,1.312,0.77606,0.08066,0.5472703103714923,0.15540113708149084,603587520.0,0.016399999999999998,4.0
URBN,False,44.04632552809282,graham_pe_times_pb,6917488128.0,12.637715,2.4233284,1.581,0.42512,0.20942,0.3597109081425042,0.09823147850187888,97297000.0,0.0,4.0
LKQ,False,44.00621202528334,munger_roe,5534420480.0,12.152778,0.8597988,1.578,0.8210500000000001,0.07131,0.3856860303274485,0.0727419236685957,724124992.0,0.0545,4.0
PPLI,False,43.96061451274444,"graham_earnings_stability,munger_roe",3026213888.0,7.512015,0.5953532,3.691,0.27577,0.09043,0.66347003,-0.0407055188704277,76441128.0,0.0,0.0
LEN,False,43.91691907157514,"munger_roe,munger_gross_margin",18370656256.0,15.052631,0.8515941,10.135,0.28201,0.05962,0.16014999,0.15484141610773053,1227246208.0,0.0263,4.0
HUBB,False,43.90089287474314,"graham_debt_to_equity,graham_pe,graham_pe_times_pb",25132869632.0,28.160154,6.423632,1.609,1.41642,0.24444,0.35316360401053964,0.20682339253327858,495812512.0,0.011899999999999999,4.0
CRGY,False,43.882677723851025,"graham_current_ratio,graham_debt_to_equity,graham_earnings_stability,graham_pe,graham_pe_times_pb,munger_roe",4321680384.0,118.90909,0.8386766,0.945,1.00234,0.01517,0.62158,0.06404831355652384,601587648.0,0.0356,1.0
CCI,False,43.85359944391756,"data_missing:debt_to_equity,data_missing:return_on_equity,graham_current_ratio,graham_earnings_stability,graham_pe,graham_pe_times_pb",29260697600.0,27.957317,-8.959744,0.522,,,0.73732,0.4866322701688555,1036249984.0,0.0622,1.0
SMP,False,43.78090734543426,"graham_size,munger_roe",826188096.0,9.442723,1.1549563,2.003,0.9527899999999999,0.12528,0.3123163897322291,0.07621159049062115,130171000.0,0.0358,4.0
LNN,False,43.77653056790329,"graham_size,graham_pe,graham_pe_times_pb,munger_roe",1162913664.0,21.950096,2.3300734,2.935,0.27616,0.10741,0.31163508622525016,0.13029001963428194,41360124.0,0.0132,4.0
SGI,False,43.69811917658693,"graham_current_ratio,graham_debt_to_equity,graham_pe,graham_pe_times_pb",14281736192.0,24.713146,4.0394635,0.748,1.98088,0.17516,0.42576071691299405,0.1009697050759045,687912512.0,0.011000000000000001,4.0
LAZ,False,43.65485829857098,"data_missing:free_cash_flow,graham_debt_to_equity,graham_earnings_stability,graham_pe_times_pb",3523576832.0,17.546568,3.8152845,5.305,2.25799,0.25665,0.89509004,0.10280919363332293,,0.0558,2.0
ASO,True,43.59459700536544,,3269223424.0,8.907718,1.5116743,1.743,0.90381,0.18613,0.34783892197031296,0.0846107667507955,169622880.0,0.0115,4.0
AKAM,False,43.56362967952681,"graham_debt_to_equity,graham_pe,graham_pe_times_pb,munger_roe",14381720576.0,36.257248,3.0260055,1.637,1.96672,0.08918,0.57452,0.12556512275688814,710060096.0,0.0,4.0
TGT,False,43.55670906480439,"graham_current_ratio,graham_debt_to_equity,graham_pe_times_pb,munger_gross_margin",70674128896.0,16.154726,3.9608424,0.988,1.07583,0.26408002,0.2854195890750062,0.048835655659477,3432999936.0,0.030699999999999998,4.0
MATX,False,43.54305989471853,"graham_current_ratio,graham_pe_times_pb,munger_gross_margin",6767750656.0,15.219907,2.4405026,0.888,0.25834,0.17206,0.23023,0.14943937808342053,147124992.0,0.0068000000000000005,4.0
JBHT,False,43.512125949360694,"graham_current_ratio,graham_pe,graham_pe_times_pb,munger_gross_margin",21408262144.0,32.43101,5.8547544,1.255,0.38372999999999996,0.18448,0.18505,0.08676307116088199,903028352.0,0.008100000000000001,4.0
REYN,False,43.506601941299195,munger_gross_margin,4630559232.0,13.645962,2.0049279,1.795,0.7134199999999999,0.15433,0.24563289438323033,0.14619,244124992.0,0.042,4.0
CZR,False,43.49633003324959,"data_missing:trailing_pe,graham_current_ratio,graham_debt_to_equity,graham_earnings_stability,munger_roe",6015589376.0,,1.7843326,0.851,7.2987,-0.103769995,0.49691,0.16176214522026816,762499968.0,0.0,0.0
EQIX,False,43.48876497380406,"graham_current_ratio,graham_debt_to_equity,graham_pe,graham_pe_times_pb,munger_roe",99439353856.0,64.85071,6.9141107,1.129,1.6221700000000001,0.10735,0.51979,0.2004990777910383,3785999872.0,0.02,4.0
MCD,False,43.46831183548455,"data_missing:debt_to_equity,data_missing:return_on_equity,graham_current_ratio,graham_pe_times_pb",167604895744.0,19.240456,-163.79669,1.081,,,0.57382,0.4609633624697787,6262374912.0,0.0334,4.0
PAYO,False,43.39094120406795,"graham_current_ratio,graham_earnings_stability,graham_pe,graham_pe_times_pb,munger_roe,munger_fcf",2427866368.0,51.17857,3.7143598,1.003,0.13183999999999998,0.07058,0.85370004,0.11841762809491876,-69092496.0,0.0,3.0
SABR,False,43.37891174885282,"data_missing:trailing_pe,data_missing:debt_to_equity,data_missing:return_on_equity,graham_size,graham_current_ratio,graham_earnings_stability",766808064.0,,-0.71644044,1.025,,,0.56426,0.10663905191767686,100824752.0,0.0,1.0
Q,False,43.36022895074204,"graham_pe,graham_pe_times_pb,munger_roe",26287769600.0,44.848213,3.6213808,2.008,0.59992,0.06722,0.46219003,0.22323,772249984.0,0.0025,4.0
WWD,False,43.30414754473046,"graham_pe,graham_pe_times_pb,munger_gross_margin",19084937216.0,35.95356,7.62713,1.645,0.5594100000000001,0.22339001,0.29626,0.17764,187228624.0,0.0039000000000000003,4.0
SJM,False,43.26915585714286,"graham_current_ratio,graham_debt_to_equity,graham_earnings_stability,graham_pe,graham_pe_times_pb,munger_roe",12801956864.0,56.001163,2.2261488,0.87,1.20682,0.03931,0.37951002,0.17898001,1464337536.0,0.038599999999999995,0.0
UFPT,False,43.25625395026368,"graham_pe,graham_pe_times_pb,munger_gross_margin",2234582784.0,32.30571,4.8323283,3.0,0.29483,0.17052001,0.28269881900540317,0.15318258053706305,34872376.0,0.0,4.0
MMI,False,43.22426986304067,"graham_size,graham_earnings_stability,graham_pe,graham_pe_times_pb,munger_roe",1083868160.0,77.35135,1.8715669,2.915,0.12808999999999998,0.0242,0.37724,-0.01815651335618071,68309504.0,0.0175,0.0
CMI,False,43.213346653338434,"graham_pe,graham_pe_times_pb,munger_gross_margin",71807442944.0,26.590956,5.5762906,1.727,0.59586,0.21114,0.25292545292545293,0.11954261954261955,2229374976.0,0.017,4.0
BA,False,43.17232493115857,"graham_current_ratio,graham_debt_to_equity,graham_earnings_stability,graham_pe,graham_pe_times_pb,munger_gross_margin",147671465984.0,66.77679,24.232115,1.138,7.90875,1.73537,0.04794160714485318,0.0478521847020556,5625375232.0,0.0,1.0
ECL,False,43.16339205435018,"graham_debt_to_equity,graham_pe,graham_pe_times_pb",79061073920.0,37.856377,7.8625593,1.841,1.38023,0.21956,0.44210997,0.1702360520359177,1474824960.0,0.0104,4.0
IVZ,False,43.031600000000005,"data_missing:trailing_pe,graham_current_ratio,graham_earnings_stability,munger_roe,munger_gross_margin",13399164928.0,,1.345087,0.708,0.12055999999999999,-0.0057300003,0.2952,-0.1090934750905584,1140787456.0,0.0282,0.0
ZBRA,False,43.01323716854574,"graham_current_ratio,graham_pe,graham_pe_times_pb",18238826496.0,35.09624,5.282472,0.516,0.8623000000000001,0.15286,0.48054114158636024,0.12972572275759822,576750016.0,0.0,4.0
SUPN,False,43.00639997048352,"data_missing:trailing_pe,graham_earnings_stability,munger_roe",2462299136.0,,2.385223,2.083,0.03895,-0.104899995,0.72890997,-0.08663026182554608,84611000.0,0.0,0.0
DG,False,42.98234732591701,"graham_current_ratio,graham_debt_to_equity,graham_pe_times_pb",27530768384.0,16.206493,2.9639218,1.209,1.69811,0.19692,0.30660930299520633,0.05157871377807827,1738019712.0,0.0191,4.0
MBGL,False,42.92645,"data_missing:return_on_equity,data_missing:free_cash_flow,graham_earnings_stability,graham_pe",5267481088.0,41.51442,0.53512394,1.879,0.20417000000000002,,0.70948,0.25641,,0.0138,3.0
COST,False,42.87020699234192,"graham_current_ratio,graham_pe,graham_pe_times_pb,munger_gross_margin",421923192832.0,45.864384,11.788198,1.06,0.23953,0.28402,0.12824,0.03854476602650798,7147500032.0,0.0062,4.0
CRH,False,42.77899438486668,graham_pe_times_pb,54330458112.0,14.428446,2.2625644,1.579,0.7759199999999999,0.15812,0.36125724357091354,0.14527198440462522,2019124992.0,0.0187,4.0
WINA,False,42.776112142498924,"data_missing:debt_to_equity,data_missing:return_on_equity,graham_size,graham_pe,graham_pe_times_pb",1059474304.0,26.764065,-28.121664,3.75,,,0.96664,0.6344019048128131,32954364.0,0.0138,4.0
TNL,False,42.76438953825748,"data_missing:debt_to_equity,data_missing:return_on_equity,graham_pe_times_pb",3836564736.0,17.10519,-3.7650347,3.202,,,0.50611,0.13752797811489678,556374976.0,0.0382,4.0
VRSN,False,42.75802013610777,"data_missing:debt_to_equity,data_missing:return_on_equity,graham_current_ratio,graham_pe,graham_pe_times_pb",26837952512.0,32.234528,-11.906157,0.591,,,0.88465,0.6766871906314137,832837504.0,0.011000000000000001,4.0
R,False,42.75632142857143,"graham_current_ratio,graham_debt_to_equity,graham_pe_times_pb,munger_gross_margin",9032604672.0,19.13485,3.1374037,0.646,2.9360899999999996,0.16697,0.1983,0.08455,949249984.0,0.0174,4.0
PM,False,42.71374189217051,"data_missing:debt_to_equity,data_missing:return_on_equity,graham_current_ratio,graham_pe,graham_pe_times_pb",314839891968.0,29.02299,-36.680588,0.98,,,0.6711769336744735,0.36636488880141704,9714374656.0,0.0332,4.0
FDX,False,42.712296573359076,"graham_current_ratio,graham_debt_to_equity,graham_pe_times_pb,munger_roe,munger_gross_margin",68905410560.0,15.695148,2.2079353,1.475,1.35697,0.14846,0.27318,0.05767525337837838,5656625152.0,0.0169,4.0
RSG,False,42.69256700347332,"graham_current_ratio,graham_debt_to_equity,graham_pe,graham_pe_times_pb",66564583424.0,30.834042,5.5284843,0.644,1.18798,0.18152,0.43035,0.17354286014610817,1942625024.0,0.0124,4.0
SMTC,False,42.690520730577994,"graham_earnings_stability,graham_pe,graham_pe_times_pb",17293238272.0,122.71523,30.100714,1.698,0.7010500000000001,0.23663999,0.516339912855068,0.031015024167242077,132654752.0,0.0,0.0
AWK,False,42.571250000000006,"graham_current_ratio,graham_debt_to_equity,graham_pe,graham_pe_times_pb,munger_roe,munger_fcf",25537669120.0,22.27123,2.189257,0.523,1.37745,0.10095,0.61469,0.3669205233352861,-1785374976.0,0.0281,4.0
ALG,False,42.51350341975471,"graham_size,munger_roe,munger_gross_margin",1881752960.0,18.538368,1.5569206,4.391,0.23471,0.08771,0.24805966147351619,0.09453861814599228,91344752.0,0.0084,4.0
FLS,False,42.49345512752612,"graham_pe,graham_pe_times_pb",8885143552.0,24.222996,3.9152958,2.153,0.9960800000000001,0.16936001,0.35146,0.13919,428336256.0,0.0125,4.0
AJG,False,42.43138100168963,"graham_current_ratio,graham_pe,graham_pe_times_pb,munger_roe",59882536960.0,38.740463,2.5244768,1.053,0.59401,0.06722,0.43186,0.1916,2082300032.0,0.0123,4.0
FDXF,False,42.3906985570806,"data_missing:debt_to_equity,graham_pe,graham_pe_times_pb,munger_gross_margin,munger_fcf",17269344256.0,26.369862,-34.747295,1.517,,0.69093,0.29278,0.061398521887436046,-511124992.0,0.0,4.0
FCFS,False,42.37422476490268,"graham_debt_to_equity,graham_pe,graham_pe_times_pb",9281131520.0,24.344711,4.007303,4.887,1.16419,0.17398001,0.5027548160455914,0.15508,219812256.0,0.008,4.0
NXRT,False,42.37081041703758,"data_missing:trailing_pe,graham_size,graham_debt_to_equity,graham_earnings_stability,munger_roe",1014530688.0,,2.026595,2.87,6.29179,-0.11093,0.60032004,0.11115842423422384,71450872.0,0.10869999999999999,0.0
MTH,False,42.36698796534994,"munger_roe,munger_gross_margin",3941729024.0,12.626305,0.7793111,14.355,0.37707,0.063769996,0.18275999,0.08185001,293902112.0,0.032,4.0
CVNA,False,42.357248701899834,"graham_debt_to_equity,graham_earnings_stability,graham_pe,graham_pe_times_pb,munger_gross_margin",70054912000.0,33.439156,11.281685,3.926,1.1088,0.58773,0.20627890955614606,0.09255978742249779,424375008.0,0.0,3.0
MSCI,False,42.30579749335386,"data_missing:debt_to_equity,data_missing:return_on_equity,graham_current_ratio,graham_pe,graham_pe_times_pb",40882118656.0,30.728964,-15.200845,0.894,,,0.82975,0.5466866850068863,1194705920.0,0.0148,4.0
GOLF,False,42.29285239665668,"graham_debt_to_equity,graham_pe,graham_pe_times_pb",4638528512.0,21.58152,5.015789,2.55,1.17199,0.25239,0.4772891239013104,0.11702211644057794,45248500.0,0.0127,4.0
PVH,False,42.2428456763935,"data_missing:trailing_pe,munger_roe",3789761536.0,,0.79078096,1.648,0.86909,-0.03499,0.5752497150901655,0.02576478737905298,529800000.0,0.0019,4.0
MOG-A,False,42.18442749086696,"graham_pe,graham_pe_times_pb,munger_gross_margin",11550000128.0,30.801098,5.195461,2.087,0.51557,0.18106002,0.27388007741753667,0.1164594117427649,333472640.0,0.0033,4.0
DIS,False,42.170370945458345,"graham_current_ratio,graham_pe,graham_pe_times_pb,munger_roe",184781389824.0,22.064949,1.6825728,0.709,0.39404000000000006,0.0801,0.37595,0.18587238549113053,4860375040.0,0.0143,4.0
CSGP,False,42.10100359818482,"graham_pe,graham_pe_times_pb,munger_roe",11981692928.0,164.27777,1.5090585,2.214,0.14537,0.00894,0.7887280566676933,-0.02217431475207884,412700000.0,0.0,4.0
RNG,False,42.054147013795415,"data_missing:debt_to_equity,data_missing:return_on_equity,graham_current_ratio,graham_earnings_stability,graham_pe,graham_pe_times_pb",6488428544.0,62.159996,-10.662824,1.106,,,0.7124484422748298,0.04793009698855969,639506496.0,0.0036,1.0
PRLB,False,42.016701146151725,"graham_earnings_stability,graham_pe,graham_pe_times_pb,munger_roe",2193757440.0,72.781746,3.1714275,3.637,0.0032400000000000003,0.04494,0.45421,0.088520005,41775752.0,0.0,3.0
ES,False,42.004819068867825,"graham_current_ratio,graham_debt_to_equity,graham_earnings_stability,munger_roe",24741879808.0,17.01684,1.5138628,0.8,1.807,0.09016,0.52752,0.2206049437066314,811961344.0,0.0483,2.0
KRG,False,41.93445677199602,"graham_current_ratio,graham_earnings_stability,munger_roe",5013897728.0,15.071875,1.6838908,0.929,0.96238,0.10738,0.73175,0.1330063201584756,152751120.0,0.048799999999999996,3.0
HIMS,False,41.92801162555004,"data_missing:trailing_pe,data_missing:consecutive_positive_earnings_years,graham_current_ratio,graham_debt_to_equity,munger_roe",6500228096.0,,20.057955,0.934,4.77128,-0.32033002,0.7383500941585092,0.04498693792950103,849437248.0,0.0,
UNH,False,41.917823788231175,"graham_current_ratio,graham_pe,graham_pe_times_pb,munger_roe,munger_gross_margin",331688214528.0,23.763987,3.3970087,0.777,0.69211,0.14152999,0.19723,0.04237130977038075,24272250880.0,0.024700000000000003,4.0
SLB,False,41.90956152553445,"graham_current_ratio,graham_pe,graham_pe_times_pb,munger_roe,munger_gross_margin",72589443072.0,23.62802,2.784039,1.439,0.47002000000000005,0.12909001,0.16991,0.19686132488305416,2955124992.0,0.0246,4.0
SWKS,False,41.90929085697844,"graham_pe,graham_pe_times_pb,munger_roe",18996672512.0,41.854923,2.118653,3.101,0.11869,0.05094,0.41158335168465093,0.12234211749736965,448812512.0,0.0,4.0
PRU,False,41.90363078095238,"graham_current_ratio,graham_debt_to_equity,graham_earnings_stability,munger_roe,munger_gross_margin",39223050240.0,10.298008,1.2429076,0.777,1.6389099999999999,0.12011,0.29015,0.075219996,7527750144.0,0.0493,3.0
CALY,False,41.87808126352469,"graham_earnings_stability,munger_roe",2486946048.0,15.902299,1.1458505,3.043,0.12643000000000001,0.03466,0.4211446046308432,0.06218144750254842,94225000.0,0.0,0.0
KN,False,41.865385295679935,"graham_earnings_stability,graham_pe,graham_pe_times_pb,munger_roe",3176837120.0,44.279762,3.9934506,3.201,0.18881,0.094969995,0.4320633850303439,0.11850977747808496,39312500.0,0.0,1.0
AZZ,False,41.80636429964345,"graham_earnings_stability,graham_pe,graham_pe_times_pb,munger_gross_margin",4107138560.0,20.833841,2.9813273,1.923,0.39448,0.15314999,0.23935506157277223,0.1603661640647726,104912376.0,0.0069,3.0
FORM,False,41.7885328758377,"graham_pe,graham_pe_times_pb,munger_roe",10556634112.0,93.3931,9.51919,4.078,0.02691,0.10989001,0.39344427275147675,0.07270128523439062,114850000.0,0.0,4.0
ATR,False,41.74057278754221,"graham_pe,graham_pe_times_pb,munger_roe",7760076800.0,22.030687,2.953418,1.614,0.5278,0.13459,0.3092867335304198,0.1326486604692759,265978880.0,0.016,4.0
ENPH,False,41.65011782079831,"graham_pe,graham_pe_times_pb,munger_roe",4295963136.0,32.595,3.6443427,3.451,0.5189900000000001,0.12996,0.4664025770798752,0.10694338367328927,78322752.0,0.0,4.0
DGX,False,41.63019789212109,"graham_pe,graham_pe_times_pb,munger_roe",25368213504.0,24.39915,3.3638237,1.591,0.81074,0.14602,0.3849740383596482,0.14100589034888988,909625024.0,0.0151,4.0
JBSS,False,41.55274324221116,"graham_size,munger_gross_margin",799073984.0,12.991445,2.103133,2.08,0.28779,0.16724001,0.17962562719395614,0.07586973588744489,29046376.0,0.013999999999999999,4.0
ACMR,False,41.54076345873718,"graham_pe,graham_pe_times_pb,munger_roe,munger_fcf",4849673728.0,32.84434,2.6068888,3.656,0.14523999999999998,0.11627,0.4438732998339082,0.12141119194416121,-186610256.0,0.0,4.0
NNN,False,41.53925,"graham_current_ratio,graham_debt_to_equity,graham_pe_times_pb,munger_roe,munger_fcf",7710843392.0,19.888613,1.7286261,0.18,1.1211799999999998,0.08719,0.96094,0.6364475557997998,-1371816320.0,0.0622,4.0
KLIC,False,41.488229050288325,"graham_earnings_stability,graham_pe,graham_pe_times_pb,munger_roe",4718778368.0,41.364677,5.174739,3.444,0.0418,0.13231,0.42490303188748796,-0.0049290531295053674,57164124.0,0.0086,1.0
PHIN,False,41.472798402444525,"munger_roe,munger_gross_margin",2139481216.0,16.780172,1.3883737,1.806,0.68916,0.08523,0.21877691645133507,0.07292563881711168,269249984.0,0.020499999999999997,4.0
BFAM,False,41.42678359649123,"graham_current_ratio,graham_debt_to_equity,graham_pe,graham_pe_times_pb,munger_roe,munger_gross_margin",3391825920.0,22.069618,3.6398747,0.479,2.17779,0.14942999,0.23765521421240132,0.1072621520196809,240151376.0,0.0,4.0
PRKS,False,41.356040174816535,"data_missing:debt_to_equity,data_missing:return_on_equity,graham_size,graham_current_ratio,graham_pe_times_pb",1461577088.0,12.842629,-2.368131,0.478,,,0.46013,0.21980332728041532,97038376.0,0.0,4.0
PSX,False,41.29362311717709,"graham_current_ratio,graham_pe_times_pb,munger_gross_margin",112340353024.0,16.088001,3.5656931,1.32,0.62884,0.23452999,0.13098,0.08529,4545375232.0,0.0187,4.0
BBWI,False,41.198346297783964,"data_missing:debt_to_equity,data_missing:return_on_equity,graham_current_ratio,graham_pe_times_pb",3553998592.0,4.638158,-3.37127,1.201,,,0.4373885612398848,0.1544369770950487,764625024.0,0.0449,4.0
NOC,False,41.182684930327056,"graham_current_ratio,graham_pe_times_pb,munger_gross_margin",69051154432.0,15.450096,3.861051,1.168,0.95348,0.26958,0.2006,0.10752252466987654,2478000128.0,0.020499999999999997,4.0
AMN,False,41.11677266698139,"graham_size,graham_current_ratio,graham_debt_to_equity,graham_earnings_stability,munger_gross_margin",1376851200.0,13.264925,1.8566878,1.128,1.04658,0.15556,0.28349318000944174,-0.020316221370341437,445770624.0,0.0,0.0
LSCC,False,41.08837591658997,"graham_pe,graham_pe_times_pb,munger_roe",17632184320.0,497.56,21.666956,3.024,0.04836,0.04927,0.6821496688083598,0.021465346231906768,155063248.0,0.0,4.0
ENOV,False,41.063824107370436,"data_missing:trailing_pe,graham_size,graham_earnings_stability,munger_roe",981246464.0,,0.6642592,1.985,0.9255500000000001,-0.54142,0.5984122232211131,-0.5000905229378897,185942752.0,0.0,0.0
TDG,False,40.938159356112614,"data_missing:debt_to_equity,data_missing:return_on_equity,graham_pe,graham_pe_times_pb",61356343296.0,33.271152,-6.5304747,3.019,,,0.6014041444909977,0.471634016532669,1457374976.0,0.0,4.0
CI,False,40.904620959630336,"graham_current_ratio,munger_gross_margin",74111549440.0,11.594464,1.7353352,0.846,0.7429000000000001,0.16758,0.091359995,0.03346671516915242,7980125184.0,0.022400000000000003,4.0
GRBK,True,40.900001847303294,,2735910400.0,9.57982,1.4191375,7.051,0.14244,0.16383,0.3053680513097393,0.11514045605927713,6958250.0,0.0,4.0
NOVT,False,40.86798505803249,"graham_pe,graham_pe_times_pb,munger_roe",5119391232.0,85.67721,3.1669202,4.569,0.17668,0.051090002,0.4438955741382827,0.09587191515398735,118383248.0,0.0,4.0
CPB,False,40.7985283467042,"graham_current_ratio,graham_debt_to_equity,graham_earnings_stability,munger_roe,munger_gross_margin",5758911488.0,14.7404585,1.4946977,0.815,1.79259,0.1005,0.28541002,0.0874384236453202,634499968.0,0.0529,0.0
ELF,False,40.77784877974379,"graham_pe,graham_pe_times_pb,munger_roe",6256027648.0,108.18367,5.345636,2.546,0.79503,0.060399998,0.7072207773796313,0.04499435370724339,281395360.0,0.0,4.0
PANW,False,40.753620181602244,"graham_current_ratio,graham_pe,graham_pe_times_pb,munger_roe",325666242560.0,995.3125,11.80224,0.871,0.09337,0.01739,0.7035714285714286,0.06054006968641115,4240624896.0,0.0,4.0
GATX,False,40.751106767857145,"graham_debt_to_equity,graham_pe_times_pb,munger_roe,munger_fcf",5718007296.0,16.035645,2.053584,3.302,3.47592,0.117989995,0.73627,0.27771,-4936737280.0,0.016200000000000003,4.0
SKYW,False,40.74915749308355,graham_current_ratio,3816112128.0,9.564612,1.3566061,0.569,0.8633299999999999,0.15341,0.30895,0.17236351865753377,145134624.0,0.0,4.0
VMC,False,40.687473728189715,"graham_pe,graham_pe_times_pb,munger_roe,munger_gross_margin",31828424704.0,28.965803,3.754949,1.757,0.5821999999999999,0.13234,0.2738411555074234,0.20395159360793844,843600000.0,0.0084,4.0
WAT,False,40.67908109647347,"graham_pe,graham_pe_times_pb,munger_roe,munger_fcf",42066747392.0,108.46582,2.769561,1.861,0.36045,0.019199999,0.56337,0.2535593940010476,-142067632.0,0.0,4.0
TMO,False,40.657575524536966,"graham_pe,graham_pe_times_pb,munger_roe",240106504192.0,34.950485,4.557916,1.551,0.8057500000000001,0.13515,0.40987998,0.17384863991381633,6237250048.0,0.0028000000000000004,4.0
MLKN,False,40.639582915343624,"graham_size,graham_debt_to_equity,graham_earnings_stability,munger_roe",1422779776.0,14.666667,1.048788,1.647,1.2821799999999999,0.073460005,0.387536767576854,0.05161777338157587,121150000.0,0.0363,1.0
FLO,False,40.63641938571803,"graham_size,graham_current_ratio,graham_debt_to_equity,graham_pe,munger_roe",1240535936.0,21.666666,0.93734974,0.772,1.51702,0.040110003,0.48629,0.033098391527864944,298536992.0,0.08560000000000001,4.0
KMI,False,40.60870863000689,"graham_current_ratio,graham_pe,graham_pe_times_pb,munger_roe",71939743744.0,20.86129,2.2743897,0.458,0.98619,0.109910004,0.49407002,0.27891598275963864,1075000064.0,0.0371,4.0
SCHL,False,40.44711330627356,"graham_size,graham_current_ratio,graham_earnings_stability,graham_pe,munger_roe",711156864.0,27.204227,0.9646407,1.253,0.7763899999999999,0.07377,0.56494,0.009608698400657437,35037500.0,0.0263,1.0
WSC,False,40.40933688546651,"data_missing:trailing_pe,graham_current_ratio,graham_debt_to_equity,graham_earnings_stability,munger_roe",3054879744.0,,3.3518887,0.811,4.16655,-0.07083,0.5100212759802336,0.07953464600959216,248800992.0,0.0166,0.0
COTY,False,40.3693,"data_missing:trailing_pe,graham_current_ratio,graham_earnings_stability,munger_roe",2452711936.0,,0.82032406,0.755,0.9753799999999999,-0.16093001,0.6289394826576654,-0.014035752419660387,362687488.0,0.0,0.0
PTON,False,40.35042635206168,"data_missing:debt_to_equity,data_missing:return_on_equity,graham_earnings_stability,graham_pe,graham_pe_times_pb",2150471936.0,35.0,-15.408806,2.837,,,0.5260425183973835,0.06569910057236304,353875008.0,0.0,1.0
FRPT,False,40.3081973426637,"graham_earnings_stability,graham_pe_times_pb",3146362112.0,17.274406,2.5720909,6.046,0.39885,0.17622,0.4080035208232193,0.06866694192002831,19274124.0,0.0,2.0
ARW,False,40.16981717523852,"graham_current_ratio,munger_roe,munger_gross_margin",11555836928.0,14.51445,1.6518658,1.217,0.30663,0.12036,0.11236269742246564,0.026649749853620085,732857856.0,0.0,4.0
EZPW,False,40.162755229769346,"graham_size,munger_roe,munger_fcf",1930550912.0,15.788944,1.6584852,4.811,0.69526,0.14745,0.5854796434064726,0.11706139937847256,-11004125.0,0.0,4.0
MAC,False,40.10556616636972,"data_missing:trailing_pe,graham_current_ratio,graham_debt_to_equity,graham_earnings_stability,munger_roe",6554099712.0,,2.2322147,0.329,1.6892699999999998,-0.06179,0.54914004,0.16256,388895136.0,0.030600000000000002,0.0
WYNN,False,40.070248122931474,"data_missing:debt_to_equity,data_missing:return_on_equity,graham_current_ratio,graham_earnings_stability,graham_pe_times_pb",7741576704.0,18.028776,-45.20746,0.912,,,0.683,0.10949407978373421,476188864.0,0.0131,3.0
RHI,False,40.046879270785396,"graham_current_ratio,graham_pe,graham_pe_times_pb,munger_roe",3468775680.0,29.486958,2.8248918,1.468,0.19940000000000002,0.09111,0.3722805180472049,0.014216029507078731,113581872.0,0.0701,4.0
MKSI,False,40.04600986999304,"graham_current_ratio,graham_debt_to_equity,graham_earnings_stability,graham_pe,graham_pe_times_pb",17588340736.0,41.353733,5.8848214,1.144,1.4009399999999999,0.15845999,0.46731111676418213,0.13431696769269905,480375008.0,0.0037,2.0
PPC,False,40.0415354567479,"graham_current_ratio,munger_roe,munger_gross_margin",6845620224.0,12.554585,1.8256286,1.355,0.82717,0.1452,0.1274840515391414,0.08722986224177869,508525376.0,0.0,4.0
IART,False,40.0,"data_missing:trailing_pe,graham_size,graham_debt_to_equity,graham_earnings_stability,munger_roe",1040207232.0,,0.9970183,3.601,1.96489,-0.00696,0.6203468555283744,-0.30171014129381224,94402000.0,0.0,0.0
APOG,False,39.98987088065677,"data_missing:debt_to_equity,graham_size,munger_roe,munger_gross_margin",841674752.0,12.746835,1.6569995,1.785,,0.13109,0.22742684908804733,0.060135271257954356,86481376.0,0.0262,4.0
CHRW,False,39.975337826025104,"graham_debt_to_equity,graham_pe,graham_pe_times_pb,munger_gross_margin",16645150720.0,27.231873,10.267305,1.582,1.21188,0.37123,0.08447,0.04897262406898936,480618368.0,0.018600000000000002,4.0
POST,False,39.96607980881385,"graham_debt_to_equity,munger_roe,munger_gross_margin",3262473984.0,13.494546,1.0599375,1.851,2.47074,0.082779996,0.2867579460903887,0.09797624446868756,394649984.0,0.0,4.0
MCHP,False,39.92083303180162,"graham_earnings_stability,graham_pe,graham_pe_times_pb,munger_roe",40714792960.0,110.26471,6.311448,1.921,0.8368800000000001,0.0719,0.5773482421336276,0.10398676030638009,1364762496.0,0.0233,1.0
BIO,False,39.90575672344812,"graham_earnings_stability,graham_pe,graham_pe_times_pb,munger_roe",9611696128.0,45.520912,1.3386358,3.142,0.19103,0.0311,0.5186977392381542,0.018271910808299784,283187488.0,0.0,1.0
WTRG,False,39.868500000000004,"graham_current_ratio,graham_debt_to_equity,graham_pe_times_pb,munger_roe,munger_fcf",11030473728.0,19.831633,1.571648,0.777,1.21656,0.08078,0.5643,0.3721593055889502,-657633024.0,0.0374,4.0
COR,False,39.860397509144654,"graham_current_ratio,graham_debt_to_equity,graham_pe,graham_pe_times_pb,munger_gross_margin",61404364800.0,23.888641,20.126345,0.935,4.46516,0.96871,0.03572165157521616,0.008180306662046867,2043314048.0,0.0076,4.0
EMN,False,39.84284072579675,"graham_current_ratio,munger_roe,munger_gross_margin",7272888320.0,16.609661,1.1930572,1.498,0.88518,0.07334,0.21069469835466179,0.16043564771180227,544625024.0,0.053099999999999994,4.0
TXRH,False,39.83695925676391,"graham_current_ratio,graham_pe,graham_pe_times_pb,munger_gross_margin",10724086784.0,26.14,6.978557,0.458,0.68842,0.27714002,0.16252,0.08076453600881241,235890752.0,0.018500000000000003,4.0
DVN,False,39.77278664517473,"graham_current_ratio,munger_roe",54026502144.0,10.700436,1.352844,0.717,0.28488,0.11522,0.50349,-0.4286983562860951,782625024.0,0.026699999999999998,4.0
AGCO,False,39.76323154053123,"graham_current_ratio,graham_earnings_stability,munger_roe,munger_gross_margin",7614900224.0,15.039419,1.8653504,1.321,0.66053,0.118269995,0.2545923427891291,0.05908549890894664,450262496.0,0.011000000000000001,1.0
NOV,False,39.743399699385705,"graham_pe,graham_pe_times_pb,munger_roe,munger_gross_margin",6774866432.0,70.388885,1.0943798,2.422,0.37151,0.01545,0.2020814272644099,0.056495882891125344,673374976.0,0.0189,4.0
AZTA,False,39.7336828863334,"data_missing:trailing_pe,graham_size,graham_earnings_stability,munger_roe",1568778624.0,,1.0377905,2.5,0.03574,-0.07041,0.45515399421711256,-0.045205541737324884,63366000.0,0.0,0.0
LFUS,False,39.731419386332014,"data_missing:trailing_pe,graham_earnings_stability,munger_roe",10829009920.0,,4.1354427,2.761,0.27093,-0.0030899998,0.3908831923869141,0.17138020170138535,364767136.0,0.0074,0.0
BOOT,False,39.727387984190635,graham_pe_times_pb,3679154176.0,15.377848,2.7869284,2.53,0.59323,0.19174999,0.38083793174284636,0.13272569402078835,12682000.0,0.0,4.0
MSEX,False,39.58473517874075,"graham_size,graham_current_ratio,graham_pe,graham_pe_times_pb,munger_roe,munger_fcf",1003817024.0,20.567568,1.9263036,0.497,0.83981,0.097679995,0.53659,0.2792895518095062,-28346000.0,0.0271,4.0
HWKN,False,39.568236525085574,"graham_pe,graham_pe_times_pb,munger_gross_margin",2685583616.0,33.329014,4.868127,2.27,0.47009,0.15614,0.2261289143818931,0.11192530008415644,81369504.0,0.006,4.0
AVNT,False,39.531839677804456,"graham_pe,graham_pe_times_pb,munger_roe",3741699072.0,22.05135,1.5354359,1.9,0.76563,0.071100004,0.3115146310042329,0.06241948346727195,263787504.0,0.0265,4.0
BILL,False,39.49264943890975,"data_missing:trailing_pe,graham_earnings_stability,munger_roe",4437532160.0,,1.1617993,1.51,0.5374300000000001,-0.00302,0.8092773839192818,-0.044428246509714726,222836880.0,0.0,0.0
ALHC,False,39.376109790397486,"graham_size,graham_debt_to_equity,graham_earnings_stability,graham_pe,graham_pe_times_pb,munger_gross_margin",1800537216.0,45.68421,6.7812505,1.698,1.24655,0.20044,0.12549,0.0037358951092746786,188581872.0,0.0,0.0
DBD,False,39.35218597667409,"graham_current_ratio,graham_debt_to_equity,graham_earnings_stability,graham_pe,graham_pe_times_pb,munger_roe,munger_gross_margin",2145594112.0,20.859737,2.2175636,1.267,1.13548,0.10944,0.25256851564758126,0.06358882728538771,312012512.0,0.0,1.0
ABBV,False,39.34759084413639,"data_missing:debt_to_equity,data_missing:return_on_equity,graham_current_ratio,graham_pe,graham_pe_times_pb",480143441920.0,76.754234,-80.890144,0.809,,,0.72792,0.24648463047743624,16870250496.0,0.0255,4.0
AFG,False,39.34223186300014,"graham_pe_times_pb,munger_gross_margin",11764897792.0,12.402099,2.4401906,2.085,0.42232,0.20413,0.20156,0.13126988010765842,142250000.0,0.0279,4.0
DIOD,False,39.30508263370784,"graham_pe,graham_pe_times_pb,munger_roe",4408990208.0,51.19786,2.2493715,3.167,0.04401,0.04684,0.312019718326965,0.023927296428718423,176820256.0,0.0,4.0
FN,False,39.241302418949864,"graham_pe,graham_pe_times_pb,munger_gross_margin,munger_fcf",17307881472.0,37.010727,7.052184,2.253,0.00164,0.21326,0.11990936625543487,0.09973654935460302,-57873500.0,0.0,4.0
JCI,False,39.223258412481286,"graham_current_ratio,graham_pe,graham_pe_times_pb,munger_roe",92944965632.0,43.344635,6.894011,1.0,0.70107,0.14332,0.3641295134768605,0.08927489396081599,2984124928.0,0.0103,4.0
HE,False,39.213443262345706,"graham_size,graham_current_ratio,graham_debt_to_equity,graham_earnings_stability,munger_roe,munger_gross_margin",1521727616.0,6.765385,0.861748,0.986,1.5886799999999999,0.13448,0.17581,0.07623256501028865,324624384.0,0.0,1.0
WOR,False,39.17118741275855,"graham_pe_times_pb,munger_gross_margin",2996276224.0,18.50151,2.9978464,2.666,0.33189,0.16222,0.2738559261908416,0.05517225901547247,65798000.0,0.0132,4.0
HCC,False,39.13005714285715,"graham_pe,graham_pe_times_pb,munger_roe,munger_fcf",4742155264.0,21.588942,2.0705953,3.927,0.10297,0.10037,0.30597,0.18545,-53619500.0,0.0036,4.0
UNF,False,39.12639973402897,"graham_pe,graham_pe_times_pb,munger_roe",4691396096.0,40.982624,2.1343186,3.111,0.03869,0.05296,0.36678,0.07585168594019287,98668752.0,0.0058,4.0
CWEN,False,39.072432785722114,"graham_current_ratio,graham_debt_to_equity,graham_pe,graham_pe_times_pb,munger_roe",7386748416.0,38.896107,1.9605918,1.207,1.76898,-0.03167,0.64422,0.11196641007697691,421750016.0,0.0604,4.0
PAHC,False,39.028458182199955,"graham_size,graham_debt_to_equity,graham_pe_times_pb,munger_fcf",1512409728.0,15.329218,3.9198146,2.956,2.06406,0.29716,0.3376044814118766,0.1280527609309838,-19298000.0,0.0127,4.0
EL,False,39.01551207710261,"graham_current_ratio,graham_debt_to_equity,graham_earnings_stability,graham_pe,graham_pe_times_pb,munger_roe",34228633600.0,188.94,8.980038,1.222,2.4293199999999997,0.04745,0.7550003322479899,0.051830686424347135,1812125056.0,0.0148,1.0
TKR,False,39.00281503278905,"graham_pe,graham_pe_times_pb,munger_roe,munger_gross_margin",7973452800.0,31.093496,2.492505,3.095,0.65523,0.08538,0.28645451108590747,0.11798856344668035,408962496.0,0.012,4.0
DAL,False,38.93988933021217,"graham_current_ratio,graham_pe_times_pb,munger_gross_margin",53471326208.0,13.484244,2.4378614,0.424,0.96649,0.20125,0.187,0.09188182564232056,2817374976.0,0.0104,4.0
NJR,False,38.899083999999995,"graham_current_ratio,graham_debt_to_equity,munger_roe,munger_fcf",5166175232.0,14.180056,1.9637856,0.661,1.4677799999999999,0.14453,0.39178002,0.3765744965052301,-259436368.0,0.0392,4.0
ETN,False,38.86364905004414,"graham_current_ratio,graham_debt_to_equity,graham_pe,graham_pe_times_pb",164169367552.0,43.010174,8.107657,1.24,1.05059,0.19684,0.36022,0.1718092566619916,3106125056.0,0.0102,4.0
MTD,False,38.83515526873461,"data_missing:return_on_equity,data_invalid_outlier:debt_to_equity,graham_current_ratio,graham_debt_to_equity,graham_pe,graham_pe_times_pb",30569179136.0,34.385174,2383.8594,1.122,166.68447,,0.5937429449987446,0.312,693589632.0,0.0,4.0
CRSR,False,38.795339232122394,"graham_size,graham_earnings_stability,graham_pe,graham_pe_times_pb,munger_roe,munger_gross_margin",1401973376.0,41.80645,2.1086886,1.752,0.27172999999999997,0.05845,0.2892283766163208,0.0014098663479300228,77311376.0,0.0,0.0
NSIT,False,38.6937656866785,"graham_current_ratio,graham_debt_to_equity,graham_pe,graham_pe_times_pb,munger_roe,munger_gross_margin",4739839488.0,23.784979,2.9698417,1.183,1.08517,0.13112001,0.21357930832114735,0.0406106087171615,438449760.0,0.0,4.0
NEE,False,38.60623484848485,"graham_current_ratio,graham_debt_to_equity,graham_pe_times_pb,munger_roe,munger_fcf",160810614784.0,17.326967,2.8152843,0.534,1.61676,0.11677,0.61024,0.2297979797979798,-17766875136.0,0.032,4.0
WAB,False,38.478277601585035,"graham_current_ratio,graham_pe,graham_pe_times_pb,munger_roe",47274770432.0,37.61828,4.2203994,1.121,0.61686,0.11553001,0.3408256469956121,0.16056237127249934,1101374976.0,0.0044,4.0
ALB,False,38.473994442280656,"graham_earnings_stability,graham_pe,graham_pe_times_pb,munger_roe,munger_gross_margin",11952142336.0,375.12964,1.486425,2.086,0.18975999999999998,0.02648,0.13003183326841972,-0.0713791674582367,1334340224.0,0.0154,0.0
NI,False,38.47033102791352,"graham_current_ratio,graham_debt_to_equity,graham_pe,graham_pe_times_pb,munger_roe,munger_fcf",19400603648.0,21.518618,2.0259917,0.498,1.46649,0.085489996,1.0,0.2813668976513154,-1772999936.0,0.029500000000000002,4.0
BWA,False,38.356232181109384,"graham_pe,graham_pe_times_pb,munger_roe,munger_gross_margin",12579451904.0,30.8825,2.2379434,2.127,0.7011,0.08056,0.18678401788208998,0.037440625873148926,1066249984.0,0.0109,4.0
OTTR,False,38.353034393427556,"graham_pe_times_pb,munger_roe,munger_fcf",3710055680.0,19.085312,1.976713,1.707,0.67491,0.106850006,0.42191002,0.26598288756886523,-165230496.0,0.0256,4.0
ROCK,False,38.27280361879072,"graham_size,graham_current_ratio,graham_debt_to_equity,graham_earnings_stability,munger_roe,munger_gross_margin",1112849024.0,18.559406,1.2492919,1.457,1.53722,0.06241,0.26877211028435904,0.10810294310617076,307628128.0,0.0,0.0
KSS,False,38.20903164202078,"graham_current_ratio,graham_debt_to_equity,graham_earnings_stability,munger_roe",2293605376.0,8.682404,0.54846144,1.491,1.54055,0.06671,0.3445030870344553,0.040188059509241966,879500032.0,0.024900000000000002,3.0
SLGN,False,38.152144584384686,"graham_current_ratio,graham_debt_to_equity,munger_roe,munger_gross_margin",3788700160.0,14.058824,1.5923425,1.272,2.03153,0.11748,0.17729362475062338,0.08006499882960236,313311264.0,0.024,4.0
EFOR,False,38.094386250963055,"graham_size,munger_roe,munger_gross_margin",1452219904.0,18.25773,0.80255586,2.127,0.8291,0.04571,0.28868957893679026,0.057858506682745454,213500000.0,0.0,4.0
RUSHA,False,38.09293259746506,"graham_current_ratio,graham_pe,graham_pe_times_pb,munger_roe,munger_gross_margin",5266876416.0,20.416288,2.256,1.452,0.6307699999999999,0.11795,0.19647910769087978,0.05296551946781057,313673632.0,0.0124,4.0
UAL,False,38.07068131061716,"graham_current_ratio,graham_debt_to_equity",34438336512.0,9.934457,2.062557,0.78,2.01641,0.23252001,0.31816,0.0797866937531742,910124992.0,0.0,4.0
MLM,False,38.01060281700522,"graham_current_ratio,graham_pe,graham_pe_times_pb,munger_roe",34264010752.0,31.36931,2.5092838,1.407,0.54945,0.08894,0.3071544715447154,0.23365853658536587,593374976.0,0.006999999999999999,4.0
BDC,False,38.00349133305788,graham_pe_times_pb,4198561024.0,17.46992,3.0245194,2.135,0.97069,0.18643999,0.3797783878426367,0.11626867177814919,99734624.0,0.0018,4.0
ALKS,False,37.91059440836454,"graham_earnings_stability,graham_pe,graham_pe_times_pb,munger_roe",6739049984.0,105.710526,3.721167,2.3,0.86952,0.03852,0.87182,0.1720686849167863,153381376.0,0.0,3.0
SAIA,False,37.85525023393963,"graham_pe,graham_pe_times_pb,munger_roe,munger_gross_margin",9090699264.0,32.981663,3.3339188,1.584,0.09872,0.10767,0.23584999,0.10889575009754858,135712256.0,0.0,4.0
STAA,False,37.794373819529326,"graham_size,graham_earnings_stability,graham_pe,graham_pe_times_pb,munger_roe",1112444288.0,277.3125,3.0432098,4.665,0.09836,0.0109399995,0.7618546453838508,-0.38302804019344977,15348500.0,0.0,0.0
LEA,False,37.75485250373075,"graham_current_ratio,munger_roe,munger_gross_margin",5835612672.0,11.015829,1.1311789,1.314,0.66026,0.12094,0.06468006070742204,0.03341917787016695,858987520.0,0.025699999999999997,4.0
ABG,False,37.66256083076044,"graham_current_ratio,graham_debt_to_equity,munger_roe,munger_gross_margin",2995277312.0,6.211839,0.76345485,0.91,1.4096899999999999,0.13233,0.17065948108228235,0.047813767431523976,360600000.0,0.0,4.0
EYE,False,37.65644415712349,"graham_size,graham_current_ratio,graham_earnings_stability,graham_pe,graham_pe_times_pb,munger_roe",1324806272.0,27.024193,1.4767319,0.592,0.77705,0.057550002,0.58637,0.029599675570368224,48656000.0,0.0,1.0
NE,False,37.63772057751026,"graham_pe,graham_pe_times_pb,munger_roe",6773619712.0,45.138298,1.5106095,1.915,0.42557,0.03283,0.35416,0.12647797884566686,252878256.0,0.048799999999999996,4.0
EPC,False,37.584156712390374,"data_missing:trailing_pe,graham_size,munger_roe",1281732736.0,,0.8778132,1.842,0.87622,-0.012949999,0.4159658196536991,0.04344501911400944,241862496.0,0.0218,4.0
ST,False,37.49950687998509,"graham_earnings_stability,graham_pe,graham_pe_times_pb,munger_roe,munger_gross_margin",6110323200.0,69.975,2.0651746,2.291,0.8259799999999999,0.03079,0.29497,0.06411121608854096,504049504.0,0.0113,2.0
PLUS,False,37.4888877213981,"graham_pe_times_pb,munger_roe,munger_gross_margin",2394962176.0,19.65236,2.2134674,2.131,0.1143,0.11698,0.25222871680363423,0.068021153311561,39345124.0,0.0116,4.0
CUZ,False,37.4827999925,"graham_current_ratio,graham_pe,graham_pe_times_pb,munger_roe,munger_fcf",4569223680.0,693.875,1.0189434,0.524,0.8420799999999999,0.0015199999,0.67779,0.6775006641068366,-25106624.0,0.0463,4.0
CG,False,37.333785264285716,"data_missing:free_cash_flow,graham_debt_to_equity,graham_earnings_stability,graham_pe,graham_pe_times_pb,munger_roe",13743756288.0,39.762886,2.600108,1.808,1.97617,0.077659994,0.98319,0.26855,,0.037000000000000005,2.0
TBBK,False,37.22175,"data_missing:current_ratio,data_missing:debt_to_equity,data_missing:free_cash_flow,munger_gross_margin",2004671616.0,9.238722,2.859886,,,0.29629,0.0,0.59707,,0.0,4.0
KKR,False,37.09386666666667,"data_missing:free_cash_flow,graham_current_ratio,graham_earnings_stability,graham_pe,graham_pe_times_pb,munger_roe",82028691456.0,28.375399,2.797323,0.856,0.69812,0.0728,0.54767,0.2065,,0.0087,3.0
IOSP,False,37.05296353417032,"graham_pe_times_pb,munger_roe,munger_gross_margin",2406699776.0,19.940815,1.7914963,2.784,0.03546,0.091309994,0.2769403824521935,0.07283464566929133,32575000.0,0.0184,4.0
OGE,False,37.02245393972941,"graham_current_ratio,graham_debt_to_equity,graham_pe,graham_pe_times_pb,munger_roe",9532429312.0,20.348017,1.9155641,0.767,1.1730500000000001,0.09703,0.4773643495314883,0.24520720223306033,126750000.0,0.0374,4.0
MGEE,False,36.99587180357143,"graham_current_ratio,graham_pe_times_pb,munger_roe,munger_fcf",2669818368.0,17.36118,1.8532314,1.137,0.64863,0.110410005,0.41184,0.22672,-206614256.0,0.028900000000000002,4.0
RTX,False,36.88583805059063,"graham_current_ratio,graham_pe,graham_pe_times_pb,munger_roe,munger_gross_margin",248176164864.0,32.419014,3.7388833,1.011,0.5702,0.12274,0.20347,0.10496258591695541,9880000512.0,0.016200000000000003,4.0
RS,False,36.857517340499754,"graham_pe,graham_pe_times_pb,munger_roe,munger_gross_margin",20275443712.0,23.07641,2.7393653,4.297,0.26921,0.12229,0.28285,0.07084642130079823,345437504.0,0.0126,4.0
KR,False,36.841721863558206,"graham_current_ratio,graham_debt_to_equity,graham_pe,graham_pe_times_pb,munger_roe,munger_gross_margin",36232613888.0,34.083332,6.260843,0.702,4.1324000000000005,0.14442,0.23900999,0.012801235420815215,2535500032.0,0.026699999999999998,4.0
DDOG,False,36.82235453897825,"graham_earnings_stability,graham_pe,graham_pe_times_pb,munger_roe",97743806464.0,544.42,22.37465,3.205,0.29259,0.04696,0.7995549081775629,-0.012947462591453327,1051412352.0,0.0,3.0
BWXT,False,36.80915269622295,"graham_debt_to_equity,graham_pe,graham_pe_times_pb,munger_gross_margin",12945728512.0,36.604923,9.700995,2.397,1.514,0.28289,0.22082001,0.12645567740372216,145624256.0,0.0075,4.0
WD,False,36.76999992499999,"data_missing:free_cash_flow,graham_size,graham_debt_to_equity,graham_pe,munger_roe",1186640896.0,30.866072,0.6737478,1.574,1.3645699999999998,0.023599999,1.0,0.371913357400722,,0.0775,4.0
WGO,False,36.713797895585934,"graham_size,munger_roe,munger_gross_margin",691315776.0,17.981617,0.55867773,2.373,0.3912,0.03142,0.13047673504395682,0.02044171252948324,164224992.0,0.058899999999999994,4.0
FA,False,36.710004089669724,"graham_debt_to_equity,graham_earnings_stability,graham_pe,graham_pe_times_pb,munger_roe",3243568640.0,134.89285,2.5039778,2.527,1.5774000000000001,0.01939,0.45219,0.0841393073757502,215071744.0,0.0,0.0
AMCR,False,36.68395302452059,"graham_current_ratio,graham_debt_to_equity,munger_roe,munger_gross_margin",19258515456.0,17.516806,1.6334927,1.254,1.2829400000000002,0.09396,0.19952352590827874,0.0807878839445248,1504000000.0,0.063,4.0
XRAY,False,36.66666666666667,"data_missing:trailing_pe,graham_size,graham_debt_to_equity,graham_earnings_stability,munger_roe",1704475648.0,,1.2993921,1.627,1.72243,-0.33031,0.5,-0.11467391304347826,141624992.0,0.0,0.0
OSW,False,36.62502069652814,"graham_earnings_stability,graham_pe,graham_pe_times_pb,munger_roe,munger_gross_margin",2390294528.0,29.810125,4.1056485,2.905,0.15605,0.14321,0.13417,0.08494996363167157,48876500.0,0.0086,2.0
HPE,False,36.57487620888941,"graham_current_ratio,graham_pe,graham_pe_times_pb,munger_roe",93758840832.0,36.407215,3.5378678,1.113,0.76464,0.10936,0.36622003,-0.012742010730114299,4738625024.0,0.0079,4.0
APTV,False,36.56467094782314,"graham_pe,graham_pe_times_pb,munger_roe,munger_gross_margin",9324000256.0,43.623764,1.0488479,2.018,0.6493800000000001,0.05158,0.14847696311036276,0.05804490636336896,1615874944.0,0.0,4.0
ROG,False,36.54876755298601,"graham_earnings_stability,graham_pe,graham_pe_times_pb,munger_roe",2655148032.0,86.488365,2.2103353,3.988,0.02366,0.02596,0.31672422298963987,-0.0555007400098668,99825000.0,0.0,0.0
ON,False,36.54739057659053,"graham_pe,graham_pe_times_pb,munger_roe",30816516096.0,51.06774,4.268727,3.464,0.6505500000000001,0.08312,0.33090369283117055,0.014044100477032391,1656649984.0,0.0,4.0
NPO,False,36.54371055401508,"graham_pe,graham_pe_times_pb,munger_roe",6533828096.0,149.83981,4.115271,2.282,0.37073,0.0286,0.4241441785067226,0.1356918089062649,130837504.0,0.004,4.0
RGEN,False,36.54074018571541,"graham_earnings_stability,graham_pe,graham_pe_times_pb,munger_roe",10272105472.0,221.63013,4.3225837,9.05,0.32715000000000005,0.0199,0.53836,0.09916027075249936,113421752.0,0.0,1.0
GLW,False,36.53940216449304,"graham_pe,graham_pe_times_pb",130315247616.0,69.53816,10.935094,1.813,0.7144799999999999,0.16813,0.35965192910614885,0.1458186704203724,734499968.0,0.0066,4.0
GNW,False,36.4900446554945,"munger_roe,munger_gross_margin",3667044352.0,19.41,0.41933116,10.675,0.23338,0.033970002,0.06625,0.00547542735042735,673625024.0,0.0,4.0
CPT,False,36.391534464165645,"graham_current_ratio,graham_debt_to_equity,graham_pe,graham_pe_times_pb,munger_roe",9764884480.0,32.054455,2.6195486,0.352,1.25648,0.07885,0.61619,0.16104001,139679632.0,0.0434,4.0
CACI,False,36.38834965591813,"graham_current_ratio,graham_debt_to_equity,graham_pe,graham_pe_times_pb,munger_roe",13174674432.0,24.675083,2.9521,1.484,1.20656,0.12824,0.33203998,0.0961367314190681,610367104.0,0.0,4.0
CNR,False,36.34989056285852,"graham_earnings_stability,graham_pe,graham_pe_times_pb,munger_roe,munger_gross_margin",4412911104.0,44.901516,1.19174,1.825,0.12037,0.02675,0.16860001,-0.043714486376815076,274115744.0,0.0045000000000000005,0.0
MHO,False,36.34976848193286,"munger_roe,munger_gross_margin",3289828096.0,10.925273,1.0175085,8.108,0.31079,0.100600004,0.20903,0.11466231576440751,86652128.0,0.0,4.0
JBGS,False,36.30833333333334,"data_missing:trailing_pe,graham_size,graham_current_ratio,graham_debt_to_equity,graham_earnings_stability,munger_roe",851851200.0,,0.6043173,1.149,1.64083,-0.10864,0.48925,-0.09608425580971358,249499744.0,0.0645,0.0
AEE,False,36.294589147695355,"data_missing:consecutive_positive_earnings_years,graham_current_ratio,graham_debt_to_equity,graham_pe_times_pb,munger_roe,munger_fcf",28168802304.0,17.913733,2.0577588,0.531,1.57846,0.11943,0.52408004,0.2302534378906694,-1786249984.0,0.0296,
NUE,False,36.286258452528294,"graham_pe_times_pb,munger_roe,munger_gross_margin",55981572096.0,19.677034,2.5320678,2.508,0.30512,0.14548999,0.15554,0.15668,683374976.0,0.0089,4.0
TOST,False,36.24311740147805,"data_missing:debt_to_equity,graham_earnings_stability,graham_pe,graham_pe_times_pb,munger_gross_margin",17675239424.0,38.70886,8.912853,2.4,,0.25162,0.25889809848854217,0.04745652527222493,474249984.0,0.0,2.0
WELL,False,36.23079794870727,"graham_current_ratio,graham_pe,graham_pe_times_pb,munger_roe",161148731392.0,100.286995,3.4639032,1.317,0.41375,0.03836,0.39560002,0.16561002,2756164352.0,0.0154,4.0
HRL,False,36.21145134135435,"graham_pe,graham_pe_times_pb,munger_roe,munger_gross_margin",10715329536.0,31.403225,1.366124,1.882,0.36326,0.042930003,0.15741,0.08615,621551616.0,0.059800000000000006,4.0
ASH,False,36.18589473684211,"graham_earnings_stability,graham_pe,graham_pe_times_pb,munger_roe",3240109568.0,45.35577,1.7326623,3.047,0.7893000000000001,0.0399,0.30098684210526316,-0.42489035087719296,269124992.0,0.023700000000000002,0.0
MRK,False,36.033364198652414,"graham_current_ratio,graham_debt_to_equity,graham_pe,graham_pe_times_pb,munger_roe",350782423040.0,112.84126,8.370422,1.323,1.2840799999999999,0.06961,0.759,-0.00241,15171500032.0,0.023799999999999998,4.0
DE,False,35.98938325791695,"graham_debt_to_equity,graham_pe,graham_pe_times_pb,munger_gross_margin",175795765248.0,36.24236,6.280645,2.132,2.30298,0.18242,0.25184,0.17478149895583572,4516250112.0,0.0095,4.0
GNRC,False,35.98928425137708,"graham_pe,graham_pe_times_pb,munger_roe",13107468288.0,51.016094,4.5504317,2.045,0.49003,0.09491,0.3829129750041992,0.06870536952023772,289056512.0,0.0,4.0
LUMN,False,35.931333333333335,"data_missing:trailing_pe,data_missing:debt_to_equity,data_missing:return_on_equity,graham_current_ratio,graham_earnings_stability",5707922944.0,,-3.836565,0.964,,,0.47794,-0.06547331075632963,2116249984.0,0.0,0.0
BGC,False,35.7875,"data_missing:free_cash_flow,graham_debt_to_equity,graham_pe,graham_pe_times_pb",5391790592.0,28.35,4.8482256,1.509,1.56959,0.15882,0.91666,0.09044,,0.0070999999999999995,4.0
PENG,False,35.751707439889174,"graham_debt_to_equity,graham_earnings_stability,graham_pe,graham_pe_times_pb,munger_gross_margin,munger_fcf",3671026944.0,27.553846,8.360369,1.88,1.5764500000000001,0.32439998,0.2880448044044612,0.04247169406061102,-151941248.0,0.0,1.0
JBTM,False,35.719952752436356,"graham_current_ratio,graham_earnings_stability,graham_pe,graham_pe_times_pb,munger_roe,munger_gross_margin",5468480512.0,28.567156,1.2180959,1.239,0.37545,0.0437,0.16034710431993962,0.049865725870149015,341062496.0,0.0038,0.0
ATI,False,35.69332524174139,"graham_debt_to_equity,graham_pe,graham_pe_times_pb,munger_gross_margin",25711693824.0,55.372437,13.7004795,2.327,1.09699,0.25357,0.2195143218380782,0.13970876749356934,346687488.0,0.0,4.0
LSTR,False,35.655390591990326,"graham_pe,graham_pe_times_pb,munger_roe,munger_gross_margin",5753326592.0,43.91969,6.8760896,1.825,0.16625,0.14977999,0.19034,0.03195292341939727,96691872.0,0.0105,4.0
IP,False,35.57784047619048,"data_missing:trailing_pe,graham_current_ratio,graham_earnings_stability,munger_roe,munger_gross_margin",16842970112.0,,1.165061,1.098,0.68509,-0.16479,0.29608,0.02298,1646499968.0,0.0581,0.0
LHX,False,35.56361417756047,"graham_current_ratio,graham_pe,graham_pe_times_pb,munger_roe,munger_gross_margin",44095397888.0,23.870846,2.217155,1.184,0.52753,0.0934,0.25484,0.08994138335287222,1608999936.0,0.021400000000000002,4.0
CRWD,False,35.554537392976954,"graham_earnings_stability,graham_pe,graham_pe_times_pb,munger_roe",269284622336.0,5259.8,52.777443,1.57,0.15958,0.01461,0.75185996,-0.02259,1995385472.0,0.0,0.0
ELV,False,35.52894000747839,"graham_pe_times_pb,munger_roe,munger_gross_margin",87461216256.0,17.85259,1.9483927,1.518,0.68953,0.11133,0.2599,0.03615317011927181,4306375168.0,0.017,4.0
EVRG,False,35.525977881044405,"graham_current_ratio,graham_debt_to_equity,graham_pe,graham_pe_times_pb,munger_roe,munger_fcf",18543366144.0,20.464376,1.813825,0.359,1.60554,0.092539996,0.52696997,0.25712895866881375,-1443362560.0,0.0346,4.0
CAR,False,35.51833333333334,"data_missing:trailing_pe,data_missing:debt_to_equity,data_missing:return_on_equity,graham_current_ratio,graham_earnings_stability,munger_gross_margin",3863930624.0,,-1.1396481,0.848,,,0.27385,0.1491,1093124992.0,0.0,0.0
KWR,False,35.48204856430908,"graham_earnings_stability,graham_pe,graham_pe_times_pb,munger_roe",2718988800.0,28.165773,1.9749273,2.457,0.66913,0.07175,0.3597160699214353,0.02805519756607156,129911624.0,0.013500000000000002,0.0
NRG,False,35.37002115268153,"graham_current_ratio,graham_debt_to_equity,graham_earnings_stability,graham_pe,graham_pe_times_pb,munger_gross_margin",22190870528.0,27.634817,5.2798343,0.968,4.83357,0.23772,0.18795,0.06007228209552958,772374976.0,0.0175,2.0
CASY,False,35.27952086429406,"graham_current_ratio,graham_pe,graham_pe_times_pb,munger_gross_margin",23753930752.0,30.958092,5.8052716,1.019,0.7054699999999999,0.19983,0.23374548352445523,0.065,503306880.0,0.0040999999999999995,4.0
SO,False,35.273137680841565,"graham_current_ratio,graham_debt_to_equity,graham_pe,graham_pe_times_pb,munger_roe,munger_fcf",98803752960.0,20.696192,2.4969242,0.787,1.8205799999999999,0.114829995,0.48289,0.24650627685852536,-3913374976.0,0.0356,4.0
ITT,False,35.25588269247365,"graham_current_ratio,graham_pe,graham_pe_times_pb,munger_roe",17837697024.0,38.855186,3.6975996,1.263,0.7973,0.11569,0.35353561000380856,0.17379713088739368,307212512.0,0.0077,4.0
FOUR,False,35.252375384307996,"graham_current_ratio,graham_debt_to_equity,graham_pe,graham_pe_times_pb,munger_roe,munger_gross_margin",3138664704.0,63.095238,5.1204433,1.211,2.6232100000000003,0.064899996,0.20358318098720293,0.08397129186602871,353524992.0,0.0,4.0
CIEN,False,35.20061567491536,"graham_debt_to_equity,graham_pe,graham_pe_times_pb",60513955840.0,95.46533,19.80921,3.797,1.07496,0.22396,0.42036147551518427,0.04141539156982053,633368384.0,0.0,4.0
HP,False,35.19331035945417,"data_missing:trailing_pe,graham_earnings_stability,munger_roe",4023541760.0,,1.5630702,1.962,0.69731,-0.04639,0.31845,0.0008857417205973391,493073888.0,0.0252,0.0
DY,False,35.1325567972598,"graham_debt_to_equity,graham_pe,graham_pe_times_pb,munger_gross_margin",8339202560.0,25.250227,4.0397115,2.348,1.47703,0.19197,0.20528999,0.09571,326561504.0,0.0,4.0
MTX,False,35.131956276220805,"data_missing:trailing_pe,graham_current_ratio,graham_earnings_stability,munger_roe,munger_gross_margin",2024614656.0,,1.3105241,1.429,0.61194,-0.03835,0.24992762713499952,0.022869825340152465,392837504.0,0.0073,0.0
WING,False,35.043564721344964,"data_missing:debt_to_equity,data_missing:return_on_equity,graham_pe,graham_pe_times_pb",3267334656.0,28.420616,-4.226486,2.967,,,0.49418998,0.2572866874362312,98595000.0,0.0113,4.0
CSW,False,34.979759469506384,"graham_pe,graham_pe_times_pb,munger_roe",4685355008.0,39.39178,4.366099,2.7,0.8488500000000001,0.109280005,0.41908680346109045,0.15568348407323826,72619248.0,0.0042,4.0
AHR,False,34.96418057285722,"graham_current_ratio,graham_earnings_stability,graham_pe,graham_pe_times_pb,munger_roe,munger_gross_margin",11037278208.0,75.56716,2.6679666,1.314,0.41888,0.03951,0.1928,0.18368911780465044,396683008.0,0.0203,1.0
QDEL,False,34.95266766666667,"data_missing:trailing_pe,graham_size,graham_current_ratio,graham_debt_to_equity,graham_earnings_stability,munger_roe",833877120.0,,0.46792626,1.386,1.73277,-0.45905998,0.44858003,-0.33667863160208045,146762496.0,0.0,0.0
LAD,False,34.93296529389704,"graham_current_ratio,graham_debt_to_equity,munger_roe,munger_gross_margin",6333775360.0,9.543557,0.990086,1.003,2.57698,0.10719,0.15233201097917093,0.04237290387379799,547649984.0,0.0097,4.0
SHO,False,34.908347093124284,"graham_pe,graham_pe_times_pb,munger_roe,munger_fcf",2111393280.0,54.071426,1.2909278,5.435,0.51842,0.027520001,0.43710998,0.25784066820067764,-112617752.0,0.0321,4.0
DXPE,False,34.80147711134789,"graham_debt_to_equity,graham_pe,graham_pe_times_pb",2773379840.0,31.466549,5.1250215,2.993,1.66254,0.18469,0.315383375529728,0.08771725357264186,74078496.0,0.0,4.0
LGIH,False,34.7709859190234,"graham_size,munger_roe,munger_gross_margin",1035462720.0,15.638597,0.48586127,33.032,0.74344,0.03159,0.19646,0.04677561588832392,208319248.0,0.0,4.0
TXT,False,34.76401013969345,"munger_roe,munger_gross_margin",12707806208.0,13.7627125,1.5601051,1.861,0.5228499999999999,0.12126,0.17628999,0.08701,452750016.0,0.0011,4.0
DRH,False,34.749095036349644,"munger_roe,munger_gross_margin",2589751296.0,17.512499,1.6927105,5.588,0.78244,0.09911,0.29453,0.16066919155637036,76127872.0,0.035699999999999996,4.0
OPCH,False,34.740845422666595,"graham_current_ratio,graham_debt_to_equity,graham_pe,graham_pe_times_pb,munger_gross_margin",4652584960.0,23.530302,3.6923444,1.465,1.00649,0.15999,0.1925641811276323,0.05981146359539635,256067872.0,0.0,4.0
SMG,False,34.700781721964816,"data_missing:debt_to_equity,data_missing:return_on_equity,graham_current_ratio,graham_earnings_stability,graham_pe_times_pb",2915088896.0,17.882143,-13.962632,1.215,,,0.3059388825407987,0.10506577598077993,248500000.0,0.053399999999999996,1.0
SAFE,False,34.695607752002324,"graham_size,graham_debt_to_equity,graham_earnings_stability,munger_roe,munger_fcf",858293312.0,7.5279503,0.35307485,37.645,1.76953,0.0464,0.92913,0.26169751421338755,-317175872.0,0.058899999999999994,2.0
BTSG,False,34.67579635076545,"graham_debt_to_equity,graham_earnings_stability,graham_pe,graham_pe_times_pb,munger_roe,munger_gross_margin",12644513792.0,56.553097,6.4271345,1.588,1.1600700000000002,0.13036,0.11756085946361444,0.022869024157271517,1028438976.0,0.0,1.0
DPZ,False,34.58911872944422,"data_missing:debt_to_equity,data_missing:return_on_equity,graham_pe_times_pb",10224241664.0,17.520409,-2.5663466,1.538,,,0.3995065581051313,0.1931123802984376,531496512.0,0.0263,4.0
LYV,False,34.55080846141877,"data_missing:trailing_pe,graham_current_ratio,graham_debt_to_equity,munger_gross_margin",40079515648.0,,481.91876,0.852,6.202140000000001,0.17677,0.25777,0.049648698171840096,1695030656.0,0.0,4.0
NAVI,False,34.516142,"data_missing:trailing_pe,data_missing:free_cash_flow,graham_size,graham_debt_to_equity,graham_earnings_stability,munger_roe",873127424.0,,0.3641128,10.745,18.52711,-0.01975,1.0,0.33870998,,0.0716,0.0
LH,False,34.505866549486406,"graham_pe,graham_pe_times_pb,munger_roe,munger_gross_margin",25521358848.0,26.02895,2.9579463,1.796,0.7912399999999999,0.11728,0.28759936065139013,0.09924955381781432,892049984.0,0.0092,4.0
AAON,False,34.48341428571428,"graham_pe,graham_pe_times_pb,munger_gross_margin,munger_fcf",7082767872.0,45.21053,7.009384,3.013,0.44742,0.17284,0.25569,0.10987,-213758000.0,0.0046,4.0
ONTO,False,34.44271808478017,"graham_pe,graham_pe_times_pb,munger_roe",14223188992.0,108.95864,7.3913593,9.726,0.76547,0.06825,0.4971534812282955,0.13223106788969652,202947248.0,0.0,4.0
THRM,False,34.392504644531286,"graham_size,graham_pe,graham_pe_times_pb,munger_roe,munger_gross_margin",1632615168.0,34.848835,1.2726115,2.064,0.44955,0.03735,0.24167590861349444,0.055184765534811775,84331624.0,0.0,4.0
ESAB,False,34.36557923973258,"graham_pe,graham_pe_times_pb,munger_roe",4035312640.0,20.221184,1.7043904,1.962,0.9826900000000001,0.08727,0.3688027144593508,0.1449998328968129,146126368.0,0.0072,4.0
HLT,False,34.365119464216356,"data_missing:debt_to_equity,data_missing:return_on_equity,graham_current_ratio,graham_pe,graham_pe_times_pb",72925528064.0,47.51026,-11.602391,0.649,,,0.79036003,0.22368967522219455,1393874944.0,0.0019,4.0
FND,False,34.360242267160906,"graham_current_ratio,graham_pe,graham_pe_times_pb,munger_roe",4887889920.0,21.448597,1.9656546,1.333,0.80645,0.09694,0.4363513238863147,0.057656901407488505,140193248.0,0.0,4.0
INDV,False,34.214833121095765,"data_missing:debt_to_equity,data_missing:return_on_equity,graham_current_ratio,graham_earnings_stability,graham_pe_times_pb",4197215744.0,12.745521,-20.170166,0.835,,,0.8022598870056498,0.21146085552865213,86500000.0,0.0,2.0
LFST,False,34.13904358952001,"graham_current_ratio,graham_earnings_stability,graham_pe,graham_pe_times_pb,munger_roe",4550445056.0,92.07693,3.0954227,1.376,0.32098999999999994,0.03429,0.33558998,0.01695447189291469,172356128.0,0.0,1.0
VNOM,False,34.11999334691694,"graham_earnings_stability,graham_pe,graham_pe_times_pb,munger_roe",15323253760.0,2133.0,1.6214983,6.374,0.1632,0.0109,1.0,-0.1003584229390681,46000000.0,0.059699999999999996,0.0
SRE,False,34.11503809523809,"graham_pe,graham_pe_times_pb,munger_roe,munger_fcf",52465696768.0,23.189306,1.6048285,1.642,0.84663,0.06679,0.43994,0.28328,-27657750528.0,0.033,4.0
PSN,False,34.11176386225877,"graham_pe,graham_pe_times_pb,munger_roe,munger_gross_margin",4531752960.0,29.262068,1.7220666,1.662,0.59881,0.082440004,0.21959999,0.06569105997647796,213456128.0,0.0,4.0
GPK,False,34.09668748663388,"graham_current_ratio,graham_debt_to_equity,munger_roe,munger_gross_margin",2531316736.0,12.962121,0.78270817,1.379,1.7615100000000001,0.060100004,0.16771341463414635,0.09330393408378786,237875008.0,0.0516,4.0
DXC,False,33.97225505415706,"graham_size,graham_current_ratio,graham_debt_to_equity,graham_earnings_stability,munger_roe,munger_gross_margin",1965277952.0,16.184212,0.6473344,1.408,1.25421,0.04025,0.22997,0.07671622904144258,877000000.0,0.0,3.0
AVA,False,33.95425996508583,"graham_current_ratio,graham_debt_to_equity,munger_roe,munger_fcf",2975738112.0,12.8267145,1.0548348,1.1,1.19709,0.08306,0.66753995,0.18024439918533605,-235124992.0,0.0558,4.0
ETR,False,33.95418221664194,"graham_current_ratio,graham_debt_to_equity,graham_pe,graham_pe_times_pb,munger_roe,munger_fcf",49148968960.0,26.309464,2.6333036,0.912,1.8677000000000001,0.10248999,0.47000998,0.24734345144386757,-4400858112.0,0.024900000000000002,4.0
KMPR,False,33.87056666666667,"data_missing:trailing_pe,graham_size,graham_current_ratio,graham_earnings_stability,munger_roe,munger_gross_margin",1608601984.0,,0.73357517,0.817,0.63974,-0.19700001,0.254,-0.013935520407750495,220550000.0,0.048799999999999996,2.0
YUM,False,33.84841444188582,"data_missing:debt_to_equity,data_missing:return_on_equity,graham_current_ratio,graham_pe_times_pb",39195418624.0,18.08879,-5.442815,0.592,,,0.45311,0.3133674214755296,833249984.0,0.021400000000000002,4.0
VECO,False,33.820240874254715,"graham_earnings_stability,graham_pe,graham_pe_times_pb,munger_roe",3150927104.0,139.3108,3.4903169,3.926,0.28931,0.02643,0.3786,0.06676,71797000.0,0.0,2.0
FUL,False,33.75045845599266,"graham_debt_to_equity,munger_roe,munger_gross_margin",2710027008.0,14.023678,1.2497518,1.816,1.00906,0.09584,0.27853710735243353,0.07800966517086641,151052752.0,0.0196,4.0
JJSF,False,33.73938798364201,"graham_size,graham_pe,graham_pe_times_pb,munger_roe,munger_gross_margin",1517040000.0,31.474808,1.6956922,2.343,0.21512,0.05292,0.23328584651451315,0.01682324923339445,57647500.0,0.0403,4.0
KD,False,33.721547319047616,"graham_current_ratio,graham_debt_to_equity,graham_earnings_stability,graham_pe,graham_pe_times_pb,munger_roe,munger_gross_margin",2556097280.0,31.716215,2.4061923,0.848,4.22451,0.069299996,0.21841,0.02902,2652624896.0,0.0,2.0
ENTG,False,33.7205499074719,"graham_pe,graham_pe_times_pb,munger_roe",24392368128.0,80.08,5.8843412,3.049,0.85655,0.07671,0.44419070262153537,0.14262028405180505,477787488.0,0.0024,4.0
HSIC,False,33.69049675965002,"graham_current_ratio,graham_pe,graham_pe_times_pb,munger_roe",9564450816.0,24.478134,2.976355,1.319,0.80733,0.088549994,0.3113622572815534,0.04952973300970874,446000000.0,0.0,4.0
VIAV,False,33.653031533777146,"data_missing:trailing_pe,graham_earnings_stability,munger_roe",10712368128.0,,7.428377,1.846,0.48243,-0.02728,0.5765658960679707,0.06922215635908582,158712496.0,0.0,0.0
NPK,False,33.644008329182995,"graham_size,graham_pe,graham_pe_times_pb,munger_roe,munger_gross_margin",1087750656.0,25.489965,2.6448388,5.22,0.022320000000000003,0.10902,0.15952566312628594,0.07991873277142698,8961750.0,0.0067,4.0
AXON,False,33.64227499829564,"graham_pe,graham_pe_times_pb,munger_roe",33741148160.0,172.34024,9.182234,2.149,0.50363,0.06221,0.5965474093517767,-0.02233322396256066,222160000.0,0.0,4.0
UGI,False,33.58419910702033,"graham_current_ratio,graham_debt_to_equity,graham_earnings_stability,munger_roe,munger_fcf",7934169088.0,12.289037,1.5219717,1.439,1.34987,0.13279,0.51343,0.1519143680526966,-236250000.0,0.0409,2.0
AEP,False,33.469338180386856,"graham_current_ratio,graham_debt_to_equity,graham_pe,graham_pe_times_pb,munger_roe,munger_fcf",66824777728.0,21.27383,2.0830152,0.504,1.6078899999999998,0.10130999,0.46352002,0.24314317059791551,-5995950080.0,0.0311,4.0
HXL,False,33.40063096182227,"graham_pe,graham_pe_times_pb,munger_roe,munger_gross_margin",6403037696.0,42.762627,4.9241056,2.427,0.73902,0.10764,0.22957917524684512,0.09060668461904008,252975008.0,0.0086,4.0
FE,False,33.38351554955978,"graham_current_ratio,graham_debt_to_equity,graham_pe,graham_pe_times_pb,munger_roe,munger_fcf",26000482304.0,24.037434,2.0108259,0.541,2.00908,0.09491,0.68605006,0.1461895294897283,-2014625024.0,0.0417,4.0
BJ,False,33.3643162723755,"graham_current_ratio,graham_debt_to_equity,graham_pe,graham_pe_times_pb,munger_gross_margin",12592311296.0,21.814005,5.7365637,0.73,1.26207,0.27673,0.18244,0.03805721080879146,246668752.0,0.0,4.0
TNC,False,33.33557104207146,"graham_size,graham_pe,graham_pe_times_pb,munger_roe",1136677120.0,64.10577,2.130985,2.045,0.73113,0.03078,0.40240963855421685,0.05675114250103864,50687500.0,0.018799999999999997,4.0
PECO,False,33.330022330473916,"graham_pe,graham_pe_times_pb,munger_roe",5272756736.0,32.763157,2.020229,1.567,0.91852,0.060170002,0.70998,-0.027595161620993645,160187872.0,0.0373,4.0
HTO,False,33.321282934044476,"graham_debt_to_equity,graham_pe,munger_roe,munger_fcf",2448413696.0,20.669611,1.3277118,1.667,1.02581,0.06463,0.56912,0.22174521290548221,-250611632.0,0.0304,4.0
LNT,False,33.255990813519354,"graham_current_ratio,graham_debt_to_equity,graham_pe,graham_pe_times_pb,munger_roe,munger_fcf",16993519616.0,20.545454,2.2570424,0.466,1.60951,0.11135,0.44502,0.23498395231545163,-1138625024.0,0.032799999999999996,4.0
MDLZ,False,33.24429339790796,"graham_current_ratio,graham_pe,graham_pe_times_pb,munger_roe,munger_gross_margin",77866196992.0,22.30147,2.9159257,0.599,0.82643,0.13340001,0.2837532760723461,0.0920673638321613,2252375040.0,0.035,4.0
WMT,False,33.083004140261295,"graham_current_ratio,graham_pe,graham_pe_times_pb,munger_gross_margin",880328441856.0,40.2029,8.970814,0.767,0.7165300000000001,0.22313999,0.24836999,0.041820733829433104,7127625216.0,0.0092,4.0
D,False,33.07885084644545,"graham_current_ratio,graham_debt_to_equity,graham_pe,graham_pe_times_pb,munger_roe,munger_fcf",54182842368.0,21.31647,1.9409137,0.809,1.60459,0.08281,0.46222,0.26741790863928266,-9181124608.0,0.0431,4.0
NX,False,33.01814714950183,"graham_size,graham_debt_to_equity,graham_earnings_stability,munger_roe,munger_gross_margin",845493568.0,19.020618,1.1232878,2.231,1.13017,0.06201,0.26587,-0.10554400995624282,65965624.0,0.0174,0.0
LTH,False,32.97792211007227,"graham_current_ratio,graham_debt_to_equity,graham_earnings_stability,graham_pe,graham_pe_times_pb,munger_roe,munger_fcf",8945181696.0,21.874315,2.7058268,0.657,1.29478,0.13445,0.48022997,0.1606851503461308,-345163264.0,0.0,3.0
VYX,False,32.97702842610807,"graham_size,graham_current_ratio,graham_debt_to_equity,graham_earnings_stability,graham_pe,munger_roe,munger_gross_margin",953372736.0,24.660715,1.026003,1.072,1.15799,0.05272,0.25825,0.009676218831410495,216250000.0,0.0,2.0
CLH,False,32.92778772999982,"graham_debt_to_equity,graham_pe,graham_pe_times_pb",16776314880.0,38.522423,5.7291965,2.131,1.10951,0.15562001,0.32257,0.11165481673605172,383758016.0,0.0,4.0
SARO,False,32.87527810251989,"graham_earnings_stability,graham_pe,graham_pe_times_pb,munger_roe,munger_gross_margin",6735864832.0,20.984535,2.4031875,2.135,0.93207,0.12302,0.15048,0.0908977844666065,369616000.0,0.0,2.0
LW,False,32.870000743399544,"graham_current_ratio,graham_debt_to_equity,graham_pe,graham_pe_times_pb,munger_roe,munger_gross_margin",6827709952.0,27.079235,3.7326756,1.455,2.19001,0.14169,0.20563192837590552,0.08939400813635195,315649984.0,0.0316,4.0
OGS,False,32.86428817723744,"graham_current_ratio,munger_roe,munger_fcf",4552365568.0,15.575269,1.2855444,0.481,0.95903,0.085760005,0.6008782612479727,0.13574721538554038,-219928128.0,0.0374,4.0
SXT,False,32.840474819846534,"graham_pe,graham_pe_times_pb,munger_roe,munger_fcf",5628893184.0,35.641506,4.4450045,4.39,0.6063000000000001,0.13071,0.34876,0.12848246801864138,-2621250.0,0.0123,4.0
WEC,False,32.7779134294548,"graham_current_ratio,graham_debt_to_equity,graham_pe,graham_pe_times_pb,munger_roe,munger_fcf",33722150912.0,20.095144,2.4741209,0.534,1.5798500000000002,0.11988,0.41909,0.22906909113172313,-2353637376.0,0.0369,4.0
FUN,False,32.73233333333333,"data_missing:trailing_pe,graham_size,graham_current_ratio,graham_debt_to_equity,graham_earnings_stability,munger_roe",1165894400.0,,10.165031,0.42,14.552999999999999,-1.4315801,0.38197,-0.443509298649255,483434880.0,0.0,0.0
ABM,False,32.72665957803902,"graham_current_ratio,graham_debt_to_equity,munger_roe,munger_gross_margin",2910800640.0,17.992754,1.6259577,1.421,1.05134,0.09191,0.12918,0.03563955682091037,281200000.0,0.023799999999999998,4.0
BEN,False,32.71537385271415,"graham_pe,graham_pe_times_pb,munger_roe,munger_fcf",16494716928.0,22.085033,1.4036491,5.486,0.24805,0.07887,0.37707,0.06887705656333018,-2990862592.0,0.0406,4.0
CNP,False,32.70868635017329,"graham_current_ratio,graham_debt_to_equity,graham_pe,graham_pe_times_pb,munger_roe,munger_fcf",25364023296.0,22.784023,2.1640534,1.123,2.10256,0.09825,0.47027,0.22549962594848777,-5191875072.0,0.024900000000000002,4.0
BKH,False,32.58435018386483,"graham_current_ratio,graham_debt_to_equity,munger_roe,munger_fcf",5831077888.0,19.261965,1.478767,0.523,1.11686,0.07958,0.4993103849222529,0.2326839826839827,-77750000.0,0.0398,4.0
UFPI,False,32.573560797012156,"munger_roe,munger_gross_margin",4212683264.0,17.436073,1.3868812,3.981,0.13347,0.0802,0.13773177691362642,0.04604430853485071,117891504.0,0.0182,4.0
RRX,False,32.53680809222252,"graham_earnings_stability,graham_pe,graham_pe_times_pb,munger_roe",10657030144.0,32.929012,1.5412285,2.276,0.68843,0.047670003,0.33073095813268916,0.060329243124770025,455187488.0,0.0085,2.0
IPGP,False,32.517566530058076,"graham_earnings_stability,graham_pe,graham_pe_times_pb,munger_roe",3304235520.0,119.76923,1.5566263,6.179,0.00764,0.01302,0.38002763562026226,0.013054692426704338,45315500.0,0.0,1.0
TLN,False,32.45952114826575,"data_missing:trailing_pe,graham_current_ratio,graham_debt_to_equity,graham_earnings_stability,munger_roe",17119288320.0,,10.727984,0.781,5.8413699999999995,-0.12825,0.42101002,-0.03487020534676482,1261750016.0,0.0,0.0
PDFS,False,32.43636237309464,"graham_earnings_stability,graham_pe,graham_pe_times_pb,munger_roe,munger_fcf",2189480960.0,207.4,5.831084,3.447,0.19210000000000002,0.03272,0.5335178804566559,0.0018651039059202324,-13259875.0,0.0,0.0
VTRS,False,32.35631191068936,"data_missing:trailing_pe,graham_earnings_stability,munger_roe",20065882112.0,,1.3878295,1.585,0.9553499999999999,-0.02754,0.3505968573206806,-0.18623207155294794,2677337600.0,0.0274,0.0
CPK,False,32.341709686443934,"graham_current_ratio,graham_debt_to_equity,graham_pe,graham_pe_times_pb,munger_roe,munger_fcf",3232095488.0,20.411484,1.8435345,0.316,1.01273,0.094689995,0.40342,0.27516129032258063,-220775008.0,0.023,4.0
FMC,False,32.33392936109669,"data_missing:trailing_pe,graham_size,graham_debt_to_equity,graham_earnings_stability,munger_roe",1396025472.0,,0.68663454,1.987,2.6504700000000003,-0.88376,0.3700178808329007,-0.4696025840687547,165637504.0,0.0352,0.0
VTR,False,32.28540638919012,"graham_current_ratio,graham_earnings_stability,graham_pe,graham_pe_times_pb,munger_roe",42020564992.0,151.70369,2.8684478,0.295,0.8492799999999999,0.02012,0.39970002,0.14807999,1486853504.0,0.026000000000000002,2.0
MAR,False,32.21326952338229,"data_missing:debt_to_equity,data_missing:return_on_equity,graham_current_ratio,graham_pe,graham_pe_times_pb",94757257216.0,37.616978,-21.024069,0.535,,,0.79241997,0.15813793630184067,2060375040.0,0.008199999999999999,4.0
CWT,False,32.19479692270747,"graham_current_ratio,graham_pe,graham_pe_times_pb,munger_roe,munger_fcf",2829448192.0,20.517937,1.5653974,0.701,0.9267700000000001,0.07677,0.53286,0.17678726152984087,-258749376.0,0.029500000000000002,4.0
UVV,False,32.184298861020416,"graham_size,graham_pe,graham_pe_times_pb,munger_roe,munger_gross_margin",1075149824.0,56.815792,0.7753497,2.572,0.85545,0.022769999,0.17417999,0.058386982951587445,155875008.0,0.0775,4.0
KNTK,False,32.160145039504975,"graham_current_ratio,graham_debt_to_equity,graham_pe_times_pb,munger_fcf",9211240448.0,19.034966,-3.6259491,0.682,1.3657400000000002,0.19231,0.41193,0.09347088425511607,-95451128.0,0.059500000000000004,4.0
SEI,False,32.04723090049176,"graham_debt_to_equity,graham_pe,graham_pe_times_pb,munger_roe,munger_fcf",7235538432.0,89.88125,5.0076604,4.123,2.16673,0.08099,0.49943,0.21759066545591887,-806578240.0,0.0063,4.0
GIS,False,32.04610463460683,"data_missing:trailing_pe,graham_current_ratio,graham_debt_to_equity,graham_earnings_stability,munger_roe",17374658560.0,,2.3536868,0.704,1.82422,-0.104949996,0.33728,0.048077027452427736,1302612480.0,0.0768,0.0
HASI,False,32.045964285714284,"data_missing:free_cash_flow,graham_debt_to_equity,graham_pe,graham_pe_times_pb,munger_roe",4612999168.0,55.230774,1.799048,8.703,2.22661,0.03371,1.0,0.22208,,0.046799999999999994,4.0
CVI,False,31.96400987405996,"graham_current_ratio,graham_debt_to_equity,graham_pe,graham_pe_times_pb,munger_gross_margin",5926279168.0,86.69118,11.288778,1.418,2.4180099999999998,0.24254999,0.10905,0.02541189611840268,214500000.0,0.006999999999999999,4.0
OMC,False,31.961693643261974,"graham_current_ratio,graham_debt_to_equity,graham_earnings_stability,graham_pe,graham_pe_times_pb,munger_roe,munger_gross_margin",21740273664.0,200.73685,2.165938,0.924,1.07744,0.060510002,0.18959999,0.02574702262055709,4260624896.0,0.042699999999999995,0.0
ED,False,31.947189381273255,"graham_current_ratio,graham_debt_to_equity,munger_roe,munger_fcf",39172247552.0,17.449753,1.5237875,1.268,1.10113,0.08962,0.53372,0.17348386334082042,-844875008.0,0.0336,4.0
HZO,False,31.833196435685558,"graham_size,graham_current_ratio,graham_debt_to_equity,graham_earnings_stability,graham_pe,graham_pe_times_pb,munger_roe",1158670208.0,327.875,1.2164638,1.234,1.15137,0.00497,0.3248741603472585,0.014730514340350793,183364128.0,0.0,0.0
PCAR,False,31.821445284863902,"graham_pe,graham_pe_times_pb,munger_roe,munger_gross_margin",57394835456.0,22.95579,2.8243585,5.519,0.7291,0.12755999,0.13715,0.12024,1943650048.0,0.0128,4.0
RYN,False,31.758110954979298,"graham_pe,graham_pe_times_pb,munger_roe,munger_gross_margin",5543597568.0,40.271736,1.0613005,3.562,0.36024999999999996,0.02015,0.24815,0.17200945333704862,111029624.0,0.057800000000000004,4.0
USPH,False,31.74079780587496,"graham_size,graham_current_ratio,graham_pe,graham_pe_times_pb,munger_roe,munger_gross_margin",1249552128.0,465.19443,2.7853177,1.271,0.5032099999999999,0.0651,0.19167082805157556,0.11098349530723825,41290124.0,0.022000000000000002,4.0
CNXN,False,31.736415963011865,"graham_pe,graham_pe_times_pb,munger_roe,munger_gross_margin",2304617216.0,24.157408,2.4191327,2.88,0.00792,0.104320005,0.18774023182000776,0.03455996457744611,11910875.0,0.0087,4.0
PRGO,False,31.713025009208973,"data_missing:trailing_pe,graham_size,graham_debt_to_equity,graham_earnings_stability,munger_roe",1985094144.0,,0.7886757,2.324,1.38183,-0.48746,0.3513907502762691,-0.26385460017399076,437212512.0,0.08289999999999999,0.0
GME,False,31.667742894815383,"graham_earnings_stability,graham_pe_times_pb",12657879040.0,16.506514,1.8347275,8.718,0.70557,0.15786,0.3295132097302956,0.06394115540373013,85450000.0,0.0,3.0
PTCT,False,31.653,"data_missing:trailing_pe,data_missing:debt_to_equity,data_missing:return_on_equity,graham_earnings_stability,munger_fcf",5225897984.0,,-31.54408,3.394,,,0.49959,0.5009288390811572,-286804256.0,0.0,1.0
NWE,False,31.650300939722527,"graham_current_ratio,graham_debt_to_equity,graham_pe,graham_pe_times_pb,munger_roe,munger_fcf",4584617472.0,26.904333,1.5833476,0.826,1.24221,0.05935,0.55587,0.2023011885935256,-242985632.0,0.038900000000000004,4.0
GKOS,False,31.620329378559596,"data_missing:trailing_pe,graham_earnings_stability,munger_roe",9402629120.0,,13.748167,5.04,0.15766,-0.25981,0.5572282152443038,-0.39334544637613755,15456250.0,0.0,0.0
MIR,False,31.610695424611347,"graham_earnings_stability,graham_pe,graham_pe_times_pb,munger_roe",4029509888.0,179.77777,2.1558962,3.198,0.6575700000000001,0.01511,0.47395720769397015,0.05565161011454506,115362496.0,0.0,1.0
ALGM,False,31.594093410600628,"graham_earnings_stability,graham_pe,graham_pe_times_pb,munger_roe",6717929984.0,600.6667,6.964251,3.703,0.31472,0.015269999,0.4628377163811544,0.020769669788427314,103498872.0,0.0,0.0
HUBG,False,31.58469223684931,"graham_size,graham_current_ratio,munger_roe,munger_gross_margin",1626683392.0,15.287356,0.9559748,1.474,0.2841,0.06241,0.166558686562469,0.035549198127909305,59145876.0,0.019,4.0
LITE,False,31.548021638442385,"data_missing:trailing_pe,graham_earnings_stability,munger_roe",94550532096.0,,19.914557,1.678,0.35987,-2.40027,0.4166887856668879,0.1741207697412077,224700000.0,0.0,0.0
NWL,False,31.485021548874965,"data_missing:trailing_pe,graham_current_ratio,graham_debt_to_equity,graham_earnings_stability,munger_roe",2421539584.0,,0.98675805,1.111,2.32966,-0.085939996,0.3375902276513048,0.005413659078289839,408624992.0,0.049,0.0
ACI,False,31.472833997830097,"graham_current_ratio,graham_debt_to_equity,graham_pe,graham_pe_times_pb,munger_roe,munger_gross_margin",6016927744.0,72.2647,3.7227273,0.842,9.735850000000001,0.02717,0.27180498361838346,0.008748083801737354,1753387520.0,0.0592,4.0
PRVA,False,31.458464612060023,"graham_earnings_stability,graham_pe,graham_pe_times_pb,munger_roe,munger_gross_margin",2586617600.0,96.42857,3.268765,1.616,0.01042,0.04306,0.1003,0.018609999,95646496.0,0.0,3.0
HOG,False,31.41003758340075,"munger_roe,munger_gross_margin",2775093504.0,14.651099,0.89542973,1.903,0.7404000000000001,0.06093,0.27989,0.08643413235565342,110030248.0,0.0278,4.0
PMT,False,31.377607517857143,"data_missing:free_cash_flow,graham_size,graham_debt_to_equity,graham_earnings_stability,munger_roe",655325696.0,5.2187495,0.4995347,1.798,12.390820000000001,0.089370005,0.82927,0.10908,,0.2025,3.0
PTEN,False,31.300323062115414,"data_missing:trailing_pe,graham_earnings_stability,munger_roe,munger_gross_margin",4356112896.0,,1.4117864,1.75,0.41383000000000003,-0.0277,0.23754999,-0.008459328922244616,254212992.0,0.0356,0.0
KOP,False,31.280652781050698,"data_missing:trailing_pe,graham_size,graham_debt_to_equity,munger_roe,munger_gross_margin",841564800.0,,2.1737006,2.332,2.59302,-0.19013001,0.22362,0.08928856489118289,162850000.0,0.0078000000000000005,4.0
PPL,False,31.263754853290994,"graham_current_ratio,graham_debt_to_equity,graham_pe,graham_pe_times_pb,munger_roe,munger_fcf",25567709184.0,20.103548,1.6990048,0.905,1.3543399999999999,0.086330004,0.44094002,0.2354567573545676,-1938375040.0,0.0338,4.0
PEG,False,31.2359352746148,"graham_current_ratio,graham_debt_to_equity,graham_pe_times_pb,munger_roe",35784458240.0,17.863184,2.0636835,0.877,1.4240899999999999,0.11835,0.33333,0.24490466798159105,107750000.0,0.0374,4.0
PSMT,False,31.21923538544812,"graham_current_ratio,graham_pe,graham_pe_times_pb,munger_roe,munger_gross_margin",5174692352.0,32.246155,3.6247299,1.277,0.24017,0.12314,0.17635,0.04411875765403805,58311500.0,0.008199999999999999,4.0
ORLY,False,31.160817041493605,"data_missing:debt_to_equity,data_missing:return_on_equity,graham_current_ratio,graham_pe,graham_pe_times_pb",69837586432.0,27.40635,-38.38595,0.752,,,0.5159231316716373,0.19461329191915056,1570733824.0,0.0,4.0
AMTM,False,31.159866210757215,"graham_earnings_stability,graham_pe,munger_roe,munger_gross_margin",4584495104.0,22.590363,0.97569865,1.523,0.7987099999999999,0.04287,0.10488,0.03334954491766831,484249984.0,0.0,1.0
SKYD,False,31.109666000000004,"data_missing:trailing_pe,data_missing:price_to_book,graham_current_ratio,graham_debt_to_equity,graham_earnings_stability,munger_roe",47774638080.0,,,1.04,1.26479,-0.00896,0.33328998,-0.18036490603498442,17593124864.0,0.0225,0.0
DUK,False,31.073792774715127,"graham_current_ratio,graham_debt_to_equity,munger_roe,munger_fcf",90718347264.0,17.52259,1.6875526,0.661,1.62155,0.098570004,0.51971,0.14833876885446393,-4477374976.0,0.037599999999999995,4.0
BHE,False,31.03493292791397,"graham_pe,graham_pe_times_pb,munger_roe,munger_gross_margin",2900175360.0,55.30137,2.5979793,1.993,0.26142,0.047810003,0.10156187714075547,0.0285994401130003,136417248.0,0.008199999999999999,4.0
XPO,False,31.031140574607484,"graham_current_ratio,graham_debt_to_equity,graham_pe,graham_pe_times_pb,munger_gross_margin",21408673792.0,53.77794,10.911559,1.011,2.06167,0.21587,0.17586074327210593,0.08042172367291897,473750016.0,0.0,4.0
GSHD,False,31.012586987442113,"data_missing:debt_to_equity,data_missing:return_on_equity,graham_size,graham_pe,graham_pe_times_pb",1603036544.0,32.740875,-9.499152,1.544,,,0.49583,0.20380012263758404,36873876.0,0.0,4.0
OC,False,30.89068310685652,"data_missing:trailing_pe,graham_current_ratio,graham_debt_to_equity,graham_earnings_stability,munger_roe,munger_gross_margin",9277943808.0,,2.458165,1.16,1.50328,-0.094510004,0.28090666138770665,0.035632980302880334,869500032.0,0.0276,0.0
STLD,False,30.741953043075643,"graham_pe,graham_pe_times_pb,munger_gross_margin",33696436224.0,21.314598,3.5843332,3.183,0.46924,0.17568001,0.13160797401887628,0.0812026200086804,234191248.0,0.0091,4.0
ASTH,False,30.71102514346819,"graham_size,graham_current_ratio,graham_debt_to_equity,graham_pe,graham_pe_times_pb,munger_roe,munger_gross_margin",1771124096.0,43.018074,2.1171067,1.229,1.6362299999999999,0.06902,0.1343047536293536,0.024679667191427158,231191248.0,0.0,4.0
KNX,False,30.69408753173672,"graham_current_ratio,graham_pe,graham_pe_times_pb,munger_roe,munger_gross_margin",10544961536.0,239.96295,1.5102917,0.877,0.38409999999999994,0.00611,0.24333,0.02892516676397103,491255488.0,0.0124,4.0
CBRE,False,30.690007916338747,"graham_current_ratio,graham_debt_to_equity,graham_pe,graham_pe_times_pb,munger_gross_margin",37916991488.0,29.963388,4.519224,1.141,1.17789,0.15798001,0.18574,0.043230579531442666,1637624960.0,0.0,4.0
OTIS,False,30.66039398854004,"data_missing:debt_to_equity,data_missing:return_on_equity,graham_current_ratio,graham_pe_times_pb",25247893504.0,17.050127,-4.392675,0.831,,,0.30313,0.14780680479523248,1436249984.0,0.0265,4.0
ICUI,False,30.61272693673478,"graham_earnings_stability,graham_pe,graham_pe_times_pb,munger_roe",3922478848.0,131.81091,1.8228354,2.43,0.59817,0.014099999,0.36841885892378395,0.019194966794576343,163559632.0,0.0,1.0
APG,False,30.605500217266048,"data_missing:trailing_pe,graham_current_ratio,graham_debt_to_equity,munger_roe",17316663296.0,,4.739768,1.389,1.0927200000000001,0.10348,0.3143723928706864,0.07002907344204272,648625024.0,0.0,4.0
NWN,False,30.58986986126493,"graham_current_ratio,graham_debt_to_equity,munger_roe,munger_fcf",2012281472.0,15.88206,1.2904924,0.772,1.73275,0.08347999,0.44977,0.21785253648507052,-268720128.0,0.0412,4.0
SYF,False,30.589499999999997,"data_missing:current_ratio,data_missing:debt_to_equity,data_missing:free_cash_flow,munger_gross_margin",23904997376.0,7.519959,1.5727955,,,0.20786,0.0,0.50219,,0.018799999999999997,4.0
CWK,False,30.567627801059196,"graham_current_ratio,graham_debt_to_equity,graham_earnings_stability,graham_pe,graham_pe_times_pb,munger_roe,munger_gross_margin",2757886208.0,40.517242,1.3629509,1.078,1.49834,0.0352,0.18128,0.04398242646915884,302500000.0,0.0,2.0
UTI,False,30.532547967551515,"graham_size,graham_current_ratio,graham_debt_to_equity,graham_pe,graham_pe_times_pb,munger_roe,munger_fcf",1113750144.0,33.139343,3.2349176,1.302,1.04405,0.105349995,0.55051,0.09988918354842416,-4487750.0,0.0,4.0
EXC,False,30.49966764599602,"graham_current_ratio,graham_debt_to_equity,munger_roe,munger_fcf",42946138112.0,15.325368,1.4489051,1.088,1.77362,0.09711,0.42363998,0.21221864951768488,-2685125120.0,0.0405,4.0
KALU,False,30.429325485240323,"graham_debt_to_equity,graham_earnings_stability,munger_gross_margin",2435033856.0,11.048962,2.5562956,2.495,1.13255,0.26398,0.14524001,0.05597391046546101,33025000.0,0.0202,3.0
RAL,False,30.384360800906013,"data_missing:trailing_pe,graham_earnings_stability,munger_roe",7881993728.0,,5.1366353,1.524,0.79797,-0.53898996,0.5028518948182521,-0.5718290796597061,333950016.0,0.0027,0.0
BMRN,False,30.368553301528365,"graham_pe,graham_pe_times_pb,munger_roe",10561384448.0,147.45946,1.6703404,2.387,0.66473,0.011820001,0.50968,0.12711761541238767,85157376.0,0.0,4.0
THO,False,30.35827554444033,"graham_earnings_stability,munger_roe,munger_gross_margin",3387708672.0,19.418638,0.7919568,1.768,0.21361,0.04086,0.12620854493765446,0.02189,140289504.0,0.0308,0.0
XEL,False,30.347829364735407,"graham_current_ratio,graham_debt_to_equity,graham_pe,graham_pe_times_pb,munger_roe,munger_fcf",45826293760.0,20.099998,1.9041995,0.701,1.73135,0.0992,0.46825,0.17032157406604836,-7907999744.0,0.0326,4.0
AEIS,False,30.31902422175201,"graham_pe,graham_pe_times_pb",11418780672.0,52.798145,7.8320465,3.79,0.94568,0.16267,0.37658438959306206,0.0933955970647098,34187500.0,0.0014000000000000002,4.0
PK,False,30.307666666666673,"data_missing:trailing_pe,graham_current_ratio,graham_debt_to_equity,graham_earnings_stability,munger_roe",3079469824.0,,0.9966767,0.297,1.35246,-0.04859,0.30923,-0.012987012987012988,1068875008.0,0.0658,0.0
CCS,False,30.29697981578714,"graham_size,munger_roe,munger_gross_margin",1596349440.0,12.33956,0.6221742,4.76,0.6606799999999999,0.052210003,0.17865999,0.0722738425646595,78148624.0,0.0222,4.0
TMP,False,30.272251499999996,"data_missing:current_ratio,data_missing:debt_to_equity,data_missing:free_cash_flow,graham_size,munger_gross_margin",1384210688.0,7.8691745,1.4356464,,,0.20363002,0.0,0.45026,,0.0286,4.0
PBF,False,30.21876208976395,"graham_current_ratio,graham_earnings_stability,munger_gross_margin",10431834112.0,7.746919,1.6279134,1.33,0.38423999999999997,0.23228,0.050430004,-0.0018512015764191694,78462496.0,0.0131,0.0
ACM,False,30.165375611972646,"graham_current_ratio,graham_debt_to_equity,graham_pe,graham_pe_times_pb,munger_gross_margin",7614144000.0,20.832254,3.4716349,1.057,1.3888,0.16605,0.0753867098002667,0.06360260481936937,379882112.0,0.0213,4.0
HCA,False,30.137876000126685,"data_missing:debt_to_equity,data_missing:return_on_equity,graham_current_ratio,graham_pe_times_pb",98923913216.0,14.948876,-14.633446,0.993,,,0.42580003,0.15161,3738125056.0,0.0070999999999999995,4.0
ETSY,False,30.109161810270752,"data_missing:debt_to_equity,data_missing:return_on_equity,graham_current_ratio,graham_earnings_stability,graham_pe,graham_pe_times_pb",6894149120.0,21.963333,-4.973489,1.476,,,0.7163864344073403,0.09232179909075808,169665376.0,0.0,3.0
ENSG,False,30.084931538200248,"graham_current_ratio,graham_pe,graham_pe_times_pb,munger_gross_margin",9975037952.0,26.826017,4.050216,1.211,0.92027,0.16973,0.16566,0.08408844801566519,280635360.0,0.0015,4.0
PNW,False,30.042974282873665,"graham_current_ratio,graham_debt_to_equity,graham_pe_times_pb,munger_roe,munger_fcf",11905204224.0,18.854128,1.6922494,0.594,2.3328800000000003,0.09365,0.43352002,0.19993299548927432,-929501376.0,0.0373,4.0
PEB,False,30.02734527500173,"data_missing:trailing_pe,graham_current_ratio,graham_earnings_stability,munger_roe,munger_gross_margin",2138271616.0,,0.8842541,0.708,0.97934,-0.016339999,0.25336,0.029682611972262435,258438128.0,0.0021,0.0
TSN,False,30.017919569609386,"graham_current_ratio,graham_earnings_stability,graham_pe,graham_pe_times_pb,munger_roe,munger_gross_margin",18464303104.0,32.398148,1.0213077,1.433,0.44025,0.03263,0.06542862915817123,0.020168622912878163,1191250048.0,0.0395,2.0
BAX,False,30.017194355508124,"data_missing:trailing_pe,graham_debt_to_equity,graham_earnings_stability,munger_roe",12353671168.0,,1.9905949,1.946,1.5644900000000002,-0.14371,0.3005158306652437,-0.027392387050871575,1000374976.0,0.0017000000000000001,0.0
APO,False,30.014332666666665,"data_missing:free_cash_flow,graham_debt_to_equity,graham_earnings_stability,graham_pe,graham_pe_times_pb,munger_roe",67809116160.0,41.155914,3.37294,1.948,1.00969,0.11412,0.36141998,0.21952,,0.0195,3.0
TTWO,False,29.839039625879295,"data_missing:trailing_pe,graham_current_ratio,graham_earnings_stability,munger_roe",39243456512.0,,10.876866,1.062,0.81607,-0.09039,0.5723363980530016,-0.01565410732528093,1256137472.0,0.0,0.0
TFX,False,29.823819367602272,"data_missing:trailing_pe,graham_debt_to_equity,graham_earnings_stability,munger_roe",5261804032.0,,1.8115774,2.604,1.0110299999999999,-0.00701,0.562426199859187,0.05940293459218663,179542000.0,0.0109,0.0
ESI,False,29.821089531498433,"graham_pe,graham_pe_times_pb,munger_roe",8896977920.0,49.337833,3.16323,2.907,0.74976,0.06539,0.41960645970523675,0.1341329570398244,50812500.0,0.0086,4.0
STWD,False,29.81175377970183,"data_missing:free_cash_flow,graham_debt_to_equity,graham_pe,munger_roe",4851548160.0,21.291666,0.7285429,12.868,3.3111900000000003,0.03689,0.86453,0.16438342152637608,,0.1517,4.0
SR,False,29.804565031582325,"graham_current_ratio,graham_debt_to_equity,graham_pe,munger_roe,munger_fcf",4617892864.0,22.643478,1.2887262,0.37,2.02612,0.081099994,0.43965998,0.21155709901469877,-319812512.0,0.0424,4.0
MXL,False,29.778522342382708,"data_missing:trailing_pe,graham_earnings_stability,munger_roe",8651223040.0,,17.843246,1.776,0.30566,-0.21324,0.568414659963519,-0.27134062240051665,14404875.0,0.0,0.0
FBP,False,29.6205,"data_missing:current_ratio,data_missing:debt_to_equity,data_missing:free_cash_flow,munger_gross_margin",4089983232.0,11.256303,2.055236,,,0.19494,0.0,0.49097002,,0.0302,4.0
COHR,False,29.617667921149284,"graham_earnings_stability,graham_pe,graham_pe_times_pb,munger_roe,munger_fcf",59642667008.0,73.92233,5.4678636,2.427,0.31611999999999996,0.07981,0.37495998,0.02041787816014995,-649981632.0,0.0,2.0
ALGT,False,29.590596472839692,"graham_current_ratio,graham_debt_to_equity,graham_earnings_stability,graham_pe,graham_pe_times_pb,munger_roe,munger_gross_margin",2051561856.0,64.14103,1.1471789,0.832,1.6047,0.018339999,0.22812,0.014258919449592742,194582624.0,0.0,0.0
PKG,False,29.57880462398994,"graham_pe,graham_pe_times_pb,munger_roe,munger_gross_margin",20421775360.0,29.805592,4.354033,2.941,0.94474,0.14887,0.21020546649906,0.12314640739545904,432950016.0,0.0264,4.0
BE,False,29.56006462072323,"graham_debt_to_equity,graham_earnings_stability,graham_pe,graham_pe_times_pb,munger_gross_margin",78886207488.0,352.42105,48.742493,4.087,1.71578,0.22213,0.2902182516351333,0.035969474217808946,531637504.0,0.0,0.0
OPLN,False,29.513781858590182,"data_missing:trailing_pe,graham_current_ratio,graham_debt_to_equity,graham_earnings_stability,munger_roe",4349349376.0,,2.787732,1.168,1.5736400000000001,0.11147001,0.45846,0.10162832773326441,26375000.0,0.0,2.0
GPC,False,29.469582987029895,"graham_current_ratio,graham_debt_to_equity,graham_pe,graham_pe_times_pb,munger_roe",17595041792.0,510.52,3.887484,1.159,1.4641499999999998,0.0070700003,0.3679278239578939,0.08498922117053008,917241984.0,0.0339,4.0
HPQ,False,29.32746007345881,"data_missing:debt_to_equity,data_missing:return_on_equity,graham_current_ratio,graham_pe_times_pb,munger_gross_margin",29330753536.0,12.414124,-318.87256,0.788,,,0.20602224432588842,0.057401211682792296,3389874944.0,0.037200000000000004,4.0
BC,False,29.30036419398122,"data_missing:trailing_pe,graham_current_ratio,graham_debt_to_equity,graham_earnings_stability,munger_roe,munger_gross_margin",4016792576.0,,2.3944533,1.447,1.3648099999999999,-0.048270002,0.2790109258194365,-0.00758931901245618,366062496.0,0.0278,0.0
TEX,False,29.252687114752817,"graham_pe,munger_roe,munger_gross_margin",5959030272.0,24.944977,1.2025418,1.818,0.54558,0.042090002,0.19387566869581258,0.0876222099243682,216000000.0,0.0126,4.0
OKE,False,29.227874636027572,"graham_current_ratio,graham_debt_to_equity,graham_pe_times_pb,munger_gross_margin",57014210560.0,15.620035,2.485503,0.737,1.4306999999999999,0.16277,0.17273696440641567,0.17071575128609237,899875008.0,0.048,4.0
BALL,False,29.13865562683459,"graham_current_ratio,graham_debt_to_equity,graham_pe_times_pb,munger_gross_margin",15546133504.0,16.635328,2.6889246,1.069,1.31495,0.17151,0.1863,0.09232,379875008.0,0.0139,4.0
UNM,False,29.1323548145362,"graham_pe,graham_pe_times_pb,munger_roe,munger_gross_margin,munger_fcf",14841262080.0,21.904205,1.3729626,17.258,0.36878,0.06351,0.29304,0.11976544567251124,-2231912448.0,0.0217,4.0
ITGR,False,29.084630898030067,"graham_pe,graham_pe_times_pb,munger_roe,munger_gross_margin",4306068992.0,34.606556,2.504994,3.733,0.79391,0.075040005,0.2699482153193964,0.1193674921249414,107673376.0,0.0,4.0
NEOG,False,28.98177012152814,"data_missing:trailing_pe,graham_earnings_stability,munger_roe",2621634304.0,,1.25026,3.896,0.37107,-0.02668,0.46932444852941174,-0.024816176470588234,40936000.0,0.0,0.0
CMS,False,28.97462648408702,"graham_current_ratio,graham_debt_to_equity,graham_pe_times_pb,munger_roe,munger_fcf",20166273024.0,19.603603,2.1436312,0.936,1.8560400000000001,0.09158,0.40315,0.2022485068509193,-2198874880.0,0.035,4.0
CVS,False,28.95796943657698,"graham_current_ratio,graham_pe,graham_pe_times_pb,munger_roe,munger_gross_margin",112268017664.0,23.1,1.4075202,0.866,0.95503,0.06205,0.15447598844068275,0.011590108116308973,8076000256.0,0.0302,4.0
USFD,False,28.8578893668685,"graham_current_ratio,graham_debt_to_equity,graham_pe,graham_pe_times_pb,munger_gross_margin",21213390848.0,30.172306,4.956781,1.137,1.26315,0.16350001,0.17410714285714285,0.030412946428571428,805124992.0,0.0,4.0
RES,False,28.83773260083539,"graham_size,graham_pe,graham_pe_times_pb,munger_roe,munger_gross_margin,munger_fcf",1332158720.0,54.636368,1.1809785,3.341,0.046790000000000005,0.02076,0.23256999,0.12203915735282582,-5273000.0,0.0269,4.0
IDA,False,28.753076874206627,"graham_current_ratio,graham_debt_to_equity,graham_pe,graham_pe_times_pb,munger_roe,munger_fcf",7761245184.0,22.252071,1.994767,0.986,1.05976,0.094390005,0.38970003,0.20262259498148796,-1221291392.0,0.026699999999999998,4.0
UNFI,False,28.747595140264632,"graham_current_ratio,graham_debt_to_equity,graham_earnings_stability,graham_pe,graham_pe_times_pb,munger_roe,munger_gross_margin",2667221504.0,33.0,1.644967,1.287,1.87115,0.0529,0.13469440164355417,0.006773240883410375,426875008.0,0.0,1.0
UTL,False,28.714183984968017,"graham_size,graham_current_ratio,graham_debt_to_equity,munger_roe,munger_fcf",957425408.0,16.561514,1.4869573,0.491,1.4958799999999999,0.096219994,0.40218,0.18880597014925374,-65891876.0,0.036699999999999997,4.0
COHU,False,28.672486722621297,"data_missing:trailing_pe,graham_earnings_stability,munger_roe",3205285120.0,,4.138247,5.742,0.42764,-0.04836,0.43951,0.00621,66293124.0,0.0,0.0
SDGR,False,28.654238492353514,"data_missing:trailing_pe,graham_size,graham_earnings_stability,munger_roe,munger_fcf",1967014144.0,,5.8252106,2.706,0.32832,-0.16174999,0.5573711547706053,-0.6522712794437778,-29163124.0,0.0,0.0
PZZA,False,28.648578163563677,"data_missing:debt_to_equity,data_missing:return_on_equity,graham_size,graham_current_ratio,graham_pe,graham_pe_times_pb,munger_gross_margin",639339200.0,24.275,-1.4110296,0.829,,,0.20365,0.043405712705374605,58907876.0,0.0,4.0
XYZ,False,28.621902898895822,"graham_earnings_stability,graham_pe,graham_pe_times_pb,munger_roe,munger_fcf",44945473536.0,133.58928,2.0385306,2.209,0.3258,0.01612,0.428208016117265,0.07061372177191873,-27105876.0,0.0,3.0
VIR,False,28.575899999999997,"data_missing:trailing_pe,graham_size,graham_earnings_stability,munger_roe,munger_gross_margin,munger_fcf",1887147008.0,,1.9204924,6.042,0.09494,-0.26081,-0.59389997,0.5155771424256884,-38885876.0,0.0,0.0
PWR,False,28.541921047051645,"graham_current_ratio,graham_pe,graham_pe_times_pb,munger_gross_margin",102328975360.0,77.965065,10.6123705,1.098,0.6778,0.15337,0.1501097782044521,0.05658448543184993,1955491328.0,0.0006,4.0
POWI,False,28.53398384062414,"data_missing:debt_to_equity,graham_pe,graham_pe_times_pb,munger_roe",2762375680.0,112.36363,4.052459,7.069,,0.03622,0.5448631804899167,0.02298513654893755,73703504.0,0.0161,4.0
PCG,False,28.425199006158874,"graham_current_ratio,graham_debt_to_equity,munger_roe,munger_fcf",37904883712.0,9.148551,0.860248,1.216,1.8944999999999999,0.09318,0.39823002,0.1904551834770403,-6150125056.0,0.015600000000000001,4.0
CMC,False,28.378726224222007,"munger_roe,munger_gross_margin",7008051712.0,11.975425,1.5473864,2.326,0.7998099999999999,0.13791999,0.18565,0.09476,134061248.0,0.0126,4.0
JPM,False,28.341749999999998,"data_missing:current_ratio,data_missing:debt_to_equity,data_missing:free_cash_flow,graham_pe_times_pb,munger_gross_margin",881029283840.0,14.200514,2.4918988,,,0.17789,0.0,0.50394,,0.02,4.0
KMX,False,28.33704367544696,"graham_debt_to_equity,graham_pe,graham_pe_times_pb,munger_roe,munger_gross_margin",7588972032.0,25.338863,1.2036517,2.329,2.8662400000000003,0.04677,0.10844166740626598,0.02834,632307968.0,0.0,4.0
UA,False,28.27187720631162,"data_missing:trailing_pe,graham_earnings_stability,munger_roe",2033898112.0,,1.4240602,1.81,0.96356,-0.29825002,0.4548307919063622,-0.0328433040631286,102217624.0,0.0,0.0
PFBC,False,28.182750000000002,"data_missing:current_ratio,data_missing:debt_to_equity,data_missing:free_cash_flow,graham_size,munger_gross_margin",1212158848.0,9.539645,1.5275517,,,0.17577,0.0,0.67442,,0.031,4.0
SMCI,False,28.153625032313812,"graham_pe_times_pb,munger_gross_margin,munger_fcf",27333619712.0,12.961657,2.707092,3.872,0.63951,0.21465999,0.10821604097086886,0.07092340305442439,-8248783872.0,0.0,4.0
AIR,False,28.13261193858294,"graham_pe,graham_pe_times_pb,munger_roe,munger_gross_margin",4068257024.0,20.740778,2.3054757,2.827,0.56152,0.12929,0.19063,0.08083,33200000.0,0.0,4.0
GVA,False,28.094249740229888,"data_missing:trailing_pe,graham_current_ratio,graham_debt_to_equity,munger_roe,munger_gross_margin",5069552640.0,,6.634302,1.013,2.1512000000000002,-0.14548,0.1607493390597867,0.06383856355886329,959048128.0,0.0045000000000000005,4.0
SW,False,28.09361032123066,"graham_current_ratio,graham_pe,graham_pe_times_pb,munger_roe,munger_gross_margin",21699512320.0,43.547367,1.2014986,1.447,0.78427,0.02715,0.1938163507489015,0.0551332627730203,1215000064.0,0.0438,4.0
ACA,False,28.092793109559942,"graham_pe,graham_pe_times_pb,munger_roe,munger_gross_margin",7195620352.0,36.180244,2.4116194,3.119,0.50578,0.080299996,0.22445723798293682,0.11857529305680793,60250000.0,0.0014000000000000002,4.0
SFBS,False,28.001249249999997,"data_missing:current_ratio,data_missing:debt_to_equity,data_missing:free_cash_flow,munger_gross_margin",4226731776.0,13.147959,2.1369338,,,0.17334999,0.0,0.70001,,0.0199,4.0
GEO,False,27.969706376294518,"graham_debt_to_equity,graham_pe_times_pb,munger_gross_margin,munger_fcf",4040721408.0,14.413145,2.6284246,1.653,1.06105,0.20127001,0.26042998,0.09784731350242766,-3632500.0,0.0,4.0
UAA,False,27.91105801647878,"data_missing:trailing_pe,graham_earnings_stability,munger_roe",2094034432.0,,1.4661654,1.81,0.96356,-0.29825002,0.4548307919063622,-0.0328433040631286,102217624.0,0.0,0.0
DAR,False,27.81923016464788,"graham_pe_times_pb,munger_roe,munger_gross_margin",9802717184.0,16.743935,1.8687202,1.565,0.78609,0.12126,0.24013812532422016,0.04456412669289166,219643008.0,0.0,4.0
NTRS,False,27.7995,"data_missing:current_ratio,data_missing:debt_to_equity,data_missing:free_cash_flow,graham_pe_times_pb,munger_gross_margin",30847236096.0,14.484964,2.4644809,,,0.17066,0.0,0.42496,,0.0195,4.0
KGS,False,27.736854788461642,"graham_current_ratio,graham_debt_to_equity,graham_pe,graham_pe_times_pb,munger_roe",5397944320.0,62.081394,2.4936945,1.447,1.30257,0.04587,0.37235192225602404,0.25992661111535814,16089375.0,0.0359,4.0
AORT,False,27.694547773594913,"data_missing:trailing_pe,graham_size,graham_earnings_stability,munger_roe",1038995008.0,,2.3287072,3.473,0.9155800000000001,-0.0073100002,0.6440237464029185,0.07646205787052772,13096750.0,0.0,1.0
PLXS,False,27.686151014693976,"graham_current_ratio,graham_pe,graham_pe_times_pb,munger_roe,munger_gross_margin",6913021952.0,38.31315,4.526228,1.488,0.20079,0.1258,0.10079777513621488,0.050179198138541214,20809250.0,0.0,4.0
SWX,False,27.68402844935003,"graham_current_ratio,graham_earnings_stability,graham_pe,graham_pe_times_pb,munger_roe,munger_fcf",6036188672.0,20.83,1.4631662,1.116,0.8508199999999999,0.06832,0.54035,0.05391544159594492,-390807360.0,0.0313,3.0
CRBG,False,27.63572748143912,"graham_current_ratio,graham_debt_to_equity,graham_earnings_stability,graham_pe,graham_pe_times_pb,munger_roe,munger_gross_margin",15314514944.0,21.606918,1.5075917,1.223,1.27231,0.07139,0.21102,0.111140005,642249984.0,0.0291,0.0
ADNT,False,27.615982802327714,"graham_size,graham_current_ratio,graham_debt_to_equity,graham_earnings_stability,graham_pe,munger_roe,munger_gross_margin",1353821952.0,31.92727,0.78301966,1.097,1.26868,0.05791,0.06611627106983144,0.024939999,354500000.0,0.0,0.0
RITM,False,27.596964435714288,"data_missing:free_cash_flow,graham_current_ratio,graham_debt_to_equity,munger_roe",4819108864.0,14.3835,0.7000406,1.069,3.8764299999999996,0.055910002,0.95561,0.07942,,0.11720000000000001,4.0
AX,False,27.579749999999997,"data_missing:current_ratio,data_missing:debt_to_equity,data_missing:free_cash_flow,munger_gross_margin",5041598976.0,10.456368,1.5887264,,,0.16773,0.0,0.45029998,,0.0,4.0
DAN,False,27.579185714285714,"data_missing:trailing_pe,graham_current_ratio,graham_earnings_stability,munger_roe,munger_gross_margin",3096594688.0,,1.6127858,1.487,0.75794,-0.01627,0.09462,0.018533333333333332,631249984.0,0.0171,1.0
CHCO,False,27.566249999999997,"data_missing:current_ratio,data_missing:debt_to_equity,data_missing:free_cash_flow,graham_size,graham_pe_times_pb,munger_gross_margin",1985704832.0,15.468271,2.4558783,,,0.16755,0.0,0.5191,,0.0286,4.0
DKS,False,27.557941414568234,"graham_current_ratio,graham_debt_to_equity,graham_pe_times_pb,munger_fcf",13320791040.0,14.679695,2.1047387,1.485,1.39077,0.18475,0.3292025847046085,0.06365967823634108,-823246016.0,0.0381,4.0
EWBC,False,27.43275,"data_missing:current_ratio,data_missing:debt_to_equity,data_missing:free_cash_flow,munger_gross_margin",17307336704.0,12.134486,1.8718787,,,0.16577,0.0,0.65281,,0.0252,4.0
CEG,False,27.377252034891825,"graham_current_ratio,graham_earnings_stability,graham_pe,graham_pe_times_pb,munger_gross_margin,munger_fcf",100369080320.0,27.69135,3.1476183,1.455,0.7641899999999999,0.15055001,0.22107,0.12086319664747582,-6625124864.0,0.005699999999999999,3.0
POR,False,27.33123509779482,"graham_current_ratio,graham_debt_to_equity,graham_pe,munger_roe,munger_fcf",5341743616.0,20.097345,1.2752336,0.977,1.3616300000000001,0.06445,0.47537997,0.1552013422818792,-415750016.0,0.0492,4.0
ZION,False,27.303,"data_missing:current_ratio,data_missing:debt_to_equity,data_missing:free_cash_flow,munger_gross_margin",9145437184.0,7.982166,1.2008662,,,0.16404,0.0,0.52116,,0.031,4.0
SBRA,False,27.221718897547948,"graham_earnings_stability,graham_pe,graham_pe_times_pb,munger_roe",4832078336.0,75.66,1.7565937,3.574,0.95672,0.02388,0.50268,-0.12527001,155119744.0,0.064,3.0
MRTN,False,27.20396151541641,"graham_size,graham_pe,graham_pe_times_pb,munger_roe,munger_gross_margin,munger_fcf",1041485376.0,85.1,1.3608742,2.503,0.00047,0.01646,0.22690001,0.07964081647082738,-5991125.0,0.0187,4.0
TTMI,False,27.194379849005795,"graham_earnings_stability,graham_pe,graham_pe_times_pb,munger_roe,munger_gross_margin,munger_fcf",12399560704.0,53.257915,6.4096274,1.78,0.5703,0.13260001,0.20702497466749473,0.09107108756875044,-19442376.0,0.0,2.0
KRMN,False,27.191482692016365,"graham_debt_to_equity,graham_earnings_stability,graham_pe,graham_pe_times_pb,munger_roe,munger_fcf",4165534720.0,112.25,9.892981,3.555,2.0785400000000003,0.09503,0.40302439024390246,0.15470201484623541,-57195876.0,0.0,3.0
LOW,False,27.152313497040474,"data_missing:debt_to_equity,data_missing:return_on_equity,graham_current_ratio,graham_pe_times_pb",105365946368.0,15.874895,-14.166101,1.105,,,0.334758825301903,0.11766682891778504,4615374848.0,0.0275,4.0
ORA,False,27.146079284585163,"graham_current_ratio,graham_debt_to_equity,graham_pe,graham_pe_times_pb,munger_roe,munger_fcf",5417880576.0,43.186275,2.08575,1.046,1.24336,0.04778,0.37598694226205287,0.25735922821427926,-318099008.0,0.0053,4.0
MAN,False,27.100917927919976,"graham_current_ratio,graham_earnings_stability,graham_pe,munger_roe,munger_gross_margin",2504324864.0,24.366514,1.188978,1.043,0.67414,0.050809998,0.166931185993284,0.008358810721107529,125012496.0,0.027200000000000002,0.0
OFG,False,27.06075,"data_missing:current_ratio,data_missing:debt_to_equity,data_missing:free_cash_flow,munger_gross_margin",2152158976.0,10.043392,1.5293127,,,0.16081,0.0,0.43318,,0.026600000000000002,4.0
SOLS,False,26.942629910714288,"graham_current_ratio,graham_debt_to_equity,graham_pe,graham_pe_times_pb,munger_roe,munger_fcf",9535607808.0,45.47727,6.012018,1.459,1.52771,0.112629995,0.30622998,0.19338,-27375000.0,0.005,4.0
ARCB,False,26.927349139134854,"graham_current_ratio,graham_pe,graham_pe_times_pb,munger_roe,munger_gross_margin",2908358144.0,188.5797,2.2939548,0.968,0.3627,0.01269,0.080970004,0.02252006030685075,148348992.0,0.0038,4.0
AVTR,False,26.872721651866577,"data_missing:trailing_pe,graham_earnings_stability,munger_roe",10385489920.0,,1.8448876,1.782,0.6567799999999999,-0.09701,0.32651628460669696,-0.03757516559323586,450337504.0,0.0,0.0
CE,False,26.817546800782345,"data_missing:trailing_pe,graham_current_ratio,graham_debt_to_equity,graham_earnings_stability,munger_roe,munger_gross_margin",4913459712.0,,1.1791197,1.447,2.70205,-0.2225,0.20452640402347025,-0.08235540653813915,949875008.0,0.0027,0.0
CHEF,False,26.80040461615342,"graham_debt_to_equity,graham_pe,graham_pe_times_pb,munger_gross_margin",4620768256.0,53.935715,7.126274,2.148,1.4602899999999999,0.15252,0.24197639399287196,0.03496920258814417,107143504.0,0.0,4.0
CNC,False,26.769369721442132,"data_missing:trailing_pe,graham_current_ratio,graham_earnings_stability,munger_roe,munger_gross_margin",31924426752.0,,1.4149498,1.145,0.7108199999999999,-0.20358999,0.07295009164326384,-0.03913706443779296,9639624704.0,0.0,0.0
FBRT,False,26.75567857142857,"data_missing:free_cash_flow,graham_size,graham_debt_to_equity,munger_roe",521940416.0,14.284091,0.42564,8.697,2.70288,0.04119,0.99637,0.08555,,0.1303,4.0
CFR,False,26.6235,"data_missing:current_ratio,data_missing:debt_to_equity,data_missing:free_cash_flow,graham_pe_times_pb,munger_gross_margin",9471474688.0,14.404536,2.1154914,,,0.15498,0.0,0.37236,,0.0269,4.0
CLSK,False,26.582621986266187,"data_missing:trailing_pe,graham_debt_to_equity,graham_earnings_stability,munger_roe,munger_gross_margin",2696579328.0,,3.5413156,5.912,2.34725,-0.68622,0.21147823631395532,0.4162118922530451,48898124.0,0.0,1.0
GM,False,26.43916374302871,"graham_current_ratio,graham_debt_to_equity,graham_pe,graham_pe_times_pb,munger_roe,munger_gross_margin",72130904064.0,36.863228,1.1627957,1.136,2.02341,0.03164,0.10177,0.015722709559558748,21933750272.0,0.0088,4.0
FTRE,False,26.433666666666667,"data_missing:trailing_pe,graham_size,graham_current_ratio,graham_debt_to_equity,graham_earnings_stability,munger_roe,munger_gross_margin",1909132544.0,,3.6420538,0.958,2.13239,-0.15303999,0.19301,-0.3204083131379893,278862496.0,0.0,0.0
NEO,False,26.417898841705668,"data_missing:trailing_pe,graham_earnings_stability,munger_roe",2056043904.0,,2.5708237,3.603,0.57064,-0.06327,0.43917,-0.048449997,43904752.0,0.0,0.0
PII,False,26.379101416853096,"data_missing:trailing_pe,graham_current_ratio,graham_debt_to_equity,graham_earnings_stability,munger_roe,munger_gross_margin",3000807424.0,,3.5871708,1.2,2.4489900000000002,-0.25571,0.19137304250559284,-0.04875559284116331,277100000.0,0.051500000000000004,0.0
SNDR,False,26.3710724449046,"graham_pe,graham_pe_times_pb,munger_roe,munger_gross_margin",5530743296.0,50.079365,1.8078157,2.033,0.12947,0.036760002,0.16025,0.029765786088151842,87137504.0,0.0128,4.0
LKFN,False,26.247749999999996,"data_missing:current_ratio,data_missing:debt_to_equity,data_missing:free_cash_flow,graham_size,munger_roe,munger_gross_margin",1434545920.0,13.236238,1.8552094,,,0.14997,0.0,0.51455003,,0.0364,4.0
ACHC,False,26.187911723043634,"data_missing:trailing_pe,graham_debt_to_equity,graham_earnings_stability,munger_roe,munger_fcf",2678960384.0,,1.3211662,1.572,1.1805700000000001,-0.41445,0.41057,0.29171905131546255,-104957000.0,0.0,0.0
H,False,26.12238795490564,"graham_current_ratio,graham_debt_to_equity,graham_earnings_stability,graham_pe,graham_pe_times_pb,munger_roe",14959609856.0,195.98148,4.527164,0.62,1.24421,0.02157,0.43444002,0.16749,170250000.0,0.0038,0.0
CAG,False,26.063149368228906,"data_missing:trailing_pe,graham_current_ratio,graham_debt_to_equity,graham_earnings_stability,munger_roe,munger_gross_margin",6445103104.0,,1.0062686,1.096,1.2115900000000002,-0.24886999,0.23918593107360658,-0.14434122819458234,466375008.0,0.0528,0.0
GT,False,26.02699966666667,"data_missing:trailing_pe,graham_size,graham_current_ratio,graham_debt_to_equity,graham_earnings_stability,munger_roe,munger_gross_margin",1377595520.0,,0.4848515,1.087,2.7367500000000002,-0.61530995,0.18080999,-0.009649999,497124992.0,0.0,0.0
CBSH,False,26.020500749999997,"data_missing:current_ratio,data_missing:debt_to_equity,data_missing:free_cash_flow,munger_roe,munger_gross_margin",7837133824.0,13.392157,1.807476,,,0.14694001,0.0,0.45125,,0.020099999999999996,4.0
MFP,False,25.996223809523812,"data_missing:return_on_equity,data_missing:free_cash_flow,graham_size,graham_earnings_stability,graham_pe,graham_pe_times_pb",1804695296.0,110.833336,2.2966673,1.837,0.32921999999999996,,0.35282,0.09739,,0.0,3.0
ADM,False,25.9820028854166,"graham_current_ratio,graham_pe,graham_pe_times_pb,munger_roe,munger_gross_margin",39814426624.0,22.632875,1.6891242,1.389,0.39134,0.07642,0.06270166564925438,0.04008,1164625024.0,0.0256,4.0
GPI,False,25.882057096067037,"graham_current_ratio,graham_debt_to_equity,munger_roe,munger_gross_margin",2808339712.0,9.843501,0.9413012,1.02,1.95668,0.0949,0.16045969678442631,0.03251902850509937,135050000.0,0.009300000000000001,4.0
EIG,False,25.839666610263862,"graham_size,graham_current_ratio,graham_pe,graham_pe_times_pb,munger_roe,munger_gross_margin",901976640.0,66.96,1.0499028,1.115,0.14974,0.00772,0.01242,0.16349001,18350000.0,0.0277,4.0
FFIN,False,25.806,"data_missing:current_ratio,data_missing:debt_to_equity,data_missing:free_cash_flow,graham_pe_times_pb,munger_roe,munger_gross_margin",4510274560.0,16.828876,2.2438502,,,0.14408,0.0,0.55958,,0.027999999999999997,4.0
CUBI,False,25.74375,"data_missing:current_ratio,data_missing:debt_to_equity,data_missing:free_cash_flow,munger_roe,munger_gross_margin",2514190336.0,9.031553,1.1394886,,,0.14325,0.0,0.46019,,0.0,4.0
AZO,False,25.711180510726862,"data_missing:debt_to_equity,data_missing:return_on_equity,data_missing:free_cash_flow,graham_current_ratio,graham_pe_times_pb",47328022528.0,19.182957,-18.912565,0.901,,,0.5262486365892685,0.1906230501253068,,0.0,4.0
WRBY,False,25.70061939703375,"graham_earnings_stability,graham_pe,graham_pe_times_pb,munger_roe",3080312832.0,415.33334,7.8463473,2.268,0.6402800000000001,0.020550001,0.5397136155888543,-0.006119932790843039,9525750.0,0.0,1.0
CPF,False,25.6845,"data_missing:current_ratio,data_missing:debt_to_equity,data_missing:free_cash_flow,graham_size,munger_roe,munger_gross_margin",933086976.0,11.615386,1.5682881,,,0.14246,0.0,0.36801997,,0.0331,4.0
CC,False,25.661481962481965,"data_missing:trailing_pe,data_missing:debt_to_equity,graham_earnings_stability,munger_roe,munger_gross_margin",2075381120.0,,-42.300613,1.663,,-3.19372,0.1553030303030303,0.01131,303124992.0,0.025,0.0
FOXF,False,25.636623910675404,"data_missing:trailing_pe,graham_size,graham_debt_to_equity,graham_earnings_stability,munger_roe",784718784.0,,1.1764336,3.105,1.02,-0.3675,0.3020790951673151,-0.3563862304158395,48863876.0,0.0,0.0
BCC,False,25.62558227093128,"graham_pe,graham_pe_times_pb,munger_roe,munger_gross_margin",2599754752.0,25.343538,1.2847881,2.71,0.27115,0.0506,0.16511999,0.028624604678359835,43333376.0,0.012199999999999999,4.0
BNY,False,25.593,"data_missing:current_ratio,data_missing:debt_to_equity,data_missing:free_cash_flow,graham_pe_times_pb,munger_roe,munger_gross_margin",97450156032.0,16.759045,2.44173,,,0.14124,0.0,0.40046,,0.0154,4.0
IRM,False,25.296888783835975,"data_missing:debt_to_equity,data_missing:return_on_equity,graham_current_ratio,graham_pe,graham_pe_times_pb,munger_fcf",33689538560.0,80.832146,-26.299093,0.726,,,0.5421,0.16862740495617262,-436093504.0,0.029900000000000003,4.0
BANF,False,25.250999999999994,"data_missing:current_ratio,data_missing:debt_to_equity,data_missing:free_cash_flow,munger_roe,munger_gross_margin",3584675328.0,14.403509,1.8323061,,,0.13668,0.0,0.50523,,0.0195,4.0
GXO,False,25.185475604739295,"graham_current_ratio,graham_debt_to_equity,graham_pe,graham_pe_times_pb,munger_roe,munger_gross_margin",5346594816.0,41.256638,1.7912856,0.789,2.02482,0.04502,0.15255,0.018591592047351647,340624992.0,0.0,4.0
MRCY,False,25.1835773453859,"data_missing:trailing_pe,graham_earnings_stability,munger_roe,munger_gross_margin",4714188800.0,,3.082786,2.963,0.33582,-0.01998,0.2858465955417833,0.0002846621974701664,107115000.0,0.0,0.0
MDU,False,25.181037908947644,"graham_current_ratio,munger_roe,munger_fcf",3946155776.0,19.957447,1.3481854,0.992,0.8805,0.068909995,0.3475,0.15486228218100057,-478334112.0,0.0298,4.0
CARR,False,25.091371989149238,"graham_current_ratio,graham_pe,graham_pe_times_pb,munger_roe,munger_gross_margin",46275788800.0,40.373188,3.4963915,1.02,0.91998,0.08966,0.24691999,0.09987584494413022,861750016.0,0.0171,4.0
ARWR,False,25.08148620700583,"data_missing:trailing_pe,graham_debt_to_equity,graham_earnings_stability,munger_roe,munger_fcf",8521849856.0,,18.34445,5.899,2.95984,-0.55207,1.0,0.1185680114968027,-48628124.0,0.0,0.0
HNI,False,25.010270588615864,"data_missing:trailing_pe,graham_current_ratio,munger_roe",3377386496.0,,1.8709265,1.362,0.9107599999999999,0.00329,0.4142655864741106,0.044381824586121874,104212496.0,0.03,4.0
DCH,False,24.8479775345984,"data_missing:trailing_pe,graham_size,graham_current_ratio,graham_debt_to_equity,graham_earnings_stability,munger_roe,munger_gross_margin",1340089984.0,,0.88721097,1.398,3.43042,-0.15042,0.12070176640910103,0.019240324155772953,540849984.0,0.0,0.0
BRKR,False,24.829516876994887,"data_missing:trailing_pe,graham_earnings_stability,munger_roe",8820080640.0,,3.703538,1.847,0.76164,-0.029979998,0.45910082933216934,0.01984577331587371,179937504.0,0.0033,0.0
WAL,False,24.764249999999997,"data_missing:current_ratio,data_missing:debt_to_equity,data_missing:free_cash_flow,munger_roe,munger_gross_margin",8182564864.0,8.465012,1.0710766,,,0.13019,0.0,0.39363998,,0.022099999999999998,4.0
BOH,False,24.76275,"data_missing:current_ratio,data_missing:debt_to_equity,data_missing:free_cash_flow,munger_roe,munger_gross_margin",2674342400.0,12.6238365,1.7469398,,,0.13017,0.0,0.44022,,0.0416,4.0
UNIT,False,24.721094834596002,"data_missing:return_on_equity,graham_size,graham_current_ratio,graham_debt_to_equity,graham_earnings_stability,munger_fcf",1796166016.0,4.74359,5.6188307,1.222,68.69969,,0.59088004,0.11725218169612889,-244203008.0,0.0,2.0
TXNM,False,24.6931259511522,"graham_current_ratio,graham_debt_to_equity,graham_pe,graham_pe_times_pb,munger_roe,munger_fcf",6449515008.0,33.658047,1.8296417,0.557,1.65512,0.06252,0.33819702784346933,0.2037208060930751,-529223744.0,0.028900000000000002,4.0
IBOC,False,24.69,"data_missing:current_ratio,data_missing:debt_to_equity,data_missing:free_cash_flow,munger_roe,munger_gross_margin",4255143168.0,10.319758,1.2605939,,,0.1292,0.0,0.60488,,0.021400000000000002,4.0
HUM,False,24.68341293882447,"graham_pe,graham_pe_times_pb,munger_roe,munger_gross_margin",46031585280.0,36.232513,2.39586,1.742,0.76485,0.06893,0.13653,0.02085389930898322,1940999936.0,0.0089,4.0
CASH,False,24.677142857142854,"data_missing:current_ratio,data_missing:debt_to_equity,data_missing:free_cash_flow,graham_size,munger_gross_margin",1500044416.0,9.037547,1.7841524,,,0.21176,0.0,0.20522,,0.0028000000000000004,4.0
REZI,False,24.675143163046805,"graham_debt_to_equity,graham_earnings_stability,munger_gross_margin,munger_fcf",2604941824.0,7.207983,1.0297737,2.223,1.2990700000000002,0.15196,0.29389721627408993,0.08123661670235546,-1902749952.0,0.0,0.0
LPX,False,24.638732935921784,"graham_pe,graham_pe_times_pb,munger_roe,munger_gross_margin,munger_fcf",4567746560.0,84.83766,2.6220198,3.221,0.21617,0.03098,0.21750369276218612,0.07717872968980798,-96000000.0,0.0179,4.0
OI,False,24.587410634337168,"data_missing:trailing_pe,graham_size,graham_current_ratio,graham_debt_to_equity,graham_earnings_stability,munger_roe,munger_gross_margin",936556096.0,,2.4448454,1.261,9.25046,-1.18344,0.17258014316837847,0.005818404532230899,69625000.0,0.0,0.0
TSLA,False,24.544416743189284,"graham_pe,graham_pe_times_pb,munger_roe,munger_gross_margin",1468955230208.0,344.3796,16.909752,1.941,0.18373,0.046669997,0.18026511436616155,0.04592573845001951,4835999744.0,0.0,4.0
CBRL,False,24.49095164222788,"graham_size,graham_current_ratio,graham_debt_to_equity,graham_pe,graham_pe_times_pb,munger_roe",1234077696.0,39.435715,2.5805094,0.579,2.16655,0.0674,0.31794,-0.0037574795538271753,43626876.0,0.0177,4.0
PNC,False,24.46725,"data_missing:current_ratio,data_missing:debt_to_equity,data_missing:free_cash_flow,munger_roe,munger_gross_margin",87396597760.0,12.063327,1.5054909,,,0.12623,0.0,0.38689,,0.0363,4.0
USB,False,24.46725,"data_missing:current_ratio,data_missing:debt_to_equity,data_missing:free_cash_flow,munger_roe,munger_gross_margin",88505114624.0,11.338323,1.45987,,,0.12623,0.0,0.39646998,,0.0385,4.0
PRK,False,24.43875,"data_missing:current_ratio,data_missing:debt_to_equity,data_missing:free_cash_flow,munger_roe,munger_gross_margin",3222013952.0,15.939679,1.8661331,,,0.12585,0.0,0.46613997,,0.025,4.0
WFC,False,24.43125,"data_missing:current_ratio,data_missing:debt_to_equity,data_missing:free_cash_flow,munger_roe,munger_gross_margin",247710892032.0,11.90625,1.5049605,,,0.12575,0.0,0.37387002,,0.024900000000000002,4.0
NSP,False,24.403992953611276,"data_missing:trailing_pe,graham_size,graham_current_ratio,graham_debt_to_equity,graham_earnings_stability,munger_roe,munger_gross_margin",1894867456.0,,31.064497,1.113,7.836069999999999,-0.18496999,0.13211978860833823,-0.001467997651203758,195124992.0,0.051699999999999996,0.0
WABC,False,24.3645,"data_missing:current_ratio,data_missing:debt_to_equity,data_missing:free_cash_flow,graham_size,munger_roe,munger_gross_margin",1377424640.0,13.127753,1.6069021,,,0.12486,0.0,0.60288,,0.0329,4.0
PATK,False,24.353585148185054,"graham_debt_to_equity,munger_roe,munger_gross_margin",2076767104.0,15.39524,1.8364624,2.668,1.46006,0.12953,0.23105858018165054,0.0698569621691755,32754876.0,0.028900000000000002,4.0
NOG,False,24.255847685706357,"data_missing:trailing_pe,graham_current_ratio,graham_debt_to_equity,munger_roe,munger_fcf",2665859328.0,,1.3302143,0.796,1.36559,-0.22049999,0.75398004,0.09930311266648167,-459628992.0,0.07440000000000001,4.0
TRUP,False,24.251838182619267,"graham_size,graham_earnings_stability,graham_pe,graham_pe_times_pb,munger_roe,munger_gross_margin",1124674432.0,48.367928,2.7452345,1.774,0.26096,0.06068,0.16910110018336388,0.009613667707678358,11546000.0,0.0,1.0
UMBF,False,24.231749999999998,"data_missing:current_ratio,data_missing:debt_to_equity,data_missing:free_cash_flow,munger_roe,munger_gross_margin",9950973952.0,10.9001665,1.2861617,,,0.12309,0.0,0.51058,,0.015600000000000001,4.0
AMR,False,24.201773543655676,"data_missing:trailing_pe,graham_earnings_stability,munger_roe,munger_gross_margin",2194489088.0,,1.4648927,3.405,0.0076100000000000004,-0.0296,0.10018,-0.028817350330902224,52462248.0,0.0,0.0
WTFC,False,24.156,"data_missing:current_ratio,data_missing:debt_to_equity,data_missing:free_cash_flow,munger_roe,munger_gross_margin",9740736512.0,11.596787,1.3717034,,,0.12208,0.0,0.46085998,,0.0152,4.0
BJRI,False,24.136670322053945,"graham_size,graham_current_ratio,graham_debt_to_equity,graham_pe,graham_pe_times_pb,munger_roe,munger_gross_margin",1273447552.0,32.010696,3.1901515,0.289,1.09378,0.104399994,0.15534,0.03309923480801586,49461376.0,0.0,4.0
STT,False,24.033321428571426,"data_missing:current_ratio,data_missing:debt_to_equity,data_missing:free_cash_flow,graham_pe_times_pb,munger_roe,munger_gross_margin",48116760576.0,15.446208,2.013148,,,0.12437,0.0,0.34313,,0.0209,4.0
WSFS,False,23.925749999999997,"data_missing:current_ratio,data_missing:debt_to_equity,data_missing:free_cash_flow,munger_roe,munger_gross_margin",3845845248.0,12.608878,1.4408354,,,0.11901,0.0,0.41717,,0.0105,4.0
RF,False,23.900249549999998,"data_missing:current_ratio,data_missing:debt_to_equity,data_missing:free_cash_flow,munger_roe,munger_gross_margin",22955241472.0,10.997959,1.31516,,,0.118669994,0.0,0.39314997,,0.040999999999999995,4.0
DTE,False,23.871329837543016,"graham_current_ratio,graham_debt_to_equity,graham_pe,graham_pe_times_pb,munger_roe,munger_gross_margin,munger_fcf",26447992832.0,20.142632,2.1769662,0.802,2.2906,0.1103,0.29347,0.13571825176489252,-2596624896.0,0.0363,4.0
MBIN,False,23.799749999999996,"data_missing:current_ratio,data_missing:debt_to_equity,data_missing:free_cash_flow,munger_roe,munger_gross_margin",2285516288.0,9.990964,1.2404946,,,0.11733,0.0,0.61074,,0.0089,4.0
CATY,False,23.77950045,"data_missing:current_ratio,data_missing:debt_to_equity,data_missing:free_cash_flow,munger_roe,munger_gross_margin",3973475328.0,11.632813,1.3063983,,,0.117060006,0.0,0.62619996,,0.025699999999999997,4.0
SYNA,False,23.693730805476743,"data_missing:trailing_pe,graham_current_ratio,graham_earnings_stability,munger_roe",4714142720.0,,4.9901237,1.122,0.9433,-0.42229998,0.4472101570330772,-0.05604744403608419,149650000.0,0.0,0.0
CBU,False,23.6475,"data_missing:current_ratio,data_missing:debt_to_equity,data_missing:free_cash_flow,munger_roe,munger_gross_margin",3125384704.0,13.781903,1.5073464,,,0.1153,0.0,0.39207,,0.0321,4.0
AAL,False,23.641094411957518,"data_missing:trailing_pe,data_missing:debt_to_equity,data_missing:return_on_equity,graham_current_ratio,munger_gross_margin",8423567360.0,,-2.12048,0.534,,,0.21239,0.026851902696172644,519249984.0,0.0,4.0
FHN,False,23.58975,"data_missing:current_ratio,data_missing:debt_to_equity,data_missing:free_cash_flow,munger_roe,munger_gross_margin",11003474944.0,11.165866,1.2970513,,,0.11453,0.0,0.41284,,0.0291,4.0
NBTB,False,23.568,"data_missing:current_ratio,data_missing:debt_to_equity,data_missing:free_cash_flow,munger_roe,munger_gross_margin",2625022208.0,12.3520775,1.3502606,,,0.11424,0.0,0.41447,,0.0316,4.0
BROS,False,23.565505425771942,"graham_current_ratio,graham_debt_to_equity,graham_earnings_stability,graham_pe,graham_pe_times_pb,munger_roe,munger_gross_margin",6980777984.0,55.277775,6.879862,1.35,1.23827,0.14562,0.25097,0.09839093763181718,1719625.0,0.0,3.0
OZK,False,23.4967503,"data_missing:current_ratio,data_missing:debt_to_equity,data_missing:free_cash_flow,munger_roe,munger_gross_margin",4883249664.0,7.7215514,0.822241,,,0.113290004,0.0,0.55609,,0.044000000000000004,4.0
AMKR,False,23.477603399147824,"graham_pe,graham_pe_times_pb,munger_roe,munger_gross_margin,munger_fcf",12537392128.0,22.681616,2.6971686,2.171,0.57054,0.12514,0.13992272786699902,0.06967595763911674,-378785984.0,0.0063,4.0
KTOS,False,23.44791193159058,"graham_earnings_stability,graham_pe,graham_pe_times_pb,munger_roe,munger_gross_margin,munger_fcf",7864587776.0,246.70587,2.295441,5.541,0.0565,0.011469999,0.22861597861597863,0.019008019008019007,-118287504.0,0.0,2.0
SHEN,False,23.43785,"data_missing:trailing_pe,graham_size,graham_current_ratio,graham_earnings_stability,munger_roe,munger_fcf",629496384.0,,0.73203707,0.852,0.77081,-0.03941,0.64852995,-0.06493430281623232,-236001120.0,0.009300000000000001,0.0
BAC,False,23.399250375,"data_missing:current_ratio,data_missing:debt_to_equity,data_missing:free_cash_flow,munger_roe,munger_gross_margin",373447720960.0,12.333718,1.3574551,,,0.111990005,0.0,0.38305,,0.023700000000000002,4.0
PFS,False,23.354999999999997,"data_missing:current_ratio,data_missing:debt_to_equity,data_missing:free_cash_flow,munger_roe,munger_gross_margin",2890817280.0,9.235416,0.9944368,,,0.1114,0.0,0.5227,,0.0437,4.0
MTRN,False,23.35499995716834,"graham_pe,graham_pe_times_pb,munger_roe,munger_gross_margin",5738961920.0,64.21095,5.768538,2.941,0.51424,0.09458999,0.17274971313425316,0.06145699812487756,13363875.0,0.002,4.0
TRMK,False,23.339250449999998,"data_missing:current_ratio,data_missing:debt_to_equity,data_missing:free_cash_flow,munger_roe,munger_gross_margin",2589947648.0,11.319797,1.2114297,,,0.111190006,0.0,0.36776,,0.0225,4.0
HOMB,False,23.329499999999996,"data_missing:current_ratio,data_missing:debt_to_equity,data_missing:free_cash_flow,munger_roe,munger_gross_margin",5696413184.0,11.766529,1.2552348,,,0.11106,0.0,0.57611,,0.0305,4.0
FULT,False,23.32575,"data_missing:current_ratio,data_missing:debt_to_equity,data_missing:free_cash_flow,munger_roe,munger_gross_margin",4249758208.0,10.701923,1.1763462,,,0.11101,0.0,0.42348,,0.034,4.0
FBK,False,23.31,"data_missing:current_ratio,data_missing:debt_to_equity,data_missing:free_cash_flow,munger_roe,munger_gross_margin",2635347200.0,13.949736,1.3608093,,,0.1108,0.0,0.45556,,0.0161,4.0
VVX,False,23.29696533766616,"graham_current_ratio,graham_earnings_stability,graham_pe,graham_pe_times_pb,munger_roe,munger_gross_margin",2219564800.0,24.41724,1.9565096,1.318,0.97529,0.08349,0.08473,0.04336347147055449,106377504.0,0.0,2.0
PAG,False,23.278586895953318,"graham_current_ratio,graham_debt_to_equity,graham_pe_times_pb,munger_gross_margin",12968417280.0,13.888888,2.2300508,0.975,1.6064699999999998,0.15842,0.1640127638838675,0.04026282283037553,218100000.0,0.0297,4.0
COLB,False,23.270999999999997,"data_missing:current_ratio,data_missing:debt_to_equity,data_missing:free_cash_flow,munger_roe,munger_gross_margin",8057456128.0,11.172549,1.0669214,,,0.11028,0.0,0.50923,,0.0512,4.0
FCF,False,23.1802497,"data_missing:current_ratio,data_missing:debt_to_equity,data_missing:free_cash_flow,munger_roe,munger_gross_margin",2020613376.0,12.266871,1.2832937,,,0.109069996,0.0,0.45363998,,0.0279,4.0
XHR,False,23.142615645868013,"data_missing:trailing_pe,graham_size,graham_debt_to_equity,munger_roe,munger_gross_margin",1787634048.0,,1.5018284,2.198,1.18285,-0.0063300002,0.26128998,0.09970607324988409,72648248.0,0.031,4.0
BANR,False,23.086499999999997,"data_missing:current_ratio,data_missing:debt_to_equity,data_missing:free_cash_flow,munger_roe,munger_gross_margin",2274949888.0,11.0462055,1.1378936,,,0.10782,0.0,0.37702,,0.0308,4.0
MTB,False,23.0565,"data_missing:current_ratio,data_missing:debt_to_equity,data_missing:free_cash_flow,munger_roe,munger_gross_margin",31462778880.0,11.473838,1.2332274,,,0.10742,0.0,0.45108002,,0.0274,4.0
MOH,False,22.981189903378326,"graham_pe,graham_pe_times_pb,munger_roe,munger_gross_margin",10174562304.0,2165.7222,2.429998,1.679,0.94773,-0.0016,0.12763218864233125,0.01719279707656408,700249984.0,0.0,4.0
ONB,False,22.9559997,"data_missing:current_ratio,data_missing:debt_to_equity,data_missing:free_cash_flow,munger_roe,munger_gross_margin",9455217664.0,10.935841,1.1317947,,,0.106079996,0.0,0.52542,,0.023799999999999998,4.0
SSB,False,22.948499549999994,"data_missing:current_ratio,data_missing:debt_to_equity,data_missing:free_cash_flow,munger_roe,munger_gross_margin",9739152384.0,10.549369,1.0665095,,,0.105979994,0.0,0.50514,,0.0262,4.0
MP,False,22.898366666666664,"data_missing:trailing_pe,graham_earnings_stability,munger_roe,munger_fcf",8121432064.0,,4.148094,9.51,0.41402,-0.03585,0.42326,-0.6655379364732825,-432948864.0,0.0,0.0
VTOL,False,22.839297003829174,"graham_size,graham_earnings_stability,munger_roe,munger_gross_margin,munger_fcf",1209097216.0,11.755043,1.1100225,2.26,0.89036,0.10082,0.27201,0.10654459675601403,-34314624.0,0.0125,2.0
HII,False,22.8269924986764,"graham_current_ratio,graham_pe_times_pb,munger_roe,munger_gross_margin,munger_fcf",10418183168.0,15.756258,1.9612339,1.23,0.55252,0.12968001,0.124,0.05262736302467158,-300249984.0,0.0212,4.0
FHB,False,22.741499249999997,"data_missing:current_ratio,data_missing:debt_to_equity,data_missing:free_cash_flow,munger_roe,munger_gross_margin",3035341312.0,10.845653,1.074058,,,0.10321999,0.0,0.43712002,,0.0416,4.0
FFBC,False,22.714499999999997,"data_missing:current_ratio,data_missing:debt_to_equity,data_missing:free_cash_flow,munger_roe,munger_gross_margin",3281208320.0,11.024735,1.0961214,,,0.10286,0.0,0.39804,,0.0327,4.0
UCB,False,22.703249999999997,"data_missing:current_ratio,data_missing:debt_to_equity,data_missing:free_cash_flow,munger_roe,munger_gross_margin",4047116544.0,10.968954,1.0991944,,,0.10271,0.0,0.50902003,,0.0313,4.0
FLEX,False,22.666680691134992,"graham_current_ratio,graham_debt_to_equity,graham_pe,graham_pe_times_pb,munger_gross_margin",42081546240.0,43.976837,7.649429,1.38,1.07818,0.18378,0.09196102314250913,0.04900766640395501,625750016.0,0.0,4.0
WCC,False,22.66530360464011,"graham_debt_to_equity,graham_pe,graham_pe_times_pb,munger_roe,munger_gross_margin",17323556864.0,24.58368,3.3188002,2.091,1.2865,0.14308,0.21395001,0.05244376012828093,177050000.0,0.0052,4.0
TCBI,False,22.641,"data_missing:current_ratio,data_missing:debt_to_equity,data_missing:free_cash_flow,munger_roe,munger_gross_margin",3985295360.0,11.920676,1.190334,,,0.10188,0.0,0.36721,,0.0086,4.0
KEY,False,22.623214285714287,"data_missing:current_ratio,data_missing:debt_to_equity,data_missing:free_cash_flow,graham_earnings_stability,munger_roe,munger_gross_margin",21347905536.0,11.630814,1.2397743,,,0.1033,0.0,0.3471,,0.0414,1.0
PFGC,False,22.6074703543765,"graham_debt_to_equity,graham_pe,graham_pe_times_pb,munger_roe,munger_gross_margin",14993352704.0,41.683407,3.0413241,1.514,1.58849,0.076680005,0.13012559662654158,0.01438714181124751,713825024.0,0.0,4.0
ROAD,False,22.555739145620677,"graham_debt_to_equity,graham_pe,graham_pe_times_pb,munger_gross_margin",4966962688.0,34.319607,4.7487655,1.566,1.81754,0.15048,0.1561299494089653,0.07993689276890976,52442000.0,0.0,4.0
OLN,False,22.498792107687816,"data_missing:trailing_pe,graham_size,graham_current_ratio,graham_debt_to_equity,graham_earnings_stability,munger_roe,munger_gross_margin",1768438400.0,,1.0333,1.418,1.99059,-0.10585,0.07395882491741387,0.0007816186880604058,311800000.0,0.050300000000000004,0.0
STBA,False,22.404,"data_missing:current_ratio,data_missing:debt_to_equity,data_missing:free_cash_flow,graham_size,munger_roe,munger_gross_margin",1715313536.0,12.93617,1.2218649,,,0.09872,0.0,0.44693002,,0.030299999999999997,4.0
AGNT,False,22.329954327508556,"data_missing:trailing_pe,data_missing:debt_to_equity,graham_size,graham_earnings_stability,munger_roe,munger_gross_margin",654009216.0,,2.3676383,1.515,,-0.06887,0.06989862982525658,-0.0044980304091665445,98850248.0,0.0529,0.0
AUB,False,22.31925,"data_missing:current_ratio,data_missing:debt_to_equity,data_missing:free_cash_flow,munger_roe,munger_gross_margin",5405543424.0,11.198224,1.0424125,,,0.09759,0.0,0.56057,,0.0394,4.0
HWC,False,22.278000374999998,"data_missing:current_ratio,data_missing:debt_to_equity,data_missing:free_cash_flow,munger_roe,munger_gross_margin",5820984832.0,14.199608,1.31385,,,0.097040005,0.0,0.4386,,0.0279,4.0
ASB,False,22.271249625,"data_missing:current_ratio,data_missing:debt_to_equity,data_missing:free_cash_flow,munger_roe,munger_gross_margin",5426586112.0,10.019164,0.98425466,,,0.096949995,0.0,0.41342998,,0.0338,4.0
TRST,False,22.23675,"data_missing:current_ratio,data_missing:debt_to_equity,data_missing:free_cash_flow,graham_size,munger_roe,munger_gross_margin",931587648.0,15.239554,1.4200798,,,0.09649,0.0,0.46668997,,0.028999999999999998,4.0
HGV,False,22.22595238095238,"graham_debt_to_equity,graham_pe_times_pb,munger_roe,munger_gross_margin,munger_fcf",2696250368.0,19.710226,2.455929,4.814,6.2408600000000005,0.11456,0.24617,0.12666,-127000000.0,0.0,4.0
CAVA,False,22.21556975360766,"graham_earnings_stability,graham_pe,graham_pe_times_pb,munger_roe,munger_gross_margin,munger_fcf",6357177344.0,98.954544,7.556928,2.483,0.61899,0.083229996,0.24749005077535338,0.046865039536681634,-721500.0,0.0,3.0
FIBK,False,22.212749249999998,"data_missing:current_ratio,data_missing:debt_to_equity,data_missing:free_cash_flow,munger_roe,munger_gross_margin",3328036864.0,10.811145,1.0041986,,,0.09616999,0.0,0.43242002,,0.0541,4.0
WKC,False,22.183009996545593,"data_missing:trailing_pe,graham_size,graham_current_ratio,graham_earnings_stability,munger_roe,munger_gross_margin",1915628160.0,,1.6884581,1.058,0.58819,-0.12264,0.025674086996093897,-0.015296641619217372,116087504.0,0.0252,0.0
ARMK,False,22.153565903260112,"graham_current_ratio,graham_debt_to_equity,graham_pe,graham_pe_times_pb,munger_roe,munger_gross_margin",14636462080.0,38.825176,4.3112283,1.285,1.8672399999999998,0.11694,0.15292,0.04422,374142496.0,0.0087,4.0
UBSI,False,22.1055,"data_missing:current_ratio,data_missing:debt_to_equity,data_missing:free_cash_flow,munger_roe,munger_gross_margin",6221509120.0,12.445503,1.1324193,,,0.09474,0.0,0.53079,,0.0335,4.0
EBC,False,22.0815,"data_missing:current_ratio,data_missing:debt_to_equity,data_missing:free_cash_flow,munger_roe,munger_gross_margin",4804455424.0,11.7458105,1.0713922,,,0.09442,0.0,0.50124,,0.0268,4.0
ABCB,False,22.048499999999997,"data_missing:current_ratio,data_missing:debt_to_equity,data_missing:free_cash_flow,munger_roe,munger_gross_margin",5332341248.0,14.3688965,1.2991514,,,0.09398,0.0,0.50194,,0.01,4.0
AOSL,False,21.914317913879795,"data_missing:trailing_pe,graham_size,graham_earnings_stability,munger_roe,munger_gross_margin,munger_fcf",855966784.0,,1.0709411,3.438,0.035070000000000004,-0.05217,0.2232110374163938,-0.06362245130919819,-29679500.0,0.0,0.0
BKU,False,21.89099925,"data_missing:current_ratio,data_missing:debt_to_equity,data_missing:free_cash_flow,munger_roe,munger_gross_margin",3028439040.0,11.679945,1.0231265,,,0.09187999,0.0,0.37060001,,0.031200000000000002,4.0
TRIP,False,21.813099644934653,"graham_size,graham_debt_to_equity,graham_pe,graham_pe_times_pb,munger_roe,munger_fcf",1043660096.0,89.049995,1.5598178,1.561,1.34928,-0.00233,0.63966,0.04230565838180857,-101500000.0,0.0,4.0
J,False,21.8013792928861,"graham_current_ratio,graham_debt_to_equity,graham_pe,graham_pe_times_pb,munger_roe,munger_gross_margin",16316414976.0,45.906975,4.958019,1.287,1.24734,0.07998,0.14405078371554456,0.025855999534456803,645677888.0,0.0106,4.0
TFC,False,21.794249999999998,"data_missing:current_ratio,data_missing:debt_to_equity,data_missing:free_cash_flow,graham_earnings_stability,munger_roe,munger_gross_margin",56207020032.0,10.577011,0.9577834,,,0.09059,0.0,0.39815,,0.045,2.0
FNB,False,21.78,"data_missing:current_ratio,data_missing:debt_to_equity,data_missing:free_cash_flow,munger_roe,munger_gross_margin",6085630976.0,10.261726,0.891263,,,0.0904,0.0,0.44671002,,0.0305,4.0
SAH,False,21.754265732235247,"graham_size,graham_current_ratio,graham_debt_to_equity,munger_gross_margin,munger_fcf",1921231488.0,9.692185,1.8729005,1.012,4.55519,0.20631,0.15724976243268926,0.024251662971175165,-116075000.0,0.0271,4.0
HBAN,False,21.7515,"data_missing:current_ratio,data_missing:debt_to_equity,data_missing:free_cash_flow,munger_roe,munger_gross_margin",30932551680.0,11.776924,1.0400109,,,0.09002,0.0,0.41932,,0.0409,4.0
SBSI,False,21.746249625,"data_missing:current_ratio,data_missing:debt_to_equity,data_missing:free_cash_flow,graham_size,munger_roe,munger_gross_margin",905642112.0,11.984252,1.0280311,,,0.089949995,0.0,0.47232,,0.0492,4.0
WSBC,False,21.734999249999998,"data_missing:current_ratio,data_missing:debt_to_equity,data_missing:free_cash_flow,munger_roe,munger_gross_margin",3542763264.0,10.645533,0.9114461,,,0.08979999,0.0,0.48699,,0.0417,4.0
CAH,False,21.72188459411958,"data_missing:debt_to_equity,data_missing:return_on_equity,graham_current_ratio,graham_pe,graham_pe_times_pb,munger_gross_margin",55889162240.0,33.383125,-19.50699,0.883,,,0.038442780277524305,0.010277366980271232,4752500224.0,0.0089,4.0
VLY,False,21.71475,"data_missing:current_ratio,data_missing:debt_to_equity,data_missing:free_cash_flow,munger_roe,munger_gross_margin",7049971712.0,10.81161,0.93298966,,,0.08953,0.0,0.46787998,,0.0353,4.0
NIC,False,21.68024925,"data_missing:current_ratio,data_missing:debt_to_equity,data_missing:free_cash_flow,munger_roe,munger_gross_margin",3436403200.0,18.361702,1.5137556,,,0.08906999,0.0,0.52892,,0.0084,4.0
VSEC,False,21.61394082281312,"graham_pe,graham_pe_times_pb,munger_roe,munger_gross_margin,munger_fcf",4735683584.0,53.91054,1.8105346,3.768,0.34965,0.042659998,0.15621,0.08055112269897283,-260715008.0,0.0024,4.0
DCOM,False,21.552,"data_missing:current_ratio,data_missing:debt_to_equity,data_missing:free_cash_flow,graham_size,munger_roe,munger_gross_margin",1710626560.0,13.98556,1.2185456,,,0.08736,0.0,0.44626,,0.0259,4.0
ABR,False,21.481250000000003,"data_missing:free_cash_flow,graham_size,graham_debt_to_equity,graham_pe,munger_roe",635553088.0,34.833332,0.27630883,2.095,3.86741,0.01975,0.79161,-0.12729,,0.2892,4.0
HTLD,False,21.44963266666667,"data_missing:trailing_pe,graham_size,graham_earnings_stability,munger_roe,munger_gross_margin,munger_fcf",874245184.0,,1.1559305,1.585,0.19358,-0.028469998,0.28059998,-0.0712564958316216,-80482624.0,0.0070999999999999995,0.0
NWBI,False,21.428250300000002,"data_missing:current_ratio,data_missing:debt_to_equity,data_missing:free_cash_flow,munger_roe,munger_gross_margin",2177114880.0,14.293269,1.1290444,,,0.085710004,0.0,0.41568002,,0.054299999999999994,4.0
INTC,False,21.408574752467928,"data_missing:trailing_pe,graham_earnings_stability,munger_roe",560802889728.0,,6.1115274,1.604,0.48997,-0.10715,0.34766238434904356,-0.04188976973870925,4866375168.0,0.0,0.0
C,False,21.396749999999997,"data_missing:current_ratio,data_missing:debt_to_equity,data_missing:free_cash_flow,munger_roe,munger_gross_margin",214510616576.0,13.809935,1.1145391,,,0.08529,0.0,0.36229,,0.021,4.0
SCL,False,21.374805059313353,"data_missing:trailing_pe,graham_size,graham_current_ratio,munger_roe,munger_gross_margin",1413054720.0,,1.1658351,1.151,0.5836,-0.0021600001,0.11572676121321684,0.03368145811053833,55548624.0,0.0253,4.0
WAFD,False,21.37275,"data_missing:current_ratio,data_missing:debt_to_equity,data_missing:free_cash_flow,munger_roe,munger_gross_margin",2197031936.0,9.364353,0.8063508,,,0.08497,0.0,0.46126997,,0.0361,4.0
FITB,False,21.328500000000002,"data_missing:current_ratio,data_missing:debt_to_equity,data_missing:free_cash_flow,munger_roe,munger_gross_margin",45868060672.0,17.035355,1.4200511,,,0.08438,0.0,0.39078,,0.0335,4.0
BBT,False,21.317250449999996,"data_missing:current_ratio,data_missing:debt_to_equity,data_missing:free_cash_flow,munger_roe,munger_gross_margin",2296141824.0,7.404054,0.9040657,,,0.084230006,0.0,0.46051997,,0.0472,4.0
SHAK,False,21.26852740922288,"graham_debt_to_equity,graham_earnings_stability,graham_pe,graham_pe_times_pb,munger_roe,munger_fcf",2874920960.0,70.642105,4.977379,1.668,1.66579,0.0794,0.4038,0.04324897288186723,-41693376.0,0.0,3.0
MET,False,21.216214377142066,"graham_debt_to_equity,graham_pe_times_pb,munger_roe,munger_gross_margin,munger_fcf",62499155968.0,18.840996,2.2857208,2.027,1.7993299999999999,0.13094,0.23951,0.07961444657775933,-20953999360.0,0.024700000000000003,4.0
AES,False,21.2079019818947,"graham_current_ratio,graham_debt_to_equity,graham_earnings_stability,munger_roe,munger_gross_margin,munger_fcf",10643878912.0,5.5898876,2.1536798,0.746,2.5688600000000004,0.095740005,0.1807406196354124,0.18673,-3089125120.0,0.0471,3.0
CFG,False,21.20250075,"data_missing:current_ratio,data_missing:debt_to_equity,data_missing:free_cash_flow,munger_roe,munger_gross_margin",26820538368.0,13.873638,1.1181542,,,0.08270001,0.0,0.35132998,,0.0292,4.0
COF,False,21.18567857142857,"data_missing:current_ratio,data_missing:debt_to_equity,data_missing:free_cash_flow,munger_roe,munger_gross_margin",121212329984.0,12.689474,1.1770302,,,0.09031,0.0,0.33629,,0.0163,4.0
INDB,False,21.17925,"data_missing:current_ratio,data_missing:debt_to_equity,data_missing:free_cash_flow,munger_roe,munger_gross_margin",3643157760.0,13.783155,1.0427061,,,0.08239,0.0,0.47252,,0.0327,4.0
RNST,False,21.1575003,"data_missing:current_ratio,data_missing:debt_to_equity,data_missing:free_cash_flow,munger_roe,munger_gross_margin",3579398912.0,11.585798,0.92456615,,,0.082100004,0.0,0.43483,,0.024700000000000003,4.0
GEF,False,21.12164285714286,"data_missing:return_on_equity,data_missing:free_cash_flow,graham_current_ratio,graham_pe,graham_pe_times_pb,munger_gross_margin",4664675840.0,37.12896,1.5543369,1.289,0.39409999999999995,,0.22521,0.10561,,0.0286,4.0
FBNC,False,21.108,"data_missing:current_ratio,data_missing:debt_to_equity,data_missing:free_cash_flow,munger_roe,munger_gross_margin",2463643904.0,18.481365,1.4344598,,,0.08144,0.0,0.51192003,,0.0163,4.0
CFFN,False,21.0097497,"data_missing:current_ratio,data_missing:debt_to_equity,data_missing:free_cash_flow,graham_size,graham_earnings_stability,munger_roe,munger_gross_margin",1043705536.0,13.015386,1.0205066,,,0.080129996,0.0,0.50087,,0.0403,2.0
GBCI,False,20.9595,"data_missing:current_ratio,data_missing:debt_to_equity,data_missing:free_cash_flow,munger_roe,munger_gross_margin",5559627776.0,17.572016,1.2890177,,,0.07946,0.0,0.44305,,0.0327,4.0
MATW,False,20.794637886294716,"data_missing:trailing_pe,graham_size,graham_debt_to_equity,graham_earnings_stability,munger_roe,munger_gross_margin",603974912.0,,1.2428544,1.756,1.2932,-0.05874,0.29498027829242257,-0.006862363475275054,26483000.0,0.0526,0.0
CVBF,False,20.736749999999997,"data_missing:current_ratio,data_missing:debt_to_equity,data_missing:free_cash_flow,munger_roe,munger_gross_margin",3823544576.0,15.192308,1.2080183,,,0.07649,0.0,0.55747,,0.0371,4.0
PNFP,False,20.735999999999997,"data_missing:current_ratio,data_missing:debt_to_equity,data_missing:free_cash_flow,munger_roe,munger_gross_margin",14251553792.0,12.990468,1.010325,,,0.07648,0.0,0.47018,,0.0215,4.0
HAFC,False,20.57824278813741,"data_missing:current_ratio,data_missing:debt_to_equity,data_missing:free_cash_flow,graham_size,munger_roe,munger_gross_margin",929948928.0,10.596284,1.1354668,,,0.11344,0.0,0.28163899838987283,,0.035699999999999996,4.0
AVAV,False,20.538667901209585,"data_missing:trailing_pe,graham_earnings_stability,munger_roe,munger_gross_margin,munger_fcf",6943632896.0,,1.5737339,4.26,0.19354,-0.04597,0.2532530370362876,-0.15731885909112753,-25920876.0,0.0,0.0
CXW,False,20.35210935454028,"graham_current_ratio,graham_pe,graham_pe_times_pb,munger_roe,munger_gross_margin",3211071744.0,25.976002,2.232229,1.319,0.95487,0.08772001,0.2258,0.08536514325749088,24545250.0,0.0,4.0
BXMT,False,20.336000000000002,"data_missing:free_cash_flow,graham_size,graham_debt_to_equity,graham_earnings_stability,graham_pe,graham_pe_times_pb,munger_roe",1896958080.0,140.6875,0.5885275,98.576,4.84696,0.00448,1.0,-3.69142,,0.1671,1.0
IFF,False,20.330722053872055,"graham_earnings_stability,graham_pe,graham_pe_times_pb,munger_roe,munger_fcf",21601226752.0,83.77228,1.5455858,2.061,0.44821,-0.05548,0.3616161616161616,-0.03507805325987144,-1720999936.0,0.0191,0.0
PB,False,20.303250000000002,"data_missing:current_ratio,data_missing:debt_to_equity,data_missing:free_cash_flow,munger_roe,munger_gross_margin",7994158080.0,11.50865,0.8061076,,,0.07071,0.0,0.58042,,0.0358,4.0
MTZ,False,20.28013776190476,"graham_current_ratio,graham_earnings_stability,graham_pe,graham_pe_times_pb,munger_gross_margin,munger_fcf",17323382784.0,34.405106,4.8431783,1.4,0.89874,0.16176,0.12913999,0.05424,-57898876.0,0.0,2.0
PRIM,False,20.21473278601762,"graham_current_ratio,graham_pe,graham_pe_times_pb,munger_roe,munger_gross_margin",4369300992.0,31.70508,2.7199156,1.181,0.7963,0.08889,0.10734135104093784,0.05432414949372269,80155000.0,0.0039000000000000003,4.0
CRL,False,20.184539178060295,"data_missing:trailing_pe,graham_current_ratio,graham_debt_to_equity,graham_earnings_stability,munger_roe",13974600704.0,,4.920163,1.348,1.05047,-0.07516,0.34585,0.006266402548997829,468856000.0,0.0,0.0
KBH,False,20.072245803523792,"data_missing:free_cash_flow,munger_roe,munger_gross_margin",2688576000.0,12.456339,0.71405506,6.177,0.55482,0.05908,0.17115,0.07603273541555512,,0.0227,4.0
PI,False,20.030238463748486,"data_missing:trailing_pe,graham_debt_to_equity,graham_earnings_stability,munger_roe",5574346752.0,,24.065428,3.277,1.15143,-0.12875,0.5253119158069653,-0.002041127189642041,56185876.0,0.0,0.0
WERN,False,20.02944027624874,"data_missing:trailing_pe,graham_size,graham_current_ratio,graham_earnings_stability,munger_roe,munger_gross_margin",1979552896.0,,1.460222,1.448,0.68379,-0.03909,0.1904,0.003919115006878708,69455872.0,0.0173,0.0
LYB,False,20.013401528454082,"data_missing:trailing_pe,graham_debt_to_equity,graham_earnings_stability,munger_roe,munger_gross_margin",19532490752.0,,1.8302207,1.641,1.3275899999999998,-0.02269,0.12888,-0.013928962292309223,1228000000.0,0.0472,0.0
STEP,False,20.0,"data_missing:trailing_pe,graham_current_ratio,graham_debt_to_equity,graham_earnings_stability,munger_roe,munger_gross_margin",5661621760.0,,-6.698229,0.639,1.26487,-0.61397,-0.48369,-0.54055,2822566144.0,0.0381,0.0
JEF,False,20.0,"data_missing:current_ratio,data_missing:return_on_equity,data_missing:free_cash_flow,graham_debt_to_equity",9004164096.0,12.162087,0.85211635,,3.64763,,0.82623,-0.4363169496947191,,0.0362,4.0
SEDG,False,19.9806859633498,"data_missing:trailing_pe,graham_size,graham_earnings_stability,munger_roe,munger_gross_margin",1990973184.0,,4.830572,2.03,0.9885200000000001,-0.58424,0.1657157282235378,-0.2547009398502589,113761248.0,0.0,0.0
CWST,False,19.8429473091328,"graham_current_ratio,graham_pe,graham_pe_times_pb,munger_roe",5349264384.0,933.9444,3.3854923,0.993,0.9162300000000001,0.00364,0.3342,0.034662227160652447,121703752.0,0.0,4.0
WY,False,19.81931371348077,"graham_pe,graham_pe_times_pb,munger_roe,munger_gross_margin",13769661440.0,29.392307,1.4560627,1.816,0.57625,0.04974,0.14844315713251266,0.1058653149891383,13625000.0,0.0452,4.0
SNX,False,19.775326973409797,"graham_current_ratio,graham_pe_times_pb,munger_roe,munger_gross_margin,munger_fcf",21422655488.0,16.373781,2.380332,1.191,0.6482399999999999,0.14932,0.06989466930726371,0.022635775473912288,-1051633856.0,0.0069,4.0
LEU,False,19.563474622454287,"graham_debt_to_equity,graham_pe,graham_pe_times_pb,munger_roe,munger_gross_margin,munger_fcf",2866094080.0,65.48131,3.3072932,5.395,1.3928299999999998,0.08053,0.26186761756184534,0.1118787608647203,-127300000.0,0.0,4.0
SBCF,False,19.55025,"data_missing:current_ratio,data_missing:debt_to_equity,data_missing:free_cash_flow,graham_pe,munger_roe,munger_gross_margin",3084780800.0,20.55484,1.1176594,,,0.06067,0.0,0.48815,,0.023799999999999998,4.0
ASTE,False,19.427198247035626,"graham_size,graham_earnings_stability,graham_pe,graham_pe_times_pb,munger_roe,munger_gross_margin,munger_fcf",896032192.0,45.782352,1.2985518,2.517,0.57089,0.02859,0.2653148043108338,0.046724333522404994,-1112500.0,0.0126,3.0
SLAB,False,19.410633855103786,"data_missing:trailing_pe,data_missing:debt_to_equity,graham_earnings_stability,munger_roe,munger_fcf",7402416128.0,,6.761246,5.407,,-0.03628,0.5823190156531135,-0.08988817020148733,-13706625.0,0.0,0.0
SITM,False,19.176842505340062,"graham_debt_to_equity,graham_earnings_stability,graham_pe,graham_pe_times_pb,munger_roe",18962794496.0,1126.0714,16.309744,19.445,1.2941900000000002,0.013259999,0.5356823608645075,-0.205038878344456,24747500.0,0.0,0.0
VSAT,False,19.114429835572615,"data_missing:trailing_pe,graham_debt_to_equity,graham_earnings_stability,munger_roe",9063643136.0,,1.9534173,1.675,1.46805,0.0019,0.33219,0.023301395605437602,250167376.0,0.0,0.0
VSTS,False,19.073570832103133,"data_missing:trailing_pe,graham_size,graham_debt_to_equity,graham_earnings_stability,munger_roe,munger_gross_margin",1859492608.0,,2.1186569,2.166,1.52545,-0.00602,0.26297,0.0235593393249109,69159872.0,0.0,0.0
HOPE,False,18.917250300000003,"data_missing:current_ratio,data_missing:debt_to_equity,data_missing:free_cash_flow,graham_size,munger_roe,munger_gross_margin",1711101952.0,13.004855,0.7452846,,,0.056550004,0.0,0.34244,,0.04190000000000001,4.0
MTUS,False,18.451654154067157,"graham_size,graham_earnings_stability,graham_pe,graham_pe_times_pb,munger_roe,munger_gross_margin,munger_fcf",818610880.0,103.50001,1.1786742,1.752,0.021230000000000002,0.011720001,0.0821030821030821,0.003601142431392028,-62337500.0,0.0,0.0
CNH,False,18.413992406219148,"graham_debt_to_equity,graham_pe,graham_pe_times_pb,munger_roe,munger_gross_margin",19595415552.0,48.74,1.9446219,4.883,3.35044,0.03914,0.17762,0.05538,563124992.0,0.008,4.0
HFWA,False,18.247928571428574,"data_missing:current_ratio,data_missing:debt_to_equity,data_missing:free_cash_flow,graham_size,munger_roe,munger_gross_margin",1126405376.0,13.109525,1.0148187,,,0.07798,0.0,0.28932,,0.0361,4.0
SBUX,False,18.198505066904413,"data_missing:debt_to_equity,data_missing:return_on_equity,graham_current_ratio,graham_pe,graham_pe_times_pb,munger_gross_margin",104030699520.0,52.748554,-13.553393,0.76,,,0.22341,0.0789739783350007,3065537536.0,0.0265,4.0
AAP,False,18.133310002712864,"graham_debt_to_equity,graham_earnings_stability,graham_pe,munger_roe,munger_fcf",2547067904.0,23.427778,1.1210357,1.748,2.49358,0.04888,0.4340193000813859,-0.004999418672247413,-54625000.0,0.024300000000000002,1.0
ALLY,False,18.091177714285713,"data_missing:current_ratio,data_missing:debt_to_equity,data_missing:free_cash_flow,munger_roe,munger_gross_margin",11430302720.0,8.841177,0.84670335,,,0.09681,0.0,0.25270998,,0.0321,4.0
TNDM,False,17.93615942143244,"data_missing:trailing_pe,graham_size,graham_debt_to_equity,graham_earnings_stability,munger_roe,munger_fcf",1074990976.0,,8.24,3.18,5.66964,-0.48026,0.5380847826429731,-0.1845376531432806,-43949124.0,0.0,0.0
HONA,False,17.804809523809524,"data_missing:debt_to_equity,data_missing:return_on_equity,data_missing:free_cash_flow,graham_earnings_stability,graham_pe,graham_pe_times_pb",48834490368.0,46.974083,-8.5721035,1.526,,,0.34535,0.14684,,0.0,3.0
MCK,False,17.46325532177307,"data_missing:debt_to_equity,data_missing:return_on_equity,graham_current_ratio,graham_pe,graham_pe_times_pb,munger_gross_margin",108986343424.0,25.054409,-25.573978,0.893,,,0.036065736311132045,0.015397962471804279,6801249792.0,0.0040999999999999995,4.0
VSH,False,17.45612485582934,"graham_earnings_stability,graham_pe,graham_pe_times_pb,munger_roe,munger_gross_margin,munger_fcf",5285446144.0,181.36842,1.8145437,1.802,0.37664000000000003,0.01134,0.19383307136284605,0.018529524464915504,-3755125.0,0.0106,0.0
SNEX,False,17.426669087760168,"data_missing:free_cash_flow,graham_current_ratio,graham_debt_to_equity,graham_pe_times_pb,munger_gross_margin",7283260416.0,19.994535,2.5477195,1.065,8.2347,0.2185,0.031175072632805098,-0.0006477267494128412,,0.0,4.0
NBHC,False,17.139535714285714,"data_missing:current_ratio,data_missing:debt_to_equity,data_missing:free_cash_flow,graham_size,munger_roe,munger_gross_margin",1691710592.0,16.050419,1.019319,,,0.06527,0.0,0.2857,,0.034,4.0
ANDE,False,17.01886069803224,"munger_roe,munger_gross_margin,munger_fcf",2289965056.0,12.981661,1.7185024,1.51,0.6635,0.12159,0.06482474951239575,0.01613,-109108872.0,0.0121,4.0
LUV,False,16.852965036899967,"graham_current_ratio,graham_pe,graham_pe_times_pb,munger_roe,munger_gross_margin,munger_fcf",20042809344.0,25.606186,2.8301947,0.489,0.97275,0.11099,0.22399001,0.015251398638777038,-834750016.0,0.0173,4.0
KNF,False,16.85291853786408,"graham_debt_to_equity,graham_pe,graham_pe_times_pb,munger_roe,munger_gross_margin,munger_fcf",2896149248.0,20.743902,1.8037537,2.665,1.03908,0.09122,0.1835113788504303,0.09086869344427166,-3501250.0,0.0,4.0
CCOI,False,16.781668000000003,"data_missing:trailing_pe,data_missing:debt_to_equity,graham_size,graham_current_ratio,graham_earnings_stability,munger_roe,munger_fcf",486549504.0,,-13.342696,0.632,,-7.2150297,0.50345004,-0.0669,-132067000.0,0.008100000000000001,0.0
ICHR,False,16.584595721466762,"data_missing:trailing_pe,graham_earnings_stability,munger_roe,munger_gross_margin",2167476224.0,,2.499568,3.701,0.17809999999999998,-0.051659998,0.09262366353893624,-0.041441372993461734,10132000.0,0.0,0.0
BTU,False,16.533066866666665,"data_missing:trailing_pe,graham_earnings_stability,munger_roe,munger_gross_margin,munger_fcf",3059689984.0,,0.9418387,2.009,0.12884,-0.047709998,0.103970006,-0.020743234494367473,-53975000.0,0.0118,0.0
DMC,False,16.356956547880703,"graham_size,graham_earnings_stability,graham_pe,munger_roe,munger_gross_margin,munger_fcf",1394585088.0,42.257145,0.694725,2.226,0.2943,0.01775,0.09233509936839183,0.031788631052911645,-99887504.0,0.0404,2.0
SLVM,False,16.030545839195124,"graham_size,graham_current_ratio,graham_debt_to_equity,munger_roe,munger_gross_margin,munger_fcf",1299762304.0,17.388298,1.362367,1.472,1.07958,0.07941,0.20594,0.07490301402566397,-16375000.0,0.0567,4.0
DNOW,False,16.010018203309695,"data_missing:trailing_pe,graham_earnings_stability,munger_roe,munger_gross_margin,munger_fcf",2842858240.0,,1.3592359,2.136,0.30934,-0.11599,0.16950354609929077,-0.03297872340425532,-536249984.0,0.0,0.0
SANM,False,15.94899834701889,"graham_pe,graham_pe_times_pb,munger_roe,munger_gross_margin,munger_fcf",11223554048.0,37.460644,4.3847103,1.78,0.88161,0.12488,0.08813033147310252,0.04362098139580546,-222215744.0,0.0,4.0
BFH,False,15.921847847779446,"data_missing:current_ratio,data_missing:debt_to_equity,data_missing:free_cash_flow,munger_gross_margin",3883995904.0,7.836822,1.1626664,,,0.17424999,0.0,0.06657230061485381,,0.009399999999999999,4.0
GBX,False,15.768297726330823,"data_missing:consecutive_positive_earnings_years,graham_size,graham_debt_to_equity,munger_roe,munger_gross_margin,munger_fcf",1193962496.0,11.417159,0.7589286,3.676,1.0874899999999998,0.06341,0.18748842664033086,0.11113511511635084,-164687504.0,0.0351,
ADIG,False,15.67260680952381,"data_missing:trailing_pe,data_missing:return_on_equity,data_missing:free_cash_flow,graham_size,graham_earnings_stability,munger_gross_margin",1323720960.0,,0.539199,2.796,0.50835,,0.21893999,0.02333,,0.0,0.0
RDNT,False,15.600657754498732,"data_missing:trailing_pe,graham_current_ratio,graham_debt_to_equity,graham_earnings_stability,munger_roe,munger_gross_margin",5319181312.0,,4.913135,1.484,1.56668,0.01498,0.17284,0.03038510741541312,157737248.0,0.0,0.0
MOS,False,15.343909294730471,"data_missing:trailing_pe,graham_current_ratio,munger_roe,munger_gross_margin,munger_fcf",6316587008.0,,0.5509955,1.337,0.52249,-0.05073,0.15780259533370947,0.06816069828415917,-746275008.0,0.042,4.0
SFNC,False,15.0,"data_missing:trailing_pe,data_missing:current_ratio,data_missing:debt_to_equity,data_missing:free_cash_flow,graham_earnings_stability,munger_roe,munger_gross_margin",3244334848.0,,0.9313034,,,-0.09941,0.0,0.38306,,0.0381,0.0
BANC,False,15.0,"data_missing:trailing_pe,data_missing:current_ratio,data_missing:debt_to_equity,data_missing:free_cash_flow,data_invalid_outlier:operating_margin,graham_earnings_stability,munger_roe,munger_gross_margin",2755852544.0,,0.94651216,,,-0.0065499996,0.0,2.16263,,0.027999999999999997,2.0
DFH,False,14.75967857142857,"graham_size,graham_debt_to_equity,munger_roe,munger_gross_margin,munger_fcf",864610432.0,6.7253523,0.60638773,7.59,1.12734,0.09423,0.1998,0.02409,-217692992.0,0.0,4.0
ROIV,False,14.673449999999999,"data_missing:trailing_pe,data_invalid_outlier:operating_margin,graham_earnings_stability,munger_roe,munger_gross_margin,munger_fcf",24847912960.0,,5.8753204,16.721,0.02177,-0.08515,0.0,-254.08113,-1127230080.0,0.0,0.0
CALM,False,14.631828621853572,"data_missing:debt_to_equity,graham_pe,graham_pe_times_pb,munger_roe,munger_gross_margin,munger_fcf",3039739648.0,52.907314,1.1612834,7.701,,0.02378,0.23081522664952164,0.12027138044917764,-175787744.0,0.0391,4.0
LBRT,False,14.224808324635918,"graham_pe,graham_pe_times_pb,munger_roe,munger_gross_margin,munger_fcf",3071262464.0,25.432432,1.5640322,1.986,0.8214400000000001,0.06123,0.18529,0.018149249797060295,-302047872.0,0.018500000000000003,4.0
AVT,False,14.218540805765612,"graham_pe,graham_pe_times_pb,munger_roe,munger_gross_margin,munger_fcf",8180113408.0,24.806732,1.6257007,1.777,0.6920499999999999,0.06665,0.1042930214195994,0.02622915769706474,-129337000.0,0.0139,4.0
MBC,False,14.077610305213248,"data_missing:trailing_pe,graham_size,munger_roe,munger_fcf",1409171712.0,,0.7154665,1.759,0.85833,-0.0582,0.30262917321826893,0.04351482795187772,-24387500.0,0.0,4.0
DELL,False,13.884668525522123,"data_missing:debt_to_equity,data_missing:return_on_equity,graham_current_ratio,graham_pe,graham_pe_times_pb,munger_gross_margin",364142657536.0,33.297672,-256.8251,0.962,,,0.19999471542567246,0.07177332699184415,6033375232.0,0.0044,4.0
FERG,False,13.854291472781819,"data_missing:return_on_equity,data_missing:free_cash_flow,graham_debt_to_equity,graham_earnings_stability,graham_pe,graham_pe_times_pb",41616515072.0,21.173721,6.711331,1.729,1.11063,,0.3067095767505364,0.0847149080033808,,0.0159,0.0
SRPT,False,13.841589820484106,"data_missing:trailing_pe,graham_size,graham_earnings_stability,munger_roe,munger_gross_margin",1906567680.0,,1.2478396,4.422,0.6953900000000001,-0.09478,0.19108,-0.3183373767250756,22139876.0,0.0,0.0
MSGS,False,13.744522408233998,"data_missing:debt_to_equity,data_missing:return_on_equity,graham_current_ratio,graham_earnings_stability,graham_pe,graham_pe_times_pb",9897217024.0,1284.422,-37.58367,0.503,,,0.33605,0.02501945707396808,58219124.0,0.0,1.0
AIN,False,13.611438554200708,"data_missing:trailing_pe,graham_size,graham_earnings_stability,munger_roe,munger_gross_margin",1683434240.0,,2.2588744,2.238,0.59922,-0.061339997,0.2062202562873421,-0.030522998986314828,4886875.0,0.0189,0.0
MARA,False,13.374000666666669,"data_missing:trailing_pe,graham_current_ratio,graham_debt_to_equity,graham_earnings_stability,munger_roe,munger_fcf",3804120832.0,,2.2648573,0.891,1.40159,-1.0557,0.40122002,-1.349641106259226,-1168091392.0,0.0,0.0
MRNA,False,13.101961747736897,"data_missing:trailing_pe,graham_earnings_stability,munger_roe,munger_gross_margin",78144438272.0,,11.551195,2.295,0.19036,-0.38998002,-0.66023004,-1.581275720164609,299249984.0,0.0,0.0
RXO,False,13.020726534117927,"data_missing:trailing_pe,graham_current_ratio,graham_earnings_stability,munger_roe,munger_gross_margin",4774797824.0,,3.1696234,1.268,0.48340000000000005,-0.06787,0.14912,-0.013758272378962034,5750000.0,0.0,0.0
HTH,False,12.4717497,"data_missing:current_ratio,data_missing:debt_to_equity,data_missing:free_cash_flow,munger_roe,munger_gross_margin",2103843584.0,13.601851,0.9894388,,,0.076009996,0.0,0.15799,,0.0219,4.0
DOW,False,12.327707711623042,"data_missing:trailing_pe,graham_debt_to_equity,graham_earnings_stability,munger_roe,munger_gross_margin",20734791680.0,,1.3073876,1.749,1.11913,-0.0554,0.1348139691764828,0.11594,237624992.0,0.049699999999999994,0.0
TFIN,False,12.209464285714287,"data_missing:current_ratio,data_missing:debt_to_equity,data_missing:free_cash_flow,graham_size,graham_pe,graham_pe_times_pb,munger_roe,munger_gross_margin",1492094336.0,42.192566,1.6249024,,,0.04121,0.0,0.21277,,0.0,4.0
WHR,False,11.886468567870335,"graham_size,graham_current_ratio,graham_debt_to_equity,graham_earnings_stability,munger_roe,munger_gross_margin,munger_fcf",1897953920.0,9.575658,0.50030077,1.149,2.05431,0.05933,0.15369750064416388,0.05398093274929142,-485375008.0,0.0,1.0
FISV,False,11.76534030778357,"data_missing:current_ratio,data_missing:debt_to_equity,data_missing:return_on_equity,data_missing:gross_margin,data_missing:free_cash_flow",24301740032.0,8.771593,0.90196776,,,,,0.2745246071816166,,,4.0
RUN,False,11.764332666666666,"graham_size,graham_current_ratio,graham_debt_to_equity,graham_earnings_stability,munger_roe,munger_fcf",1818370560.0,5.1012836,0.5194647,1.422,2.92511,-0.19856001,0.35292998,-0.04265442271331354,-1971139840.0,0.0,1.0
PENN,False,11.720333333333333,"data_missing:trailing_pe,graham_current_ratio,graham_debt_to_equity,graham_earnings_stability,munger_roe,munger_fcf",2107069312.0,,1.0736259,0.885,5.96731,-0.37578,0.35161,-0.1084725518238539,-54325000.0,0.0,0.0
CNXC,False,11.6530668857097,"data_missing:trailing_pe,data_missing:free_cash_flow,graham_size,graham_current_ratio,graham_debt_to_equity,graham_earnings_stability,munger_roe",1646486016.0,,0.92849755,1.231,2.47372,-0.78216004,0.34959200657129097,-0.09344640741169319,,0.056600000000000004,0.0
APD,False,11.301872246310538,"data_missing:trailing_pe,graham_current_ratio,graham_debt_to_equity,graham_earnings_stability,munger_roe,munger_fcf",61987856384.0,,4.4647694,1.085,1.1009099999999998,0.00023,0.3385386673893161,-0.07285686989607304,-1497500032.0,0.026000000000000002,0.0
EGBN,False,10.360713857142857,"data_missing:trailing_pe,data_missing:current_ratio,data_missing:debt_to_equity,data_missing:free_cash_flow,graham_size,graham_earnings_stability,munger_roe,munger_gross_margin",869098048.0,,0.755572,,,-0.04137,0.0,0.24174999,,0.0014000000000000002,0.0
GO,False,10.090040171965903,"data_missing:trailing_pe,graham_size,graham_current_ratio,graham_debt_to_equity,graham_earnings_stability,munger_roe,munger_fcf",1184555136.0,,1.4506735,1.291,2.26658,-0.3806,0.302701205158977,-0.047284366716224914,-44593500.0,0.0,0.0
FLR,False,10.02298038370064,"data_missing:trailing_pe,graham_earnings_stability,munger_roe,munger_gross_margin",6745899008.0,,2.5458033,1.796,0.38492,-0.45167,-0.007740437334709411,-0.024382377604334645,21500000.0,0.0,0.0
XNCR,False,9.929549999999999,"data_missing:trailing_pe,graham_size,graham_earnings_stability,munger_roe,munger_gross_margin,munger_fcf",1806787584.0,,3.5893648,6.391,0.33803,-0.29072002,-1.4364799,-1.4135025801108492,-94537504.0,0.0,0.0
CLF,False,9.86365638542136,"data_missing:trailing_pe,graham_debt_to_equity,graham_earnings_stability,munger_roe,munger_gross_margin",6946324992.0,,1.2395643,1.89,1.3274299999999999,-0.13862,0.2892964824120603,-0.08484685652874799,6125000.0,0.0,0.0
ECHO,False,9.846667333333334,"data_missing:trailing_pe,graham_debt_to_equity,graham_earnings_stability,munger_roe,munger_gross_margin,munger_fcf",27240718336.0,,1.9220272,5.201,1.23757,-0.33428,0.29540002,-1.1811502161047902,-18870501376.0,0.0,0.0
BG,False,9.278703344063375,"graham_pe,munger_roe,munger_gross_margin,munger_fcf",20791132160.0,21.55777,1.303196,1.567,0.9799500000000001,0.071779996,0.04847218075047278,0.04617,-6475375104.0,0.0273,4.0
FLG,False,9.135107165357143,"data_missing:current_ratio,data_missing:debt_to_equity,data_missing:free_cash_flow,graham_earnings_stability,graham_pe,graham_pe_times_pb,munger_roe,munger_gross_margin",4705077248.0,377.83334,0.61895925,,,0.0059100003,0.0,0.20281,,0.0034999999999999996,0.0
WLK,False,8.5839797044851,"data_missing:trailing_pe,graham_earnings_stability,munger_roe,munger_gross_margin",7920190464.0,,0.909845,2.453,0.63814,-0.11911,0.07278424350940017,-0.14127126230975828,23125000.0,0.0336,0.0
VGNT,False,7.8881426857142865,"data_missing:return_on_equity,data_missing:free_cash_flow,graham_current_ratio,graham_debt_to_equity,graham_pe_times_pb,munger_gross_margin",3156419584.0,6.51462,37.13333,1.398,8.53169,,0.12354,0.087969996,,0.0115,4.0
AHCO,False,7.591890917300251,"data_missing:trailing_pe,graham_size,graham_current_ratio,graham_debt_to_equity,graham_earnings_stability,munger_roe,munger_gross_margin,munger_fcf",823807808.0,,0.5858165,1.124,1.48969,-0.15224,0.19174999,0.028005240292561427,-80691504.0,0.0,0.0
UCTT,False,7.525380480185973,"data_missing:trailing_pe,graham_debt_to_equity,graham_earnings_stability,munger_roe,munger_gross_margin,munger_fcf",3040707072.0,,4.8394694,2.733,1.082,-0.0155299995,0.16986079328756673,0.043478260869565216,-81487504.0,0.0,0.0
RCUS,False,7.30605,"data_missing:trailing_pe,graham_earnings_stability,munger_roe,munger_gross_margin,munger_fcf",3019074304.0,,6.488779,3.818,0.51293,-0.90819,0.0,-1.562753036437247,-270624992.0,0.0,0.0
ALK,False,6.816315515067604,"data_missing:trailing_pe,graham_current_ratio,graham_debt_to_equity,munger_roe,munger_gross_margin,munger_fcf",4396854272.0,,1.1980544,0.547,2.0752,-0.04598,0.17713,0.021279584240466325,-23750000.0,0.0,4.0
JBLU,False,6.741666666666666,"data_missing:trailing_pe,graham_size,graham_current_ratio,graham_debt_to_equity,graham_earnings_stability,munger_roe,munger_gross_margin,munger_fcf",1465857920.0,,0.9236805,0.696,5.9143,-0.44355,0.20225,-0.04060913705583756,-921249984.0,0.0,0.0
AESI,False,5.444266361882331,"data_missing:trailing_pe,graham_size,graham_earnings_stability,munger_roe,munger_gross_margin,munger_fcf",1516916864.0,,1.3628706,1.824,0.94273,-0.09925,0.13755649085646987,-0.009960650409473117,-118395504.0,0.0,0.0
EQH,False,4.256,"data_missing:trailing_pe,graham_debt_to_equity,graham_earnings_stability,munger_roe,munger_gross_margin,munger_fcf",14549327872.0,,-7.8614593,2.03,5.861000000000001,-0.25131,0.12768,-0.26357,-8824250368.0,0.021400000000000002,0.0
WS,False,3.9036335830574753,"data_missing:trailing_pe,graham_size,graham_debt_to_equity,munger_roe,munger_gross_margin,munger_fcf",1714945920.0,,1.6079813,1.814,1.52597,-0.03405,0.11710900749172426,-0.00040652767291944944,-1471725056.0,0.018000000000000002,4.0
F,False,2.371666666666667,"data_missing:trailing_pe,graham_current_ratio,graham_debt_to_equity,graham_earnings_stability,munger_roe,munger_gross_margin,munger_fcf",48702902272.0,,1.3634293,1.089,4.567080000000001,-0.18252,0.07115,-0.04896217699861695,-7940250112.0,0.0495,0.0
CYTK,False,0.0,"data_missing:trailing_pe,data_missing:debt_to_equity,data_missing:return_on_equity,graham_earnings_stability,munger_gross_margin,munger_fcf",8555515392.0,,-49.23208,6.661,,,0.0,-3.427517232629932,-397408736.0,0.0,0.0
CWEN-A,False,0.0,data_missing:fetch_failed,,,,,,,,,,,
