symbol,buyable,score,fail_reasons,market_cap,trailing_pe,price_to_book,current_ratio,debt_to_equity,return_on_equity,gross_margin,operating_margin,free_cash_flow,dividend_yield,consecutive_positive_earnings_years
TROW,True,79.8552627141118,,24629946368.0,12.333691,2.2918494,5.545,0.0387,0.18688999,0.51999,0.37183997,1880349952.0,0.044800000000000006,4.0
HIG,True,67.85802932142857,,38975918080.0,10.00563,2.106464,1.792,0.23151,0.22735001,0.38172,0.15296,5603250176.0,0.017,4.0
INSW,True,66.89700802848522,,4522253824.0,8.319673,2.0609136,7.341,0.27805,0.26868,0.67706,0.61293,16583250.0,0.043899999999999995,4.0
G,True,60.40040952380953,,5147912704.0,9.315951,2.0797098,1.686,0.71021,0.23117,0.36305,0.15433,712050880.0,0.025,4.0
GNTX,True,59.26124849358661,,5068253696.0,13.370787,2.0255318,2.718,0.00432,0.15576,0.34429002,0.18829,265538848.0,0.020099999999999996,4.0
FOX,True,54.68120666186932,,20650713088.0,12.942105,1.8866042,2.896,0.67867,0.152,0.36843,0.21357,1406499968.0,0.0111,4.0
ASO,True,36.65156646206576,,2918584576.0,8.314488,1.4091086,1.677,0.91982,0.18847999,0.34604,0.05177,88252000.0,0.0123,4.0
CENT,False,0.0,"data_missing:dividend_yield,munger_roe",2689292032.0,15.62909,1.6264901,3.45,0.85846,0.10752,0.32231998,0.12599,237739872.0,,4.0
CE,False,0.0,"data_missing:trailing_pe,graham_current_ratio,graham_debt_to_equity,graham_earnings_stability,munger_roe,munger_gross_margin",5192520704.0,,1.2780027,1.383,2.8773700000000004,-0.21109,0.20818001,0.08472,1022499968.0,0.0025,0.0
CCS,False,0.0,"data_missing:free_cash_flow,graham_size,munger_roe,munger_gross_margin",1992849792.0,15.601351,0.7805246,4.524,0.65629,0.052210003,0.18131,0.05092,,0.0189,4.0
CCOI,False,0.0,"data_missing:trailing_pe,data_missing:debt_to_equity,graham_size,graham_earnings_stability,munger_roe,munger_fcf",646001856.0,,-5.917431,1.903,,-8.77276,0.49601,-0.07481,-108703000.0,0.08310000000000001,0.0
CC,False,0.0,"data_missing:trailing_pe,graham_debt_to_equity,graham_earnings_stability,munger_roe,munger_gross_margin",2627098624.0,,12.216784,1.82,20.33796,-1.0301499,0.15204,0.029690001,216250000.0,0.0192,0.0
CBU,False,0.0,"data_missing:current_ratio,data_missing:debt_to_equity,data_missing:free_cash_flow,munger_roe,munger_gross_margin",3507515904.0,16.19903,1.7323815,,,0.11304,0.0,0.38186002,,0.027999999999999997,4.0
CBRL,False,0.0,"graham_size,graham_current_ratio,graham_debt_to_equity,graham_pe,graham_pe_times_pb,munger_roe,munger_fcf",1158252672.0,45.06087,2.4883552,0.501,2.4666300000000003,0.056110002,0.31608,0.00843,-3550125.0,0.018799999999999997,4.0
CATY,False,0.0,"data_missing:current_ratio,data_missing:debt_to_equity,data_missing:free_cash_flow,munger_roe,munger_gross_margin",4191728128.0,12.892783,1.3715426,,,0.117060006,0.0,0.62619996,,0.0235,4.0
CASH,False,0.0,"data_missing:current_ratio,data_missing:debt_to_equity,data_missing:free_cash_flow,graham_size,munger_gross_margin",1754666112.0,9.883472,2.0869741,,,0.22820999,0.0,0.38235,,0.0023,4.0
CARG,False,0.0,"data_missing:dividend_yield,graham_pe_times_pb",2972566528.0,17.347368,12.494313,1.653,0.7928000000000001,0.5848,0.92587,0.24545,219393744.0,,4.0
CENTA,False,0.0,"data_missing:dividend_yield,munger_roe",2360169984.0,13.716364,1.4274362,3.45,0.85846,0.10752,0.32231998,0.12599,237739872.0,,4.0
CALX,False,0.0,"data_missing:dividend_yield,graham_earnings_stability,graham_pe,graham_pe_times_pb,munger_roe",2281492992.0,47.065792,3.121564,2.83,0.01969,0.06905,0.56581,0.074489996,61477124.0,,1.0
CALM,False,0.0,"data_missing:debt_to_equity,munger_roe,munger_gross_margin",4175772416.0,6.1336117,1.5464244,7.695,,0.122200005,0.23082,-0.111499995,3015750.0,0.0546,4.0
CAKE,False,0.0,"graham_current_ratio,graham_debt_to_equity,graham_pe,graham_pe_times_pb",4196425728.0,24.768328,9.155555,0.595,4.6638,0.41329,0.40495,0.05831,128065752.0,0.013999999999999999,4.0
CAG,False,0.0,"data_missing:trailing_pe,graham_current_ratio,graham_debt_to_equity,graham_earnings_stability,munger_roe,munger_gross_margin",6876987904.0,,1.0816711,0.904,1.17577,-0.25064,0.23952,0.13771,859000000.0,0.08259999999999999,0.0
CACC,False,0.0,"data_missing:free_cash_flow,data_missing:dividend_yield,graham_debt_to_equity,graham_pe_times_pb",6198324224.0,14.766259,4.0792623,3.872,4.23261,0.28118,0.94403,0.52711,,,4.0
BXMT,False,0.0,"data_missing:free_cash_flow,graham_debt_to_equity,graham_earnings_stability,graham_pe,munger_roe",2781591296.0,27.483332,0.8263179,99.919,4.6517,0.02918,1.0,-0.06141,,0.11259999999999999,1.0
BTU,False,0.0,"data_missing:trailing_pe,graham_earnings_stability,munger_roe,munger_gross_margin,munger_fcf",2902086656.0,,0.83008087,1.866,0.12135,-0.02922,0.120170005,-0.04695,-16025000.0,0.0126,0.0
BRC,False,0.0,"graham_pe,graham_pe_times_pb",4413526528.0,21.290909,3.2892103,2.01,0.06586,0.16695999,0.51409,0.17716,145758368.0,0.0105,4.0
CALY,False,0.0,"data_missing:dividend_yield,graham_earnings_stability,graham_pe,graham_pe_times_pb,munger_roe",3219458048.0,68.88462,1.5329967,2.278,0.31838,0.02211,0.42998,0.20101999,223450000.0,,0.0
CPRX,False,0.0,"data_missing:dividend_yield,graham_pe_times_pb",3854925568.0,18.202312,3.799469,7.103,0.00265,0.24496001,0.84036005,0.49021,171809872.0,,4.0
CPK,False,0.0,"graham_current_ratio,graham_debt_to_equity,graham_pe,graham_pe_times_pb,munger_roe,munger_fcf",3231280640.0,21.60674,1.9561996,0.432,1.00926,0.095970005,0.40348998,0.28151,-244312496.0,0.0217,4.0
CPF,False,0.0,"data_missing:current_ratio,data_missing:debt_to_equity,data_missing:free_cash_flow,graham_size,munger_roe,munger_gross_margin",1009595520.0,12.936455,1.7008927,,,0.13975,0.0,0.38132,,0.03,4.0
CPB,False,0.0,"graham_current_ratio,graham_debt_to_equity,munger_gross_margin",6384595456.0,10.495098,1.5839313,0.866,1.82035,0.15389,0.292,0.13102001,603249984.0,0.0713,4.0
COTY,False,0.0,"data_missing:trailing_pe,data_missing:dividend_yield,graham_current_ratio,graham_earnings_stability,munger_roe",2289212672.0,,0.74010813,0.821,0.9781,-0.13938,0.63197,-0.00624,402875008.0,,0.0
CORT,False,0.0,"data_missing:dividend_yield,graham_pe,graham_pe_times_pb,munger_roe",10376605696.0,276.17145,16.261778,2.856,0.015109999999999998,0.07166,0.9825,-0.30079,115660496.0,,4.0
CON,False,0.0,"graham_current_ratio,graham_debt_to_equity,graham_pe,graham_pe_times_pb,munger_gross_margin",4034635008.0,22.683455,9.499849,1.26,4.677350000000001,0.47004002,0.28667,0.17014,143357632.0,0.008,4.0
COLL,False,0.0,"data_missing:dividend_yield,graham_size,graham_debt_to_equity,graham_earnings_stability,graham_pe_times_pb",1154318208.0,17.2767,3.691526,1.714,2.9757499999999997,0.27411,0.89169,0.15965,332619008.0,,3.0
COHU,False,0.0,"data_missing:trailing_pe,data_missing:dividend_yield,graham_earnings_stability,munger_roe",2571528192.0,,3.3435564,6.429,0.42923,-0.06956,0.43469003,-0.08298001,69161000.0,,0.0
COCO,False,0.0,"data_missing:dividend_yield,graham_pe,graham_pe_times_pb",3961904384.0,50.26812,11.248582,3.651,0.040970000000000006,0.26319999,0.374,0.18681,46200624.0,,4.0
CERT,False,0.0,"data_missing:trailing_pe,data_missing:dividend_yield,graham_size,graham_earnings_stability,munger_roe",1106064384.0,,1.0719132,1.877,0.29955,-0.01437,0.61591,0.03798,116569376.0,,0.0
CNXC,False,0.0,"data_missing:trailing_pe,graham_size,graham_current_ratio,graham_debt_to_equity,graham_earnings_stability,munger_roe",1338742656.0,,0.49433345,1.179,2.03764,-0.37662,0.3447,0.07893,775551744.0,0.0603,0.0
CNS,False,0.0,"data_missing:current_ratio,data_missing:return_on_equity,data_missing:free_cash_flow,graham_pe,graham_pe_times_pb",4111420672.0,24.609232,7.297446,,0.20439,,0.47300997,0.34554002,,0.0333,4.0
CNR,False,0.0,"data_missing:trailing_pe,graham_earnings_stability,munger_roe,munger_gross_margin",4361770496.0,,1.1965871,1.701,0.12444000000000001,-0.01666,0.16021,0.0129700005,368524384.0,0.0046,0.0
CNMD,False,0.0,"graham_size,graham_earnings_stability,graham_pe,munger_roe",1242606464.0,23.316385,1.2224164,2.291,0.84592,0.054980002,0.54204,0.10609999,127055128.0,0.019,3.0
CNK,False,0.0,"graham_current_ratio,graham_debt_to_equity,graham_earnings_stability,graham_pe,graham_pe_times_pb",3817791744.0,25.146154,9.915074,0.618,7.67283,0.46648,0.49049,0.0423,234712496.0,0.011200000000000002,3.0
CLSK,False,0.0,"data_missing:trailing_pe,data_missing:dividend_yield,graham_debt_to_equity,graham_earnings_stability,munger_roe,munger_fcf",4005660160.0,,4.0619307,8.259,1.8158500000000002,-0.34804,0.50709,-2.46283,-300704512.0,,1.0
CHEF,False,0.0,"data_missing:dividend_yield,graham_debt_to_equity,graham_pe,graham_pe_times_pb,munger_roe,munger_gross_margin",3852670464.0,51.628414,6.3248096,2.176,1.60719,0.13812,0.24319,0.03129,61377376.0,,4.0
CHCO,False,0.0,"data_missing:current_ratio,data_missing:debt_to_equity,data_missing:free_cash_flow,graham_size,graham_pe_times_pb,munger_gross_margin",1941131904.0,15.149779,2.438661,,,0.16755,0.0,0.5191,,0.025,4.0
CFFN,False,0.0,"data_missing:current_ratio,data_missing:debt_to_equity,data_missing:free_cash_flow,graham_size,graham_earnings_stability,munger_roe,munger_gross_margin",1063557760.0,14.25,1.0417936,,,0.075279996,0.0,0.47313,,0.039599999999999996,2.0
BOX,False,0.0,"data_missing:dividend_yield,graham_current_ratio,graham_debt_to_equity,graham_pe,graham_pe_times_pb,munger_roe",3917703168.0,44.187504,203.45325,0.76,20.48842,-5.75826,0.69536,-0.22146,152298752.0,,4.0
CENX,False,0.0,"data_missing:dividend_yield,graham_earnings_stability,graham_pe_times_pb,munger_gross_margin,munger_fcf",4588436992.0,13.79762,3.986928,2.303,0.42499000000000003,0.32259998,0.121700004,0.13262,-85825000.0,,2.0
CNXN,False,0.0,"graham_pe,graham_pe_times_pb,munger_roe,munger_gross_margin",2018840576.0,23.264534,2.1898427,2.705,0.00801,0.09725001,0.18826,0.03226,104340000.0,0.009899999999999999,4.0
AX,False,0.0,"data_missing:current_ratio,data_missing:debt_to_equity,data_missing:free_cash_flow,data_missing:dividend_yield,munger_gross_margin",5416555008.0,11.598051,1.767031,,,0.16795999,0.0,0.49429,,,4.0
AWR,False,0.0,"graham_current_ratio,graham_pe,graham_pe_times_pb,munger_roe,munger_fcf",3416423424.0,25.413994,3.2113912,1.219,0.87471,0.13221,0.57054,0.30917,-20589376.0,0.0232,4.0
AWI,False,0.0,"graham_pe,graham_pe_times_pb",6745390080.0,22.41844,7.5427127,1.535,0.63904,0.3634,0.40303,0.17126,216887504.0,0.0086,4.0
AVNS,False,0.0,"data_missing:trailing_pe,data_missing:dividend_yield,graham_size,graham_earnings_stability,munger_roe",1170258432.0,,1.4907203,2.477,0.17696,-0.09177,0.50049,0.053790003,17050000.0,,0.0
AVA,False,0.0,"graham_current_ratio,graham_debt_to_equity,munger_roe,munger_fcf",3485689088.0,16.804781,1.2556561,0.896,1.19092,0.07594,0.66561997,0.23684,-172375008.0,0.04650000000000001,4.0
AUB,False,0.0,"data_missing:current_ratio,data_missing:debt_to_equity,data_missing:free_cash_flow,munger_roe,munger_gross_margin",5983522816.0,18.017096,1.1611125,,,0.09759,0.0,0.56057,,0.0342,4.0
ATMU,False,0.0,"graham_debt_to_equity,graham_pe,graham_pe_times_pb,munger_gross_margin",4335172608.0,20.815687,10.74494,2.527,2.62478,0.63128,0.29354,0.15707,83962496.0,0.0042,4.0
ATEN,False,0.0,"graham_debt_to_equity,graham_pe,graham_pe_times_pb",2495456768.0,56.81967,11.264218,3.714,1.02671,0.21418,0.79335,0.17332001,50523376.0,0.0068000000000000005,4.0
ASTH,False,0.0,"data_missing:dividend_yield,graham_current_ratio,graham_debt_to_equity,graham_pe,graham_pe_times_pb,munger_roe,munger_gross_margin",2032424320.0,67.196724,2.5070336,1.347,1.84463,0.05659,0.10661,0.03016,287761888.0,,4.0
ASTE,False,0.0,"graham_size,graham_earnings_stability,graham_pe,graham_pe_times_pb,munger_roe,munger_gross_margin",1292645632.0,50.19643,1.9047942,2.344,0.57941,0.03876,0.26379,0.03684,2725000.0,0.009300000000000001,3.0
BOH,False,0.0,"data_missing:current_ratio,data_missing:debt_to_equity,data_missing:free_cash_flow,graham_pe_times_pb,munger_roe,munger_gross_margin",3357881088.0,17.086693,2.2244096,,,0.12325,0.0,0.4052,,0.033,4.0
AROC,False,0.0,"graham_current_ratio,graham_debt_to_equity,graham_pe,graham_pe_times_pb",6728292864.0,20.86413,4.432513,1.408,1.57367,0.22680001,0.66321,0.35439,148493376.0,0.0229,4.0
ARLO,False,0.0,"data_missing:dividend_yield,graham_size,graham_earnings_stability,graham_pe,graham_pe_times_pb",1360881024.0,44.75,8.547067,1.517,0.05165,0.23319,0.4509,0.0589,63651124.0,,1.0
ARCB,False,0.0,"graham_current_ratio,graham_pe,graham_pe_times_pb,munger_roe,munger_gross_margin",3495191040.0,64.340164,2.718018,0.929,0.35762,0.04334,0.077259995,0.00358,110241376.0,0.003,4.0
APOG,False,0.0,"graham_size,munger_roe,munger_gross_margin",840366208.0,12.623824,1.6565881,1.76,0.5625399999999999,0.13756,0.23378,0.054970004,102537000.0,0.0269,4.0
APLE,False,0.0,"graham_current_ratio,graham_pe,munger_roe",3921082112.0,22.753426,1.2541528,0.263,0.53668,0.05421,0.42587003,0.14216,324528672.0,0.056600000000000004,4.0
APAM,False,0.0,graham_pe_times_pb,2734660352.0,9.654136,7.029197,2.894,0.6023499999999999,0.72485,0.45791,0.3109,289936736.0,0.087,4.0
AOSL,False,0.0,"data_missing:trailing_pe,data_missing:dividend_yield,graham_size,graham_earnings_stability,munger_roe,munger_gross_margin,munger_fcf",1011919104.0,,1.2640198,3.319,0.03641,-0.12602,0.22406,-0.08583,-37312000.0,,0.0
AORT,False,0.0,"data_missing:dividend_yield,graham_size,graham_earnings_stability,graham_pe,graham_pe_times_pb,munger_roe,munger_fcf",1213583744.0,100.0,2.6913555,3.857,0.57309,0.03139,0.64553,0.051810004,-7293625.0,,1.0
ANIP,False,0.0,"data_missing:dividend_yield,graham_size,graham_debt_to_equity,graham_earnings_stability,graham_pe,graham_pe_times_pb",1785349504.0,20.084398,2.981284,3.119,1.12077,0.18324,0.60826,0.16299999,140259504.0,,1.0
ANDE,False,0.0,"graham_current_ratio,graham_pe,graham_pe_times_pb,munger_roe,munger_gross_margin,munger_fcf",2664729856.0,20.866667,2.0811172,1.367,0.9993899999999999,0.09868,0.06559,0.00606,-231020752.0,0.009899999999999999,4.0
AMTM,False,0.0,"data_missing:dividend_yield,graham_current_ratio,graham_earnings_stability,graham_pe,graham_pe_times_pb,munger_roe,munger_gross_margin",5377402368.0,36.68333,1.1656604,1.481,0.835,0.028870001,0.10492,0.04112,655500032.0,,1.0
ARR,False,0.0,"data_missing:free_cash_flow,graham_current_ratio,graham_debt_to_equity,graham_earnings_stability,munger_roe",2000863744.0,6.4779115,0.8533037,1.131,7.90676,0.119040005,1.0,1.38849,,0.17579999999999998,1.0
BOOT,False,0.0,"data_missing:dividend_yield,graham_pe,graham_pe_times_pb",4481811456.0,20.103401,3.4046867,2.646,0.5865699999999999,0.18441,0.38084,0.10621,24327250.0,,4.0
CRC,False,0.0,"data_missing:trailing_pe,graham_current_ratio,munger_roe",4817123328.0,,1.6508429,0.547,0.47224,-0.14392,0.54561,-0.70838,438000000.0,0.0301,4.0
BNL,False,0.0,"graham_pe,graham_pe_times_pb,munger_roe",4473398784.0,34.4,1.4824637,1.84,0.87795,0.04206,0.94931,0.52179,240662752.0,0.0513,4.0
BMI,False,0.0,"data_missing:debt_to_equity,graham_pe,graham_pe_times_pb",3595662080.0,28.852459,5.2387633,2.422,,0.1848,0.4131,0.17724001,128289624.0,0.0126,4.0
BLKB,False,0.0,"data_missing:dividend_yield,graham_size,graham_current_ratio,graham_debt_to_equity,graham_earnings_stability,graham_pe_times_pb",1435378304.0,10.59322,41.281372,0.741,34.57183,4.18686,0.59236,0.18334,204560624.0,,1.0
BLFS,False,0.0,"data_missing:trailing_pe,data_missing:dividend_yield,graham_size,graham_earnings_stability,munger_roe",1503342720.0,,4.035939,7.299,0.03991,-0.030940002,0.63756,0.00098,6391125.0,,0.0
BL,False,0.0,"data_missing:dividend_yield,graham_size,graham_debt_to_equity,graham_earnings_stability,graham_pe,graham_pe_times_pb,munger_roe",1609655552.0,65.333336,5.306517,1.704,2.03638,0.0654,0.75376,0.04329,132622376.0,,3.0
BKU,False,0.0,"data_missing:current_ratio,data_missing:debt_to_equity,data_missing:free_cash_flow,munger_roe,munger_gross_margin",3414586880.0,13.122905,1.1428154,,,0.09191,0.0,0.32401,,0.0275,4.0
BKE,False,0.0,graham_pe_times_pb,2163244544.0,9.630734,4.632102,2.042,0.89539,0.48981997,0.58698004,0.20591,162151376.0,0.032400000000000005,4.0
BJRI,False,0.0,"data_missing:dividend_yield,graham_size,graham_current_ratio,graham_debt_to_equity,graham_pe,graham_pe_times_pb,munger_roe,munger_gross_margin",1367991552.0,32.70854,3.6780243,0.312,1.24192,0.119219996,0.15455,0.03454,76252000.0,,4.0
AZTA,False,0.0,"data_missing:trailing_pe,data_missing:dividend_yield,graham_size,graham_earnings_stability,munger_roe",1304426368.0,,0.8390157,2.827,0.03583,-0.06811,0.4433,-0.10556,101328000.0,,0.0
BGC,False,0.0,"data_missing:free_cash_flow,graham_current_ratio,graham_debt_to_equity,graham_pe,graham_pe_times_pb,munger_roe",5549871104.0,31.31081,5.043535,1.49,1.5730199999999999,0.14623,0.91710997,0.12069,,0.006999999999999999,4.0
BFS,False,0.0,"graham_size,graham_current_ratio,graham_debt_to_equity,graham_pe,graham_pe_times_pb,munger_roe",1218495616.0,33.273586,7.4237003,0.341,3.3758,0.10032,0.70647,0.40498,75996128.0,0.0659,4.0
BFH,False,0.0,"data_missing:current_ratio,data_missing:debt_to_equity,data_missing:free_cash_flow,munger_gross_margin",4185363712.0,8.45551,1.2865802,,,0.17518999,0.0,0.33986,,0.009000000000000001,4.0
BFAM,False,0.0,"data_missing:dividend_yield,graham_current_ratio,graham_debt_to_equity,graham_pe,graham_pe_times_pb,munger_gross_margin",3909728256.0,22.385542,3.4297843,0.463,1.63522,0.1532,0.25246,0.09119,279877504.0,,4.0
BCPC,False,0.0,"graham_pe,graham_pe_times_pb,munger_roe",5172903424.0,32.991802,4.0251007,2.55,0.14373,0.12678,0.36275002,0.20879,138136880.0,0.0059,4.0
BCC,False,0.0,"graham_pe,graham_pe_times_pb,munger_roe,munger_gross_margin,munger_fcf",2690607104.0,25.744106,1.3465534,2.766,0.2738,0.053260002,0.16290002,0.01852,-25176624.0,0.0113,4.0
BBT,False,0.0,"data_missing:current_ratio,data_missing:debt_to_equity,data_missing:free_cash_flow,graham_pe,munger_roe,munger_gross_margin",2513644544.0,27.768517,1.0060719,,,0.06269,0.0,0.44312,,0.042699999999999995,4.0
BANR,False,0.0,"data_missing:current_ratio,data_missing:debt_to_equity,data_missing:free_cash_flow,munger_roe,munger_gross_margin",2339860736.0,11.590909,1.1859443,,,0.10782,0.0,0.37702,,0.0287,4.0
BANF,False,0.0,"data_missing:current_ratio,data_missing:debt_to_equity,data_missing:free_cash_flow,graham_pe_times_pb,munger_roe,munger_gross_margin",3859747584.0,15.742465,2.0287757,,,0.13847,0.0,0.48905998,,0.017,4.0
BANC,False,0.0,"data_missing:current_ratio,data_missing:debt_to_equity,data_missing:free_cash_flow,graham_earnings_stability,munger_roe,munger_gross_margin",3296840960.0,16.446154,1.0791984,,,0.06992,0.0,0.39281,,0.0225,2.0
AZZ,False,0.0,"graham_earnings_stability,graham_pe,graham_pe_times_pb,munger_gross_margin",4593071104.0,23.29878,3.3340604,1.923,0.39448,0.15314999,0.23807,0.17175,104912376.0,0.0064,3.0
BHE,False,0.0,"graham_pe,graham_pe_times_pb,munger_roe,munger_gross_margin",3008289536.0,89.202126,2.7436929,2.182,0.29235,0.0311,0.10208999,0.03783,114581376.0,0.008100000000000001,4.0
FBP,False,0.0,"data_missing:current_ratio,data_missing:debt_to_equity,data_missing:free_cash_flow,munger_gross_margin",4404656640.0,12.822223,2.2530262,,,0.19494,0.0,0.49097002,,0.0277,4.0
FBNC,False,0.0,"data_missing:current_ratio,data_missing:debt_to_equity,data_missing:free_cash_flow,graham_pe,graham_pe_times_pb,munger_roe,munger_gross_margin",2617822464.0,21.593857,1.5554627,,,0.07602,0.0,0.50532,,0.0154,4.0
FBK,False,0.0,"data_missing:current_ratio,data_missing:debt_to_equity,data_missing:free_cash_flow,munger_roe,munger_gross_margin",2907147776.0,15.388888,1.5012,,,0.1108,0.0,0.45531,,0.0143,4.0
FA,False,0.0,"data_missing:dividend_yield,graham_debt_to_equity,graham_earnings_stability,graham_pe,graham_pe_times_pb,munger_roe",3290080512.0,383.6,2.5604057,2.65,1.59746,0.00664,0.45536,0.08754,193202368.0,,0.0
EZPW,False,0.0,"data_missing:dividend_yield,graham_size,munger_roe",1855924992.0,16.302702,1.6586009,4.712,0.70077,0.14757,0.58591,0.15180999,1718000.0,,4.0
EYE,False,0.0,"data_missing:dividend_yield,graham_size,graham_current_ratio,graham_earnings_stability,graham_pe,graham_pe_times_pb,munger_roe",1601532032.0,35.070175,1.7833884,0.623,0.77074,0.053740002,0.58763003,0.08704001,124799872.0,,1.0
EXTR,False,0.0,"data_missing:dividend_yield,graham_current_ratio,graham_debt_to_equity,graham_earnings_stability,graham_pe,graham_pe_times_pb",3888032512.0,247.75,49.88255,0.913,2.98536,0.21601999,0.61319,0.05472,124755504.0,,0.0
EVTC,False,0.0,"graham_size,graham_debt_to_equity,graham_pe_times_pb",1791919616.0,13.98077,2.6814198,1.967,1.4853299999999998,0.20166,0.50285,0.17977,127328752.0,0.0068000000000000005,4.0
ETSY,False,0.0,"data_missing:debt_to_equity,data_missing:return_on_equity,data_missing:dividend_yield,graham_earnings_stability,graham_pe,graham_pe_times_pb",7678054400.0,31.000002,-6.753193,1.689,,,0.71554,0.18985,165655504.0,,3.0
ESI,False,0.0,"graham_pe,graham_pe_times_pb,munger_roe",9333176320.0,61.774193,3.4114187,2.683,0.78598,0.05639,0.40847,0.13964,23137500.0,0.0083,4.0
CRI,False,0.0,"graham_size,graham_debt_to_equity,munger_roe",1379668352.0,15.036144,1.4860091,2.795,1.2885,0.10204001,0.44662997,0.04176,95228248.0,0.026099999999999998,4.0
EPRT,False,0.0,"graham_pe,graham_pe_times_pb,munger_roe",6959881216.0,25.275589,1.5814365,3.186,0.6536,0.064780004,0.98414004,0.62468,346526368.0,0.0392,4.0
EPC,False,0.0,"data_missing:trailing_pe,graham_size,munger_roe",1229910656.0,,0.84924275,1.808,0.88357,-0.00709,0.41019002,0.09336001,235175008.0,0.0217,4.0
EPAM,False,0.0,"data_missing:dividend_yield,munger_roe,munger_gross_margin",4500337152.0,12.376436,1.3244971,2.666,0.08391,0.10932,0.29055,0.09511,692900224.0,,4.0
EPAC,False,0.0,"graham_size,graham_pe_times_pb",1769992448.0,19.511364,4.342987,2.67,0.43579999999999997,0.21645,0.50092,0.2469,102963752.0,0.0012,4.0
ENVA,False,0.0,"data_missing:free_cash_flow,data_missing:dividend_yield,graham_debt_to_equity,graham_pe_times_pb",5419930624.0,17.736156,3.8719313,22.714,3.47005,0.25134,0.82821,0.26604998,,,4.0
ENR,False,0.0,"graham_size,graham_debt_to_equity,graham_earnings_stability,graham_pe_times_pb",1413977472.0,7.564102,8.165282,2.048,19.66859,1.2706,0.42986,0.18576,215887504.0,0.058499999999999996,3.0
ENPH,False,0.0,"data_missing:dividend_yield,graham_pe,graham_pe_times_pb,munger_roe,munger_gross_margin",5125633024.0,38.50495,4.649133,3.799,0.5552900000000001,0.14113,0.27179,-0.09125,91614248.0,,4.0
ENOV,False,0.0,"data_missing:trailing_pe,data_missing:dividend_yield,graham_size,graham_earnings_stability,munger_roe",1500081408.0,,1.0155092,2.037,0.9533799999999999,-0.55347,0.61000997,0.036429998,206902368.0,,0.0
EMN,False,0.0,"graham_current_ratio,munger_roe,munger_gross_margin",7766648832.0,19.630056,1.2919178,1.465,0.89616,0.06633,0.19829,0.09784,434000000.0,0.0484,4.0
EIG,False,0.0,"graham_size,graham_current_ratio,graham_pe,graham_pe_times_pb,munger_roe,munger_gross_margin",902842112.0,107.58696,1.0621312,1.181,0.14864,0.00844,0.013309999,0.06696,21250000.0,0.0263,4.0
EGBN,False,0.0,"data_missing:trailing_pe,data_missing:current_ratio,data_missing:debt_to_equity,data_missing:free_cash_flow,graham_size,graham_earnings_stability,munger_roe,munger_gross_margin",841679040.0,,0.734883,,,-0.1046,0.0,0.35599,,0.0072,0.0
ESE,False,0.0,"graham_current_ratio,graham_pe,graham_pe_times_pb,munger_roe",8585895936.0,65.23819,5.41555,1.453,0.13414,0.09212,0.4188,0.15538,320489376.0,0.001,4.0
GIII,False,0.0,"graham_size,graham_earnings_stability,munger_roe",1454730880.0,12.140845,0.797502,3.177,0.16093,0.0719,0.43488,0.15903,128402376.0,0.011200000000000002,3.0
GFF,False,0.0,"graham_debt_to_equity,graham_earnings_stability,graham_pe,graham_pe_times_pb",4078002432.0,87.16667,43.413086,2.863,15.62026,0.289,0.41529,0.20253,57418624.0,0.0098,3.0
GEO,False,0.0,"data_missing:dividend_yield,graham_debt_to_equity,graham_pe_times_pb,munger_gross_margin,munger_fcf",4151520256.0,15.771573,2.6203928,1.754,1.10988,0.1925,0.25471002,0.12663001,-55650124.0,,4.0
GBX,False,0.0,"graham_size,graham_debt_to_equity,munger_roe,munger_gross_margin,munger_fcf",1594631424.0,15.248521,1.0136092,3.676,1.0874899999999998,0.06341,0.15123999,0.04493,-164687504.0,0.026600000000000002,4.0
FUN,False,0.0,"data_missing:trailing_pe,data_missing:dividend_yield,graham_size,graham_current_ratio,graham_debt_to_equity,graham_earnings_stability,munger_roe",1758929792.0,,6.2856097,0.684,10.75604,-1.23431,0.37351,-1.07783,84809624.0,,0.0
FULT,False,0.0,"data_missing:current_ratio,data_missing:debt_to_equity,data_missing:free_cash_flow,munger_roe,munger_gross_margin",4636900864.0,11.5523815,1.3098645,,,0.11605,0.0,0.40756,,0.0311,4.0
FUL,False,0.0,"graham_debt_to_equity,munger_roe",2964762112.0,16.356083,1.4236273,1.796,1.06252,0.09388,0.32394,0.13299,219408128.0,0.0174,4.0
FTRE,False,0.0,"data_missing:trailing_pe,data_missing:dividend_yield,graham_size,graham_current_ratio,graham_debt_to_equity,graham_earnings_stability,munger_roe,munger_gross_margin",1844402176.0,,3.5078251,0.949,2.12702,-0.64548,0.18862,0.00518,285612512.0,,0.0
FTDR,False,0.0,"data_missing:dividend_yield,graham_current_ratio,graham_debt_to_equity,graham_pe,graham_pe_times_pb",4950859264.0,20.14,21.616068,1.466,5.2130399999999995,1.21028,0.55241,0.14634,328124992.0,,4.0
FSS,False,0.0,"graham_pe,graham_pe_times_pb,munger_gross_margin",7186065920.0,26.772728,5.009355,2.845,0.40627,0.20532,0.29023,0.16017,142450000.0,0.0051,4.0
FRPT,False,0.0,"data_missing:dividend_yield,graham_earnings_stability,graham_pe_times_pb",2784430592.0,14.871391,2.2062144,6.181,0.39145,0.17334,0.41050997,0.0149300005,14224375.0,,2.0
FBRT,False,0.0,"data_missing:free_cash_flow,graham_size,graham_current_ratio,graham_debt_to_equity,munger_roe",585688512.0,14.921569,0.5187457,1.316,2.92687,0.04592,0.99711996,0.04453,,0.1412,4.0
FORM,False,0.0,"data_missing:dividend_yield,graham_pe,graham_pe_times_pb,munger_roe,munger_fcf",8789400576.0,129.5977,8.301429,4.548,0.03012,0.06751,0.42200002,0.17673999,-566875.0,,4.0
FMC,False,0.0,"data_missing:trailing_pe,graham_size,graham_current_ratio,graham_debt_to_equity,graham_earnings_stability,munger_roe",1463899648.0,,0.80222344,1.286,2.51722,-0.78367996,0.32091,-0.00527,22887500.0,0.027200000000000002,0.0
FLO,False,0.0,"graham_size,graham_current_ratio,graham_debt_to_equity,graham_pe,munger_roe",1642947584.0,22.142857,1.2415892,0.771,1.1100700000000001,0.053629998,0.48716,0.0828,239973744.0,0.0605,4.0
FIZZ,False,0.0,"data_missing:dividend_yield,graham_pe_times_pb",2857977600.0,15.57653,4.4608417,4.386,0.09271000000000001,0.34018,0.37039003,0.16876,106155752.0,,4.0
FIBK,False,0.0,"data_missing:current_ratio,data_missing:debt_to_equity,data_missing:free_cash_flow,munger_roe,munger_gross_margin",3701143552.0,12.45098,1.1054692,,,0.092889994,0.0,0.35091,,0.049,4.0
FHB,False,0.0,"data_missing:current_ratio,data_missing:debt_to_equity,data_missing:free_cash_flow,munger_roe,munger_gross_margin",3486024448.0,12.565789,1.2592299,,,0.10516,0.0,0.42123002,,0.0361,4.0
FG,False,0.0,"graham_current_ratio,graham_earnings_stability,munger_roe",3857963008.0,7.544042,0.8432026,0.968,0.47526,0.117180005,0.34724998,0.30666,1155000064.0,0.0335,2.0
FFBC,False,0.0,"data_missing:current_ratio,data_missing:debt_to_equity,data_missing:free_cash_flow,munger_roe,munger_gross_margin",3545563648.0,11.93993,1.1685976,,,0.10286,0.0,0.39699,,0.0298,4.0
FELE,False,0.0,"graham_pe,graham_pe_times_pb,munger_roe",4664760320.0,31.801207,3.4800093,2.674,0.21606999999999998,0.11491,0.35241002,0.10183,89353248.0,0.010700000000000001,4.0
FCPT,False,0.0,"graham_current_ratio,graham_pe,graham_pe_times_pb,munger_roe",2837016832.0,23.288288,2.4939702,0.591,0.9804600000000001,0.07534,0.85561997,0.62556,148332000.0,0.0557,4.0
FCF,False,0.0,"data_missing:current_ratio,data_missing:debt_to_equity,data_missing:free_cash_flow,munger_roe,munger_gross_margin",2110969344.0,13.657895,1.3542075,,,0.104779996,0.0,0.41845,,0.0269,4.0
FOXF,False,0.0,"data_missing:trailing_pe,data_missing:dividend_yield,graham_size,graham_debt_to_equity,graham_earnings_stability,munger_roe,munger_gross_margin",765334400.0,,1.1617545,2.987,1.19564,-0.37539002,0.29708,0.016139999,47469376.0,,0.0
CZR,False,0.0,"data_missing:trailing_pe,data_missing:dividend_yield,graham_current_ratio,graham_debt_to_equity,graham_earnings_stability,munger_roe",6090437632.0,,1.7856076,0.85,7.22658,-0.107159995,0.49939,0.17561,752625024.0,,0.0
CXW,False,0.0,"data_missing:dividend_yield,graham_debt_to_equity,graham_pe,graham_pe_times_pb,munger_roe,munger_gross_margin,munger_fcf",3129819904.0,25.731707,2.242613,2.438,1.01989,0.09008,0.23607,0.11387,-31822376.0,,4.0
CXM,False,0.0,"data_missing:dividend_yield,graham_size,graham_current_ratio,graham_earnings_stability,graham_pe,graham_pe_times_pb,munger_roe",1288258176.0,45.833336,2.6340995,1.434,0.08972,0.05079,0.66342,0.04536,130164128.0,,3.0
CWT,False,0.0,"graham_current_ratio,graham_debt_to_equity,graham_pe,graham_pe_times_pb,munger_roe,munger_fcf",3050122240.0,25.48,1.8150088,0.688,1.01173,0.0716,0.53180003,0.10351,-281359008.0,0.024900000000000002,4.0
CWST,False,0.0,"data_missing:dividend_yield,graham_current_ratio,graham_pe,graham_pe_times_pb,munger_roe",5726802944.0,818.4545,3.6515918,1.384,0.79202,0.00459,0.33668998,0.02688,112003376.0,,4.0
CWK,False,0.0,"data_missing:dividend_yield,graham_current_ratio,graham_debt_to_equity,graham_earnings_stability,graham_pe,graham_pe_times_pb,munger_roe,munger_gross_margin",2921727488.0,38.96875,1.4964598,1.133,1.59779,0.03952,0.18183,0.02311,397175008.0,,2.0
CWEN-A,False,0.0,data_missing:fetch_failed,,,,,,,,,,,
CWEN,False,0.0,"graham_current_ratio,graham_debt_to_equity,graham_pe,graham_pe_times_pb,munger_roe",8060048384.0,335.69998,2.3021533,1.107,1.7893299999999999,-0.03549,0.63502,0.07627,423249984.0,0.0542,4.0
CVSA,False,0.0,"data_missing:dividend_yield,graham_current_ratio,graham_pe_times_pb",3917976064.0,16.75837,2.8715017,0.696,0.53976,0.17854,0.57282,0.18932,274833632.0,,4.0
CVI,False,0.0,"data_missing:trailing_pe,graham_current_ratio,graham_debt_to_equity,munger_roe,munger_gross_margin,munger_fcf",3412008448.0,,6.341554,1.438,2.4503399999999997,0.046479996,0.09859,-0.07323,-102250000.0,0.0029,4.0
EFOR,False,0.0,"data_missing:dividend_yield,graham_size,munger_roe,munger_gross_margin",805240000.0,8.7288885,0.45334935,2.101,0.85619,0.054770004,0.28648,0.04183,270100000.0,,4.0
CVBF,False,0.0,"data_missing:current_ratio,data_missing:debt_to_equity,data_missing:free_cash_flow,munger_roe,munger_gross_margin",3945538304.0,14.61438,1.3080614,,,0.09196,0.0,0.54624003,,0.036000000000000004,4.0
CURB,False,0.0,"graham_pe,graham_pe_times_pb,munger_roe",3564816896.0,104.2,1.7416983,6.096,0.31411,0.01715,0.74872,0.13143,132775000.0,0.022099999999999998,4.0
CUBI,False,0.0,"data_missing:current_ratio,data_missing:debt_to_equity,data_missing:free_cash_flow,data_missing:dividend_yield,munger_roe,munger_gross_margin",2573750784.0,9.583123,1.1955752,,,0.1401,0.0,0.48702,,,4.0
CTS,False,0.0,"graham_size,graham_pe,graham_pe_times_pb,munger_roe",1741880064.0,26.034187,3.1281128,2.524,0.17034,0.12621,0.39018002,0.16066,68633128.0,0.0027,4.0
CSW,False,0.0,"graham_pe,graham_pe_times_pb,munger_roe",4730642944.0,43.391632,4.518273,2.596,0.88347,0.104399994,0.42038,0.19063,34645124.0,0.0043,4.0
CSR,False,0.0,"graham_size,graham_current_ratio,graham_debt_to_equity,graham_earnings_stability,graham_pe,graham_pe_times_pb,munger_roe",987179328.0,118.51064,1.3467118,0.332,1.2445300000000001,0.01435,0.58889,0.06587,103208872.0,0.055,1.0
CRVL,False,0.0,"data_missing:dividend_yield,graham_pe,graham_pe_times_pb,munger_gross_margin",3010044672.0,27.574764,7.620093,2.027,0.0713,0.30813,0.24294001,0.15979,92892872.0,,4.0
CRSR,False,0.0,"data_missing:dividend_yield,graham_size,graham_earnings_stability,graham_pe,graham_pe_times_pb,munger_roe",1077372672.0,111.99999,1.6633663,1.742,0.28428000000000003,0.013099999,0.30211002,0.03892,59662248.0,,0.0
CRK,False,0.0,"data_missing:dividend_yield,graham_current_ratio,graham_earnings_stability,munger_fcf",4029507072.0,6.2081447,1.4612845,0.407,0.98697,0.24239,0.55981,0.29558,-785633472.0,,1.0
AMSF,False,0.0,"data_missing:debt_to_equity,data_missing:free_cash_flow,graham_size,munger_gross_margin",565602048.0,12.444444,2.2921245,2.372,,0.18225001,0.27458,0.19858,,0.0526,4.0
CRGY,False,0.0,"data_missing:trailing_pe,graham_current_ratio,graham_debt_to_equity,graham_earnings_stability,munger_roe",3761565952.0,,0.8033007,0.572,1.11911,-0.056560002,0.57688,-0.31179002,628797760.0,0.042199999999999994,1.0
CVCO,False,0.0,"data_missing:dividend_yield,graham_pe,graham_pe_times_pb,munger_gross_margin",4332403200.0,23.440367,3.943067,2.459,0.03879,0.1758,0.22261,0.08631,138809504.0,,4.0
EFC,False,0.0,"data_missing:free_cash_flow,graham_size,graham_debt_to_equity,graham_earnings_stability,munger_roe",1692060672.0,8.197531,0.9741784,8.095,9.06074,0.12178001,1.0,0.59413,,0.11599999999999999,3.0
ECPG,False,0.0,"data_missing:dividend_yield,graham_size,graham_debt_to_equity,graham_earnings_stability,munger_fcf",1835942400.0,6.669003,1.7790289,18.241,3.9051,0.31964,1.0,0.38702,-229486752.0,,1.0
ECG,False,0.0,"data_missing:dividend_yield,graham_pe,graham_pe_times_pb,munger_gross_margin",7042210816.0,31.572084,10.251133,1.768,0.52783,0.38951,0.12443,0.07492,167110256.0,,4.0
EBC,False,0.0,"data_missing:current_ratio,data_missing:debt_to_equity,data_missing:free_cash_flow,munger_roe,munger_gross_margin",4862847488.0,12.497238,1.1723852,,,0.09433,0.0,0.45885,,0.0239,4.0
EAT,False,0.0,"data_missing:dividend_yield,graham_current_ratio,graham_debt_to_equity,graham_pe_times_pb,munger_gross_margin",7934241280.0,18.031189,19.54776,0.397,4.30542,1.39218,0.18594,0.11413,325787488.0,,4.0
DXPE,False,0.0,"data_missing:dividend_yield,graham_debt_to_equity,graham_pe,graham_pe_times_pb",2710483456.0,32.674767,5.292301,2.977,1.76107,0.18406999,0.31738,0.08295,48651500.0,,4.0
DXC,False,0.0,"data_missing:dividend_yield,graham_size,graham_current_ratio,graham_debt_to_equity,graham_earnings_stability,graham_pe,graham_pe_times_pb,munger_roe,munger_gross_margin",1502484096.0,92.700005,0.52160704,1.361,1.3234700000000001,0.00836,0.23972,-0.02173,809000000.0,,3.0
DV,False,0.0,"data_missing:dividend_yield,graham_size,graham_pe,graham_pe_times_pb,munger_roe",1592958336.0,31.454544,1.4969715,4.771,0.08836000000000001,0.051760003,0.82241,0.08647,131412624.0,,4.0
DRH,False,0.0,"graham_pe,graham_pe_times_pb,munger_roe,munger_gross_margin",2600821760.0,27.543478,1.7900537,2.838,0.82259,0.06908,0.28105,0.110860005,98259000.0,0.0279,4.0
DORM,False,0.0,"data_missing:dividend_yield,graham_pe,graham_pe_times_pb,munger_roe",3954987264.0,21.346775,2.7099245,3.292,0.37378999999999996,0.13569,0.40912,0.13520001,6215250.0,,4.0
DNOW,False,0.0,"data_missing:trailing_pe,data_missing:dividend_yield,graham_earnings_stability,munger_roe,munger_gross_margin,munger_fcf",2628662016.0,,1.2303485,2.422,0.34391,-0.0937,0.20828,-0.00338,-723374976.0,,0.0
DAN,False,0.0,"data_missing:trailing_pe,graham_earnings_stability,munger_roe,munger_gross_margin",2972289024.0,,1.538076,1.566,0.76216,-0.02795,0.08607,0.03426,578000000.0,0.0171,1.0
DLX,False,0.0,"graham_size,graham_current_ratio,graham_debt_to_equity",1170698368.0,11.314159,1.6777114,1.148,2.07577,0.15766,0.52928,0.13548,157252992.0,0.046,4.0
DIOD,False,0.0,"data_missing:dividend_yield,graham_pe,graham_pe_times_pb,munger_roe",4260914688.0,50.129726,2.2549114,3.167,0.05376,0.04607,0.31280002,0.049099997,145361872.0,,4.0
DGII,False,0.0,"data_missing:dividend_yield,graham_current_ratio,graham_pe,graham_pe_times_pb,munger_roe",2480804864.0,58.23009,3.7244582,1.111,0.23108,0.06803,0.64472,0.13058,128906872.0,,4.0
DFIN,False,0.0,"data_missing:dividend_yield,graham_size,graham_current_ratio,graham_pe,graham_pe_times_pb,munger_roe",1156933888.0,33.80292,3.1225138,1.407,0.6257,0.08762,0.63534,0.23698,120562496.0,,4.0
DFH,False,0.0,"data_missing:dividend_yield,graham_size,graham_debt_to_equity,munger_roe,munger_gross_margin,munger_fcf",1339163392.0,8.555555,0.95049375,8.274,1.1844299999999999,0.11477,0.20367001,0.02086,-45319000.0,,4.0
DEI,False,0.0,"data_missing:trailing_pe,graham_current_ratio,graham_debt_to_equity,graham_earnings_stability,munger_roe",2439107328.0,,1.0855558,0.389,1.62632,-0.01937,0.63189,0.19502,386428640.0,0.06309999999999999,2.0
DEA,False,0.0,"graham_size,graham_current_ratio,graham_debt_to_equity,graham_pe,graham_pe_times_pb,munger_roe",1207671168.0,114.045456,0.88889676,1.176,1.26694,0.00849,0.67241997,0.23152,149522128.0,0.0717,4.0
DCOM,False,0.0,"data_missing:current_ratio,data_missing:debt_to_equity,data_missing:free_cash_flow,graham_size,munger_roe,munger_gross_margin",1730572288.0,14.748119,1.2520745,,,0.08512,0.0,0.44149,,0.0253,4.0
DCH,False,0.0,"data_missing:trailing_pe,data_missing:dividend_yield,graham_size,graham_current_ratio,graham_debt_to_equity,graham_earnings_stability,munger_roe,munger_gross_margin",1326880128.0,,0.8835151,1.396,3.55274,-0.12077,0.116689995,0.04141,468600000.0,,0.0
DBD,False,0.0,"data_missing:dividend_yield,graham_current_ratio,graham_debt_to_equity,graham_earnings_stability,graham_pe,graham_pe_times_pb,munger_roe,munger_gross_margin",3011977728.0,29.993103,2.9549856,1.282,1.06568,0.109560005,0.2633,0.06358,324537504.0,,1.0
DAVE,False,0.0,"data_missing:dividend_yield,graham_debt_to_equity,graham_earnings_stability,graham_pe,graham_pe_times_pb",5194914304.0,26.208466,25.492264,3.857,1.3161500000000002,1.1158999,0.72103995,0.38275,85745624.0,,2.0
DMC,False,0.0,"graham_size,graham_earnings_stability,munger_roe,munger_gross_margin,munger_fcf",1348321024.0,19.544827,0.66916955,2.342,0.30988,0.03568,0.09276,0.03505,-47950000.0,0.0418,2.0
SITM,False,0.0,"data_missing:trailing_pe,data_missing:dividend_yield,graham_earnings_stability,munger_roe",17266661376.0,,13.128274,12.476,0.00255,-0.02619,0.55698,-0.04156,7855375.0,,0.0
SIRI,False,0.0,"graham_current_ratio,graham_earnings_stability,munger_roe",10054838272.0,12.65678,0.85553074,0.439,0.84878,0.07375,0.47209,0.21999,1000750016.0,0.0362,1.0
SIGI,False,0.0,"graham_current_ratio,munger_roe,munger_gross_margin",5854640640.0,13.377565,1.7282882,0.321,0.25128,0.13269,0.21721001,0.10113,1448131712.0,0.0174,4.0
SHC,False,0.0,"data_missing:dividend_yield,graham_debt_to_equity,graham_earnings_stability,graham_pe,graham_pe_times_pb",4987570688.0,42.658535,8.0119095,2.82,3.64722,0.22728,0.55264,0.31260002,144781376.0,,3.0
SGI,False,0.0,"graham_current_ratio,graham_debt_to_equity,graham_pe,graham_pe_times_pb",14483663872.0,27.539999,4.6004276,0.776,2.07096,0.17678,0.44618,0.105579995,637750016.0,0.0097,4.0
SFM,False,0.0,"data_missing:dividend_yield,graham_current_ratio,graham_debt_to_equity,graham_pe_times_pb",6911315456.0,14.105566,4.8450685,0.922,1.4369,0.37276,0.38972,0.09244,439800736.0,,4.0
SF,False,0.0,"data_missing:current_ratio,data_missing:return_on_equity,data_missing:free_cash_flow,graham_pe_times_pb",12060420096.0,14.232557,2.309233,,0.41528,,0.95543,0.20819001,,0.0163,4.0
SEIC,False,0.0,graham_pe_times_pb,11634004992.0,16.506826,4.7526164,4.521,0.02521,0.29627,0.78296,0.30455,404605888.0,0.0105,4.0
SCI,False,0.0,"graham_current_ratio,graham_debt_to_equity,graham_pe,graham_pe_times_pb,munger_gross_margin",10946618368.0,20.934036,6.917778,0.566,3.2574,0.33109,0.26206,0.2212,369448640.0,0.018600000000000002,4.0
SBRA,False,0.0,"graham_earnings_stability,graham_pe,graham_pe_times_pb,munger_roe",5555747840.0,34.968254,1.9942067,2.623,0.95857,0.05684,0.63743997,0.31405002,187085120.0,0.0546,3.0
AMRX,False,0.0,"data_missing:return_on_equity,data_missing:dividend_yield,graham_debt_to_equity,graham_earnings_stability,graham_pe,graham_pe_times_pb",5738384384.0,48.567566,-126.549286,2.469,67.50837,,0.39165002,0.19569,101485872.0,,1.0
SANM,False,0.0,"data_missing:dividend_yield,graham_pe,graham_pe_times_pb,munger_roe,munger_gross_margin,munger_fcf",11714321408.0,46.305088,4.837003,1.713,0.92652,0.109610006,0.085389994,0.05741,-80893624.0,,4.0
SAM,False,0.0,"data_missing:trailing_pe,data_missing:dividend_yield,graham_size,graham_current_ratio,munger_roe",1817249664.0,,2.6058712,0.93,0.0509,-0.07749,0.48702,0.04974,370609888.0,,4.0
SAIC,False,0.0,"graham_current_ratio,graham_debt_to_equity,graham_pe_times_pb,munger_gross_margin",4925249536.0,13.104611,3.5203822,1.156,1.8798300000000001,0.27664,0.12605,0.08762,418124992.0,0.0128,4.0
SAIA,False,0.0,"data_missing:dividend_yield,graham_pe,graham_pe_times_pb,munger_roe,munger_gross_margin",11347049472.0,44.852783,4.320456,1.52,0.09971000000000001,0.10231,0.23625,0.08286,34613376.0,,4.0
RYN,False,0.0,"graham_pe,graham_pe_times_pb,munger_roe,munger_gross_margin",6444785664.0,46.326084,1.2062719,2.529,0.38949,0.01826,0.28593,0.09358,346827136.0,0.0483,4.0
RYAN,False,0.0,"graham_current_ratio,graham_debt_to_equity,graham_pe,graham_pe_times_pb",10553801728.0,48.756096,8.098036,1.023,3.0701400000000003,0.22768,0.41774,0.17371,594974528.0,0.0132,4.0
RS,False,0.0,"graham_pe,graham_pe_times_pb,munger_roe,munger_gross_margin",20183052288.0,22.95993,2.8335638,4.297,0.26921,0.12229,0.28285,0.09538,336837504.0,0.0129,4.0
RRX,False,0.0,"graham_earnings_stability,graham_pe,graham_pe_times_pb,munger_roe",14247885824.0,49.774418,2.094514,2.174,0.7134199999999999,0.04343,0.37568,0.112770006,787225024.0,0.006500000000000001,2.0
RRC,False,0.0,graham_current_ratio,9083122688.0,10.737569,1.9288408,0.649,0.21589,0.19475001,0.52119,0.36101002,454483360.0,0.0103,4.0
RPM,False,0.0,"graham_pe,graham_pe_times_pb",13418488832.0,20.26499,4.2575583,1.678,0.86771,0.21371001,0.41435,0.14529,507810368.0,0.020099999999999996,4.0
ROKU,False,0.0,"data_missing:dividend_yield,graham_earnings_stability,graham_pe,graham_pe_times_pb,munger_roe",21015633920.0,105.72388,7.8275037,2.91,0.18761,0.07755,0.44192,0.04282,679980608.0,,1.0
SARO,False,0.0,"data_missing:dividend_yield,graham_earnings_stability,graham_pe,graham_pe_times_pb,munger_roe,munger_gross_margin",9395657728.0,32.113636,3.4910438,2.123,0.91396,0.114829995,0.14696999,0.08796,92164872.0,,2.0
THO,False,0.0,"munger_roe,munger_gross_margin",3903782144.0,15.180161,0.90483487,1.707,0.21316,0.06091,0.13216,0.03452,148253872.0,0.0268,4.0
THG,False,0.0,"graham_current_ratio,munger_gross_margin",7491721216.0,10.803734,2.1230628,0.354,0.23632999999999998,0.21747999,0.24751,0.1457,1002700032.0,0.0179,4.0
THC,False,0.0,"data_missing:dividend_yield,graham_current_ratio,graham_debt_to_equity,graham_pe_times_pb",17142985728.0,10.354839,3.5605412,1.358,1.49254,0.30291998,0.41263,0.17940001,3061374976.0,,4.0
TEX,False,0.0,"graham_pe,graham_pe_times_pb,munger_roe,munger_gross_margin",7826119168.0,33.42439,1.6128044,1.839,0.5700999999999999,0.0321,0.17044,-0.03864,162875008.0,0.0101,4.0
TCBI,False,0.0,"data_missing:current_ratio,data_missing:debt_to_equity,data_missing:free_cash_flow,munger_roe,munger_gross_margin",4309011456.0,13.279946,1.3033141,,,0.10188,0.0,0.36721,,0.0078000000000000005,4.0
SYNA,False,0.0,"data_missing:trailing_pe,data_missing:dividend_yield,graham_earnings_stability,munger_roe",4593770496.0,,3.3527198,3.044,0.64724,-0.03504,0.43609002,-0.043169998,145724992.0,,0.0
SWX,False,0.0,"graham_current_ratio,graham_earnings_stability,graham_pe,graham_pe_times_pb,munger_roe,munger_fcf",6731587072.0,28.184849,1.6411406,1.449,0.8554900000000001,0.06079,0.51233,0.37862998,-294657376.0,0.0278,3.0
STWD,False,0.0,"data_missing:free_cash_flow,graham_debt_to_equity,munger_roe",6211091968.0,17.189474,0.90828186,12.856,3.1595299999999997,0.053000003,0.88101,0.17406,,0.1165,4.0
STRL,False,0.0,"data_missing:dividend_yield,graham_current_ratio,graham_pe,graham_pe_times_pb,munger_gross_margin",22012262400.0,63.934048,18.501497,1.102,0.28628,0.36683,0.23287001,0.17163,346893376.0,,4.0
STAG,False,0.0,"graham_pe,graham_pe_times_pb,munger_roe",7905778688.0,31.39535,2.1596544,1.624,0.8814799999999999,0.06915,0.79687,0.37467,457313632.0,0.0375,4.0
ST,False,0.0,"graham_earnings_stability,graham_pe,graham_pe_times_pb,munger_roe,munger_gross_margin",6634609664.0,138.24242,2.3180892,2.751,0.99818,0.01701,0.29453,0.15447,413699008.0,0.0104,2.0
SLAB,False,0.0,"data_missing:trailing_pe,data_missing:debt_to_equity,data_missing:dividend_yield,graham_earnings_stability,munger_roe",7149139968.0,,6.505207,5.105,,-0.04646,0.59253,-0.080010004,15368750.0,,0.0
SSB,False,0.0,"data_missing:current_ratio,data_missing:debt_to_equity,data_missing:free_cash_flow,munger_roe,munger_gross_margin",9888888832.0,10.910561,1.0980252,,,0.10596,0.0,0.50286,,0.0235,4.0
SR,False,0.0,"graham_current_ratio,graham_debt_to_equity,munger_roe,munger_fcf",4877135360.0,16.700405,1.4265705,0.546,2.32755,0.09116,0.42815,0.30216,-925825024.0,0.04019999999999999,4.0
SPXC,False,0.0,"data_missing:dividend_yield,graham_pe,graham_pe_times_pb,munger_roe",11004252160.0,41.946568,4.8143687,2.105,0.29492,0.13849,0.40612,0.16636999,179162496.0,,4.0
SON,False,0.0,"graham_current_ratio,graham_debt_to_equity,munger_gross_margin",5568284672.0,9.217676,1.5616682,0.995,1.3095500000000002,0.18855,0.21035999,0.10035,596035008.0,0.0392,4.0
SOLS,False,0.0,"data_missing:free_cash_flow,graham_current_ratio,graham_debt_to_equity,graham_pe,graham_pe_times_pb,munger_roe",9670315008.0,51.593224,6.505664,1.429,1.6521700000000001,0.10743,0.31299,0.18246001,,0.0049,4.0
SNX,False,0.0,"graham_current_ratio,graham_pe_times_pb,munger_roe,munger_gross_margin",19826573312.0,17.774912,2.1979933,1.199,0.52735,0.13141,0.07047,0.02661,304888992.0,0.0076,4.0
SN,False,0.0,"data_missing:dividend_yield,graham_pe,graham_pe_times_pb",20637917184.0,29.401209,7.479229,2.377,0.31156,0.29367,0.48992002,0.116450004,215053504.0,,4.0
SMTC,False,0.0,"data_missing:trailing_pe,data_missing:dividend_yield,graham_earnings_stability,munger_roe",12918203392.0,,22.527615,2.37,0.9028400000000001,-0.05806,0.52394,0.09267,132511376.0,,0.0
SMG,False,0.0,"data_missing:debt_to_equity,data_missing:return_on_equity,graham_current_ratio,graham_earnings_stability,graham_pe_times_pb",3929026048.0,19.405172,-13.717246,1.271,,,0.32491,0.27681,411637504.0,0.0384,1.0
SLM,False,0.0,"data_missing:free_cash_flow,graham_current_ratio,graham_debt_to_equity",4560178688.0,6.7166667,2.0853815,1.301,2.53081,0.3093,1.0,0.70058995,,0.0206,4.0
SLGN,False,0.0,"graham_current_ratio,graham_debt_to_equity,graham_pe_times_pb,munger_roe,munger_gross_margin",4804201984.0,17.026217,2.0702217,1.258,2.0083,0.12874,0.17403999,0.08688,276635872.0,0.0184,4.0
SSD,False,0.0,"graham_pe,graham_pe_times_pb",7785839104.0,22.213614,3.781872,3.401,0.23399999999999999,0.18131,0.45549,0.19599001,339971488.0,0.0064,4.0
PFGC,False,0.0,"data_missing:dividend_yield,graham_debt_to_equity,graham_pe,graham_pe_times_pb,munger_roe,munger_gross_margin",17328580608.0,52.528572,3.6445632,1.516,1.66845,0.072519995,0.12508,0.00914,737350016.0,,4.0
PEN,False,0.0,"data_missing:dividend_yield,graham_earnings_stability,graham_pe,graham_pe_times_pb,munger_roe",12503459840.0,73.24884,8.482309,6.024,0.14668,0.12733,0.67385,0.102019995,141799872.0,,3.0
PEGA,False,0.0,"graham_current_ratio,graham_earnings_stability,graham_pe_times_pb",4276172544.0,14.778409,6.218025,1.059,0.10171,0.54693,0.75573,0.046040002,518536000.0,0.0046,3.0
PCTY,False,0.0,"data_missing:dividend_yield,graham_current_ratio,graham_pe,graham_pe_times_pb",6457413120.0,25.82441,5.655069,1.079,0.11396,0.21598,0.69417,0.31253,367594368.0,,4.0
PBF,False,0.0,"graham_current_ratio,graham_earnings_stability,munger_roe,munger_gross_margin,munger_fcf",7329208832.0,16.345646,1.3274906,1.314,0.63715,0.08178,0.01773,-0.013409999,-884350016.0,0.0171,0.0
PB,False,0.0,"data_missing:current_ratio,data_missing:debt_to_equity,data_missing:free_cash_flow,munger_roe,munger_gross_margin",8711038976.0,13.190562,0.8928856,,,0.06727,0.0,0.55615,,0.0326,4.0
PATH,False,0.0,"data_missing:dividend_yield,graham_earnings_stability,graham_pe_times_pb",5284826624.0,16.999998,2.7899344,2.307,0.04362,0.18181999,0.8305,0.07274,511553632.0,,1.0
PAG,False,0.0,"graham_current_ratio,graham_debt_to_equity,graham_pe_times_pb,munger_gross_margin",14171593728.0,15.573699,2.5021765,0.964,1.64246,0.16483,0.16379,0.03675,219787504.0,0.0265,4.0
P,False,0.0,"data_missing:dividend_yield,graham_debt_to_equity,graham_pe,graham_pe_times_pb",24993527808.0,113.92424,17.18236,1.617,1.27364,0.16846001,0.7023,-0.18452999,267954368.0,,4.0
OZK,False,0.0,"data_missing:current_ratio,data_missing:debt_to_equity,data_missing:free_cash_flow,munger_roe,munger_gross_margin",5471393280.0,8.149593,0.9201902,,,0.113290004,0.0,0.55609,,0.0365,4.0
ROIV,False,0.0,"data_missing:trailing_pe,data_missing:dividend_yield,graham_earnings_stability,munger_roe,munger_gross_margin,munger_fcf",25246390272.0,,5.5847254,18.373,0.0203,-0.07594,0.0,-146.75082,-1090485376.0,,0.0
OSK,False,0.0,"graham_pe_times_pb,munger_roe,munger_gross_margin",9475528704.0,16.923164,2.1268227,1.634,0.25677,0.13284001,0.16600999,0.036199998,531724992.0,0.015300000000000001,4.0
ORI,False,0.0,graham_current_ratio,10063652864.0,10.17734,1.6978264,0.227,0.26837,0.17277001,0.63490003,0.17975001,2146037504.0,0.030299999999999997,4.0
ORA,False,0.0,"graham_current_ratio,graham_debt_to_equity,graham_pe,graham_pe_times_pb,munger_roe,munger_gross_margin,munger_fcf",6381337088.0,50.16425,2.4820132,1.069,1.25509,0.04914,0.2751,0.21299,-178817120.0,0.0046,4.0
OPCH,False,0.0,"data_missing:dividend_yield,graham_pe_times_pb,munger_gross_margin",3310139648.0,16.46875,2.4494538,1.638,0.94012,0.15262,0.19178,0.05371,168691872.0,,4.0
ONTO,False,0.0,"data_missing:debt_to_equity,data_missing:dividend_yield,graham_pe,graham_pe_times_pb,munger_roe",14488808448.0,134.84721,6.795371,6.154,,0.052529998,0.54186,0.16753,197242256.0,,4.0
ONB,False,0.0,"data_missing:current_ratio,data_missing:debt_to_equity,data_missing:free_cash_flow,munger_roe,munger_gross_margin",9988040704.0,13.458763,1.2181581,,,0.1008,0.0,0.51259,,0.022000000000000002,4.0
OLN,False,0.0,"data_missing:trailing_pe,graham_current_ratio,graham_debt_to_equity,graham_earnings_stability,munger_roe,munger_gross_margin",2694545920.0,,1.5525054,1.358,1.90863,-0.09823,0.06363,-0.041500002,488400000.0,0.033,0.0
OLLI,False,0.0,"data_missing:dividend_yield,graham_pe_times_pb,munger_roe",3943972608.0,16.148514,2.0933738,2.32,0.37579999999999997,0.13781,0.40708,0.10556,135756496.0,,4.0
OLED,False,0.0,"graham_pe_times_pb,munger_roe",3712955648.0,17.688196,2.1789947,9.536,0.01298,0.12697,0.74166,0.30062,129271624.0,0.0245,4.0
OKTA,False,0.0,"data_missing:dividend_yield,graham_current_ratio,graham_earnings_stability,graham_pe,graham_pe_times_pb,munger_roe",23864651776.0,98.62319,3.4591436,1.43,0.05957,0.036679998,0.77436996,0.0732,977750016.0,,2.0
OHI,False,0.0,"graham_current_ratio,graham_pe,graham_pe_times_pb,munger_roe",15892261888.0,24.62319,2.9237652,0.563,0.81511,0.12630999,0.98853993,0.65470004,510725504.0,0.053,4.0
OVV,False,0.0,"graham_current_ratio,graham_pe,graham_pe_times_pb,munger_roe",17251731456.0,20.194078,1.5015655,0.565,0.67572,0.07126,0.5269,0.2922,875625024.0,0.019799999999999998,4.0
RNR,False,0.0,"data_missing:free_cash_flow,graham_current_ratio,graham_earnings_stability",13532153856.0,5.503902,1.1864375,1.352,0.12163,0.21475,0.45349,0.41674,,0.0051,3.0
RMBS,False,0.0,"data_missing:dividend_yield,graham_earnings_stability,graham_pe,graham_pe_times_pb",11158653952.0,49.1381,8.009159,9.819,0.0168,0.18018,0.80411005,0.34273997,249791120.0,,3.0
RLI,False,0.0,"data_missing:free_cash_flow,graham_current_ratio,graham_pe_times_pb",5622948352.0,14.256411,3.1299896,1.062,0.16949000000000003,0.25164,0.35513002,0.36861,,0.012199999999999999,4.0
RH,False,0.0,"data_missing:return_on_equity,data_missing:dividend_yield,graham_current_ratio,graham_debt_to_equity,graham_pe,graham_pe_times_pb",3143266560.0,32.06178,55.139442,1.127,70.60079999999999,,0.43541,0.00322,285438016.0,,4.0
RGLD,False,0.0,"graham_pe,graham_pe_times_pb,munger_roe,munger_fcf",16942768128.0,24.140265,2.2827477,3.521,0.07983,0.119820006,0.87133,0.63776,-409444384.0,0.009399999999999999,4.0
RGEN,False,0.0,"data_missing:dividend_yield,graham_earnings_stability,graham_pe,graham_pe_times_pb,munger_roe",7761705472.0,151.20879,3.6859448,9.202,0.32659,0.02513,0.53138,0.08901,68723376.0,,1.0
RGA,False,0.0,"graham_current_ratio,munger_roe,munger_gross_margin",15348423680.0,12.732609,1.1544697,1.123,0.45614,0.09905,0.13461,0.08315,4816500224.0,0.0158,4.0
REXR,False,0.0,"graham_pe,graham_pe_times_pb,munger_roe",8324493312.0,38.276596,0.9973942,1.583,0.37706,0.02698,0.76983,0.41499,213151504.0,0.047,4.0
RBC,False,0.0,"data_missing:dividend_yield,graham_pe,graham_pe_times_pb,munger_roe",18832846848.0,65.34687,5.5871944,2.178,0.29497,0.08998,0.45192,0.25521,254175008.0,,4.0
RBA,False,0.0,"graham_current_ratio,graham_pe,graham_pe_times_pb,munger_roe",20336508928.0,50.77209,3.6193635,1.138,0.7277800000000001,0.07576,0.4642,0.17973,681275008.0,0.011200000000000002,4.0
R,False,0.0,"graham_current_ratio,graham_debt_to_equity,graham_pe,graham_pe_times_pb,munger_gross_margin",10365710336.0,22.233194,3.6269243,0.678,3.05003,0.16925,0.20086999,0.07102,723875008.0,0.0146,4.0
PII,False,0.0,"data_missing:trailing_pe,graham_current_ratio,graham_debt_to_equity,graham_earnings_stability,munger_roe,munger_gross_margin",4127091712.0,,5.5012136,1.214,2.92094,-0.44851002,0.20899999,-0.00448,384487488.0,0.036699999999999997,0.0
PVH,False,0.0,"graham_pe,munger_roe",3587209728.0,23.575758,0.7323801,1.677,0.8633799999999999,0.033239998,0.57532,0.05822,465637504.0,0.0019,4.0
PSN,False,0.0,"data_missing:dividend_yield,graham_pe,graham_pe_times_pb,munger_roe,munger_gross_margin",6253964288.0,27.971292,2.360113,1.753,0.6121300000000001,0.1103,0.22773,0.063379996,277408256.0,,4.0
PRI,False,0.0,graham_pe_times_pb,9610287104.0,12.927013,3.8333707,3.6,0.73789,0.32338002,0.71549004,0.30308,1071836864.0,0.0143,4.0
PR,False,0.0,"graham_current_ratio,graham_pe,graham_pe_times_pb,munger_roe,munger_fcf",18411028480.0,24.011238,1.5792197,0.655,0.32695,0.068569995,0.73329,0.09172,-130821376.0,0.028999999999999998,4.0
PPC,False,0.0,"data_missing:dividend_yield,graham_current_ratio,munger_gross_margin,munger_fcf",6642780672.0,7.485255,1.7843676,1.48,0.8962,0.25812,0.11573,0.04165,-900115520.0,,4.0
POST,False,0.0,"data_missing:dividend_yield,graham_debt_to_equity,munger_roe,munger_gross_margin",4086284288.0,15.127518,1.2792464,1.854,2.38094,0.09616,0.2905,0.1189,316475008.0,,4.0
POR,False,0.0,"graham_current_ratio,graham_debt_to_equity,graham_pe,graham_pe_times_pb,munger_roe,munger_fcf",6063095296.0,23.388393,1.4716293,1.087,1.2953899999999998,0.06303,0.47434,0.12287,-302124992.0,0.04019999999999999,4.0
PNFP,False,0.0,"data_missing:current_ratio,data_missing:debt_to_equity,data_missing:free_cash_flow,munger_roe,munger_gross_margin",15081970688.0,13.747933,1.0860009,,,0.061680004,0.0,0.46889,,0.0152,4.0
PLNT,False,0.0,"data_missing:debt_to_equity,data_missing:return_on_equity,data_missing:dividend_yield,graham_pe_times_pb",4308181504.0,19.577618,-8.898917,2.071,,,0.58792996,0.32513002,161717376.0,,4.0
PK,False,0.0,"data_missing:trailing_pe,graham_current_ratio,graham_debt_to_equity,graham_earnings_stability,munger_roe",2937869312.0,,0.95086026,0.257,1.33366,-0.06431,0.30457002,0.11075,1040499968.0,0.0664,0.0
PINS,False,0.0,"data_missing:dividend_yield,graham_earnings_stability,graham_pe,graham_pe_times_pb,munger_roe",12261842944.0,45.604168,4.405313,4.226,0.42273000000000005,0.0887,0.79864,-0.03295,1080373120.0,,2.0
QLYS,False,0.0,"data_missing:dividend_yield,graham_current_ratio,graham_pe,graham_pe_times_pb",4709922816.0,23.967743,8.302707,1.43,0.09165,0.37724,0.83178,0.3502,237364256.0,,4.0
ADAM,False,0.0,"data_missing:free_cash_flow,graham_size,graham_current_ratio,graham_debt_to_equity,graham_earnings_stability,munger_roe",771906880.0,7.341881,0.84273523,0.817,7.65203,0.13015,0.75,0.44512,,0.10949999999999999,1.0
ACT,False,0.0,"graham_current_ratio,munger_roe",6417446912.0,9.950217,1.2069418,0.966,0.13939000000000001,0.12926,0.73453003,0.72339,590830016.0,0.019,4.0
ACMR,False,0.0,"data_missing:dividend_yield,graham_pe,graham_pe_times_pb,munger_roe,munger_fcf",6110660608.0,67.496185,3.7019048,3.513,0.16178,0.07602,0.44235,0.15642999,-142420128.0,,4.0
ACLS,False,0.0,"data_missing:dividend_yield,graham_pe,graham_pe_times_pb,munger_roe",4349153280.0,43.947205,4.1631603,4.589,0.06749,0.097370006,0.43605998,0.03996,49110624.0,,4.0
ACIW,False,0.0,"data_missing:dividend_yield,graham_pe,graham_pe_times_pb,munger_roe",5543605248.0,27.540403,3.6834638,1.532,0.56975,0.13817,0.49036998,0.14772001,261643248.0,,4.0
ACHC,False,0.0,"data_missing:trailing_pe,data_missing:dividend_yield,graham_debt_to_equity,graham_earnings_stability,munger_roe,munger_fcf",3127798272.0,,1.5762883,1.711,1.24183,-0.41050997,0.41809,0.10115,-216916256.0,,0.0
ACAD,False,0.0,"data_missing:dividend_yield,graham_earnings_stability,graham_pe_times_pb",4251786752.0,11.235294,3.403701,3.587,0.0407,0.37317002,0.61579,-0.01722,154138624.0,,2.0
ACA,False,0.0,"graham_pe,graham_pe_times_pb,munger_roe,munger_gross_margin",7125889024.0,32.46309,2.7023351,2.315,0.59551,0.08619001,0.22707,0.085710004,55275000.0,0.0014000000000000002,4.0
ABR,False,0.0,"data_missing:free_cash_flow,graham_size,graham_debt_to_equity,munger_roe",1046827776.0,12.55,0.43182796,2.428,3.83271,0.041079998,0.81728,0.18754,,0.21230000000000002,4.0
ABM,False,0.0,"graham_current_ratio,graham_debt_to_equity,munger_roe,munger_gross_margin",2773220864.0,18.207693,1.5861422,1.462,1.12697,0.08866999,0.12921,0.039300002,284024992.0,0.024700000000000003,4.0
TKR,False,0.0,"graham_pe,graham_pe_times_pb,munger_roe",9791081472.0,31.947847,3.0521436,2.879,0.6541800000000001,0.10277,0.306,0.14034,338537504.0,0.0102,4.0
ABCB,False,0.0,"data_missing:current_ratio,data_missing:debt_to_equity,data_missing:free_cash_flow,munger_roe,munger_gross_margin",5999799808.0,14.018868,1.4654351,,,0.109969996,0.0,0.4938,,0.0089,4.0
AAT,False,0.0,"graham_size,graham_current_ratio,graham_debt_to_equity,graham_pe,graham_pe_times_pb,munger_roe",1880356736.0,80.799995,1.3092794,0.698,1.5905500000000001,0.02157,0.61963004,0.23577,87208624.0,0.055999999999999994,4.0
AAP,False,0.0,"graham_debt_to_equity,graham_earnings_stability,graham_pe,graham_pe_times_pb,munger_roe,munger_fcf",3222786304.0,47.696426,1.4483637,1.778,2.5531,0.030840002,0.44509,0.03787,-228000000.0,0.018000000000000002,1.0
AAMI,False,0.0,"graham_debt_to_equity,graham_pe,graham_pe_times_pb",2858513920.0,34.140427,36.88736,2.497,3.46579,1.11725,0.41208,0.2509,120800000.0,0.0049,4.0
ZION,False,0.0,"data_missing:current_ratio,data_missing:debt_to_equity,data_missing:free_cash_flow,munger_roe,munger_gross_margin",10093142016.0,8.810192,1.4354206,,,0.14123,0.0,0.36098,,0.025,4.0
YETI,False,0.0,"data_missing:dividend_yield,graham_pe,graham_pe_times_pb",3796249344.0,25.566326,5.779034,2.102,0.34039,0.22275999,0.5697,0.0327,137904992.0,,4.0
XRAY,False,0.0,"data_missing:trailing_pe,graham_debt_to_equity,graham_earnings_stability,munger_roe",2548155648.0,,1.8962433,1.529,1.77786,-0.37669,0.48926997,0.034089997,129625000.0,0.0504,0.0
XPO,False,0.0,"data_missing:dividend_yield,graham_current_ratio,graham_debt_to_equity,graham_pe,graham_pe_times_pb,munger_gross_margin",25144522752.0,73.5945,13.583661,0.991,2.2107,0.19937,0.18556,0.087790005,323750016.0,,4.0
WWD,False,0.0,"graham_pe,graham_pe_times_pb,munger_gross_margin",24544563200.0,49.452583,9.720611,1.732,0.46155,0.21131,0.28545,0.15406999,190543120.0,0.0032,4.0
WTS,False,0.0,"graham_pe,graham_pe_times_pb",11475447808.0,31.442818,5.4748063,2.718,0.14549,0.18943001,0.49245,0.19666,184412496.0,0.0064,4.0
WTRG,False,0.0,"graham_current_ratio,graham_debt_to_equity,graham_pe,graham_pe_times_pb,munger_roe,munger_fcf",11229030400.0,20.198978,1.6274099,0.951,1.22667,0.08342,0.55524,0.36077,-649184640.0,0.0348,4.0
ABG,False,0.0,"data_missing:dividend_yield,graham_current_ratio,graham_debt_to_equity,munger_roe,munger_gross_margin",4135980288.0,7.84947,1.0517744,0.944,1.38074,0.14498,0.17115,0.047140002,493937504.0,,4.0
GKOS,False,0.0,"data_missing:trailing_pe,data_missing:dividend_yield,graham_earnings_stability,munger_roe",8935190528.0,,13.232148,5.433,0.15778999999999999,-0.26389,0.78083,-0.13187,6086500.0,,0.0
AMR,False,0.0,"data_missing:trailing_pe,data_missing:dividend_yield,graham_size,graham_earnings_stability,munger_roe,munger_gross_margin",1820861440.0,,1.2039412,3.667,0.00805,-0.02476,0.10743,-0.031159999,60398752.0,,0.0
AMPH,False,0.0,"data_missing:dividend_yield,graham_size,munger_roe",832033408.0,11.367471,1.0891147,3.853,0.88749,0.10393,0.47344002,0.079629995,103104496.0,,4.0
AMN,False,0.0,"data_missing:trailing_pe,data_missing:dividend_yield,graham_size,graham_current_ratio,graham_debt_to_equity,graham_earnings_stability,munger_roe,munger_gross_margin",1282654720.0,,1.7934812,1.088,1.08994,-0.045440003,0.27631,0.08501001,671518528.0,,0.0
ALRM,False,0.0,"data_missing:dividend_yield,graham_pe,graham_pe_times_pb,munger_roe",2497759488.0,20.954355,2.900632,5.159,0.6270600000000001,0.14837,0.65826,0.12246,89477752.0,,4.0
ALKS,False,0.0,"data_missing:dividend_yield,graham_earnings_stability,graham_pe,graham_pe_times_pb,munger_roe",8828817408.0,58.85556,5.034214,2.266,0.90302,0.0936,0.87447,-0.0019200001,140551632.0,,3.0
ALHC,False,0.0,"data_missing:dividend_yield,graham_debt_to_equity,graham_earnings_stability,graham_pe,graham_pe_times_pb,munger_roe,munger_gross_margin",4134676480.0,200.0,19.980019,1.58,1.59492,0.12531,0.1238,0.01293,234584992.0,,0.0
ALGT,False,0.0,"data_missing:trailing_pe,data_missing:dividend_yield,graham_current_ratio,graham_debt_to_equity,graham_earnings_stability,munger_roe,munger_gross_margin,munger_fcf",2539386368.0,,1.5753495,0.906,1.6913,-0.03108,0.23235,0.14866,-27643624.0,,0.0
ALG,False,0.0,"graham_pe_times_pb,munger_roe,munger_gross_margin",2008263296.0,19.71804,1.6912261,4.317,0.26239,0.09075,0.24528,0.10106,57927876.0,0.008100000000000001,4.0
AKR,False,0.0,"graham_current_ratio,graham_earnings_stability,graham_pe,graham_pe_times_pb,munger_roe",3187647488.0,70.935486,1.2893579,0.947,0.62564,0.04077,0.69396,0.16689,154237744.0,0.0359,3.0
AIR,False,0.0,"data_missing:dividend_yield,graham_pe,graham_pe_times_pb,munger_roe,munger_gross_margin,munger_fcf",5164878336.0,28.392544,3.0904922,2.841,0.58399,0.12876001,0.18802999,0.09418,-2812500.0,,4.0
ADEA,False,0.0,"graham_earnings_stability,graham_pe,graham_pe_times_pb",2968004864.0,24.688072,6.358696,3.445,0.8581,0.28511,1.0,0.38946,171500496.0,0.0073,3.0
AHCO,False,0.0,"data_missing:trailing_pe,data_missing:dividend_yield,graham_size,graham_current_ratio,graham_debt_to_equity,graham_earnings_stability,munger_roe,munger_gross_margin",1424486912.0,,0.9245033,0.925,1.3210499999999998,-0.048460003,0.20396,0.0067000003,267899632.0,,0.0
AGYS,False,0.0,"data_missing:dividend_yield,graham_current_ratio,graham_pe,graham_pe_times_pb,munger_roe",2679128320.0,69.350365,8.167283,1.472,0.058280000000000005,0.1309,0.62611,0.14972,49008124.0,,4.0
AGX,False,0.0,"graham_pe,graham_pe_times_pb,munger_gross_margin",8443792384.0,53.06608,17.833773,1.53,0.02023,0.38521,0.20743999,0.15602,416462240.0,0.0033,4.0
AGO,False,0.0,"graham_current_ratio,munger_roe",3728140800.0,9.643758,0.6770624,0.985,0.30643,0.07896,0.93242997,0.24354,184750000.0,0.018000000000000002,4.0
AGNT,False,0.0,"data_missing:trailing_pe,data_missing:debt_to_equity,graham_size,graham_earnings_stability,munger_roe,munger_gross_margin",635933568.0,,2.485549,1.556,,-0.07176,0.069,-0.00874,95056248.0,0.0467,0.0
AESI,False,0.0,"data_missing:trailing_pe,graham_size,graham_current_ratio,graham_earnings_stability,munger_roe,munger_gross_margin",1632515968.0,,1.3966659,1.174,0.5925,-0.07999,0.25472,-0.13427,70031376.0,0.0687,0.0
AEO,False,0.0,graham_debt_to_equity,2862152448.0,10.742138,1.7396618,1.545,1.1406399999999999,0.17569,0.38194,0.023610001,144004128.0,0.0281,4.0
ADUS,False,0.0,"data_missing:dividend_yield,graham_pe,graham_pe_times_pb,munger_roe",2088961664.0,20.649446,1.8333715,1.826,0.1243,0.09448,0.32454,0.0937,102889504.0,,4.0
ADT,False,0.0,"graham_current_ratio,graham_debt_to_equity",5000746496.0,8.973684,1.4306692,0.843,2.0443100000000003,0.16916999,0.80821997,0.25452998,987817280.0,0.0319,4.0
ADNT,False,0.0,"data_missing:dividend_yield,graham_size,graham_current_ratio,graham_debt_to_equity,graham_earnings_stability,graham_pe,munger_roe,munger_gross_margin",1576893184.0,30.938463,0.9205347,1.097,1.26533,0.06816,0.06641,0.03131,323249984.0,,0.0
ADMA,False,0.0,"data_missing:dividend_yield,graham_size,graham_debt_to_equity,graham_earnings_stability,graham_pe_times_pb",1939937664.0,12.308824,4.982143,6.951,1.10673,0.43300998,0.61275,-1.23389,58354124.0,,2.0
AIN,False,0.0,"data_missing:trailing_pe,graham_earnings_stability,munger_roe,munger_gross_margin",2117832320.0,,2.9035141,2.196,0.6483199999999999,-0.07175,0.20532,0.086899996,31521250.0,0.0151,0.0
VAL,False,0.0,"data_missing:dividend_yield,munger_gross_margin",5481277952.0,5.59364,1.7280527,1.549,0.36518,0.37233,0.28260002,0.0535,164075008.0,,4.0
UTHR,False,0.0,"data_missing:debt_to_equity,data_missing:dividend_yield,graham_pe_times_pb",26371717120.0,19.590456,3.7828438,4.794,,0.20261,0.86583,0.41689,566412480.0,,4.0
USFD,False,0.0,"data_missing:dividend_yield,graham_current_ratio,graham_debt_to_equity,graham_pe,graham_pe_times_pb,munger_gross_margin",21048786944.0,32.18182,4.861648,1.142,1.2289400000000001,0.1513,0.17395,0.02331,743500032.0,,4.0
UNM,False,0.0,"munger_roe,munger_gross_margin,munger_fcf",13812655104.0,18.712122,1.2758263,18.369,0.36928,0.07069,0.29533002,0.10604,-1817124992.0,0.023,4.0
UMBF,False,0.0,"data_missing:current_ratio,data_missing:debt_to_equity,data_missing:free_cash_flow,munger_roe,munger_gross_margin",10570160128.0,12.171478,1.4031689,,,0.12109,0.0,0.50973,,0.012199999999999999,4.0
ULS,False,0.0,"graham_current_ratio,graham_pe,graham_pe_times_pb",17455366144.0,50.348835,13.209273,1.165,0.40344,0.31983,0.49936,0.18074,420249984.0,0.0067,4.0
UGI,False,0.0,"graham_current_ratio,graham_debt_to_equity,graham_earnings_stability,munger_roe",7921847808.0,13.010564,1.4618611,1.002,1.29716,0.12269,0.50686,0.30391002,46875000.0,0.0407,2.0
UFPI,False,0.0,"munger_roe,munger_gross_margin",4867184128.0,18.77451,1.5804677,4.642,0.11703,0.0841,0.16615,0.042719997,157343872.0,0.0166,4.0
UBSI,False,0.0,"data_missing:current_ratio,data_missing:debt_to_equity,data_missing:free_cash_flow,munger_roe,munger_gross_margin",6526141440.0,13.266107,1.2025799,,,0.0934,0.0,0.52117,,0.032400000000000005,4.0
TXRH,False,0.0,"graham_current_ratio,graham_pe,graham_pe_times_pb,munger_gross_margin",12545154048.0,30.391718,8.282057,0.459,0.6853100000000001,0.28922,0.16424999,0.08961,190242128.0,0.015700000000000002,4.0
WTFC,False,0.0,"data_missing:current_ratio,data_missing:debt_to_equity,data_missing:free_cash_flow,munger_roe,munger_gross_margin",10641232896.0,13.213569,1.5462494,,,0.12208,0.0,0.46085998,,0.0132,4.0
TWLO,False,0.0,"data_missing:dividend_yield,graham_earnings_stability,graham_pe,graham_pe_times_pb,munger_roe",28087269376.0,280.39392,3.6162188,4.656,0.13722,0.01317,0.48719,0.07653,879865344.0,,1.0
TTMI,False,0.0,"data_missing:dividend_yield,graham_earnings_stability,graham_pe,graham_pe_times_pb,munger_roe,munger_gross_margin,munger_fcf",15042680832.0,78.72283,8.185003,1.885,0.5710000000000001,0.114029996,0.21004,0.08599,-55001000.0,,2.0
TTEK,False,0.0,"graham_current_ratio,graham_pe_times_pb,munger_gross_margin",7933669888.0,18.30539,4.2576604,1.255,0.59543,0.25645,0.21806,0.12525,546047744.0,0.009300000000000001,4.0
TTC,False,0.0,"graham_pe,graham_pe_times_pb",8721121280.0,26.391932,6.384996,1.556,0.83108,0.23889999,0.33567002,0.14445,670537472.0,0.016399999999999998,4.0
TRU,False,0.0,"graham_debt_to_equity,graham_earnings_stability,graham_pe,graham_pe_times_pb",14234424320.0,20.451525,2.9944031,1.929,1.15665,0.15254,0.58827996,0.19652,749750016.0,0.0066,2.0
TREX,False,0.0,"data_missing:dividend_yield,graham_current_ratio,graham_pe,graham_pe_times_pb",4403228160.0,23.544445,4.4219537,1.024,0.43705,0.20084,0.39167,0.24317,96988872.0,,4.0
TOST,False,0.0,"data_missing:dividend_yield,graham_earnings_stability,graham_pe,graham_pe_times_pb,munger_gross_margin",16471999488.0,42.388058,8.27747,2.436,0.008539999999999999,0.22495002,0.26357,0.06748,588124992.0,,2.0
TOL,False,0.0,munger_gross_margin,13698174976.0,11.144487,1.6191939,4.603,0.34450000000000003,0.15657,0.25203,0.15077,631238144.0,0.006999999999999999,4.0
TNL,False,0.0,"data_missing:debt_to_equity,data_missing:return_on_equity,graham_pe,graham_pe_times_pb",4501168640.0,20.45961,-4.486318,4.582,,,0.51417,0.20602,810000000.0,0.0317,4.0
TMHC,False,0.0,"data_missing:dividend_yield,munger_roe,munger_gross_margin",6665396224.0,10.797317,1.0971122,9.262,0.38645,0.111090004,0.22610001,0.11143,503800736.0,,4.0
TLN,False,0.0,"data_missing:trailing_pe,data_missing:dividend_yield,graham_current_ratio,graham_debt_to_equity,graham_earnings_stability,munger_roe",18127210496.0,,16.045607,1.247,6.35415,-0.01864,0.40142,0.17243999,1386875008.0,,0.0
TXNM,False,0.0,"graham_current_ratio,graham_debt_to_equity,graham_pe,graham_pe_times_pb,munger_roe,munger_fcf",6454233088.0,41.34752,1.8627388,0.55,1.6355199999999999,0.054050002,0.58281,0.15255,-634117504.0,0.028999999999999998,4.0
WSO,False,0.0,"graham_pe,graham_pe_times_pb,munger_gross_margin",14821602304.0,29.495903,4.94993,3.342,0.15124,0.18595,0.28012,0.06846,523716128.0,0.0365,4.0
WPC,False,0.0,"graham_current_ratio,graham_debt_to_equity,graham_pe,graham_pe_times_pb,munger_roe",16749979648.0,32.136753,2.00726,1.27,1.04704,0.0626,0.93744004,0.54768,664475264.0,0.049800000000000004,4.0
WMS,False,0.0,"graham_pe,graham_pe_times_pb",10758634496.0,25.819855,5.490365,2.416,0.98076,0.25098,0.3827,0.15496,336396736.0,0.005600000000000001,4.0
WMG,False,0.0,"graham_current_ratio,graham_debt_to_equity,graham_pe,graham_pe_times_pb",13874972672.0,31.666668,18.798588,0.728,5.08333,0.50965,0.45799,0.15589,426624992.0,0.0278,4.0
WLK,False,0.0,"data_missing:trailing_pe,graham_earnings_stability,munger_roe,munger_gross_margin,munger_fcf",9638689792.0,,1.1276156,2.17,0.70489,-0.15952,0.063140005,-0.05807,-22000000.0,0.0275,0.0
WING,False,0.0,"data_missing:debt_to_equity,data_missing:return_on_equity,graham_pe,graham_pe_times_pb",3672581888.0,33.298763,-4.5955153,2.243,,,0.49118,0.29035,87470872.0,0.0087,4.0
WHR,False,0.0,"graham_current_ratio,graham_debt_to_equity,graham_earnings_stability,munger_roe,munger_gross_margin,munger_fcf",2313537024.0,12.098305,0.6133883,0.878,1.88335,0.054840002,0.14457,0.01253,-333000000.0,0.099,1.0
WH,False,0.0,"graham_current_ratio,graham_debt_to_equity,graham_pe,graham_pe_times_pb",5500748288.0,29.158731,12.328859,0.983,5.92841,0.37622002,0.6125,0.37003,340000000.0,0.0222,4.0
WFRD,False,0.0,"data_missing:free_cash_flow,graham_pe_times_pb",6140429824.0,13.395931,3.4402378,3.406,0.8272799999999999,0.22793,0.31038,0.10498,,0.0126,4.0
WEX,False,0.0,"data_missing:dividend_yield,graham_current_ratio,graham_debt_to_equity,graham_pe_times_pb",5944546816.0,19.331455,4.668899,1.045,3.98423,0.3019,0.73232,0.26941,1309900032.0,,4.0
WCC,False,0.0,"graham_debt_to_equity,graham_pe,graham_pe_times_pb,munger_roe,munger_gross_margin",16104759296.0,23.53452,3.197656,2.123,1.27711,0.13395001,0.21191,0.051149998,178950000.0,0.0060999999999999995,4.0
VC,False,0.0,"munger_roe,munger_gross_margin",2672338432.0,16.740803,1.7178303,1.729,0.26553,0.11649,0.13384,0.06604,237375008.0,0.014499999999999999,4.0
WAL,False,0.0,"data_missing:current_ratio,data_missing:debt_to_equity,data_missing:free_cash_flow,munger_roe,munger_gross_margin",9059109888.0,9.36456,1.2223041,,,0.13019,0.0,0.39363998,,0.020099999999999996,4.0
VVV,False,0.0,"data_missing:dividend_yield,graham_current_ratio,graham_debt_to_equity,graham_pe,graham_pe_times_pb",4885907456.0,51.08,13.8353195,0.733,5.7454,0.31805,0.38452,0.17924,47387500.0,,4.0
VOYA,False,0.0,munger_roe,8775591936.0,14.620847,1.9201698,5.02,0.73442,0.11893,0.56404996,0.14328,1456749952.0,0.0189,4.0
VNT,False,0.0,"graham_current_ratio,graham_debt_to_equity,graham_pe_times_pb",4262016000.0,10.696114,3.3885596,1.229,1.53149,0.34785,0.47152,0.17959,291412512.0,0.0033,4.0
VNOM,False,0.0,"data_missing:trailing_pe,graham_earnings_stability,munger_roe,munger_fcf",16251568128.0,,1.7151107,6.171,0.15466,-0.01836,1.0,0.55876,-1046625024.0,0.051,0.0
VNO,False,0.0,"graham_debt_to_equity,graham_earnings_stability,munger_roe",7986888704.0,10.684931,1.5170375,6.212,1.26133,0.12604,0.49202,0.13672,1209429120.0,0.0192,3.0
VMI,False,0.0,"graham_pe,graham_pe_times_pb",9485510656.0,27.159534,5.648555,2.354,0.50227,0.29777,0.30366,0.14849,151555248.0,0.0059,4.0
VLY,False,0.0,"data_missing:current_ratio,data_missing:debt_to_equity,data_missing:free_cash_flow,munger_roe,munger_gross_margin",8007199232.0,13.018018,1.0791636,,,0.08557,0.0,0.46418,,0.0304,4.0
VICR,False,0.0,"data_missing:free_cash_flow,data_missing:dividend_yield,graham_pe,graham_pe_times_pb",10546626560.0,73.923325,13.98151,13.249,0.00912,0.20131999,0.56628,0.2433,,,4.0
VIAV,False,0.0,"data_missing:trailing_pe,data_missing:dividend_yield,graham_debt_to_equity,graham_earnings_stability,munger_roe",10311459840.0,,11.550152,1.615,1.34259,-0.06995,0.6068,0.121929996,175037504.0,,1.0
VFC,False,0.0,"graham_current_ratio,graham_debt_to_equity,graham_earnings_stability,graham_pe,graham_pe_times_pb",6485496832.0,25.828127,1.7484663,1.443,2.6938799999999996,0.22092,0.50798,0.03757,781847872.0,0.021,1.0
WBS,False,0.0,"data_missing:current_ratio,data_missing:debt_to_equity,data_missing:free_cash_flow,munger_roe,munger_gross_margin",12227085312.0,12.370492,1.3163311,,,0.10682,0.0,0.49502,,0.0209,4.0
SEDG,False,0.0,"data_missing:trailing_pe,data_missing:dividend_yield,graham_earnings_stability,munger_roe,munger_gross_margin",2745333504.0,,6.684437,2.025,0.9844799999999999,-0.72501,0.183,-0.15279001,277839360.0,,0.0
SDGR,False,0.0,"data_missing:trailing_pe,data_missing:dividend_yield,graham_size,graham_earnings_stability,munger_roe,munger_fcf",1130524544.0,,3.597242,2.737,0.34128000000000003,-0.30124,0.55329,-0.83285004,-49420624.0,,0.0
SCSC,False,0.0,"data_missing:dividend_yield,graham_size,munger_roe,munger_gross_margin",1095085568.0,16.3769,1.2354964,1.862,0.12430999999999999,0.08113,0.13695,0.03093,107137000.0,,4.0
SCL,False,0.0,"data_missing:trailing_pe,graham_size,graham_current_ratio,munger_roe,munger_gross_margin",1308287488.0,,1.0965163,1.258,0.59771,-0.011879999,0.110640004,0.02622,44433124.0,0.0268,4.0
SCHL,False,0.0,"graham_size,graham_current_ratio,graham_earnings_stability,munger_roe",857012672.0,19.269709,1.1580758,1.184,0.36289,0.06916,0.56216997,-0.082650006,116300000.0,0.0172,0.0
SBSI,False,0.0,"data_missing:current_ratio,data_missing:debt_to_equity,data_missing:free_cash_flow,graham_size,munger_roe,munger_gross_margin",1014235840.0,14.444916,1.1864407,,,0.08492,0.0,0.4264,,0.0421,4.0
SBH,False,0.0,"data_missing:dividend_yield,graham_size,graham_debt_to_equity",1382468992.0,8.005525,1.6584638,2.336,1.80946,0.2392,0.51896,0.07918,162749632.0,,4.0
SBCF,False,0.0,"data_missing:current_ratio,data_missing:debt_to_equity,data_missing:free_cash_flow,graham_pe,munger_roe,munger_gross_margin",3214005504.0,22.181208,1.1752365,,,0.05493,0.0,0.38515,,0.022799999999999997,4.0
SAH,False,0.0,"graham_current_ratio,graham_debt_to_equity,graham_pe,graham_pe_times_pb,munger_roe,munger_gross_margin",3132282880.0,31.264984,3.1983347,1.031,4.51309,0.10511,0.159,0.0347,81612496.0,0.0163,4.0
SAFT,False,0.0,"graham_size,graham_current_ratio,munger_roe,munger_gross_margin",1071009728.0,17.2435,1.2515444,0.366,0.07139999999999999,0.07388,0.071100004,-0.05479,167937632.0,0.0508,4.0
GNW,False,0.0,"data_missing:dividend_yield,munger_roe,munger_gross_margin",3795621632.0,19.057693,0.43305364,10.664,0.23433,0.034730002,0.07186,0.077659994,1003500032.0,,4.0
SAFE,False,0.0,"graham_size,graham_debt_to_equity,graham_earnings_stability,munger_roe,munger_fcf",1150056576.0,10.1645565,0.47499332,39.047,1.91041,0.04713,0.95893997,0.72328,-303372640.0,0.0425,2.0
RXO,False,0.0,"data_missing:trailing_pe,data_missing:dividend_yield,graham_current_ratio,graham_earnings_stability,munger_roe,munger_gross_margin",4579837440.0,,3.033978,1.274,0.46322,-0.06783,0.15923001,-0.0133299995,65125000.0,,0.0
RUSHA,False,0.0,"graham_current_ratio,graham_pe,graham_pe_times_pb,munger_roe,munger_gross_margin",5934887424.0,23.072508,2.6111188,1.458,0.62653,0.11926,0.20014,0.04896,367327264.0,0.01,4.0
RUN,False,0.0,"data_missing:dividend_yield,graham_current_ratio,graham_debt_to_equity,graham_earnings_stability,munger_roe,munger_fcf",2476141568.0,4.873239,0.7317589,1.447,3.00296,-0.22736,0.32071,-0.06024,-2242088960.0,,1.0
RSI,False,0.0,"data_missing:dividend_yield,graham_earnings_stability,graham_pe,graham_pe_times_pb",7252905472.0,92.117645,20.311283,1.958,0.01742,0.34647,0.34884998,0.1155,114765000.0,,2.0
RRR,False,0.0,"graham_current_ratio,graham_debt_to_equity,graham_pe,graham_pe_times_pb",6361056256.0,20.251614,25.447912,0.807,14.58193,1.14213,0.67508006,0.28320998,168633872.0,0.0163,4.0
ROG,False,0.0,"data_missing:trailing_pe,data_missing:dividend_yield,graham_earnings_stability,munger_roe",2374569216.0,,1.9854938,4.017,0.024990000000000002,-0.04539,0.32212,0.08279,88662496.0,,0.0
ROCK,False,0.0,"data_missing:dividend_yield,graham_size,graham_current_ratio,graham_debt_to_equity,graham_earnings_stability,graham_pe,graham_pe_times_pb,munger_roe,munger_gross_margin",1316396032.0,21.234451,1.4947793,1.407,1.56047,0.066020004,0.26057,0.06084,68315000.0,,0.0
RNST,False,0.0,"data_missing:current_ratio,data_missing:debt_to_equity,data_missing:free_cash_flow,munger_roe,munger_gross_margin",3968623616.0,18.224577,1.0330747,,,0.06915,0.0,0.45171002,,0.022099999999999998,4.0
RNG,False,0.0,"data_missing:debt_to_equity,data_missing:return_on_equity,graham_current_ratio,graham_earnings_stability,graham_pe,graham_pe_times_pb",3238619392.0,41.085106,-5.345329,1.145,,,0.71608,0.08207,639366656.0,0.008,1.0
RITM,False,0.0,"data_missing:free_cash_flow,graham_current_ratio,graham_debt_to_equity,munger_roe",5013593088.0,8.238531,0.7180553,0.995,4.22945,0.08465,1.0,0.13152,,0.10949999999999999,4.0
SABR,False,0.0,"data_missing:trailing_pe,data_missing:debt_to_equity,data_missing:return_on_equity,data_missing:dividend_yield,graham_size,graham_current_ratio,graham_earnings_stability",668079488.0,,-0.6420973,0.925,,,0.56542,0.15246001,143043632.0,,1.0
STAA,False,0.0,"data_missing:trailing_pe,data_missing:dividend_yield,graham_size,graham_earnings_stability,munger_roe,munger_fcf",1204383744.0,,3.417632,5.122,0.10583000000000001,-0.05989,0.76892,0.18691,-17512250.0,,0.0
SRPT,False,0.0,"data_missing:dividend_yield,graham_size,graham_earnings_stability,graham_pe,graham_pe_times_pb,munger_roe,munger_gross_margin",1676550400.0,45.37143,1.1138388,4.627,0.6956600000000001,0.04914,0.21555,0.49046,204779632.0,,0.0
SPSC,False,0.0,"data_missing:dividend_yield,graham_pe,graham_pe_times_pb,munger_roe",2165315328.0,24.473028,2.26489,2.122,0.00688,0.09651,0.69303,0.12783,151568256.0,,4.0
SPNT,False,0.0,"data_missing:dividend_yield,graham_current_ratio,graham_earnings_stability,munger_gross_margin",2909167616.0,6.2342567,1.2462864,0.676,0.30516,0.23113,0.24766001,0.18022,467224992.0,,3.0
SPHR,False,0.0,"data_missing:dividend_yield,graham_current_ratio,graham_earnings_stability,graham_pe,graham_pe_times_pb,munger_roe",4771458560.0,44.88552,2.11916,1.217,0.41744,0.05459,0.55138,0.026719999,420420512.0,,1.0
SONO,False,0.0,"data_missing:dividend_yield,graham_size,graham_earnings_stability,graham_pe,graham_pe_times_pb,munger_roe",1730939520.0,85.47059,4.502634,1.583,0.15268,0.06172,0.45008,-0.091120005,119637000.0,,0.0
SNEX,False,0.0,"data_missing:free_cash_flow,data_missing:dividend_yield,graham_current_ratio,graham_debt_to_equity,graham_pe,graham_pe_times_pb,munger_gross_margin",8899150848.0,20.069706,2.1917088,1.059,8.15823,0.20186001,0.01643,0.00532,,,4.0
SNDR,False,0.0,"graham_pe,graham_pe_times_pb,munger_roe,munger_gross_margin",6610942464.0,67.41071,2.1887865,1.947,0.13204000000000002,0.03259,0.16279,0.02388,183200000.0,0.0105,4.0
SMPL,False,0.0,"data_missing:trailing_pe,data_missing:dividend_yield,graham_size,munger_roe",909175616.0,,0.6410976,4.796,0.31623999999999997,-0.12197,0.33273998,0.12784,107168376.0,,4.0
SMP,False,0.0,"graham_size,graham_debt_to_equity,munger_roe",848008320.0,10.239247,1.222126,2.234,1.08954,0.12425999,0.31377,0.09677,64903876.0,0.034,4.0
SM,False,0.0,"graham_current_ratio,graham_debt_to_equity,munger_roe",8033978880.0,14.13924,1.169511,0.39,1.24607,0.023239998,0.87697,-0.04721,1447947008.0,0.0265,4.0
SEZL,False,0.0,"data_missing:dividend_yield,graham_earnings_stability,graham_pe,graham_pe_times_pb",5347032064.0,38.04067,27.153347,3.652,0.73791,0.91954005,0.74297,0.61024,72545000.0,,3.0
SLG,False,0.0,"data_missing:trailing_pe,data_missing:free_cash_flow,graham_debt_to_equity,graham_earnings_stability,munger_roe",4128120064.0,,1.1504292,4.739,1.42537,-0.03573,0.43870997,0.14248,,0.050300000000000004,0.0
SKYW,False,0.0,"data_missing:dividend_yield,graham_current_ratio",3816905216.0,9.227229,1.4005268,0.62,0.90661,0.16498,0.31685,0.12208,51633876.0,,4.0
SKY,False,0.0,"data_missing:current_ratio,data_missing:debt_to_equity,data_missing:return_on_equity,data_missing:gross_margin,data_missing:operating_margin,data_missing:free_cash_flow,data_missing:dividend_yield,graham_pe,graham_pe_times_pb",4386601984.0,21.833334,2.7860682,,,,,,,,4.0
SKT,False,0.0,"graham_current_ratio,graham_debt_to_equity,graham_pe,graham_pe_times_pb",4914237952.0,38.78302,7.0430017,0.855,2.8055399999999997,0.18989,0.73232,0.30343,210984624.0,0.0302,4.0
SIG,False,0.0,"data_missing:current_ratio,data_missing:debt_to_equity,data_missing:return_on_equity,data_missing:gross_margin,data_missing:operating_margin,data_missing:free_cash_flow",3526701568.0,12.665254,1.8764125,,,,,,,0.0154,4.0
SHOO,False,0.0,"data_missing:current_ratio,data_missing:debt_to_equity,data_missing:return_on_equity,data_missing:gross_margin,data_missing:operating_margin,data_missing:free_cash_flow,graham_pe,graham_pe_times_pb",3076166144.0,39.70755,3.3677387,,,,,,,0.019299999999999998,4.0
SHO,False,0.0,"graham_pe,graham_pe_times_pb,munger_roe",2170293248.0,105.90909,1.333257,2.662,0.4988,0.019019999,0.43502998,0.10944,172828496.0,0.030600000000000002,4.0
SHEN,False,0.0,"data_missing:trailing_pe,graham_size,graham_current_ratio,graham_earnings_stability,munger_roe,munger_fcf",635096512.0,,0.73228294,1.125,0.74173,-0.040549997,0.644,-0.08713,-261300496.0,0.009399999999999999,0.0
SHAK,False,0.0,"data_missing:dividend_yield,graham_debt_to_equity,graham_earnings_stability,graham_pe,graham_pe_times_pb,munger_roe,munger_fcf",2395337472.0,57.132652,4.295688,1.693,1.69028,0.08535,0.40442002,-0.00482,-10021750.0,,3.0
SFNC,False,0.0,"data_missing:trailing_pe,data_missing:current_ratio,data_missing:debt_to_equity,data_missing:free_cash_flow,graham_earnings_stability,munger_roe,munger_gross_margin",3323621376.0,,0.9545341,,,-0.09941,0.0,0.39915,,0.037200000000000004,0.0
SFBS,False,0.0,"data_missing:current_ratio,data_missing:debt_to_equity,data_missing:free_cash_flow,graham_pe_times_pb,munger_gross_margin",4757472256.0,16.05535,2.4052625,,,0.17334999,0.0,0.70001,,0.0175,4.0
SLVM,False,0.0,"graham_size,graham_current_ratio,graham_debt_to_equity,munger_roe,munger_gross_margin,munger_fcf",1490105088.0,14.940239,1.5206813,1.447,1.00613,0.108109996,0.21339001,0.00397,-22875000.0,0.0475,4.0
PRKS,False,0.0,"data_missing:debt_to_equity,data_missing:return_on_equity,data_missing:dividend_yield,graham_current_ratio,graham_pe_times_pb",2079148160.0,16.582706,-3.8460197,0.531,,,0.46953,-0.027780002,102611624.0,,4.0
PRK,False,0.0,"data_missing:current_ratio,data_missing:debt_to_equity,data_missing:free_cash_flow,graham_pe_times_pb,munger_roe,munger_gross_margin",3346509312.0,16.981634,1.9688065,,,0.1205,0.0,0.44949,,0.0233,4.0
PRIM,False,0.0,"graham_current_ratio,graham_pe,graham_pe_times_pb,munger_gross_margin",4917124608.0,20.00662,2.9188406,1.282,0.55107,0.15854,0.1038,0.01853,128238000.0,0.0036,4.0
PRGS,False,0.0,"data_missing:dividend_yield,graham_size,graham_current_ratio,graham_debt_to_equity,graham_pe_times_pb",1514197760.0,17.922329,3.0138774,0.809,2.6216199999999996,0.18574,0.8557,0.18547001,307682624.0,,4.0
PRGO,False,0.0,"data_missing:trailing_pe,graham_size,graham_debt_to_equity,graham_earnings_stability,munger_roe",1397514624.0,,0.5581961,2.719,1.5322200000000001,-0.52232,0.34168997,0.03467,108425000.0,0.1108,0.0
PRG,False,0.0,"graham_size,graham_debt_to_equity",1746858496.0,11.094147,2.2557948,4.826,1.2089100000000002,0.17634001,0.3477,0.14671,1489874560.0,0.0124,4.0
PRDO,False,0.0,graham_size,1933764608.0,11.770993,1.9339061,4.816,0.11725,0.17275,0.79887,0.28465998,193125504.0,0.0204,4.0
PPLI,False,0.0,"data_missing:dividend_yield,graham_earnings_stability,graham_pe,munger_roe",3136920576.0,25.871164,0.6911415,3.694,0.30922,0.029779999,0.66490996,-0.09503999,36746376.0,,0.0
POWL,False,0.0,"graham_pe,graham_pe_times_pb",8833582080.0,47.265106,12.457997,2.254,0.0027600000000000003,0.29899,0.30103,0.19413,142181632.0,0.0015,4.0
POWI,False,0.0,"data_missing:debt_to_equity,graham_pe,graham_pe_times_pb,munger_roe",3948875520.0,236.23334,5.8652654,6.883,,0.02359,0.53938,0.07408,79055376.0,0.011899999999999999,4.0
RHP,False,0.0,"graham_current_ratio,graham_debt_to_equity,graham_pe,graham_pe_times_pb",8134154240.0,33.829395,10.969361,1.309,3.4303500000000002,0.23424,0.34603,0.20735,560577472.0,0.0363,4.0
PMT,False,0.0,"data_missing:free_cash_flow,graham_size,graham_debt_to_equity,graham_earnings_stability,munger_roe",835398592.0,8.258621,0.6303876,1.959,10.90067,0.07577,0.82045,0.18751,,0.1624,3.0
PLXS,False,0.0,"data_missing:dividend_yield,graham_pe,graham_pe_times_pb,munger_roe,munger_gross_margin",7002422272.0,38.373898,4.7003355,1.54,0.17967,0.132,0.10055,0.052699998,22556876.0,,4.0
PLUS,False,0.0,"graham_pe_times_pb,munger_roe,munger_gross_margin,munger_fcf",2291665920.0,18.435244,2.1157408,2.237,0.12721,0.121709995,0.25223,0.064720005,-100229376.0,0.0123,4.0
PLMR,False,0.0,"data_missing:dividend_yield,graham_current_ratio,graham_pe_times_pb,munger_gross_margin",3423770112.0,18.016735,3.571369,0.535,0.31013999999999997,0.22532,0.28733,0.20298,528351264.0,,4.0
PLAB,False,0.0,"data_missing:dividend_yield,graham_size,munger_roe",1824336768.0,11.416974,1.4495199,5.049,0.00228,0.13239999,0.33773997,0.20091,39001500.0,,4.0
PJT,False,0.0,"data_missing:free_cash_flow,graham_pe,graham_pe_times_pb",6699048448.0,23.7971,15.60095,2.92,0.45336,0.37037998,0.95186996,0.19221,,0.0060999999999999995,4.0
PIPR,False,0.0,"data_missing:free_cash_flow,graham_pe_times_pb",5123044864.0,19.095716,3.833822,3.376,0.07325,0.22173999,0.91293,0.21764,,0.0095,4.0
PI,False,0.0,"data_missing:trailing_pe,data_missing:dividend_yield,graham_debt_to_equity,graham_earnings_stability,munger_roe",3862833664.0,,18.945324,9.201,1.29996,-0.15177,0.52474,-0.20427999,55473876.0,,0.0
PHIN,False,0.0,"graham_pe,graham_pe_times_pb,munger_roe,munger_gross_margin",2901671424.0,21.955181,1.8732374,1.825,0.6707599999999999,0.09137999,0.21823,0.08656,189750000.0,0.015,4.0
PGNY,False,0.0,"data_missing:dividend_yield,graham_pe,graham_pe_times_pb,munger_roe,munger_gross_margin",2404803840.0,39.870132,5.4259458,2.128,0.06209,0.14935,0.24109,0.107700005,200213248.0,,4.0
PFS,False,0.0,"data_missing:current_ratio,data_missing:debt_to_equity,data_missing:free_cash_flow,munger_roe,munger_gross_margin",3096253184.0,10.110639,1.081524,,,0.11104,0.0,0.53484,,0.04,4.0
POOL,False,0.0,"graham_debt_to_equity,graham_pe_times_pb,munger_gross_margin",6681096192.0,16.834711,5.8956137,1.872,1.40423,0.34241,0.29686,0.07259,224066624.0,0.0265,4.0
RHI,False,0.0,"graham_pe,graham_pe_times_pb,munger_roe",3871812352.0,29.115385,3.0905528,1.552,0.20466,0.101739995,0.3723,0.02839,139371248.0,0.057999999999999996,4.0
REZI,False,0.0,"data_missing:trailing_pe,data_missing:dividend_yield,graham_debt_to_equity,graham_earnings_stability,munger_roe,munger_gross_margin",5156063744.0,,2.1130693,2.073,1.20329,-0.15792,0.29367,0.07897,127750000.0,,0.0
REX,False,0.0,"data_missing:dividend_yield,graham_size,graham_pe_times_pb,munger_gross_margin",1493066880.0,16.189287,2.3728015,6.76,0.027000000000000003,0.15793,0.16525,0.117910005,24365876.0,,4.0
REYN,False,0.0,"graham_pe_times_pb,munger_roe,munger_gross_margin",5313445376.0,16.160257,2.3451161,1.794,0.7209699999999999,0.14998999,0.24656,0.11174,271124992.0,0.0354,4.0
RES,False,0.0,"graham_size,graham_pe,graham_pe_times_pb,munger_roe,munger_gross_margin,munger_fcf",1298798336.0,65.11111,1.164547,3.127,0.06815,0.019199999,0.23099001,0.01783,-14818875.0,0.0268,4.0
RELY,False,0.0,"data_missing:dividend_yield,graham_earnings_stability,graham_pe,graham_pe_times_pb,munger_roe",4815532032.0,47.645836,5.3013444,2.84,0.04331,0.12954001,0.60793,0.14416,181706880.0,,1.0
RDNT,False,0.0,"data_missing:trailing_pe,data_missing:dividend_yield,graham_current_ratio,graham_debt_to_equity,graham_earnings_stability,munger_roe,munger_gross_margin",4795116032.0,,4.3306584,1.165,1.4299899999999999,0.017719999,0.17204,-0.02848,190466128.0,,0.0
RDN,False,0.0,munger_roe,5074333696.0,8.895105,1.0699565,1.571,0.2868,0.12677,0.82482004,0.4659,275715616.0,0.026699999999999998,4.0
RCUS,False,0.0,"data_missing:trailing_pe,data_missing:dividend_yield,graham_earnings_stability,munger_roe,munger_gross_margin,munger_fcf",3739236096.0,,7.120958,4.038,0.44275,-0.69953,-1.2161,-7.88235,-156000000.0,,0.0
RAL,False,0.0,"data_missing:trailing_pe,graham_earnings_stability,munger_roe",7872258560.0,,5.0271626,1.605,0.78326,-0.45905,0.50396,0.12738,291649984.0,0.0029,0.0
RAMP,False,0.0,"data_missing:dividend_yield,graham_earnings_stability,graham_pe_times_pb",2290428416.0,16.89686,2.347371,2.467,0.03042,0.15074,0.70709,0.09029,136486128.0,,1.0
PRLB,False,0.0,"data_missing:dividend_yield,graham_size,graham_earnings_stability,graham_pe,graham_pe_times_pb,munger_roe",1870687744.0,74.169815,2.738228,3.515,0.00384,0.03844,0.44856,0.08081,46060624.0,,3.0
QRVO,False,0.0,"data_missing:dividend_yield,graham_earnings_stability,graham_pe,graham_pe_times_pb,munger_roe",7651148288.0,23.958565,2.2754223,3.236,0.48029000000000005,0.10064,0.46199,0.16017,556697344.0,,2.0
QNST,False,0.0,"data_missing:dividend_yield,graham_size,graham_current_ratio,graham_earnings_stability,graham_pe_times_pb,munger_gross_margin",860531584.0,13.375,2.7725337,1.184,0.25263,0.23936,0.10479,0.03876,108470624.0,,1.0
QDEL,False,0.0,"data_missing:trailing_pe,data_missing:dividend_yield,graham_size,graham_current_ratio,graham_debt_to_equity,graham_earnings_stability,munger_roe",1130606592.0,,0.6098727,1.431,1.5527199999999999,-0.49948,0.45179,-0.04098,208575008.0,,0.0
PZZA,False,0.0,"data_missing:debt_to_equity,data_missing:return_on_equity,graham_size,graham_current_ratio,graham_pe,graham_pe_times_pb,munger_gross_margin",998576128.0,36.566265,-2.2231174,0.844,,,0.2049,0.05222,66995500.0,0.0576,4.0
PTON,False,0.0,"data_missing:debt_to_equity,data_missing:return_on_equity,data_missing:dividend_yield,graham_earnings_stability,graham_pe,graham_pe_times_pb",2610941440.0,100.50001,-10.78712,2.489,,,0.51959,0.0951,397962496.0,,0.0
PTGX,False,0.0,"data_missing:trailing_pe,data_missing:dividend_yield,graham_earnings_stability,munger_roe,munger_fcf",8709688320.0,,13.269644,17.756,0.014910000000000001,-0.17063,1.0,-0.064720005,-77664624.0,,0.0
PTEN,False,0.0,"data_missing:trailing_pe,graham_earnings_stability,munger_roe,munger_gross_margin",3925246720.0,,1.2423406,1.836,0.40082,-0.036,0.23999001,-0.01281,344645888.0,0.0373,0.0
PTCT,False,0.0,"data_missing:trailing_pe,data_missing:debt_to_equity,data_missing:return_on_equity,data_missing:dividend_yield,graham_earnings_stability,munger_fcf",6507375104.0,,-36.035828,2.44,,,0.38324,0.16542,-418121984.0,,1.0
PSMT,False,0.0,"graham_current_ratio,graham_pe,graham_pe_times_pb,munger_roe,munger_gross_margin",5760734208.0,35.967243,4.035236,1.277,0.24017,0.12314,0.17635,0.044499997,58311500.0,0.0075,4.0
PRVA,False,0.0,"data_missing:dividend_yield,graham_earnings_stability,graham_pe,graham_pe_times_pb,munger_roe,munger_gross_margin",3146529024.0,146.88235,4.167918,1.607,0.01119,0.03615,0.099700004,0.01229,110658376.0,,3.0
PRSU,False,0.0,"data_missing:dividend_yield,graham_size,graham_pe,graham_pe_times_pb,munger_roe,munger_fcf",1415833088.0,47.75926,2.6517918,1.536,0.37423,0.07497,0.92427003,-0.43467,-38106376.0,,4.0
QTWO,False,0.0,"data_missing:dividend_yield,graham_current_ratio,graham_earnings_stability,graham_pe,graham_pe_times_pb,munger_roe",3310310400.0,46.796463,5.417478,0.933,0.56223,0.12772,0.55577,0.12904,179867632.0,,1.0
AMD,False,0.0,"data_missing:dividend_yield,graham_pe,graham_pe_times_pb,munger_roe",880018849792.0,181.10402,13.6468,2.725,0.06005,0.08063,0.5306,0.14396,7173374976.0,,4.0
ADBE,False,0.0,"data_missing:dividend_yield,graham_current_ratio,graham_pe_times_pb",84337573888.0,12.130932,7.349915,0.751,0.61443,0.62953997,0.89404,0.35327998,9218374656.0,,4.0
ACN,False,0.0,graham_current_ratio,84900847616.0,11.08147,2.661883,1.339,0.25035,0.24406,0.32013,0.16964,12089380864.0,0.04650000000000001,4.0
ABBV,False,0.0,"data_missing:debt_to_equity,data_missing:return_on_equity,graham_current_ratio,graham_pe,graham_pe_times_pb",453924454400.0,125.326836,-68.20282,0.796,,,0.72026,0.32156,20811624448.0,0.0273,4.0
ABT,False,0.0,"data_missing:current_ratio,data_missing:return_on_equity,data_missing:free_cash_flow,graham_pe,graham_pe_times_pb",175487664128.0,32.60518,3.3708053,,0.6477299999999999,,0.56767,0.14151,,0.025099999999999997,4.0
AOS,False,0.0,graham_pe_times_pb,8199425024.0,15.864,4.3662386,1.558,0.34981,0.28267,0.38764998,0.17111,495612512.0,0.024300000000000002,4.0
MMM,False,0.0,"graham_current_ratio,graham_debt_to_equity,graham_earnings_stability,graham_pe,graham_pe_times_pb",87461363712.0,30.069149,27.108376,1.24,4.37937,0.81891996,0.39408,0.20354,6350125056.0,0.0183,2.0
VSXY,False,0.0,"data_missing:dividend_yield,graham_current_ratio,graham_debt_to_equity,graham_pe,graham_pe_times_pb",6581119488.0,32.984066,8.279,1.264,3.3739600000000003,0.32016,0.37012002,0.05192,241875008.0,,4.0
VSTS,False,0.0,"data_missing:trailing_pe,graham_debt_to_equity,graham_earnings_stability,munger_roe,munger_gross_margin",2059518208.0,,2.3747144,2.133,1.58855,-0.01952,0.26059,0.042129997,50882376.0,0.0175,0.0
VSNT,False,0.0,"data_missing:free_cash_flow,munger_roe",5031669760.0,5.9266667,0.498116,2.325,0.36247999999999997,0.0892,0.56200004,0.262,,0.0414,4.0
STBA,False,0.0,"data_missing:current_ratio,data_missing:debt_to_equity,data_missing:free_cash_flow,graham_size,munger_roe,munger_gross_margin",1834101760.0,14.320225,1.2920394,,,0.095410004,0.0,0.44781,,0.029900000000000003,4.0
VSEC,False,0.0,"graham_pe,graham_pe_times_pb,munger_roe,munger_gross_margin",5537079296.0,68.05173,3.2093084,8.778,0.15108,0.03766,0.14666,0.11476,110192752.0,0.002,4.0
VSAT,False,0.0,"data_missing:trailing_pe,data_missing:dividend_yield,graham_debt_to_equity,graham_earnings_stability,munger_roe",10142976000.0,,2.1762826,2.408,1.4673699999999998,0.00084,0.33042,-0.01789,254796880.0,,0.0
VRTS,False,0.0,"graham_size,munger_roe",1089319552.0,9.600707,1.1873876,2.965,0.47989,0.107209995,0.42056,0.09386,61521248.0,0.058499999999999996,4.0
VRRM,False,0.0,"data_missing:dividend_yield,graham_size,graham_debt_to_equity",592435968.0,4.756098,2.1775544,1.892,4.05085,0.45852003,0.56907004,0.2317,53916000.0,,4.0
VIRT,False,0.0,"data_missing:current_ratio,data_missing:return_on_equity,data_missing:free_cash_flow,graham_debt_to_equity",12839676928.0,9.879139,2.9929276,,4.11748,,0.65802,0.36249,,0.0161,4.0
VIR,False,0.0,"data_missing:trailing_pe,data_missing:dividend_yield,graham_size,graham_earnings_stability,munger_roe,munger_gross_margin,munger_fcf",1575209344.0,,1.852807,7.11,0.1176,-0.47692,0.0,4592.4136,-214927632.0,,0.0
VGNT,False,0.0,"data_missing:return_on_equity,data_missing:free_cash_flow,data_missing:dividend_yield,graham_current_ratio,graham_debt_to_equity,graham_pe_times_pb,munger_gross_margin",2912311808.0,6.149701,-60.679474,1.383,16.28671,,0.11959,0.061929997,,,4.0
VECO,False,0.0,"data_missing:dividend_yield,graham_earnings_stability,graham_pe,graham_pe_times_pb,munger_roe",3331207680.0,143.63159,3.7695975,4.226,0.29591999999999996,0.02727,0.38571,-0.00408,33391124.0,,2.0
VCYT,False,0.0,"data_missing:dividend_yield,graham_earnings_stability,graham_pe,graham_pe_times_pb,munger_roe",4618398720.0,53.59259,3.5074534,9.305,0.02926,0.06932,0.72906995,0.16284001,104506000.0,,2.0
VCTR,False,0.0,"graham_pe,graham_pe_times_pb",6033626112.0,21.683147,2.5575168,1.79,0.42876,0.21700001,0.56278,0.45848,450667616.0,0.0208,4.0
VCEL,False,0.0,"data_missing:dividend_yield,graham_earnings_stability,graham_pe,graham_pe_times_pb,munger_roe",2300368128.0,104.755806,6.449742,5.176,0.2668,0.06586,0.74837995,-0.11785,42369376.0,,2.0
VSH,False,0.0,"graham_earnings_stability,graham_pe,graham_pe_times_pb,munger_roe,munger_gross_margin,munger_fcf",6257818112.0,4080.0,2.675059,2.635,0.53073,0.0011100001,0.19916001,0.02408,-87346376.0,0.01,0.0
WOR,False,0.0,"graham_pe_times_pb,munger_gross_margin",2734475776.0,17.576431,2.701684,2.369,0.34055,0.15777001,0.27759,0.06448,27996500.0,0.0146,4.0
WLY,False,0.0,"graham_current_ratio,graham_earnings_stability,graham_pe_times_pb",2473044480.0,11.711539,2.9208634,0.539,0.9074899999999999,0.27694,0.74262,0.24714,202073248.0,0.0288,2.0
WKC,False,0.0,"data_missing:trailing_pe,graham_size,graham_current_ratio,graham_earnings_stability,munger_roe,munger_gross_margin",1862662272.0,,1.5488087,1.045,0.6591,-0.35981,0.02661,0.0064999997,202200000.0,0.0229,0.0
WINA,False,0.0,"data_missing:debt_to_equity,data_missing:return_on_equity,graham_size,graham_pe,graham_pe_times_pb",1205783424.0,30.48774,-25.988697,3.75,,,0.96664,0.62101,32954364.0,0.0116,4.0
WHD,False,0.0,"graham_pe,graham_pe_times_pb,munger_roe",3845086976.0,51.766354,3.111448,2.606,0.033549999999999996,0.12722,0.33971,0.1437,93789000.0,0.01,4.0
WGO,False,0.0,"graham_size,graham_pe,munger_roe,munger_gross_margin",850045568.0,22.110294,0.6869531,2.373,0.3912,0.03142,0.13,0.03292,164224992.0,0.045,4.0
WERN,False,0.0,"data_missing:trailing_pe,graham_current_ratio,graham_earnings_stability,munger_roe,munger_gross_margin,munger_fcf",2632409600.0,,1.9460202,1.459,0.75547,-0.01208,0.19405001,0.00756,-18560876.0,0.012199999999999999,0.0
WEN,False,0.0,"graham_size,graham_debt_to_equity,graham_pe_times_pb",1365746176.0,9.311688,11.812191,1.831,35.62577,1.2088,0.34101,0.113649994,131266376.0,0.0757,4.0
WDFC,False,0.0,"graham_pe,graham_pe_times_pb",3121881088.0,35.40487,11.214444,2.654,0.41048,0.33306,0.55821997,0.20673001,68620496.0,0.0172,4.0
WD,False,0.0,"data_missing:free_cash_flow,graham_size,graham_current_ratio,graham_debt_to_equity,graham_pe,munger_roe",1607045376.0,23.173267,0.9047684,1.321,2.01539,0.04152,1.0,0.09192,,0.057,4.0
WAY,False,0.0,"data_missing:dividend_yield,graham_earnings_stability,graham_pe,graham_pe_times_pb,munger_roe",4139322368.0,32.208954,1.0505817,1.758,0.37746,0.03571,0.68717,0.25636,327649504.0,,1.0
AES,False,0.0,"graham_current_ratio,graham_debt_to_equity,graham_earnings_stability,munger_roe,munger_gross_margin,munger_fcf",10576129024.0,7.7239585,2.3927073,0.73,2.5960300000000003,0.052600004,0.19299999,0.18742001,-2964999936.0,0.047400000000000005,3.0
WABC,False,0.0,"data_missing:current_ratio,data_missing:debt_to_equity,data_missing:free_cash_flow,graham_size,munger_roe,munger_gross_margin",1387250688.0,13.313465,1.6145959,,,0.12486,0.0,0.60288,,0.030899999999999997,4.0
VYX,False,0.0,"data_missing:dividend_yield,graham_size,graham_current_ratio,graham_debt_to_equity,graham_earnings_stability,graham_pe,graham_pe_times_pb,munger_roe,munger_gross_margin,munger_fcf",1047334464.0,27.142857,1.1343284,1.058,1.16211,0.053790003,0.2417,-0.033,-82625000.0,,2.0
VTOL,False,0.0,"graham_size,graham_earnings_stability,munger_roe,munger_gross_margin",1336998528.0,11.760417,1.2625457,2.154,0.94441,0.11568,0.27129,0.08472,48472876.0,0.0111,2.0
ALGN,False,0.0,"data_missing:dividend_yield,graham_current_ratio,graham_pe,graham_pe_times_pb,munger_roe",12049034240.0,28.275633,2.9037437,1.393,0.027970000000000002,0.10824,0.69912004,0.15469,532954624.0,,4.0
ARE,False,0.0,"data_missing:trailing_pe,graham_current_ratio,graham_earnings_stability,munger_roe",8734386176.0,,0.54379547,0.797,0.66509,-0.04144,0.6859,0.15890999,1408723072.0,0.057999999999999996,0.0
ALB,False,0.0,"data_missing:trailing_pe,graham_earnings_stability,munger_roe,munger_gross_margin",13787740160.0,,1.8098364,2.068,0.19845,-0.0182,0.18531,0.24786,716711744.0,0.013999999999999999,0.0
AKAM,False,0.0,"data_missing:dividend_yield,graham_debt_to_equity,graham_pe,graham_pe_times_pb,munger_roe",17063890944.0,39.652027,3.4801042,2.057,1.19534,0.091680005,0.58284,0.10611,700723392.0,,4.0
ABNB,False,0.0,"data_missing:dividend_yield,graham_current_ratio,graham_pe,graham_pe_times_pb",81648476160.0,33.967903,10.719184,1.442,0.33185000000000003,0.32325,0.82913,0.03211,3191000064.0,,4.0
APD,False,0.0,"graham_current_ratio,graham_debt_to_equity,graham_earnings_stability,graham_pe,graham_pe_times_pb,munger_roe,munger_fcf",65532702720.0,30.977896,4.1873937,1.427,1.01611,0.12353,0.31983998,0.23595,-3519237376.0,0.024399999999999998,0.0
A,False,0.0,"graham_pe,graham_pe_times_pb",39467040768.0,28.060242,5.537328,2.099,0.49733,0.21330999,0.52641,0.23706,930625024.0,0.0076,4.0
AFL,False,0.0,"graham_current_ratio,graham_pe_times_pb",63287181312.0,14.210285,2.1187334,0.935,0.48276,0.16469,0.50049996,0.29567,4923125248.0,0.0197,4.0
WAFD,False,0.0,"data_missing:current_ratio,data_missing:debt_to_equity,data_missing:free_cash_flow,munger_roe,munger_gross_margin",2715596032.0,11.583596,1.0284851,,,0.08497,0.0,0.46126997,,0.0294,4.0
TRIP,False,0.0,"data_missing:dividend_yield,graham_size,graham_current_ratio,graham_debt_to_equity,graham_pe,graham_pe_times_pb,munger_roe",1569712128.0,122.63636,2.5153832,1.249,1.99792,0.02937,0.62985003,-0.05727,181087504.0,,4.0
TR,False,0.0,"graham_pe,graham_pe_times_pb,munger_roe",2850491136.0,28.511276,2.9985764,3.568,0.01431,0.108950004,0.34976003,0.120120004,63688248.0,0.0091,4.0
TNDM,False,0.0,"data_missing:trailing_pe,data_missing:dividend_yield,graham_size,graham_debt_to_equity,graham_earnings_stability,munger_roe,munger_fcf",1158141568.0,,8.742887,3.578,5.54923,-0.65726995,0.54927,-0.07052,-20262376.0,,0.0
TNC,False,0.0,"graham_size,graham_pe,graham_pe_times_pb,munger_roe",1479317632.0,51.678574,2.7846558,2.117,0.7364,0.053319998,0.39450002,0.01746,52525000.0,0.0144,4.0
TMP,False,0.0,"data_missing:current_ratio,data_missing:debt_to_equity,data_missing:free_cash_flow,graham_size,munger_gross_margin",1332579456.0,7.9255776,1.4025553,,,0.19840999,0.0,0.41933998,,0.0288,4.0
TMDX,False,0.0,"data_missing:dividend_yield,graham_debt_to_equity,graham_earnings_stability,graham_pe_times_pb",2458317568.0,16.276888,4.9741254,6.737,1.74778,0.45224,0.59089,0.07645,108822248.0,,2.0
TILE,False,0.0,"graham_size,graham_pe_times_pb",1895534720.0,15.2570095,2.9869182,2.431,0.44965000000000005,0.22081,0.38939998,0.09471,93800248.0,0.0037,4.0
THRM,False,0.0,"data_missing:dividend_yield,graham_size,graham_pe,graham_pe_times_pb,munger_roe,munger_gross_margin",1398721152.0,62.47945,1.9522321,1.975,0.38164000000000003,0.033210002,0.24240999,0.08325,99904000.0,,4.0
TGTX,False,0.0,"data_missing:dividend_yield,graham_debt_to_equity,graham_earnings_stability,graham_pe_times_pb,munger_fcf",8496138752.0,19.405596,13.4905205,5.809,1.29226,1.1259999,0.83054,0.1698,-30164876.0,,3.0
TFX,False,0.0,"graham_earnings_stability,graham_pe,graham_pe_times_pb,munger_roe,munger_fcf",5806481408.0,2623.2,1.8822383,2.554,0.88791,0.00037999998,0.55332,0.08359,-3678500.0,0.0101,0.0
VAC,False,0.0,"data_missing:trailing_pe,graham_debt_to_equity,graham_earnings_stability,munger_roe",3222066176.0,,1.6171402,4.293,2.83484,-0.15451,0.52699,0.14267999,207624992.0,0.033,0.0
TDW,False,0.0,"data_missing:dividend_yield,graham_earnings_stability,graham_pe_times_pb",3851141888.0,13.059023,2.814465,3.333,0.45454,0.24014999,0.48903,-0.08663999,385101888.0,,3.0
TDS,False,0.0,"graham_earnings_stability,munger_roe",3826498560.0,19.770588,0.9938201,3.426,0.23845,0.060149997,0.59597,-0.01192,623673984.0,0.004699999999999999,0.0
TDC,False,0.0,"data_missing:dividend_yield,graham_current_ratio",2604688128.0,6.3340964,4.6915255,1.3,0.9928199999999999,1.17762,0.60745996,0.19143999,335375008.0,,4.0
TBBK,False,0.0,"data_missing:current_ratio,data_missing:debt_to_equity,data_missing:free_cash_flow,data_missing:dividend_yield,graham_pe_times_pb,munger_gross_margin",2736631808.0,12.787939,3.947748,,,0.30277002,0.0,0.58295,,,4.0
TALO,False,0.0,"data_missing:trailing_pe,data_missing:dividend_yield,graham_current_ratio,graham_earnings_stability,munger_roe",2547288064.0,,1.3587393,1.199,0.71931,-0.32194,0.6849,-0.31294,526332512.0,,0.0
SXT,False,0.0,"graham_pe,graham_pe_times_pb,munger_roe,munger_fcf",4981845504.0,34.52212,4.0650945,5.013,0.62991,0.124630004,0.34182,0.15281,-1954250.0,0.0146,4.0
SXI,False,0.0,"graham_pe,graham_pe_times_pb",3738422528.0,37.58587,4.9304166,3.047,0.6536799999999999,0.15938,0.41326,0.17583,103331376.0,0.0044,4.0
SUPN,False,0.0,"data_missing:trailing_pe,data_missing:dividend_yield,graham_earnings_stability,munger_roe",2738894336.0,,2.5538476,1.956,0.037989999999999996,-0.02754,0.74134004,-0.03582,132620496.0,,0.0
STRA,False,0.0,"graham_size,graham_current_ratio,munger_roe",1704779392.0,13.274336,1.026399,1.156,0.06681,0.07913,0.49345002,0.14117,156067872.0,0.0325,4.0
STEP,False,0.0,"data_missing:trailing_pe,graham_current_ratio,graham_debt_to_equity,graham_earnings_stability,munger_roe,munger_gross_margin",5115805696.0,,-7.9215455,0.819,1.47327,-0.55877,-0.41939998,-0.03455,2628495360.0,0.0406,0.0
STC,False,0.0,"data_missing:free_cash_flow,graham_size,munger_roe",1954940160.0,14.309578,1.1761369,1.983,0.46090000000000003,0.096140005,0.61862,0.06954,,0.0301,4.0
TFIN,False,0.0,"data_missing:current_ratio,data_missing:debt_to_equity,data_missing:free_cash_flow,data_missing:dividend_yield,graham_size,graham_pe,graham_pe_times_pb,munger_roe,munger_gross_margin",1902357632.0,67.15126,2.1004076,,,0.04121,0.0,0.19574,,,4.0
UVV,False,0.0,"graham_size,graham_pe,graham_pe_times_pb,munger_roe,munger_gross_margin",1313833472.0,40.546154,0.9281563,3.494,0.64322,0.037809998,0.18063,0.03649,65127624.0,0.061799999999999994,4.0
UTL,False,0.0,"graham_size,graham_current_ratio,graham_debt_to_equity,munger_roe,munger_fcf",994532096.0,17.66134,1.6254998,0.57,1.46912,0.09555,0.40148,0.25948998,-81058752.0,0.0334,4.0
UTI,False,0.0,"data_missing:dividend_yield,graham_current_ratio,graham_pe,graham_pe_times_pb,munger_roe",2129223424.0,50.881577,6.264377,1.172,0.9303100000000001,0.13467,0.55527997,0.00153,27080500.0,,4.0
USPH,False,0.0,"graham_size,graham_current_ratio,graham_pe,graham_pe_times_pb,munger_roe,munger_gross_margin",1110515072.0,145.94,2.3697715,1.186,0.46346,0.06835,0.21902001,0.073410004,43061000.0,0.0245,4.0
USLM,False,0.0,"graham_pe,graham_pe_times_pb",3054352128.0,23.455946,4.608959,20.73,0.0054800000000000005,0.21912001,0.5506,0.4074,55355500.0,0.0022,4.0
URBN,False,0.0,"data_missing:dividend_yield,graham_current_ratio",5961057792.0,13.386539,2.2178679,1.476,0.46143,0.18732001,0.36061,0.08964,4627125.0,,4.0
UPWK,False,0.0,"data_missing:dividend_yield,graham_size,graham_current_ratio,graham_earnings_stability",1077078144.0,10.765432,1.8915402,1.365,0.66619,0.18756,0.77537,0.16736999,172279120.0,,3.0
UPBD,False,0.0,"graham_size,graham_debt_to_equity,graham_earnings_stability,munger_roe",1228831744.0,14.638888,1.7185717,2.965,2.41445,0.12078,0.48709,0.07391,1559988224.0,0.0729,2.0
UNIT,False,0.0,"data_missing:return_on_equity,data_missing:dividend_yield,graham_debt_to_equity,graham_earnings_stability",2675828480.0,2.4764047,8.367502,1.541,34.760709999999996,,0.61863,0.13944,116682000.0,,2.0
UNFI,False,0.0,"data_missing:trailing_pe,data_missing:dividend_yield,graham_current_ratio,graham_debt_to_equity,graham_earnings_stability,munger_roe,munger_gross_margin",2940624896.0,,1.8457038,1.328,1.97248,-0.02296,0.13494,0.01101,482500000.0,,0.0
UNF,False,0.0,"graham_pe,graham_pe_times_pb,munger_roe",5239346176.0,45.769352,2.3836048,3.111,0.03869,0.05296,0.36678,0.044499997,98668752.0,0.005,4.0
TRMK,False,0.0,"data_missing:current_ratio,data_missing:debt_to_equity,data_missing:free_cash_flow,munger_roe,munger_gross_margin",2702887936.0,12.233421,1.2710836,,,0.1092,0.0,0.33975,,0.0216,4.0
UFCS,False,0.0,"graham_size,graham_current_ratio,graham_earnings_stability,munger_roe,munger_gross_margin",1267927680.0,9.963709,1.3336211,0.35,0.15387,0.14765,0.12357,0.11151,267821744.0,0.0161,2.0
UE,False,0.0,"graham_current_ratio,graham_debt_to_equity,graham_pe,graham_pe_times_pb,munger_roe",3040164352.0,26.941175,2.2407043,1.372,1.26894,0.08242,0.64257,0.341,200742368.0,0.0363,4.0
UCTT,False,0.0,"data_missing:trailing_pe,data_missing:dividend_yield,graham_debt_to_equity,graham_earnings_stability,munger_roe,munger_gross_margin,munger_fcf",4507938816.0,,7.1746573,3.071,1.11152,-0.22466,0.15625,0.021359999,-36637500.0,,0.0
UCB,False,0.0,"data_missing:current_ratio,data_missing:debt_to_equity,data_missing:free_cash_flow,munger_roe,munger_gross_margin",4178559744.0,12.780219,1.1425858,,,0.10271,0.0,0.50902003,,0.0286,4.0
UAA,False,0.0,"data_missing:trailing_pe,data_missing:dividend_yield,graham_debt_to_equity,graham_earnings_stability,munger_roe,munger_fcf",2873429760.0,,2.0313442,1.621,1.37139,-0.29997,0.45749,0.08818,-528018624.0,,0.0
UA,False,0.0,"data_missing:trailing_pe,data_missing:dividend_yield,graham_debt_to_equity,graham_earnings_stability,munger_roe,munger_fcf",2809481216.0,,1.9861362,1.621,1.37139,-0.29997,0.45749,0.08818,-528018624.0,,0.0
TWO,False,0.0,"data_missing:trailing_pe,data_missing:free_cash_flow,graham_size,graham_current_ratio,graham_debt_to_equity,graham_earnings_stability,munger_roe",1270010240.0,,1.1238148,0.207,4.79176,-0.17686,0.97696,0.27611,,0.1124,0.0
TRUP,False,0.0,"data_missing:dividend_yield,graham_size,graham_earnings_stability,graham_pe,graham_pe_times_pb,munger_roe,munger_gross_margin,munger_fcf",1025081088.0,39.83051,2.5963984,1.727,0.27695000000000003,0.07082,0.22338,0.01244,-13622000.0,,1.0
TRST,False,0.0,"data_missing:current_ratio,data_missing:debt_to_equity,data_missing:free_cash_flow,graham_size,munger_roe,munger_gross_margin",986453120.0,16.554253,1.4730058,,,0.09649,0.0,0.46668997,,0.027200000000000002,4.0
TRNO,False,0.0,"graham_current_ratio,graham_pe_times_pb,munger_roe",7617994240.0,17.57561,1.7734354,0.931,0.22002,0.103599995,0.75905997,0.40737,225374752.0,0.0285,4.0
TRN,False,0.0,"graham_debt_to_equity,graham_pe_times_pb,munger_gross_margin,munger_fcf",2923417344.0,11.599369,2.7239056,2.158,4.70586,0.23072,0.27109,0.15894,-457024992.0,0.0344,4.0
UFPT,False,0.0,"data_missing:dividend_yield,graham_size,graham_pe,graham_pe_times_pb,munger_gross_margin",1827542400.0,26.90319,4.1641254,2.91,0.3556,0.17166,0.28351998,0.15137,53567248.0,,4.0
KMX,False,0.0,"data_missing:dividend_yield,graham_debt_to_equity,graham_pe,graham_pe_times_pb,munger_roe,munger_gross_margin,munger_fcf",8286189056.0,36.26708,1.3542536,2.705,3.07787,0.03588,0.11805,0.03425,-159998368.0,,4.0
KMT,False,0.0,"graham_pe_times_pb,munger_roe",2656684288.0,19.58427,1.9609607,2.384,0.47167000000000003,0.10762999,0.32077998,0.1355,74795624.0,0.023,4.0
KMPR,False,0.0,"graham_size,graham_current_ratio,graham_earnings_stability,graham_pe,munger_roe,munger_gross_margin",1627283712.0,38.388885,0.6136086,0.813,0.5385,0.01125,0.26947,0.0077600004,459662496.0,0.0466,2.0
KLIC,False,0.0,"graham_earnings_stability,graham_pe,graham_pe_times_pb,munger_roe,munger_fcf",5551471616.0,102.990295,6.473029,4.207,0.0464,0.063930005,0.49803,0.15896,-353250.0,0.0078000000000000005,1.0
KGS,False,0.0,"graham_current_ratio,graham_debt_to_equity,graham_pe,graham_pe_times_pb,munger_roe",6587986432.0,85.89474,4.811675,1.277,2.42075,0.05406,0.64179003,0.33661997,151907504.0,0.0287,4.0
KFY,False,0.0,"munger_roe,munger_gross_margin",3958708736.0,14.911878,1.9819221,1.941,0.30126000000000003,0.14583999,0.24304001,0.14693,244188256.0,0.0282,4.0
OPLN,False,0.0,"data_missing:trailing_pe,data_missing:dividend_yield,graham_current_ratio,graham_debt_to_equity,graham_earnings_stability,munger_roe",4131898112.0,,3.2964246,1.158,1.49054,0.107530005,0.46472,0.18677999,211600000.0,,2.0
KALU,False,0.0,"data_missing:free_cash_flow,graham_debt_to_equity,graham_earnings_stability,graham_pe_times_pb,munger_gross_margin",2951113472.0,19.694656,3.3328414,2.495,1.1228,0.26398,0.14524001,0.106400006,,0.0187,3.0
KAI,False,0.0,"graham_pe,graham_pe_times_pb,munger_roe",3633463808.0,35.04556,3.6494966,2.474,0.36113999999999996,0.11102,0.45224997,0.14987999,101851624.0,0.0046,4.0
JXN,False,0.0,"data_missing:trailing_pe,munger_roe",8109728256.0,,0.91164243,1.667,0.51263,-0.032309998,0.4335,0.44624,537500032.0,0.0291,4.0
PFBC,False,0.0,"data_missing:current_ratio,data_missing:debt_to_equity,data_missing:free_cash_flow,graham_size,munger_gross_margin",1200536704.0,9.4659195,1.558733,,,0.17401,0.0,0.65979,,0.0305,4.0
JJSF,False,0.0,"graham_size,graham_pe,graham_pe_times_pb,munger_roe",1427885056.0,25.550335,1.6224164,2.089,0.21877,0.06412,0.30305,0.019019999,66810500.0,0.0414,4.0
JBTM,False,0.0,"graham_current_ratio,graham_earnings_stability,graham_pe,graham_pe_times_pb,munger_roe",6994269184.0,41.33231,1.5596373,1.011,0.41111,0.03918,0.35404998,0.09295,375737504.0,0.003,0.0
JBSS,False,0.0,"graham_size,graham_pe_times_pb,munger_gross_margin",939374272.0,14.073555,2.4232557,2.299,0.26699,0.18265,0.18536,0.08099,42272124.0,0.0118,4.0
JBLU,False,0.0,"data_missing:trailing_pe,data_missing:dividend_yield,graham_size,graham_current_ratio,graham_debt_to_equity,graham_earnings_stability,munger_roe,munger_gross_margin,munger_fcf",1856374144.0,,1.0256938,0.699,5.15691,-0.33514,0.22102,-0.1,-1098125056.0,,0.0
JBGS,False,0.0,"data_missing:trailing_pe,graham_size,graham_current_ratio,graham_debt_to_equity,graham_earnings_stability,munger_roe",1116147328.0,,0.74203134,1.087,1.5773300000000001,-0.075830005,0.49505,0.0108,99938128.0,0.0487,0.0
IVT,False,0.0,"graham_pe,graham_pe_times_pb,munger_roe",2790883072.0,25.578573,1.5695814,1.536,0.5367000000000001,0.062340003,0.72023004,0.18108,106541624.0,0.0277,4.0
ITRI,False,0.0,"data_missing:dividend_yield,graham_earnings_stability,graham_pe_times_pb",3721401600.0,13.407348,2.3145442,2.658,0.9835299999999999,0.18583,0.38824,0.11452,300839744.0,,3.0
ITGR,False,0.0,"data_missing:dividend_yield,graham_pe,graham_pe_times_pb,munger_roe,munger_gross_margin",3310596864.0,24.193546,1.9504292,3.755,0.81411,0.08585,0.26812,0.08163,98143248.0,,4.0
IRDM,False,0.0,"graham_debt_to_equity,graham_pe,graham_pe_times_pb",5047952384.0,48.121212,10.753951,2.782,3.7865699999999998,0.19715,0.71851,0.15099,239205376.0,0.0128,4.0
IPAR,False,0.0,"graham_pe,graham_pe_times_pb",3835087104.0,22.72296,4.3499584,3.261,0.16428,0.19758,0.59213,0.21495001,137205120.0,0.0262,4.0
IOSP,False,0.0,"munger_roe,munger_gross_margin",2071224704.0,18.360262,1.5454028,2.984,0.03742,0.086940005,0.27413,0.06995,12037500.0,0.021,4.0
JOE,False,0.0,"graham_pe,graham_pe_times_pb,munger_roe",3566867456.0,32.19171,4.6640644,4.197,0.72568,0.14867,0.43102002,0.18351,114087000.0,0.0104,4.0
LQDT,False,0.0,"data_missing:dividend_yield,graham_size,graham_pe,graham_pe_times_pb,munger_roe",1168360832.0,40.290325,5.2596855,1.514,0.06675,0.14457,0.46701,0.08019,69622624.0,,4.0
LQDA,False,0.0,"data_missing:dividend_yield,graham_debt_to_equity,graham_earnings_stability,graham_pe,graham_pe_times_pb",7917268480.0,523.7059,72.38211,2.224,1.70221,0.28182,0.91815,0.46291,9584125.0,,0.0
LPG,False,0.0,graham_size,1951318016.0,10.046256,1.7131804,2.667,0.62258,0.17726,0.68933,0.55215,50462140.0,0.0762,4.0
LNN,False,0.0,"graham_size,graham_pe,graham_pe_times_pb,munger_roe,munger_gross_margin",1153456640.0,21.771593,2.3111246,2.935,0.27616,0.10741,0.29463,0.115159996,41360124.0,0.0134,4.0
LNC,False,0.0,"graham_earnings_stability,munger_gross_margin",7807235072.0,4.4671774,0.8462001,2.193,0.65727,0.18767,0.27021,-0.04072,2871124992.0,0.0432,2.0
LMAT,False,0.0,"graham_pe,graham_pe_times_pb",2227718656.0,35.84191,5.477889,14.319,0.46680999999999995,0.16548,0.71334,0.26709,53266876.0,0.0101,4.0
LKQ,False,0.0,munger_roe,6323908608.0,12.41,0.97959507,1.544,0.8067799999999999,0.08139,0.38301998,0.072069995,789750016.0,0.047599999999999996,4.0
LKFN,False,0.0,"data_missing:current_ratio,data_missing:debt_to_equity,data_missing:free_cash_flow,graham_size,munger_gross_margin",1522718336.0,14.313817,2.0345528,,,0.15207,0.0,0.49372002,,0.0339,4.0
LGND,False,0.0,"data_missing:dividend_yield,graham_earnings_stability,graham_pe,graham_pe_times_pb",6055406080.0,39.39374,6.0680003,21.281,0.45319000000000004,0.1713,0.83161,0.33580002,142107376.0,,1.0
LIF,False,0.0,"data_missing:dividend_yield,graham_earnings_stability,graham_pe,graham_pe_times_pb",4015120128.0,28.314285,6.682928,5.372,0.52071,0.30646,0.77102,-0.05644,60412376.0,,1.0
LGIH,False,0.0,"data_missing:dividend_yield,graham_size,munger_roe,munger_gross_margin",1355138944.0,19.1875,0.644566,35.322,0.81549,0.03412,0.2048,-0.00059999997,41732000.0,,4.0
KN,False,0.0,"data_missing:dividend_yield,graham_earnings_stability,graham_pe,graham_pe_times_pb,munger_roe",3320609280.0,54.661976,4.255949,3.272,0.19444,0.08151,0.4509,0.11757,45887500.0,,1.0
LEG,False,0.0,"graham_size,graham_debt_to_equity,graham_earnings_stability,munger_gross_margin",1447549568.0,6.5838513,1.391624,2.333,1.5849799999999998,0.25155002,0.18452999,0.050970003,251012496.0,0.0187,1.0
LCII,False,0.0,"munger_roe,munger_gross_margin",2542983680.0,12.818627,1.8311683,2.91,0.8905200000000001,0.14652,0.24051,0.08726,127543504.0,0.0434,4.0
LBRT,False,0.0,"graham_pe,graham_pe_times_pb,munger_roe,munger_gross_margin,munger_fcf",3201815808.0,21.56044,1.6318723,2.212,0.83308,0.07664,0.19742,0.00369,-190943248.0,0.0143,4.0
LAZ,False,0.0,"data_missing:free_cash_flow,graham_debt_to_equity,graham_earnings_stability,graham_pe_times_pb",4237742336.0,17.083334,4.808444,8.447,2.40849,0.34348,0.89862,0.13753,,0.045899999999999996,2.0
LAUR,False,0.0,"data_missing:dividend_yield,graham_current_ratio,graham_pe_times_pb",5123205120.0,19.572191,4.885863,0.57,0.68865,0.2882,0.36967,-0.10098,330261504.0,,4.0
KWR,False,0.0,"graham_earnings_stability,graham_pe,graham_pe_times_pb,munger_roe",2584474368.0,572.38464,1.8785897,2.452,0.6594599999999999,0.0032,0.36386,0.08623,108362376.0,0.0134,0.0
KTB,False,0.0,"graham_debt_to_equity,graham_pe_times_pb",4608056832.0,16.808468,7.4311438,1.869,2.06082,0.53224,0.48106,0.1724,204786256.0,0.024399999999999998,4.0
KSS,False,0.0,"graham_current_ratio,graham_debt_to_equity,graham_earnings_stability,munger_roe",2063879936.0,7.647059,0.51107806,1.482,1.62351,0.069970004,0.40521,0.014520001,807124992.0,0.0262,3.0
KRYS,False,0.0,"data_missing:dividend_yield,graham_earnings_stability,graham_pe,graham_pe_times_pb",9654620160.0,43.842037,7.5509543,9.459,0.00714,0.19902,0.94166,0.46141997,137491504.0,,3.0
KOP,False,0.0,"graham_size,graham_debt_to_equity,munger_roe,munger_gross_margin",960822016.0,13.251989,1.7483202,2.714,1.8647900000000002,0.14696999,0.22820999,0.056009997,130575000.0,0.006999999999999999,4.0
KNTK,False,0.0,"graham_current_ratio,graham_debt_to_equity,graham_pe,graham_pe_times_pb,munger_fcf",8643840000.0,20.601593,-2.1314044,0.594,1.36845,0.17466,0.40834,-0.0094099995,-117929128.0,0.0622,4.0
LFST,False,0.0,"data_missing:dividend_yield,graham_current_ratio,graham_earnings_stability,graham_pe,graham_pe_times_pb,munger_roe",4127630336.0,180.16667,2.8372705,1.485,0.32271,0.01581,0.32596,0.05544,140700368.0,,1.0
HIW,False,0.0,"graham_current_ratio,graham_debt_to_equity,graham_pe,graham_pe_times_pb,munger_roe",3681743104.0,39.493977,1.5430965,0.727,1.4167699999999999,0.03771,0.67533994,0.25311002,357904992.0,0.061500000000000006,4.0
HFWA,False,0.0,"data_missing:current_ratio,data_missing:debt_to_equity,data_missing:free_cash_flow,graham_size,munger_roe,munger_gross_margin",1248518016.0,14.84804,1.1199024,,,0.072670005,0.0,0.32294998,,0.0318,4.0
HE,False,0.0,"data_missing:dividend_yield,graham_current_ratio,graham_debt_to_equity,graham_earnings_stability,munger_roe,munger_gross_margin",2335759872.0,18.283783,1.4264629,1.338,1.7995500000000002,0.07987,0.18431999,0.07269,101446624.0,,1.0
HCSG,False,0.0,"data_missing:free_cash_flow,data_missing:dividend_yield,graham_size,graham_pe,graham_pe_times_pb,munger_gross_margin",1539368960.0,23.605263,3.0589278,3.022,0.02183,0.24691999,0.17114,0.04717,,,4.0
HCI,False,0.0,"graham_current_ratio,graham_earnings_stability",2233203200.0,7.669882,2.0725234,1.004,0.057460000000000004,0.38464,0.59559,0.47886002,449517504.0,0.0091,3.0
HCC,False,0.0,"graham_pe,graham_pe_times_pb,munger_roe,munger_gross_margin,munger_fcf",4279599360.0,31.053642,1.9411781,3.479,0.10613,0.06424,0.28338,0.17307,-174414752.0,0.0039000000000000003,4.0
HAYW,False,0.0,"data_missing:dividend_yield,graham_pe_times_pb,munger_roe",3126436608.0,19.739725,1.9459823,3.261,0.62842,0.105270006,0.48073003,0.16846001,31823000.0,,4.0
HASI,False,0.0,"data_missing:free_cash_flow,graham_debt_to_equity,graham_pe,graham_pe_times_pb,munger_roe",4901170688.0,95.87499,1.9965638,3.824,2.12739,0.0225,1.0,-1.23768,,0.0446,4.0
HAFC,False,0.0,"data_missing:current_ratio,data_missing:debt_to_equity,data_missing:free_cash_flow,graham_size,munger_roe,munger_gross_margin",959074624.0,12.022388,1.1870464,,,0.11344,0.0,0.45029998,,0.035699999999999996,4.0
GVA,False,0.0,"graham_current_ratio,graham_debt_to_equity,graham_pe,graham_pe_times_pb,munger_gross_margin",5543144448.0,34.525883,5.370661,1.085,1.29134,0.20034,0.15899,-0.03735,127455128.0,0.0040999999999999995,4.0
INVX,False,0.0,"data_missing:dividend_yield,graham_size,graham_pe,graham_pe_times_pb,munger_roe",1862109824.0,35.56,1.7756324,5.095,0.07392,0.05163,0.31866,0.121190004,135284752.0,,4.0
GTM,False,0.0,"data_missing:dividend_yield,graham_size,graham_current_ratio,graham_debt_to_equity,munger_roe",848788032.0,7.2000003,0.57866186,0.685,1.06562,0.08123,0.86746,0.21889,354837504.0,,4.0
GTES,False,0.0,"data_missing:dividend_yield,graham_pe,graham_pe_times_pb,munger_roe",6840144896.0,28.442106,2.0372465,3.669,0.6347200000000001,0.07683,0.40297002,0.12866001,364100000.0,,4.0
GT,False,0.0,"data_missing:trailing_pe,data_missing:dividend_yield,graham_current_ratio,graham_debt_to_equity,graham_earnings_stability,munger_roe,munger_gross_margin",2020693632.0,,0.6725342,1.04,2.53056,-0.49976003,0.18562001,0.00155,145750000.0,,0.0
GSHD,False,0.0,"data_missing:debt_to_equity,data_missing:return_on_equity,data_missing:free_cash_flow,data_missing:dividend_yield,graham_size,graham_pe,graham_pe_times_pb",1919166464.0,47.280704,-10.521179,1.544,,,0.49563,0.23452,,,4.0
GRBK,False,0.0,data_missing:dividend_yield,3061537280.0,10.450663,1.638345,7.349,0.14234,0.17393999,0.30759,0.18119,81936376.0,,4.0
GPOR,False,0.0,"data_missing:dividend_yield,graham_current_ratio,graham_earnings_stability",2839203072.0,5.193951,1.5786897,0.559,0.45587000000000005,0.33986,0.69308,0.50863,146801504.0,,1.0
GPI,False,0.0,"graham_current_ratio,graham_debt_to_equity,munger_roe,munger_gross_margin",3886901504.0,12.421293,1.3543048,0.948,1.9763,0.11176,0.16054001,0.04553,279712512.0,0.0067,4.0
GOLF,False,0.0,"graham_debt_to_equity,graham_pe,graham_pe_times_pb,munger_fcf",6173353472.0,36.992985,7.4810185,2.866,1.53756,0.21019,0.47515,0.17554002,-22558876.0,0.0096,4.0
GO,False,0.0,"data_missing:trailing_pe,data_missing:dividend_yield,graham_size,graham_current_ratio,graham_debt_to_equity,graham_earnings_stability,munger_roe,munger_fcf",884368640.0,,1.0957224,1.281,2.28197,-0.38448003,0.30067,-0.00105,-60709752.0,,0.0
OGS,False,0.0,"graham_current_ratio,munger_roe,munger_fcf",5019747328.0,18.054178,1.4237398,0.568,0.95902,0.081499994,0.37599,0.22657,-285780384.0,0.0339,4.0
GNL,False,0.0,"data_missing:trailing_pe,graham_size,graham_debt_to_equity,graham_earnings_stability,munger_roe",1874479360.0,,1.2052118,2.209,1.59296,-0.02815,0.87367,0.31272,672852096.0,0.083,0.0
GTY,False,0.0,"graham_pe,graham_pe_times_pb,munger_roe",2098810496.0,22.686274,1.9265138,1.669,0.81057,0.08879,0.96139,0.47073,123614872.0,0.0542,4.0
INVA,False,0.0,"data_missing:dividend_yield,graham_size",1564745600.0,3.3865814,1.166245,21.134,0.24702000000000002,0.50725,0.74100995,0.40108,105171624.0,,4.0
INSP,False,0.0,"data_missing:dividend_yield,graham_size,graham_earnings_stability",1463996288.0,11.547728,1.8469647,6.339,0.0373,0.18365,0.85776,-0.00546,85575000.0,,2.0
INDV,False,0.0,"data_missing:debt_to_equity,data_missing:return_on_equity,data_missing:dividend_yield,graham_current_ratio,graham_earnings_stability,graham_pe,graham_pe_times_pb",4788467712.0,20.774357,-34.33051,0.856,,,0.84961,0.46056998,44250000.0,,2.0
INDB,False,0.0,"data_missing:current_ratio,data_missing:debt_to_equity,data_missing:free_cash_flow,munger_roe,munger_gross_margin",4036630528.0,15.329113,1.1492678,,,0.08239,0.0,0.47252,,0.028900000000000002,4.0
IIPR,False,0.0,"graham_size,graham_current_ratio,munger_roe",1776545792.0,15.630102,0.9711062,0.355,0.19318000000000002,0.06287,0.88461,0.49796,156342128.0,0.122,4.0
ICUI,False,0.0,"data_missing:dividend_yield,graham_earnings_stability,graham_pe,graham_pe_times_pb,munger_roe",3835515648.0,82.50538,1.8160733,2.343,0.63621,0.02261,0.37934,0.0573,387079616.0,,1.0
ICHR,False,0.0,"data_missing:trailing_pe,data_missing:dividend_yield,graham_earnings_stability,munger_roe,munger_gross_margin",3278200064.0,,4.8902526,2.822,0.23751999999999998,-0.07409,0.11995,0.010729999,23778376.0,,0.0
IBP,False,0.0,"graham_debt_to_equity,graham_pe,graham_pe_times_pb",6004545536.0,23.811968,8.939875,3.345,1.76869,0.38362,0.33867002,0.088719994,317162496.0,0.0147,4.0
IART,False,0.0,"data_missing:trailing_pe,data_missing:dividend_yield,graham_size,graham_debt_to_equity,graham_earnings_stability,munger_roe",1443910528.0,,1.3855915,3.379,1.9578499999999999,-0.38634998,0.56716,0.10406999,69289752.0,,0.0
HZO,False,0.0,"data_missing:trailing_pe,data_missing:dividend_yield,graham_size,graham_current_ratio,graham_debt_to_equity,graham_earnings_stability,munger_roe",739485120.0,,0.7932232,1.181,1.27776,-0.06458,0.32687,0.01695,126601872.0,,0.0
HWKN,False,0.0,"graham_pe,graham_pe_times_pb,munger_gross_margin",2912888832.0,35.63427,6.5886416,2.208,0.42302999999999996,0.16403,0.22613001,0.09476,75054624.0,0.0053,4.0
HLIT,False,0.0,"data_missing:dividend_yield,graham_size,graham_earnings_stability,graham_pe,graham_pe_times_pb,munger_roe,munger_fcf",1258558592.0,145.00002,3.5430667,2.265,0.36901000000000006,0.0212,0.48291,0.16803,-81867248.0,,0.0
HTZ,False,0.0,"data_missing:trailing_pe,data_missing:debt_to_equity,data_missing:return_on_equity,data_missing:dividend_yield,graham_size,graham_current_ratio,graham_earnings_stability,munger_gross_margin,munger_fcf",601531392.0,,-0.7635271,0.776,,,0.15722,-0.04142,-16875000.0,,0.0
HTO,False,0.0,"graham_debt_to_equity,graham_pe,graham_pe_times_pb,munger_roe,munger_fcf",2674428672.0,21.89041,1.4581622,2.021,1.02184,0.06501,0.5683,0.21476999,-261451008.0,0.0275,4.0
HTLD,False,0.0,"data_missing:trailing_pe,graham_size,graham_current_ratio,graham_earnings_stability,munger_roe,munger_gross_margin,munger_fcf",1149172224.0,,1.5337677,1.272,0.20448,-0.055760004,0.28096,-0.06021,-49085000.0,0.0052,0.0
HTH,False,0.0,"data_missing:current_ratio,data_missing:debt_to_equity,data_missing:free_cash_flow,munger_roe,munger_gross_margin",2220635648.0,14.425855,1.0357347,,,0.07564,0.0,0.16885,,0.0199,4.0
HSTM,False,0.0,"graham_size,graham_current_ratio,graham_pe,graham_pe_times_pb,munger_roe",770988800.0,39.388058,2.1971526,0.974,0.03996,0.05574,0.64886004,0.09251001,49804624.0,0.0049,4.0
HRMY,False,0.0,"data_missing:dividend_yield,graham_pe_times_pb",2072557696.0,14.435483,2.2756164,3.583,0.18082,0.17857,0.76548,0.17312999,149726496.0,,4.0
HP,False,0.0,"data_missing:trailing_pe,graham_earnings_stability,munger_roe",3504578560.0,,1.385673,1.706,0.76142,-0.1297,0.31465,-0.01196,359362624.0,0.028399999999999998,0.0
HOPE,False,0.0,"data_missing:current_ratio,data_missing:debt_to_equity,data_missing:free_cash_flow,graham_size,graham_pe,munger_roe,munger_gross_margin",1718154496.0,24.436363,0.75235105,,,0.031519998,0.0,0.31493,,0.0414,4.0
HNI,False,0.0,"graham_current_ratio,graham_pe,graham_pe_times_pb,munger_roe,munger_fcf",2920752384.0,150.25925,1.646777,1.385,0.97406,0.00116,0.41052,0.01403,-6825000.0,0.034,4.0
HMN,False,0.0,munger_roe,2071958016.0,12.89196,1.4094993,2.841,0.40395000000000003,0.11739001,0.38762,0.13906,275637504.0,0.027999999999999997,4.0
HLX,False,0.0,"data_missing:dividend_yield,graham_size,graham_earnings_stability,graham_pe,graham_pe_times_pb,munger_roe,munger_gross_margin",1429609728.0,97.0,0.9176916,2.915,0.40194,0.00925,0.10791001,-0.046240002,208449248.0,,2.0
HUBG,False,0.0,"graham_current_ratio,graham_pe,graham_pe_times_pb,munger_roe,munger_gross_margin",3009975808.0,28.287357,1.7689128,1.474,0.2841,0.06241,0.11378,0.04162,59145876.0,0.0098,4.0
NWN,False,0.0,"graham_current_ratio,graham_debt_to_equity,munger_roe,munger_fcf",2159984640.0,17.578768,1.3697498,0.8,1.7011699999999998,0.08103,0.44548,0.33211,-284913248.0,0.0382,4.0
NWL,False,0.0,"data_missing:trailing_pe,graham_current_ratio,graham_debt_to_equity,graham_earnings_stability,munger_roe",2137386752.0,,0.91255444,1.042,2.43126,-0.11169,0.33992,0.02711,432624992.0,0.0519,0.0
NWBI,False,0.0,"data_missing:current_ratio,data_missing:debt_to_equity,data_missing:free_cash_flow,munger_roe,munger_gross_margin",2237150976.0,16.619564,1.174708,,,0.07534,0.0,0.42398,,0.052199999999999996,4.0
NTST,False,0.0,"graham_earnings_stability,graham_pe,graham_pe_times_pb,munger_roe",2132196224.0,181.91667,1.4105712,1.734,0.8858400000000001,0.00962,0.90376997,0.39020002,198188368.0,0.0408,1.0
NTCT,False,0.0,"data_missing:dividend_yield,graham_earnings_stability,graham_pe,graham_pe_times_pb,munger_roe",2820486400.0,30.346155,1.7094203,1.846,0.024009999999999997,0.05953,0.79407996,0.096599996,261219248.0,,1.0
NSSC,False,0.0,"graham_size,graham_pe,graham_pe_times_pb",1274036736.0,34.62136,7.166399,4.946,0.12493,0.21744,0.573,0.17812,48234624.0,0.0169,4.0
NSP,False,0.0,"data_missing:trailing_pe,graham_size,graham_current_ratio,graham_debt_to_equity,graham_earnings_stability,munger_roe,munger_gross_margin",1831357440.0,,27.339031,1.089,6.417910000000001,-0.26882,0.13033,0.03272,85000000.0,0.0492,0.0
NSIT,False,0.0,"data_missing:dividend_yield,graham_current_ratio,graham_debt_to_equity,graham_pe,graham_pe_times_pb,munger_roe,munger_gross_margin",3493384960.0,20.616756,2.178893,1.215,1.07866,0.112629995,0.21968001,0.051680002,165567248.0,,4.0
NPO,False,0.0,"graham_pe,graham_pe_times_pb,munger_roe",7118629888.0,165.17159,4.5552254,2.205,0.39533999999999997,0.0287,0.43074,0.15875,133787504.0,0.0038,4.0
NPK,False,0.0,"graham_size,graham_pe,graham_pe_times_pb,munger_roe,munger_gross_margin,munger_fcf",874113920.0,27.16704,2.201805,5.877,0.02355,0.08406,0.15369001,0.05331,-12435875.0,0.008199999999999999,4.0
LRN,False,0.0,data_missing:dividend_yield,3660112896.0,13.469483,2.1964476,6.211,0.33340000000000003,0.20143,0.38374,0.20778999,217194880.0,,4.0
NMIH,False,0.0,data_missing:dividend_yield,3158911232.0,8.45122,1.2028118,1.814,0.16168,0.15571,0.76014,0.71973,313044992.0,,4.0
NIC,False,0.0,"data_missing:current_ratio,data_missing:debt_to_equity,data_missing:free_cash_flow,graham_pe_times_pb,munger_roe,munger_gross_margin",3589659136.0,19.848413,1.5886049,,,0.08906999,0.0,0.49842,,0.008100000000000001,4.0
NHI,False,0.0,"graham_current_ratio,graham_pe,graham_pe_times_pb,munger_roe",3875262720.0,25.790323,2.5576632,0.6,0.9756900000000001,0.098570004,0.77983004,0.61341,207952256.0,0.046,4.0
NHC,False,0.0,"graham_pe,graham_pe_times_pb,munger_roe",3459906560.0,28.146124,3.1689556,1.856,0.03585,0.12014,0.39181998,0.08447,118574000.0,0.0118,4.0
NGVT,False,0.0,"data_missing:trailing_pe,data_missing:dividend_yield,graham_current_ratio,graham_debt_to_equity,graham_earnings_stability,munger_roe",2564759808.0,,66.152466,1.421,32.0,-1.1407701,0.39569,0.26744,225800000.0,,0.0
NEOG,False,0.0,"data_missing:trailing_pe,data_missing:dividend_yield,graham_earnings_stability,munger_roe",2091837824.0,,0.9949269,3.918,0.37819,-0.25566998,0.45209,-0.01563,19474124.0,,0.0
NEO,False,0.0,"data_missing:trailing_pe,data_missing:dividend_yield,graham_size,graham_earnings_stability,munger_roe",1854215680.0,,2.2277846,4.418,0.49294,-0.115559995,0.431,-0.09342,33170624.0,,0.0
NE,False,0.0,"graham_pe,graham_pe_times_pb,munger_roe",6878026240.0,30.146854,1.49854,1.994,0.42662999999999995,0.049569998,0.35731998,0.18593,386690880.0,0.0461,4.0
NBTB,False,0.0,"data_missing:current_ratio,data_missing:debt_to_equity,data_missing:free_cash_flow,munger_roe,munger_gross_margin",2669165056.0,14.497175,1.3942622,,,0.10553,0.0,0.40604,,0.0286,4.0
NBHC,False,0.0,"data_missing:current_ratio,data_missing:debt_to_equity,data_missing:free_cash_flow,graham_size,munger_roe,munger_gross_margin",1933171968.0,16.104477,1.1585956,,,0.06527,0.0,0.27471,,0.029300000000000003,4.0
NAVI,False,0.0,"data_missing:trailing_pe,data_missing:free_cash_flow,graham_size,graham_debt_to_equity,graham_earnings_stability,munger_roe",793270656.0,,0.33341235,7.863,19.0,-0.02456,1.0,0.256,,0.07429999999999999,0.0
NOG,False,0.0,"data_missing:trailing_pe,graham_current_ratio,graham_debt_to_equity,munger_roe,munger_fcf",2371494400.0,,1.2868189,0.526,1.4299100000000002,-0.29766,0.74581003,-0.73636,-13380500.0,0.0816,4.0
PENN,False,0.0,"data_missing:trailing_pe,data_missing:dividend_yield,graham_current_ratio,graham_debt_to_equity,graham_earnings_stability,munger_roe,munger_fcf",2715010304.0,,1.408813,0.82,6.14494,-0.40058997,0.34529,0.054580003,-223500000.0,,0.0
PENG,False,0.0,"data_missing:dividend_yield,graham_earnings_stability,graham_pe,graham_pe_times_pb,munger_gross_margin,munger_fcf",2993086208.0,42.021584,7.576858,1.544,0.77496,0.16194999,0.27924,0.108260006,-107568000.0,,1.0
PECO,False,0.0,"graham_current_ratio,graham_pe,graham_pe_times_pb,munger_roe",5920269312.0,46.391304,2.3593144,1.422,0.96488,0.04896,0.71072996,0.30517998,186162128.0,0.03,4.0
PEB,False,0.0,"data_missing:trailing_pe,graham_current_ratio,graham_earnings_stability,munger_roe,munger_gross_margin",2150614272.0,,0.87950295,0.597,0.97059,-0.01844,0.25157,0.04553,262977504.0,0.002,0.0
PDFS,False,0.0,"data_missing:dividend_yield,graham_earnings_stability,graham_pe,graham_pe_times_pb,munger_roe,munger_fcf",2191774976.0,290.8333,7.4498363,2.343,0.25672,0.02713,0.72077006,0.10499,-31306750.0,,0.0
PCRX,False,0.0,"data_missing:dividend_yield,graham_size,graham_earnings_stability,graham_pe,graham_pe_times_pb,munger_roe",1020291712.0,199.46155,1.5588553,4.734,0.6288199999999999,0.00708,0.79335,0.02607,98615624.0,,1.0
PBI,False,0.0,"data_missing:debt_to_equity,data_missing:return_on_equity,graham_current_ratio,graham_earnings_stability,graham_pe_times_pb",2417629440.0,17.163462,-2.7652984,0.621,,,0.54061,0.23371,254778624.0,0.0222,1.0
PBH,False,0.0,"data_missing:dividend_yield,graham_earnings_stability,munger_roe",2318393856.0,12.5166235,1.2269046,3.568,0.55386,0.10225,0.55654,0.26806998,192759744.0,,3.0
PATK,False,0.0,"graham_debt_to_equity,graham_pe,graham_pe_times_pb,munger_roe,munger_gross_margin",2833252096.0,21.96658,2.3794274,2.713,1.35115,0.117010005,0.23099001,0.06491,112366376.0,0.0218,4.0
PAYO,False,0.0,"data_missing:dividend_yield,graham_current_ratio,graham_earnings_stability,graham_pe,graham_pe_times_pb,munger_roe,munger_fcf",2407944192.0,35.6,3.6494105,0.995,0.12142,0.1024,0.84913003,0.11476,-39308376.0,,3.0
PAYC,False,0.0,"graham_current_ratio,graham_pe_times_pb",6467177984.0,16.05324,7.780333,1.083,0.94074,0.37147,0.87597,0.36755002,294762496.0,0.0108,4.0
NX,False,0.0,"data_missing:trailing_pe,graham_size,graham_debt_to_equity,graham_earnings_stability,munger_roe,munger_gross_margin",838644608.0,,1.1418923,2.28,1.22271,-0.29746,0.26492,0.04047,82574872.0,0.0173,0.0
PAHC,False,0.0,"graham_size,graham_debt_to_equity,graham_pe_times_pb,munger_fcf",1380822912.0,14.609443,3.8161435,3.172,2.17971,0.30337998,0.32574,0.12560001,-17678250.0,0.014199999999999999,4.0
OUT,False,0.0,"graham_current_ratio,graham_debt_to_equity,graham_earnings_stability,graham_pe,graham_pe_times_pb",5614665216.0,29.803736,8.483639,0.816,6.04019,0.26812,0.50567,0.13245,175575008.0,0.037599999999999995,2.0
OTTR,False,0.0,munger_fcf,3871358720.0,13.8453455,2.0277522,2.039,0.6348199999999999,0.1547,0.43078,0.2469,-73573752.0,0.023799999999999998,4.0
OSW,False,0.0,"graham_earnings_stability,graham_pe,graham_pe_times_pb,munger_roe,munger_gross_margin",2618067968.0,34.38667,4.660282,2.519,0.16486,0.14222,0.13181,0.09234,39621376.0,0.0077,2.0
OSIS,False,0.0,"data_missing:dividend_yield,graham_debt_to_equity,graham_pe,graham_pe_times_pb",3533766656.0,24.473743,3.9513068,3.245,1.16873,0.17165,0.32839,0.13101,36977752.0,,4.0
OMCL,False,0.0,"data_missing:dividend_yield,graham_size,graham_current_ratio,graham_earnings_stability,graham_pe,graham_pe_times_pb,munger_roe",1812789248.0,90.59091,1.4425304,1.495,0.16088999999999998,0.01626,0.43873,0.054390002,112564376.0,,2.0
OII,False,0.0,"data_missing:free_cash_flow,data_missing:dividend_yield,graham_pe_times_pb,munger_gross_margin",4789766656.0,14.291667,4.3280754,2.176,0.41945,0.34570998,0.1982,0.11486,,,4.0
OI,False,0.0,"data_missing:trailing_pe,data_missing:dividend_yield,graham_size,graham_current_ratio,graham_debt_to_equity,graham_earnings_stability,munger_roe,munger_gross_margin",1370498048.0,,1.0740027,1.259,3.46369,-0.12085,0.16065,0.05649,127875000.0,,0.0
OGN,False,0.0,"graham_debt_to_equity,graham_pe_times_pb",3560984064.0,14.580646,3.9441538,1.973,9.48948,0.34048,0.53837,0.18699,529124992.0,0.0059,4.0
OFG,False,0.0,"data_missing:current_ratio,data_missing:debt_to_equity,data_missing:free_cash_flow,munger_gross_margin",2215953920.0,10.341223,1.6208613,,,0.16081,0.0,0.41737998,,0.024900000000000002,4.0
NXRT,False,0.0,"data_missing:trailing_pe,graham_size,graham_debt_to_equity,graham_earnings_stability,munger_roe",1336057472.0,,2.4253767,2.922,5.649220000000001,-0.09661,0.60191,0.10743,92712128.0,0.0814,0.0
PARR,False,0.0,"data_missing:dividend_yield,graham_earnings_stability,munger_gross_margin",3891697408.0,8.789354,2.522426,1.624,0.8747499999999999,0.33316,0.19015,0.03266,118488624.0,,1.0
MFP,False,0.0,"data_missing:return_on_equity,data_missing:free_cash_flow,data_missing:dividend_yield,graham_earnings_stability,graham_pe,graham_pe_times_pb",2158996480.0,67.253525,2.1237326,1.803,0.03636,,0.35762,0.108380005,,,3.0
MDU,False,0.0,"graham_current_ratio,graham_pe,graham_pe_times_pb,munger_roe,munger_fcf",4420476928.0,22.98913,1.5223494,0.779,0.89405,0.06726,0.34011,0.1894,-432695744.0,0.0265,4.0
MD,False,0.0,"data_missing:dividend_yield,graham_current_ratio,graham_earnings_stability,munger_gross_margin",2100678528.0,12.417476,2.3328774,1.326,0.71675,0.20893,0.26092,0.09781,163734256.0,,1.0
MCY,False,0.0,"graham_current_ratio,graham_earnings_stability,munger_gross_margin",5841284608.0,6.9518785,2.25525,0.875,0.22674,0.38082,0.25234,0.15747,1573970304.0,0.0124,3.0
MCRI,False,0.0,"data_missing:free_cash_flow,graham_current_ratio,graham_pe_times_pb",2115209728.0,19.12841,3.9494267,1.207,0.02218,0.20544,0.68021005,0.28201,,0.0102,4.0
MC,False,0.0,"data_missing:free_cash_flow,graham_earnings_stability,graham_pe,graham_pe_times_pb",4876855296.0,23.58633,10.012216,1.904,0.42939,0.41768003,0.92302,0.12663999,,0.0395,2.0
MBIN,False,0.0,"data_missing:current_ratio,data_missing:debt_to_equity,data_missing:free_cash_flow,munger_roe,munger_gross_margin",2143805440.0,11.382927,1.2050401,,,0.10165,0.0,0.57965,,0.0091,4.0
MBGL,False,0.0,"data_missing:return_on_equity,data_missing:free_cash_flow,data_missing:dividend_yield,graham_earnings_stability,graham_pe",6108097024.0,51.75,0.5273348,1.712,0.02176,,0.70588,0.22418,,,3.0
MBC,False,0.0,"data_missing:trailing_pe,data_missing:dividend_yield,graham_size,munger_roe,munger_gross_margin",1077630336.0,,0.8162078,2.077,0.96956,-0.0015199999,0.29015,-0.00922,21450000.0,,4.0
MATX,False,0.0,"graham_current_ratio,graham_pe_times_pb,munger_gross_margin",6463933952.0,15.856718,2.367645,0.824,0.25538,0.16001,0.2242,0.07746,239637504.0,0.006999999999999999,4.0
NATL,False,0.0,"data_missing:dividend_yield,graham_current_ratio,graham_debt_to_equity,graham_earnings_stability,graham_pe,graham_pe_times_pb,munger_gross_margin",3509090304.0,21.227678,8.861349,0.981,7.43182,0.50742,0.24061,0.09012,492624992.0,,2.0
MARA,False,0.0,"data_missing:trailing_pe,data_missing:dividend_yield,graham_debt_to_equity,graham_earnings_stability,munger_roe,munger_fcf",4868824576.0,,2.1791809,1.844,1.05602,-0.67333,0.45334,-5.5812597,-531064736.0,,0.0
MAN,False,0.0,"graham_current_ratio,graham_earnings_stability,graham_pe,munger_roe,munger_gross_margin",2323041792.0,22.5,1.1122245,1.043,0.67414,0.050809998,0.16235,0.023039998,129762496.0,0.0279,0.0
MAC,False,0.0,"data_missing:trailing_pe,graham_current_ratio,graham_debt_to_equity,graham_earnings_stability,munger_roe",7818467840.0,,2.704725,0.3,1.98966,-0.07108,0.55103,0.09118,403520736.0,0.0268,0.0
LZB,False,0.0,"graham_size,munger_roe",1554035328.0,15.724696,1.4925258,1.8,0.53101,0.09826,0.4446,0.1169,177578128.0,0.0246,4.0
LZ,False,0.0,"data_missing:dividend_yield,graham_size,graham_current_ratio,graham_earnings_stability,graham_pe,graham_pe_times_pb,munger_roe",1210116736.0,117.50001,8.323495,0.706,0.10362,0.06826,0.65893996,0.0194,131188752.0,,3.0
LYFT,False,0.0,"data_missing:dividend_yield,graham_current_ratio,graham_earnings_stability",5323149312.0,2.0497077,1.7724401,0.583,0.42616,1.47808,0.35622,-0.0032300001,1217614848.0,,2.0
LXP,False,0.0,"graham_pe,graham_pe_times_pb,munger_roe",3530036992.0,40.81879,1.8934063,2.276,0.6787000000000001,0.04842,0.81517,0.13914,173305744.0,0.0458,4.0
LW,False,0.0,"graham_current_ratio,graham_debt_to_equity,graham_pe,graham_pe_times_pb,munger_gross_margin",6790420480.0,23.089201,3.7407773,1.461,2.20065,0.17355,0.2066,0.109280005,596987520.0,0.0317,4.0
LUMN,False,0.0,"data_missing:trailing_pe,data_missing:debt_to_equity,data_missing:return_on_equity,data_missing:dividend_yield,graham_current_ratio,graham_earnings_stability,munger_fcf",6727931392.0,,-5.1055512,0.988,,,0.47306,-0.0069,-1959874944.0,,0.0
LTH,False,0.0,"data_missing:dividend_yield,graham_current_ratio,graham_debt_to_equity,graham_earnings_stability,graham_pe,graham_pe_times_pb,munger_roe,munger_fcf",9333732352.0,24.520468,2.8973188,0.531,1.29071,0.12954001,0.47876,0.17096001,-347000640.0,,3.0
LTC,False,0.0,"graham_pe_times_pb,munger_roe",2137849472.0,16.380392,2.1276488,18.463,0.85301,0.11344,0.64182,0.52867,234248496.0,0.054000000000000006,4.0
MATW,False,0.0,"graham_size,graham_debt_to_equity,graham_earnings_stability,graham_pe,graham_pe_times_pb,munger_roe",843713984.0,90.13333,1.6471735,1.636,1.24296,0.0211,0.37082002,0.0057099997,80116496.0,0.0368,0.0
NABL,False,0.0,"data_missing:trailing_pe,data_missing:dividend_yield,graham_size,graham_current_ratio,graham_earnings_stability,munger_roe",732791552.0,,0.9172365,1.26,0.54537,-0.01332,0.80227995,0.09837,81068000.0,,0.0
MYRG,False,0.0,"data_missing:dividend_yield,graham_current_ratio,graham_pe,graham_pe_times_pb,munger_gross_margin",6343640064.0,44.86784,9.024255,1.311,0.08753999999999999,0.22678,0.120620005,0.063779995,227822624.0,,4.0
MXL,False,0.0,"data_missing:trailing_pe,data_missing:dividend_yield,graham_earnings_stability,munger_roe",8170173440.0,,17.985413,1.701,0.33285,-0.27889,0.57155997,-0.12199,22663750.0,,0.0
MWA,False,0.0,graham_pe_times_pb,3893000192.0,18.848484,3.63477,4.569,0.42249000000000003,0.21333,0.37576,0.2206,99412496.0,0.0111,4.0
MTX,False,0.0,"graham_earnings_stability,munger_roe,munger_gross_margin",2270149376.0,14.383103,1.3136786,2.126,0.5485099999999999,0.09793,0.24886,0.12342,85250000.0,0.0064,0.0
MTUS,False,0.0,"data_missing:dividend_yield,graham_size,graham_earnings_stability,graham_pe,graham_pe_times_pb,munger_roe,munger_gross_margin,munger_fcf",859197952.0,294.85715,1.2583064,1.731,0.01933,0.00424,0.08288,0.02465,-46137500.0,,0.0
MTRN,False,0.0,"graham_pe,graham_pe_times_pb,munger_roe,munger_gross_margin,munger_fcf",5171457024.0,67.92623,5.403978,3.036,0.58783,0.08293,0.16403,0.0572,-2358875.0,0.0023,4.0
MTH,False,0.0,"munger_roe,munger_gross_margin",4781591552.0,13.062044,0.93732816,14.974,0.37341,0.074939996,0.19077998,0.05836,138710000.0,0.026600000000000002,4.0
MTCH,False,0.0,"data_missing:debt_to_equity,data_missing:return_on_equity,graham_pe_times_pb",8724168704.0,14.274811,-40.085747,1.569,,,0.73877996,0.27365,811330496.0,0.021,4.0
MSGS,False,0.0,"data_missing:trailing_pe,data_missing:debt_to_equity,data_missing:return_on_equity,data_missing:dividend_yield,graham_current_ratio,graham_earnings_stability,munger_gross_margin",9493209088.0,,-32.13267,0.463,,,0.2944,0.0074199997,50168500.0,,0.0
MSEX,False,0.0,"graham_size,graham_current_ratio,graham_pe,graham_pe_times_pb,munger_roe,munger_fcf",1048735936.0,23.4625,2.087798,0.391,0.8519199999999999,0.09222999,0.53194,0.29273,-30407376.0,0.025099999999999997,4.0
MGEE,False,0.0,"graham_current_ratio,graham_pe,graham_pe_times_pb,munger_roe,munger_fcf",3110313216.0,21.128204,2.2443144,1.153,0.6973999999999999,0.10948,0.41354,0.23502001,-180879248.0,0.0229,4.0
MRP,False,0.0,"graham_earnings_stability,munger_roe,munger_fcf",4695835136.0,10.136201,0.80199647,66.463,0.41516,0.078940004,0.85436,0.85202,-2056857728.0,0.10769999999999999,1.0
MRCY,False,0.0,"data_missing:trailing_pe,data_missing:dividend_yield,graham_earnings_stability,munger_roe,munger_gross_margin",6385002496.0,,4.2818604,3.186,0.44426000000000004,-0.00963,0.28683,0.031630002,97339000.0,,0.0
MPT,False,0.0,"data_missing:trailing_pe,graham_current_ratio,graham_debt_to_equity,graham_earnings_stability,munger_roe",2870880000.0,,0.6313298,1.175,2.1256399999999998,-0.026819998,0.95957,0.5823,782127232.0,0.0748,0.0
MMSI,False,0.0,"data_missing:dividend_yield,graham_pe,graham_pe_times_pb,munger_roe",4361366528.0,31.512932,2.6810665,5.08,0.5050399999999999,0.09121,0.48692,0.115159996,178187376.0,,4.0
MMI,False,0.0,"data_missing:trailing_pe,graham_size,graham_earnings_stability,munger_roe",1130872064.0,,1.986579,2.649,0.13186,-0.00099,0.37847,-0.03303,35525000.0,0.0165,0.0
MLKN,False,0.0,"graham_size,graham_debt_to_equity,graham_earnings_stability,munger_roe",1461924608.0,16.257574,1.0897826,1.577,1.28174,0.06983,0.38794997,0.060739998,86962496.0,0.034300000000000004,0.0
MKTX,False,0.0,"graham_pe_times_pb,munger_fcf",4062514688.0,13.543839,3.4130538,4.941,0.24251,0.24298,0.62059,0.43879002,-253787120.0,0.0276,4.0
MIR,False,0.0,"data_missing:dividend_yield,graham_earnings_stability,graham_pe,graham_pe_times_pb,munger_roe",4129788160.0,168.79999,2.244084,3.191,0.65338,0.01509,0.47085,0.014359999,68012496.0,,1.0
MHO,False,0.0,"data_missing:dividend_yield,munger_roe,munger_gross_margin",3783730432.0,11.032306,1.1770835,7.91,0.31690999999999997,0.116000004,0.21620001,0.09062,172782128.0,,4.0
MHK,False,0.0,"data_missing:dividend_yield,graham_earnings_stability,munger_roe,munger_gross_margin",6705455616.0,16.468563,0.8025241,2.159,0.30114,0.051030003,0.25340998,0.05475,858924992.0,,2.0
MGY,False,0.0,"graham_current_ratio,graham_pe_times_pb",6246595584.0,14.890173,2.345443,1.1,0.20281,0.16469999,0.80487,0.35637,219403872.0,0.0246,4.0
MRTN,False,0.0,"graham_size,graham_pe,graham_pe_times_pb,munger_roe,munger_gross_margin,munger_fcf",1377224576.0,93.77777,1.8020711,2.075,0.00057,0.018919999,0.23555,0.00085,-41072000.0,0.0139,4.0
ISRG,False,0.0,"data_missing:debt_to_equity,data_missing:dividend_yield,graham_pe,graham_pe_times_pb",118955474944.0,38.075687,6.7337294,4.963,,0.17423001,0.66679,0.33603,2615200000.0,,4.0
INTU,False,0.0,"graham_current_ratio,graham_pe_times_pb",77008871424.0,17.176937,3.7430036,1.453,0.33448,0.22496,0.80793,0.46974,5232000000.0,0.0169,4.0
IP,False,0.0,"data_missing:trailing_pe,graham_current_ratio,graham_earnings_stability,munger_roe,munger_gross_margin",20073988096.0,,1.3553323,1.213,0.65904,-0.16036,0.29687,0.03718,1711250048.0,0.048600000000000004,0.0
IFF,False,0.0,"graham_current_ratio,graham_earnings_stability,graham_pe,graham_pe_times_pb,munger_roe",18833735680.0,22.839008,1.3332971,1.492,0.45701,0.060510002,0.36346,0.10106,3702625024.0,0.0207,0.0
ICE,False,0.0,"graham_current_ratio,graham_pe,graham_pe_times_pb,munger_roe",80987054080.0,20.845707,2.7497551,1.011,0.70986,0.13853,1.0,0.57306,3743124992.0,0.0146,4.0
IBKR,False,0.0,"data_missing:free_cash_flow,graham_current_ratio,graham_debt_to_equity,graham_pe,graham_pe_times_pb",155645345792.0,36.4127,7.3191357,1.096,2.04148,0.24018998,0.93036,0.76532996,,0.0037,4.0
INTC,False,0.0,"data_missing:trailing_pe,data_missing:dividend_yield,graham_earnings_stability,munger_roe,munger_fcf",503755997184.0,,4.5195475,2.312,0.36028,-0.02911,0.372,0.06879,-8301250048.0,,0.0
PODD,False,0.0,"data_missing:dividend_yield,graham_pe,graham_pe_times_pb",10970138624.0,37.004673,8.421781,2.487,0.7784399999999999,0.22997999,0.71008,0.1603,253375008.0,,4.0
IR,False,0.0,"graham_pe,graham_pe_times_pb,munger_roe",32993607680.0,56.966213,3.2421935,2.227,0.48353,0.057150003,0.43222,0.17069,1035425024.0,0.001,4.0
INCY,False,0.0,"data_missing:dividend_yield,graham_pe_times_pb",23312580608.0,16.50495,4.149568,3.682,0.00701,0.30823,0.52766,0.25552,558867008.0,,4.0
NYT,False,0.0,"graham_pe,graham_pe_times_pb",11357905920.0,30.115881,5.6461215,1.604,0.02387,0.19677,0.50663,0.1313,390847360.0,0.0126,4.0
IDXX,False,0.0,"data_missing:dividend_yield,graham_current_ratio,graham_pe,graham_pe_times_pb",42546728960.0,39.74687,27.465372,1.119,0.7104,0.72915,0.62053,0.31783,786844480.0,,4.0
IEX,False,0.0,"graham_pe,graham_pe_times_pb,munger_roe",16447626240.0,32.87278,4.0769825,3.393,0.46915,0.12748,0.44435,0.1989,525024992.0,0.0131,4.0
IBM,False,0.0,"graham_current_ratio,graham_debt_to_equity,graham_pe_times_pb",194227290112.0,18.352575,5.890317,0.791,1.8897,0.34460998,0.58101004,0.16204001,11879000064.0,0.0329,4.0
HII,False,0.0,"graham_current_ratio,graham_pe_times_pb,munger_roe,munger_gross_margin",11312501760.0,18.65432,2.1964226,1.191,0.56946,0.12198,0.12445,0.065510005,634124992.0,0.0199,4.0
HBAN,False,0.0,"data_missing:current_ratio,data_missing:debt_to_equity,data_missing:free_cash_flow,munger_roe,munger_gross_margin",35272073216.0,13.384616,1.1894183,,,0.083859995,0.0,0.40698,,0.0339,4.0
HUM,False,0.0,"graham_pe,graham_pe_times_pb,munger_roe,munger_gross_margin",47364263936.0,42.057568,2.5492072,1.771,0.7707299999999999,0.062800005,0.14006,0.04671,1431374976.0,0.0089,4.0
HUBB,False,0.0,"graham_pe,graham_pe_times_pb",25806866432.0,28.847017,6.8478246,1.579,0.72468,0.25822002,0.35685003,0.17749001,541449984.0,0.011899999999999999,4.0
HPQ,False,0.0,"data_missing:debt_to_equity,data_missing:return_on_equity,graham_current_ratio,graham_pe_times_pb,munger_gross_margin",22414950400.0,9.077778,-156.11464,0.794,,,0.20315,0.07114,3450874880.0,0.0478,4.0
HWM,False,0.0,"graham_pe,graham_pe_times_pb",114866855936.0,66.45602,20.847433,2.444,0.8779399999999999,0.33818,0.35046002,0.28188,1192749952.0,0.0017000000000000001,4.0
HST,False,0.0,"graham_pe_times_pb,munger_roe,munger_gross_margin",16622639104.0,16.299318,2.4036915,2.471,0.80482,0.1487,0.28978002,0.19163,1190875008.0,0.0327,4.0
HRL,False,0.0,"graham_pe,graham_pe_times_pb,munger_roe,munger_gross_margin",13768111104.0,29.435293,1.7320873,1.938,0.04244,0.05831,0.15783,0.11057,471169760.0,0.0464,4.0
ITW,False,0.0,"graham_current_ratio,graham_debt_to_equity,graham_pe,graham_pe_times_pb",79667011584.0,25.711235,24.673439,1.188,2.8322000000000003,0.96848,0.44122002,0.25672,2215749888.0,0.0235,4.0
LHX,False,0.0,"data_missing:current_ratio,data_missing:return_on_equity,data_missing:free_cash_flow,graham_pe,graham_pe_times_pb",55827009536.0,32.53746,2.915617,,0.34574,,0.30414,0.097270004,,0.0175,4.0
KR,False,0.0,"graham_current_ratio,graham_debt_to_equity,graham_pe,graham_pe_times_pb,munger_roe,munger_gross_margin",34161211392.0,32.608185,6.026805,0.791,3.73449,0.13779001,0.23979001,0.03224,2994500096.0,0.025,4.0
KHC,False,0.0,"data_missing:trailing_pe,graham_current_ratio,graham_earnings_stability,munger_roe",30071322624.0,,0.71743804,1.195,0.50258,-0.12576,0.33973998,0.20738001,3212250112.0,0.0616,0.0
KLAC,False,0.0,"graham_debt_to_equity,graham_pe,graham_pe_times_pb",285721559040.0,62.139202,49.03161,3.026,1.054,0.94975996,0.61446,0.41215,2890187008.0,0.0043,4.0
KKR,False,0.0,"data_missing:free_cash_flow,graham_current_ratio,graham_earnings_stability,graham_pe,graham_pe_times_pb,munger_roe",89486417920.0,32.642857,3.0536466,0.857,0.69029,0.076630004,0.55542,0.11012,,0.0079,3.0
KMI,False,0.0,"data_missing:free_cash_flow,graham_current_ratio,graham_pe,graham_pe_times_pb,munger_roe",72907546624.0,21.993288,2.32758,0.458,0.9808100000000001,0.109910004,0.49407002,0.30065,,0.0362,4.0
KIM,False,0.0,"graham_current_ratio,graham_pe,graham_pe_times_pb,munger_roe",17358792704.0,29.586206,1.670886,0.486,0.7878799999999999,0.058579996,0.68961,0.34428,838712128.0,0.0398,4.0
KMB,False,0.0,"graham_current_ratio,graham_debt_to_equity,graham_pe,graham_pe_times_pb",35620519936.0,20.756285,19.831825,0.766,3.71264,1.11727,0.37147,0.19649,1054625024.0,0.047,4.0
KEYS,False,0.0,"data_missing:dividend_yield,graham_pe,graham_pe_times_pb",55563210752.0,52.271706,8.769285,1.903,0.43642000000000003,0.18174,0.62139,0.18812001,1085750016.0,,4.0
KEY,False,0.0,"data_missing:current_ratio,data_missing:debt_to_equity,data_missing:free_cash_flow,graham_earnings_stability,munger_roe,munger_gross_margin",24356634624.0,13.286549,1.4080317,,,0.1033,0.0,0.3471,,0.0355,1.0
IVZ,False,0.0,"data_missing:trailing_pe,graham_current_ratio,graham_earnings_stability,munger_roe,munger_gross_margin",13210240000.0,,1.3556546,0.822,0.14829,-0.01535,0.28915,0.191,861862528.0,0.0282,0.0
KVUE,False,0.0,"graham_current_ratio,graham_pe,graham_pe_times_pb",36288163840.0,22.5,3.4208143,0.983,0.82975,0.15701,0.58599,0.21617001,1858000000.0,0.0434,4.0
JPM,False,0.0,"data_missing:current_ratio,data_missing:debt_to_equity,data_missing:free_cash_flow,graham_pe_times_pb,munger_gross_margin",930104213504.0,14.997857,2.6306884,,,0.17789,0.0,0.50394,,0.0172,4.0
JCI,False,0.0,"graham_current_ratio,graham_pe,graham_pe_times_pb,munger_roe",87423459328.0,43.953987,6.4673223,1.036,0.70317,0.13449,0.36561,0.14017999,2870374912.0,0.011200000000000002,4.0
JNJ,False,0.0,"data_missing:current_ratio,data_missing:return_on_equity,data_missing:free_cash_flow,graham_pe,graham_pe_times_pb",624119119872.0,30.11266,7.685489,,0.6773,,0.68097,0.28605,,0.021,4.0
J,False,0.0,"graham_current_ratio,graham_debt_to_equity,graham_pe,graham_pe_times_pb,munger_roe,munger_gross_margin",15586675712.0,38.938053,4.7379756,1.434,1.38776,0.09380999,0.2342,-0.00936,512446368.0,0.011000000000000001,4.0
JKHY,False,0.0,"graham_pe,graham_pe_times_pb",10531857408.0,20.702515,4.944461,1.744,0.06398,0.24892001,0.44057,0.24369,373407744.0,0.0163,4.0
JBL,False,0.0,"graham_current_ratio,graham_debt_to_equity,graham_pe,graham_pe_times_pb,munger_gross_margin",33745635328.0,40.305386,25.516203,0.981,2.9713600000000002,0.65876,0.092259996,0.05211,1211624960.0,0.001,4.0
JBHT,False,0.0,"data_missing:free_cash_flow,graham_current_ratio,graham_pe,graham_pe_times_pb,munger_gross_margin",27171842048.0,41.10369,7.430985,1.255,0.39486,0.18448,0.18505,0.07423,,0.0062,4.0
IRM,False,0.0,"data_missing:debt_to_equity,data_missing:return_on_equity,graham_current_ratio,graham_pe,graham_pe_times_pb,munger_fcf",37056700416.0,135.38043,-30.49706,0.769,,,0.55018,0.20955999,-499464512.0,0.0278,4.0
IQV,False,0.0,"data_missing:dividend_yield,graham_current_ratio,graham_debt_to_equity,graham_pe,graham_pe_times_pb",34601709568.0,25.722084,5.5620546,0.747,2.53536,0.22490999,0.32991,0.13611001,2276750080.0,,4.0
INVH,False,0.0,"graham_current_ratio,graham_pe,graham_pe_times_pb,munger_roe",17488596992.0,30.989475,1.9235544,1.497,0.97038,0.061929997,0.57181,0.24277,1021075392.0,0.0407,4.0
KDP,False,0.0,"graham_pe,graham_pe_times_pb,munger_roe,munger_fcf",40367800320.0,21.977777,1.5979103,2.307,0.85985,0.06312,0.53777003,0.19014,-16345499648.0,0.0305,4.0
IT,False,0.0,"data_missing:dividend_yield,graham_current_ratio,graham_debt_to_equity,graham_pe_times_pb",8950798336.0,13.210475,143.13704,0.939,52.9341,0.94878,0.68987,0.20499,1064192896.0,,4.0
GRMN,False,0.0,"graham_pe,graham_pe_times_pb",46304776192.0,26.767,4.9957347,4.361,0.02331,0.19899,0.59139,0.24617,810156096.0,0.0175,4.0
FCX,False,0.0,"graham_pe,graham_pe_times_pb",91285045248.0,33.597885,4.678406,2.386,0.33008000000000004,0.15630999,0.38636002,0.31072,1709874944.0,0.0092,4.0
BEN,False,0.0,"graham_pe,graham_pe_times_pb,munger_roe,munger_fcf",16779083776.0,24.648857,1.3839362,5.508,0.23471,0.06704,0.37355998,0.17238002,-242137504.0,0.0408,4.0
FOXA,False,0.0,graham_pe_times_pb,23132325888.0,14.497369,2.113319,2.896,0.67867,0.152,0.36843,0.21357,1406499968.0,0.009899999999999999,4.0
FTV,False,0.0,"graham_current_ratio,graham_pe,graham_pe_times_pb,munger_roe",18480674816.0,35.45029,3.0454657,0.708,0.58806,0.06814,0.63255,0.17926,953612480.0,0.004,4.0
FTNT,False,0.0,"data_missing:dividend_yield,graham_current_ratio,graham_pe,graham_pe_times_pb",111025528832.0,58.96498,112.41839,1.153,0.5731,1.32392,0.80304,0.31282,1813049984.0,,4.0
F,False,0.0,"data_missing:trailing_pe,graham_current_ratio,graham_debt_to_equity,graham_earnings_stability,munger_roe,munger_gross_margin,munger_fcf",56383401984.0,,1.5054792,1.09,4.25544,-0.14813,0.07064,0.05743,-2247500032.0,0.0416,0.0
FLEX,False,0.0,"data_missing:dividend_yield,graham_current_ratio,graham_pe,graham_pe_times_pb,munger_gross_margin",46875881472.0,55.146553,9.095045,1.359,0.868,0.17347,0.094069995,0.05684,839875008.0,,4.0
FISV,False,0.0,"data_missing:current_ratio,data_missing:debt_to_equity,data_missing:return_on_equity,data_missing:gross_margin,data_missing:operating_margin,data_missing:free_cash_flow,data_missing:dividend_yield",26646702080.0,8.469492,1.0165181,,,,,,,,4.0
HON,False,0.0,"graham_current_ratio,graham_debt_to_equity,graham_pe_times_pb",78024876032.0,19.685852,5.7413626,1.385,2.57387,0.24264,0.36925,0.21,2936875008.0,0.0409,4.0
FSLR,False,0.0,"data_missing:dividend_yield,graham_earnings_stability",22126794752.0,13.302326,2.2398677,2.557,0.05943,0.18436001,0.41743,0.33067,1147664768.0,,3.0
FITB,False,0.0,"data_missing:current_ratio,data_missing:debt_to_equity,data_missing:free_cash_flow,graham_pe_times_pb,munger_roe,munger_gross_margin",51810648064.0,19.242424,1.893701,,,0.08447,0.0,0.32941002,,0.0277,4.0
FIS,False,0.0,"graham_current_ratio,graham_debt_to_equity,graham_earnings_stability",20695840768.0,7.7596903,1.2956672,0.588,1.32328,0.17225,0.36285,0.16388,2446874880.0,0.0414,2.0
FDXF,False,0.0,"data_missing:debt_to_equity,data_missing:return_on_equity,data_missing:free_cash_flow,data_missing:dividend_yield,graham_current_ratio,graham_earnings_stability,graham_pe,munger_gross_margin",23049183232.0,34.01978,0.0016171123,0.841,,,0.29674998,0.06027,,,3.0
FDX,False,0.0,"graham_current_ratio,graham_debt_to_equity,graham_pe_times_pb,munger_roe,munger_gross_margin",74669752320.0,17.014555,2.3935447,1.475,1.35697,0.14846,0.27318,0.11129,5656625152.0,0.0152,4.0
FRT,False,0.0,"graham_current_ratio,graham_debt_to_equity,graham_pe,graham_pe_times_pb,munger_roe",10850024448.0,21.671875,3.421969,0.659,1.3843199999999998,0.14783,0.67989,0.34120998,448925248.0,0.0361,4.0
FAST,False,0.0,"graham_pe,graham_pe_times_pb",52957016064.0,39.444447,13.014665,4.18,0.10851000000000001,0.34334,0.44701,0.21023001,916124992.0,0.0212,4.0
FICO,False,0.0,"data_missing:debt_to_equity,data_missing:return_on_equity,data_missing:dividend_yield,graham_pe,graham_pe_times_pb",27972636672.0,38.27959,-13.369577,2.223,,,0.84165,0.58187,730540992.0,,4.0
FDS,False,0.0,"graham_current_ratio,graham_pe_times_pb",8676570112.0,16.071146,4.294768,0.683,0.7728400000000001,0.27032,0.51382,0.30542,621161344.0,0.0189,4.0
FFIV,False,0.0,"data_missing:dividend_yield,graham_pe,graham_pe_times_pb",21895180288.0,31.862066,6.0348954,1.611,0.0712,0.2034,0.81542,0.22016001,759182528.0,,4.0
XOM,False,0.0,"graham_current_ratio,graham_pe,graham_pe_times_pb,munger_roe,munger_gross_margin",650300751872.0,26.368069,2.5564191,1.036,0.18261,0.09873,0.29768,0.06355,11630499840.0,0.026699999999999998,4.0
FE,False,0.0,"graham_current_ratio,graham_debt_to_equity,graham_pe,graham_pe_times_pb,munger_roe,munger_fcf",28626558976.0,26.89674,2.2622967,0.522,1.98922,0.094610006,0.68425006,0.20514,-1835124992.0,0.0377,4.0
HONA,False,0.0,"data_missing:price_to_book,data_missing:debt_to_equity,data_missing:return_on_equity,data_missing:free_cash_flow,data_missing:dividend_yield,graham_earnings_stability,graham_pe",62078984192.0,41.14916,,1.611,,,0.34894,0.20152001,,,3.0
HD,False,0.0,"graham_current_ratio,graham_debt_to_equity,graham_pe,graham_pe_times_pb",323773759488.0,23.045422,23.333572,1.045,4.59356,1.2838,0.33126998,0.11926,10128249856.0,0.0281,4.0
HLT,False,0.0,"data_missing:debt_to_equity,data_missing:return_on_equity,graham_current_ratio,graham_pe,graham_pe_times_pb",72888451072.0,48.88244,-12.380326,0.608,,,0.78505,0.5736,1684499968.0,0.0019,4.0
HPE,False,0.0,"graham_current_ratio,graham_pe,graham_pe_times_pb,munger_roe",63085056000.0,44.52336,2.4925442,1.088,0.8403,0.06315,0.33776,0.087,3836000000.0,0.0118,4.0
HSY,False,0.0,"graham_current_ratio,graham_debt_to_equity,graham_pe,graham_pe_times_pb",34917457920.0,31.996283,7.3759537,1.24,1.20011,0.23234,0.35035,0.21343,1527240576.0,0.0337,4.0
HSIC,False,0.0,"data_missing:dividend_yield,graham_current_ratio,graham_pe,graham_pe_times_pb,munger_roe",9629383680.0,25.537764,2.9614968,1.364,0.7774800000000001,0.08762,0.31194,0.05849,290124992.0,,4.0
DOC,False,0.0,"graham_debt_to_equity,graham_pe,graham_pe_times_pb,munger_roe",15222386688.0,69.0,1.9614462,2.039,1.1824299999999999,0.027999999,0.58329,0.12307999,1109761536.0,0.055,4.0
HCA,False,0.0,"data_missing:debt_to_equity,data_missing:return_on_equity,graham_current_ratio,graham_pe_times_pb",83522691072.0,12.964875,-13.292614,0.834,,,0.41612998,0.14982,5726000128.0,0.0084,4.0
HAS,False,0.0,"graham_debt_to_equity,graham_earnings_stability,graham_pe_times_pb",12359211008.0,15.542705,19.076218,1.661,4.84486,1.5956,0.63822,0.22157,721862528.0,0.031400000000000004,0.0
HAL,False,0.0,"graham_pe_times_pb,munger_roe,munger_gross_margin",27325859840.0,17.125654,2.5336947,2.018,0.7418600000000001,0.14917,0.15099,0.12793,2052249984.0,0.0206,4.0
GS,False,0.0,"data_missing:free_cash_flow,graham_debt_to_equity,graham_pe_times_pb",317050355712.0,16.587744,2.9327796,2.567,6.47154,0.16951999,0.82075995,0.42316002,,0.0182,4.0
GE,False,0.0,"graham_current_ratio,graham_debt_to_equity,graham_pe,graham_pe_times_pb",362109304832.0,41.058823,20.165253,0.982,1.13225,0.48231998,0.31051,0.20571,6594625024.0,0.0055000000000000005,4.0
GL,False,0.0,"data_missing:current_ratio,data_missing:return_on_equity,data_missing:free_cash_flow",13283465216.0,11.382568,2.2647903,,0.53588,,0.33905998,0.24438,,0.0072,4.0
GPN,False,0.0,"graham_current_ratio,graham_pe,munger_roe",21298098176.0,28.625,0.89468545,0.792,0.9559300000000001,0.02935,0.67403,0.12515001,7124387840.0,0.0127,4.0
GILD,False,0.0,graham_pe_times_pb,162471837696.0,17.804083,6.9117413,1.967,0.94635,0.4336,0.79367995,0.39282,7934125056.0,0.0252,4.0
GPC,False,0.0,"graham_current_ratio,graham_debt_to_equity,graham_pe,graham_pe_times_pb,munger_roe",16550064128.0,480.2,3.6916878,1.159,1.4641499999999998,0.0070700003,0.37564,0.06562,917241984.0,0.0353,4.0
GM,False,0.0,"graham_current_ratio,graham_debt_to_equity,graham_pe,graham_pe_times_pb,munger_roe,munger_gross_margin",72962105344.0,36.013393,1.1931666,1.136,2.02341,0.03164,0.10177,0.03202,21933750272.0,0.0088,4.0
GIS,False,0.0,"data_missing:trailing_pe,graham_current_ratio,graham_debt_to_equity,graham_earnings_stability,munger_roe",18973333504.0,,3.4334555,0.682,2.17629,-0.01028,0.33733,0.19194001,2308499968.0,0.0661,0.0
GD,False,0.0,"graham_current_ratio,graham_pe,graham_pe_times_pb,munger_gross_margin",103247536128.0,24.011951,3.953055,1.384,0.37701,0.17974001,0.15241,0.10541,5289500160.0,0.017,4.0
GNRC,False,0.0,"data_missing:dividend_yield,graham_pe,graham_pe_times_pb,munger_roe",12391857152.0,65.78125,4.6240363,2.028,0.52086,0.07388,0.38138,0.11071999,115297624.0,,4.0
GEN,False,0.0,"graham_current_ratio,graham_debt_to_equity,graham_pe_times_pb",15103016960.0,15.968152,5.742098,0.399,3.16354,0.39876997,0.7846,0.63367003,1422249984.0,0.0195,4.0
GEV,False,0.0,"graham_current_ratio,graham_earnings_stability,graham_pe,graham_pe_times_pb,munger_gross_margin",274640519168.0,29.57241,19.903685,0.893,0.24925,0.75708,0.20282,0.05461,9315624960.0,0.002,2.0
GEHC,False,0.0,"graham_current_ratio,graham_pe_times_pb",28198742016.0,14.865707,2.6432714,1.222,0.97055,0.19462,0.39144,0.11089,1483624960.0,0.0023,4.0
GDDY,False,0.0,"data_missing:dividend_yield,graham_current_ratio,graham_debt_to_equity,graham_pe_times_pb",11601751040.0,13.885896,48.97708,0.671,16.216179999999998,3.98215,0.6377,0.24681999,1347612544.0,,4.0
ON,False,0.0,"data_missing:dividend_yield,graham_pe,graham_pe_times_pb,munger_roe",35077296128.0,66.27206,4.8371167,4.873,0.44337000000000004,0.074939996,0.42665002,0.18232,1282174976.0,,4.0
OMC,False,0.0,"data_missing:trailing_pe,graham_current_ratio,graham_debt_to_equity,graham_earnings_stability,munger_roe,munger_gross_margin",22201985024.0,,2.3526216,0.912,1.10574,0.02015,0.18431999,0.11918,5066650112.0,0.0403,0.0
ODFL,False,0.0,"graham_pe,graham_pe_times_pb",47980363776.0,48.064583,10.914467,1.565,0.00909,0.23331,0.38946,0.23775999,861986240.0,0.005,4.0
OXY,False,0.0,"graham_current_ratio,graham_pe,graham_pe_times_pb,munger_roe",57290956800.0,77.83784,1.8630526,1.21,0.41989,0.04053,0.69757,0.17725,3033374976.0,0.0181,4.0
ORLY,False,0.0,"data_missing:debt_to_equity,data_missing:return_on_equity,data_missing:dividend_yield,graham_current_ratio,graham_pe,graham_pe_times_pb",71360651264.0,28.04886,-67.16849,0.755,,,0.51632,0.18454,1330813184.0,,4.0
NXPI,False,0.0,"graham_debt_to_equity,graham_pe,graham_pe_times_pb",70007709696.0,26.509562,6.4107366,2.241,1.03991,0.25812998,0.55632,0.27664,2727124992.0,0.014499999999999999,4.0
NVR,False,0.0,"data_missing:dividend_yield,graham_pe_times_pb,munger_gross_margin",16614196224.0,15.029473,4.812331,5.576,0.3122,0.33257,0.22489999,0.13517,1250691712.0,,4.0
NVDA,False,0.0,"graham_pe,graham_pe_times_pb",5056375554048.0,31.96937,25.86865,3.441,0.06555,1.14288,0.74144995,0.65596,46335873024.0,0.004699999999999999,4.0
NUE,False,0.0,"graham_pe,graham_pe_times_pb,munger_roe,munger_gross_margin,munger_fcf",54919729152.0,23.947369,2.560006,2.901,0.31595,0.12285,0.14062999,0.11826,-384100000.0,0.0095,4.0
NRG,False,0.0,"graham_current_ratio,graham_debt_to_equity,graham_earnings_stability,graham_pe,graham_pe_times_pb,munger_roe,munger_gross_margin",30168954880.0,157.13187,7.202438,0.838,4.79237,0.062480003,0.16445999,0.03637,431624992.0,0.013600000000000001,2.0
LH,False,0.0,"graham_pe,graham_pe_times_pb,munger_roe,munger_gross_margin",23863640064.0,25.776793,2.7439702,1.726,0.83407,0.11047,0.28834,0.10945,1142537472.0,0.0102,4.0
NOC,False,0.0,"graham_current_ratio,graham_pe_times_pb,munger_gross_margin",75787780096.0,16.734003,4.42722,1.168,0.95348,0.26958,0.2006,0.11604,2478000128.0,0.0179,4.0
NTRS,False,0.0,"data_missing:current_ratio,data_missing:debt_to_equity,data_missing:free_cash_flow,graham_pe_times_pb,munger_gross_margin",21857906688.0,15.274678,2.7208648,,,0.17066,0.0,0.42496,,0.0184,4.0
NSC,False,0.0,"graham_current_ratio,graham_debt_to_equity,graham_pe,graham_pe_times_pb",78282235904.0,29.339224,4.953316,0.907,1.11586,0.17615,0.45851,0.32255,1298749952.0,0.0163,4.0
NDSN,False,0.0,"graham_pe,graham_pe_times_pb",16275213312.0,31.207266,5.082475,2.597,0.61637,0.1714,0.55218,0.23516001,574589504.0,0.0113,4.0
NI,False,0.0,"graham_current_ratio,graham_debt_to_equity,graham_pe,graham_pe_times_pb,munger_roe,munger_fcf",22413785088.0,23.258707,2.3203294,0.646,1.4090799999999999,0.091120005,0.50698,0.34759,-1562412544.0,0.0258,4.0
NKE,False,0.0,graham_pe_times_pb,60808617984.0,19.519049,4.089186,1.961,0.74289,0.22138001,0.43245,0.12687,1889250048.0,0.038900000000000004,4.0
NEE,False,0.0,"graham_current_ratio,graham_debt_to_equity,graham_pe,graham_pe_times_pb,munger_roe,munger_fcf",187266514944.0,22.78934,3.390733,0.542,1.5668600000000001,0.10325,0.61401004,0.30175,-18453374976.0,0.0279,4.0
NWS,False,0.0,"graham_pe,graham_pe_times_pb,munger_roe",16121743360.0,37.658226,1.906929,1.702,0.31559000000000004,0.06524,0.5717,0.10114,1744000000.0,0.006500000000000001,4.0
NWSA,False,0.0,"graham_pe,graham_pe_times_pb,munger_roe",14268420096.0,33.329113,1.6877123,1.702,0.31559000000000004,0.06524,0.5717,0.10114,1744000000.0,0.0073,4.0
NEM,False,0.0,"graham_earnings_stability,graham_pe_times_pb",101118599168.0,12.285344,2.9099848,2.443,0.15762,0.25832,0.67356,0.61379004,9804874752.0,0.0109,2.0
NFLX,False,0.0,"data_missing:dividend_yield,graham_current_ratio,graham_pe,graham_pe_times_pb",286853791744.0,21.66352,9.513879,1.142,0.55236,0.49541,0.49118,0.33381,25387552768.0,,4.0
NCLH,False,0.0,"data_missing:dividend_yield,graham_current_ratio,graham_debt_to_equity,graham_earnings_stability,graham_pe_times_pb,munger_fcf",8589949952.0,15.088709,3.5328548,0.21,6.614439999999999,0.29533002,0.43047002,0.10515001,-1500744960.0,,3.0
PGR,False,0.0,"data_missing:free_cash_flow,graham_current_ratio,graham_pe_times_pb,munger_gross_margin",120390500352.0,10.395081,3.5065708,0.282,0.24428,0.34943,0.18521,0.18208,,0.068,4.0
PG,False,0.0,"graham_current_ratio,graham_pe,graham_pe_times_pb",342234202112.0,21.455475,6.367575,0.732,0.67651,0.31112,0.50984,0.23047,12733750272.0,0.0292,4.0
PFG,False,0.0,"graham_pe_times_pb,munger_roe",23182448640.0,15.397418,1.9660358,1.526,0.33624000000000004,0.13385999,0.47612998,0.148,1457624960.0,0.030299999999999997,4.0
PPL,False,0.0,"graham_current_ratio,graham_debt_to_equity,graham_pe,graham_pe_times_pb,munger_roe,munger_fcf",27265177600.0,22.23313,1.8149949,1.003,1.3511600000000001,0.08316,0.43287998,0.27181,-1615124992.0,0.0316,4.0
PPG,False,0.0,graham_pe_times_pb,25354874880.0,16.296562,3.1286962,1.609,0.9373600000000001,0.20748,0.41691002,0.1374,729000000.0,0.0252,4.0
PNC,False,0.0,"data_missing:current_ratio,data_missing:debt_to_equity,data_missing:free_cash_flow,munger_roe,munger_gross_margin",99454738432.0,13.725771,1.7353346,,,0.12623,0.0,0.38689,,0.0317,4.0
PNW,False,0.0,"graham_current_ratio,graham_debt_to_equity,graham_pe_times_pb,munger_roe,munger_fcf",12776763392.0,19.669775,1.8076296,0.599,2.1295699999999997,0.09559,0.43014,0.11757,-831102848.0,0.0342,4.0
PSX,False,0.0,"graham_current_ratio,graham_pe,graham_pe_times_pb,munger_roe,munger_gross_margin,munger_fcf",82985525248.0,20.432379,2.9089017,1.132,0.91385,0.14547,0.1252,0.0063899998,-1134499968.0,0.024,4.0
PM,False,0.0,"data_missing:debt_to_equity,data_missing:return_on_equity,data_missing:free_cash_flow,graham_current_ratio,graham_pe,graham_pe_times_pb",297871769600.0,26.216734,-32.099426,0.98,,,0.67481005,0.4052,,0.030299999999999997,4.0
PCG,False,0.0,"graham_current_ratio,graham_debt_to_equity,munger_roe,munger_fcf",38627020800.0,13.5969,1.2196649,1.199,1.8787200000000002,0.08826999,0.39353,0.23921,-5572125184.0,0.011000000000000001,4.0
PFE,False,0.0,"graham_current_ratio,graham_pe_times_pb,munger_roe",142543093760.0,19.091604,1.5819101,1.247,0.71602,0.083100006,0.74801004,0.31617,12376625152.0,0.0693,4.0
OKE,False,0.0,"graham_current_ratio,graham_debt_to_equity,graham_pe_times_pb,munger_gross_margin",58737963008.0,16.618538,2.6272333,0.71,1.49644,0.15903,0.29636,0.1492,454375008.0,0.0466,4.0
PNR,False,0.0,graham_pe_times_pb,10030855168.0,15.595477,2.6326504,1.877,0.54634,0.1761,0.41222998,0.22687,574212480.0,0.0168,4.0
PYPL,False,0.0,graham_current_ratio,49397907456.0,10.506567,2.4946544,1.259,0.5828,0.25120002,0.40929002,0.17969999,4083500032.0,0.0101,4.0
PAYX,False,0.0,"data_missing:return_on_equity,data_missing:free_cash_flow,graham_current_ratio,graham_debt_to_equity,graham_pe,graham_pe_times_pb",39359864832.0,22.629858,10.535035,1.152,1.23967,,0.67197996,0.38325,,0.043,4.0
PH,False,0.0,"graham_current_ratio,graham_pe,graham_pe_times_pb",124255617024.0,36.391434,8.505416,1.129,0.65554,0.24841999,0.37442002,0.21528,2774481920.0,0.008199999999999999,4.0
PSKY,False,0.0,"graham_current_ratio,graham_debt_to_equity,graham_earnings_stability,graham_pe,graham_pe_times_pb,munger_roe",9501779968.0,424.5,0.81088823,1.1,1.30167,-0.0076800003,0.32558998,0.095410004,16400374784.0,0.022799999999999997,0.0
PANW,False,0.0,"data_missing:dividend_yield,graham_current_ratio,graham_earnings_stability,graham_pe,graham_pe_times_pb,munger_roe",265388457984.0,285.64035,9.568347,0.856,0.07698,0.048309997,0.71963996,-0.02465,3579375104.0,,3.0
PLTR,False,0.0,"data_missing:dividend_yield,graham_earnings_stability,graham_pe,graham_pe_times_pb",295756398592.0,140.19319,34.99858,6.907,0.02477,0.32587,0.84073997,0.46183997,1752997120.0,,3.0
PKG,False,0.0,"data_missing:current_ratio,data_missing:return_on_equity,data_missing:free_cash_flow,graham_pe,graham_pe_times_pb,munger_gross_margin",20840173568.0,28.385921,4.514398,,0.95185,,0.20841,0.11739001,,0.0263,4.0
PCAR,False,0.0,"graham_pe,graham_pe_times_pb,munger_roe,munger_gross_margin",68811923456.0,27.878464,3.482766,5.558,0.7616299999999999,0.13108,0.13583,0.10373,1481787520.0,0.010700000000000001,4.0
OTIS,False,0.0,"data_missing:debt_to_equity,data_missing:return_on_equity,graham_current_ratio,graham_pe_times_pb",27155585024.0,18.821808,-4.8057857,0.831,,,0.30461,0.14848,1475000064.0,0.0241,4.0
ORCL,False,0.0,"graham_current_ratio,graham_debt_to_equity,graham_pe,graham_pe_times_pb,munger_fcf",345771737088.0,20.590052,9.205522,1.115,3.8887,0.53376,0.65822,0.36202,-24536750080.0,0.0159,4.0
PEP,False,0.0,"graham_current_ratio,graham_debt_to_equity,graham_pe_times_pb",184341692416.0,17.709974,8.342091,0.934,2.3894900000000003,0.51508,0.54171,0.16836001,7831875072.0,0.0436,4.0
MA,False,0.0,"graham_current_ratio,graham_debt_to_equity,graham_pe,graham_pe_times_pb",468555661312.0,30.670326,69.99603,0.981,2.82059,2.32076,1.0,0.60836,16148124672.0,0.006500000000000001,4.0
MAS,False,0.0,"data_invalid_outlier:debt_to_equity,graham_debt_to_equity,graham_pe_times_pb",15602140160.0,19.143564,-64.45,1.751,122.29629999999999,84.57143,0.35682,0.16528,738499968.0,0.016399999999999998,4.0
MRVL,False,0.0,"graham_earnings_stability,graham_pe,graham_pe_times_pb",187874017280.0,71.931274,10.061526,3.278,0.2897,0.16028,0.51502997,0.14479999,2269700096.0,0.0011,1.0
MLM,False,0.0,"graham_pe,graham_pe_times_pb,munger_roe,munger_gross_margin",32837300224.0,34.24358,2.9072437,2.279,0.5035000000000001,0.0947,0.29748,0.12702,841750016.0,0.006,4.0
MRSH,False,0.0,"graham_current_ratio,graham_debt_to_equity,graham_pe,graham_pe_times_pb",84180066304.0,21.56479,5.8381596,1.139,1.45027,0.25902998,0.43994,0.26323998,4785249792.0,0.0225,4.0
MAR,False,0.0,"data_missing:debt_to_equity,data_missing:return_on_equity,graham_current_ratio,graham_pe,graham_pe_times_pb",96106594304.0,38.204403,-23.576557,0.46,,,0.79037005,0.59006,1796875008.0,0.0079,4.0
MPC,False,0.0,"graham_current_ratio,graham_debt_to_equity,graham_pe,graham_pe_times_pb,munger_gross_margin",91163049984.0,20.557604,5.4614615,1.176,1.46523,0.27458,0.10739,0.03556,3518749952.0,0.0124,4.0
MTB,False,0.0,"data_missing:current_ratio,data_missing:debt_to_equity,data_missing:free_cash_flow,munger_roe,munger_gross_margin",35649167360.0,13.028072,1.3973504,,,0.10742,0.0,0.45108002,,0.0239,4.0
LYB,False,0.0,"data_missing:trailing_pe,graham_debt_to_equity,graham_earnings_stability,munger_roe,munger_gross_margin",19922276352.0,,1.9841831,1.538,1.4124,-0.060089998,0.09227,0.03474,987000000.0,0.0661,0.0
LITE,False,0.0,"data_missing:dividend_yield,graham_current_ratio,graham_debt_to_equity,graham_earnings_stability,graham_pe,graham_pe_times_pb",64857194496.0,147.80852,20.102242,1.137,1.11445,0.22834998,0.40837002,0.21771,93350000.0,,1.0
NTAP,False,0.0,"graham_current_ratio,graham_debt_to_equity,graham_pe,graham_pe_times_pb",32256256000.0,25.927559,23.8851,1.436,2.02295,1.06734,0.70744,0.27259,1295250048.0,0.0125,4.0
LOW,False,0.0,"data_missing:debt_to_equity,data_missing:return_on_equity,graham_current_ratio,graham_pe_times_pb",113277116416.0,17.06847,-12.219801,1.093,,,0.33293,0.11067,4816124928.0,0.0245,4.0
L,False,0.0,"graham_current_ratio,munger_roe",23793055744.0,14.711195,1.2720851,0.503,0.45603,0.09217,0.36041,0.11833,2084000000.0,0.0022,4.0
LMT,False,0.0,"graham_current_ratio,graham_debt_to_equity,graham_pe,graham_pe_times_pb,munger_gross_margin",131096174592.0,27.561321,17.462301,1.135,2.76365,0.6764,0.09906,0.110039994,3987124992.0,0.0268,4.0
LYV,False,0.0,"data_missing:trailing_pe,data_missing:dividend_yield,graham_current_ratio,graham_debt_to_equity,munger_roe,munger_gross_margin",40971415552.0,,-291.49008,0.885,7.38269,0.14927,0.25868,-0.09927,2120347904.0,,4.0
LIN,False,0.0,"graham_current_ratio,graham_pe,graham_pe_times_pb",234095689728.0,33.620186,6.0733137,0.828,0.65642,0.18229,0.48766,0.28471002,4694499840.0,0.0126,4.0
LLY,False,0.0,"graham_current_ratio,graham_debt_to_equity,graham_pe,graham_pe_times_pb",1057489354752.0,42.141792,33.96254,1.497,1.3901499999999998,1.07459,0.82832,0.49386,9156599808.0,0.006,4.0
LII,False,0.0,"graham_debt_to_equity,graham_pe,graham_pe_times_pb",18718556160.0,23.863798,15.424696,1.572,1.61043,0.76791,0.33193,0.14316,187137504.0,0.0102,4.0
LEN,False,0.0,"munger_roe,munger_gross_margin",19784716288.0,12.87304,0.9150873,8.508,0.28692,0.07368,0.16363001,0.052750003,1077926016.0,0.024300000000000002,4.0
LDOS,False,0.0,"graham_current_ratio,graham_debt_to_equity,munger_gross_margin",13877910528.0,10.094236,2.7683544,1.397,1.37125,0.30579,0.17906,0.12227,1194749952.0,0.016,4.0
LVS,False,0.0,"data_missing:current_ratio,data_missing:return_on_equity,data_missing:free_cash_flow,graham_debt_to_equity,graham_pe_times_pb",30501193728.0,17.841085,25.473158,,9.81405,,0.76347,0.19658001,,0.0265,4.0
LRCX,False,0.0,"graham_pe,graham_pe_times_pb",399907586048.0,60.335846,37.781193,2.536,0.35281999999999997,0.66762,0.49979,0.35042998,4352341504.0,0.0033,4.0
LULU,False,0.0,data_missing:dividend_yield,12562469888.0,8.957894,2.6232424,2.226,0.44264000000000003,0.32027,0.55695,0.11205,1133960960.0,,4.0
NDAQ,False,0.0,"graham_current_ratio,graham_pe,graham_pe_times_pb",51136196608.0,27.23494,4.2436757,0.996,0.7905800000000001,0.162,1.0,0.48401,1559624960.0,0.0123,4.0
MSCI,False,0.0,"data_missing:debt_to_equity,data_missing:return_on_equity,graham_current_ratio,graham_pe,graham_pe_times_pb",40167477248.0,30.241379,-14.935125,0.894,,,0.82975,0.56298,1194705920.0,0.0144,4.0
MSI,False,0.0,"graham_current_ratio,graham_debt_to_equity,graham_pe,graham_pe_times_pb",67563520000.0,32.797745,26.590448,1.071,3.74132,0.99289,0.51508,0.19823,1815124992.0,0.012,4.0
MOS,False,0.0,"graham_current_ratio,graham_pe,graham_pe_times_pb,munger_roe,munger_gross_margin,munger_fcf",7081623552.0,159.14287,0.5999408,1.246,0.4819,0.0059399996,0.13307999,0.00791,-289787488.0,0.038599999999999995,4.0
MS,False,0.0,"data_missing:current_ratio,data_missing:return_on_equity,data_missing:free_cash_flow,graham_debt_to_equity,graham_pe_times_pb",338262949888.0,17.367231,3.2515335,,5.02246,,0.87641,0.41567,,0.021099999999999997,4.0
MCO,False,0.0,"graham_current_ratio,graham_debt_to_equity,graham_pe,graham_pe_times_pb",82489196544.0,29.945465,27.551926,1.19,2.37587,0.76932,0.74974996,0.49335998,2569499904.0,0.0084,4.0
MNST,False,0.0,"data_missing:dividend_yield,graham_pe,graham_pe_times_pb",91502436352.0,45.198067,10.484088,3.257,0.010820000000000001,0.26654,0.55471003,0.31019,1684340480.0,,4.0
MPWR,False,0.0,"graham_pe,graham_pe_times_pb",68641980416.0,99.9392,18.6655,4.787,0.005430000000000001,0.19574,0.55175,0.29986998,491719136.0,0.005699999999999999,4.0
MDLZ,False,0.0,"graham_current_ratio,graham_pe,graham_pe_times_pb,munger_roe,munger_gross_margin",77083172864.0,29.727722,2.9935195,0.542,0.8379300000000001,0.101610005,0.28771,0.093059994,2847500032.0,0.0329,4.0
TAP,False,0.0,"data_missing:trailing_pe,graham_current_ratio,graham_earnings_stability,munger_roe",7509556736.0,,0.7477823,0.535,0.62567,-0.18080999,0.38622,0.124239996,774062528.0,0.046799999999999994,0.0
MRNA,False,0.0,"data_missing:trailing_pe,data_missing:dividend_yield,graham_earnings_stability,munger_roe,munger_gross_margin,munger_fcf",22624753664.0,,3.0557342,2.409,0.17522,-0.36556998,-0.69888,-1.3110499,-20000000.0,,0.0
MKC,False,0.0,graham_current_ratio,13493658624.0,8.351081,1.9289007,0.781,0.65143,0.24728,0.38853002,0.17422001,714025024.0,0.0369,4.0
MSFT,False,0.0,"graham_current_ratio,graham_pe,graham_pe_times_pb",2834542100480.0,22.740166,6.841171,1.283,0.30271000000000003,0.34013999,0.68309,0.46326,37011251200.0,0.009300000000000001,4.0
MU,False,0.0,"graham_earnings_stability,graham_pe,graham_pe_times_pb",1118336450560.0,22.387747,15.414948,3.425,0.0633,0.66638,0.72569,0.80370003,7639499776.0,0.0006,2.0
MCHP,False,0.0,"graham_earnings_stability,graham_pe,graham_pe_times_pb,munger_roe",44173729792.0,369.77274,6.855722,2.092,0.87715,0.03405,0.57735,0.17068,1139912448.0,0.021400000000000002,1.0
MGM,False,0.0,"data_missing:dividend_yield,graham_current_ratio,graham_debt_to_equity,graham_pe,graham_pe_times_pb,munger_roe",11510747136.0,61.63014,4.730313,1.335,9.51186,0.13488,0.4416,0.06856,528360256.0,,4.0
MTD,False,0.0,"data_missing:debt_to_equity,data_missing:return_on_equity,data_missing:dividend_yield,graham_current_ratio,graham_pe,graham_pe_times_pb",26913896448.0,31.293938,-642.4843,1.202,,,0.59186,0.23291999,615044352.0,,4.0
MET,False,0.0,"graham_debt_to_equity,graham_pe_times_pb,munger_roe,munger_gross_margin,munger_fcf",59543642112.0,17.89942,2.1879137,2.086,1.7801900000000002,0.13014,0.23754999,0.09919,-17429749760.0,0.0254,4.0
META,False,0.0,"graham_pe,graham_pe_times_pb",1538538340352.0,22.06407,6.3126864,2.348,0.35607999999999995,0.32930002,0.81941,0.40617,25558249472.0,0.0033,4.0
MRK,False,0.0,"graham_current_ratio,graham_debt_to_equity,graham_pe,graham_pe_times_pb",322262695936.0,36.858757,7.024117,1.299,1.06936,0.18944,0.76725996,0.38604,14049250304.0,0.026699999999999998,4.0
MDT,False,0.0,"graham_pe,graham_pe_times_pb,munger_roe",104976506880.0,21.986595,2.1225219,2.126,0.58214,0.098409995,0.65309,0.22045,4625375232.0,0.0352,4.0
MCK,False,0.0,"data_missing:debt_to_equity,data_missing:return_on_equity,graham_current_ratio,graham_pe,graham_pe_times_pb,munger_gross_margin",96529424384.0,21.504694,-45.551933,0.854,,,0.03601,0.022090001,5657625088.0,0.0046,4.0
MCD,False,0.0,"data_missing:debt_to_equity,data_missing:return_on_equity,graham_current_ratio,graham_pe,graham_pe_times_pb",186720927744.0,21.683168,-145.19337,1.136,,,0.57348996,0.44252998,5952249856.0,0.0282,4.0
MAA,False,0.0,"graham_current_ratio,graham_pe,graham_pe_times_pb,munger_roe",15840611328.0,40.227272,2.7877529,0.076,0.9982500000000001,0.06711,0.58497,0.26567,909082496.0,0.04650000000000001,4.0
BNY,False,0.0,"data_missing:current_ratio,data_missing:debt_to_equity,data_missing:free_cash_flow,graham_pe_times_pb,munger_roe,munger_gross_margin",108635275264.0,18.70444,2.721987,,,0.14124,0.0,0.40046,,0.0138,4.0
XYZ,False,0.0,"data_missing:dividend_yield,graham_earnings_stability,graham_pe,graham_pe_times_pb,munger_roe,munger_fcf",45525393408.0,59.757812,2.07408,1.986,0.37514000000000003,0.03743,0.45078,-0.02632,-794561728.0,,3.0
BX,False,0.0,"data_missing:free_cash_flow,graham_current_ratio,graham_pe,graham_pe_times_pb",152171626496.0,31.84143,11.682463,0.896,0.7202200000000001,0.29533002,1.0,0.38032,,0.0405,4.0
BLK,False,0.0,"data_missing:current_ratio,data_missing:return_on_equity,data_missing:free_cash_flow,graham_pe,graham_pe_times_pb",168644624384.0,24.848106,2.8425467,,0.23635,,0.47152,0.35079,,0.0217,4.0
BIIB,False,0.0,"data_missing:dividend_yield,graham_pe,graham_pe_times_pb,munger_roe",29618958336.0,21.595263,1.5875981,3.065,0.35180999999999996,0.077010006,0.78720003,0.22899,1930925056.0,,4.0
TECH,False,0.0,"graham_pe,graham_pe_times_pb,munger_roe",11182530560.0,102.52857,5.3869247,4.489,0.13922,0.053400002,0.66399,0.25191,299849376.0,0.0045000000000000005,4.0
BBY,False,0.0,"graham_current_ratio,graham_debt_to_equity,graham_pe_times_pb,munger_gross_margin",17795067904.0,15.635185,5.77023,1.121,1.3409,0.39104,0.22518,0.0404,1143750016.0,0.0441,4.0
BRK-B,False,0.0,"data_missing:dividend_yield,graham_earnings_stability,munger_roe,munger_gross_margin",1058691678208.0,14.621686,0.00097090466,2.876,0.17669,0.10499,0.2778,0.14352,61228249088.0,,3.0
BDX,False,0.0,"graham_current_ratio,graham_pe,graham_pe_times_pb,munger_roe",42149416960.0,26.696335,1.7465519,0.942,0.71599,0.06672,0.47090998,0.14743,4531250176.0,0.0274,4.0
BAX,False,0.0,"data_missing:trailing_pe,graham_debt_to_equity,graham_earnings_stability,munger_roe",11191882752.0,,1.8519784,1.854,1.61021,-0.15010999,0.34647,0.060349997,900875008.0,0.0092,0.0
EXR,False,0.0,"graham_current_ratio,graham_pe,graham_pe_times_pb,munger_roe",32093308928.0,32.678654,2.3035736,0.689,0.98092,0.0683,0.74831,0.43982,1340995200.0,0.0447,4.0
BALL,False,0.0,"graham_current_ratio,graham_debt_to_equity,graham_pe_times_pb,munger_gross_margin",16568520704.0,18.142857,2.9578402,1.119,1.45542,0.16785999,0.1917,0.09353,403500000.0,0.0128,4.0
BKR,False,0.0,"graham_earnings_stability,graham_pe_times_pb,munger_gross_margin",55645130752.0,17.920128,2.8802505,2.132,0.82935,0.17184,0.23643999,0.12282,3151249920.0,0.0163,3.0
AXON,False,0.0,"data_missing:dividend_yield,graham_pe,graham_pe_times_pb,munger_roe",39648161792.0,199.95935,11.214463,2.271,0.52074,0.06765,0.59463,0.03748,62617500.0,,4.0
AVY,False,0.0,"graham_current_ratio,graham_debt_to_equity,graham_pe_times_pb,munger_gross_margin",11871307776.0,17.477476,5.171954,1.15,1.64751,0.30857,0.28755,0.12604,809049984.0,0.0254,4.0
AVB,False,0.0,"data_missing:current_ratio,data_missing:free_cash_flow,graham_pe,graham_pe_times_pb,munger_roe",27105751040.0,23.643124,2.3066878,,0.738,0.08487,0.62193,0.27231002,,0.0374,4.0
AZO,False,0.0,"data_missing:debt_to_equity,data_missing:return_on_equity,data_missing:dividend_yield,graham_current_ratio,graham_pe,graham_pe_times_pb",47727173632.0,20.113518,-17.185839,0.89,,,0.51754004,0.19082001,903784256.0,,4.0
ADP,False,0.0,"graham_current_ratio,graham_pe,graham_pe_times_pb",97087463424.0,22.656715,15.322693,1.043,0.69259,0.71208,0.48497,0.30184,4749387264.0,0.027999999999999997,4.0
ADSK,False,0.0,"data_missing:dividend_yield,graham_current_ratio,graham_pe,graham_pe_times_pb",43339673600.0,29.921282,13.580786,0.835,0.85419,0.50396,0.92434,0.29524,3060999936.0,,4.0
ATO,False,0.0,"graham_current_ratio,graham_pe,graham_pe_times_pb,munger_roe,munger_fcf",29718405120.0,21.926107,1.9933494,1.003,0.6458799999999999,0.096,0.60988,0.3932,-2210371840.0,0.022400000000000003,4.0
T,False,0.0,"graham_current_ratio,graham_debt_to_equity,graham_earnings_stability",159533842432.0,7.5775576,1.4423016,0.971,1.26821,0.18339,0.59721,0.23208,11957250048.0,0.0482,3.0
AIZ,False,0.0,"graham_current_ratio,graham_pe_times_pb,munger_gross_margin",13566142464.0,14.041025,2.3170989,0.386,0.3761,0.18016,0.12745,0.106400006,2029737472.0,0.0129,4.0
BAC,False,0.0,"data_missing:current_ratio,data_missing:debt_to_equity,data_missing:free_cash_flow,munger_roe,munger_gross_margin",430061060096.0,14.152425,1.5576229,,,0.111990005,0.0,0.38305,,0.0182,4.0
CDW,False,0.0,"graham_current_ratio,graham_debt_to_equity,graham_pe_times_pb,munger_gross_margin",16630942720.0,15.856272,6.5207367,1.165,2.40522,0.44157,0.21572,0.066199996,884099968.0,0.0194,4.0
CBRE,False,0.0,"data_missing:dividend_yield,graham_current_ratio,graham_debt_to_equity,graham_pe,graham_pe_times_pb,munger_gross_margin",39691288576.0,31.018309,4.659036,1.083,1.13689,0.15597,0.18501,0.026500002,1094499968.0,,4.0
CBOE,False,0.0,"graham_current_ratio,graham_pe,graham_pe_times_pb",29811675136.0,24.305458,5.5489326,1.385,0.29489,0.2514,0.54107,0.39723,1003075008.0,0.0102,4.0
CAT,False,0.0,"graham_current_ratio,graham_debt_to_equity,graham_pe,graham_pe_times_pb,munger_gross_margin",412017917952.0,44.504475,22.08141,1.353,2.3079300000000003,0.51331,0.28601998,0.18180001,3776624896.0,0.0073,4.0
CASY,False,0.0,"graham_current_ratio,graham_pe,graham_pe_times_pb,munger_gross_margin",32388548608.0,45.60969,8.173795,1.01,0.7351399999999999,0.19153,0.24606001,0.05351,550939648.0,0.003,4.0
CVNA,False,0.0,"data_missing:dividend_yield,graham_debt_to_equity,graham_earnings_stability,graham_pe,graham_pe_times_pb,munger_gross_margin",66018541568.0,34.791904,11.568326,4.087,1.21351,0.60172004,0.20131001,0.09033,196750000.0,,3.0
CARR,False,0.0,"graham_current_ratio,graham_pe,graham_pe_times_pb,munger_roe,munger_gross_margin",57434636288.0,46.100002,4.2737947,1.05,0.91102,0.09907,0.25180998,0.06572,849750016.0,0.0141,4.0
CCL,False,0.0,"graham_current_ratio,graham_debt_to_equity,graham_earnings_stability,graham_pe_times_pb",34611036160.0,11.382883,2.6735084,0.334,2.0155600000000002,0.26689,0.55676997,0.12787,1899374976.0,0.0172,2.0
CAH,False,0.0,"data_missing:debt_to_equity,data_missing:return_on_equity,graham_current_ratio,graham_earnings_stability,graham_pe,graham_pe_times_pb,munger_gross_margin",52925837312.0,34.500763,-18.75197,0.907,,,0.037550002,0.01413,4849999872.0,0.009300000000000001,3.0
COF,False,0.0,"data_missing:current_ratio,data_missing:debt_to_equity,data_missing:free_cash_flow,munger_roe,munger_gross_margin",122675470336.0,11.023154,1.1318406,,,0.09031,0.0,0.33629,,0.0159,4.0
CPT,False,0.0,"graham_current_ratio,graham_debt_to_equity,graham_pe,graham_pe_times_pb,munger_roe",11181381632.0,31.519552,2.912075,0.104,1.0414700000000001,0.09064999,0.61622,0.037249997,688079616.0,0.0379,4.0
BA,False,0.0,"data_missing:dividend_yield,graham_current_ratio,graham_debt_to_equity,graham_earnings_stability,graham_pe,graham_pe_times_pb,munger_gross_margin",164936499200.0,83.02778,27.562902,1.176,8.28696,1.69947,0.048249997,0.01715,2554249984.0,,1.0
CHRW,False,0.0,"graham_pe,graham_pe_times_pb,munger_gross_margin",24224088064.0,41.6856,14.248769,1.586,0.96501,0.34838,0.08574,0.049060002,642142272.0,0.012199999999999999,4.0
BXP,False,0.0,"graham_current_ratio,graham_debt_to_equity,graham_pe,graham_pe_times_pb,munger_roe",12096646144.0,34.09045,2.0893774,0.979,2.11994,0.05525,0.56131,0.25675,941118656.0,0.0415,4.0
BG,False,0.0,"graham_pe,graham_pe_times_pb,munger_roe,munger_gross_margin,munger_fcf",23728414720.0,32.18421,1.4788393,1.599,0.9403199999999999,0.04933,0.04442,0.01235,-6827500032.0,0.0232,4.0
BLDR,False,0.0,"data_missing:dividend_yield,graham_debt_to_equity,graham_pe,graham_pe_times_pb,munger_roe,munger_gross_margin",7588349440.0,26.927483,1.8943666,1.759,1.3215899999999998,0.06958,0.29888,0.0050199996,640900096.0,,4.0
BF-B,False,0.0,graham_pe_times_pb,11792812032.0,16.797386,2.932451,3.239,0.6495000000000001,0.17846,0.6054,0.23246,739625024.0,0.0348,4.0
BRO,False,0.0,"graham_current_ratio,graham_pe,graham_pe_times_pb,munger_roe",22282430464.0,21.413681,1.7493813,1.017,0.6437,0.11926,0.53372,0.47180998,1522499968.0,0.009899999999999999,4.0
BR,False,0.0,"graham_current_ratio,graham_debt_to_equity,graham_pe_times_pb",16701057024.0,15.443849,5.92702,0.943,1.20878,0.42314,0.31314,0.18402,1187662464.0,0.0271,4.0
AVGO,False,0.0,"graham_pe,graham_pe_times_pb",1867207540736.0,65.520874,21.29517,2.238,0.7401800000000001,0.37280998,0.76284,0.48988,27212249088.0,0.0066,4.0
BMY,False,0.0,"graham_current_ratio,graham_debt_to_equity,graham_earnings_stability,graham_pe_times_pb",125607804928.0,17.229692,6.2586484,1.42,2.30967,0.38731998,0.71981,0.33040002,9851750400.0,0.0415,1.0
BSX,False,0.0,"data_missing:dividend_yield,graham_pe_times_pb,munger_roe",64775360512.0,18.23431,2.50431,1.9,0.4225,0.14661,0.68943,0.20603001,2807124992.0,,4.0
BKNG,False,0.0,"data_missing:debt_to_equity,data_missing:return_on_equity,graham_current_ratio,graham_pe,graham_pe_times_pb",133922242560.0,22.800793,-15.451944,1.057,,,0.86987,0.25035998,7075125248.0,0.009000000000000001,4.0
CDNS,False,0.0,"data_missing:dividend_yield,graham_current_ratio,graham_pe,graham_pe_times_pb",91146149888.0,77.21027,13.8912945,1.471,0.46991999999999995,0.20656,0.86079,0.29699,1499152256.0,,4.0
MO,False,0.0,"data_missing:debt_to_equity,data_missing:return_on_equity,graham_current_ratio,graham_pe_times_pb",120365760512.0,15.0480175,-37.5026,0.619,,,0.87378997,0.62294996,8542875136.0,0.0588,4.0
GOOG,False,0.0,graham_pe_times_pb,3884566970368.0,15.972905,8.056385,2.724,0.17605,0.48676,0.60897,0.34033,25521500160.0,0.0026,4.0
GOOGL,False,0.0,graham_pe_times_pb,3876635279360.0,15.932297,8.039935,2.724,0.17605,0.48676,0.60897,0.34033,25521500160.0,0.0026,4.0
ALL,False,0.0,"graham_current_ratio,graham_earnings_stability",65518776320.0,5.6309733,2.2180007,0.364,0.23719,0.45221,0.34428,0.18954,12428999680.0,0.0172,2.0
LNT,False,0.0,"graham_current_ratio,graham_debt_to_equity,graham_pe,graham_pe_times_pb,munger_roe,munger_fcf",19220977664.0,23.402515,2.5896926,0.688,1.5952600000000001,0.113120005,0.45224,0.21030001,-1202625024.0,0.028900000000000002,4.0
ALLE,False,0.0,"graham_debt_to_equity,graham_pe,graham_pe_times_pb",13283106816.0,21.116121,6.321623,1.908,1.05863,0.34179002,0.4497,0.18876,494362496.0,0.0151,4.0
ZWS,False,0.0,"graham_pe,graham_pe_times_pb,munger_roe",8083916288.0,39.227642,5.0155926,3.236,0.34366,0.13332,0.45376998,0.19122,276224992.0,0.009300000000000001,4.0
ZD,False,0.0,"data_missing:dividend_yield,graham_size,graham_pe,graham_pe_times_pb,munger_roe,munger_fcf",1908442112.0,44.282055,1.1338469,1.662,0.51947,0.02076,0.85443,0.011419999,-15431375.0,,4.0
YOU,False,0.0,"graham_current_ratio,graham_earnings_stability,graham_pe,graham_pe_times_pb",6930337792.0,41.48,28.693966,1.006,0.52083,1.09503,0.65484,0.24506001,341248864.0,0.0115,3.0
YELP,False,0.0,"data_missing:dividend_yield,graham_size",1347272192.0,11.238532,2.1706388,1.739,0.24548999999999999,0.20446,0.90042,0.090229996,281926880.0,,4.0
AJG,False,0.0,"graham_current_ratio,graham_pe,graham_pe_times_pb,munger_roe",62233923584.0,39.19256,2.617185,1.063,0.5618,0.07007,0.42929,0.28402,1080225024.0,0.0115,4.0
XNCR,False,0.0,"data_missing:trailing_pe,data_missing:dividend_yield,graham_size,graham_earnings_stability,munger_roe,munger_gross_margin,munger_fcf",1447985536.0,,2.8052285,6.573,0.33970999999999996,-0.29843,-1.52183,-17.24136,-76885376.0,,0.0
XHR,False,0.0,"graham_debt_to_equity,graham_pe,graham_pe_times_pb,munger_roe,munger_gross_margin",2055683456.0,30.042858,1.6998061,1.77,1.15843,0.05864,0.26327,0.14255,126217752.0,0.0263,4.0
WWW,False,0.0,"graham_size,graham_debt_to_equity,graham_earnings_stability,graham_pe_times_pb",1512707200.0,15.0,3.6390533,1.533,1.81316,0.29239,0.47322,0.0743,97575000.0,0.0204,2.0
WU,False,0.0,"graham_current_ratio,graham_debt_to_equity",2596335872.0,6.1102943,2.853709,0.256,2.88116,0.47657,0.36138,0.12517,290700000.0,0.111,4.0
WT,False,0.0,"graham_debt_to_equity,graham_pe,graham_pe_times_pb,munger_roe",3012943104.0,48.048782,6.1910753,4.568,2.53187,0.13781999,0.51691,0.38429,128132376.0,0.006,4.0
WSR,False,0.0,"graham_size,graham_current_ratio,graham_debt_to_equity,graham_pe_times_pb,munger_roe",988012416.0,19.78125,2.1177652,1.485,1.39743,0.11256,0.6873,0.31206,105923624.0,0.0003,4.0
WSFS,False,0.0,"data_missing:current_ratio,data_missing:debt_to_equity,data_missing:free_cash_flow,munger_roe,munger_gross_margin",4109398016.0,14.074865,1.5113697,,,0.11468001,0.0,0.44035998,,0.009000000000000001,4.0
WSC,False,0.0,"data_missing:trailing_pe,graham_current_ratio,graham_debt_to_equity,graham_earnings_stability,munger_roe",4865136640.0,,5.5883574,0.791,4.383500000000001,-0.07219,0.52406,0.1855,327489760.0,0.0106,0.0
WSBC,False,0.0,"data_missing:current_ratio,data_missing:debt_to_equity,data_missing:free_cash_flow,munger_roe,munger_gross_margin",3854917120.0,12.294479,1.011202,,,0.08169,0.0,0.49231997,,0.0377,4.0
WS,False,0.0,"graham_size,graham_current_ratio,graham_pe,graham_pe_times_pb,munger_roe,munger_gross_margin",1796132224.0,105.823524,1.5969818,1.456,0.28054,-0.01048,0.11711001,0.05725,90725000.0,0.018000000000000002,4.0
WRLD,False,0.0,"data_missing:dividend_yield,graham_size,graham_debt_to_equity,graham_pe,graham_pe_times_pb,munger_roe",840269696.0,26.281569,2.450239,14.61,1.88371,0.08778,0.67749,0.33011,14777448.0,,4.0
XPEL,False,0.0,"data_missing:dividend_yield,graham_size,graham_pe,graham_pe_times_pb",1169688064.0,22.219894,4.1796336,3.072,0.07116,0.20266001,0.42543,0.110869996,40949000.0,,4.0
ANET,False,0.0,"data_missing:debt_to_equity,data_missing:dividend_yield,graham_pe,graham_pe_times_pb",222381916160.0,60.899998,16.488655,2.829,,0.31520998,0.63537,0.42738998,4362237440.0,,4.0
ARES,False,0.0,"graham_current_ratio,graham_debt_to_equity,graham_pe,graham_pe_times_pb,munger_roe",40003796992.0,56.148144,10.65823,0.488,1.68762,0.14182,0.37561,0.18434,1757137152.0,0.0452,4.0
ADM,False,0.0,"graham_current_ratio,graham_pe,graham_pe_times_pb,munger_roe,munger_gross_margin",41616945152.0,38.549107,1.8251569,1.311,0.46128,0.047659997,0.062979996,0.01274,1578499968.0,0.023799999999999998,4.0
ACGL,False,0.0,"data_missing:dividend_yield,graham_current_ratio",34973896704.0,7.7,1.506305,0.566,0.11282,0.21305999,0.39369,0.25282,5276125184.0,,4.0
APTV,False,0.0,"data_missing:dividend_yield,graham_debt_to_equity,graham_pe,graham_pe_times_pb,munger_roe,munger_gross_margin",11871910912.0,33.392857,1.2902484,2.115,1.03823,0.040799998,0.18922001,0.0987,1091124992.0,,4.0
APP,False,0.0,"data_missing:dividend_yield,graham_debt_to_equity,graham_earnings_stability,graham_pe,graham_pe_times_pb",133992833024.0,34.653343,56.752987,3.244,1.62888,2.66444,0.88367,0.78151,3180097280.0,,3.0
AMAT,False,0.0,"graham_pe,graham_pe_times_pb",446840340480.0,52.894733,18.688982,2.508,0.30399,0.39692003,0.48956,0.31896,3040375040.0,0.0038,4.0
AAPL,False,0.0,"graham_current_ratio,graham_pe,graham_pe_times_pb",4724335050752.0,38.98909,44.305786,1.07,0.79548,1.4147099,0.47862,0.32275,101090746368.0,0.0033,4.0
APO,False,0.0,"data_missing:free_cash_flow,graham_debt_to_equity,graham_earnings_stability,graham_pe,graham_pe_times_pb,munger_roe",68605583360.0,74.375,3.6977193,2.024,1.01267,0.08492,0.35222,0.13489,,0.0189,3.0
APA,False,0.0,graham_current_ratio,12873385984.0,8.489511,1.9938682,0.919,0.61314,0.26217,0.72273004,0.38487998,1691250048.0,0.0276,4.0
AON,False,0.0,"graham_current_ratio,graham_debt_to_equity,graham_pe_times_pb",75986403328.0,19.526894,7.7277956,1.066,1.5505000000000002,0.46447,0.47341,0.35836,3341625088.0,0.009300000000000001,4.0
AMZN,False,0.0,"data_missing:dividend_yield,graham_current_ratio,graham_earnings_stability,graham_pe,graham_pe_times_pb",2513506402304.0,27.983232,5.6861267,1.177,0.5329999999999999,0.24285,0.50604,0.1314,9806624768.0,,3.0
APH,False,0.0,"graham_debt_to_equity,graham_pe,graham_pe_times_pb",193675804672.0,45.238503,13.846086,1.714,1.3305099999999999,0.36825,0.37919998,0.27305,3563725056.0,0.0063,4.0
AMGN,False,0.0,"graham_current_ratio,graham_debt_to_equity,graham_pe,graham_pe_times_pb",200501624832.0,25.816538,21.817007,1.261,6.23754,1.01318,0.71443003,0.33800998,7436624896.0,0.0275,4.0
AME,False,0.0,"graham_current_ratio,graham_pe,graham_pe_times_pb,munger_roe",55270014976.0,36.481087,5.0617127,1.138,0.22489,0.14626999,0.36681,0.26299,1385356544.0,0.005699999999999999,4.0
AMP,False,0.0,graham_pe_times_pb,46756372480.0,12.957399,7.542089,2.483,0.5624600000000001,0.66936,0.56601,0.37188,3355624960.0,0.0129,4.0
AWK,False,0.0,"graham_current_ratio,graham_debt_to_equity,graham_pe,graham_pe_times_pb,munger_roe,munger_fcf",26247657472.0,23.87389,2.3781383,0.37,1.4233000000000002,0.10217,0.60826,0.33223,-1896625024.0,0.0268,4.0
AMT,False,0.0,"graham_current_ratio,graham_debt_to_equity,graham_pe,graham_pe_times_pb",76709289984.0,26.599352,21.78198,0.304,4.4455,0.29952,0.73964,0.45907003,4614362624.0,0.042,4.0
AIG,False,0.0,"graham_current_ratio,graham_earnings_stability,munger_roe",41440919552.0,13.760565,1.0308626,0.611,0.22646999999999998,0.07723,0.35534,0.18620001,9517249536.0,0.0256,1.0
AXP,False,0.0,"data_missing:free_cash_flow,graham_debt_to_equity,graham_pe,graham_pe_times_pb",232564146176.0,21.289194,6.8378606,1.574,1.77847,0.34419,0.62759,0.21245001,,0.0109,4.0
AEP,False,0.0,"graham_current_ratio,graham_debt_to_equity,graham_pe_times_pb,munger_roe,munger_fcf",73410650112.0,19.958578,2.3073897,0.526,1.5709899999999999,0.12585,0.47243,0.23738001,-6953449984.0,0.0286,4.0
AEE,False,0.0,"graham_current_ratio,graham_debt_to_equity,graham_pe,graham_pe_times_pb,munger_roe,munger_fcf",31347654656.0,20.372301,2.31201,0.622,1.55674,0.117469996,0.50451,0.27786,-1869374976.0,0.0268,4.0
AMCR,False,0.0,"graham_current_ratio,graham_debt_to_equity,graham_pe,graham_pe_times_pb,munger_roe,munger_gross_margin",19709798400.0,34.379032,1.6909286,1.443,1.4374,0.08737001,0.19143999,0.0859,149500000.0,0.0602,4.0
ADI,False,0.0,"graham_pe,graham_pe_times_pb,munger_roe",185190498304.0,56.493317,5.48843,1.752,0.2581,0.09639,0.64491,0.38076,3868954624.0,0.011399999999999999,4.0
EBAY,False,0.0,"graham_current_ratio,graham_debt_to_equity,graham_earnings_stability,graham_pe,graham_pe_times_pb",48538079232.0,25.247114,11.051354,1.219,1.63327,0.42875,0.71786004,0.23146999,1200375040.0,0.011200000000000002,3.0
ETN,False,0.0,"graham_current_ratio,graham_debt_to_equity,graham_pe,graham_pe_times_pb",161194983424.0,40.659157,8.173781,1.193,1.10463,0.20844999,0.37105,0.16104999,2646500096.0,0.0108,4.0
DD,False,0.0,"graham_earnings_stability,graham_pe,graham_pe_times_pb,munger_roe,munger_fcf",18551666688.0,119.47826,1.337018,2.683,0.22594,0.00896,0.35009998,0.13801,-124750000.0,0.0172,0.0
DUK,False,0.0,"graham_current_ratio,graham_debt_to_equity,graham_pe_times_pb,munger_roe,munger_fcf",100770603008.0,19.886152,1.8802547,0.661,1.61495,0.09661,0.5105,0.25507,-2246500096.0,0.0339,4.0
DTE,False,0.0,"graham_current_ratio,graham_debt_to_equity,graham_pe,graham_pe_times_pb,munger_roe,munger_gross_margin,munger_fcf",30815236096.0,24.363487,2.5006332,0.953,2.18787,0.10423,0.28689,0.10231,-2188124928.0,0.031400000000000004,4.0
DHI,False,0.0,"munger_roe,munger_gross_margin",39897374720.0,13.548141,1.6749952,4.705,0.29142,0.12632,0.21298,0.1299,7831799808.0,0.0126,4.0
DOW,False,0.0,"data_missing:trailing_pe,graham_debt_to_equity,graham_earnings_stability,munger_roe,munger_gross_margin,munger_fcf",22270910464.0,,1.4605095,1.848,1.17133,-0.15262,0.06255,0.0001,-675875008.0,0.044800000000000006,0.0
DOV,False,0.0,"graham_pe,graham_pe_times_pb,munger_roe",26636027904.0,24.725,3.556275,1.865,0.43927,0.14998001,0.40041,0.16395001,840764352.0,0.0097,4.0
DASH,False,0.0,"data_missing:dividend_yield,graham_current_ratio,graham_earnings_stability,graham_pe,graham_pe_times_pb,munger_roe",73971965952.0,80.459724,7.2576094,1.426,0.32194,0.09922,0.51763,0.052529998,2295624960.0,,2.0
DPZ,False,0.0,"data_missing:debt_to_equity,data_missing:return_on_equity,graham_pe_times_pb,munger_gross_margin",10693670912.0,18.314447,-2.6841764,1.538,,,0.28709,0.19084999,534831488.0,0.024900000000000002,4.0
COR,False,0.0,"graham_current_ratio,graham_debt_to_equity,graham_pe,graham_pe_times_pb,munger_gross_margin,munger_fcf",59352797184.0,23.376245,17.468935,0.947,4.20985,1.0713401,0.03796,0.01716,-318246112.0,0.008,4.0
DLTR,False,0.0,"data_missing:dividend_yield,graham_current_ratio,graham_debt_to_equity,graham_earnings_stability,graham_pe_times_pb",22609340416.0,18.88443,6.4878125,1.161,2.16518,0.33976,0.36991,0.09088001,1443624960.0,,1.0
DG,False,0.0,"graham_current_ratio,graham_debt_to_equity,graham_pe_times_pb",25402759168.0,16.288544,2.872537,1.169,1.78649,0.1891,0.30827,0.05919,1882562304.0,0.0196,4.0
DLR,False,0.0,"graham_current_ratio,graham_pe,graham_pe_times_pb,munger_roe",67480080384.0,47.696808,2.7643077,1.227,0.7659199999999999,0.05688,0.55342996,0.17191,3278001664.0,0.0274,4.0
FANG,False,0.0,"graham_current_ratio,graham_pe,graham_pe_times_pb,munger_roe",57807073280.0,211.84537,1.5849229,0.561,0.32594,0.0047400002,0.72246003,0.0579,1397250048.0,0.0217,4.0
DXCM,False,0.0,"data_missing:dividend_yield,graham_pe,graham_pe_times_pb",27196329984.0,30.24893,9.198643,1.948,0.46832999999999997,0.35624,0.61504,0.2142,1056637504.0,,4.0
DVN,False,0.0,graham_current_ratio,52237627392.0,12.6156,1.8229754,1.006,0.56359,0.15178001,0.46929002,0.06856,1607500032.0,0.0232,4.0
DAL,False,0.0,"graham_current_ratio,graham_pe_times_pb,munger_gross_margin",53905362944.0,13.593698,2.45765,0.424,0.96649,0.20125,0.187,0.07921,2817374976.0,0.009300000000000001,4.0
DELL,False,0.0,"data_missing:debt_to_equity,data_missing:return_on_equity,graham_current_ratio,graham_pe,graham_pe_times_pb,munger_gross_margin",283876196352.0,35.00717,-203.11603,0.946,,,0.19212,0.088570006,5434124800.0,0.005699999999999999,4.0
DE,False,0.0,"graham_debt_to_equity,graham_pe,graham_pe_times_pb,munger_gross_margin",164770856960.0,34.522923,6.008451,2.213,3.76022,0.18349001,0.25965,0.17479,1098749952.0,0.010700000000000001,4.0
DECK,False,0.0,"data_missing:dividend_yield,graham_pe_times_pb",13364514816.0,13.707977,5.388923,3.545,0.1501,0.40859002,0.57703996,0.14002,858725120.0,,4.0
DVA,False,0.0,"data_missing:dividend_yield,graham_current_ratio,graham_debt_to_equity,graham_pe,graham_pe_times_pb",15036619776.0,22.59113,-20.522997,1.417,12.613309999999998,0.80981004,0.32454,0.13864,999662976.0,,4.0
D,False,0.0,"graham_current_ratio,graham_debt_to_equity,graham_pe,graham_pe_times_pb,munger_roe,munger_fcf",62849961984.0,21.079645,2.230894,0.777,1.54901,0.09787,0.47263,0.28751,-9948250112.0,0.037599999999999995,4.0
EXPD,False,0.0,"graham_pe,graham_pe_times_pb,munger_gross_margin",23042781184.0,28.462034,10.182049,1.789,0.24708,0.36641,0.1362,0.10594,783248512.0,0.0091,4.0
EXPE,False,0.0,"graham_current_ratio,graham_debt_to_equity,graham_pe,graham_pe_times_pb",30918885376.0,22.73698,53.668743,0.731,2.56536,0.71494,0.90271,0.07093,3478249984.0,0.0067,4.0
EXE,False,0.0,"graham_current_ratio,graham_earnings_stability",21944463360.0,6.825149,1.1267242,1.111,0.25883,0.17568001,0.47955,0.3404,1687624960.0,0.0342,1.0
EXC,False,0.0,"graham_current_ratio,graham_debt_to_equity,munger_roe,munger_fcf",48377278464.0,17.31868,1.6502618,0.939,1.74794,0.09764,0.42641,0.22299999,-2807749888.0,0.036000000000000004,4.0
ES,False,0.0,"graham_current_ratio,graham_debt_to_equity,graham_earnings_stability,munger_roe",28063092736.0,15.978587,1.6971436,0.651,1.81822,0.10912,0.5349,0.24872999,587291392.0,0.042300000000000004,2.0
EVRG,False,0.0,"graham_current_ratio,graham_debt_to_equity,graham_pe,graham_pe_times_pb,munger_roe,munger_fcf",19973953536.0,23.045214,1.9665917,0.446,1.55555,0.08866999,0.52331,0.21916,-1101750016.0,0.0321,4.0
EG,False,0.0,"graham_current_ratio,munger_roe,munger_gross_margin",14861509632.0,7.64888,0.97752184,0.382,0.23471,0.13822,0.15487,0.20232001,3993250048.0,0.021400000000000002,4.0
EL,False,0.0,"data_missing:trailing_pe,graham_current_ratio,graham_debt_to_equity,graham_earnings_stability,munger_roe",28914649088.0,,7.241098,1.268,2.32908,-0.05949,0.74651,0.14925,1807624960.0,0.0169,0.0
ESS,False,0.0,"graham_current_ratio,graham_debt_to_equity,graham_pe,graham_pe_times_pb,munger_roe",20209160192.0,33.01802,3.4689193,0.3,1.2185599999999999,0.105579995,0.68883,0.35173,983003264.0,0.0353,4.0
ERIE,False,0.0,"graham_current_ratio,graham_pe_times_pb,munger_gross_margin",11217222656.0,19.662695,4.766158,1.29,0.02108,0.2585,0.17913,0.16876,447472992.0,0.0278,4.0
EQR,False,0.0,"data_missing:free_cash_flow,graham_current_ratio,graham_pe,graham_pe_times_pb,munger_roe",26381752320.0,29.816593,2.401266,0.127,0.78679,0.080240004,0.62336,0.27879998,,0.041100000000000005,4.0
ECHO,False,0.0,"data_missing:trailing_pe,data_missing:dividend_yield,graham_current_ratio,graham_debt_to_equity,graham_earnings_stability,munger_roe,munger_gross_margin,munger_fcf",26520834048.0,,4.7010174,0.302,5.1506,-1.1228399,0.27082002,0.08908,-457875616.0,,0.0
EFX,False,0.0,"graham_current_ratio,graham_debt_to_equity,graham_pe,graham_pe_times_pb,munger_roe",19587082240.0,29.300528,4.3803368,0.602,1.20956,0.14275,0.55542,0.17305,947537472.0,0.0131,4.0
EQT,False,0.0,"graham_current_ratio,munger_roe",33396140032.0,12.387471,1.3294654,0.673,0.19594999999999999,0.11078,0.80639,0.22877,2460903936.0,0.012199999999999999,4.0
EOG,False,0.0,graham_pe_times_pb,77492133888.0,14.305801,2.5176508,1.716,0.26873,0.18195,0.61994,0.37877998,2864250112.0,0.028300000000000002,4.0
ETR,False,0.0,"graham_current_ratio,graham_debt_to_equity,graham_pe,graham_pe_times_pb,munger_roe,munger_fcf",54031716352.0,29.540817,3.056296,0.957,1.92883,0.10751,0.46976003,0.18648,-3913097728.0,0.0223,4.0
EMR,False,0.0,"graham_current_ratio,graham_pe,graham_pe_times_pb,munger_roe",81158479872.0,33.619488,3.9973514,0.868,0.69182,0.12328,0.52669996,0.24244,3272250112.0,0.0159,4.0
EME,False,0.0,"graham_current_ratio,graham_pe,graham_pe_times_pb,munger_gross_margin",34248663040.0,25.851093,8.839276,1.26,0.13355,0.39229,0.19294001,0.08726,891520000.0,0.0021,4.0
ELV,False,0.0,"graham_pe_times_pb,munger_roe,munger_gross_margin",82260688896.0,16.776205,1.8325394,1.518,0.68953,0.11133,0.2599,0.04559,4306375168.0,0.0177,4.0
EA,False,0.0,"graham_current_ratio,graham_pe,graham_pe_times_pb,munger_roe",52407062528.0,59.54416,7.746766,1.046,0.2741,0.1349,0.78967005,0.24009001,2219124992.0,0.0036,4.0
EW,False,0.0,"data_missing:dividend_yield,graham_pe,graham_pe_times_pb,munger_roe",48263557120.0,45.308105,4.6829433,4.421,0.06806,0.1046,0.77866,0.31219998,902137472.0,,4.0
EIX,False,0.0,"graham_current_ratio,graham_debt_to_equity,munger_fcf",30644989952.0,8.656522,1.7778771,0.74,2.26101,0.18864,0.58677,0.27492002,-1134000000.0,0.0437,4.0
ECL,False,0.0,"graham_current_ratio,graham_pe,graham_pe_times_pb",74057465856.0,35.607582,7.402802,0.991,0.92369,0.22427,0.44374,0.16933,1586424960.0,0.0109,4.0
EQIX,False,0.0,"graham_current_ratio,graham_debt_to_equity,graham_pe,graham_pe_times_pb,munger_roe",101933096960.0,71.23019,7.1291113,1.178,1.6296100000000002,0.10059,0.51606,0.24343,2725125120.0,0.0191,4.0
CTSH,False,0.0,munger_roe,20343730176.0,9.329718,1.3529837,2.226,0.07246999999999999,0.14876,0.33514,0.15574001,1908875008.0,0.030600000000000002,4.0
KO,False,0.0,"graham_current_ratio,graham_debt_to_equity,graham_pe,graham_pe_times_pb",349232496640.0,25.525156,10.385107,1.358,1.24943,0.43372002,0.61744,0.35055,3124250112.0,0.0258,4.0
CMS,False,0.0,"graham_current_ratio,graham_debt_to_equity,graham_pe,graham_pe_times_pb,munger_roe,munger_fcf",22906390528.0,20.483427,2.4783583,0.842,1.8984200000000002,0.103719994,0.40546,0.19816999,-2161625088.0,0.0308,4.0
CME,False,0.0,"data_missing:free_cash_flow,graham_current_ratio,graham_pe,graham_pe_times_pb",91891605504.0,21.71819,3.4588184,1.018,0.12912,0.15802,1.0,0.64887,,0.0209,4.0
CLX,False,0.0,"graham_current_ratio,graham_debt_to_equity,graham_pe_times_pb",11342423040.0,15.252033,-169.31407,0.84,48.760870000000004,5.46099,0.43846,0.17006001,62750000.0,0.0518,4.0
CFG,False,0.0,"data_missing:current_ratio,data_missing:debt_to_equity,data_missing:free_cash_flow,munger_roe,munger_gross_margin",30348257280.0,15.642702,1.260733,,,0.08270001,0.0,0.35132998,,0.0254,4.0
C,False,0.0,"data_missing:current_ratio,data_missing:debt_to_equity,data_missing:free_cash_flow,munger_roe,munger_gross_margin",221215522816.0,14.211207,1.1493813,,,0.08529,0.0,0.36229,,0.0203,4.0
CSCO,False,0.0,"graham_current_ratio,graham_pe,graham_pe_times_pb",444436185088.0,37.586666,9.092815,0.925,0.67541,0.25229,0.64296997,0.24992001,9288375296.0,0.015,4.0
CTAS,False,0.0,"graham_current_ratio,graham_earnings_stability,graham_pe,graham_pe_times_pb",81329881088.0,41.395115,15.823277,1.434,0.52646,0.40714002,0.50668997,0.23649,1463799936.0,0.0089,0.0
CINF,False,0.0,"graham_current_ratio,graham_earnings_stability,munger_gross_margin",27747706880.0,10.262014,1.7648044,1.044,0.056260000000000004,0.18735,0.27938998,0.11841,2748250112.0,0.021,3.0
DDOG,False,0.0,"data_missing:dividend_yield,graham_earnings_stability,graham_pe,graham_pe_times_pb,munger_roe",86993108992.0,626.64105,21.80496,3.397,0.32220999999999994,0.039300002,0.79906,0.00797,936726528.0,,3.0
CIEN,False,0.0,"data_missing:dividend_yield,graham_pe,graham_pe_times_pb",57687064576.0,134.94371,19.951532,2.727,0.54649,0.15464,0.43047002,0.15195,700927872.0,,4.0
CHD,False,0.0,"graham_current_ratio,graham_pe,graham_pe_times_pb",22791606272.0,31.641449,5.4433823,1.217,0.56794,0.16779,0.45470002,0.20233999,1128824960.0,0.0127,4.0
CB,False,0.0,"data_missing:debt_to_equity,data_missing:free_cash_flow,graham_current_ratio,munger_roe",137011576832.0,12.522156,1.8598664,0.356,,0.14822,0.31273,0.23388,,0.011899999999999999,4.0
CMG,False,0.0,"data_missing:dividend_yield,graham_current_ratio,graham_debt_to_equity,graham_pe,graham_pe_times_pb",41060311040.0,29.36697,17.108498,0.919,2.1788499999999997,0.49231997,0.39648998,0.13271,1087909760.0,,4.0
CVX,False,0.0,"graham_current_ratio,graham_pe,graham_pe_times_pb,munger_roe",387206414336.0,33.93019,2.0926528,1.094,0.23989000000000002,0.06638,0.42421,0.07312,11776499712.0,0.0369,4.0
CHTR,False,0.0,"data_missing:dividend_yield,graham_current_ratio,graham_debt_to_equity",19819812864.0,3.422619,0.94950014,0.401,4.59525,0.27504998,0.55346,0.23879999,2403624960.0,,4.0
SCHW,False,0.0,"data_missing:free_cash_flow,graham_current_ratio,graham_pe_times_pb",176713564160.0,18.508198,4.1583796,0.642,0.7405200000000001,0.20283002,0.97495,0.51881003,,0.0127,4.0
CRL,False,0.0,"data_missing:trailing_pe,data_missing:dividend_yield,graham_current_ratio,graham_debt_to_equity,graham_earnings_stability,munger_roe",11044377600.0,,3.7557738,1.361,1.02551,-0.0587,0.34457,0.15923999,510023744.0,,0.0
CF,False,0.0,graham_pe_times_pb,19466364928.0,11.415315,3.6436048,3.54,0.43847,0.273,0.39125,0.33585,1076375040.0,0.018799999999999997,4.0
CNP,False,0.0,"graham_current_ratio,graham_debt_to_equity,graham_pe,graham_pe_times_pb,munger_roe,munger_fcf",28933914624.0,27.13497,2.5271397,1.165,2.15591,0.09561,0.4592,0.21982999,-4945375232.0,0.022000000000000002,4.0
CNC,False,0.0,"data_missing:trailing_pe,data_missing:dividend_yield,graham_current_ratio,graham_earnings_stability,munger_roe,munger_gross_margin",31474620416.0,,1.4688329,1.123,0.7604900000000001,-0.26044,0.10559,0.05069,6847499776.0,,0.0
CI,False,0.0,"graham_current_ratio,munger_gross_margin",75732983808.0,12.136075,1.7946516,0.818,0.7280500000000001,0.16268998,0.09149,0.054780003,6923375104.0,0.0219,4.0
DRI,False,0.0,"graham_current_ratio,graham_debt_to_equity,graham_pe_times_pb,munger_gross_margin",22233534464.0,18.611696,10.051261,0.314,3.62378,0.53718,0.21667999,0.14335,1075412480.0,0.0316,4.0
DHR,False,0.0,"graham_pe,graham_pe_times_pb,munger_roe",135324811264.0,34.313725,2.5729103,1.651,0.5297,0.07605,0.58752996,0.19777,4325125120.0,0.0089,4.0
CVS,False,0.0,"graham_current_ratio,graham_debt_to_equity,graham_pe,graham_pe_times_pb,munger_roe,munger_gross_margin",136383864832.0,46.88158,1.7567589,0.866,1.00912,0.037520003,0.13387999,0.04124,5201625088.0,0.0246,4.0
CMI,False,0.0,"graham_pe,graham_pe_times_pb,munger_gross_margin",91766874112.0,34.582947,7.4299216,1.709,0.61621,0.21993999,0.25847998,0.09764,1688625024.0,0.013300000000000001,4.0
CSX,False,0.0,"graham_current_ratio,graham_debt_to_equity,graham_pe,graham_pe_times_pb",98128314368.0,32.398773,7.2273164,0.82,1.3740100000000002,0.24357,0.47085,0.38272,1943500032.0,0.011200000000000002,4.0
CCI,False,0.0,"data_missing:debt_to_equity,data_missing:return_on_equity,graham_current_ratio,graham_earnings_stability,graham_pe,graham_pe_times_pb",32546224128.0,31.464136,-16.932335,0.522,,,0.73732,0.46825,1025249984.0,0.0548,1.0
CRWD,False,0.0,"data_missing:trailing_pe,data_missing:dividend_yield,graham_earnings_stability,munger_roe",186769113088.0,,40.30323,1.531,0.17568,-0.0024899999,0.75136,-0.022079999,1926365056.0,,0.0
CRH,False,0.0,graham_pe_times_pb,65496981504.0,18.185528,2.8391843,1.59,0.8322700000000001,0.15812,0.36089,-0.00041,786124992.0,0.015600000000000001,4.0
COST,False,0.0,"graham_current_ratio,graham_pe,graham_pe_times_pb,munger_gross_margin",410687995904.0,46.67641,24.841997,1.072,0.6025699999999999,0.29152,0.12876001,0.036730003,6954375168.0,0.0063,4.0
CSGP,False,0.0,"data_missing:dividend_yield,graham_pe,graham_pe_times_pb,munger_roe",11082773504.0,387.71426,1.3963059,2.196,0.1435,0.00303,0.78634,0.0033399998,202200000.0,,4.0
CTVA,False,0.0,"graham_current_ratio,graham_pe,graham_pe_times_pb,munger_roe",59377836032.0,47.98919,2.4417613,1.467,0.1364,0.051370002,0.48561,0.2369,2576124928.0,0.008100000000000001,4.0
COHR,False,0.0,"data_missing:dividend_yield,graham_earnings_stability,graham_pe,graham_pe_times_pb,munger_roe,munger_fcf",61278150656.0,149.86603,5.7365246,3.05,0.31093,0.04718,0.36990002,0.13572,-197631744.0,,1.0
GLW,False,0.0,"graham_pe,graham_pe_times_pb",134311133184.0,75.02885,11.983414,1.61,0.80363,0.1674,0.36383,0.15661,612000000.0,0.0073,4.0
CPRT,False,0.0,"data_missing:dividend_yield,graham_pe_times_pb",26201989120.0,16.894411,2.8701067,7.613,0.010589999999999999,0.17607,0.47522998,0.37530997,999977152.0,,4.0
COO,False,0.0,"data_missing:dividend_yield,graham_current_ratio,graham_pe,graham_pe_times_pb,munger_roe",13697001472.0,59.516956,1.6613835,1.274,0.33093000000000006,0.02853,0.65550005,-0.02866,424275008.0,,4.0
CEG,False,0.0,"graham_current_ratio,graham_earnings_stability,graham_pe,graham_pe_times_pb,munger_gross_margin,munger_fcf",98417319936.0,23.92361,2.982587,1.363,0.66428,0.16104999,0.23263,0.21858,-4478875136.0,0.0062,3.0
STZ,False,0.0,"graham_current_ratio,graham_debt_to_equity,graham_earnings_stability,graham_pe_times_pb",22079879168.0,12.311429,2.6849027,0.913,1.23205,0.2369,0.5272,0.35931,2210487552.0,0.031200000000000002,1.0
ED,False,0.0,"graham_current_ratio,graham_debt_to_equity,graham_pe_times_pb,munger_roe,munger_fcf",41566466048.0,19.020237,1.6216177,1.189,1.06177,0.08732,0.53192,0.25613,-833249984.0,0.0313,4.0
COP,False,0.0,"graham_current_ratio,graham_pe,graham_pe_times_pb,munger_roe",146438930432.0,20.37288,2.268909,1.289,0.36143000000000003,0.112840004,0.45591,0.22051,5289124864.0,0.028300000000000002,4.0
FIX,False,0.0,"graham_current_ratio,graham_pe,graham_pe_times_pb,munger_gross_margin",64427122688.0,52.969337,99.76301,1.24,0.45488999999999996,0.53294,0.25128,0.07885,1099853568.0,0.0015,4.0
CMCSA,False,0.0,"graham_current_ratio,graham_debt_to_equity",78303248384.0,4.2980394,0.8882045,0.865,1.06858,0.20918,0.70129997,0.13145,4013125120.0,0.056100000000000004,4.0
CL,False,0.0,"graham_current_ratio,graham_debt_to_equity,graham_pe,graham_pe_times_pb",72081055744.0,34.91473,497.6796,1.025,16.405350000000002,3.6357698,0.60063,0.20924,3319500032.0,0.0231,4.0
COIN,False,0.0,"data_missing:dividend_yield,graham_earnings_stability,graham_pe,graham_pe_times_pb,munger_roe",42459336704.0,59.25,3.149071,2.141,0.5908100000000001,0.06686,0.85475,-0.07097,2407562752.0,,3.0
CPAY,False,0.0,"data_missing:dividend_yield,graham_current_ratio,graham_debt_to_equity,graham_pe,graham_pe_times_pb",23844028416.0,21.857399,6.8731627,0.977,2.7134300000000002,0.32124,0.79714996,0.41404,2095142784.0,,4.0
EXPO,False,0.0,"graham_pe,graham_pe_times_pb",2909727488.0,28.028036,8.617816,2.397,0.23952,0.27938998,0.35134,0.27256,73841752.0,0.020099999999999996,4.0
EXP,False,0.0,"graham_debt_to_equity,graham_pe_times_pb,munger_gross_margin",6398763008.0,15.737843,4.3852296,3.655,1.2183,0.28914,0.28265,0.17377001,100345872.0,0.0049,4.0
EXLS,False,0.0,"data_missing:dividend_yield,graham_pe_times_pb",4106804992.0,17.121017,5.280943,2.662,0.66857,0.28094,0.38472,0.16041,295157120.0,,4.0
EXEL,False,0.0,"data_missing:dividend_yield,graham_pe_times_pb",13987910656.0,18.427153,7.293578,3.258,0.08757999999999999,0.40987,0.96444,0.41149,629119360.0,,4.0
EWBC,False,0.0,"data_missing:current_ratio,data_missing:debt_to_equity,data_missing:free_cash_flow,munger_gross_margin",17895821312.0,12.5485115,1.9357468,,,0.16577,0.0,0.65281,,0.024300000000000002,4.0
EVR,False,0.0,"data_missing:free_cash_flow,graham_pe_times_pb",12950895616.0,18.86197,7.266098,2.224,0.52585,0.42166,0.94135004,0.24406,,0.0106,4.0
ESNT,False,0.0,munger_roe,5936487424.0,9.163584,1.0525284,2.006,0.08701,0.12088,0.79097,0.63747,587141632.0,0.0215,4.0
ESAB,False,0.0,"graham_pe,graham_pe_times_pb,munger_roe",5198916096.0,22.13492,2.3252,2.973,0.9572400000000001,0.11387,0.3671,0.13498001,187513632.0,0.005,4.0
EQH,False,0.0,"data_missing:trailing_pe,graham_debt_to_equity,graham_earnings_stability,munger_roe,munger_gross_margin,munger_fcf",12949134336.0,,-16.798866,2.341,3.21156,-0.13523,0.13193,0.22434999,-9287000064.0,0.022799999999999997,0.0
EPR,False,0.0,"graham_debt_to_equity,graham_pe_times_pb,munger_roe",4741944832.0,19.12963,2.0473688,1.719,1.3485,0.1169,0.91759,0.51313,344983360.0,0.06,4.0
PLD,False,0.0,"data_missing:free_cash_flow,graham_current_ratio,graham_pe,graham_pe_times_pb,munger_roe",138458398720.0,32.320713,2.5317073,0.301,0.62702,0.07749,0.75549006,0.43030998,,0.0296,4.0
ENSG,False,0.0,"graham_pe,graham_pe_times_pb,munger_gross_margin",9790773248.0,27.283388,4.1016603,1.557,0.94723,0.16915001,0.16431,0.089870006,291292384.0,0.0015,4.0
ENS,False,0.0,"graham_pe,graham_pe_times_pb,munger_gross_margin",7293048320.0,26.014305,3.828415,2.664,0.6598999999999999,0.15336001,0.29318002,0.13423,383966496.0,0.0052,4.0
ELS,False,0.0,"graham_current_ratio,graham_debt_to_equity,graham_pe,graham_pe_times_pb",13231345664.0,33.015,7.2688246,0.448,1.80774,0.2185,0.53271,0.3691,479228000.0,0.0331,4.0
ELF,False,0.0,"data_missing:dividend_yield,graham_pe,graham_pe_times_pb,munger_roe",4488055808.0,173.06819,17.104671,3.071,0.81104,-0.00291,0.60951,0.0174,84486248.0,,4.0
ELAN,False,0.0,"data_missing:trailing_pe,data_missing:dividend_yield,graham_earnings_stability,munger_roe",12376360960.0,,1.9038107,2.156,0.66154,-0.03766,0.55057997,0.12327,692124992.0,,0.0
EHC,False,0.0,"graham_current_ratio,graham_pe_times_pb",11017049088.0,19.017122,4.377784,1.174,0.8284,0.25232,0.43488997,0.19009,284112512.0,0.0068000000000000005,4.0
EGP,False,0.0,"graham_current_ratio,graham_pe,graham_pe_times_pb,munger_roe",11506307072.0,38.989075,3.2188938,0.162,0.45016,0.08732,0.73607004,0.40761003,511763008.0,0.0287,4.0
EEFT,False,0.0,"data_missing:dividend_yield,graham_current_ratio,graham_debt_to_equity,munger_gross_margin",2942824192.0,11.332845,2.429281,1.277,2.2045,0.2467,0.24301,0.07116,344912512.0,,4.0
DY,False,0.0,"data_missing:dividend_yield,graham_debt_to_equity,graham_pe,graham_pe_times_pb,munger_gross_margin",13219891200.0,42.102295,6.975039,2.584,1.58196,0.19699,0.20462999,0.07317,288279744.0,,4.0
DUOL,False,0.0,"data_missing:dividend_yield,graham_earnings_stability,graham_pe_times_pb",5622391296.0,13.806636,4.0614586,2.623,0.06601,0.36960998,0.72665,0.15369001,312465120.0,,3.0
DTM,False,0.0,"graham_current_ratio,graham_pe,graham_pe_times_pb,munger_roe",14913444864.0,32.486668,3.1376631,1.259,0.68866,0.098579995,0.7547,0.49702,146000000.0,0.0245,4.0
ENTG,False,0.0,"graham_pe,graham_pe_times_pb,munger_roe",20606189568.0,78.20809,5.0889535,3.215,0.9279600000000001,0.067880005,0.44775,0.17945999,445062496.0,0.0029,4.0
GGG,False,0.0,"graham_pe,graham_pe_times_pb",12904026112.0,24.449684,4.703569,2.992,0.017929999999999998,0.21240999,0.52642,0.29649,544219008.0,0.016,4.0
GEF,False,0.0,"data_missing:return_on_equity,data_missing:free_cash_flow,graham_current_ratio,graham_pe,graham_pe_times_pb,munger_gross_margin",4362911744.0,31.731405,1.2049649,1.275,0.39344,,0.22341,0.05155,,0.029900000000000003,4.0
GBCI,False,0.0,"data_missing:current_ratio,data_missing:debt_to_equity,data_missing:free_cash_flow,graham_pe,graham_pe_times_pb,munger_roe,munger_gross_margin",6591725568.0,23.668224,1.5513017,,,0.07075,0.0,0.41467997,,0.0258,4.0
GATX,False,0.0,"graham_debt_to_equity,graham_pe_times_pb,munger_roe,munger_fcf",6510496256.0,19.675966,2.3435144,3.132,3.45676,0.107580006,0.74055,0.29844,-5025362432.0,0.0146,4.0
GAP,False,0.0,"graham_debt_to_equity,graham_earnings_stability",6796402176.0,7.492063,1.8646913,1.806,1.5436400000000001,0.2758,0.405,0.12725,928499968.0,0.0356,3.0
FTI,False,0.0,"graham_current_ratio,graham_earnings_stability,graham_pe,graham_pe_times_pb,munger_gross_margin",30309316608.0,29.126436,9.012447,1.127,0.38688,0.33407003,0.22584999,0.14057,1028849984.0,0.0027,3.0
FR,False,0.0,"data_missing:current_ratio,data_missing:return_on_equity,data_missing:free_cash_flow,graham_pe,graham_pe_times_pb",9088301056.0,25.61004,3.1884825,,0.90648,,0.73736,0.45082,,0.0279,4.0
FOUR,False,0.0,"data_missing:dividend_yield,graham_current_ratio,graham_debt_to_equity,graham_pe,graham_pe_times_pb,munger_roe",4592690688.0,53.252876,5.671441,1.222,2.57416,0.099429995,0.35099998,0.04996,488449984.0,,4.0
FNF,False,0.0,"graham_current_ratio,graham_pe_times_pb,munger_roe",13083748352.0,17.298933,1.8025736,0.953,0.5478799999999999,0.1047,0.54618,0.19252001,2113124992.0,0.0414,4.0
FND,False,0.0,"data_missing:dividend_yield,graham_current_ratio,graham_pe,graham_pe_times_pb,munger_roe",5733314048.0,28.826086,2.3336854,1.15,0.81678,0.08527,0.45009997,0.04547,78788872.0,,4.0
FAF,False,0.0,"data_missing:current_ratio,data_missing:return_on_equity,data_missing:free_cash_flow",7027023872.0,10.609231,1.2790029,,0.5135000000000001,,0.66174006,0.13409,,0.031200000000000002,4.0
FN,False,0.0,"data_missing:dividend_yield,graham_pe,graham_pe_times_pb,munger_gross_margin,munger_fcf",18550130688.0,44.40223,8.048659,2.549,0.00192,0.1999,0.12037,0.098859996,-79178376.0,,4.0
FLS,False,0.0,"graham_pe,graham_pe_times_pb",9158651904.0,26.345589,4.1324034,2.217,0.8290000000000001,0.17086,0.35528,0.13434,460488864.0,0.0128,4.0
FLR,False,0.0,"data_missing:dividend_yield,graham_earnings_stability,graham_pe,graham_pe_times_pb,munger_roe,munger_gross_margin",7438817792.0,24.319633,2.6251972,1.784,0.36293,0.1015,-0.01627,-0.01201,345124992.0,,0.0
FLG,False,0.0,"data_missing:trailing_pe,data_missing:current_ratio,data_missing:debt_to_equity,data_missing:free_cash_flow,graham_earnings_stability,munger_roe,munger_gross_margin",6131350528.0,,0.80488074,,,-0.0068800002,0.0,0.17469999,,0.0027,0.0
FIVE,False,0.0,"data_missing:dividend_yield,graham_pe,graham_pe_times_pb",11131506688.0,25.385878,4.8138404,2.098,0.86432,0.21127,0.36805,0.11998,427309888.0,,4.0
FHN,False,0.0,"data_missing:current_ratio,data_missing:debt_to_equity,data_missing:free_cash_flow,munger_roe,munger_gross_margin",12112246784.0,12.8241205,1.4254595,,,0.11453,0.0,0.40069,,0.0264,4.0
FHI,False,0.0,graham_pe_times_pb,4350554624.0,11.128156,3.428452,3.276,0.35674,0.3376,0.68292,0.26376,364816384.0,0.024300000000000002,4.0
FFIN,False,0.0,"data_missing:current_ratio,data_missing:debt_to_equity,data_missing:free_cash_flow,graham_pe_times_pb,munger_roe,munger_gross_margin",4944534016.0,18.449198,2.475425,,,0.14408,0.0,0.55958,,0.0254,4.0
FCN,False,0.0,"data_missing:dividend_yield,graham_pe_times_pb,munger_roe",4746179584.0,18.744047,2.8019004,2.3,0.606,0.13994001,0.31879,0.08534,227755744.0,,4.0
FCFS,False,0.0,"graham_debt_to_equity,graham_pe,graham_pe_times_pb",8653800448.0,24.769135,3.7656417,4.767,1.13612,0.16274,0.58564997,0.16702999,190610624.0,0.008,4.0
FBIN,False,0.0,"graham_debt_to_equity,graham_pe,graham_pe_times_pb,munger_roe",5940811776.0,22.133333,2.5206256,2.132,1.25712,0.11653,0.44912,0.06546,323924992.0,0.0207,4.0
FNB,False,0.0,"data_missing:current_ratio,data_missing:debt_to_equity,data_missing:free_cash_flow,munger_roe,munger_gross_margin",6717039616.0,11.232143,0.98682153,,,0.09034,0.0,0.4449,,0.0276,4.0
COLB,False,0.0,"data_missing:current_ratio,data_missing:debt_to_equity,data_missing:free_cash_flow,munger_roe,munger_gross_margin",9338958848.0,12.65098,1.2187382,,,0.10154,0.0,0.50693,,0.0454,4.0
COKE,False,0.0,"graham_current_ratio,graham_debt_to_equity,graham_pe,graham_pe_times_pb",11877733376.0,24.510988,3.7315712,1.235,1.97906,1.35179,0.39659,0.07417,531065504.0,0.0054,4.0
CNX,False,0.0,"data_missing:dividend_yield,graham_current_ratio,graham_earnings_stability",4875317760.0,4.5946665,1.0572172,0.494,0.54827,0.28081,0.74815005,0.60716,408791136.0,,1.0
CNO,False,0.0,"graham_debt_to_equity,graham_pe,graham_pe_times_pb,munger_roe",4910131200.0,21.209677,1.9746969,2.425,1.7219399999999998,0.09764,0.38895,0.09645,1026137472.0,0.013600000000000001,4.0
CNM,False,0.0,"data_missing:dividend_yield,graham_debt_to_equity,graham_pe_times_pb,munger_gross_margin",8345445888.0,18.271187,3.9708996,2.312,1.15941,0.23888001,0.2706,0.09267,437875008.0,,4.0
CNH,False,0.0,"graham_debt_to_equity,graham_pe,graham_pe_times_pb,munger_roe,munger_gross_margin",13168275456.0,33.1875,1.6943203,4.899,3.33719,0.0484,0.18482,0.026919998,247250000.0,0.009300000000000001,4.0
CMC,False,0.0,"munger_roe,munger_gross_margin",7526879744.0,12.862004,1.6619444,2.326,0.7998099999999999,0.13791999,0.18565,0.09476,134061248.0,0.0118,4.0
CLH,False,0.0,"data_missing:dividend_yield,graham_debt_to_equity,graham_pe,graham_pe_times_pb,munger_roe",16195723264.0,41.5271,5.8338566,2.343,1.16452,0.14794,0.31718,0.08149,407184640.0,,4.0
CLF,False,0.0,"data_missing:trailing_pe,data_missing:dividend_yield,graham_debt_to_equity,graham_earnings_stability,munger_roe,munger_gross_margin,munger_fcf",6251744768.0,,1.0737729,2.019,1.2932400000000002,-0.18604,-0.02888,-0.02885,-60500000.0,,0.0
CHWY,False,0.0,"data_missing:dividend_yield,graham_current_ratio,graham_debt_to_equity,graham_pe,graham_pe_times_pb,munger_gross_margin",8376818688.0,34.1,19.768116,0.784,1.2338500000000001,0.63816,0.29912,0.03828,463275008.0,,4.0
DT,False,0.0,"data_missing:dividend_yield,graham_current_ratio,graham_pe,graham_pe_times_pb,munger_roe",11848488960.0,75.27778,4.5864835,1.353,0.06293,0.062179998,0.81732005,0.10507,501819008.0,,4.0
CHH,False,0.0,"graham_current_ratio,graham_debt_to_equity,graham_pe_times_pb",4913512960.0,14.594594,35.5497,0.947,15.35084,9.40813,0.90456,0.27816,194694128.0,0.0106,4.0
CHE,False,0.0,"graham_current_ratio,graham_pe,graham_pe_times_pb",6677007360.0,27.441898,7.841398,0.853,0.27941,0.25597,0.32376,0.12863,348256736.0,0.0048,4.0
CHDN,False,0.0,"graham_current_ratio,graham_debt_to_equity,graham_pe_times_pb",5837116416.0,15.4235735,5.325914,0.541,4.38287,0.35001,0.33796,0.21719,125112496.0,0.0053,4.0
CGNX,False,0.0,"graham_pe,graham_pe_times_pb,munger_roe",10557649920.0,74.63529,7.14334,3.643,0.05005,0.09748,0.6802,0.22304001,181449872.0,0.0054,4.0
CG,False,0.0,"data_missing:free_cash_flow,graham_debt_to_equity,graham_earnings_stability,graham_pe,graham_pe_times_pb,munger_roe",15986464768.0,30.417807,2.957512,1.994,1.9820900000000001,0.09364,0.8778,-2.3387802,,0.0318,2.0
CFR,False,0.0,"data_missing:current_ratio,data_missing:debt_to_equity,data_missing:free_cash_flow,graham_pe_times_pb,munger_gross_margin",10139211776.0,15.7215185,2.3121207,,,0.15469,0.0,0.36897,,0.0254,4.0
CELH,False,0.0,"data_missing:dividend_yield,graham_earnings_stability,graham_pe,graham_pe_times_pb,munger_roe",6945748480.0,63.186047,5.5733333,1.773,0.22449000000000002,0.081190005,0.50351,0.19820999,177804496.0,,3.0
CDP,False,0.0,"graham_debt_to_equity,graham_earnings_stability,graham_pe,graham_pe_times_pb,munger_roe",4328598016.0,27.357664,2.7926385,1.975,1.62805,0.10366,0.57833,0.29559,285613632.0,0.0335,2.0
CDE,False,0.0,"graham_earnings_stability,munger_roe",15705346048.0,12.290322,1.514158,3.731,0.07426,0.12146,0.58579,0.43047002,511841376.0,0.0025,2.0
CCK,False,0.0,"graham_current_ratio,graham_debt_to_equity,graham_pe_times_pb,munger_gross_margin",12452661248.0,16.473381,4.3369064,1.049,1.80095,0.27367002,0.20957,0.12568,903750016.0,0.0105,4.0
CBT,False,0.0,"graham_current_ratio,graham_pe_times_pb,munger_gross_margin",4599984640.0,16.813208,2.93125,1.449,0.77712,0.19957,0.25231,0.15265,374124992.0,0.0206,4.0
CHRD,False,0.0,"data_missing:trailing_pe,graham_current_ratio,munger_roe",7819393536.0,,0.9715373,1.024,0.18657,-0.00801,0.47198,0.05789,452692640.0,0.0379,4.0
DOCU,False,0.0,"data_missing:dividend_yield,graham_current_ratio,graham_earnings_stability,graham_pe,graham_pe_times_pb",8982034432.0,30.545456,4.9904523,0.665,0.10074999999999999,0.16440001,0.79541,0.13407,1250368768.0,,3.0
DOCS,False,0.0,"data_missing:dividend_yield,graham_pe,graham_pe_times_pb",3675960064.0,20.867348,3.9372356,6.093,0.010709999999999999,0.19282,0.89094,0.21582001,255263744.0,,4.0
DOCN,False,0.0,"data_missing:dividend_yield,graham_current_ratio,graham_debt_to_equity,graham_earnings_stability,graham_pe,graham_pe_times_pb",15332496384.0,57.521927,15.418529,1.46,1.69946,0.70002997,0.58491004,0.1418,157550368.0,,3.0
DLB,False,0.0,"graham_pe_times_pb,munger_roe",4650443264.0,19.507936,1.7762041,2.981,0.01891,0.09417,0.87438005,0.291,289174112.0,0.0287,4.0
DKS,False,0.0,"graham_debt_to_equity,graham_pe_times_pb,munger_fcf",18290739200.0,19.879377,3.2301712,1.501,1.3899199999999998,0.20903999,0.33565,0.105950005,-537311360.0,0.023799999999999998,4.0
DINO,False,0.0,"munger_roe,munger_gross_margin",16060738560.0,13.376877,1.6758525,1.794,0.3467,0.13044,0.1114,0.11891,1380499968.0,0.022000000000000002,4.0
DCI,False,0.0,"graham_pe,graham_pe_times_pb",10564133888.0,24.566038,6.2309427,2.353,0.35882,0.27777,0.34570998,0.1633,302387488.0,0.0134,4.0
DBX,False,0.0,"data_missing:debt_to_equity,data_missing:return_on_equity,data_missing:dividend_yield,graham_current_ratio,graham_pe_times_pb",6632737792.0,15.535519,-3.2558405,1.232,,,0.79737,0.2745,816437504.0,,4.0
DAR,False,0.0,"data_missing:dividend_yield,graham_pe,graham_pe_times_pb,munger_roe,munger_gross_margin",10075995136.0,45.94203,2.0662909,1.583,0.8792,0.04879,0.24849,0.080570005,185682256.0,,4.0
CYTK,False,0.0,"data_missing:trailing_pe,data_missing:debt_to_equity,data_missing:return_on_equity,data_missing:dividend_yield,graham_earnings_stability,munger_gross_margin,munger_fcf",11122326528.0,,-12.313242,4.214,,,-2.90728,-9.48685,-381057760.0,,0.0
CXT,False,0.0,"graham_current_ratio,graham_debt_to_equity,graham_pe,graham_pe_times_pb,munger_roe",2995080192.0,23.340807,2.4168835,1.33,1.20992,0.1101,0.41974998,0.12045,169200000.0,0.0139,4.0
COLM,False,0.0,"graham_pe_times_pb,munger_roe",3156921088.0,19.722044,1.9956033,3.07,0.29872,0.10285,0.50491,0.05391,124726496.0,0.0189,4.0
CVLT,False,0.0,"data_missing:dividend_yield,data_invalid_outlier:debt_to_equity,graham_debt_to_equity,graham_earnings_stability,graham_pe,graham_pe_times_pb",5846257152.0,89.32911,775.4945,1.955,122.60488,0.42486,0.8115,0.11306,289540640.0,,3.0
CUZ,False,0.0,"data_missing:trailing_pe,graham_current_ratio,munger_roe",5190390784.0,,1.1505071,0.348,0.8432599999999999,-0.00096000003,0.67933,0.22082001,90898624.0,0.040999999999999995,4.0
CUBE,False,0.0,"graham_current_ratio,graham_debt_to_equity,graham_pe,graham_pe_times_pb,munger_roe",9334217728.0,28.678322,3.5057273,0.081,1.29599,0.11562,0.71172,0.40293,487385632.0,0.0516,4.0
CTRE,False,0.0,"graham_earnings_stability,graham_pe,graham_pe_times_pb,munger_roe",10004773888.0,26.803795,2.3219473,2.111,0.7194799999999999,0.09423,0.97461,0.57791,965303104.0,0.0368,3.0
CSL,False,0.0,"graham_debt_to_equity,graham_pe_times_pb",13416195072.0,19.343641,8.103582,3.38,1.7472800000000002,0.38228,0.35571,0.17403,722249984.0,0.0134,4.0
CRUS,False,0.0,"data_missing:dividend_yield,graham_pe_times_pb",6736951808.0,17.010191,3.174826,7.365,0.06296,0.20327,0.52778,0.20131999,505731264.0,,4.0
CRS,False,0.0,"graham_earnings_stability,graham_pe,graham_pe_times_pb,munger_gross_margin",29887881216.0,63.18697,14.455232,3.733,0.33822,0.24892999,0.29735002,0.2281,300724992.0,0.0014000000000000002,3.0
CROX,False,0.0,"data_missing:trailing_pe,data_missing:dividend_yield,graham_debt_to_equity,graham_earnings_stability,munger_roe",6582387712.0,,4.6815805,1.666,1.20881,-0.061079998,0.58101004,0.22155,446939616.0,,0.0
CRBG,False,0.0,"graham_current_ratio,graham_debt_to_equity,graham_earnings_stability,graham_pe,graham_pe_times_pb,munger_roe,munger_gross_margin",13893004288.0,77.1,1.3659315,1.175,1.48375,0.016900001,0.18412,0.105670005,1860249984.0,0.030899999999999997,0.0
CR,False,0.0,"graham_pe,graham_pe_times_pb",12594334720.0,40.018353,6.0059485,2.848,0.57874,0.16613,0.44599,0.24841999,239500000.0,0.0046,4.0
CPRI,False,0.0,"data_missing:dividend_yield,graham_size,graham_current_ratio,graham_debt_to_equity,graham_earnings_stability,graham_pe,graham_pe_times_pb",1783931392.0,23.907694,22.359713,1.209,16.90476,0.35088003,0.62263,-0.01005,180750000.0,,1.0
CW,False,0.0,"graham_pe,graham_pe_times_pb",27706982400.0,55.068283,10.529545,1.523,0.43634,0.19691,0.37171,0.17557,523196256.0,0.0014000000000000002,4.0
MTDR,False,0.0,"graham_current_ratio,munger_roe,munger_fcf",6421255680.0,13.327319,1.1500056,0.733,0.60382,0.100839995,0.79656,0.04972,-263931008.0,0.0273,4.0
MSM,False,0.0,"graham_pe,graham_pe_times_pb",7027139584.0,30.39372,4.9506235,1.548,0.39130000000000004,0.16322,0.40823,0.10195,195171120.0,0.0273,4.0
MSA,False,0.0,"graham_pe,graham_pe_times_pb",6719427584.0,23.48988,4.9872494,3.17,0.48574,0.22830999,0.46805,0.22381,240252256.0,0.0126,4.0
MP,False,0.0,"data_missing:trailing_pe,data_missing:dividend_yield,graham_earnings_stability,munger_roe,munger_fcf",7948690944.0,,4.0326953,7.176,0.44018,-0.04167,0.3722,-0.07876,-174843504.0,,0.0
MORN,False,0.0,"graham_current_ratio,graham_debt_to_equity,graham_pe_times_pb",6372355072.0,17.133947,6.255413,1.032,1.8715000000000002,0.30656,0.61713004,0.24178,452812512.0,0.012,4.0
MOH,False,0.0,"data_missing:dividend_yield,graham_pe,graham_pe_times_pb,munger_roe,munger_gross_margin",10435108864.0,53.69705,2.5527008,1.679,0.94773,-0.0016,0.08835,0.0133299995,671249984.0,,4.0
MOG-A,False,0.0,"graham_pe,graham_pe_times_pb,munger_roe,munger_gross_margin",12978758656.0,46.235893,6.173425,1.677,0.69336,0.14403,0.2727,0.11733,221396880.0,0.003,4.0
MMS,False,0.0,munger_gross_margin,3016342272.0,8.62012,1.7967577,2.213,0.95935,0.22188999,0.25462,0.1137,262571376.0,0.0229,4.0
MLI,False,0.0,"graham_pe_times_pb,munger_gross_margin",13958043648.0,17.391184,4.373095,4.775,0.0069099999999999995,0.26325,0.28776,0.21721001,524039136.0,0.011200000000000002,4.0
MKSI,False,0.0,"graham_current_ratio,graham_debt_to_equity,graham_earnings_stability,graham_pe,graham_pe_times_pb,munger_roe",23322986496.0,72.54201,8.267094,1.111,1.52686,0.12662,0.46648997,0.16048001,488624992.0,0.0029,2.0
GHC,False,0.0,munger_roe,4923556864.0,16.907705,1.0403156,1.793,0.28415,0.06717,0.30153,0.09066,207205872.0,0.0066,4.0
MEDP,False,0.0,"data_missing:dividend_yield,graham_current_ratio,graham_pe,graham_pe_times_pb",17302030336.0,38.101887,37.44021,0.732,0.27682,1.6215401,0.7235,0.20757,547985472.0,,4.0
MAT,False,0.0,"data_missing:dividend_yield,graham_debt_to_equity",4137702400.0,9.128205,1.9644089,2.058,1.27016,0.23557,0.48134997,-0.09189,311720992.0,,4.0
MANH,False,0.0,"data_missing:dividend_yield,graham_current_ratio,graham_pe,graham_pe_times_pb",8722636800.0,41.412918,42.51153,1.104,0.27140000000000003,0.96236,0.55995,0.2301,295047136.0,,4.0
M,False,0.0,"graham_current_ratio,graham_debt_to_equity,munger_roe",6136675328.0,9.640495,1.2686932,1.475,1.05623,0.14363,0.40308,0.01758,748875008.0,0.0315,4.0
LSTR,False,0.0,"graham_pe,graham_pe_times_pb,munger_roe,munger_gross_margin",7056049664.0,57.60942,8.831373,1.877,0.15551,0.14412,0.19306,0.045050003,183936880.0,0.0076,4.0
LSCC,False,0.0,"data_missing:dividend_yield,graham_pe,graham_pe_times_pb,munger_roe",18924896256.0,986.6429,25.53707,3.481,0.05391,0.027460001,0.68439,0.15606,118340376.0,,4.0
LPX,False,0.0,"graham_pe,graham_pe_times_pb,munger_roe,munger_gross_margin,munger_fcf",5040052224.0,61.658123,2.9189932,3.262,0.21850000000000003,0.047930002,0.19781,0.066199996,-66000000.0,0.0165,4.0
LOPE,False,0.0,"data_missing:dividend_yield,graham_pe_times_pb",3691055360.0,17.444862,5.281108,2.745,0.14964,0.29779,0.53256,0.30918,226362000.0,,4.0
LNTH,False,0.0,"data_missing:dividend_yield,graham_pe,graham_pe_times_pb",6753454080.0,24.756563,5.5682006,2.828,0.51617,0.23482999,0.60483,0.21648,421714496.0,,4.0
LIVN,False,0.0,"data_missing:dividend_yield,graham_current_ratio,graham_earnings_stability,graham_pe,graham_pe_times_pb,munger_roe",4318325248.0,40.107143,3.5628173,1.33,0.28353,0.09543,0.67855,0.14393,198052752.0,,0.0
LFUS,False,0.0,"data_missing:trailing_pe,graham_earnings_stability,munger_roe",10499194880.0,,4.1553154,2.61,0.28318,-0.016139999,0.38568002,0.17296,327309888.0,0.0072,0.0
MIDD,False,0.0,"data_missing:dividend_yield,graham_earnings_stability,graham_pe_times_pb,munger_roe",5929428992.0,17.964382,2.5744014,1.965,0.79798,0.12039,0.38741,0.16350001,541004032.0,,0.0
OGE,False,0.0,"graham_current_ratio,graham_debt_to_equity,graham_pe,graham_pe_times_pb,munger_roe",10238230528.0,22.04889,2.07287,0.656,1.18683,0.09591,0.44291002,0.14682001,103850000.0,0.0345,4.0
OC,False,0.0,"data_missing:trailing_pe,graham_current_ratio,graham_debt_to_equity,graham_earnings_stability,munger_roe,munger_gross_margin",11189409792.0,,3.069565,1.236,1.6353499999999999,-0.09388,0.2718,0.07329,652499968.0,0.0219,0.0
WRBY,False,0.0,"data_missing:dividend_yield,graham_earnings_stability,graham_pe,graham_pe_times_pb,munger_roe",2983207168.0,2431.0,7.939255,2.334,0.63233,0.00369,0.53408,0.009509999,32268876.0,,1.0
NXT,False,0.0,"data_missing:dividend_yield,graham_pe,graham_pe_times_pb,munger_gross_margin",16045703168.0,27.210938,6.6869316,2.446,0.022639999999999997,0.29571,0.2192,0.18155001,311732128.0,,4.0
NXST,False,0.0,"graham_debt_to_equity,graham_pe,graham_pe_times_pb,munger_roe",5532439040.0,38.462845,2.551765,1.757,5.76199,0.06609,0.55625,0.22206,663750016.0,0.0409,4.0
NWE,False,0.0,"graham_current_ratio,graham_debt_to_equity,graham_pe,graham_pe_times_pb,munger_roe,munger_fcf",4462406656.0,26.672794,1.5339564,0.702,1.18354,0.057740003,0.56145,0.23033,-187359504.0,0.036699999999999997,4.0
NVT,False,0.0,"graham_pe,graham_pe_times_pb,munger_roe",25677973504.0,53.823727,6.763503,1.695,0.4471,0.13002,0.3701,0.15998,209875008.0,0.0053,4.0
NVST,False,0.0,"data_missing:dividend_yield,graham_earnings_stability,graham_pe,graham_pe_times_pb,munger_roe",4258589696.0,63.82927,1.3843632,2.44,0.51606,0.02214,0.55254,0.09865,216337504.0,,1.0
NTNX,False,0.0,"data_missing:debt_to_equity,data_missing:return_on_equity,data_missing:dividend_yield,graham_earnings_stability,graham_pe,graham_pe_times_pb",14226968576.0,55.4,-19.335049,1.777,,,0.87095,0.10029,631740864.0,,1.0
NOVT,False,0.0,"data_missing:dividend_yield,graham_pe,graham_pe_times_pb,munger_roe",5101961728.0,103.06474,3.8913486,3.564,0.22222,0.05163,0.44232,0.116969995,87253000.0,,4.0
NOV,False,0.0,"graham_pe,graham_pe_times_pb,munger_roe,munger_gross_margin",7224424960.0,80.52,1.1674302,2.47,0.37317,0.0152,0.20649,0.0229,776499968.0,0.017,4.0
MTG,False,0.0,munger_roe,6124758016.0,9.19365,1.2257162,4.849,0.12834,0.14114,0.93296,0.72616994,473081504.0,0.0207,4.0
NLY,False,0.0,"data_missing:free_cash_flow,graham_debt_to_equity,graham_earnings_stability",16745313280.0,5.388889,1.1258578,31.675,7.373419999999999,0.19567,0.98015,0.91652,,0.1338,2.0
NJR,False,0.0,"graham_current_ratio,graham_debt_to_equity,graham_pe_times_pb,munger_roe,munger_fcf",5995750912.0,17.62908,2.2624624,0.94,1.42136,0.13319999,0.38257,0.32044998,-306034624.0,0.0323,4.0
NFG,False,0.0,"graham_current_ratio,munger_fcf",7798601216.0,11.089189,2.0389605,0.619,0.63438,0.20833,0.64103997,0.41976002,-27653624.0,0.0268,4.0
NEU,False,0.0,graham_pe_times_pb,7082474496.0,17.579908,4.0878954,2.552,0.58862,0.25268,0.31265,0.23582001,414076992.0,0.015300000000000001,4.0
NBIX,False,0.0,"data_missing:dividend_yield,graham_pe,graham_pe_times_pb",17510778880.0,26.83359,5.1415668,2.929,0.13602999999999998,0.225,0.6437,0.22836,590550016.0,,4.0
MZTI,False,0.0,"graham_pe_times_pb,munger_gross_margin",2921854720.0,16.674492,2.7965882,2.584,0.03561,0.17231001,0.24192,0.10877,186684496.0,0.0368,4.0
MUSA,False,0.0,"graham_current_ratio,graham_debt_to_equity,graham_earnings_stability,graham_pe,graham_pe_times_pb,munger_gross_margin",11502618624.0,21.67595,17.462566,0.83,4.12267,0.80345,0.08303001,0.04816,390312512.0,0.0039000000000000003,0.0
MUR,False,0.0,"graham_current_ratio,graham_pe,graham_pe_times_pb,munger_roe",5647973376.0,66.77966,1.1076751,0.826,0.43954,0.022349998,0.78358,0.18534,223376624.0,0.0348,4.0
MTZ,False,0.0,"data_missing:dividend_yield,graham_current_ratio,graham_earnings_stability,graham_pe,graham_pe_times_pb,munger_gross_margin",28356599808.0,62.737762,8.456898,1.318,0.88046,0.15014,0.12824,0.03704,12567875.0,,2.0
MTSI,False,0.0,"data_missing:dividend_yield,graham_earnings_stability,graham_pe,graham_pe_times_pb,munger_roe",21577971712.0,120.348946,15.219287,7.522,0.29203,0.13492,0.55684,0.17591,81527872.0,,0.0
MTN,False,0.0,"graham_current_ratio,graham_debt_to_equity,graham_pe,graham_pe_times_pb",5133365760.0,31.047415,9.303797,0.911,3.55585,0.1685,0.43330002,0.42097,134862496.0,0.0613,4.0
NNN,False,0.0,"graham_current_ratio,graham_debt_to_equity,graham_pe,graham_pe_times_pb,munger_roe,munger_fcf",9253670912.0,23.72683,2.1053543,0.157,1.1044,0.0885,0.9596,0.60551,-1393406976.0,0.0506,4.0
IBOC,False,0.0,"data_missing:current_ratio,data_missing:debt_to_equity,data_missing:free_cash_flow,munger_roe,munger_gross_margin",4710851072.0,11.307464,1.4327048,,,0.13507,0.0,0.63948,,0.018799999999999997,4.0
HXL,False,0.0,"graham_pe,graham_pe_times_pb,munger_roe,munger_gross_margin",8288693248.0,72.77483,6.5437984,2.454,0.78826,0.08411,0.24091,0.12582,184950000.0,0.0066,4.0
HWC,False,0.0,"data_missing:current_ratio,data_missing:debt_to_equity,data_missing:free_cash_flow,munger_roe,munger_gross_margin",6090045440.0,14.839216,1.3896183,,,0.097040005,0.0,0.42465,,0.024900000000000002,4.0
HRB,False,0.0,"data_missing:debt_to_equity,data_missing:return_on_equity,graham_current_ratio,graham_pe_times_pb",5064070656.0,7.1466904,-208.07292,0.995,,,0.44298,0.43235,656333760.0,0.0425,4.0
HR,False,0.0,"data_missing:trailing_pe,graham_current_ratio,graham_earnings_stability,munger_roe",7414897152.0,,1.6502731,0.307,0.9650799999999999,-0.04232,0.61995,0.11508001,144416256.0,0.0451,0.0
HQY,False,0.0,"data_missing:dividend_yield,graham_earnings_stability,graham_pe,graham_pe_times_pb,munger_roe",7907726848.0,35.329586,3.866776,3.437,0.48094000000000003,0.11062,0.70677,0.29343998,370328512.0,,3.0
HOMB,False,0.0,"data_missing:current_ratio,data_missing:debt_to_equity,data_missing:free_cash_flow,munger_roe,munger_gross_margin",6160135680.0,12.698346,1.3875469,,,0.11106,0.0,0.57651,,0.0276,4.0
HOG,False,0.0,"munger_roe,munger_gross_margin",2791715584.0,13.740933,0.9110898,1.914,0.71433,0.07115,0.28904,0.03121,168418624.0,0.026600000000000002,4.0
HLNE,False,0.0,graham_pe_times_pb,4506569216.0,13.70777,3.8744333,3.267,0.24308,0.32439,0.6053,0.42490003,305028384.0,0.0296,4.0
HLI,False,0.0,"data_missing:free_cash_flow,graham_current_ratio,graham_pe,graham_pe_times_pb",9517073408.0,22.155949,4.0881042,1.355,0.20062000000000002,0.18332,0.94323,0.22499001,,0.020099999999999996,4.0
LECO,False,0.0,"graham_pe,graham_pe_times_pb",13717597184.0,25.812372,9.077002,1.826,0.9031100000000001,0.37765,0.36138,0.1715,176646496.0,0.0127,4.0
HIMS,False,0.0,"data_missing:trailing_pe,data_missing:dividend_yield,graham_debt_to_equity,graham_earnings_stability,munger_roe",7577925120.0,,16.928646,1.689,2.53725,-0.026589999,0.72919,-0.07897,174305120.0,,2.0
HGV,False,0.0,"data_missing:dividend_yield,graham_debt_to_equity,graham_pe,graham_pe_times_pb,munger_roe,munger_gross_margin",3809570048.0,26.227026,3.2693217,4.093,5.47778,0.1162,0.24234,0.13644,135624992.0,,4.0
HALO,False,0.0,"data_missing:dividend_yield,graham_debt_to_equity,graham_pe,graham_pe_times_pb",9588674560.0,28.364912,43.62655,2.762,9.91211,0.99399,0.76674,0.48981,228120752.0,,4.0
HAE,False,0.0,"data_missing:dividend_yield,graham_debt_to_equity,graham_pe,graham_pe_times_pb,munger_roe",3517519104.0,37.7561,4.398477,2.954,1.60076,0.120340005,0.59433997,0.13878,298094240.0,,4.0
H,False,0.0,"data_missing:trailing_pe,graham_current_ratio,graham_debt_to_equity,graham_earnings_stability,munger_roe",17289953280.0,,5.3550696,0.604,1.27119,-0.00875,0.42521,0.16687,351124992.0,0.0032,0.0
GXO,False,0.0,"data_missing:dividend_yield,graham_current_ratio,graham_debt_to_equity,graham_pe,graham_pe_times_pb,munger_roe,munger_gross_margin",6048104448.0,46.9375,2.03736,0.851,1.98468,0.04605,0.15438,0.026080001,358124992.0,,4.0
GWRE,False,0.0,"data_missing:dividend_yield,graham_earnings_stability,graham_pe,graham_pe_times_pb,munger_roe",10938221568.0,70.63441,8.304678,2.445,0.53467,0.1193,0.64011,0.08224,283154240.0,,1.0
GPK,False,0.0,"graham_current_ratio,graham_debt_to_equity,munger_roe,munger_gross_margin",3251802368.0,11.945652,1.0014579,1.408,1.78202,0.08554,0.16988,0.041279998,187375008.0,0.039599999999999996,4.0
GMED,False,0.0,"data_missing:dividend_yield,graham_pe_times_pb,munger_roe",10237858816.0,17.621494,2.1621466,4.556,0.0245,0.13303,0.68489,0.21316999,341059616.0,,4.0
GME,False,0.0,"data_missing:dividend_yield,graham_earnings_stability,munger_roe,munger_fcf",9579558912.0,15.932836,1.6397849,12.401,0.74273,0.14095001,0.34387,0.16605,-1261250048.0,,3.0
GLPI,False,0.0,"graham_debt_to_equity,graham_pe_times_pb",12946065408.0,14.012617,2.7143292,31.134,1.6633699999999998,0.19092,0.99078006,0.79372,486100384.0,0.0733,4.0
HL,False,0.0,"graham_earnings_stability,graham_pe,graham_pe_times_pb",10275313664.0,22.202898,3.9968693,4.94,0.11091,0.19894,0.59587,0.55518,277069760.0,0.001,2.0
LEA,False,0.0,"graham_current_ratio,munger_roe,munger_gross_margin",7135044608.0,14.242999,1.4069799,1.328,0.66809,0.12224,0.07631,0.049790002,613337472.0,0.021400000000000002,4.0
LAMR,False,0.0,"graham_current_ratio,graham_debt_to_equity,graham_pe,graham_pe_times_pb",16005667840.0,29.101475,16.504133,0.58,5.04797,0.55202,0.67221,0.25277,540906496.0,0.0403,4.0
LAD,False,0.0,"graham_current_ratio,graham_debt_to_equity,munger_roe,munger_gross_margin",7617600000.0,11.654571,1.1928902,0.994,2.5165,0.108660005,0.15447,0.036310002,500362496.0,0.0067,4.0
KTOS,False,0.0,"data_missing:dividend_yield,graham_earnings_stability,graham_pe,graham_pe_times_pb,munger_roe,munger_gross_margin,munger_fcf",9270987776.0,290.82352,2.716931,5.626,0.05437,0.012259999,0.22886999,0.01779,-106725000.0,,2.0
KRG,False,0.0,"graham_current_ratio,graham_debt_to_equity,graham_earnings_stability,graham_pe,graham_pe_times_pb,munger_roe",6008776704.0,21.893938,2.0537238,0.886,1.02259,0.09212,0.73421997,0.24074,106149872.0,0.0395,3.0
KRC,False,0.0,"graham_current_ratio,graham_pe,munger_roe",4502764032.0,20.956284,0.84695226,0.892,0.85933,0.04414,0.66275,0.22495002,344867008.0,0.0559,4.0
KNX,False,0.0,"graham_current_ratio,graham_pe,graham_pe_times_pb,munger_roe,munger_gross_margin",11753191424.0,344.4286,1.6660525,0.703,0.37698,0.00478,0.24023001,0.0124699995,491691360.0,0.0105,4.0
KNSL,False,0.0,"graham_current_ratio,graham_pe_times_pb,munger_gross_margin",7663313920.0,14.637885,3.8949714,0.199,0.11410000000000001,0.29684,0.29272,0.30603,976737856.0,0.0031,4.0
KNF,False,0.0,"data_missing:dividend_yield,graham_pe,graham_pe_times_pb,munger_roe,munger_gross_margin,munger_fcf",4406937088.0,30.214008,2.8262057,2.675,0.95104,0.09883001,0.1824,-0.20538001,-42728752.0,,4.0
KEX,False,0.0,"data_missing:dividend_yield,graham_pe,graham_pe_times_pb,munger_roe",7972675584.0,22.903227,2.336771,1.592,0.34684,0.10689,0.33887002,0.13315,355013760.0,,4.0
KD,False,0.0,"data_missing:dividend_yield,graham_current_ratio,graham_debt_to_equity,graham_earnings_stability,graham_pe_times_pb,munger_gross_margin",2571230720.0,13.717647,2.2100074,0.876,3.83591,0.15090999,0.21792999,0.04112,2797499904.0,,2.0
IDA,False,0.0,"graham_current_ratio,graham_debt_to_equity,graham_pe,graham_pe_times_pb,munger_roe,munger_fcf",8275773952.0,24.851913,2.27243,1.21,1.0988200000000001,0.09498,0.37604,0.19734,-1040550528.0,0.023700000000000002,4.0
KBH,False,0.0,"munger_roe,munger_gross_margin",3410046976.0,13.532846,0.89799476,5.635,0.5264099999999999,0.06989,0.17731,0.036310002,316819744.0,0.0177,4.0
JLL,False,0.0,"data_missing:dividend_yield,graham_current_ratio,graham_pe_times_pb,munger_roe",14817180672.0,17.170967,2.0239031,1.124,0.53531,0.124280006,0.51085997,0.03287,277175008.0,,4.0
JEF,False,0.0,"data_missing:current_ratio,data_missing:return_on_equity,data_missing:free_cash_flow,graham_debt_to_equity,munger_gross_margin",11304527872.0,15.525141,1.0698131,,3.64763,,0.02625,0.16941,,0.0286,4.0
JAZZ,False,0.0,"data_missing:dividend_yield,graham_debt_to_equity,graham_earnings_stability,graham_pe,graham_pe_times_pb,munger_roe",15991262208.0,2548.7,3.5259042,2.04,1.19518,0.00676,0.91501,0.2351,1335671424.0,,0.0
ITT,False,0.0,"graham_pe,graham_pe_times_pb,munger_roe",17536733184.0,34.426807,3.6831577,1.527,0.8354900000000001,0.12262999,0.35352,0.16924,252875008.0,0.008,4.0
IRT,False,0.0,"graham_current_ratio,graham_earnings_stability,graham_pe,graham_pe_times_pb,munger_roe",3963163648.0,82.0,1.1370727,0.495,0.6918500000000001,0.0138,0.60807,0.12642,79045504.0,0.042199999999999994,2.0
IPGP,False,0.0,"data_missing:dividend_yield,graham_earnings_stability,graham_pe,graham_pe_times_pb,munger_roe",4094111232.0,141.85294,1.9350051,5.798,0.00771,0.01385,0.37557,0.02096,603625.0,,1.0
INGR,False,0.0,munger_gross_margin,6321670656.0,9.639423,1.440974,2.76,0.4143,0.16193001,0.24493,0.11942001,357750016.0,0.032,4.0
ILMN,False,0.0,"data_missing:dividend_yield,graham_earnings_stability,graham_pe,graham_pe_times_pb",29784918016.0,35.79273,11.182051,1.748,0.9506699999999999,0.33822,0.6829,0.18332,845625024.0,,1.0
IESC,False,0.0,"data_missing:dividend_yield,graham_pe,graham_pe_times_pb,munger_gross_margin",13223484416.0,35.41622,12.327495,1.554,0.09968,0.42071998,0.26076,0.11531,271936992.0,,4.0
IDCC,False,0.0,"graham_pe,graham_pe_times_pb",6617878016.0,24.409914,6.0005155,1.878,0.36385,0.35902,0.84656996,0.40046,462150016.0,0.0108,4.0
KBR,False,0.0,"graham_current_ratio,graham_debt_to_equity,graham_earnings_stability,graham_pe_times_pb,munger_gross_margin",4608815104.0,10.722713,2.9096293,1.156,1.76904,0.29149,0.14497,0.06708,250375008.0,0.018500000000000003,2.0
TSCO,False,0.0,"graham_current_ratio,graham_debt_to_equity,graham_pe_times_pb",15901312000.0,14.935961,6.3391175,1.38,2.54949,0.45504,0.36425,0.06499,350726016.0,0.0327,4.0
TTD,False,0.0,"data_missing:dividend_yield,graham_pe_times_pb",7893119488.0,19.079546,3.2232676,1.682,0.17264,0.16735001,0.77832,0.09675,569112640.0,,4.0
TKO,False,0.0,"graham_current_ratio,graham_pe,graham_pe_times_pb,munger_roe",34293788672.0,66.7026,3.9842343,1.339,0.58229,0.06736,0.59119,0.21215001,830904512.0,0.0171,4.0
TJX,False,0.0,"graham_current_ratio,graham_debt_to_equity,graham_pe,graham_pe_times_pb",169550020608.0,29.859922,16.30338,1.139,1.3630699999999998,0.6125,0.31351998,0.11771,4314250240.0,0.0124,4.0
TMO,False,0.0,"graham_pe,graham_pe_times_pb,munger_roe",212686405632.0,31.411636,4.095313,1.526,0.82903,0.13523,0.40932,0.17892,5520625152.0,0.0036,4.0
TXT,False,0.0,"graham_pe_times_pb,munger_roe,munger_gross_margin",16204713984.0,17.784353,2.0247252,1.845,0.52674,0.12254,0.17836,0.08011,622374976.0,0.0009,4.0
TPL,False,0.0,"graham_pe,graham_pe_times_pb,munger_fcf",29352069120.0,58.454666,18.864704,4.227,0.011559999999999999,0.36466,0.93242997,0.77222,-56057624.0,0.0055000000000000005,4.0
TXN,False,0.0,"graham_pe,graham_pe_times_pb",259367337984.0,48.71624,15.457503,4.456,0.83741,0.32347,0.57322,0.37824002,1068249984.0,0.019299999999999998,4.0
TSLA,False,0.0,"data_missing:dividend_yield,graham_pe,graham_pe_times_pb,munger_roe,munger_gross_margin",1200667361280.0,296.00925,14.599717,1.941,0.10674,0.046669997,0.18852,0.014099999,4706999808.0,,4.0
TER,False,0.0,"graham_pe,graham_pe_times_pb",58507632640.0,69.34138,18.610268,2.147,0.02621,0.2875,0.58702,0.37614,298311264.0,0.0014000000000000002,4.0
CBSH,False,0.0,"data_missing:current_ratio,data_missing:debt_to_equity,data_missing:free_cash_flow,munger_roe,munger_gross_margin",8439390720.0,14.375001,1.9366663,,,0.14694001,0.0,0.45125,,0.0187,4.0
TEL,False,0.0,graham_pe_times_pb,58025967616.0,19.470127,4.3883,1.876,0.42052,0.23290001,0.36119,0.20795,2394749952.0,0.0149,4.0
TGT,False,0.0,"graham_current_ratio,graham_debt_to_equity,graham_pe_times_pb,munger_gross_margin",61079617536.0,17.76486,3.725414,0.932,1.17548,0.22015,0.28139,0.0452,3141250048.0,0.0336,4.0
TRGP,False,0.0,"graham_current_ratio,graham_debt_to_equity,graham_pe,graham_pe_times_pb,munger_fcf",61298003968.0,29.170582,19.5509,0.718,5.85249,0.74097997,0.41766,0.20899999,-318550016.0,0.0176,4.0
TPR,False,0.0,"graham_debt_to_equity,graham_pe,graham_pe_times_pb",28110483456.0,42.417686,41.24815,1.841,5.7491200000000005,0.60914004,0.76177,0.22415,1529737472.0,0.0111,4.0
TTWO,False,0.0,"data_missing:trailing_pe,data_missing:dividend_yield,graham_current_ratio,graham_earnings_stability,munger_roe",42749747200.0,,12.158736,1.236,0.8426,-0.105579995,0.57671,0.02328,1447787520.0,,0.0
TMUS,False,0.0,"graham_current_ratio,graham_debt_to_equity,graham_pe_times_pb",184429314048.0,18.110521,3.3116984,1.087,2.1856899999999997,0.18024999,0.63281,0.2401,11147374592.0,0.021400000000000002,4.0
SYY,False,0.0,"graham_current_ratio,graham_debt_to_equity,graham_pe,graham_pe_times_pb,munger_gross_margin",39081865216.0,22.70278,17.012907,1.329,6.704400000000001,0.81894994,0.18537001,0.03748,1868375040.0,0.0268,4.0
SNPS,False,0.0,"data_missing:dividend_yield,graham_current_ratio,graham_pe,graham_pe_times_pb,munger_roe",71521353728.0,85.278534,2.3462162,1.434,0.35574,0.03824,0.82598996,0.10383,3538958592.0,,4.0
SYF,False,0.0,"data_missing:current_ratio,data_missing:debt_to_equity,data_missing:free_cash_flow,munger_gross_margin",23346780160.0,7.4296064,1.5854816,,,0.20786,0.0,0.4712,,0.0187,4.0
SMCI,False,0.0,"data_missing:dividend_yield,graham_debt_to_equity,graham_pe_times_pb,munger_gross_margin,munger_fcf",20182437888.0,16.421053,2.4767802,2.655,1.20798,0.17877,0.08394,0.061100002,-7448383488.0,,4.0
SYK,False,0.0,"graham_pe,graham_pe_times_pb",122280583168.0,36.9606,5.321399,2.112,0.66295,0.152,0.64697,0.17824,4359875072.0,0.011399999999999999,4.0
TDY,False,0.0,"data_missing:dividend_yield,graham_pe,graham_pe_times_pb,munger_roe",30170458112.0,31.475107,2.8184752,2.181,0.18565,0.09154,0.43311,0.20198,912249984.0,,4.0
VZ,False,0.0,"graham_current_ratio,graham_debt_to_equity",182972989440.0,10.687805,1.7711492,0.64,1.9204499999999998,0.17198,0.58909,0.25186002,19608500224.0,0.0639,4.0
VRSK,False,0.0,"data_missing:debt_to_equity,data_missing:return_on_equity,graham_current_ratio,graham_pe,graham_pe_times_pb",25309489152.0,29.446646,-21.672836,1.018,,,0.6998,0.45004,944362496.0,0.0104,4.0
VRSN,False,0.0,"data_missing:debt_to_equity,data_missing:return_on_equity,graham_current_ratio,graham_pe,graham_pe_times_pb",23803779072.0,28.871962,-10.766381,0.462,,,0.8835,0.68454003,807275008.0,0.0123,4.0
VLTO,False,0.0,"graham_current_ratio,graham_pe,graham_pe_times_pb",22472333312.0,23.582474,7.478545,1.484,0.95542,0.36463,0.59861,0.23768999,768249984.0,0.005699999999999999,4.0
VTR,False,0.0,"graham_current_ratio,graham_earnings_stability,graham_pe,graham_pe_times_pb,munger_roe",47605739520.0,178.03636,3.6265323,0.206,0.9373600000000001,0.0214,0.40493,0.13771,1483115264.0,0.0206,2.0
VEEV,False,0.0,"data_missing:dividend_yield,graham_pe,graham_pe_times_pb,munger_roe",29171566592.0,31.784071,4.0059786,4.738,0.014110000000000001,0.13934,0.75021005,0.30932,1259549056.0,,4.0
VLO,False,0.0,"graham_pe,graham_pe_times_pb,munger_gross_margin",90641702912.0,22.314327,3.797333,1.576,0.42664,0.1585,0.14563,0.060510002,4786625024.0,0.0154,4.0
UHS,False,0.0,graham_current_ratio,9157334016.0,6.3160753,1.2267258,1.079,0.67405,0.21369,0.44233,0.111870006,650819008.0,0.0054,4.0
UNH,False,0.0,"graham_current_ratio,graham_pe,graham_pe_times_pb,munger_roe,munger_gross_margin",384653623296.0,31.894579,3.671732,0.777,0.69211,0.14152999,0.19514,0.071329996,22759749632.0,0.0215,4.0
URI,False,0.0,"graham_current_ratio,graham_debt_to_equity,graham_pe,graham_pe_times_pb",71398907904.0,27.39029,7.972174,0.764,1.6679300000000001,0.28895,0.3854,0.25941,1719124992.0,0.0076,4.0
UPS,False,0.0,"graham_current_ratio,graham_debt_to_equity,graham_pe_times_pb,munger_gross_margin",96985710592.0,18.492706,5.9697585,1.213,1.81508,0.33353,0.2245,0.0633,4625500160.0,0.056600000000000004,4.0
TT,False,0.0,"graham_current_ratio,graham_pe,graham_pe_times_pb",106042515456.0,36.703136,12.35188,1.095,0.5359700000000001,0.36630002,0.35924998,0.15521,2662362624.0,0.0089,4.0
UNP,False,0.0,"graham_current_ratio,graham_debt_to_equity,graham_pe,graham_pe_times_pb",180684734464.0,25.068367,9.304451,0.916,1.62246,0.40686,0.56526,0.40357,4034374912.0,0.0189,4.0
ULTA,False,0.0,"data_missing:dividend_yield,graham_current_ratio,graham_pe_times_pb",20546955264.0,17.907642,7.5298147,1.311,0.89209,0.47449002,0.43186,0.14168,973080128.0,,4.0
UDR,False,0.0,"graham_current_ratio,graham_debt_to_equity,graham_pe,graham_pe_times_pb,munger_roe",14627957760.0,26.857141,3.9678392,0.223,1.42368,0.123500004,0.66619,0.21954,1007130496.0,0.0438,4.0
UBER,False,0.0,"data_missing:dividend_yield,graham_current_ratio,graham_earnings_stability,graham_pe_times_pb",140273139712.0,17.099257,5.6697383,1.069,0.48113,0.3531,0.39635,0.14565,6536625152.0,,3.0
USB,False,0.0,"data_missing:current_ratio,data_missing:debt_to_equity,data_missing:free_cash_flow,munger_roe,munger_gross_margin",98651152384.0,12.640718,1.6275604,,,0.12623,0.0,0.39646998,,0.0323,4.0
TSN,False,0.0,"graham_earnings_stability,graham_pe,graham_pe_times_pb,munger_roe,munger_gross_margin",19983343616.0,44.68504,1.1041715,1.83,0.44409999999999994,0.02619,0.06385,0.0364,1029000000.0,0.0358,2.0
TYL,False,0.0,"data_missing:dividend_yield,graham_current_ratio,graham_pe,graham_pe_times_pb,munger_roe",11855063040.0,39.74621,3.4375148,1.001,0.01348,0.08930001,0.46754003,0.17035,544489280.0,,4.0
TFC,False,0.0,"data_missing:current_ratio,data_missing:debt_to_equity,data_missing:free_cash_flow,graham_earnings_stability,munger_roe,munger_gross_margin",62547251200.0,11.770116,1.0757432,,,0.09059,0.0,0.39815,,0.04019999999999999,2.0
TRMB,False,0.0,"data_missing:dividend_yield,graham_current_ratio,graham_pe,graham_pe_times_pb,munger_roe",11737164800.0,26.361256,2.0694616,1.014,0.25062,0.08252,0.71480006,0.15874,370112512.0,,4.0
TRV,False,0.0,graham_current_ratio,78501380096.0,10.114755,2.3704166,0.323,0.27378,0.26511,0.34730998,0.23698,14775124992.0,0.0134,4.0
TDG,False,0.0,"data_missing:debt_to_equity,data_missing:return_on_equity,data_missing:dividend_yield,graham_pe,graham_pe_times_pb",67893858304.0,37.908493,-7.3848763,3.516,,,0.59718,0.46659002,1524875008.0,,4.0
UAL,False,0.0,"data_missing:dividend_yield,graham_current_ratio,graham_debt_to_equity",37437497344.0,10.800094,2.3583593,0.78,2.01641,0.23252001,0.31816,0.05534,910124992.0,,4.0
ROL,False,0.0,"graham_current_ratio,graham_pe,graham_pe_times_pb",18988924928.0,36.183483,13.742161,0.629,0.78015,0.37008998,0.52366,0.18669,500051488.0,0.0168,4.0
ROK,False,0.0,"graham_current_ratio,graham_debt_to_equity,graham_pe,graham_pe_times_pb",51258343424.0,47.884617,14.553582,1.091,1.13367,0.27183,0.48921,0.20724002,974499968.0,0.012,4.0
HOOD,False,0.0,"data_missing:free_cash_flow,data_missing:dividend_yield,graham_current_ratio,graham_debt_to_equity,graham_earnings_stability,graham_pe,graham_pe_times_pb",91473305600.0,49.31068,9.823984,1.114,1.40483,0.21461001,0.92239,0.38519,,,2.0
RVTY,False,0.0,"graham_pe,graham_pe_times_pb,munger_roe",12625219584.0,54.408653,1.7588001,1.718,0.46642000000000006,0.03227,0.54316,0.12355,508969248.0,0.0025,4.0
RMD,False,0.0,graham_pe_times_pb,27834869760.0,18.486513,4.2871823,3.008,0.12988,0.25246,0.62181,0.35327,1446655104.0,0.0124,4.0
RSG,False,0.0,"graham_current_ratio,graham_debt_to_equity,graham_pe,graham_pe_times_pb",66892328960.0,31.193687,5.589778,0.671,1.17578,0.18346001,0.43049,0.20204,1808875008.0,0.0115,4.0
RF,False,0.0,"data_missing:current_ratio,data_missing:debt_to_equity,data_missing:free_cash_flow,munger_roe,munger_gross_margin",26164615168.0,12.463414,1.504047,,,0.118669994,0.0,0.39314997,,0.0355,4.0
REGN,False,0.0,"graham_pe_times_pb,munger_roe",68345610240.0,15.9157715,2.1143596,3.565,0.08612,0.14548,0.43885,0.20658001,3273349888.0,0.0058,4.0
REG,False,0.0,"graham_current_ratio,graham_pe,graham_pe_times_pb,munger_roe",15175380992.0,27.896906,2.2229524,1.036,0.73218,0.08003,0.71702003,0.40727,574623104.0,0.036699999999999997,4.0
O,False,0.0,"graham_pe,graham_pe_times_pb,munger_roe",60350918656.0,53.04918,1.5416131,2.062,0.7346699999999999,0.02831,0.92597,0.45526,1797902592.0,0.05,4.0
STE,False,0.0,"graham_pe,graham_pe_times_pb,munger_roe",20528486400.0,26.528967,2.867723,2.091,0.28998999999999997,0.11368,0.44236,0.20039,837287488.0,0.012,4.0
RJF,False,0.0,"data_missing:current_ratio,data_missing:return_on_equity,data_missing:free_cash_flow,graham_pe_times_pb",32377868288.0,14.472126,2.5732605,,0.48477,,0.93123,0.21902001,,0.0129,4.0
RL,False,0.0,"graham_debt_to_equity,graham_pe,graham_pe_times_pb",22121629696.0,24.61523,7.8617964,2.128,1.05913,0.34664002,0.69865,0.13372,656187520.0,0.0097,4.0
Q,False,0.0,"graham_pe,graham_pe_times_pb,munger_roe",29026973696.0,44.585213,4.042448,2.124,0.60756,0.07481,0.46091998,0.22814,702374976.0,0.0023,4.0
DGX,False,0.0,"graham_current_ratio,graham_pe,graham_pe_times_pb,munger_roe",25227716608.0,25.210176,3.4342976,1.179,0.8273699999999999,0.14538999,0.33277,0.14197,947875008.0,0.016399999999999998,4.0
QCOM,False,0.0,graham_pe_times_pb,180349943808.0,18.379162,6.642985,2.366,0.55979,0.36083,0.54799,0.22059,9589624832.0,0.021,4.0
PWR,False,0.0,"graham_current_ratio,graham_pe,graham_pe_times_pb,munger_roe,munger_gross_margin",98109317120.0,89.93122,10.847132,1.135,0.69121,0.13534,0.15100001,0.04244,1037176768.0,0.0007000000000000001,4.0
PHM,False,0.0,"munger_roe,munger_gross_margin",23747932160.0,12.734423,1.8359743,6.366,0.1766,0.14901,0.25628,0.1543,2662161920.0,0.008199999999999999,4.0
PSA,False,0.0,"graham_current_ratio,graham_debt_to_equity,graham_pe,graham_pe_times_pb",55309344768.0,32.508774,11.344762,0.188,1.07646,0.20175,0.74767995,0.46252,2338522624.0,0.0385,4.0
PTC,False,0.0,"data_missing:dividend_yield,graham_current_ratio,graham_pe_times_pb",13057930240.0,10.859751,3.3828063,1.234,0.3578,0.344,0.84713,0.41625,986047232.0,,4.0
PEG,False,0.0,"graham_current_ratio,graham_debt_to_equity,graham_pe_times_pb,munger_roe,munger_fcf",39751098368.0,17.64823,2.2958698,0.969,1.4101,0.13441,0.3536,0.2843,-171750000.0,0.0337,4.0
PRU,False,0.0,"graham_current_ratio,graham_debt_to_equity,graham_earnings_stability,munger_roe,munger_gross_margin",40928792576.0,12.1359415,1.2800208,0.81,1.58972,0.10711,0.28956,0.04721,10378999808.0,0.0471,3.0
RTX,False,0.0,"graham_current_ratio,graham_pe,graham_pe_times_pb,munger_roe,munger_gross_margin",281672318976.0,39.168537,4.249751,1.024,0.57229,0.11571,0.20212999,0.13182001,7233375232.0,0.015,4.0
STLD,False,0.0,"graham_pe,graham_pe_times_pb,munger_gross_margin",34693271552.0,21.810518,3.677597,3.183,0.46924,0.17568001,0.14652,0.114989996,234191248.0,0.0089,4.0
STT,False,0.0,"data_missing:current_ratio,data_missing:debt_to_equity,data_missing:free_cash_flow,graham_pe_times_pb,munger_roe,munger_gross_margin",50602958848.0,16.244268,2.1171618,,,0.12437,0.0,0.27818,,0.0199,4.0
SBUX,False,0.0,"data_missing:debt_to_equity,data_missing:return_on_equity,graham_current_ratio,graham_pe,graham_pe_times_pb,munger_gross_margin,munger_fcf",117628436480.0,78.78626,-13.892853,0.922,,,0.21897,0.084180005,-1304087552.0,0.0239,4.0
SWK,False,0.0,"graham_current_ratio,graham_earnings_stability,graham_pe,graham_pe_times_pb,munger_roe",13588371456.0,35.823772,1.5135931,1.138,0.77606,0.04165,0.30622998,0.06437,842187520.0,0.037200000000000004,2.0
LUV,False,0.0,"graham_current_ratio,graham_pe,graham_pe_times_pb,munger_roe,munger_gross_margin,munger_fcf",21853073408.0,27.943748,3.1785865,0.489,0.97275,0.11099,0.22342,0.033800002,-834750016.0,0.0151,4.0
SO,False,0.0,"graham_current_ratio,graham_debt_to_equity,graham_pe,graham_pe_times_pb,munger_roe,munger_fcf",108897288192.0,24.705881,2.9334953,0.65,1.9043100000000002,0.109910004,0.48002997,0.25819,-3950000128.0,0.0317,4.0
SOLV,False,0.0,"data_missing:dividend_yield,graham_current_ratio,graham_debt_to_equity",13376015360.0,9.4541,2.6973982,1.071,1.0648,0.34794998,0.53655,0.0558,377500000.0,,4.0
SNA,False,0.0,"graham_pe,graham_pe_times_pb",20482996224.0,20.413525,3.4374213,3.528,0.21731,0.18202,0.51616,0.24566,1048337472.0,0.024,4.0
SW,False,0.0,"graham_current_ratio,graham_pe,graham_pe_times_pb,munger_roe,munger_gross_margin",22924322816.0,60.70833,1.2677649,1.443,0.7883100000000001,0.02113,0.19027,0.06795,1360249984.0,0.0406,4.0
SJM,False,0.0,"data_missing:trailing_pe,graham_current_ratio,graham_debt_to_equity,graham_earnings_stability,munger_roe",12367164416.0,,2.2262626,0.777,1.2860900000000002,-0.02386,0.34257,0.18456,1005774976.0,0.038,0.0
SWKS,False,0.0,"graham_pe,graham_pe_times_pb,munger_roe",9095049216.0,25.195833,1.5773686,2.376,0.20632,0.06171,0.41075,0.07704,687837504.0,0.045,4.0
ROP,False,0.0,"graham_current_ratio,graham_pe,graham_pe_times_pb,munger_roe",35837771776.0,22.208881,1.9324155,0.534,0.55606,0.09012,0.69404,0.27185,2169925120.0,0.0108,4.0
SHW,False,0.0,"graham_current_ratio,graham_debt_to_equity,graham_pe,graham_pe_times_pb",76590227456.0,29.859617,17.18444,0.863,3.29521,0.60723,0.49036,0.14163,2140024960.0,0.01,4.0
NOW,False,0.0,"data_missing:dividend_yield,graham_current_ratio,graham_pe,graham_pe_times_pb,munger_roe",94818459648.0,57.4625,8.08477,0.701,0.67538,0.14244,0.74768996,0.04063,4961625088.0,,4.0
SRE,False,0.0,"graham_pe,graham_pe_times_pb,munger_roe,munger_fcf",61082419200.0,31.782312,1.8936062,1.689,0.8526699999999999,0.05689,0.42457,0.30616,-28243374080.0,0.028300000000000002,4.0
STX,False,0.0,"graham_current_ratio,graham_debt_to_equity,graham_earnings_stability,graham_pe,graham_pe_times_pb",204801785856.0,86.738846,187.16393,1.326,3.81553,17.8797,0.41571,0.35668,1610000000.0,0.0033,2.0
SLB,False,0.0,"graham_current_ratio,graham_pe,graham_pe_times_pb,munger_roe,munger_gross_margin",70596624384.0,20.801764,2.6968987,1.341,0.42515000000000003,0.14066,0.17802,0.12269,3043124992.0,0.0248,4.0
SBAC,False,0.0,"data_missing:debt_to_equity,data_missing:return_on_equity,graham_current_ratio,graham_pe_times_pb",18545119232.0,18.38591,-3.902902,0.196,,,0.74191004,0.52423,708085504.0,0.0281,4.0
SNDK,False,0.0,"data_missing:dividend_yield,graham_earnings_stability,graham_pe,graham_pe_times_pb",238473379840.0,55.016396,17.299007,4.782,0.015029999999999998,0.39297,0.56038,0.69983,2259500032.0,,0.0
CRM,False,0.0,"graham_current_ratio,graham_debt_to_equity,graham_pe_times_pb",128525664256.0,18.205336,3.7542164,0.786,1.24282,0.16908,0.77643996,0.218,16552999936.0,0.0108,4.0
SPGI,False,0.0,"graham_current_ratio,graham_pe,graham_pe_times_pb,munger_roe",124319997952.0,26.599113,3.9880736,0.677,0.38392000000000004,0.13939999,0.7047,0.44282,5298874880.0,0.009000000000000001,4.0
RCL,False,0.0,"graham_current_ratio,graham_debt_to_equity,graham_earnings_stability,graham_pe_times_pb,munger_fcf",76009136128.0,17.302198,7.7481003,0.199,2.17312,0.49576,0.50914,0.26168,-194875008.0,0.0175,3.0
ROST,False,0.0,"graham_pe,graham_pe_times_pb",74546315264.0,32.411438,11.832485,1.541,0.74911,0.38981998,0.32740003,0.13377,2047583488.0,0.0075,4.0
SPG,False,0.0,"graham_current_ratio,graham_debt_to_equity,graham_pe_times_pb",85571411968.0,15.649756,15.156817,0.196,4.57473,1.1359,0.81582,0.43376,2494690560.0,0.038900000000000004,4.0
AYI,False,0.0,"graham_pe,graham_pe_times_pb",9788025856.0,21.725582,3.4285088,2.053,0.28206,0.17378001,0.48669997,0.16052,467275008.0,0.0023,4.0
AXTA,False,0.0,"data_missing:dividend_yield,graham_debt_to_equity,graham_pe_times_pb",6780119552.0,18.526316,2.8003182,2.097,1.2756399999999999,0.16169001,0.34155,0.13557,533000000.0,,4.0
AVTR,False,0.0,"data_missing:trailing_pe,data_missing:dividend_yield,graham_earnings_stability,munger_roe",7749274112.0,,1.3734269,1.758,0.68286,-0.09436,0.3213,0.0626,489362496.0,,0.0
AVT,False,0.0,"graham_pe,graham_pe_times_pb,munger_roe,munger_gross_margin",7375605248.0,34.718147,1.4893335,2.01,0.64048,0.04348,0.10461,0.03121,89463624.0,0.0155,4.0
AVNT,False,0.0,"graham_pe,munger_roe",3360260608.0,21.302324,1.3967141,1.773,0.7959099999999999,0.06732,0.32508,0.11765,353775008.0,0.0294,4.0
AVAV,False,0.0,"data_missing:trailing_pe,data_missing:dividend_yield,graham_earnings_stability,munger_roe,munger_gross_margin,munger_fcf",8033012736.0,,1.8188171,4.304,0.18971,-0.10029,0.25325,0.02812,-251387504.0,,0.0
ATR,False,0.0,"graham_pe,graham_pe_times_pb,munger_roe",8232820736.0,22.08904,3.1348722,1.663,0.5372399999999999,0.14795999,0.36672002,0.1106,253015872.0,0.0149,4.0
ATI,False,0.0,"data_missing:dividend_yield,graham_pe,graham_pe_times_pb,munger_gross_margin",27272251392.0,65.9538,15.403113,2.672,0.96904,0.22674999,0.23199,0.16143999,340800000.0,,4.0
ASH,False,0.0,"data_missing:trailing_pe,graham_earnings_stability,munger_roe",3047634176.0,,1.633254,3.061,0.7920699999999999,-0.3096,0.33296,0.10581,207750000.0,0.024300000000000002,0.0
ASB,False,0.0,"data_missing:current_ratio,data_missing:debt_to_equity,data_missing:free_cash_flow,munger_roe,munger_gross_margin",5716628480.0,10.506944,1.0259018,,,0.10176,0.0,0.44519,,0.030899999999999997,4.0
VRTX,False,0.0,"data_missing:dividend_yield,graham_earnings_stability,graham_pe,graham_pe_times_pb",120072806400.0,28.04327,6.2102413,3.023,0.1026,0.24197,0.54390997,0.38126,2783225088.0,,1.0
ARW,False,0.0,"data_missing:dividend_yield,graham_current_ratio,munger_roe,munger_gross_margin",10999422976.0,15.386982,1.629967,1.238,0.36178,0.113299996,0.11259,0.04157,264513248.0,,4.0
ARMK,False,0.0,"graham_current_ratio,graham_debt_to_equity,graham_pe,graham_pe_times_pb,munger_roe,munger_gross_margin",14988353536.0,42.53731,4.5665755,1.212,1.92213,0.11224,0.15359999,0.04572,327163488.0,0.0085,4.0
AR,False,0.0,"data_missing:dividend_yield,graham_current_ratio,munger_roe",10865948672.0,11.349515,1.3475504,0.4,0.5777100000000001,0.12837,0.67232,0.36523998,635028352.0,,4.0
APPF,False,0.0,"data_missing:dividend_yield,graham_earnings_stability,graham_pe,graham_pe_times_pb",5797031424.0,39.035717,12.327994,3.523,0.07864,0.32598,0.63749003,0.19354,177612256.0,,3.0
APG,False,0.0,"data_missing:trailing_pe,data_missing:dividend_yield,graham_current_ratio,munger_roe",17138500608.0,,4.916118,1.435,0.88067,0.10019,0.31379998,0.07265,715875008.0,,4.0
ANF,False,0.0,"data_missing:dividend_yield,graham_current_ratio",4038398208.0,8.790135,3.0134943,1.448,0.9546399999999999,0.39224,0.61657,0.07982,283367872.0,,4.0
AN,False,0.0,"data_missing:dividend_yield,graham_current_ratio,graham_debt_to_equity,graham_pe_times_pb,munger_gross_margin",6862952960.0,11.128594,3.1234295,0.814,4.7056000000000004,0.2933,0.17966999,0.046529997,541025024.0,,4.0
AMKR,False,0.0,"graham_pe,graham_pe_times_pb,munger_roe,munger_gross_margin,munger_fcf",16193511424.0,37.54598,3.5713117,2.01,0.354,0.10005999,0.14425999,0.05955,-47146500.0,0.005,4.0
AMH,False,0.0,"graham_pe,graham_pe_times_pb,munger_roe",13573511168.0,26.9187,1.7386967,1.962,0.67703,0.0691,0.56445,0.25061,740585728.0,0.0398,4.0
AMG,False,0.0,graham_pe_times_pb,9185330176.0,14.270413,2.9826922,65.55,0.73417,0.21834,0.49282002,0.22096,237537504.0,0.0001,4.0
AM,False,0.0,"graham_current_ratio,graham_debt_to_equity,graham_pe,graham_pe_times_pb",10929290240.0,26.755814,5.6452403,0.985,1.9171799999999999,0.20407,0.80884004,0.55439,457065632.0,0.0394,4.0
ARWR,False,0.0,"data_missing:trailing_pe,data_missing:dividend_yield,graham_debt_to_equity,graham_earnings_stability,munger_roe,munger_fcf",12223571968.0,,19.867216,6.232,2.31049,-0.42374,1.0,-1.91573,-46121248.0,,0.0
CAVA,False,0.0,"data_missing:dividend_yield,graham_earnings_stability,graham_pe,graham_pe_times_pb,munger_roe,munger_fcf",7362312192.0,121.55769,9.084507,2.655,0.61544,0.0802,0.37737,0.063829996,-11791000.0,,3.0
CART,False,0.0,"data_missing:dividend_yield,graham_earnings_stability,graham_pe,graham_pe_times_pb",9995816960.0,23.627777,4.2033997,2.363,0.01311,0.16283001,0.73111,0.17959,624124992.0,,2.0
CAR,False,0.0,"data_missing:trailing_pe,data_missing:debt_to_equity,data_missing:return_on_equity,data_missing:dividend_yield,graham_current_ratio,graham_earnings_stability,munger_gross_margin",5618085376.0,,-1.6439602,0.775,,,0.27313998,0.01818,168000000.0,,0.0
CACI,False,0.0,"data_missing:dividend_yield,graham_debt_to_equity,graham_pe_times_pb,munger_roe",10617300992.0,19.851715,2.4805806,1.613,1.31219,0.13449,0.32558998,0.097349994,446507136.0,,4.0
BYD,False,0.0,"graham_current_ratio,graham_debt_to_equity",6434018304.0,3.8267019,2.5538442,0.6,1.15268,0.94281,0.59161,0.18468,480228736.0,0.0088,4.0
BWXT,False,0.0,"graham_debt_to_equity,graham_pe,graham_pe_times_pb,munger_gross_margin",16185560064.0,47.112,12.640956,2.397,1.5762299999999998,0.29032,0.22658001,0.1038,165500992.0,0.0059,4.0
BWA,False,0.0,"graham_pe,graham_pe_times_pb,munger_roe,munger_gross_margin",13195044864.0,37.401165,2.408281,2.13,0.72191,0.072670005,0.18787001,0.09907,1012625024.0,0.0106,4.0
BURL,False,0.0,"data_missing:dividend_yield,graham_current_ratio,graham_debt_to_equity,graham_pe,graham_pe_times_pb",21329620992.0,34.890034,11.4976635,1.164,3.19733,0.39141,0.43947,0.05933,210811744.0,,4.0
BTSG,False,0.0,"data_missing:dividend_yield,graham_debt_to_equity,graham_earnings_stability,graham_pe,graham_pe_times_pb,munger_roe,munger_gross_margin",13706687488.0,90.701294,7.2313104,1.737,1.35679,0.09231,0.12177,0.03361,1013108352.0,,1.0
BSY,False,0.0,"graham_current_ratio,graham_pe,graham_pe_times_pb",9150356480.0,34.62069,7.687596,0.515,0.9507899999999999,0.24256,0.81635004,0.3038,412871264.0,0.009399999999999999,4.0
BRX,False,0.0,"graham_current_ratio,graham_debt_to_equity,graham_pe,graham_pe_times_pb,munger_roe",9809565696.0,22.356644,3.2302716,0.526,1.8263800000000001,0.14832,0.75251997,0.37796003,480290880.0,0.0373,4.0
BAH,False,0.0,"graham_debt_to_equity,graham_pe_times_pb,munger_gross_margin",7900055552.0,9.546377,7.1738186,1.781,3.73032,0.8074,0.22358999,0.09486,785374976.0,0.035699999999999996,4.0
BRKR,False,0.0,"data_missing:trailing_pe,graham_earnings_stability,munger_roe",9460823040.0,,3.8628876,1.552,0.68124,-0.0043200003,0.47616002,0.06182,212487504.0,0.0033,0.0
BMRN,False,0.0,"data_missing:dividend_yield,graham_pe,graham_pe_times_pb,munger_roe",11378654208.0,42.352516,1.83156,5.806,0.23174,0.044770002,0.51155996,0.18004999,459422496.0,,4.0
BKH,False,0.0,"graham_current_ratio,graham_debt_to_equity,munger_roe,munger_fcf",5717221888.0,19.557291,1.4489398,0.646,1.1559,0.07658,0.39016,0.25861,-487224992.0,0.0375,4.0
BJ,False,0.0,"data_missing:dividend_yield,graham_current_ratio,graham_debt_to_equity,graham_pe,graham_pe_times_pb,munger_gross_margin",11657041920.0,20.986208,5.482554,0.727,1.34579,0.27885,0.18475,0.03672,89211000.0,,4.0
BIO,False,0.0,"data_missing:dividend_yield,graham_earnings_stability,graham_pe,graham_pe_times_pb,munger_roe",8466834432.0,52.73,1.2388889,3.208,0.20116,0.02495,0.5201,0.057589997,229762496.0,,1.0
BILL,False,0.0,"data_missing:dividend_yield,data_invalid_outlier:trailing_pe,graham_earnings_stability,graham_pe,graham_pe_times_pb,munger_roe",4109360896.0,inf,1.0804724,1.661,0.49591999999999997,4.0000003e-05,0.83681,0.01143,167608256.0,,1.0
BHF,False,0.0,"data_missing:trailing_pe,data_missing:dividend_yield,graham_debt_to_equity,graham_earnings_stability,munger_roe,munger_gross_margin,munger_fcf",3602999552.0,,0.6475794,1.536,1.76333,-0.010980001,0.25583,-0.63366,-524124992.0,,2.0
BDC,False,0.0,"graham_debt_to_equity,graham_pe_times_pb",4012404480.0,17.345118,3.1266692,2.086,1.0734000000000001,0.18887,0.37458,0.11129,81421504.0,0.0019,4.0
BCO,False,0.0,"graham_debt_to_equity,graham_pe,graham_pe_times_pb,munger_gross_margin",4986610688.0,28.292053,19.042301,1.531,11.36225,0.53040004,0.26097,0.07454,436987488.0,0.0083,4.0
BC,False,0.0,"data_missing:trailing_pe,graham_current_ratio,graham_debt_to_equity,graham_earnings_stability,munger_roe,munger_gross_margin",5169366528.0,,3.2298136,1.376,1.52463,-0.07778,0.25785,0.039979998,381624992.0,0.021400000000000002,0.0
BBWI,False,0.0,"data_missing:debt_to_equity,data_missing:return_on_equity,graham_current_ratio,graham_pe_times_pb",3898205440.0,5.4943185,-3.430903,1.379,,,0.4323,0.10958,729000000.0,0.039900000000000005,4.0
BROS,False,0.0,"data_missing:dividend_yield,graham_current_ratio,graham_debt_to_equity,graham_earnings_stability,graham_pe,graham_pe_times_pb,munger_roe,munger_gross_margin",11177991168.0,99.98438,11.696217,1.334,1.26055,0.138,0.25261998,0.07733,39701376.0,,3.0
WMB,False,0.0,"graham_current_ratio,graham_debt_to_equity,graham_pe,graham_pe_times_pb,munger_fcf",92030623744.0,33.004387,7.1995792,0.829,1.9985499999999998,0.19656,0.63506,0.33609,-190250000.0,0.0282,4.0
WSM,False,0.0,"graham_current_ratio,graham_pe,graham_pe_times_pb",25739409408.0,24.506727,13.765743,1.331,0.79878,0.54007,0.46062002,0.16173,885462144.0,0.0137,4.0
WY,False,0.0,"graham_current_ratio,graham_pe,graham_pe_times_pb,munger_roe,munger_gross_margin,munger_fcf",17045447680.0,42.214283,1.8058208,1.418,0.57729,0.04161,0.14675,0.08975001,-45875000.0,0.0353,4.0
WDC,False,0.0,"graham_current_ratio,graham_earnings_stability,graham_pe,graham_pe_times_pb",192436043776.0,33.431137,26.693758,1.49,0.17809999999999998,0.85920995,0.45428002,0.37008998,2075000064.0,0.0011,1.0
WST,False,0.0,"graham_pe,graham_pe_times_pb",25113806848.0,47.460617,8.42809,2.71,0.10734,0.19131,0.36278,0.21695,275662496.0,0.0025,4.0
WELL,False,0.0,"graham_pe,graham_pe_times_pb,munger_roe",174396162048.0,119.92719,3.9753163,1.646,0.44486,0.03665,0.39870998,0.18039,2600212736.0,0.0121,4.0
WFC,False,0.0,"data_missing:current_ratio,data_missing:debt_to_equity,data_missing:free_cash_flow,munger_roe,munger_gross_margin",261027741696.0,12.5276165,1.6202955,,,0.12575,0.0,0.37069,,0.0208,4.0
WEC,False,0.0,"graham_current_ratio,graham_debt_to_equity,graham_pe,graham_pe_times_pb,munger_roe,munger_fcf",37367246848.0,22.98998,2.742595,0.679,1.5318399999999999,0.11679,0.41764,0.28952998,-2067012480.0,0.0336,4.0
WAT,False,0.0,"data_missing:dividend_yield,graham_pe,graham_pe_times_pb,munger_roe,munger_fcf",37547253760.0,48.65267,2.4548554,1.788,0.36634,0.05212,0.55154,0.02841,-502370624.0,,4.0
WM,False,0.0,"graham_current_ratio,graham_debt_to_equity,graham_pe,graham_pe_times_pb",95281881088.0,34.386955,9.524709,0.934,2.28408,0.29936,0.40605,0.1752,2136749952.0,0.015,4.0
ALV,False,0.0,"graham_current_ratio,graham_pe_times_pb,munger_gross_margin",8437659648.0,13.570083,3.388629,1.029,0.8752500000000001,0.25858,0.19298,0.095970005,742124992.0,0.0291,4.0
DIS,False,0.0,"graham_current_ratio,munger_roe",161200357376.0,14.8528,1.4901199,0.679,0.41069,0.1101,0.3716,0.15512,3751375104.0,0.015600000000000001,4.0
WMT,False,0.0,"graham_current_ratio,graham_pe,graham_pe_times_pb,munger_gross_margin",862655741952.0,38.169014,9.149224,0.771,0.74816,0.24132,0.24976,0.042150002,6862249984.0,0.0091,4.0
WAB,False,0.0,"data_missing:current_ratio,data_missing:debt_to_equity,data_missing:return_on_equity,data_missing:free_cash_flow,graham_pe,graham_pe_times_pb,munger_gross_margin",50333741056.0,40.160378,4.559908,,,,0.0,0.0,,0.0043,4.0
GWW,False,0.0,"graham_pe,graham_pe_times_pb",64562053120.0,36.720192,16.432856,2.686,0.64034,0.46129,0.39150003,0.16723,1152125056.0,0.0068000000000000005,4.0
WRB,False,0.0,"data_missing:current_ratio,data_missing:return_on_equity,data_missing:free_cash_flow,graham_pe_times_pb",27246788608.0,15.557204,2.9409645,,0.3176,,0.43785998,0.16385001,,0.0055000000000000005,4.0
VMC,False,0.0,"graham_pe,graham_pe_times_pb,munger_roe,munger_gross_margin",35673509888.0,32.536095,4.211808,2.589,0.61249,0.13458,0.27684,0.15553,244387504.0,0.0075,4.0
VST,False,0.0,"graham_current_ratio,graham_debt_to_equity,graham_earnings_stability,graham_pe,graham_pe_times_pb,munger_fcf",56977092608.0,28.21035,18.303724,0.896,3.66613,0.42898,0.38637,0.26578,-164124992.0,0.0055000000000000005,3.0
V,False,0.0,"graham_current_ratio,graham_pe,graham_pe_times_pb",668653125632.0,30.600523,18.860638,1.088,0.6723300000000001,0.60349,0.97778,0.67346,20839749632.0,0.0076,4.0
VICI,False,0.0,munger_roe,28980430848.0,9.013699,0.99814177,11.12,0.61853,0.11331,0.99141,1.0749099,1285280000.0,0.0677,4.0
VTRS,False,0.0,"data_missing:trailing_pe,graham_earnings_stability,munger_roe",20123471872.0,,1.372736,1.603,0.99675,-0.01957,0.39816,0.06784,2238337536.0,0.0282,0.0
VRT,False,0.0,"graham_current_ratio,graham_pe,graham_pe_times_pb",116784439296.0,76.39196,27.500002,1.494,0.76913,0.45097,0.37151,0.16364999,1964749952.0,0.0008,4.0
WBD,False,0.0,"data_missing:trailing_pe,data_missing:dividend_yield,graham_current_ratio,graham_earnings_stability,munger_roe",65060200448.0,,1.996922,0.729,0.9631799999999999,-0.049590003,0.45748,0.08590999,18466875392.0,,1.0
ALSN,False,0.0,"graham_debt_to_equity,graham_pe_times_pb",9922460672.0,18.606533,5.220123,1.846,2.28639,0.30437002,0.42575002,0.19488001,39125000.0,0.0097,4.0
ALLY,False,0.0,"data_missing:current_ratio,data_missing:debt_to_equity,data_missing:free_cash_flow,munger_roe,munger_gross_margin",13390756864.0,10.672331,1.0174472,,,0.09681,0.0,0.25340998,,0.0269,4.0
ALK,False,0.0,"data_missing:dividend_yield,graham_current_ratio,graham_debt_to_equity,graham_pe,graham_pe_times_pb,munger_roe,munger_gross_margin,munger_fcf",4992621568.0,91.32653,1.3356613,0.547,2.0752,-0.04598,0.17544001,-0.031,-30625000.0,,4.0
ALGM,False,0.0,"data_missing:trailing_pe,data_missing:dividend_yield,graham_earnings_stability,munger_roe",9328494592.0,,9.720443,3.451,0.31984,-0.0155299995,0.46493,0.10428,149962128.0,,0.0
AIT,False,0.0,"graham_pe,graham_pe_times_pb",12717037568.0,32.52174,6.854593,2.947,0.19638999999999998,0.21899,0.30386,0.110190004,332143872.0,0.006,4.0
AHR,False,0.0,"graham_current_ratio,graham_earnings_stability,graham_pe,graham_pe_times_pb,munger_roe,munger_gross_margin",10865683456.0,95.559326,3.0758321,1.005,0.47613999999999995,0.0349,0.18845,0.06389,358525632.0,0.0175,1.0
AGCO,False,0.0,"graham_current_ratio,graham_earnings_stability,munger_gross_margin",8491347968.0,11.308582,1.9762052,1.293,0.5971,0.17531,0.25327998,0.038629998,695812480.0,0.0102,1.0
AFG,False,0.0,"graham_pe_times_pb,munger_gross_margin",11728431104.0,13.405509,2.5071487,2.145,0.43523,0.19383,0.1929,0.14636,299875008.0,0.025099999999999997,4.0
AEIS,False,0.0,"graham_pe,graham_pe_times_pb,munger_roe",12608958464.0,65.381744,8.650088,1.588,0.49343000000000004,0.14663,0.39004,0.14325,49237500.0,0.0013,4.0
ADC,False,0.0,"graham_current_ratio,graham_pe,graham_pe_times_pb,munger_roe",9613152256.0,43.140537,1.5783019,0.288,0.59607,0.03704,0.87644994,0.48668,444884000.0,0.039900000000000005,4.0
ACM,False,0.0,"graham_current_ratio,graham_debt_to_equity,graham_pe_times_pb,munger_gross_margin",8694576128.0,14.123174,3.8196602,1.105,1.3520599999999998,0.28608,0.077259995,0.06701,443983136.0,0.0176,4.0
WTW,False,0.0,"graham_current_ratio,graham_earnings_stability,graham_pe_times_pb",27235962880.0,16.943008,3.4081454,1.187,0.85693,0.20611,0.42407,0.20522,2052125056.0,0.0134,1.0
AAON,False,0.0,"graham_pe,graham_pe_times_pb,munger_roe,munger_gross_margin,munger_fcf",8820252672.0,75.300705,9.4348545,2.624,0.47454999999999997,0.13498999,0.26242,0.11552,-215134368.0,0.0037,4.0
AAL,False,0.0,"data_missing:debt_to_equity,data_missing:return_on_equity,data_missing:dividend_yield,graham_current_ratio,graham_pe,graham_pe_times_pb,munger_gross_margin",8965075968.0,43.725807,-2.199059,0.492,,,0.22872,-0.00065,861124992.0,,4.0
AA,False,0.0,"graham_earnings_stability,munger_gross_margin",11946390528.0,9.411643,1.6209539,1.535,0.29918,0.18226999,0.19665001,0.18003,952625024.0,0.0087,2.0
ZTS,False,0.0,"graham_debt_to_equity,graham_pe_times_pb",31261841408.0,12.22459,9.512692,3.153,2.86236,0.67748,0.71839,0.36561,1780875008.0,0.0286,4.0
ZBH,False,0.0,"graham_pe,graham_pe_times_pb,munger_roe",17343911936.0,23.22539,1.3680966,1.733,0.59827,0.060650002,0.70176005,0.19687,1044124992.0,0.0108,4.0
ZBRA,False,0.0,"data_missing:dividend_yield,graham_current_ratio,graham_pe,graham_pe_times_pb,munger_roe",12239400960.0,31.070133,3.5827327,0.961,0.82104,0.11781,0.48182,0.14983,559000000.0,,4.0
YUM,False,0.0,"data_missing:debt_to_equity,data_missing:return_on_equity,graham_current_ratio,graham_pe,graham_pe_times_pb",40618295296.0,23.769354,-5.5847354,0.651,,,0.45663,0.31083,1261500032.0,0.0203,4.0
XYL,False,0.0,"graham_current_ratio,graham_pe,graham_pe_times_pb,munger_roe",27779237888.0,29.07214,2.4797368,1.463,0.18353999999999998,0.08724,0.3861,0.12894,959124992.0,0.0148,4.0
XEL,False,0.0,"graham_current_ratio,graham_debt_to_equity,graham_pe,graham_pe_times_pb,munger_roe,munger_fcf",50422251520.0,23.276655,2.1334424,0.77,1.64845,0.0959,0.45928,0.18155001,-7471625216.0,0.0296,4.0
WYNN,False,0.0,"data_missing:debt_to_equity,data_missing:return_on_equity,graham_current_ratio,graham_earnings_stability,graham_pe,graham_pe_times_pb",10043441152.0,27.727793,-46.703667,1.242,,,0.68108004,0.15323,356894624.0,0.0106,3.0
WDAY,False,0.0,"data_missing:dividend_yield,graham_current_ratio,graham_earnings_stability,graham_pe,graham_pe_times_pb,munger_roe",31580497920.0,39.959373,4.7643356,1.009,0.56936,0.10858,0.75766,0.13297,3118749952.0,,3.0
ACI,False,0.0,"graham_current_ratio,graham_debt_to_equity,graham_pe,graham_pe_times_pb,munger_roe,munger_gross_margin",5603064832.0,28.599998,3.1120782,0.858,8.330739999999999,0.08326,0.2718,0.01695,1525537536.0,0.0466,4.0
