symbol,buyable,score,fail_reasons,market_cap,trailing_pe,price_to_book,current_ratio,debt_to_equity,return_on_equity,gross_margin,operating_margin,free_cash_flow,dividend_yield,consecutive_positive_earnings_years
HCI,False,95.28161516666668,"graham_current_ratio,graham_earnings_stability",2157148416.0,7.47178,2.0025172,0.865,0.05722000000000001,0.34974998,0.59726,0.45431,423198496.0,0.0091,3.0
INVA,False,91.40290160329727,graham_size,1538828800.0,4.941995,1.2545646,16.007,0.26859,0.36676,0.7479845767854364,0.3980886299984441,110332496.0,,4.0
EXEL,False,91.39716195778027,graham_pe_times_pb,14507618304.0,18.41195,7.9036174,3.456,0.08999,0.44393003,0.96483004,0.3759239799907419,739715136.0,,4.0
ADBE,False,91.34605,"graham_current_ratio,graham_pe_times_pb",95451676672.0,13.407594,7.9811883,0.77,0.5769299999999999,0.61902,0.8926753334174765,0.36627540073204595,9345125376.0,,4.0
DECK,False,91.04709242457784,graham_pe_times_pb,10692999168.0,11.169273,4.6643696,2.747,0.20521,0.42558,0.5770385958654284,0.23078119312259424,871420352.0,,4.0
PEGA,False,89.53107195042438,"graham_current_ratio,graham_earnings_stability,graham_pe_times_pb",5463176192.0,18.880682,9.744867,1.059,0.12851,0.54693,0.7586326591866708,0.15070351217656883,507401984.0,0.0036,3.0
TDC,False,87.56232503650888,graham_current_ratio,2691420160.0,6.092632,4.5581985,0.915,0.16695000000000002,1.19116,0.5935057125676488,0.1232711966325917,348500000.0,,4.0
SNDK,False,87.3351378525763,"graham_earnings_stability,graham_pe,graham_pe_times_pb",256449953792.0,23.768217,16.584257,2.29,0.012769999999999998,0.9164,0.7147372580007902,0.61186290003951,7720875008.0,,1.0
PTC,False,86.27038266555603,"graham_current_ratio,graham_pe_times_pb",15229939712.0,13.613967,4.4787645,1.025,0.46335,0.35053003,0.8375515565345831,0.35863597965264643,1031425152.0,,4.0
CARG,False,86.04540633830325,graham_pe_times_pb,2781764864.0,16.097937,10.554241,1.85,0.7003499999999999,0.53470004,0.9278186950098127,0.2695153145604093,241320752.0,,4.0
APAM,False,85.94305360289638,graham_pe_times_pb,2569360896.0,8.678657,6.117309,3.007,0.57111,0.64552003,0.45593,0.3339475285120265,291218624.0,0.095,4.0
QLYS,False,85.91472183189008,"graham_current_ratio,graham_pe,graham_pe_times_pb",6655662592.0,32.753902,11.648074,1.384,0.09498,0.38592,0.828480478236503,0.3317048384083691,244382624.0,,4.0
FHI,False,85.7304307100575,graham_pe_times_pb,4202253824.0,10.461896,3.209683,2.592,0.32354,0.31137,0.69044,0.2853848832346752,371463872.0,0.025,4.0
YOU,False,85.39583540938494,"graham_current_ratio,graham_earnings_stability,graham_pe,graham_pe_times_pb",5718035968.0,28.452703,23.303818,1.04,0.45141,1.19174,0.66656,0.207018591685641,418440384.0,0.0139,3.0
NEM,False,85.13915364549702,"graham_earnings_stability,graham_pe_times_pb",121891127296.0,14.587643,3.4759617,2.546,0.15807000000000002,0.25905,0.68041,0.51569,8815875072.0,0.0089,2.0
GEN,False,85.00000000000001,"graham_current_ratio,graham_debt_to_equity,graham_pe_times_pb",13315568640.0,13.008772,5.016915,0.466,3.07831,0.41944,0.7846,0.424,1547124992.0,0.024,4.0
ALL,False,83.71084933333334,"graham_current_ratio,graham_earnings_stability",56313995264.0,4.460445,1.784664,0.363,0.22261,0.46113998,0.36800998,0.22827,15158625280.0,0.0192,2.0
AMP,False,82.99322051430622,graham_pe_times_pb,43581198336.0,11.913968,6.8496957,2.182,0.67578,0.63432,0.54932,0.30719998,2903124992.0,0.0137,4.0
APA,False,82.66614999999999,graham_current_ratio,14532581376.0,8.751055,2.071721,0.946,0.48854,0.26659,0.78255,0.56331,2146749952.0,0.023700000000000002,4.0
IDCC,False,82.56448898870714,"graham_pe,graham_pe_times_pb",8451983360.0,38.531765,7.030589,1.743,0.33401000000000003,0.26403,0.82498,0.5525715964341169,600847744.0,0.009300000000000001,4.0
PRI,False,82.51435,graham_pe_times_pb,8414220288.0,10.983931,3.3481522,3.73,0.71521,0.32966,0.72097,0.31542,1038982144.0,0.0174,4.0
ZTS,False,82.46255897579236,"graham_debt_to_equity,graham_pe_times_pb",28876064768.0,11.399673,8.914402,3.084,2.9399599999999997,0.64911,0.71738,0.40721,2016999936.0,0.0302,4.0
TROW,True,81.81879755558789,,22206179328.0,10.451807,2.0182633,4.039,0.03702,0.19399999,0.9985236428059223,0.2992289604637174,2023912448.0,0.049800000000000004,4.0
NFLX,False,81.46990152810189,"graham_current_ratio,graham_pe,graham_pe_times_pb",291038527488.0,21.979559,9.652672,1.142,0.55236,0.49541,0.3634414152008206,0.29494704605507255,25387552768.0,,4.0
KNSL,False,81.42671666666666,"graham_current_ratio,graham_pe_times_pb",7372578816.0,13.210816,3.622683,0.194,0.11033,0.30268,0.31142,0.40678,982102720.0,0.0031,4.0
HLNE,False,81.06856390334761,graham_pe_times_pb,5790706688.0,13.150684,3.9399881,4.111,0.21558,0.32416,0.6066,0.45933998,231402752.0,0.0279,4.0
INCY,False,80.97444909915134,graham_pe_times_pb,24837568512.0,15.609555,3.8816206,4.593,0.00603,0.30667,0.55659,0.2946484526501573,1180664576.0,,4.0
BMY,False,80.53641212882147,"graham_debt_to_equity,graham_earnings_stability,graham_pe_times_pb",128507174912.0,13.856829,5.7583523,1.532,2.01859,0.46598998,0.7231055082553272,0.34418,8114375168.0,0.0401,1.0
GDDY,False,79.75800471468102,"data_invalid_outlier:debt_to_equity,graham_current_ratio,graham_debt_to_equity,graham_pe_times_pb",12182243328.0,14.250371,1814.9058,0.632,573.3433,4.42861,0.63802,0.2276867766758902,1204950016.0,,4.0
RNR,False,79.39093333333334,"graham_current_ratio,graham_earnings_stability",13280399360.0,5.5420494,1.2071414,1.352,0.12211,0.21475,0.45349,0.41674,2787289856.0,0.0051,3.0
NVDA,False,79.3308183143699,"graham_pe,graham_pe_times_pb",5570287894528.0,29.16339,24.32589,4.589,0.16971,1.17211,0.7106808435754708,0.6038168363141272,41809874944.0,0.0044,4.0
LVS,False,79.2779771507589,"graham_current_ratio,graham_debt_to_equity,graham_pe_times_pb",24625598464.0,14.736435,42.38573,0.997,17.03902,1.22869,0.79335,0.21648613351770762,2212875008.0,0.0313,4.0
NMIH,True,79.2073,,2798104064.0,7.322835,1.0364138,2.029,0.15753,0.15427,0.76384,0.76672995,329759616.0,,4.0
SEZL,False,79.07453222884224,"graham_earnings_stability,graham_pe,graham_pe_times_pb",3623431680.0,23.59649,15.549132,4.017,0.52416,0.88851,0.74967,0.39262101941240873,100542000.0,,3.0
LULU,True,78.87019378953664,,10661376000.0,7.925926,2.2447553,2.19,0.44689,0.30898002,0.566005440167168,0.19910786662583538,1148515840.0,,4.0
WH,False,78.6374293057985,"graham_current_ratio,graham_debt_to_equity,graham_pe,graham_pe_times_pb",5326131712.0,26.003622,11.214062,0.988,5.57292,0.39429,0.62835,0.2813156053184045,362375008.0,0.023700000000000002,4.0
CNX,False,78.56619999999998,"graham_current_ratio,graham_earnings_stability",4621758976.0,5.063209,0.9612012,0.716,0.49137000000000003,0.21249,0.73616,0.62878,437116736.0,,1.0
MTG,False,78.50679999999998,munger_roe,5380424192.0,8.196875,1.0809362,4.964,0.12903,0.13923,0.92607003,0.80851996,518861888.0,0.0241,4.0
PAYX,False,78.34567284006263,"graham_current_ratio,graham_debt_to_equity,graham_pe_times_pb",35350642688.0,19.703373,9.454018,1.277,1.24704,0.47055,0.74391997,0.3855190417690418,1887112448.0,0.0479,4.0
HRMY,True,78.22505205674426,,2277625344.0,12.656959,2.2747629,3.479,0.16030999999999998,0.20456,0.771614583633196,0.2400463813240325,182835504.0,,4.0
PLTR,False,77.9906652480017,"graham_earnings_stability,graham_pe,graham_pe_times_pb",450537422848.0,160.24359,46.08776,7.228,0.02139,0.38097,0.8236651721415028,0.3159495165398041,2159104512.0,,3.0
INTU,False,77.8033400117227,graham_pe_times_pb,73890488320.0,16.798239,3.9073398,1.507,0.4434,0.23596,0.80982,0.2743379336068631,6353625088.0,0.0206,4.0
ADMA,False,77.74668365155236,"graham_earnings_stability,graham_pe_times_pb",2240966656.0,14.292857,5.5245724,6.972,0.49935,0.41897,0.5738543592075629,0.37525114029946705,54755376.0,,2.0
ESNT,False,77.69319999999999,munger_roe,5240698368.0,8.132497,0.9253646,1.791,0.08757,0.12009,0.76005995,0.6575,690249472.0,0.022099999999999998,4.0
ACT,False,77.57995000000001,"graham_current_ratio,munger_roe",5957167616.0,9.141351,1.1092906,0.922,0.13812,0.12869,0.73177004,0.73258,521546880.0,0.0207,4.0
AGX,False,77.50811194956768,"graham_pe,graham_pe_times_pb,munger_gross_margin",5340108800.0,30.017744,10.538374,1.501,0.02154,0.39847,0.20503575035517455,0.1426001952136658,467822016.0,0.0074,4.0
WDC,False,77.45953572677419,"graham_current_ratio,graham_earnings_stability,graham_pe_times_pb",165884887040.0,17.078693,21.998566,1.329,0.13436,1.30853,0.4885053022679774,0.34468612121681247,2268750080.0,0.0013,2.0
ADSK,False,77.40732865940805,"graham_current_ratio,graham_debt_to_equity,graham_pe,graham_pe_times_pb",43799920640.0,27.111126,12.946747,0.855,1.09518,0.53854,0.9097973910630031,0.2189841798501249,3157499904.0,,4.0
V,False,77.360698895511,"graham_current_ratio,graham_pe,graham_pe_times_pb",677077581824.0,30.79889,19.112612,0.985,0.67821,0.6119,0.97725,0.59985,20404000768.0,0.0073,4.0
TPL,False,77.26295,"graham_pe,graham_pe_times_pb,munger_fcf",22546444288.0,41.587788,14.490646,4.552,0.01077,0.36566,0.93336,0.741879752941029,-32836124.0,0.0073,4.0
GOOG,False,77.24139803769643,graham_pe_times_pb,4222323785728.0,17.314192,6.7833424,2.724,0.18859,0.48676,0.60897,0.32032638592380025,22665000960.0,0.0026,4.0
GOOGL,False,77.22874950495513,graham_pe_times_pb,4262499188736.0,17.478937,6.847886,2.724,0.18859,0.48676,0.60897,0.32032638592380025,22665000960.0,0.0026,4.0
FTNT,False,77.00695687811816,"graham_current_ratio,graham_pe,graham_pe_times_pb",131830005760.0,63.714542,84.992905,1.282,0.36194000000000004,1.17442,0.8045620330607682,0.3065915642096594,2265587456.0,,4.0
INSW,True,76.9184605018376,,5472714752.0,6.9403267,2.415346,5.944,0.28815,0.37412,0.725,0.40956264778217055,69650376.0,0.0742,4.0
FTDR,False,76.91741648512695,"graham_debt_to_equity,graham_pe_times_pb",5086393344.0,19.740643,18.011711,1.591,4.16901,1.01859,0.5527950310559007,0.28217,333624992.0,,4.0
LOPE,False,76.89468694617045,graham_pe_times_pb,3976742656.0,18.42633,5.902813,2.818,0.15564999999999998,0.30979002,0.53271,0.24040973898577847,205755248.0,,4.0
BLKB,False,76.83963501340858,"graham_size,graham_current_ratio,graham_debt_to_equity,graham_earnings_stability,graham_pe_times_pb",1899575424.0,13.078124,27.993309,0.828,17.27037,1.94448,0.5878346102546606,0.1690534534481307,214087872.0,,1.0
IT,False,76.76581711289447,"data_missing:debt_to_equity,graham_current_ratio,graham_pe_times_pb",11839169536.0,16.874887,-72.1632,0.88,,1.13581,0.6877113401934918,0.15786906596753753,1052553024.0,,4.0
DUOL,False,76.67650277895164,"graham_earnings_stability,graham_pe_times_pb",6713829376.0,16.962175,4.756065,2.719,0.0611,0.3442,0.7223062310799363,0.13065867120796384,300198016.0,,3.0
MCY,False,76.63364285714285,"graham_current_ratio,graham_earnings_stability,munger_gross_margin",5460764672.0,5.826832,1.9255106,0.952,0.33925,0.38991,0.26808,0.19934,1143784576.0,0.0127,3.0
MANH,False,76.45562045218382,"graham_current_ratio,graham_pe,graham_pe_times_pb",11643502592.0,57.385056,73.90822,0.983,0.34209,0.96378,0.5581,0.25874058620740675,321116384.0,,4.0
PRDO,False,76.44210293813468,graham_size,1934256768.0,11.24,1.8717452,4.692,0.11009000000000001,0.17554002,0.79890996,0.23165220022314253,184656128.0,0.0226,4.0
MEDP,False,76.40158203539838,"graham_current_ratio,graham_pe,graham_pe_times_pb",17423851520.0,36.634388,40.157608,0.732,0.33216,1.6215401,0.7235,0.21141720489093105,510396512.0,,4.0
CF,True,76.24353833565196,,17550682112.0,8.59037,3.0585227,4.86,0.40503999999999996,0.29867,0.3845285149632976,0.3246753246753247,1276749952.0,0.0207,4.0
VCTR,False,76.13849787628746,"graham_pe,graham_pe_times_pb",6798037504.0,20.094545,2.8649194,2.066,0.42615000000000003,0.19045,0.57335997,0.36629021131877276,520321760.0,0.0181,4.0
CPAY,False,76.02470267553811,"graham_current_ratio,graham_debt_to_equity,graham_pe,graham_pe_times_pb",25455577088.0,23.78467,7.1864996,0.972,2.75291,0.29215,0.80539,0.44035568389120844,1946175872.0,,4.0
CRUS,False,75.89974432803893,graham_pe_times_pb,6047184896.0,14.750611,2.7804406,7.583,0.0596,0.20903999,0.5277776526137503,0.2304920598444261,450997248.0,,4.0
ANF,False,75.70897147425505,"graham_current_ratio,graham_pe_times_pb",5699360768.0,11.598446,4.207575,1.407,0.93997,0.40609002,0.6292023434610927,0.13275811519756214,435861760.0,,4.0
CINF,False,75.68008333333333,"graham_current_ratio,graham_earnings_stability",24499701760.0,7.576175,1.4688481,1.151,0.05255,0.21484,0.31066,0.37202,2984875008.0,0.0233,3.0
HRB,False,75.59209401655906,"graham_current_ratio,graham_debt_to_equity,graham_pe_times_pb",5064996864.0,7.1710296,43.43552,1.133,17.894190000000002,7.13542,0.4433,0.2523599714974895,624796864.0,0.0453,4.0
AVGO,False,75.58855762013253,"graham_pe,graham_pe_times_pb",1688862588928.0,45.06879,16.942343,2.504,0.59604,0.44245,0.6776652527118193,0.3988917933225852,30596499456.0,0.0073,4.0
ADEA,False,75.49462620903601,"graham_earnings_stability,graham_pe,graham_pe_times_pb",2867283968.0,23.85321,6.007394,3.247,0.82832,0.27878,1.0,0.3946967202392498,195100624.0,0.008100000000000001,3.0
EXPE,False,75.44259243098583,"graham_current_ratio,graham_debt_to_equity,graham_pe_times_pb",31938344960.0,16.736477,26.412903,0.801,2.30271,0.89489,0.90433,0.12699382338966944,3434374912.0,0.0072,4.0
TPR,False,75.41640208398928,"graham_debt_to_equity,graham_pe_times_pb",23076595712.0,15.919533,33.507526,1.752,5.71608,1.97135,0.7782164363709053,0.2391744334224532,1399924992.0,0.016200000000000003,4.0
EQT,False,75.36925000000001,"graham_current_ratio,munger_roe",30484525056.0,11.307425,1.2068795,0.673,0.19594999999999999,0.11078,0.80748004,0.37593008777782033,2460903936.0,0.013500000000000002,4.0
EOG,True,75.34295636890056,,73396215808.0,10.723735,2.2725773,1.851,0.25891,0.22507,0.62636,0.28212265818310356,4478750208.0,0.0292,4.0
FIZZ,False,75.30508251964581,graham_pe_times_pb,2737217792.0,15.720429,7.344888,2.392,0.15983,0.4012,0.370387750814873,0.19491729292737633,131415752.0,,4.0
FSLR,False,75.25331840321434,graham_earnings_stability,18893725696.0,10.838779,1.8307109,2.518,0.018799999999999997,0.18509,0.4062437732020073,0.30594921691788446,1598684800.0,,3.0
QCOM,False,75.03188584748783,"graham_pe,graham_pe_times_pb",197464293376.0,21.153456,7.0654335,2.016,0.5521,0.33754003,0.54226,0.27899467076144885,10241000448.0,0.02,4.0
MGY,True,74.94230698791294,,6473189376.0,10.290394,1.9944986,1.583,0.19243,0.20854001,0.8222,0.33478116698237975,332475744.0,0.027999999999999997,4.0
DOCS,False,73.94722613038101,"graham_pe,graham_pe_times_pb",5028319232.0,33.583332,5.5378876,6.078,0.01056,0.17206,0.8909442780869735,0.3332800920505596,239703872.0,,4.0
IDXX,False,73.86031380381623,"graham_current_ratio,graham_pe,graham_pe_times_pb",41241214976.0,36.740337,25.57178,1.172,0.67971,0.74211,0.6179747110743262,0.316014212879981,909368384.0,,4.0
LAMR,False,73.78724356756338,"graham_current_ratio,graham_debt_to_equity,graham_pe,graham_pe_times_pb",14666819584.0,26.404022,14.93434,0.627,5.0011399999999995,0.59433,0.67430997,0.33283,558694400.0,0.0452,4.0
MA,False,73.74760067502449,"graham_current_ratio,graham_debt_to_equity,graham_pe,graham_pe_times_pb",484740071424.0,30.403843,86.51501,1.061,4.39583,2.41202,1.0,0.5762861760849013,16961250304.0,0.0062,4.0
LRCX,False,73.73523829748619,"graham_pe,graham_pe_times_pb",413257891840.0,57.431305,33.13234,2.629,0.33049,0.65066004,0.5046900724797688,0.35294212594408997,3090484480.0,0.0040999999999999995,4.0
RLI,False,73.51168796069875,"graham_current_ratio,graham_pe_times_pb",5088813056.0,11.649159,2.8377686,1.06,0.18189,0.25164,0.35513002,0.36861,316104256.0,0.0127,4.0
CHH,False,73.50570638116915,"graham_current_ratio,graham_debt_to_equity,graham_pe_times_pb",4626436608.0,14.55949,32.374805,0.926,14.817260000000001,5.66362,0.90328,0.28081222800951655,212277504.0,0.011000000000000001,4.0
SPG,False,73.4785626332112,"graham_current_ratio,graham_debt_to_equity,graham_pe_times_pb",76524503040.0,14.215796,14.842794,0.266,5.03504,1.20508,0.81426,0.49892269705185244,2595271168.0,0.0436,4.0
WEX,False,73.33584679151275,"graham_current_ratio,graham_debt_to_equity,graham_pe_times_pb",5735594496.0,16.812187,4.2930026,1.045,3.98423,0.3019,0.73232,0.24951142513529764,1331299968.0,,4.0
ABNB,False,73.32273879149764,"graham_current_ratio,graham_pe,graham_pe_times_pb",96476340224.0,36.785385,12.188517,1.408,0.32004,0.34542,0.82901,0.20782615799362797,3206874880.0,,4.0
MCO,False,73.16366954664564,"graham_current_ratio,graham_debt_to_equity,graham_pe,graham_pe_times_pb",78981791744.0,29.499676,26.110094,1.19,2.4068199999999997,0.76932,0.74974996,0.4341798393366157,2579124992.0,0.0091,4.0
APP,False,73.12497357456495,"graham_debt_to_equity,graham_earnings_stability,graham_pe,graham_pe_times_pb",97845125120.0,22.45622,30.992157,4.3,1.1113,2.03686,0.88464,0.757549422821868,3179956224.0,,3.0
BOX,False,73.02844236297794,"graham_current_ratio,graham_debt_to_equity,graham_pe,graham_pe_times_pb",4622293504.0,49.544117,-13.165298,1.059,3.7952,0.70227,0.7921882552008787,0.0706636551361517,378295360.0,,4.0
RMD,False,72.97003649401302,"graham_pe,graham_pe_times_pb",31960539136.0,21.242569,4.8528123,3.1,0.12542,0.24269,0.6105551961875267,0.33372849076217803,939248256.0,0.0118,4.0
RDDT,False,72.6798344775435,"graham_earnings_stability,graham_pe,graham_pe_times_pb",27605051392.0,32.757988,8.398501,10.486,0.00635,0.30712,0.91442,0.20067323312626617,678068736.0,,1.0
PAYC,False,72.6308791091233,"graham_current_ratio,graham_debt_to_equity,graham_pe,graham_pe_times_pb",9824035840.0,23.040697,16.590425,1.074,1.71969,0.41089,0.8316518009455574,0.27645367256421505,423724992.0,0.0069,4.0
CART,False,72.50214624341451,"graham_earnings_stability,graham_pe,graham_pe_times_pb",10302643200.0,23.59239,4.356684,2.279,0.01348,0.16001,0.7370390165686799,0.13308391234633885,917875008.0,,2.0
GPOR,False,72.36520515057848,"graham_current_ratio,graham_earnings_stability",2718986240.0,5.75542,1.4643092,0.576,0.5047999999999999,0.27411,0.68134004,0.4220660587115128,102005000.0,,1.0
MSFT,False,72.2378980561709,"graham_current_ratio,graham_pe,graham_pe_times_pb",3842979659776.0,28.815979,8.688575,1.23,0.29118,0.34039003,0.6794409337058032,0.4678081840892722,16545500160.0,0.0077,4.0
BYD,False,72.14126185487531,"graham_current_ratio,graham_debt_to_equity",4864280064.0,3.058474,1.9576023,0.774,1.3047,0.93084997,0.59126,0.18289540856537004,283961504.0,0.011899999999999999,4.0
DXCM,False,72.08753684832135,"graham_pe,graham_pe_times_pb",32566194176.0,34.11063,12.424402,1.733,0.5334599999999999,0.38491002,0.601008151008151,0.19558129558129558,1021162496.0,,4.0
COCO,False,72.04093639000988,"graham_pe,graham_pe_times_pb",3347441152.0,31.961327,8.282033,3.356,0.03508,0.31370002,0.41127998,0.29209998,104597248.0,,4.0
APPF,False,71.89924677247664,"graham_earnings_stability,graham_pe,graham_pe_times_pb",7146086400.0,45.961277,13.581718,3.831,0.06799000000000001,0.3209,0.63532,0.16082610625332608,198919872.0,,3.0
BKE,False,71.89846924549286,graham_pe_times_pb,2214776832.0,9.861238,4.4512887,2.083,0.8618000000000001,0.45764,0.4899374727912254,0.2014462547242138,131653504.0,0.032400000000000005,4.0
NSSC,False,71.88833920729978,"graham_size,graham_pe,graham_pe_times_pb",1276575488.0,29.741665,6.6835203,4.899,0.02711,0.2393,0.5920984993772119,0.22557780897210306,50773248.0,0.0171,4.0
RRC,False,71.82870616851062,graham_current_ratio,8681427968.0,10.262708,1.8435391,0.649,0.21589,0.19475001,0.52119,0.36101002,454483360.0,0.0108,4.0
TER,False,71.78953307588867,"graham_pe,graham_pe_times_pb",63128051712.0,55.38889,18.381437,2.125,0.02883,0.36465,0.582235431457569,0.20377620983415798,437381248.0,0.0013,4.0
ULS,False,71.65364752295599,"graham_current_ratio,graham_pe,graham_pe_times_pb",13315259392.0,26.637096,8.362025,1.425,0.29383,0.38712,0.50413,0.17097936455944973,420500000.0,0.0089,4.0
ACGL,False,71.58950465476191,graham_current_ratio,31818708992.0,7.301252,1.3658186,0.589,0.17836,0.19936001,0.38758,0.26584998,4302125056.0,,4.0
RELY,False,71.56441579195977,"graham_earnings_stability,graham_pe_times_pb",4515220480.0,15.345324,4.0063863,3.181,0.03396,0.32246,0.61548,0.04737678019162803,196120992.0,,1.0
PGR,False,71.52014523809524,"graham_current_ratio,graham_pe_times_pb,munger_gross_margin",120891514880.0,10.445837,3.524783,0.293,0.24428,0.34943,0.18521,0.18208,15114500096.0,0.0019,4.0
AMAT,False,71.33022255773226,"graham_pe,graham_pe_times_pb",408393154560.0,44.47796,15.936638,2.423,0.28666,0.41068,0.4867456288776086,0.2921954314720812,3075375104.0,0.0040999999999999995,4.0
RRR,False,71.29822331278558,"graham_current_ratio,graham_debt_to_equity,graham_pe_times_pb",5048392704.0,17.491167,16.756939,0.677,12.456679999999999,1.08938,0.67221,0.2970082272631685,173044752.0,0.0213,4.0
AAMI,False,71.2677244479573,"graham_current_ratio,graham_debt_to_equity,graham_pe,graham_pe_times_pb",3281239808.0,32.669613,35.66937,1.048,1.9331800000000001,1.0676999,0.40853,0.23434450949086394,231087504.0,0.0043,4.0
LYFT,False,71.26263333333334,"graham_current_ratio,graham_earnings_stability",5702708736.0,2.1928675,1.8892651,0.586,0.42738,1.52579,0.3802,-0.02982365674882656,1153134464.0,,2.0
YELP,False,71.17099803585032,graham_size,1006590080.0,8.961352,1.5823594,1.749,0.19131,0.18190001,0.89647,0.12595677000317415,283744640.0,,4.0
HALO,False,71.07637842708961,"graham_debt_to_equity,graham_pe,graham_pe_times_pb",12615870464.0,32.59677,88.28833,2.709,15.17687,1.73674,0.76271003,0.3358172032154981,337308640.0,,4.0
PCTY,False,71.05429429974325,"graham_current_ratio,graham_pe,graham_pe_times_pb",7580248064.0,29.038616,6.476134,1.089,0.10887000000000001,0.21972999,0.691855705838451,0.2179118919950365,359865120.0,,4.0
CROX,False,71.03036610579585,"graham_current_ratio,graham_debt_to_equity,graham_earnings_stability,graham_pe_times_pb",5636902400.0,10.43212,4.0871167,1.49,1.21993,0.42299998,0.5833360350458726,0.037002737432891314,533888736.0,,0.0
KTB,False,71.01518405130452,"graham_debt_to_equity,graham_pe_times_pb",3480615936.0,13.023518,5.626878,1.831,2.05768,0.49523997,0.49308997,0.10683987341932766,440592512.0,0.033,4.0
GGG,False,70.82514352189989,"graham_pe,graham_pe_times_pb",12481780736.0,24.23585,4.9476795,2.992,0.0207,0.21240999,0.5245376472544984,0.27935074783019254,536623264.0,0.0151,4.0
FDS,False,70.79049549156221,"graham_current_ratio,graham_pe_times_pb",9604297728.0,17.789526,4.7539787,0.683,0.7728400000000001,0.27032,0.51382,0.3223015589977896,621161344.0,0.0178,4.0
UNP,False,70.7890452728929,"graham_current_ratio,graham_debt_to_equity,graham_pe,graham_pe_times_pb",162663809024.0,22.188816,7.866747,0.986,1.50772,0.39696,0.56285,0.40171358629130965,4720750080.0,0.0207,4.0
ORI,False,70.77869242857142,graham_current_ratio,9050113024.0,8.220395,1.4803919,0.294,0.37518,0.18571,0.63918,0.17448999,1418687488.0,0.0331,4.0
DOCU,False,70.72875563973999,"graham_current_ratio,graham_earnings_stability,graham_pe,graham_pe_times_pb",12621521920.0,41.17683,7.394065,0.643,0.10654,0.17803,0.7940481441217581,0.09274079826059947,1312730880.0,,3.0
MORN,False,70.63509924456233,"graham_current_ratio,graham_debt_to_equity,graham_pe_times_pb",7137332224.0,18.08555,6.971529,1.056,1.86052,0.3196,0.62240005,0.21533428746677571,497800000.0,0.010700000000000001,4.0
LNTH,False,70.49476058913537,"graham_pe,graham_pe_times_pb",6512291328.0,23.858612,4.9618883,3.06,0.47642,0.22215,0.6110187472958448,0.2016282987450125,451656000.0,,4.0
AON,False,70.44626096981737,"graham_current_ratio,graham_debt_to_equity,graham_pe_times_pb",58832990208.0,15.607766,6.126033,1.033,1.6348099999999999,0.44699,0.48154,0.2528374367033351,3190874880.0,0.011899999999999999,4.0
MNST,False,70.36457211513553,"graham_pe,graham_pe_times_pb",82113658880.0,38.810184,8.768828,3.729,0.00992,0.25704,0.5584764218214752,0.29168723791625206,1681231104.0,,4.0
IPAR,False,70.29468461827855,"graham_pe,graham_pe_times_pb",3573116160.0,21.332695,4.1048565,3.31,0.1512,0.19105,0.6367746831600516,0.19077331714350762,215215008.0,0.0278,4.0
ADP,False,70.26612494544334,"graham_current_ratio,graham_pe,graham_pe_times_pb",103128432640.0,23.789764,17.166414,1.051,0.9143600000000001,0.72239,0.48653,0.23459,5243049984.0,0.026000000000000002,4.0
LTC,False,70.13949999999998,"graham_pe_times_pb,munger_roe",2319556352.0,15.367857,2.1918297,20.833,0.581,0.11806,0.60456,0.7788658342654097,256029248.0,0.0529,4.0
ACAD,False,70.12419641378831,graham_earnings_stability,3451259136.0,9.038116,2.655118,3.388,0.05652,0.35743,0.9426818843203196,0.09781662241426778,68647000.0,,2.0
MU,False,70.09395897172544,"graham_earnings_stability,graham_pe,graham_pe_times_pb",1210539966464.0,24.249998,12.0142355,3.425,0.0633,0.66638,0.39790786023864305,0.2613837016426775,7639499776.0,0.0005,2.0
AMGN,False,70.05498719283972,"graham_current_ratio,graham_debt_to_equity,graham_pe,graham_pe_times_pb",228325097472.0,26.231676,19.534225,1.371,4.90281,0.91473,0.71891,0.24706810699028597,8645624832.0,0.023799999999999998,4.0
NBIX,False,69.9999297111526,"graham_pe,graham_pe_times_pb",14463154176.0,20.8019,3.9138749,1.872,0.12497,0.22089,0.6448,0.2164306939346268,638237504.0,,4.0
AMT,False,69.99883117084664,"graham_current_ratio,graham_debt_to_equity,graham_pe,graham_pe_times_pb",76333580288.0,22.56474,20.521109,0.352,4.38721,0.33914003,0.73774004,0.45523551847885313,2920012544.0,0.042800000000000005,4.0
OXY,False,69.90962891793806,"graham_current_ratio,munger_roe",55334928384.0,16.328907,1.6539185,1.411,0.34511000000000003,0.10629,0.73318,0.45443,3788124928.0,0.0204,4.0
MMM,False,69.76054123489176,"graham_current_ratio,graham_debt_to_equity,graham_earnings_stability,graham_pe,graham_pe_times_pb",85019418624.0,29.281527,28.800663,1.24,4.37937,0.81891996,0.39408,0.18554593554593554,6350125056.0,0.018500000000000003,2.0
WU,False,69.71037242604513,"graham_size,graham_current_ratio,graham_debt_to_equity",1846323584.0,4.774194,2.032967,0.277,2.94873,0.43975,0.35094002,0.18695534105216383,357275008.0,0.1575,4.0
RH,False,69.66062522608344,"graham_current_ratio,graham_debt_to_equity,graham_pe,graham_pe_times_pb",2308898816.0,21.545937,19.183577,1.122,34.139160000000004,2.80715,0.4136117308929353,0.1370499090252195,263892880.0,,4.0
CL,False,69.6018301975258,"graham_current_ratio,graham_debt_to_equity,graham_pe,graham_pe_times_pb",68345610240.0,33.753937,289.64526,1.026,13.88163,2.67367,0.6010695711902659,0.162201942890786,3458374912.0,0.0245,4.0
RAMP,False,69.5018699650111,"graham_earnings_stability,graham_pe_times_pb",2281635584.0,15.702928,2.3342457,2.657,0.03388,0.16055,0.70709154427141,0.10267178389549045,169467120.0,,1.0
VRTX,False,69.34568622051644,"graham_earnings_stability,graham_pe,graham_pe_times_pb",133220605952.0,30.577906,6.5807486,3.185,0.09766999999999999,0.23542999,0.54957,0.3477373284560839,2627887616.0,,1.0
CTAS,False,69.18542416010538,"graham_current_ratio,graham_pe,graham_pe_times_pb",78127546368.0,38.571003,15.224211,1.454,0.52096,0.41375,0.5066945494893322,0.2313863560886911,1623005312.0,0.0105,4.0
ENR,False,69.05336295391143,"graham_size,graham_debt_to_equity,graham_earnings_stability,graham_pe_times_pb",1475261312.0,18.105042,7.2615438,2.072,16.88484,0.42183998,0.4174823043316287,0.11987001,194475008.0,0.055,3.0
THC,False,68.94478937624858,"graham_current_ratio,graham_debt_to_equity,graham_pe_times_pb",20714317824.0,9.955883,4.4464035,1.406,1.5227600000000001,0.37337002,0.41661,0.1646175504458001,2247875072.0,,4.0
CHTR,False,68.89784649769963,"graham_current_ratio,graham_debt_to_equity",14534457344.0,2.9109838,0.78692955,0.361,4.41578,0.27201998,0.55189997,0.23565925439076935,2198374912.0,,4.0
KRYS,False,68.83350284812592,"graham_earnings_stability,graham_pe,graham_pe_times_pb",9883643904.0,41.897118,7.271302,8.318,0.00651,0.20124,0.94639,0.41450158044869323,151739744.0,,3.0
META,False,68.82166986046397,"graham_pe,graham_pe_times_pb",1867589484544.0,26.745895,7.150849,2.226,0.42997,0.29848,0.81747,0.41437855159579234,21553625088.0,0.0028000000000000004,4.0
PATH,False,68.64188030970224,"graham_earnings_stability,graham_pe_times_pb",6689029632.0,19.156715,3.4318182,2.387,0.04093,0.20027,0.8317467334586718,0.0352421375759668,474257632.0,,1.0
NTAP,False,68.5271099751549,"graham_current_ratio,graham_debt_to_equity,graham_pe,graham_pe_times_pb",41689935872.0,30.021215,27.825119,1.242,1.69498,1.14818,0.7854737854737854,0.2683982683982684,1171374976.0,0.009899999999999999,4.0
CNS,False,68.28879649125885,"graham_pe,graham_pe_times_pb",3774340608.0,22.584616,6.40321,6.638,0.19326000000000002,0.27329,0.47300997,0.22233683245387523,156940496.0,0.036699999999999997,4.0
TRV,False,68.0959081006424,graham_current_ratio,74473799680.0,9.600968,2.2488003,0.323,0.27378,0.26511,0.34730998,0.13398837123721205,14775124992.0,0.0138,4.0
AAPL,False,68.06937065171496,"graham_current_ratio,graham_pe,graham_pe_times_pb",4897076936704.0,38.436428,45.59103,1.003,0.78445,1.4875101,0.4690516410716045,0.31970799762591884,107721875456.0,0.0033,4.0
KLAC,False,68.02095652625204,"graham_pe,graham_pe_times_pb",257014513664.0,51.964382,40.540348,2.876,0.9688,0.87496,0.61301,0.42486,2624587520.0,0.004699999999999999,4.0
CDE,False,67.98484709550513,"graham_earnings_stability,munger_roe",18168750080.0,14.85294,1.7463688,3.654,0.06851,0.12848,0.56329,0.3415313850461276,796743616.0,0.0022,2.0
WEN,False,67.79864834554023,"graham_size,graham_debt_to_equity,graham_pe_times_pb",1225054336.0,9.734848,10.584844,1.897,33.806149999999995,1.08042,0.33111,0.15777179472927216,173339744.0,0.042800000000000005,4.0
STZ,False,67.71403994653996,"graham_current_ratio,graham_debt_to_equity,graham_earnings_stability",19325657088.0,10.775714,2.3499906,0.913,1.23205,0.2369,0.5155378050114893,0.29777875041032936,2210487552.0,0.0365,1.0
LLY,False,67.66318834384968,"graham_current_ratio,graham_debt_to_equity,graham_pe,graham_pe_times_pb",1038783086592.0,39.199295,30.666677,1.355,1.6207099999999999,1.02286,0.83399004,0.54222,11065900032.0,0.0058,4.0
IIPR,False,67.61756041504128,"graham_size,munger_roe",1467622784.0,12.042986,0.85197985,4.581,0.32892000000000005,0.073850006,0.88355005,0.46670301366772576,99872376.0,0.1394,4.0
GFF,False,67.50340136594336,"graham_debt_to_equity,graham_earnings_stability,graham_pe_times_pb",4267668224.0,19.670147,33.176056,2.411,10.351759999999999,2.27544,0.4198555830607724,0.08185835615807766,444938752.0,0.009300000000000001,3.0
RMBS,False,67.48116027520736,"graham_earnings_stability,graham_pe,graham_pe_times_pb",11593364480.0,49.178898,7.9285607,9.754,0.014870000000000001,0.17789,0.80357003,0.36671,202302368.0,,3.0
CME,False,67.37119138585645,"graham_current_ratio,graham_pe,graham_pe_times_pb",94353596416.0,22.25615,3.5547848,1.018,0.14587,0.15802,1.0,0.6486366285311168,2909012480.0,0.019799999999999998,4.0
WSM,False,67.35011706487307,"graham_current_ratio,graham_pe,graham_pe_times_pb",27004790784.0,23.518461,14.439861,1.447,0.71369,0.54960996,0.46152631239163316,0.1813443534470391,1069320128.0,0.0132,4.0
DVA,False,67.20763329511857,"graham_current_ratio,graham_debt_to_equity,graham_pe_times_pb",11335263232.0,14.953683,-14.762434,1.467,12.419860000000002,0.88475,0.32364,0.1497914435527666,1042451584.0,,4.0
EBAY,False,67.10077266994476,"graham_current_ratio,graham_debt_to_equity,graham_earnings_stability,graham_pe,graham_pe_times_pb",47526002688.0,22.436974,10.187923,1.019,1.53012,0.46611,0.7145045045045045,0.20513513513513512,1579624960.0,0.0118,3.0
WRB,False,67.04367670238096,"graham_current_ratio,graham_pe_times_pb",25128392704.0,13.927983,2.7110703,0.406,0.31527,0.20207001,0.43785998,0.16385001,3045504768.0,0.0059,4.0
IBM,False,66.88770575687933,"graham_current_ratio,graham_debt_to_equity,graham_pe_times_pb",206982217728.0,19.5111,6.0078483,0.791,1.8897,0.34460998,0.5818760642629748,0.16548,12049750016.0,0.030699999999999998,4.0
FAST,False,66.79853384338026,"graham_pe,graham_pe_times_pb",56990470144.0,42.44872,14.005922,4.18,0.10851000000000001,0.34334,0.45011889518931775,0.2019023230290836,916124992.0,0.0192,4.0
LAUR,False,66.74628071068543,"graham_current_ratio,graham_pe_times_pb",5278555648.0,17.339367,4.624668,0.712,0.643,0.29318002,0.36800998,0.2533018396761324,343739264.0,,4.0
TXN,False,66.7198916561377,"graham_pe,graham_pe_times_pb",257882882048.0,42.849773,14.317295,4.857,0.78036,0.35176,0.5702409229725144,0.3406288881348264,3545250048.0,0.0216,4.0
BRO,False,66.68133333333333,"graham_current_ratio,graham_pe_times_pb,munger_roe",20337616896.0,19.41853,1.5940204,1.127,0.63975,0.10023,0.56281,0.41838002,1642749952.0,0.0109,4.0
AOS,False,66.64819074911843,graham_pe_times_pb,7708734464.0,15.799443,4.18536,1.594,0.36766,0.27133,0.38833481280350896,0.1902250535220093,484612512.0,0.0248,4.0
FFIV,False,66.59861101725183,"graham_pe,graham_pe_times_pb",25329905664.0,35.670654,6.5925336,1.665,0.06546,0.1983,0.8141306290785966,0.2480346960822157,717135488.0,,4.0
ACN,False,66.51024594573292,"graham_current_ratio,graham_pe_times_pb",112028237824.0,14.622205,3.512404,1.339,0.25035,0.24406,0.32013,0.14676657206710142,12089380864.0,0.0368,4.0
WLY,False,66.50685612783425,"graham_current_ratio,graham_debt_to_equity,graham_earnings_stability,graham_pe_times_pb",2445499648.0,13.005391,3.070315,0.636,1.7253100000000001,0.25906,0.6779290868250905,0.16513830964946605,275353632.0,0.03,2.0
MC,False,66.48103657142858,"data_missing:free_cash_flow,graham_current_ratio,graham_earnings_stability,graham_pe,graham_pe_times_pb",4286691072.0,20.162022,8.474664,1.167,0.40954999999999997,0.41454,0.92286,0.17790002,,0.044800000000000006,2.0
CVSA,False,66.47945227482137,"graham_current_ratio,graham_pe_times_pb",4169414912.0,16.353806,2.8825245,1.093,0.62613,0.18569,0.57338,0.1961920796690011,323942752.0,,4.0
PLMR,False,66.45355714285714,"graham_current_ratio,graham_pe_times_pb,munger_gross_margin",3246417920.0,16.579973,3.2930672,0.541,0.30152,0.22226,0.27354,0.23774,569934144.0,0.0146,4.0
SM,False,66.4115373358094,graham_current_ratio,8051359744.0,6.001773,1.0289379,0.615,0.95136,0.16125,0.86457,0.31705770450221943,1472082944.0,0.026600000000000002,4.0
GRMN,False,66.40516926528608,"graham_pe,graham_pe_times_pb",55648657408.0,29.778122,6.165071,3.028,0.02513,0.21886998,0.5874393538958355,0.25892913951367735,1043656256.0,0.014499999999999999,4.0
SEIC,False,66.37089557345436,graham_pe_times_pb,12401582080.0,18.223986,4.9594436,5.059,0.02383,0.27587998,0.3517631598763984,0.2730548394019103,377482240.0,0.0101,4.0
OLED,False,66.32675699075031,"graham_pe_times_pb,munger_roe",3546801152.0,18.637682,2.1183255,8.498,0.01288,0.115159996,0.7631057575110166,0.38206854787269195,111837128.0,0.0263,4.0
SNA,False,66.16889700980641,graham_pe_times_pb,18846777344.0,18.589285,3.1192749,3.433,0.21594999999999998,0.17932,0.4561907856910732,0.2575008242664029,1109474944.0,0.026600000000000002,4.0
JKHY,False,66.14067989143115,"graham_current_ratio,graham_pe,graham_pe_times_pb",10090606592.0,20.648495,4.914629,1.167,0.03793,0.24040002,0.4276959885180597,0.24958663134118528,352223744.0,0.0167,4.0
UBER,False,66.11770018272458,"graham_current_ratio,graham_earnings_stability,graham_pe_times_pb",140844744704.0,15.121711,5.149739,0.843,0.51872,0.3716,0.40752,0.10698425514735567,7244749824.0,,3.0
AFL,False,65.9470223540827,graham_current_ratio,56250716160.0,12.103559,1.8590932,0.892,0.5336500000000001,0.16908,0.50888,0.21718913270637408,5152249856.0,0.0215,4.0
SPGI,False,65.9069449114724,"graham_current_ratio,graham_pe,graham_pe_times_pb,munger_roe",116787970048.0,24.11199,3.707454,0.954,0.42979999999999996,0.14255,0.70903,0.42240479916536255,5448249856.0,0.009899999999999999,4.0
CPRT,False,65.88686538675206,graham_pe_times_pb,25386086400.0,17.680647,2.7927241,7.912,0.0097,0.1616,0.4898,0.3236122379471616,885121728.0,,4.0
EXE,False,65.88192456874722,"graham_current_ratio,graham_earnings_stability,munger_roe",20175364096.0,7.2702584,1.0182313,0.959,0.19207000000000002,0.14893,0.47069,0.203810623556582,1466249984.0,0.0273,1.0
USLM,False,65.87087775669656,"graham_pe,graham_pe_times_pb",3258998016.0,24.325481,4.9166846,27.543,0.0046700000000000005,0.21354,0.48936084587378964,0.423524456237407,47104248.0,0.0022,4.0
PJT,False,65.82422857142858,"data_missing:free_cash_flow,graham_pe_times_pb",6099919360.0,19.509537,11.741554,1.706,0.42652999999999996,0.37633,0.95252,0.20994,,0.0069,4.0
KO,False,65.8177895435005,"graham_current_ratio,graham_debt_to_equity,graham_pe,graham_pe_times_pb",371159400448.0,26.14091,10.26842,1.305,1.1551900000000002,0.42054,0.6162574831563797,0.28706117936630443,5218749952.0,0.024399999999999998,4.0
ODFL,False,65.79131355331049,"graham_pe,graham_pe_times_pb",36237643776.0,33.607693,7.9733553,1.889,0.0044,0.24818,0.39566,0.28835,970776000.0,0.006500000000000001,4.0
GNTX,True,65.77998987429827,,4654062592.0,11.563492,1.8142953,3.038,0.00441,0.16354999,0.3419956413347784,0.18701083450311676,356785760.0,0.0217,4.0
WDFC,False,65.68923202328068,"graham_pe,graham_pe_times_pb",2705894400.0,30.594082,9.720133,2.654,0.41048,0.33306,0.5505665459648217,0.16741211480922927,68620496.0,0.020099999999999996,4.0
NXPI,False,65.66953684801788,"graham_pe,graham_pe_times_pb",59899076608.0,20.250639,5.2568216,2.04,0.93325,0.27921,0.5473958757844976,0.24834949873665335,3555000064.0,0.0172,4.0
MAS,False,65.6504148532494,"data_missing:debt_to_equity,graham_pe_times_pb",13375223808.0,15.73782,-36.645058,1.865,,58.625,0.3542713567839196,0.16503570483998942,897124992.0,0.0187,4.0
AWI,False,65.57475552211223,"graham_pe,graham_pe_times_pb",6893066752.0,22.311903,7.806816,1.519,0.65589,0.36618,0.40640424481737414,0.2658563672260612,220824992.0,0.0083,4.0
SSD,False,65.40387880749901,graham_pe_times_pb,7051414528.0,18.84447,3.3158596,3.288,0.21084,0.18722,0.4585053720666253,0.1963577799801784,446386496.0,0.0069,4.0
FIX,False,65.38825197990576,"graham_current_ratio,graham_pe,graham_pe_times_pb,munger_gross_margin",58430652416.0,40.70187,18.134672,1.214,0.11498,0.55292,0.2412640753464128,0.14443428388353266,1841915392.0,0.0022,4.0
ROL,False,65.34352742963105,"graham_current_ratio,graham_pe,graham_pe_times_pb",14653283328.0,27.686363,10.250757,0.629,0.78015,0.37008998,0.52366,0.19304928145065872,501737504.0,0.0239,4.0
ENS,False,65.27605,"graham_pe_times_pb,munger_gross_margin",6621935616.0,19.700644,3.3843915,2.795,0.56108,0.18363,0.2976,0.8800231347599768,614659776.0,0.0063,4.0
UPWK,False,65.24547873151597,"graham_size,graham_current_ratio,graham_earnings_stability",1022958528.0,10.5,1.8135518,1.424,0.6206900000000001,0.16695,0.77817269708448,0.16414017040203913,156381744.0,,3.0
MKTX,False,65.21374999999999,"graham_pe_times_pb,munger_fcf",5771812352.0,19.38357,4.658003,7.465,0.14275000000000002,0.2314,0.61662996,0.40393586901548917,-457790016.0,0.019,4.0
TRNO,False,65.06753247830171,"graham_current_ratio,munger_roe",7058552320.0,17.412634,1.5742722,0.62,0.21396,0.0928,0.76206,0.41769,319524640.0,0.0344,4.0
VIRT,False,65.0,"data_missing:free_cash_flow,graham_current_ratio,graham_debt_to_equity",4896272896.0,9.210963,2.619149,1.108,4.15015,0.53617,0.65787005,0.36321,,0.0179,4.0
EPAC,False,64.98402721008493,"graham_size,graham_pe,graham_pe_times_pb",1817154432.0,20.03125,4.251176,2.67,0.43579999999999997,0.21645,0.5054782063190246,0.2163579451417493,102963752.0,0.0011,4.0
NTCT,False,64.875247581437,"graham_earnings_stability,graham_pe,graham_pe_times_pb,munger_roe",2962822912.0,24.84756,1.7814207,1.825,0.02404,0.0754,0.7940759666869114,0.12778045380822403,226413504.0,,1.0
MSI,False,64.87419094982108,"graham_current_ratio,graham_debt_to_equity,graham_pe,graham_pe_times_pb",73931046912.0,35.25888,27.669867,1.099,3.5785,0.91567004,0.5166067454203047,0.25577812018489987,1979000064.0,0.0108,4.0
JNJ,False,64.76551145871298,"graham_current_ratio,graham_pe,graham_pe_times_pb",639068930048.0,30.763922,7.5157294,1.089,0.57709,0.25742,0.6787871710212011,0.2919,16885125120.0,0.02,4.0
RL,False,64.7064939027084,"graham_debt_to_equity,graham_pe,graham_pe_times_pb",21308098560.0,22.548866,7.831661,2.045,1.10373,0.37537,0.6986505638055333,0.14532010598311665,880087488.0,0.011200000000000002,4.0
DLB,False,64.6872314282976,"graham_pe,graham_pe_times_pb,munger_roe",5539478528.0,25.273077,2.1435716,3.185,0.0183,0.08758,0.8813072127963947,0.19639248997502093,331846016.0,0.024900000000000002,4.0
OGN,False,64.67887312312313,"graham_debt_to_equity,graham_pe_times_pb",3609566720.0,17.621796,3.587836,1.954,8.50199,0.24037,0.532979407979408,0.20732,490750016.0,0.0058,4.0
FAF,False,64.64292142857143,"graham_current_ratio,munger_roe",6239330816.0,8.475728,1.1089537,0.396,0.49421,0.13846,0.63984,0.15567,2337762560.0,0.0381,4.0
VEEV,False,64.6289503374289,"graham_pe,graham_pe_times_pb,munger_roe",46066302976.0,46.64262,6.3469257,5.458,0.020409999999999998,0.14425,0.7552604425672493,0.2867855429408906,1257709824.0,,4.0
PEP,False,64.56892184902405,"graham_current_ratio,graham_debt_to_equity,graham_pe_times_pb",173686898688.0,16.664482,7.859925,0.934,2.3894900000000003,0.51508,0.541485227575193,0.12241682193239287,7831875072.0,0.046,4.0
PG,False,64.52516356065863,"graham_current_ratio,graham_pe,graham_pe_times_pb",338832621568.0,22.019638,6.352464,0.677,0.6448999999999999,0.30290002,0.50873,0.22690504641970768,13280874496.0,0.0294,4.0
BF-B,False,64.48830448548887,graham_pe_times_pb,12070424576.0,16.970968,3.0399861,3.263,0.61502,0.18122,0.6053971486761711,0.25483706720977595,685625024.0,0.0351,4.0
VNT,False,64.45166192360574,"graham_current_ratio,graham_debt_to_equity,graham_pe_times_pb",4275024128.0,13.120332,3.5396845,1.252,1.6099199999999998,0.289,0.44853033538500187,0.18259851736246585,347624992.0,0.0032,4.0
GEV,False,64.40169745300028,"graham_current_ratio,graham_earnings_stability,graham_pe,graham_pe_times_pb,munger_gross_margin",253650780160.0,27.335821,21.213497,0.85,0.28364,0.82577,0.19793527372071032,0.03646106966481034,15722125312.0,0.0021,2.0
EVR,False,64.36697857142858,"data_missing:free_cash_flow,graham_pe_times_pb",9959410688.0,14.581644,5.3582587,1.827,0.50183,0.39504,0.93934995,0.16955,,0.0138,4.0
VLTO,False,64.35722498789073,"graham_debt_to_equity,graham_pe,graham_pe_times_pb",23206688768.0,23.977331,7.505914,1.775,1.15978,0.34312,0.599491186625477,0.2320552425949482,807124992.0,0.0054,4.0
GMED,False,64.23698213640805,"graham_pe_times_pb,munger_roe",10089783296.0,19.21995,2.1157095,4.622,0.02347,0.118140005,0.650505331289736,0.1632620840707046,554194880.0,,4.0
ITW,False,64.22853502516811,"graham_current_ratio,graham_debt_to_equity,graham_pe,graham_pe_times_pb",73763201024.0,23.481415,25.48711,1.109,3.3485300000000002,1.04618,0.44162,0.26277736225380205,2432999936.0,0.0258,4.0
ROP,False,64.20676117196723,"graham_current_ratio,munger_roe",34614317056.0,14.576842,1.8509861,0.553,0.60531,0.13066,0.6924391015501423,0.28287250869977854,2265687552.0,0.0104,4.0
FCPT,False,63.990276359347654,"graham_current_ratio,graham_pe_times_pb,munger_roe",2384301312.0,19.75,2.0959961,0.252,0.77616,0.07646,0.85603994,0.55078,189772992.0,0.0689,4.0
PYPL,False,63.93821632933111,graham_current_ratio,45522223104.0,9.982987,2.296786,1.288,0.7175100000000001,0.24497,0.40477002,0.1828349210177258,4423124992.0,0.0104,4.0
HAS,False,63.913198354476194,"graham_debt_to_equity,graham_earnings_stability,graham_pe_times_pb",12444353536.0,15.699289,17.674278,1.661,5.310420000000001,1.5956,0.63822,0.0020686184982947873,688150016.0,0.0317,0.0
MLI,False,63.88517917399299,"graham_pe_times_pb,munger_gross_margin",13361567744.0,15.731771,3.7662094,4.775,0.0069099999999999995,0.26325,0.28776,0.22939600775101968,524939744.0,0.0115,4.0
LRN,True,63.859380969650005,,3245823744.0,10.938375,1.9653238,5.941,0.33448,0.21735,0.37750969885400826,0.17901211279541843,224867120.0,,4.0
ADT,False,63.847564750945416,"graham_current_ratio,graham_debt_to_equity",4460064256.0,8.479166,1.2879747,0.69,2.23863,0.17212999,0.80657,0.2552156950220596,1197478400.0,0.0358,4.0
IESC,False,63.84552350028241,"graham_pe,graham_pe_times_pb,munger_gross_margin",12853999616.0,28.6984,10.456756,1.63,0.062329999999999997,0.44522998,0.25493256943266257,0.1137572713132677,329443360.0,,4.0
FTI,False,63.71839881284507,"graham_current_ratio,graham_earnings_stability,graham_pe,graham_pe_times_pb,munger_gross_margin",26722316288.0,23.825386,8.181126,1.08,0.37898000000000004,0.35814,0.22966999,0.1445844995268107,1463362560.0,0.0029,3.0
NTNX,False,63.633515421961064,"graham_debt_to_equity,graham_earnings_stability,graham_pe_times_pb",19113076736.0,13.404175,27.200617,1.798,2.16559,374.6021,0.8679715932287734,0.09601040109758213,727732992.0,,2.0
BRX,False,63.609304865411296,"graham_current_ratio,graham_debt_to_equity,graham_pe_times_pb,munger_roe",8471210496.0,19.717857,2.803392,0.596,1.76202,0.14413,0.7515,0.36018002,603135104.0,0.0441,4.0
BCO,False,63.579750413630066,"graham_debt_to_equity,graham_pe,graham_pe_times_pb,munger_gross_margin",4177040640.0,23.474537,13.456742,1.62,10.29747,0.46236,0.26431,0.11128639854025697,391237504.0,0.009899999999999999,4.0
EXPD,False,63.52429120059011,"graham_pe,graham_pe_times_pb",23983269888.0,26.895042,11.322492,1.566,0.26745,0.4267,0.30441130700417124,0.09508945200062625,797562240.0,0.0086,4.0
LPG,False,63.417049999999996,munger_fcf,2361604096.0,7.3209553,1.9099025,3.256,0.5226299999999999,0.28342,0.72923,0.4364913851793309,-119725848.0,0.061799999999999994,4.0
BR,False,63.34128711271819,"graham_current_ratio,graham_debt_to_equity,graham_pe_times_pb,munger_gross_margin",18222628864.0,16.830553,6.477706,1.236,1.23939,0.40916002,0.28495904840098524,0.1739514230686925,1194499968.0,0.0271,4.0
BX,False,63.3027515,"data_missing:free_cash_flow,graham_current_ratio,graham_pe,graham_pe_times_pb",134076547072.0,25.206741,9.9538555,0.872,0.6818500000000001,0.31374002,1.0,0.54357,,0.045899999999999996,4.0
CSCO,False,63.16378842347101,"graham_current_ratio,graham_pe,graham_pe_times_pb",425109422080.0,32.37988,8.461508,0.931,0.62017,0.27319,0.645242795104619,0.24268456375838926,11182624768.0,0.015700000000000002,4.0
NATL,False,63.15336647199072,"graham_current_ratio,graham_debt_to_equity,graham_earnings_stability,graham_pe_times_pb,munger_gross_margin",3347353856.0,17.557209,7.2049623,1.026,6.342670000000001,0.48529,0.25345,0.10978410656867249,477875008.0,,2.0
CRM,False,63.13401266448784,"graham_current_ratio,graham_debt_to_equity,graham_pe,graham_pe_times_pb",189162438656.0,21.02882,4.9289117,0.839,1.10417,0.19381,0.7767609873570138,0.20062612883804937,17731874816.0,0.0078000000000000005,4.0
ORCL,False,63.110950394380474,"graham_current_ratio,graham_debt_to_equity,graham_pe,graham_pe_times_pb,munger_fcf",418180431872.0,21.621473,10.578605,1.171,2.51716,0.41192,0.6166874031942716,0.30592217586887777,-45853626368.0,0.014499999999999999,4.0
CDNS,False,63.08843861319529,"graham_pe,graham_pe_times_pb",91595735040.0,66.15339,13.335876,1.743,0.38661,0.23229,0.85871005,0.28168961434718853,1609676544.0,,4.0
EPR,False,63.03587984670559,"graham_debt_to_equity,graham_pe_times_pb,munger_roe",4319211008.0,18.070515,1.8689296,1.666,1.52233,0.113170005,0.91873,0.576734130801259,337729984.0,0.065,4.0
OHI,False,63.027805878008856,"graham_current_ratio,graham_pe_times_pb",14656417792.0,16.537367,2.5785153,0.444,0.7147100000000001,0.16529,0.97924006,0.5940215109331094,665501376.0,0.0584,4.0
CSL,False,62.866818502706344,"graham_debt_to_equity,graham_pe_times_pb",12835210240.0,18.342224,7.935327,2.6,1.78698,0.39183,0.3562754801717936,0.19970517340982888,669737472.0,0.0154,4.0
COLL,False,62.85486731732921,"graham_size,graham_current_ratio,graham_debt_to_equity,graham_earnings_stability,graham_pe_times_pb",682757184.0,17.34252,2.294749,1.031,3.90461,0.17612,0.5934878107836995,0.23013527346147095,324038496.0,,3.0
SPSC,False,62.70770519174097,"graham_pe,graham_pe_times_pb,munger_roe",2969474560.0,39.65625,3.181187,2.259,0.00672,0.08262,0.6917798284775217,0.15742144097510993,176569376.0,,4.0
MPWR,False,62.676685715782654,"graham_pe,graham_pe_times_pb",66052120576.0,81.90615,16.955935,4.975,0.00486,0.21979,0.551787716644466,0.26111689868942706,444316128.0,0.0059,4.0
SOLV,False,62.61199837767355,"graham_current_ratio,graham_debt_to_equity,graham_pe_times_pb",15108206592.0,10.850244,3.1455557,1.021,1.10313,0.33960998,0.5346546546546547,0.26198198198198197,489000000.0,,4.0
LZ,False,62.50084286299341,"graham_size,graham_current_ratio,graham_earnings_stability,graham_pe,graham_pe_times_pb,munger_roe",964220928.0,62.555553,7.417655,0.667,0.11903000000000001,0.104940005,0.6588024755205723,0.03303515805317952,124770128.0,,3.0
PSA,False,62.47857283866177,"graham_current_ratio,graham_debt_to_equity,graham_pe,graham_pe_times_pb",52897882112.0,27.013361,10.271761,0.22,1.09632,0.21929,0.730038488535881,0.5333060024103176,2334240256.0,0.042,4.0
COP,False,62.42750519261682,"graham_pe_times_pb,munger_roe",150503555072.0,16.571428,2.3030682,1.542,0.35639000000000004,0.1418,0.47574002,0.3151,7691375104.0,0.0268,4.0
THG,False,62.42703641964611,"graham_current_ratio,munger_gross_margin",7489481216.0,10.301246,2.0440183,0.36,0.22982,0.21885,0.25191,0.1414836831250758,1081224960.0,0.0174,4.0
SKT,False,62.38105873935835,"graham_current_ratio,graham_debt_to_equity,graham_pe,graham_pe_times_pb",4114523648.0,31.577978,5.8667116,0.743,2.7831099999999998,0.19399999,0.73124003,0.32639998,227820992.0,0.0359,4.0
ANET,False,62.37863958225023,"data_missing:debt_to_equity,graham_pe,graham_pe_times_pb",257945681920.0,64.92699,17.431177,2.957,,0.31476,0.6405609780472368,0.42818437211987964,3891512576.0,,4.0
STRA,False,62.37326351590643,"graham_size,graham_current_ratio,munger_roe",1726415616.0,12.978297,1.0452156,1.096,0.06532,0.08151,0.49056,0.13738231537115012,154841120.0,0.0317,4.0
YETI,False,62.37048466051603,graham_pe_times_pb,3012977664.0,18.105263,4.9431205,1.751,0.41515,0.25320998,0.5740901496071168,0.11429365039438179,127417000.0,,4.0
ALGN,False,62.30797651145276,"graham_current_ratio,graham_pe,graham_pe_times_pb,munger_roe",10369687552.0,25.342012,2.4571178,1.395,0.02855,0.10155,0.6718803439138491,0.13525647316803818,594111360.0,,4.0
VSNT,False,62.20995946684894,munger_roe,4429087744.0,5.83945,0.54578036,2.38,0.38869,0.08063,0.56526,0.1901913875598086,1979750016.0,0.0466,4.0
BFS,False,62.16925,"graham_size,graham_current_ratio,graham_debt_to_equity,graham_pe,graham_pe_times_pb,munger_roe",1044648448.0,31.01031,6.7202864,0.624,3.41757,0.09559,0.7389690016212622,0.6738786170443999,84502376.0,0.0782,4.0
CTSH,False,62.0487555117897,munger_roe,27154929664.0,12.4533615,1.7942867,2.182,0.14479,0.14924,0.3344,0.1605552397195376,2215500032.0,0.0232,4.0
VRT,False,62.04228703299627,"graham_current_ratio,graham_pe,graham_pe_times_pb",93342302208.0,54.73025,19.617687,1.379,0.70166,0.43943,0.38039002,0.1788580533534052,2696537600.0,0.001,4.0
G,True,62.033081797757774,,5479601664.0,9.705358,2.1035995,1.996,0.54308,0.22447,0.36044401845004576,0.14768206093097888,479428736.0,0.0233,4.0
TT,False,62.02303339179617,"graham_current_ratio,graham_pe,graham_pe_times_pb",100304166912.0,33.919643,11.646825,1.073,0.5340400000000001,0.36643,0.35389,0.18607159774691748,3121687552.0,0.0092,4.0
INSP,False,61.98735617495188,"graham_earnings_stability,graham_pe_times_pb",2031243136.0,15.509933,2.4600842,8.551,0.03524,0.17965001,0.8539169127426997,0.05587177803046335,94637248.0,,2.0
SHW,False,61.98487557743584,"graham_current_ratio,graham_debt_to_equity,graham_pe,graham_pe_times_pb",78657282048.0,29.890684,20.28517,0.727,3.8995800000000003,0.65124,0.48847685827362847,0.1805360946386198,2506037504.0,0.0097,4.0
CB,False,61.93501642857143,"graham_current_ratio,munger_roe",125898113024.0,11.559692,1.6696348,0.41,0.30940999999999996,0.14822,0.31129998,0.23527001,10488000512.0,0.0123,4.0
STX,False,61.89105546788514,"graham_debt_to_equity,graham_earnings_stability,graham_pe,graham_pe_times_pb",210232786944.0,66.609146,96.759285,1.67,1.7988,3.7152898,0.45576,0.33571135711357114,1943750016.0,0.0032,3.0
STRL,False,61.80877812849281,"graham_current_ratio,graham_pe,graham_pe_times_pb,munger_gross_margin",15074327552.0,35.505043,11.110085,1.107,0.24222000000000002,0.40005,0.22984045695486313,0.1630152659646457,349384384.0,,4.0
DV,False,61.44047561091091,"graham_pe,graham_pe_times_pb,munger_roe",2090007552.0,38.528572,1.908975,4.498,0.10217999999999999,0.05389,0.82434,0.10583850400445816,162146880.0,,4.0
BAH,False,61.42014875380482,"graham_debt_to_equity,graham_pe_times_pb,munger_gross_margin",8418745344.0,10.987441,7.0039024,1.595,3.4608999999999996,0.68637,0.2242,0.09209235981100115,860875008.0,0.0339,4.0
POWL,False,61.401197651298176,"graham_pe,graham_pe_times_pb,munger_gross_margin",6784483840.0,35.67529,8.972104,1.971,0.00334,0.28252,0.293738760031078,0.19728013126653735,190403632.0,0.0019,4.0
MCRI,False,61.331824626053624,"graham_current_ratio,graham_pe_times_pb,munger_gross_margin",2073814784.0,18.573034,3.5956,1.207,0.02218,0.20544,0.23388213712451272,0.17625235127380529,131950872.0,0.0103,4.0
MSA,False,61.3288698634463,"graham_pe,graham_pe_times_pb",6889696256.0,22.212687,4.931246,3.236,0.45911,0.2366,0.4646396922574719,0.1983226069359414,316457248.0,0.012,4.0
EXPO,False,61.30216180518192,"graham_pe,graham_pe_times_pb",3135664128.0,29.57399,10.86133,1.977,0.27968,0.31204,0.36416999,0.205814636761315,76945872.0,0.019,4.0
NXT,False,61.18623361306549,"graham_pe,graham_pe_times_pb",12030651392.0,20.1817,4.6441493,2.689,0.01502,0.27224,0.32592522876110797,0.19589480219925323,324051264.0,,4.0
DFIN,False,61.130498998556526,"graham_size,graham_current_ratio,graham_pe,graham_pe_times_pb,munger_roe",1156988160.0,30.558443,3.0005102,1.326,0.5464600000000001,0.08590999,0.64206004,0.18396349413298566,132825000.0,,4.0
AM,False,61.12944435447821,"graham_current_ratio,graham_debt_to_equity,graham_pe,graham_pe_times_pb",9602654208.0,24.975307,4.9365544,0.842,1.8554499999999998,0.19822,0.79644996,0.5424561562941235,432616640.0,0.0444,4.0
EME,False,61.07487202004608,"graham_current_ratio,graham_pe,graham_pe_times_pb,munger_gross_margin",33391636480.0,23.538868,8.21061,1.277,0.13432,0.40348998,0.19327130810714582,0.10086985946775608,978281600.0,0.0021,4.0
NVR,False,61.00779252540488,"graham_pe_times_pb,munger_gross_margin",16469193728.0,16.06565,4.8806825,5.67,0.3215,0.31544,0.2184,0.13889,918313280.0,,4.0
PIPR,False,60.96836428571428,"data_missing:free_cash_flow,graham_pe_times_pb",4664945664.0,15.280092,3.248204,2.429,0.11269,0.24528,0.91817003,0.21613,,0.0124,4.0
AMG,False,60.83126178596072,graham_pe_times_pb,9498481664.0,12.887895,3.1434965,101.314,0.7609600000000001,0.24257,0.50273,0.48065075921908895,277175008.0,0.0001,4.0
BRC,False,60.82975625342745,graham_pe_times_pb,3921477888.0,19.445347,2.8886547,1.937,0.06158,0.1611,0.51748141059784,0.15857700420988646,166669376.0,0.0118,4.0
ICE,False,60.81956601518444,"graham_current_ratio,graham_pe,graham_pe_times_pb,munger_roe",85433008128.0,21.464033,2.8889816,1.012,0.69226,0.14094,1.0,0.38995253164556964,3633625088.0,0.0137,4.0
HIG,True,60.81891741666667,,33309130752.0,8.486543,1.7307286,1.772,0.22329999999999997,0.22061001,0.37868,-0.0707240207915524,5507500032.0,0.0191,4.0
VZ,False,60.773253567095374,"graham_current_ratio,graham_debt_to_equity",191597477888.0,12.009115,1.8437152,0.604,1.8408099999999998,0.15842,0.59453,0.2117286943433364,17466624000.0,0.061500000000000006,4.0
PTGX,False,60.69169483881336,"graham_earnings_stability,graham_pe,graham_pe_times_pb,munger_roe",9184046080.0,137.79611,10.907623,21.709,0.01095,0.10985,1.0,0.74372,96145752.0,,0.0
PRGS,False,60.649014169188156,"graham_size,graham_current_ratio,graham_debt_to_equity,graham_pe_times_pb",1655692544.0,19.597088,3.29551,0.809,2.6216199999999996,0.18574,0.808166237315037,0.1567653306143904,307682624.0,,4.0
GLPI,False,60.595281368250674,"data_invalid_outlier:gross_margin,graham_debt_to_equity",11434928128.0,11.163742,2.2288384,24.29,1.5571899999999999,0.19354999,1.02151,0.75337920880488,506751744.0,0.0857,4.0
ANIP,False,60.46893674758488,"graham_size,graham_debt_to_equity,graham_earnings_stability,graham_pe_times_pb",1674768512.0,15.884532,2.6164503,2.91,1.0482500000000001,0.20459,0.60403997,0.1257610095928528,132205752.0,,1.0
TGTX,False,60.29520211843593,"graham_debt_to_equity,graham_earnings_stability,graham_pe,graham_pe_times_pb",8599419904.0,20.503649,13.65581,4.267,1.2489,1.0028,0.82372004,0.2001080665339363,59134500.0,,3.0
HQY,False,60.27323146447675,"graham_earnings_stability,graham_pe,graham_pe_times_pb,munger_roe",7364142592.0,32.140793,3.708965,2.993,0.48792,0.11434,0.6952153485266429,0.24550698971927679,397510624.0,,3.0
TDS,False,60.153668416666676,"graham_earnings_stability,munger_roe",3903583488.0,8.4775,0.952876,3.818,0.23120000000000002,0.11784001,0.59351003,-0.07929038020463977,599447616.0,0.004699999999999999,0.0
DAVE,False,60.139366805667706,"graham_debt_to_equity,graham_earnings_stability,graham_pe,graham_pe_times_pb",4121814784.0,20.451899,19.826973,4.223,1.29139,1.04779,0.71748,-0.04167572689902165,167170368.0,,2.0
OUT,False,60.132648572610115,"graham_current_ratio,graham_debt_to_equity,graham_earnings_stability,graham_pe,graham_pe_times_pb",4910650368.0,20.057554,7.083333,0.67,5.7364,0.35024,0.51405,0.16023366271769396,193724992.0,0.043899999999999995,2.0
HIW,False,60.11124999999999,"graham_current_ratio,graham_debt_to_equity,munger_roe",3288634624.0,19.39073,1.3657354,1.05,1.3264799999999999,0.06815,0.67342,0.6757609364455559,270770112.0,0.0698,4.0
GL,False,60.0192310222842,"graham_current_ratio,munger_gross_margin",12748555264.0,11.037259,2.0764802,0.795,0.55675,0.20944999,0.23128671271931717,0.23221740923827355,1163503360.0,0.0079,4.0
GWW,False,59.98495340519055,"graham_pe,graham_pe_times_pb",58853515264.0,31.751148,14.212825,2.805,0.6197699999999999,0.46091,0.3906476424032995,0.1390591907256716,1247750016.0,0.008,4.0
WWW,False,59.93911785669825,"graham_size,graham_debt_to_equity,graham_earnings_stability,graham_pe_times_pb",1567467008.0,14.806202,3.7672584,1.549,1.59137,0.27647,0.4730832844261858,0.0801365843248146,131325000.0,0.0208,2.0
BLK,False,59.901578346997454,"graham_pe,graham_pe_times_pb,munger_roe",172443287552.0,25.41535,2.8553498,2.447,0.23192000000000002,0.122779995,0.47152,0.2909233564585398,7578124800.0,0.0215,4.0
IBP,False,59.821243898591284,"graham_debt_to_equity,graham_pe,graham_pe_times_pb",5131907584.0,20.828478,7.9755464,2.983,1.87209,0.38451,0.3397401373367443,0.13006597549481622,289112512.0,0.008,4.0
NGVT,False,59.806553807902674,"graham_debt_to_equity,graham_earnings_stability,graham_pe,graham_pe_times_pb",2449426688.0,101.78571,52.389706,1.611,26.36034,0.30072,0.395255224391915,0.35859883521754027,88937504.0,,0.0
UDR,False,59.7507532877148,"graham_current_ratio,graham_debt_to_equity,graham_pe,graham_pe_times_pb,munger_roe",12504902656.0,21.36076,3.7445912,0.178,1.5614400000000002,0.13739,0.66581,0.3233081257734403,779827776.0,0.0513,4.0
HON,False,59.74253414194385,"graham_current_ratio,graham_debt_to_equity",66940899328.0,8.120338,3.61123,1.211,1.85369,0.46577,0.32074026411741274,0.2170557128358528,2610374912.0,0.013300000000000001,4.0
BMI,False,59.705494610060704,"graham_pe,graham_pe_times_pb",3606833408.0,29.140516,5.2818575,2.422,0.03438,0.1848,0.4168053035848507,0.20009643674938335,128289624.0,0.013999999999999999,4.0
COLM,False,59.629151261620216,munger_roe,2931322112.0,14.682051,1.8302116,2.493,0.28798999999999997,0.12658,0.5053119327381834,0.060941303974773285,255117376.0,0.0206,4.0
CVLT,False,59.592112596883325,"graham_debt_to_equity,graham_earnings_stability,graham_pe,graham_pe_times_pb",6157211648.0,95.23398,118.28423,2.043,17.62992,0.32773998,0.8115047013998598,0.06250792014801172,303740256.0,,3.0
SN,False,59.590759614238266,"graham_pe,graham_pe_times_pb",25506203648.0,36.875763,8.973139,2.08,0.3211,0.27528,0.4901387488537608,0.1438121524168379,638667520.0,,4.0
SPNT,False,59.56494417499763,"graham_current_ratio,graham_earnings_stability,munger_gross_margin",2820486656.0,5.9802957,1.238207,0.655,0.30786,0.23068,0.23864001,0.136,204187504.0,,3.0
REGN,False,59.559406273012904,"graham_pe_times_pb,munger_roe",78219026432.0,18.814758,2.4033964,3.335,0.08535,0.14043,0.44458,0.24945443390109392,3065299968.0,0.005,4.0
CNK,False,59.547739747483554,"graham_current_ratio,graham_debt_to_equity,graham_earnings_stability,graham_pe,graham_pe_times_pb",4351331328.0,21.089888,8.687804,0.845,5.87527,0.45816,0.49416,-0.16714465408805032,227587504.0,0.009399999999999999,3.0
RGLD,False,59.422100000000015,"graham_pe,graham_pe_times_pb,munger_roe,munger_fcf",20077535232.0,26.241972,2.6445806,2.924,0.051859999999999996,0.136,0.693207280942404,0.6192964188220726,-189505504.0,0.008,4.0
VRRM,False,59.320378950890415,"graham_size,graham_debt_to_equity",476466080.0,11.611111,2.1312034,2.058,4.863980000000001,0.15384,0.55711,0.21494773107633203,43281376.0,,4.0
PNR,False,59.31944367138511,"graham_current_ratio,graham_pe_times_pb",8593374208.0,13.704896,2.2641149,1.451,0.47067,0.17126,0.4047653256704981,0.20534003831417624,558312512.0,0.0202,4.0
QTWO,False,59.26521881157007,"graham_current_ratio,graham_earnings_stability,graham_pe,graham_pe_times_pb,munger_roe",3445408768.0,38.911972,5.3552046,0.945,0.06361,0.14984,0.5406116438037315,0.050196965560279264,190320000.0,,1.0
EXTR,False,59.25892441451555,"graham_current_ratio,graham_debt_to_equity,graham_earnings_stability,graham_pe,graham_pe_times_pb",2841669888.0,69.354836,31.85185,0.928,2.19625,0.54638,0.6147906696281453,0.04884336390117428,81449504.0,,1.0
RSI,False,59.25714689832178,"graham_earnings_stability,graham_pe,graham_pe_times_pb",4661589504.0,64.93548,12.557703,2.116,0.015189999999999999,0.30279,0.34967998,0.07706438839661926,127112000.0,,2.0
VLO,False,59.21896211567853,"graham_pe_times_pb,munger_gross_margin",111432245248.0,16.14581,4.4571576,1.636,0.40148000000000006,0.27637,0.16118999,0.12269,8416374784.0,0.0124,4.0
NHI,False,59.183942445260506,"graham_pe_times_pb,munger_roe",3254548224.0,19.153177,2.0713258,1.817,0.80432,0.10717,0.73925,0.6565420968953649,171983248.0,0.0564,4.0
CVX,False,59.110248790389065,"graham_current_ratio,graham_pe_times_pb,munger_roe",401602772992.0,19.72369,2.1149988,1.252,0.18959,0.12231,0.44267,0.21866,21934000128.0,0.0348,4.0
AROC,False,59.10923924188622,"graham_current_ratio,graham_debt_to_equity,graham_pe_times_pb",5351321600.0,16.408602,3.4454732,1.394,1.51872,0.22194,0.4857183897630449,0.35931998,241304496.0,0.030699999999999998,4.0
REG,False,59.100627700608946,"graham_current_ratio,graham_pe,graham_pe_times_pb,munger_roe",13509639168.0,24.412163,1.9853286,0.964,0.7197199999999999,0.081870005,0.71539,0.7231565138356407,743363968.0,0.0416,4.0
CXM,False,59.08556565394141,"graham_size,graham_earnings_stability,graham_pe,graham_pe_times_pb,munger_roe",1151569920.0,49.6,2.2638066,1.555,0.0796,0.043569997,0.674035230984601,0.04694237050863276,100564752.0,,3.0
BSY,False,59.05089113712143,"graham_current_ratio,graham_debt_to_equity,graham_pe,graham_pe_times_pb",9645826048.0,35.47778,8.233625,0.595,1.05442,0.24517,0.815199173779897,0.2414609606340214,397979616.0,0.009000000000000001,4.0
DD,False,59.01112857142857,"graham_earnings_stability,graham_pe,graham_pe_times_pb,munger_roe",17575475200.0,55.866955,1.2766396,2.427,0.22902,0.01792,0.9136939010356732,0.14239,1835250048.0,0.0184,0.0
CACC,False,58.949,"data_missing:free_cash_flow,graham_debt_to_equity,graham_pe_times_pb",5547969536.0,11.970098,3.4636457,4.833,3.95632,0.31932,0.94652003,0.52556,,,4.0
LMAT,False,58.93395218826093,"graham_size,graham_pe,graham_pe_times_pb",1899977856.0,29.048952,4.519147,16.312,0.45262,0.16774,0.7152947492407914,0.2720811531958878,49263624.0,0.0121,4.0
ELS,False,58.84787762271909,"graham_current_ratio,graham_debt_to_equity,graham_pe,graham_pe_times_pb",11739488256.0,28.301933,6.463482,0.139,1.82359,0.22877,0.53656,0.2555528274460585,603528512.0,0.037000000000000005,4.0
KEYS,False,58.84391409647729,"graham_pe,graham_pe_times_pb",62232965120.0,49.465492,9.473888,2.024,0.42094000000000004,0.20897,0.63278997,0.16297674418604652,1867124992.0,,4.0
SFM,False,58.839056433142844,"graham_current_ratio,graham_debt_to_equity,graham_pe_times_pb",6164134400.0,12.63958,4.225042,0.992,1.4033799999999998,0.35197,0.38795449866394643,0.0779179662779198,398699872.0,,4.0
ULTA,False,58.80019263282185,"graham_current_ratio,graham_pe_times_pb",23349000192.0,19.893625,8.841682,1.345,0.9547199999999999,0.46117002,0.39097025535753765,0.12370001339485283,914087360.0,,4.0
RDN,False,58.77196972290679,munger_roe,4073557760.0,7.602469,0.85520655,1.588,0.27967,0.12026,0.69302005,-0.2761079388616707,308735264.0,0.0311,4.0
TMDX,False,58.73910161869844,"graham_debt_to_equity,graham_earnings_stability,graham_pe,graham_pe_times_pb",2876850176.0,21.564766,5.564171,6.625,1.67496,0.36285,0.5991900828084176,0.1793296052479463,44496752.0,,2.0
ILMN,False,58.71128524774242,"graham_earnings_stability,graham_pe,graham_pe_times_pb",41116545024.0,50.706707,14.48763,1.796,0.89042,0.32339,0.6608335252129864,0.18581625604420907,797625024.0,,1.0
PFE,False,58.668231822760575,"graham_current_ratio,graham_pe,graham_pe_times_pb,munger_roe",163438133248.0,37.730263,1.9183168,1.267,0.74253,0.05014,0.74716,0.27877,12485624832.0,0.0599,4.0
SBH,False,58.648888948667334,"graham_size,graham_debt_to_equity",1545703936.0,8.598959,1.7825524,2.367,1.7389,0.23527999,0.5162197035519303,0.088563212428514,177001248.0,,4.0
AA,False,58.646073821428566,"graham_earnings_stability,munger_gross_margin",11103989760.0,8.747401,1.5066605,1.535,0.29918,0.18226999,0.19790001,0.18356001,960750016.0,0.0095,2.0
MRSH,False,58.62649914617637,"graham_current_ratio,graham_debt_to_equity,graham_pe,graham_pe_times_pb",81660387328.0,20.868292,5.386383,1.139,1.45027,0.25902998,0.43994,0.23064378636818503,4785249792.0,0.0232,4.0
EPRT,False,58.60757559586609,"graham_pe,munger_roe",5613436928.0,20.069767,1.2701137,3.841,0.65659,0.064780004,0.98414004,0.6413200550943571,305324384.0,0.0487,4.0
PODD,False,58.54055327241201,"graham_pe,graham_pe_times_pb",9065287680.0,24.61582,6.3739214,2.485,0.66685,0.26016,0.7163324840293933,0.17495661164654186,236900000.0,,4.0
EGP,False,58.54034063869702,"graham_current_ratio,graham_pe,graham_pe_times_pb,munger_roe",10650611712.0,34.809315,2.9509087,0.412,0.46090000000000003,0.08732,0.73607004,0.3613811286585528,379368000.0,0.0345,4.0
TMUS,False,58.539339654240365,"graham_current_ratio,graham_debt_to_equity,graham_pe_times_pb",175231631360.0,17.070011,3.120654,0.924,2.1403499999999998,0.17994,0.63054,0.20698909510921876,11335999488.0,0.0287,4.0
BXP,False,58.52257166941701,"graham_current_ratio,graham_debt_to_equity,graham_pe,graham_pe_times_pb,munger_roe",11075124224.0,32.919353,1.894727,0.506,2.11631,0.05308,0.591178650533171,0.34899441830292427,880636864.0,0.0454,4.0
ALLE,False,58.50160571875169,"graham_debt_to_equity,graham_pe,graham_pe_times_pb",13144560640.0,20.285433,6.2060866,1.93,1.04895,0.3373,0.44801,0.21131954859489097,484449984.0,0.014199999999999999,4.0
RCL,False,58.49417813001978,"graham_current_ratio,graham_debt_to_equity,graham_earnings_stability,graham_pe_times_pb,munger_fcf",71393656832.0,16.487955,6.97463,0.209,2.24816,0.44669998,0.50284,0.27376637858935043,-1516249984.0,0.023,3.0
CBOE,False,58.489283896463604,"graham_pe,graham_pe_times_pb",28536819712.0,21.29852,5.0785217,1.565,0.2809,0.26297,0.44663765645327713,0.16683863442645014,678249984.0,0.0131,4.0
PR,False,58.44981385855257,"graham_current_ratio,munger_roe",17743646720.0,13.667742,1.4778514,0.624,0.26245999999999997,0.114029996,0.75848997,0.28877948026252015,458368128.0,0.0297,4.0
CHE,False,58.42342515932515,"graham_current_ratio,graham_pe,graham_pe_times_pb",6606212096.0,25.50202,7.921048,0.911,0.35495,0.27106002,0.33113998,0.13369523371349473,307859488.0,0.0055000000000000005,4.0
NEU,False,58.32113688206007,graham_pe_times_pb,8305090560.0,19.421076,4.517704,2.252,0.51129,0.25123,0.31462268945522276,0.1995197362071857,435517888.0,0.013300000000000001,4.0
CRVL,False,58.290331850518676,"graham_pe,graham_pe_times_pb,munger_gross_margin",3780155136.0,33.25778,9.259993,1.941,0.06944,0.30697,0.2429383835823091,0.16674,91710128.0,,4.0
STC,False,58.27728608928571,"graham_size,munger_roe",1513517312.0,10.876368,0.9098647,1.847,0.46090000000000003,0.096140005,0.61847997,0.06954,135150000.0,0.0388,4.0
LQDT,False,58.26325718536369,"graham_size,graham_pe,graham_pe_times_pb,munger_roe",1350079488.0,42.2451,5.7232037,1.58,0.05869,0.14965001,0.43807128216854885,0.07356467485823497,81894248.0,,4.0
SUI,False,58.2583,"graham_current_ratio,graham_earnings_stability,graham_pe,graham_pe_times_pb,munger_roe",14219400192.0,142.57692,2.4683712,0.597,0.72848,0.01722,0.53682,0.560718320323234,1873449984.0,0.04,2.0
CUBE,False,58.22967492638731,"graham_current_ratio,graham_debt_to_equity,graham_pe,graham_pe_times_pb,munger_roe",8551742976.0,25.659864,3.2980678,0.1,1.3430000000000002,0.12028,0.70712,0.3501519832970446,486035744.0,0.055999999999999994,4.0
SHC,False,58.202106844066705,"graham_debt_to_equity,graham_earnings_stability,graham_pe,graham_pe_times_pb",5285140992.0,32.49123,7.9382772,2.796,3.4073399999999996,0.27781,0.5547650128865426,0.27046066077145436,153967120.0,,3.0
GTY,False,58.18281198557009,"graham_size,munger_roe",1750218112.0,17.127274,1.5591724,1.719,0.96193,0.094639994,0.96416,0.5718067713900427,108609872.0,0.0681,4.0
IRDM,False,58.150337018338114,"graham_debt_to_equity,graham_pe,graham_pe_times_pb",5084464640.0,55.143677,10.756726,2.782,3.7865699999999998,0.19715,0.71851,0.27072513448493046,239205376.0,0.0125,4.0
WDAY,False,58.14569289096653,"graham_current_ratio,graham_earnings_stability,graham_pe,graham_pe_times_pb",45700829184.0,38.621185,7.0744267,0.908,0.5839,0.16006,0.75795,0.07548157453936348,3046374912.0,,3.0
WAY,False,58.11365028459947,"graham_earnings_stability,graham_pe,graham_pe_times_pb,munger_roe",4857946112.0,36.192856,1.2333869,1.847,0.37171,0.03765,0.69107,0.22678976564617867,313745376.0,,1.0
DLTR,False,58.0696501984867,"graham_current_ratio,graham_debt_to_equity,graham_earnings_stability,graham_pe_times_pb",21311049728.0,13.919118,6.223221,1.134,2.2394499999999997,0.46032003,0.36321721839293625,0.08515954213416582,1049587520.0,,1.0
AVY,False,57.97735930335604,"graham_current_ratio,graham_debt_to_equity,graham_pe_times_pb,munger_gross_margin",13080620032.0,18.710064,5.5881968,1.132,1.58653,0.3116,0.28753881768392525,0.13586001,1004600000.0,0.023399999999999997,4.0
CON,False,57.96497855427898,"graham_current_ratio,graham_debt_to_equity,graham_pe,graham_pe_times_pb,munger_gross_margin",4422315008.0,22.374195,9.270248,1.377,4.23325,0.4706,0.29314,0.15438170264909631,204793632.0,0.0070999999999999995,4.0
ECPG,False,57.90650000000001,"graham_debt_to_equity,graham_earnings_stability,munger_fcf",2007572480.0,7.1926293,1.8610526,11.376,3.88056,0.30542,1.0,0.3542776410248292,-157004624.0,,1.0
AYI,False,57.87838888999022,"graham_pe,graham_pe_times_pb",9292593152.0,20.625914,3.2549706,2.053,0.28206,0.17378001,0.47829988954344627,0.12976343888070693,467275008.0,0.0026,4.0
BBY,False,57.816702395208964,"graham_current_ratio,graham_debt_to_equity,graham_pe_times_pb,munger_gross_margin",18568243200.0,14.731281,5.852393,1.117,1.3009700000000002,0.43126,0.22482070470845025,0.033316543138806935,1403374976.0,0.0433,4.0
JAZZ,False,57.811299999999996,"graham_earnings_stability,graham_pe_times_pb",15075436544.0,15.895619,3.1340756,1.779,0.91828,0.22114,0.91353995,-0.10081577735047402,1429392896.0,,0.0
QNST,False,57.810280530796,"graham_size,graham_current_ratio,graham_earnings_stability,munger_gross_margin",865217664.0,10.8,2.6438189,1.218,0.24036000000000002,0.28647,0.11270591909172985,0.027383219758338795,125921376.0,,2.0
CHRD,False,57.80821449068668,"graham_current_ratio,munger_roe",7361513472.0,9.093581,0.8888896,1.221,0.17981999999999998,0.10312,0.4811,0.04047978256046696,961228032.0,0.0387,4.0
STAG,False,57.760026345042604,"graham_pe,graham_pe_times_pb,munger_roe",7075054592.0,27.653849,1.9088833,1.816,0.9378,0.069759995,0.79549,0.37036,469642880.0,0.042,4.0
NDSN,False,57.75433533444245,"graham_pe,graham_pe_times_pb",18300561408.0,33.21031,5.596258,1.823,0.55619,0.17763,0.55391,0.2549444117481652,613806656.0,0.011399999999999999,4.0
JLL,False,57.66641276339976,"graham_current_ratio,munger_roe",14098140160.0,14.703935,1.8893856,1.126,0.42351999999999995,0.13520001,0.51232,0.042043835868216695,1500125056.0,,4.0
COKE,False,57.6649356447666,"data_missing:debt_to_equity,graham_current_ratio,graham_pe,graham_pe_times_pb",12624916480.0,25.154509,-25.244907,1.211,,0.97331,0.39739072267712405,0.13152307225111043,443481760.0,0.0052,4.0
LQDA,False,57.606303517150934,"graham_earnings_stability,graham_pe,graham_pe_times_pb",2785964032.0,22.232143,14.212328,2.312,0.93738,1.3181599,0.92542,-0.3245073269327943,74296128.0,,0.0
EXLS,False,57.598959375176825,"graham_current_ratio,graham_pe,graham_pe_times_pb",5290108928.0,21.914557,6.064985,1.244,0.56585,0.25944,0.3837160789565829,0.15028651435397875,262332752.0,,4.0
DOCN,False,57.41708424531326,"graham_current_ratio,graham_debt_to_equity,graham_earnings_stability,graham_pe,graham_pe_times_pb,munger_fcf",15771486208.0,61.320454,15.219426,1.311,2.12506,0.62273,0.5985975569846477,0.1741560880692502,-23832624.0,,3.0
NWSA,False,57.415455698116624,"graham_pe,graham_pe_times_pb,munger_roe",15611286528.0,28.648514,1.8442857,1.623,0.31561,0.07979,0.57167,0.12537,1045124992.0,0.006999999999999999,4.0
OVV,False,57.39743155282348,"graham_current_ratio,munger_roe",15976415232.0,16.134079,1.3893632,1.008,0.43734,0.08411,0.53859,0.12696452626852267,1230499968.0,0.0204,4.0
ROST,False,57.38115419860197,"graham_pe,graham_pe_times_pb",74760011776.0,28.298063,11.094387,1.612,0.70281,0.42628,0.33385,0.11900177925298451,2002041600.0,0.0076,4.0
WT,False,57.34772690674463,"graham_debt_to_equity,graham_pe,graham_pe_times_pb",3720379904.0,44.645454,7.716845,2.995,2.5767200000000003,0.18731001,0.53330004,0.3527978564180876,156595376.0,0.0049,4.0
MKC,False,57.33305395983817,graham_current_ratio,12555367424.0,7.7703824,1.7947732,0.781,0.65143,0.24728,0.3789599871350672,0.15654284168823004,714025024.0,0.0397,4.0
ADC,False,57.32577800366443,"graham_current_ratio,graham_pe,graham_pe_times_pb,munger_roe",8357454848.0,36.024193,1.311509,0.271,0.58984,0.037049998,0.87656,0.47382509416785684,447780000.0,0.047400000000000005,4.0
ARLO,False,57.31386750154353,"graham_size,graham_current_ratio,graham_earnings_stability,graham_pe,graham_pe_times_pb",1344090112.0,44.607143,8.473541,1.402,0.048760000000000005,0.22068001,0.4461,-0.035550002,62496248.0,,1.0
ERIE,False,57.23086459210801,"graham_current_ratio,graham_pe_times_pb,munger_gross_margin",11475011584.0,19.931879,4.6512365,1.246,0.0256,0.24808,0.17904,0.17633108103788842,481207744.0,0.0263,4.0
HMN,False,57.18358095238095,"graham_size,munger_roe",1813839744.0,10.463784,1.2066876,2.872,0.39537,0.12385,0.39488,0.13213,222650000.0,0.0316,4.0
LIF,False,57.17565884774203,"graham_earnings_stability,graham_pe,graham_pe_times_pb",3331732224.0,23.773254,5.4076133,5.601,0.50803,0.30056,0.778052672115976,0.03846114558072734,74707752.0,,1.0
FNF,False,57.100176640476185,"graham_current_ratio,munger_roe",10379063296.0,13.484322,1.3915858,0.94,0.54297,0.102110006,0.54046,0.10666,3589125120.0,0.050499999999999996,4.0
AIG,False,57.06105238095238,"graham_current_ratio,graham_earnings_stability,munger_roe",39086264320.0,13.640511,0.96593696,0.612,0.22466,0.0722,0.35087,0.19414,7365000192.0,0.026600000000000002,1.0
PGNY,False,57.00104547828735,"graham_size,graham_pe,graham_pe_times_pb,munger_gross_margin",1936200832.0,27.429348,4.274221,2.137,0.059500000000000004,0.16242,0.23627936284251638,0.0661748900603029,196469376.0,,4.0
CMG,False,56.988602187006045,"graham_current_ratio,graham_debt_to_equity,graham_pe,graham_pe_times_pb",40385814528.0,29.550926,18.394814,0.715,2.4635,0.49560001,0.39361998,0.16232288838105519,1116464384.0,,4.0
BHF,False,56.964582666666665,"graham_current_ratio,graham_debt_to_equity,graham_earnings_stability,munger_roe",2873277696.0,3.961935,0.4386419,0.774,1.78382,0.13535,0.35439998,0.77778,19879124992.0,,2.0
T,False,56.95751251340945,"graham_current_ratio,graham_debt_to_equity,graham_earnings_stability",168417247232.0,8.111518,1.5307611,0.971,1.29054,0.18339,0.59721,0.1922991213548962,10142000128.0,0.0453,3.0
MPC,False,56.95070345992488,"graham_current_ratio,graham_debt_to_equity,graham_pe_times_pb,munger_gross_margin",115488677888.0,13.7121315,5.868491,1.25,1.33328,0.42099,0.12819,0.06247974739824716,9249375232.0,0.0102,4.0
FANG,False,56.928934141557484,"graham_current_ratio,graham_pe,graham_pe_times_pb,munger_roe",51781058560.0,35.06076,1.3626363,0.467,0.28678000000000003,0.034930002,0.72353995,0.08425395980300812,5035500032.0,0.0239,4.0
HLX,False,56.91034523809524,"data_missing:free_cash_flow,graham_size,graham_earnings_stability,graham_pe",1562253952.0,44.166668,0.30309096,1.745,0.8317,0.37597,0.5078,0.2161,,,2.0
PLD,False,56.89788972077733,"graham_current_ratio,graham_pe,graham_pe_times_pb,munger_roe",126809317376.0,28.988888,2.2681038,0.649,0.63823,0.07749,0.75549006,0.4957680361159742,5406941184.0,0.0323,4.0
PINS,False,56.89053281512727,"graham_earnings_stability,graham_pe,graham_pe_times_pb,munger_roe",10578571264.0,55.544117,3.690639,3.81,0.41350000000000003,0.06461,0.79473,0.07576993235296973,1196440960.0,,2.0
CCL,False,56.87752654221438,"graham_current_ratio,graham_debt_to_equity,graham_earnings_stability",33299269632.0,10.909692,2.3599198,0.274,1.7711000000000001,0.24021,0.55387,0.1683945608894899,1755874944.0,0.0179,2.0
TILE,False,56.87443501697154,graham_pe_times_pb,2008855040.0,14.07085,2.961401,2.527,0.42808999999999997,0.23225,0.3874813066119433,0.1182496499271012,103601872.0,0.0034000000000000002,4.0
ADI,False,56.849755621747065,"graham_current_ratio,graham_pe,graham_pe_times_pb,munger_roe",193016954880.0,47.42024,5.7529716,1.25,0.27314,0.12227,0.614669518890112,0.26611379050277834,4147339008.0,0.011000000000000001,4.0
VICR,False,56.817481508434945,"graham_pe,graham_pe_times_pb",13408759808.0,93.51126,16.06918,13.249,0.00912,0.20131999,0.5730692002005738,0.1807550679145838,339500.0,,4.0
WTS,False,56.81725392866246,"graham_pe,graham_pe_times_pb",11907062784.0,31.151083,5.43852,2.66,0.09673999999999999,0.18805,0.4945663317613287,0.1837605085093295,228787504.0,0.0064,4.0
EVTC,False,56.748025773043366,"graham_size,graham_debt_to_equity,graham_pe_times_pb,munger_roe",1649884672.0,17.386364,2.494178,1.702,1.84286,0.14845,0.51118,0.20008199025990053,151623120.0,0.0074,4.0
EPAM,False,56.634708493345066,"munger_roe,munger_gross_margin",5610599936.0,14.757124,1.5944409,2.755,0.04325999999999999,0.111770004,0.29451,0.0952900245113849,650156096.0,,4.0
NTST,False,56.61753496945919,"graham_size,graham_earnings_stability,graham_pe,graham_pe_times_pb,munger_roe",1735644800.0,126.92857,1.1473399,5.531,0.88837,0.00962,0.90376997,0.39020002,133447376.0,0.050199999999999995,1.0
FRT,False,56.47623954510864,"graham_current_ratio,graham_debt_to_equity,graham_pe,graham_pe_times_pb,munger_roe",9453245440.0,21.92742,2.9486244,0.564,1.34114,0.12550999,0.68136,0.4708450126077523,456137632.0,0.0424,4.0
TRU,False,56.43543617064915,"graham_debt_to_equity,graham_earnings_stability,graham_pe_times_pb",11817887744.0,16.274406,2.4402597,1.9,1.13212,0.15626,0.5873,0.18744400498219085,808625024.0,0.0078000000000000005,2.0
UE,False,56.42955078782528,"graham_current_ratio,graham_debt_to_equity,graham_pe,graham_pe_times_pb,munger_roe",2697979392.0,36.9717,1.926177,0.689,1.26633,0.05092,0.64747,0.2942461850492563,226218256.0,0.0425,4.0
AMH,False,56.40556248136418,"graham_pe,graham_pe_times_pb,munger_roe",12513784832.0,24.22619,1.6134573,1.672,0.68848,0.07084,0.56646997,0.25921,822327360.0,0.043,4.0
CTVA,False,56.396549230014394,"graham_pe,graham_pe_times_pb,munger_roe",51841130496.0,47.090908,2.0599697,1.516,0.19191,0.04256,0.4954,0.3013,2417250048.0,0.0092,4.0
LECO,False,56.3594629876137,"graham_pe,graham_pe_times_pb",14463375360.0,26.562063,9.30613,1.982,0.77347,0.37736,0.3624500148003675,0.16963347297415096,307077120.0,0.011699999999999999,4.0
APH,False,56.35496953896806,"graham_debt_to_equity,graham_pe,graham_pe_times_pb",208226254848.0,42.22,13.437302,1.888,1.20415,0.38115,0.3688162219037268,0.2541102504037723,3818374912.0,0.0059,4.0
BSX,False,56.335588350558005,"graham_current_ratio,graham_pe_times_pb",63570456576.0,17.75911,2.5455549,1.24,0.50151,0.15338999,0.6901464581050114,0.17998405898176745,2451375104.0,,4.0
WMG,False,56.31703132587624,"graham_current_ratio,graham_debt_to_equity,graham_pe,graham_pe_times_pb",14422135808.0,22.056,16.883038,0.734,4.52947,0.70074,0.45769,0.10347398240644103,382249984.0,0.028999999999999998,4.0
KIM,False,56.16067877862847,"graham_current_ratio,graham_pe,graham_pe_times_pb,munger_roe",14968665088.0,25.947674,1.4569732,0.971,0.84993,0.05806,0.68933,0.3601781398765301,871483392.0,0.05,4.0
CHWY,False,56.05418186591473,"graham_current_ratio,graham_debt_to_equity,graham_pe,graham_pe_times_pb,munger_gross_margin",7357278720.0,28.16154,19.83207,0.838,3.13414,0.71988,0.2978931079633377,0.02018013728524382,449075008.0,,4.0
FIS,False,56.03741525843269,"graham_current_ratio,graham_debt_to_equity,graham_earnings_stability",17010543616.0,5.0553145,1.0588495,0.535,1.3251,0.22348,0.36864287721270017,0.16306078486466236,2653125120.0,0.0528,2.0
HD,False,56.01861882170329,"graham_current_ratio,graham_debt_to_equity,graham_pe,graham_pe_times_pb",283913551872.0,20.040213,17.091352,1.078,3.80261,1.0429599,0.33315521334928316,0.12684976591390731,10762625024.0,0.032400000000000005,4.0
EW,False,56.018224572169984,"graham_pe,graham_pe_times_pb,munger_roe",49751998464.0,51.43155,4.6920986,4.522,0.06568,0.09175,0.7801107521919705,0.2083525611444393,1232412544.0,,4.0
NDAQ,False,56.01203631206023,"graham_current_ratio,graham_pe,graham_pe_times_pb",51683045376.0,26.956268,4.3345366,1.006,0.77687,0.16521999,0.6353183248608085,0.2821350762527233,1691500032.0,0.0126,4.0
MAT,False,55.99376325428228,graham_debt_to_equity,3636960768.0,9.571428,1.8201315,1.902,1.37445,0.20497,0.4872551786092625,0.1021807259038268,425315872.0,,4.0
VOYA,False,55.839707397912555,munger_roe,8554107392.0,16.057823,1.8256346,5.669,0.6890999999999999,0.096099995,0.55609,0.12675540359018195,1433500032.0,0.019799999999999998,4.0
NWS,False,55.82659473711249,"graham_pe,graham_pe_times_pb,munger_roe",17248759808.0,31.653465,2.0377333,1.623,0.31561,0.07979,0.57167,0.12537,1045124992.0,0.0063,4.0
CMCSA,False,55.777622382167195,"graham_current_ratio,graham_debt_to_equity,munger_roe",78052270080.0,7.04968,0.86898977,0.796,1.00474,0.114879996,0.6939,0.16710452925056787,12697624576.0,0.0611,4.0
VSXY,False,55.77206233899802,"graham_current_ratio,graham_debt_to_equity,graham_pe_times_pb",7085440000.0,19.828125,8.883,1.36,2.7583300000000004,0.46905,0.3638028383946284,0.0413551045322753,336500000.0,,4.0
HL,False,55.76127641598705,"graham_earnings_stability,graham_pe,graham_pe_times_pb,munger_gross_margin",11418877952.0,20.512049,4.271199,5.197,0.008020000000000001,0.22173999,0.2848502299688679,0.16942149400037465,342344736.0,0.0009,2.0
SYK,False,55.745155697129704,"graham_pe,graham_pe_times_pb",106113564672.0,28.667875,4.42363,2.157,0.6439100000000001,0.16508,0.6396321070234113,0.19465679248287943,4108875008.0,0.0126,4.0
ALSN,False,55.60475021198717,"graham_debt_to_equity,graham_pe_times_pb",9399858176.0,18.011076,4.7548037,1.807,2.11925,0.28349,0.48604651162790696,0.292358803986711,211000000.0,0.0103,4.0
ACIW,False,55.59605213942711,"graham_pe,graham_pe_times_pb",4955892736.0,22.518349,3.3200324,1.582,0.57698,0.15617,0.49082002,0.18747435761929604,260535632.0,,4.0
FR,False,55.5909509640505,"graham_current_ratio,graham_pe,graham_pe_times_pb,munger_roe",8186047488.0,21.725454,2.8536968,1.498,0.90051,0.1363,0.73745,0.45097,290640736.0,0.0327,4.0
HSTM,False,55.56050151397607,"graham_size,graham_current_ratio,graham_pe,graham_pe_times_pb,munger_roe",913440192.0,41.465275,2.4479337,1.062,0.03766,0.059959996,0.65081,0.06655177857293201,50334876.0,0.0046,4.0
AGYS,False,55.54677103426652,"graham_pe,graham_pe_times_pb,munger_roe",2741320704.0,63.940792,8.07897,1.741,0.054509999999999996,0.13802,0.6261055018289322,0.13471150473518065,57453376.0,,4.0
SIG,True,55.540834468877364,,3958171392.0,11.997678,2.1616306,1.639,0.66703,0.19855,0.3954737583656217,0.057693436656099564,422037504.0,0.0134,4.0
OII,False,55.46008794175772,"graham_pe_times_pb,munger_gross_margin",4375323136.0,12.705202,3.7582288,2.176,0.70343,0.34570998,0.20417031229571905,0.10938754868620867,237835120.0,,4.0
UTHR,False,55.3985624777886,"data_missing:debt_to_equity,graham_pe_times_pb",23558356992.0,19.672815,3.662475,5.732,,0.19315,0.8792220441763283,0.4689414647940428,557137472.0,,4.0
KMB,False,55.37159636152922,"graham_current_ratio,graham_debt_to_equity,graham_pe_times_pb",32491982848.0,19.344862,18.602243,0.909,3.48933,1.04913,0.36012646683285704,0.14294400194564358,941124992.0,0.051699999999999996,4.0
LII,False,55.353842853024574,"graham_debt_to_equity,graham_pe_times_pb",12329175040.0,15.848067,9.5039425,1.569,1.5608199999999999,0.71757007,0.3339171943872346,0.20046965526533597,277737504.0,0.0151,4.0
VAL,False,55.30447290805822,munger_gross_margin,5486817280.0,5.9592757,1.7252144,1.547,0.36219999999999997,0.33619,0.24784,0.2013507809202195,79725000.0,,4.0
SLM,False,55.26875,"data_missing:free_cash_flow,graham_current_ratio,graham_debt_to_equity",4260079872.0,6.530259,1.9153072,1.334,2.36158,0.30333,1.0,0.29211,,0.0227,4.0
ZWS,False,55.1936045756875,"graham_pe,graham_pe_times_pb",7755804672.0,29.043476,4.6806808,3.053,0.33181,0.16919,0.4509699864378796,0.16445545138274661,322675008.0,0.009399999999999999,4.0
TEL,False,55.1680105464911,"graham_pe,graham_pe_times_pb",61458722816.0,20.781374,4.639816,1.876,0.43441,0.23290001,0.3521608156644653,0.18601552543158384,2336875008.0,0.0147,4.0
HUBS,False,55.122922619269055,"graham_current_ratio,graham_earnings_stability,graham_pe,graham_pe_times_pb,munger_roe",10257477632.0,73.20285,6.1655126,1.378,0.14300000000000002,0.07892,0.8376097718941795,0.0023565548247897177,666651008.0,,2.0
INVX,False,55.049680048009385,"graham_size,graham_pe,graham_pe_times_pb,munger_roe",1908191360.0,32.535717,1.7783706,5.006,0.07043,0.05994,0.32401,0.1355735900091081,174039872.0,,4.0
KRC,False,55.01356428571429,"graham_current_ratio,graham_pe,munger_roe",3921406720.0,23.349651,0.74308985,1.103,0.85616,0.03431,0.65379,0.23993,718001472.0,0.0638,4.0
MPT,False,55.00000000000001,"data_missing:trailing_pe,graham_current_ratio,graham_debt_to_equity,graham_earnings_stability,munger_roe",2087213952.0,,0.46365082,1.172,2.15671,-0.00622,0.95944,0.6890208515136681,753948992.0,0.1026,0.0
MO,False,55.00000000000001,"data_missing:debt_to_equity,data_missing:return_on_equity,graham_current_ratio,graham_pe_times_pb",112323665920.0,14.162105,-42.096367,0.518,,,0.6246831908587138,0.4252330426564715,9033374720.0,0.0646,4.0
SIGI,False,54.95320639285715,"graham_current_ratio,munger_roe,munger_gross_margin",4981963776.0,10.370967,1.4378848,0.318,0.24596,0.14152999,0.22764,0.12693,1355778304.0,0.0203,4.0
BNL,False,54.87084546160575,"graham_pe,graham_pe_times_pb,munger_roe",3954554624.0,24.44079,1.2366844,2.017,0.8932599999999999,0.04922,0.9486,0.4675071462798037,230601872.0,0.062,4.0
MWA,False,54.845734358416834,graham_pe_times_pb,3338747648.0,15.05986,2.9796572,4.636,0.40423000000000003,0.21684,0.36140449045254247,0.1822760019584528,130712496.0,0.013000000000000001,4.0
ESS,False,54.78698896993329,"graham_current_ratio,graham_debt_to_equity,graham_pe,graham_pe_times_pb,munger_roe",18635573248.0,42.17941,3.2643132,0.249,1.2240900000000001,0.0771,0.6988536806996071,0.47649793757898,1043926720.0,0.0378,4.0
HSY,False,54.784357696608474,"graham_current_ratio,graham_debt_to_equity,graham_pe,graham_pe_times_pb",31792467968.0,21.58663,6.967722,1.18,1.29821,0.32808998,0.33548561069861765,0.12328574986384523,1743636352.0,0.036000000000000004,4.0
HWM,False,54.76076007962608,"graham_pe,graham_pe_times_pb",90683449344.0,48.48401,15.868109,1.818,0.81368,0.34732,0.36032,0.24793989335918565,1189874944.0,0.0024,4.0
A,False,54.72834089984817,"graham_pe,graham_pe_times_pb",48689115136.0,33.996063,6.613564,2.05,0.56336,0.20971,0.53648996,0.21286701208981001,1060374976.0,0.0058,4.0
COO,False,54.72281928245268,"graham_current_ratio,munger_roe",10863571968.0,19.632301,1.3040402,1.222,0.33634000000000003,0.06838,0.6553855928061773,0.16687029615873325,542649984.0,,4.0
VRTS,False,54.682738411618494,"graham_size,munger_roe",869327424.0,7.483751,0.91964126,2.659,0.44522,0.106709994,0.41079,0.19778042245841956,56292376.0,0.0747,4.0
DGII,False,54.67208910262924,"graham_current_ratio,graham_pe,graham_pe_times_pb,munger_roe",2892785664.0,60.500004,4.221164,1.129,0.17279,0.07459,0.629158037380788,0.13083973120791406,128003128.0,,4.0
KVUE,False,54.66433826355818,"graham_current_ratio,graham_pe,graham_pe_times_pb",34055313408.0,20.858822,3.2259827,1.005,0.8161700000000001,0.15581,0.581327691087014,0.15961385876752182,1907500032.0,0.046900000000000004,4.0
MUR,False,54.602888856380375,"graham_current_ratio,munger_roe",5289329664.0,18.262377,1.005588,0.854,0.41896,0.06461,0.82672995,0.11079684113309325,344718368.0,0.038900000000000004,4.0
MDT,False,54.51895828127971,"graham_pe,graham_pe_times_pb,munger_roe",110766948352.0,21.32882,2.2066917,2.067,0.55365,0.106479995,0.6976930524488365,0.17784072159278408,5412499968.0,0.0331,4.0
ROK,False,54.51575504866576,"graham_current_ratio,graham_debt_to_equity,graham_pe,graham_pe_times_pb",48309501952.0,40.80957,13.826278,1.075,1.0334699999999999,0.30629,0.48141932390314074,0.20414768640613762,1303874944.0,0.0128,4.0
CGNX,False,54.48431597431027,"graham_pe,graham_pe_times_pb,munger_roe",10227168256.0,58.45673,6.2759366,3.934,0.044480000000000006,0.111490004,0.6691677754211507,0.16348823714573912,195671376.0,0.005699999999999999,4.0
ZD,False,54.40968081783851,"data_missing:trailing_pe,graham_size,munger_roe",1952656512.0,,0.8899133,2.164,0.3998,-0.01456,0.8672618904767484,0.1261558857495652,529455264.0,,4.0
INVH,False,54.36973790239512,"graham_current_ratio,graham_pe,graham_pe_times_pb,munger_roe",15604265984.0,24.238531,1.7233057,0.43,0.9442499999999999,0.070539996,0.56262,0.25115,1168785536.0,0.0452,4.0
TTC,False,54.355220479875534,"graham_pe,graham_pe_times_pb",9154894848.0,25.858288,6.7426615,1.576,0.80671,0.26447,0.333628946434906,0.09087885775097553,608062528.0,0.016,4.0
EG,False,54.23309523809523,"graham_current_ratio,munger_roe,munger_gross_margin",14028072960.0,7.731614,0.91761386,0.388,0.23260000000000003,0.12572,0.15281,0.19132,2064625024.0,0.0217,4.0
EMR,False,54.201685197727144,"graham_current_ratio,graham_pe,graham_pe_times_pb,munger_roe",87392960512.0,34.067905,4.2707267,0.896,0.6767700000000001,0.128,0.528363676731794,0.26924,3706249984.0,0.0141,4.0
PBH,False,54.13985157192845,"graham_debt_to_equity,graham_earnings_stability,munger_roe",2189650432.0,12.946779,1.1423347,3.23,1.07864,0.0912,0.5470517725187264,0.2841991172999114,147887504.0,,3.0
AMPH,False,54.127041137203626,"graham_size,munger_roe",1108751488.0,15.423077,1.4431648,2.397,0.89607,0.10297,0.494601236027321,0.19503477629127905,230095872.0,,4.0
GE,False,54.11434495934074,"graham_current_ratio,graham_debt_to_equity,graham_pe,graham_pe_times_pb",326339330048.0,37.046524,18.500383,0.982,1.13225,0.48231998,0.31051,0.20328098909297615,6594625024.0,0.0059,4.0
REXR,False,54.05594268252868,"data_missing:trailing_pe,graham_current_ratio,munger_roe",8317984256.0,,1.0952854,0.344,0.41445,-0.047280002,0.76798,0.4159,341792384.0,0.04650000000000001,4.0
AR,False,53.99699461450596,"graham_current_ratio,munger_roe",10316115968.0,9.614614,1.244714,0.401,0.55493,0.14216,0.67154,0.16748969781586684,391220736.0,,4.0
ATMU,False,53.951280538520955,"graham_debt_to_equity,graham_pe_times_pb,munger_gross_margin",3569804288.0,17.023346,7.848942,2.65,2.32278,0.5579,0.28243496004080937,0.1694723119650853,103862496.0,0.0055000000000000005,4.0
WPC,False,53.905812144103834,"graham_current_ratio,graham_debt_to_equity,graham_pe,graham_pe_times_pb,munger_roe",14824044544.0,22.284246,1.7092648,1.164,1.01882,0.077800006,0.94371,0.22366027517548806,1096111872.0,0.0576,4.0
HAYW,False,53.87257147045783,munger_roe,2622858496.0,17.415493,1.6521913,3.327,0.6325500000000001,0.104119994,0.4800495475224011,0.20785898561250452,164106256.0,,4.0
RHP,False,53.84269143935312,"graham_current_ratio,graham_debt_to_equity,graham_pe,graham_pe_times_pb",8309847040.0,29.380487,10.04168,1.313,3.3457,0.22583,0.35156,0.18897961670290303,567982976.0,0.0393,4.0
TJX,False,53.791563751689594,"graham_current_ratio,graham_debt_to_equity,graham_pe,graham_pe_times_pb",146428575744.0,24.500925,14.080094,1.147,1.3441900000000002,0.62171,0.31467,0.13518329941526713,4398125056.0,0.0143,4.0
BRK-B,False,53.76886944768926,"graham_earnings_stability,munger_roe",1068342575104.0,12.542347,0.00095564005,2.891,0.17142,0.121199995,0.30332002,0.12359121769264386,71975247872.0,,3.0
UFCS,False,53.6814119047619,"graham_size,graham_current_ratio,graham_earnings_stability,munger_gross_margin",1353106176.0,9.784787,1.3870918,0.356,0.14974,0.15465,0.12865,0.11761,255639504.0,0.0149,2.0
TECH,False,53.6521133957706,"graham_pe,graham_pe_times_pb,munger_roe",11368539136.0,62.495693,5.3676147,4.547,0.13712,0.09032,0.6576504951692909,0.20731021802592345,229653120.0,0.0044,4.0
CDP,False,53.592341404803115,"graham_debt_to_equity,graham_earnings_stability,graham_pe,graham_pe_times_pb,munger_roe",3885423104.0,23.291666,2.4774709,2.594,1.6415,0.10825,0.58258,0.22165888841747985,257286368.0,0.0373,2.0
DLX,False,53.583244512508735,"graham_size,graham_current_ratio,graham_debt_to_equity,munger_roe",1068910080.0,10.69266,1.5089332,1.196,2.09945,0.14957,0.5308935809218588,0.1089443090193137,171792992.0,0.051100000000000007,4.0
APLE,False,53.56511752849447,"graham_current_ratio,graham_pe,munger_roe",3838704896.0,21.972973,1.2221888,0.291,0.51367,0.05529,0.42902002,0.18253083788709318,360905376.0,0.059000000000000004,4.0
DRI,False,53.45084540480733,"graham_current_ratio,graham_debt_to_equity,graham_pe_times_pb,munger_gross_margin",22095226880.0,18.622011,10.056328,0.298,4.14393,0.55431,0.20302174719360527,0.11981015676448993,1020687488.0,0.0332,4.0
CLX,False,53.39891280236383,"graham_current_ratio,graham_debt_to_equity,graham_pe_times_pb",9852249088.0,16.93763,109.502686,0.658,22.214290000000002,1.6376,0.45228040540540543,0.12885,110375000.0,0.0613,4.0
MD,False,53.386025168668496,"graham_current_ratio,graham_earnings_stability,munger_gross_margin",2097959424.0,12.354068,2.3238232,1.316,0.70371,0.20389,0.26236,0.13407,160776992.0,,1.0
LNC,False,53.37032301428572,"graham_earnings_stability,munger_gross_margin",7739257856.0,3.4056444,0.74673045,2.184,0.63803,0.22587,0.27076998,0.046079997,2069374976.0,0.044000000000000004,2.0
SIRI,False,53.36201070844322,"graham_current_ratio,graham_earnings_stability,munger_roe",8750256128.0,10.425702,0.73464066,0.458,0.81105,0.07574,0.5244215938303342,0.17188595466230427,1186000000.0,0.04190000000000001,1.0
CHDN,False,53.35958338477131,"graham_current_ratio,graham_debt_to_equity,graham_pe_times_pb",5282581504.0,12.780776,3.9562564,0.356,3.49173,0.33848,0.34179002,0.23370586827984552,138712496.0,0.0058,4.0
CSX,False,53.34663249191187,"graham_current_ratio,graham_debt_to_equity,graham_pe,graham_pe_times_pb",86593937408.0,27.177324,6.1490393,0.82,1.3806800000000001,0.24357,0.47070998,0.3208203235878513,1953250048.0,0.011899999999999999,4.0
WTW,False,53.330991111354734,"graham_current_ratio,graham_earnings_stability,graham_pe_times_pb",26844170240.0,17.88645,3.4966674,1.098,0.9139,0.19761999,0.42516,0.23011948908117016,1415624960.0,0.013300000000000001,1.0
HCSG,False,53.2573045110286,"graham_size,graham_pe_times_pb,munger_gross_margin",1402842240.0,11.953217,2.6781971,3.022,0.03417,0.24691999,0.17114,0.04717,70280248.0,,4.0
VCYT,False,53.11775581441458,"graham_earnings_stability,graham_pe,graham_pe_times_pb,munger_roe",3697571328.0,32.853573,2.662364,9.162,0.02889,0.087740004,0.7010258244786278,0.11172301772230225,106230872.0,,2.0
EXR,False,53.112330442519294,"graham_current_ratio,graham_debt_to_equity,graham_pe,graham_pe_times_pb,munger_roe",29064318976.0,29.070639,2.0985787,0.886,1.01674,0.06953,0.74919,0.4182600838124293,1499437568.0,0.048499999999999995,4.0
WRLD,False,53.1119519198228,"graham_size,graham_debt_to_equity,graham_pe,graham_pe_times_pb,munger_roe",793691584.0,21.557594,2.124749,10.382,1.78936,0.099,0.69242996,0.15316,60710904.0,,4.0
AMZN,False,53.078714966604736,"graham_current_ratio,graham_earnings_stability,graham_pe,graham_pe_times_pb",2695284129792.0,20.102976,4.884667,1.033,0.45616999999999996,0.30558002,0.5077,0.11155296795755199,3219124992.0,,3.0
IBKR,False,53.01424850000001,"data_missing:free_cash_flow,graham_current_ratio,graham_debt_to_equity,graham_pe,graham_pe_times_pb",145812537344.0,33.96032,6.531329,1.093,2.05748,0.24018998,0.93036,0.76532996,,0.0040999999999999995,4.0
SHOO,False,52.986497967519156,"graham_pe,graham_pe_times_pb",3279065856.0,22.405,3.489332,1.906,0.38795999999999997,0.15913,0.41413727665226713,0.031873530301972014,219048992.0,0.018600000000000002,4.0
FTV,False,52.98637585090986,"graham_current_ratio,graham_pe,graham_pe_times_pb,munger_roe",16806988800.0,29.169313,2.7526464,1.241,0.59283,0.07318,0.6350171912192542,0.1731624630328677,939112512.0,0.0051,4.0
CRI,False,52.80370836166151,"graham_size,graham_debt_to_equity",1143920512.0,5.8134327,1.1135333,2.47,1.15325,0.20742,0.4535689370713622,0.049659021827709246,246791008.0,0.032,4.0
CAKE,False,52.7871051353167,"graham_current_ratio,graham_debt_to_equity,graham_pe,graham_pe_times_pb",5240043520.0,28.46081,10.10023,0.587,4.00999,0.38834,0.40701,0.0499186258564542,166743120.0,0.011200000000000002,4.0
CTRE,False,52.786849999999994,"graham_earnings_stability,graham_pe,graham_pe_times_pb,munger_roe,munger_fcf",8696771584.0,23.003124,1.9343565,3.304,0.26701,0.09056,0.96365,0.64858,-80309504.0,0.04190000000000001,3.0
AIZ,False,52.778039392857146,"graham_current_ratio,munger_gross_margin",12994347008.0,12.617338,2.1334748,0.382,0.36211,0.18341999,0.13272999,0.11734,2149574912.0,0.0134,4.0
WHD,False,52.74378922827928,"graham_pe,graham_pe_times_pb,munger_roe",4383427072.0,52.82353,3.531064,2.587,0.033010000000000005,0.13114001,0.33233002,0.23214936087358243,129337624.0,0.009399999999999999,4.0
AME,False,52.737735979333344,"graham_current_ratio,graham_pe,graham_pe_times_pb,munger_roe",57124265984.0,36.38394,5.074107,1.214,0.20521999999999999,0.14562,0.36905998,0.2581120198629504,1492221312.0,0.0054,4.0
RYAN,False,52.71628437082623,"graham_current_ratio,graham_debt_to_equity,graham_pe,graham_pe_times_pb",9502453760.0,50.10811,8.839094,0.998,3.74707,0.22092,0.41487,0.16178945084536003,584760128.0,0.0137,4.0
HOOD,False,52.71424925,"data_missing:free_cash_flow,graham_current_ratio,graham_debt_to_equity,graham_earnings_stability,graham_pe,graham_pe_times_pb",101160247296.0,50.006668,10.669986,1.116,2.40279,0.23618999,0.9189,0.43884,,,2.0
INGR,False,52.69926446442113,"munger_roe,munger_gross_margin",6058241536.0,10.441849,1.3398935,2.798,0.39411999999999997,0.13693,0.2532206676825045,0.14073971464191717,457249984.0,0.0344,4.0
VMRK,False,52.42842752412366,"data_missing:price_to_book,graham_current_ratio,graham_pe,munger_roe",47293378560.0,23.417625,,0.348,0.75129,0.08487,0.7043402764301141,0.5020815786307303,1387120000.0,0.0458,4.0
CSR,False,52.41622222755843,"graham_size,graham_debt_to_equity,graham_earnings_stability,graham_pe,graham_pe_times_pb,munger_roe",969882368.0,42.8125,1.3527858,3.112,1.24015,0.03388,0.59305,0.23582740753191894,106247624.0,0.0559,1.0
DASH,False,52.39448254058896,"graham_current_ratio,graham_earnings_stability,graham_pe,graham_pe_times_pb,munger_roe",80162291712.0,96.86126,8.079174,1.368,0.33276000000000006,0.088870004,0.52225,0.05270831814536706,5147500032.0,,2.0
PARR,False,52.351572520758296,"graham_earnings_stability,munger_gross_margin",4117437696.0,4.823063,2.042726,1.84,0.5616599999999999,0.53489,0.23056,0.07217458286724762,82314872.0,,1.0
UHS,False,52.33711945204797,graham_current_ratio,10256133120.0,7.102857,1.3649698,1.116,0.6873999999999999,0.20948,0.44607,0.11483067296545219,498316992.0,0.0046,4.0
CRS,False,52.33400585937529,"graham_pe,graham_pe_times_pb",19293149184.0,36.935482,8.669414,3.81,0.32658000000000004,0.25752002,0.3058382946034185,0.22469752256577685,238787504.0,0.002,4.0
MAA,False,52.32688914169405,"graham_current_ratio,graham_debt_to_equity,graham_pe,graham_pe_times_pb,munger_roe",14089492480.0,34.524853,2.5208693,0.048,1.0237699999999998,0.0705,0.58392,0.2620377540655517,921182272.0,0.051699999999999996,4.0
ECG,False,52.30880994657999,"graham_pe,graham_pe_times_pb,munger_gross_margin",6017106944.0,23.661646,7.7819967,1.587,0.47096,0.39525002,0.12120691215296231,0.0706680863455911,184378496.0,,4.0
BIIB,False,52.29935122411445,"graham_pe,graham_pe_times_pb,munger_roe",33584484352.0,40.44484,1.7812084,1.865,0.44329,0.04575,0.8657304791514809,0.25867579700774923,1266987520.0,,4.0
LIVN,False,52.269493009085146,"graham_current_ratio,graham_earnings_stability,graham_pe,graham_pe_times_pb",4224019200.0,22.616518,3.1847637,1.45,0.26556,0.15404001,0.677113914238145,0.1436472526625424,59872624.0,,0.0
ZBH,False,52.22664943508659,"graham_pe,munger_roe",17044320256.0,21.689322,1.3491967,1.691,0.60175,0.06413,0.69524,0.13340217457328554,1072150016.0,0.0105,4.0
CHD,False,52.2098243226035,"graham_current_ratio,graham_pe,graham_pe_times_pb",22467954688.0,30.358976,5.166076,1.147,0.55851,0.17041,0.447317513541398,0.1737167913335053,939262528.0,0.013000000000000001,4.0
EAT,False,52.186183657463516,"graham_current_ratio,graham_debt_to_equity,graham_pe_times_pb,munger_gross_margin",8063817728.0,17.71297,18.312725,0.455,3.95763,1.19568,0.18646999,0.1067431208458174,367575008.0,,4.0
SCI,False,52.172486402756114,"graham_current_ratio,graham_debt_to_equity,graham_pe,graham_pe_times_pb,munger_gross_margin",10404499456.0,20.142479,6.784571,0.531,3.44863,0.34714,0.26456534966539297,0.22697467809824207,315907872.0,0.0187,4.0
ARE,False,52.10607142857143,"data_missing:trailing_pe,graham_earnings_stability,munger_roe",8217549824.0,,0.5241321,2.35,0.6867,-0.040760003,0.68198997,0.17282,1344973952.0,0.0594,0.0
AKR,False,52.04351192751945,"graham_current_ratio,graham_earnings_stability,graham_pe,graham_pe_times_pb,munger_roe",2748199680.0,53.857143,1.107846,1.245,0.63176,0.057150003,0.70607,0.1203290509960877,187720752.0,0.0417,3.0
CURB,False,52.0286942415072,"graham_pe,graham_pe_times_pb,munger_roe",3175378176.0,103.12962,1.5220836,2.654,0.28476,0.0146200005,0.75179,0.19184,152188000.0,0.024399999999999998,4.0
REX,False,52.02066582548341,"graham_size,munger_gross_margin",1446126208.0,11.942466,2.146762,6.884,0.023090000000000003,0.19591999,0.14405514637494676,0.22362,47938876.0,,4.0
CTS,False,51.98693040535004,"graham_size,graham_pe,graham_pe_times_pb,munger_roe",1690384000.0,24.76778,2.9520745,2.609,0.15692,0.12429,0.3842953679722455,0.15266811744667644,72120000.0,0.0027,4.0
ALV,False,51.968578456949125,"graham_current_ratio,graham_pe_times_pb,munger_gross_margin",8226003968.0,13.245284,3.3036265,1.029,0.8752500000000001,0.25858,0.1917706888580675,0.10060101710587148,742124992.0,0.0308,4.0
GPN,False,51.838596842886886,"graham_current_ratio,graham_pe,graham_pe_times_pb,munger_roe",21629906944.0,39.487923,0.9401454,0.825,0.98273,0.02428,0.63959,0.2276994263340271,7867763200.0,0.012,4.0
URI,False,51.78548691866366,"graham_current_ratio,graham_debt_to_equity,graham_pe,graham_pe_times_pb",62578597888.0,24.18571,6.7947125,0.764,1.6679300000000001,0.28895,0.38163861109385677,0.24678551462823778,1706249984.0,0.0078000000000000005,4.0
DT,False,51.756808653029296,"graham_current_ratio,graham_pe,graham_pe_times_pb,munger_roe",16843042816.0,116.56,6.904395,1.208,0.06498999999999999,0.058790002,0.8155933426047631,0.12157579294753681,546524224.0,,4.0
DBX,False,51.714739049130166,"data_missing:debt_to_equity,data_missing:return_on_equity,graham_current_ratio,graham_pe_times_pb",7445235712.0,18.91713,-3.437751,1.074,,,0.8013486711622372,0.27334391114637047,783075008.0,,4.0
STE,False,51.697403314393874,"graham_pe,graham_pe_times_pb,munger_roe",20592998400.0,25.851898,2.8574715,1.906,0.28312000000000004,0.11389,0.4424771306794252,0.18561633450698292,798862528.0,0.012199999999999999,4.0
AGO,False,51.64033926753022,"graham_current_ratio,munger_roe",2983989248.0,9.022606,0.53743,0.99,0.30563,0.06666,0.94342005,0.4264,14625000.0,0.022000000000000002,4.0
PLAB,False,51.61642138932558,"graham_size,munger_roe",1818292736.0,10.967972,1.4001454,4.941,0.00223,0.13769001,0.3530344026921184,0.2450988703558485,29464124.0,,4.0
EFX,False,51.58665117312379,"graham_current_ratio,graham_debt_to_equity,graham_pe,graham_pe_times_pb,munger_roe",16181193728.0,24.205624,3.6977472,0.602,1.20956,0.14275,0.55542,0.1802946744588032,947537472.0,0.0159,4.0
GIII,False,51.576866666666675,"graham_size,graham_earnings_stability,munger_roe",1164097152.0,8.930921,0.63431615,2.704,0.18736999999999998,0.07677,0.39953,0.00728,151427872.0,0.0147,3.0
CRC,False,51.49543961911297,"data_missing:trailing_pe,graham_current_ratio,munger_roe",4529814528.0,,1.3315232,0.661,0.39594,-0.03554,0.5676,0.16298718997001907,299500000.0,0.0317,4.0
TDW,False,51.48117560793588,"graham_earnings_stability,graham_pe_times_pb,munger_gross_margin",4085235712.0,16.65416,2.932217,3.582,0.47051000000000004,0.19448,-0.07472836353195413,0.20889926418517046,367619136.0,,3.0
PFG,False,51.46312808283937,"graham_pe_times_pb,munger_roe",24054654976.0,16.004272,1.9858946,1.586,0.35307,0.12949,0.47345,0.12336001,1056374976.0,0.029500000000000002,4.0
CCK,False,51.46084766955661,"graham_current_ratio,graham_debt_to_equity,graham_pe_times_pb,munger_gross_margin",11497073664.0,15.188218,3.9640753,1.049,1.86334,0.27367002,0.20957,0.1255964415689446,853875008.0,0.0123,4.0
AMSF,False,51.40565617857143,"data_missing:debt_to_equity,graham_size,munger_gross_margin",441970112.0,9.528225,1.7508891,2.042,,0.18225001,0.27679002,0.19858,36250000.0,0.0688,4.0
MGM,False,51.36081656718372,"graham_current_ratio,graham_debt_to_equity,graham_pe_times_pb",7828308480.0,18.857576,3.1139913,1.335,8.933110000000001,0.18924999,0.44157,0.05712157073428685,878991104.0,,4.0
NXST,False,51.28463329703933,"graham_debt_to_equity,graham_pe,graham_pe_times_pb,munger_roe",4995411968.0,30.70928,2.2053344,1.562,5.337899999999999,0.07434,0.55070996,0.17154980804202868,800625024.0,0.0461,4.0
MZTI,False,51.235870050808565,"graham_pe_times_pb,munger_gross_margin",2699625728.0,14.17192,2.5634248,1.559,0.24097000000000002,0.18677999,0.24732216374247792,0.12369580008114733,132784872.0,0.0401,4.0
KDP,False,51.17277451851788,"graham_current_ratio,graham_pe,graham_pe_times_pb,munger_roe",40988078080.0,30.424244,1.6374015,0.479,0.99649,0.051,0.5420104800337289,0.215322532072517,4607249920.0,0.0296,4.0
WMB,False,51.127250000000004,"graham_current_ratio,graham_debt_to_equity,graham_pe,graham_pe_times_pb,munger_fcf",82998034432.0,27.033867,6.3085723,0.477,2.00371,0.21503,0.63637,0.3511297071129707,-1516749952.0,0.030600000000000002,4.0
DEI,False,51.10491226325629,"data_missing:trailing_pe,graham_size,graham_current_ratio,graham_debt_to_equity,graham_earnings_stability,munger_roe",1936406016.0,,0.8772889,0.546,1.6313300000000002,-0.01928,0.6335223141450743,0.25911461947598013,395813120.0,0.07919999999999999,2.0
NFG,False,51.044,munger_fcf,7241010176.0,10.610724,1.8452986,3.201,0.9092,0.19576,0.63229,0.35716546924951076,-24765500.0,0.0288,4.0
UPS,False,51.029546197294465,"graham_current_ratio,graham_debt_to_equity,graham_pe_times_pb,munger_gross_margin",79667183616.0,17.405205,5.2889013,1.179,1.899,0.29602,0.22413,0.08873123470296974,5593999872.0,0.0698,4.0
DORM,False,51.00194493023653,graham_pe_times_pb,3646094848.0,17.040915,2.4058156,3.598,0.34867,0.15048,0.4214096574268924,0.140611335673202,143988752.0,,4.0
CDW,False,50.96820625790806,"graham_current_ratio,graham_debt_to_equity,graham_pe_times_pb,munger_gross_margin",16022857728.0,15.422983,6.5759363,1.167,2.6327800000000003,0.44009998,0.21732867762808764,0.07383127973920915,676787520.0,0.0194,4.0
JOE,False,50.89917061435957,"graham_pe,graham_pe_times_pb",3783597824.0,31.201876,4.954525,3.839,0.71346,0.16246,0.4305342857031521,0.28491405680706716,118878000.0,0.0097,4.0
KFY,False,50.897579178351315,"munger_roe,munger_gross_margin",4010347008.0,13.573106,1.8250949,2.371,0.29869,0.14506,0.24725,0.1275225520912558,253317744.0,0.030600000000000002,4.0
EIX,False,50.78970734991985,"graham_current_ratio,graham_debt_to_equity",20818436096.0,5.361744,1.1932331,0.662,2.28042,0.19734,0.61005,0.36718952218253353,82375000.0,0.0655,4.0
AAT,False,50.76914821229227,"graham_size,graham_current_ratio,graham_debt_to_equity,graham_pe,graham_pe_times_pb,munger_roe",1655784320.0,71.149994,1.1679251,0.62,1.61778,0.02164,0.6112025566019569,0.33454988950124254,98077376.0,0.0637,4.0
AXP,False,50.74776826273877,"data_missing:free_cash_flow,graham_debt_to_equity,graham_pe_times_pb",205316816896.0,18.437449,5.9866796,1.553,1.7238,0.34377,0.62338,0.1158504261305713,,0.0124,4.0
MTCH,False,50.72325423542174,"data_missing:debt_to_equity,data_missing:return_on_equity,graham_pe_times_pb",9269269504.0,14.31915,-39.16586,1.724,,,0.74872,0.250209265493174,930664000.0,0.0199,4.0
PHM,False,50.712919631978835,"munger_roe,munger_gross_margin",22185945088.0,11.896833,1.6796216,7.272,0.19065000000000001,0.14901,0.25565,0.15685001,1078512896.0,0.0088,4.0
NOW,False,50.70707597735553,"graham_current_ratio,graham_pe,graham_pe_times_pb,munger_roe",138909696000.0,83.975,11.098629,0.701,0.67538,0.14244,0.7753426720891701,0.13737008585630367,5149374976.0,,4.0
LDOS,False,50.67953691961515,"graham_debt_to_equity,graham_pe_times_pb,munger_gross_margin",15370983424.0,11.409897,2.9021993,1.629,1.2327599999999999,0.27781,0.17795,0.12280190986374752,1146625024.0,0.013999999999999999,4.0
CW,False,50.64503364220025,"graham_pe,graham_pe_times_pb",20050786304.0,37.388084,7.238237,1.602,0.41481999999999997,0.19746,0.3720399088490304,0.18109023282829842,553040256.0,0.0019,4.0
ABT,False,50.63455337949474,"graham_current_ratio,graham_pe,graham_pe_times_pb,munger_roe",172474335232.0,32.045307,3.3524053,1.376,0.63212,0.10576,0.56847,0.18166847139505504,7209124864.0,0.025,4.0
ALRM,False,50.62988602027979,"graham_pe,graham_pe_times_pb,munger_roe",2682535424.0,24.179203,3.0995464,4.96,0.62337,0.13311,0.65809,0.1321595313230886,100146624.0,,4.0
ITRI,False,50.62902462699821,"graham_earnings_stability,graham_pe_times_pb",3805287680.0,14.532608,2.3538094,2.746,0.9775400000000001,0.16885,0.37686729520267453,0.13225278536528903,295262240.0,,3.0
DINO,False,50.56553511519427,munger_gross_margin,19072651264.0,10.285714,1.854419,1.971,0.32261,0.19504999,0.12892,0.034500725743421785,2035624960.0,0.0199,4.0
LIN,False,50.548988786844006,"graham_current_ratio,graham_pe,graham_pe_times_pb",220277063680.0,30.868542,5.636427,0.879,0.68947,0.18400998,0.48348,0.26254928499970576,4160750080.0,0.013500000000000002,4.0
TRMB,False,50.53513936724458,"data_missing:trailing_pe,graham_current_ratio,munger_roe",13459140608.0,,2.3723798,0.954,0.28553,-0.01939,0.6907423410364341,0.16502662169319543,686174976.0,,4.0
WST,False,50.51177038308976,"graham_pe,graham_pe_times_pb",26131927040.0,47.60513,8.74229,2.822,0.10585000000000001,0.19087,0.35912950131745874,0.19026707003675872,277937504.0,0.0023,4.0
SYY,False,50.438121104277954,"graham_current_ratio,graham_debt_to_equity,graham_pe,graham_pe_times_pb,munger_gross_margin",37665292288.0,21.459017,14.098007,1.277,5.64591,0.77692,0.18496091209064136,0.03660426004990953,1914000000.0,0.027999999999999997,4.0
PEN,False,50.428195821061664,"graham_earnings_stability,graham_pe,graham_pe_times_pb,munger_roe",12558923776.0,77.955986,8.204415,5.75,0.13896,0.1137,0.6714116259933817,0.13482490480278414,161100128.0,,3.0
WM,False,50.42419210475838,"graham_current_ratio,graham_debt_to_equity,graham_pe,graham_pe_times_pb",81717780480.0,28.957508,8.238565,0.907,2.35301,0.29841,0.40601003,0.17092524996032377,2348375040.0,0.0183,4.0
BDX,False,50.40282724514179,"graham_current_ratio,graham_pe,graham_pe_times_pb,munger_roe",49051418624.0,31.1019,2.0089917,0.865,0.6884,0.06607,0.47138235660072164,0.11808608058608058,4478374912.0,0.0231,4.0
LZB,False,50.40078678204567,"graham_size,munger_roe",1195975808.0,15.15736,1.1802838,1.665,0.5279200000000001,0.080469996,0.44041455162733617,0.06075654731535971,182847744.0,0.0326,4.0
MIDD,False,50.38567666794713,"graham_earnings_stability,graham_pe_times_pb,munger_roe",4732744704.0,15.905015,2.1415417,1.987,0.90515,0.10974,0.3910765393748973,0.17958598051606864,604098624.0,,0.0
CAT,False,50.34925785075427,"graham_current_ratio,graham_debt_to_equity,graham_pe,graham_pe_times_pb,munger_gross_margin",374083420160.0,35.032288,19.28756,1.368,2.32783,0.56972003,0.29713,0.16498246756128956,5048999936.0,0.0079,4.0
OSK,False,50.31733597839432,"munger_roe,munger_gross_margin",8057036288.0,14.818807,1.7651317,1.718,0.24359000000000003,0.12387,0.17452961438454084,0.09014325053011331,734037504.0,0.0173,4.0
ARR,False,50.24824999999999,"data_missing:free_cash_flow,graham_size,graham_current_ratio,graham_debt_to_equity,graham_earnings_stability",1973957120.0,3.1621315,0.7373625,1.142,7.567240000000001,0.20331,1.0,0.86998004,,0.20559999999999998,1.0
SCHW,False,50.20475,"data_missing:free_cash_flow,graham_current_ratio,graham_debt_to_equity,graham_pe_times_pb",169474899968.0,17.850637,3.854777,0.655,1.5110599999999998,0.20273,0.97495,0.52277,,0.0129,4.0
IRT,False,50.18751558755316,"graham_current_ratio,graham_earnings_stability,graham_pe,graham_pe_times_pb,munger_roe",3536640256.0,81.30556,1.025219,0.588,0.7015600000000001,0.0125899995,0.60678,0.2709902108433735,186066880.0,0.048600000000000004,2.0
WMS,False,50.139355118587616,"graham_pe,graham_pe_times_pb",9630770176.0,21.758093,5.08399,2.119,0.97185,0.26354,0.38270232915548774,0.2029920245897555,327261376.0,0.0062,4.0
MTN,False,50.130812321455934,"graham_current_ratio,graham_debt_to_equity,graham_pe,graham_pe_times_pb",4915710976.0,29.287687,8.908874,0.799,6.121849999999999,0.26042,0.4373,0.1481715197357202,190187632.0,0.06280000000000001,4.0
FCX,False,50.130168406036816,"graham_pe,graham_pe_times_pb,munger_roe",100923310080.0,34.45098,5.018924,2.066,0.32149,0.14755,0.38275,0.25151456685317386,2159249920.0,0.0085,4.0
EEFT,False,50.12940527521032,"graham_current_ratio,graham_debt_to_equity,munger_gross_margin",2393019648.0,9.97619,1.9111475,1.371,2.25391,0.22371,0.24004,0.12482917864379624,311637504.0,,4.0
AIT,False,50.11779468266456,"graham_pe,graham_pe_times_pb",12287855616.0,30.576784,6.792219,2.578,0.25967,0.22368999,0.30337834926548607,0.11063091163806207,362843616.0,0.0060999999999999995,4.0
TREX,False,50.088208784060065,"graham_current_ratio,graham_pe,graham_pe_times_pb",4564271104.0,25.841175,4.583681,1.061,0.30034,0.17740999,0.3917030794529694,0.21967831847441852,69669128.0,,4.0
ISRG,False,50.0741121916369,"data_missing:debt_to_equity,data_missing:consecutive_positive_earnings_years,graham_pe,graham_pe_times_pb",146446155776.0,47.199768,7.9619384,4.963,,0.17423001,0.6599600584220096,0.29265651236499846,2615200000.0,,
NCLH,False,50.02969396874373,"graham_current_ratio,graham_debt_to_equity,graham_earnings_stability,munger_fcf",6805163520.0,8.981818,2.6450114,0.2,6.21051,0.3673,0.42457,0.19436341482624267,-1680301312.0,,3.0
ATEN,False,50.022337673359615,"graham_size,graham_current_ratio,graham_pe,graham_pe_times_pb",1983678464.0,47.10345,8.319123,1.29,0.9500700000000001,0.19444999,0.7933555206035304,0.1622469945656102,61384500.0,0.009300000000000001,4.0
WFRD,False,49.980075565872646,"graham_pe_times_pb,munger_gross_margin",5665188864.0,15.625246,3.1811428,2.344,0.9066500000000001,0.22793,0.22224465078724262,0.0951281459247287,558000000.0,0.0137,4.0
FICO,False,49.972982528492224,"data_missing:debt_to_equity,data_missing:return_on_equity,graham_current_ratio,graham_pe,graham_pe_times_pb",12930181120.0,23.57956,-3.155807,1.183,,,0.851,0.46454588423447246,774413504.0,,4.0
NABL,False,49.94521848360759,"data_missing:trailing_pe,graham_size,graham_current_ratio,graham_earnings_stability,munger_roe",786791488.0,,0.9779291,1.305,0.5425099999999999,-0.00632,0.7711241030052989,0.07193359795084371,70063376.0,,0.0
RJF,False,49.94475789285715,"data_missing:free_cash_flow,graham_pe_times_pb",30456629248.0,13.791813,2.3953826,2.109,0.47594000000000003,0.18416001,0.93156,0.19301,,0.013500000000000002,4.0
SLG,False,49.91933266666667,"data_missing:trailing_pe,graham_debt_to_equity,graham_earnings_stability,munger_roe",3778481408.0,,1.0918342,2.466,1.4255600000000002,-0.03573,0.44757998,0.6499512484970779,581023296.0,0.0504,0.0
ESE,False,49.91482632519171,"graham_current_ratio,graham_pe,graham_pe_times_pb,munger_roe",6864987648.0,49.161415,4.244774,1.382,0.09315,0.095,0.42008,0.15552023575208054,233938368.0,0.0012,4.0
ADUS,False,49.90489590095679,"graham_pe_times_pb,munger_roe",2068803712.0,19.445614,1.7659523,1.69,0.09478,0.09706,0.3246848924100019,0.0974425846906568,116251504.0,,4.0
AGNC,False,49.84925,"data_missing:free_cash_flow,graham_current_ratio,graham_debt_to_equity,graham_earnings_stability",10841228288.0,4.5497513,1.0068259,0.192,7.170929999999999,0.19799,1.0,0.95614,,0.1525,3.0
DTM,False,49.7710927650478,"graham_current_ratio,graham_pe,graham_pe_times_pb,munger_roe",12182156288.0,26.1875,2.549097,1.372,0.6854300000000001,0.09901,0.75344,0.49396621078037006,128000000.0,0.028900000000000002,4.0
MRP,False,49.7029997,"graham_earnings_stability,munger_roe,munger_fcf",4323057664.0,9.071429,0.7387492,46.568,0.42579999999999996,0.081199996,0.85307,0.8094913741275453,-1379807232.0,0.1192,1.0
NLY,False,49.675250000000005,"data_missing:free_cash_flow,graham_current_ratio,graham_debt_to_equity,graham_earnings_stability",14422326272.0,4.6219807,0.94972205,0.558,7.37543,0.19567,0.97972,0.91652,,0.1476,2.0
TDY,False,49.67337040323015,"graham_pe,graham_pe_times_pb,munger_roe",28209348608.0,29.4862,2.5850813,2.181,0.18565,0.09154,0.43339002,0.18801713706380613,912675008.0,,4.0
GAP,False,49.654407390181284,"graham_debt_to_equity,graham_earnings_stability",8087994880.0,6.935241,2.0455759,1.822,1.44773,0.33776,0.4079135754262658,0.07256280098919693,246375008.0,0.0297,3.0
LMT,False,49.63034804238573,"graham_current_ratio,graham_debt_to_equity,graham_pe_times_pb,munger_gross_margin",117539422208.0,18.79299,13.359477,1.193,2.34238,0.89165,0.10152169278328536,0.10301407099456347,5562625024.0,0.0269,4.0
SONO,False,49.60885931381109,"graham_earnings_stability,graham_pe,graham_pe_times_pb,munger_roe",2112730496.0,39.688892,5.234467,1.615,0.14081,0.14175999,0.43687416682602637,-0.0349676707712177,97409872.0,,0.0
GNL,False,49.60336913563938,"data_missing:trailing_pe,graham_size,graham_debt_to_equity,graham_earnings_stability,munger_roe",1933817216.0,,1.1684136,5.63,1.61696,-0.00962,0.85733,0.22407861316491887,366119616.0,0.091,0.0
HST,False,49.598737380251414,"graham_pe_times_pb,munger_gross_margin",15593135104.0,15.063758,2.4067123,1.671,0.8529800000000001,0.15558,0.29195,0.13984298331697742,1692375040.0,0.0356,4.0
BCPC,False,49.5986601827186,"graham_pe,graham_pe_times_pb,munger_roe",5298445824.0,32.654224,4.0781727,2.665,0.12801,0.12793,0.3573533906500534,0.20182594601995255,134847504.0,0.005699999999999999,4.0
MRVL,False,49.57363183714769,"graham_earnings_stability,graham_pe,graham_pe_times_pb",237428785152.0,83.60443,12.500118,3.168,0.28525,0.16523,0.5101774339198984,0.16143557952798185,2408049920.0,0.0009,1.0
AN,False,49.558014999412016,"graham_current_ratio,graham_debt_to_equity,munger_gross_margin",5209556480.0,7.3019,2.310721,0.782,5.0158499999999995,0.32766998,0.17908973124778332,0.04487286203377317,356124992.0,,4.0
HAE,False,49.46830704502649,"graham_debt_to_equity,graham_pe,graham_pe_times_pb,munger_roe",4782422528.0,50.780193,5.7099786,3.08,1.40265,0.111999996,0.5903823535805497,0.11748937615205689,312840000.0,,4.0
COIN,False,49.4623601907717,"data_missing:trailing_pe,graham_earnings_stability,munger_roe",49258352640.0,,3.7652516,2.423,0.5098199999999999,-0.07847,0.8581,0.1998852579433461,2668452864.0,,3.0
NYT,False,49.45294067908365,"data_missing:debt_to_equity,graham_pe,graham_pe_times_pb",10334244864.0,26.697914,5.0552263,1.58,,0.19724001,0.50958997,0.15276797415004612,459932128.0,0.0148,4.0
IEX,False,49.39750993244349,"graham_pe,graham_pe_times_pb,munger_roe",16863795200.0,32.91439,4.223533,3.049,0.4706,0.12955,0.44506146059291396,0.20225596529284165,555612480.0,0.0127,4.0
PH,False,49.390634598790086,"graham_current_ratio,graham_pe,graham_pe_times_pb,munger_gross_margin",121200336896.0,33.80408,7.867335,1.262,0.5666,0.25076,0.23611907314400027,0.23573189450672125,2961750016.0,0.008199999999999999,4.0
DCI,False,49.323217609307775,"graham_pe,graham_pe_times_pb",10101567488.0,22.636364,5.729783,2.076,0.7836700000000001,0.28205,0.3333333333333333,0.1364547084256037,321849984.0,0.014199999999999999,4.0
OMCL,False,49.321664438296025,"graham_size,graham_earnings_stability,graham_pe,graham_pe_times_pb,munger_roe",1553870976.0,40.55357,1.2029876,1.644,0.15484,0.03059,0.4249011474074668,0.004355000021099806,134181872.0,,2.0
BKNG,False,49.32072528489595,"data_missing:debt_to_equity,data_missing:return_on_equity,graham_current_ratio,graham_pe_times_pb",126491164672.0,18.117647,-11.474765,1.094,,,0.9809163315195962,0.3278597169075306,7725875200.0,0.0103,4.0
DOV,False,49.3180358227823,"graham_pe,graham_pe_times_pb,munger_roe",25317187584.0,22.730349,3.2862487,1.979,0.42316000000000004,0.14914,0.397669541607976,0.16970638873603952,906472128.0,0.0111,4.0
ARES,False,49.20300114694428,"graham_current_ratio,graham_debt_to_equity,graham_pe,graham_pe_times_pb,munger_roe",38691708928.0,53.49541,10.572024,0.62,1.7237799999999999,0.14918,1.0,0.09473,2159716096.0,0.0454,4.0
NKE,False,49.19437532976509,graham_pe_times_pb,52523270144.0,16.859524,3.532023,1.961,0.74289,0.22138001,0.42913487650329757,0.12687,1889250048.0,0.0458,4.0
BURL,False,49.16278250196816,"graham_current_ratio,graham_debt_to_equity,graham_pe,graham_pe_times_pb",16894147584.0,24.164421,8.437648,1.172,2.94974,0.41412997,0.44084,0.06718,107377376.0,,4.0
FSS,False,49.11943163434709,"graham_pe,graham_pe_times_pb,munger_gross_margin",6811023360.0,24.047415,4.5177746,2.739,0.32223,0.20608,0.2894748910800275,0.1563402889245586,194724992.0,0.0053,4.0
PPG,False,49.08756486411046,graham_pe_times_pb,23279255552.0,15.024391,2.7572408,1.58,0.86938,0.19297001,0.41202998,0.1646964659524689,1104625024.0,0.0279,4.0
VFC,False,49.05097048693031,"graham_current_ratio,graham_debt_to_equity,graham_earnings_stability,graham_pe,graham_pe_times_pb",5525506560.0,20.369566,1.4866723,1.425,2.80723,0.17938,0.55037,0.06002671259453336,324440736.0,0.0248,1.0
MTDR,False,49.04975995605462,"graham_current_ratio,munger_roe,munger_fcf",6385717248.0,8.850772,1.079227,0.65,0.69104,0.13592,0.8239,0.3318317323079412,-907763968.0,0.0296,4.0
MTSI,False,49.02383579530879,"graham_earnings_stability,graham_pe,graham_pe_times_pb",21887907840.0,91.56549,14.204996,2.338,0.26873,0.17184,0.5469088909060458,0.13404076265070952,104351504.0,,0.0
SPXC,False,48.97817937732504,"graham_pe,graham_pe_times_pb,munger_roe",8563179520.0,30.100353,3.6459599,1.825,0.26175,0.14684,0.40287998,0.15469515694671318,234024992.0,,4.0
NVST,False,48.97344456026558,"graham_earnings_stability,graham_pe,graham_pe_times_pb,munger_roe",3763433472.0,40.398277,1.2232314,2.425,0.5162,0.030569999,0.5466813752528038,0.07946313660599374,267887504.0,,1.0
ENVA,False,48.973244392776174,"data_missing:free_cash_flow,graham_debt_to_equity,graham_pe_times_pb",4150807808.0,12.385588,2.7711565,20.146,3.3701499999999998,0.26081,0.5807241469793788,0.23461719929192712,,,4.0
PRSU,False,48.96018080736299,"graham_size,graham_pe,graham_pe_times_pb,munger_roe,munger_fcf",1371387008.0,33.986485,2.5571938,1.606,0.39954999999999996,0.08914,0.92541003,0.309585052171803,-54856000.0,,4.0
O,False,48.88372065945905,"graham_pe,graham_pe_times_pb,munger_roe",51545227264.0,39.76277,1.303292,1.528,0.74722,0.03225,0.9268,0.46965998,1582081920.0,0.0591,4.0
QRVO,False,48.82847679129232,"graham_earnings_stability,graham_pe,graham_pe_times_pb,munger_roe",10118604800.0,26.612528,2.9144223,3.543,0.44619,0.115559995,0.4589083046238471,0.11184507234844912,476142016.0,,2.0
CR,False,48.824707098441046,"graham_pe,graham_pe_times_pb",11886931968.0,35.642113,5.4585147,2.804,0.51181,0.16521999,0.40718843843843844,0.1840347071583514,363750016.0,0.0049,4.0
XYL,False,48.69156713016505,"graham_pe,graham_pe_times_pb,munger_roe",23715115008.0,24.183191,2.15509,1.613,0.28642,0.09182999,0.38461538461538464,0.13536247924737133,1183750016.0,0.017,4.0
CVCO,False,48.627921017446525,"graham_pe,graham_pe_times_pb,munger_gross_margin",4312370688.0,24.394085,3.8937182,2.229,0.03702,0.16658,0.23474530018868303,0.10183492574086492,163879120.0,,4.0
LGND,False,48.62363805298489,"graham_debt_to_equity,graham_earnings_stability,graham_pe,graham_pe_times_pb",6241639424.0,32.27732,6.4461603,31.178,1.16944,0.21962,0.81198996,0.1529428879430931,139748880.0,,1.0
VVV,False,48.591509806094926,"graham_current_ratio,graham_debt_to_equity,graham_pe,graham_pe_times_pb",3867555840.0,37.419754,9.280465,0.702,4.7499400000000005,0.28399,0.38502017189966675,0.2279717008711922,72525000.0,,4.0
TYL,False,48.53519858033001,"graham_pe,graham_pe_times_pb,munger_roe",13078927360.0,41.912075,4.3039455,1.554,0.47906,0.09731,0.46464066131010057,0.15335499969987224,594435648.0,,4.0
PRG,False,48.52607383085003,"graham_size,graham_debt_to_equity",1233187328.0,9.987097,1.531233,4.518,1.10148,0.17066,0.36145002,0.08582559605316735,1535915904.0,0.0178,4.0
CNMD,False,48.525135933626714,"graham_size,graham_current_ratio,graham_earnings_stability,graham_pe,graham_pe_times_pb,munger_roe",1390636416.0,25.097298,1.3369615,1.484,0.80109,0.05527,0.5459095789409365,0.07464916594167266,131359624.0,0.0172,3.0
TRGP,False,48.482072598938686,"graham_current_ratio,graham_debt_to_equity,graham_pe,graham_pe_times_pb,munger_gross_margin",57676587008.0,25.739235,18.414116,0.771,5.15794,0.70839995,0.2943801824451338,0.19562727929388135,65837500.0,0.0183,4.0
MS,False,48.47749925,"data_missing:free_cash_flow,graham_debt_to_equity,graham_pe_times_pb",296907702272.0,15.257869,2.788233,1.999,5.172820000000001,0.17969999,0.87641,0.41567,,0.0239,4.0
WSO,False,48.473582538430534,"graham_pe,graham_pe_times_pb,munger_gross_margin",12577793024.0,26.12682,3.929225,3.199,0.15411,0.16744,0.28047833420128215,0.09950520009558948,483663744.0,0.043899999999999995,4.0
PCRX,False,48.46888985189136,"graham_size,graham_earnings_stability,graham_pe,graham_pe_times_pb,munger_roe",989797056.0,71.87143,1.490755,5.042,0.61329,0.020480001,0.79206,0.02641892812746503,98341248.0,,1.0
DHI,False,48.40739874199941,"munger_roe,munger_gross_margin",38475706368.0,13.113441,1.6212521,6.011,0.29451,0.12632,0.21298,0.1299,2413900032.0,0.0129,4.0
GTES,False,48.37230650476734,"graham_pe_times_pb,munger_roe",6685722112.0,18.730497,1.8983612,3.244,0.60695,0.10384,0.39837941449814124,0.13513592007434944,417662496.0,,4.0
HR,False,48.36693299824366,"data_missing:trailing_pe,graham_current_ratio,graham_debt_to_equity,graham_earnings_stability,munger_roe",6245139456.0,,1.4469727,0.342,1.03031,-0.019199999,0.61946,0.2013827586768514,493022368.0,0.0535,0.0
DOC,False,48.348107142857145,"graham_debt_to_equity,graham_pe,graham_pe_times_pb,munger_roe",14232117248.0,57.357147,1.7643698,2.286,1.08653,0.03039,0.57648,0.1599,1645113088.0,0.060599999999999994,4.0
L,False,48.34635977095019,"graham_current_ratio,munger_roe",21421979648.0,12.85767,1.120533,0.507,0.44609000000000004,0.09313,0.36290002,0.14533,1262000000.0,0.0024,4.0
SNPS,False,48.323866453501516,"graham_current_ratio,graham_pe,graham_pe_times_pb,munger_roe",83630227456.0,76.16056,2.6841013,1.337,0.34804,0.03661,0.7698457566565516,0.1297000160755796,3425542400.0,,4.0
SAFT,False,48.272133333333336,"graham_size,graham_current_ratio,graham_pe,graham_pe_times_pb,munger_roe,munger_gross_margin",1520751104.0,22.277418,1.7350304,0.385,0.06817999999999999,0.07842,0.07645,0.13685,160487248.0,0.0355,4.0
MMS,False,48.25445645230644,munger_gross_margin,2793286656.0,7.892011,1.6048491,2.421,0.99546,0.21112,0.2455119202191161,0.09726793482783788,354073760.0,0.024900000000000002,4.0
KMT,False,48.10190208438315,munger_fcf,2363507712.0,7.0,1.5020876,2.618,0.47334000000000004,0.23853001,0.4115741601172488,0.20050596215552438,-171881504.0,0.0258,4.0
VMI,False,48.100284398115186,graham_pe_times_pb,9019194368.0,18.147655,5.1939135,2.354,0.50676,0.29777,0.30212114611186563,0.10125869191360254,142812496.0,0.0066,4.0
DEA,False,48.0461825320256,"graham_size,graham_current_ratio,graham_debt_to_equity,graham_pe,graham_pe_times_pb,munger_roe",1144775680.0,122.94737,0.83920103,0.604,1.25876,0.0077100005,0.67524004,0.17425175820559718,127493128.0,0.0779,4.0
AMRX,False,47.888171049734076,"graham_debt_to_equity,graham_earnings_stability,graham_pe,graham_pe_times_pb,munger_fcf",7054735872.0,42.197914,196.65048,2.205,23.86528,6.1301703,0.36879645947342615,0.13054896712557473,-115327128.0,,1.0
AXTA,False,47.758990934397175,"graham_debt_to_equity,graham_pe_times_pb,munger_roe",6917126144.0,19.82822,2.7424693,1.533,1.19424,0.14344,0.34039003,0.1436388508891929,539500032.0,,4.0
GILD,False,47.7546657876903,"data_missing:trailing_pe,graham_current_ratio,graham_debt_to_equity,munger_roe",185484886016.0,,15.693454,1.265,2.2346500000000002,-0.2068,0.79603994,0.34038650952688243,9768875008.0,0.0217,4.0
NSC,False,47.745022652900865,"graham_current_ratio,graham_debt_to_equity,graham_pe,graham_pe_times_pb",69764481024.0,26.524767,4.2923775,0.831,1.05519,0.16985,0.45159,0.35763546798029555,1382249984.0,0.0173,4.0
GTM,False,47.74138226719259,"data_missing:trailing_pe,graham_size,graham_current_ratio,graham_debt_to_equity,munger_roe",1107673728.0,,1.3421516,0.651,1.83227,-0.45449,0.8402561024409764,0.18063225290116047,356462496.0,,4.0
UPBD,False,47.71685104917649,"graham_size,graham_debt_to_equity,graham_earnings_stability,munger_roe",910852416.0,10.14526,1.2419475,3.126,2.32932,0.12733,0.48385079554876925,0.04757062794285314,1568163200.0,0.0998,2.0
MYRG,False,47.70454967476508,"graham_current_ratio,graham_pe,graham_pe_times_pb,munger_gross_margin",4576269312.0,27.91358,6.065915,1.398,0.08895,0.24714,0.11585534716881786,0.045619755000766836,177308880.0,,4.0
GS,False,47.6765,"data_missing:free_cash_flow,graham_debt_to_equity,graham_pe_times_pb",262852067328.0,13.946238,2.4934194,1.563,7.25381,0.16902,0.82075995,0.42176998,,0.0218,4.0
HLIT,False,47.669330850033944,"graham_size,graham_earnings_stability,graham_pe,graham_pe_times_pb,munger_roe",1156649600.0,46.108692,3.2087743,3.047,0.36111,0.06546,0.4846986183960524,0.0390543737847516,71000248.0,,0.0
GEHC,False,47.64207123208378,"graham_current_ratio,graham_pe_times_pb",29945071616.0,15.167973,2.7092354,1.264,0.93965,0.19376,0.3999030303030303,0.13396363636363637,1573124992.0,0.0024,4.0
DHR,False,47.610742337160325,"graham_pe,graham_pe_times_pb,munger_roe",155208777728.0,39.355614,2.9514344,1.651,0.5297,0.07605,0.5911348095083034,0.19089873005535657,4325125120.0,0.0070999999999999995,4.0
VST,False,47.57497152149216,"graham_current_ratio,graham_debt_to_equity,graham_earnings_stability,graham_pe,graham_pe_times_pb",46364647424.0,23.29511,15.439813,0.973,3.7327999999999997,0.42962003,0.38309,0.10745292592174992,37125000.0,0.006500000000000001,3.0
RPM,False,47.542999151821846,graham_pe_times_pb,12640486400.0,19.154737,3.8170674,1.678,0.89022,0.21371001,0.41435204672978254,0.15307,480144864.0,0.0216,4.0
FIVE,False,47.457643301608435,graham_pe_times_pb,12029856768.0,19.59731,4.858477,2.222,0.8233199999999999,0.28250998,0.35610576054153226,0.09600858243878704,367360512.0,,4.0
KEX,False,47.454893916909825,"graham_pe,graham_pe_times_pb,munger_roe",6889872384.0,20.075386,2.0128958,1.684,0.35618,0.10414,0.33196998,0.14752575021179828,347219136.0,,4.0
P,False,47.43560687313596,"graham_pe,graham_pe_times_pb,munger_fcf",43472830464.0,178.71233,29.812616,1.511,0.14622,0.17714001,0.7038120388998382,0.03134614287317256,-114351752.0,,4.0
RBC,False,47.413643642887806,"graham_pe,graham_pe_times_pb,munger_roe",15831838720.0,49.61012,4.5600615,2.53,0.25364000000000003,0.09747,0.4437436527874285,0.22502538885028595,283237504.0,,4.0
TSCO,False,47.4130740922201,"graham_current_ratio,graham_debt_to_equity,graham_pe_times_pb",16264267776.0,16.257812,6.2119403,1.334,2.4871,0.39513,0.3642418993089817,0.09452361839175173,103175000.0,0.0305,4.0
OKTA,False,47.360690786473114,"graham_earnings_stability,graham_pe,graham_pe_times_pb,munger_roe",36783198208.0,125.24107,5.275027,1.525,0.0076,0.043130003,0.7735525865022268,0.05104487838300788,1037625024.0,,2.0
IVT,False,47.360432278584135,"graham_pe,graham_pe_times_pb,munger_roe",2354168832.0,158.89474,1.3330685,1.849,0.62113,0.0085,0.72560996,0.2006123629119327,117164248.0,0.032799999999999996,4.0
ADAM,False,47.3285,"data_missing:free_cash_flow,graham_size,graham_current_ratio,graham_debt_to_equity,graham_earnings_stability",706455104.0,4.73494,0.75802875,0.844,7.69104,0.16438,0.78673,0.51676,,0.15130000000000002,1.0
BLFS,False,47.226080077095205,"graham_size,graham_earnings_stability,graham_pe,graham_pe_times_pb,munger_roe",1902628352.0,38.89,4.5268307,9.694,0.037469999999999996,0.12829,0.63613,0.059580002,4664875.0,,0.0
CELH,False,47.20898853029564,"graham_earnings_stability,graham_pe,graham_pe_times_pb,munger_roe",6939485696.0,119.23913,5.7919745,1.798,0.22802,0.05113,0.5038558500104761,0.05608227191604556,349633984.0,,3.0
VICI,False,47.20292933647351,munger_roe,25363320832.0,8.928295,0.86947495,11.236,0.60277,0.09849,0.99271005,0.26193277598904674,267028992.0,0.0793,4.0
SWK,False,47.179253657057664,"graham_current_ratio,graham_earnings_stability,graham_pe,graham_pe_times_pb,munger_roe,munger_gross_margin",13431419904.0,21.745722,1.4991994,1.432,0.58172,0.06886,0.2527880382831585,0.17066666666666666,1419049984.0,0.0378,2.0
CXT,False,47.13298433192531,"graham_current_ratio,graham_debt_to_equity,graham_pe_times_pb,munger_roe",2719771648.0,19.524794,2.1476297,1.415,1.141,0.11484,0.36414319248826293,0.14891048469849702,239787504.0,0.015300000000000001,4.0
SPHR,False,47.086416666666665,"data_missing:trailing_pe,graham_current_ratio,graham_earnings_stability,munger_roe",4843847680.0,,2.174176,1.224,0.40995,-0.03097,0.54707,-0.18816027277682382,442722880.0,,1.0
POOL,False,47.04948091733602,"graham_debt_to_equity,graham_pe_times_pb,munger_gross_margin",5916273664.0,14.949494,4.695431,2.671,1.34537,0.31254998,0.2972849830112928,0.1096919194554539,212930256.0,0.032,4.0
APOG,False,47.03702088065677,"graham_size,munger_roe,munger_gross_margin",742911232.0,11.159874,1.4644781,1.76,0.5625399999999999,0.13756,0.22742684908804733,0.060135271257954356,102537000.0,0.0302,4.0
FCN,False,47.02404923056271,graham_pe_times_pb,3726182144.0,16.377428,2.7453413,2.028,0.9501999999999999,0.15634,0.32133041706245447,0.1026898085623184,289741120.0,,4.0
VRSK,False,47.00353258084951,"data_missing:debt_to_equity,data_missing:return_on_equity,graham_current_ratio,graham_pe,graham_pe_times_pb",21984153600.0,25.77419,-18.82531,1.005,,,0.70179003,0.43736778728805287,1055550016.0,0.012,4.0
SMPL,False,46.968988269117915,"data_missing:trailing_pe,graham_size,munger_roe",845497984.0,,0.5961959,4.796,0.31623999999999997,-0.12197,0.36235423041932013,0.10812932484216911,107168376.0,,4.0
LEG,False,46.93721504761905,"graham_size,graham_debt_to_equity,graham_earnings_stability,munger_gross_margin",1256618752.0,5.897436,1.1617628,2.35,1.5219900000000002,0.22642,0.19089001,0.08383001,241450000.0,0.00021700000000000002,1.0
SON,False,46.9223119153266,"graham_current_ratio,graham_debt_to_equity,munger_gross_margin",4833195520.0,7.555641,1.3496686,0.995,1.32433,0.18855,0.20939815418860017,0.13535954698870942,527077760.0,0.0435,4.0
M,False,46.89107944536571,graham_debt_to_equity,5983556608.0,8.391941,1.2142252,1.59,1.03267,0.15993,0.38834756806608123,0.04553291189602582,605000000.0,0.0329,4.0
BL,False,46.83595483104712,"graham_size,graham_debt_to_equity,graham_earnings_stability,graham_pe,graham_pe_times_pb,munger_roe",1551072896.0,47.651783,4.9270678,1.721,2.0288,0.070300005,0.7524581433896752,0.036480603974432736,138621248.0,,3.0
CALX,False,46.822464318641764,"graham_earnings_stability,graham_pe,graham_pe_times_pb,munger_roe",2165961216.0,45.26316,3.0504568,2.83,0.01969,0.06905,0.568310316896831,0.02098979010209898,61477124.0,,1.0
RGA,False,46.80126428571428,"graham_current_ratio,munger_roe,munger_gross_margin",16149427200.0,10.894493,1.1791308,1.166,0.41418,0.11687,0.1407,0.10637,9836499968.0,0.0155,4.0
LXP,False,46.79324924174376,"graham_current_ratio,graham_pe,graham_pe_times_pb,munger_roe",3592266240.0,61.545456,1.9375457,1.026,0.69889,0.03497,0.81463,0.16078,183396368.0,0.046,4.0
PBI,False,46.69835333183498,"data_missing:debt_to_equity,data_missing:return_on_equity,graham_current_ratio,graham_earnings_stability,graham_pe_times_pb",2265415680.0,13.434958,-2.6234324,0.734,,,0.5221948856693349,0.21681,233828128.0,0.0246,1.0
SAIC,False,46.624130440912246,"graham_current_ratio,graham_debt_to_equity,graham_pe_times_pb,munger_gross_margin",5386779136.0,14.98485,3.7604566,1.204,1.8837000000000002,0.25737,0.1274,0.07174332139906361,505375008.0,0.0115,4.0
HAL,False,46.594516613115935,"graham_pe_times_pb,munger_roe,munger_gross_margin",26536409088.0,16.63089,2.406257,2.018,0.7418600000000001,0.14917,0.15076,0.16741779335670173,2052249984.0,0.0216,4.0
FELE,False,46.54914495744934,"graham_pe,graham_pe_times_pb,munger_roe",4259774464.0,27.68678,3.0266383,2.406,0.21844999999999998,0.11767,0.35468621700879766,0.12620668621700878,149414368.0,0.0116,4.0
AEO,False,46.540507196904784,graham_debt_to_equity,2990345984.0,9.198453,1.6959702,1.592,1.0898999999999999,0.20003,0.36510453133776893,0.040781030408657576,210763744.0,0.0276,4.0
XOM,False,46.482253044565205,"graham_current_ratio,graham_pe,graham_pe_times_pb,munger_roe,munger_gross_margin",669974331392.0,20.9428,2.5829897,1.135,0.15921,0.12584,0.29767,0.15859,20671000576.0,0.0255,4.0
ATO,False,46.41102638740483,"graham_current_ratio,graham_pe_times_pb,munger_roe,munger_fcf",26485575680.0,18.614014,1.7358127,0.814,0.6766200000000001,0.09792,0.7108538576610577,0.33171428237277933,-2220956928.0,0.0254,4.0
CNO,False,46.38586551681852,"graham_debt_to_equity,graham_pe_times_pb,munger_roe",4888828928.0,18.22069,1.8899778,2.27,1.75664,0.10934,0.38706002,0.12327851317020992,996099968.0,0.013500000000000002,4.0
CENX,False,46.36915818164522,"graham_earnings_stability,munger_gross_margin,munger_fcf",3571678208.0,6.231434,2.545506,2.751,0.31281,0.51749,0.10142806281894062,0.06254203093476798,-46287500.0,,2.0
VC,False,46.35457647677181,"munger_roe,munger_gross_margin",2329053184.0,16.811174,1.4460447,1.775,0.25696,0.09538999,0.14118895966029724,0.07813,203124992.0,0.0172,4.0
TWLO,False,46.250958104621766,"graham_earnings_stability,graham_pe,graham_pe_times_pb,munger_roe",45304688640.0,40.689655,5.0461855,4.621,0.11868000000000001,0.13497,0.4891703932333706,0.03114173057416098,954675392.0,,1.0
XPEL,False,46.24149506308374,"graham_size,graham_pe,graham_pe_times_pb,munger_fcf",1218902784.0,22.328281,4.2375154,2.61,0.19949000000000003,0.19365999,0.42213145737085256,0.1315602687946241,-15348625.0,,4.0
SF,False,46.20552735452729,"data_missing:free_cash_flow,graham_current_ratio",10614666240.0,12.575133,1.9999146,0.895,0.52002,0.16427,0.95567,0.15599680493897022,,0.0195,4.0
CNM,False,46.16535634058629,"graham_debt_to_equity,graham_pe_times_pb,munger_gross_margin",7706971648.0,17.195473,3.7944968,2.468,1.3065600000000002,0.23561001,0.2692559173532104,0.09441611089316072,477000000.0,,4.0
BKR,False,46.150681382049136,"graham_earnings_stability,graham_pe_times_pb,munger_gross_margin",54706266112.0,17.720259,2.7469842,2.095,0.80925,0.16463,0.18592163772128534,0.11071184735348018,4415000064.0,0.0165,3.0
EHC,False,46.14007034430546,"graham_current_ratio,graham_pe,graham_pe_times_pb",11991319552.0,20.292154,4.622904,1.192,0.82121,0.24968,0.43865,0.12406291680080946,229924992.0,0.0068000000000000005,4.0
ROKU,False,46.118258211354544,"graham_earnings_stability,graham_pe,graham_pe_times_pb,munger_roe",22734817280.0,64.90678,8.050664,2.866,0.16792,0.13122,0.43789615538632004,-0.0011871864083199306,836552128.0,,1.0
FBIN,False,46.07106128120766,"graham_debt_to_equity,graham_pe,graham_pe_times_pb,munger_roe",4563571712.0,30.830645,1.9769367,2.014,1.21292,0.06406,0.5976859138983238,0.11563452231582722,299150016.0,0.0271,4.0
SKY,False,46.02053717832183,"graham_pe,graham_pe_times_pb,munger_roe,munger_gross_margin",4677319168.0,25.195906,2.97343,2.738,0.07833,0.12645,0.26441984067660823,0.09451918972503406,184228752.0,,4.0
SBAC,False,45.971613464188174,"data_missing:debt_to_equity,data_missing:return_on_equity,graham_current_ratio,graham_pe_times_pb",17136412672.0,17.425026,-3.7012513,0.165,,,0.7545513738397998,0.47698745958902916,752056384.0,0.030699999999999998,4.0
IQV,False,45.94823898075815,"graham_current_ratio,graham_debt_to_equity,graham_pe,graham_pe_times_pb",44372865024.0,33.52985,7.190525,0.706,2.57975,0.22818,0.32968,0.1337829552421827,2149750016.0,,4.0
KAI,False,45.8928809892826,"graham_pe,graham_pe_times_pb,munger_roe",3111584000.0,28.332256,3.0417666,2.591,0.49396,0.11291,0.44798002,0.14947806980863826,105733624.0,0.0054,4.0
NHC,False,45.88146805974466,"graham_pe,graham_pe_times_pb,munger_roe",3461794560.0,24.86389,3.0845656,1.862,0.027839999999999997,0.13267,0.39488,0.08456555985349665,63169624.0,0.012,4.0
TPC,False,45.76646683966486,"graham_current_ratio,graham_earnings_stability,graham_pe,graham_pe_times_pb,munger_roe,munger_gross_margin",4349305856.0,35.66164,3.5854821,1.285,0.34819,0.13736,0.11681588384999636,0.041847261042182816,573201344.0,0.0043,1.0
CBT,False,45.714925458777486,"graham_current_ratio,graham_pe,graham_pe_times_pb,munger_roe,munger_gross_margin",3970977536.0,21.54762,2.4745867,1.467,0.74394,0.13345,0.25316455696202533,0.1672502019929976,258250000.0,0.023700000000000002,4.0
KBR,False,45.70387343863157,"graham_current_ratio,graham_debt_to_equity,graham_earnings_stability,munger_gross_margin",4440106496.0,10.608435,2.7140326,1.148,1.7040199999999999,0.27531,0.14770100179809914,0.09992293860775751,281500000.0,0.018799999999999997,2.0
ELAN,False,45.69396626843478,"data_missing:trailing_pe,graham_earnings_stability,munger_roe",11293950976.0,,1.7140583,2.05,0.64253,-0.029779999,0.5499469777306468,0.086260006,826875008.0,,0.0
CRK,False,45.679062428842116,"graham_current_ratio,graham_debt_to_equity,graham_earnings_stability,munger_fcf",3651171584.0,6.985955,1.415642,0.476,1.0020099999999998,0.19018,0.56847,0.2908864566729827,-868676608.0,,1.0
TTEK,False,45.65557913500362,"graham_current_ratio,graham_pe,graham_pe_times_pb,munger_gross_margin",8536521216.0,20.084337,4.6094294,1.184,0.55247,0.24297,0.1766335513055365,0.07504129467771778,396642240.0,0.0085,4.0
SCSC,False,45.513553353367485,"graham_size,munger_roe,munger_gross_margin",1181476608.0,16.11401,1.2984239,1.755,0.12176000000000001,0.08681,0.135569310199246,0.030571948090272288,95035624.0,,4.0
GWRE,False,45.50636353295999,"graham_earnings_stability,graham_pe,graham_pe_times_pb,munger_roe",11818423296.0,88.97531,9.901086,1.786,0.59897,0.10508,0.6421253616906484,0.10158449140991065,343031744.0,,2.0
FG,False,45.47653266666667,"graham_current_ratio,graham_earnings_stability,munger_roe",2833215232.0,7.1178617,0.61474186,0.941,0.48807,0.09167,0.32766998,-0.0373,2268624896.0,0.045700000000000005,2.0
AWR,False,45.425843895235104,"graham_current_ratio,graham_pe,graham_pe_times_pb,munger_roe,munger_fcf",3259633664.0,22.469944,2.9065206,0.98,0.8181100000000001,0.1367,0.5762,0.3088943019999301,-25544000.0,0.026600000000000002,4.0
MSM,False,45.41901123608757,"graham_pe,graham_pe_times_pb",6936109568.0,30.0,4.886493,1.548,0.39130000000000004,0.16322,0.40751464178074615,0.080000350177118,195171120.0,0.0279,4.0
TR,False,45.40332474378129,"graham_pe,graham_pe_times_pb,munger_roe",2853189632.0,29.889763,2.988035,2.893,0.013959999999999998,0.1034,0.352810283349078,0.1377961677706123,59253124.0,0.0095,4.0
FIVN,False,45.37191131752791,"graham_debt_to_equity,graham_earnings_stability,graham_pe,graham_pe_times_pb,munger_roe",2553273088.0,50.249413,3.253318,4.149,1.07449,0.079169996,0.5507445904926341,0.02510686735915787,260481504.0,,1.0
IR,False,45.29265544339637,"graham_pe,graham_pe_times_pb,munger_roe",29363795968.0,31.272726,2.885136,1.616,0.47903,0.0947,0.4360663451358664,0.14960331464272178,1107425024.0,0.001,4.0
GHC,False,45.21616876529023,"data_missing:consecutive_positive_earnings_years,munger_roe,munger_gross_margin",4844736512.0,9.246646,1.0174642,1.86,0.30218,0.118710004,0.29947,0.0478354853638241,267685120.0,0.0067,
VAC,False,45.20700164002417,"data_missing:trailing_pe,graham_debt_to_equity,graham_earnings_stability,munger_roe",3515889664.0,,1.7619278,4.549,2.68546,-0.1471,0.53148,0.18478,275249984.0,0.030600000000000002,0.0
SXI,False,45.11698692346541,"graham_pe,graham_pe_times_pb",3365366784.0,31.532797,4.3732643,2.404,0.74985,0.17218,0.3563978925951351,0.10012323521384205,165311008.0,0.005,4.0
TALO,False,45.0859,"data_missing:trailing_pe,graham_earnings_stability,munger_roe",2733391872.0,,1.4576619,1.613,0.66094,-0.17822,0.71367997,-0.31475166706927254,550837376.0,,0.0
LCII,False,45.07959357158332,munger_gross_margin,2047393536.0,9.7584,1.4300147,2.486,0.80054,0.15,0.23781925207974638,0.06790898727491905,264589248.0,0.053899999999999997,4.0
TKO,False,45.0604276733781,"graham_current_ratio,graham_pe,graham_pe_times_pb,munger_roe",34138576896.0,64.64874,3.9477773,1.278,0.59216,0.07063,0.59455,0.17634390117654114,856147520.0,0.0178,4.0
VCEL,False,45.049947029569,"graham_earnings_stability,graham_pe,graham_pe_times_pb,munger_roe",2059017984.0,83.770836,5.56078,5.039,0.25168,0.07157,0.7442255274941268,0.03997697812559953,55544876.0,,2.0
CORT,False,45.0332337276021,"graham_pe,graham_pe_times_pb,munger_roe",12543738880.0,257.86667,17.74312,2.859,0.013349999999999999,0.08226,0.98305,0.058834499814159835,77395128.0,,4.0
AMD,False,44.977008521814156,"graham_pe,graham_pe_times_pb,munger_roe",1000952102912.0,162.63927,14.885533,2.609,0.06361,0.10196,0.4951644100580271,0.10664280146655504,8841499648.0,,4.0
ASO,True,44.9224205707055,,2965639424.0,8.080537,1.3712984,1.743,0.90381,0.18613,0.34783892197031296,0.0846107667507955,169622880.0,0.0125,4.0
KHC,False,44.91592142857143,"data_missing:trailing_pe,graham_current_ratio,graham_earnings_stability,munger_roe",27137576960.0,,0.75381273,1.061,0.52591,-0.0876,0.33498,0.1549,3250500096.0,0.0682,0.0
FOX,False,44.91475875597206,"graham_pe_times_pb,munger_roe",23980578816.0,14.8098955,2.0521054,3.169,0.6406000000000001,0.14291,0.36629,0.25214002,555374976.0,0.0104,4.0
MHK,False,44.89704414139224,"graham_earnings_stability,munger_roe,munger_gross_margin",8483525120.0,16.58808,0.8871636,1.916,0.27604,0.055120002,0.23872086338939677,0.04541324382962152,966899968.0,,2.0
TOL,False,44.82070456963474,"munger_roe,munger_gross_margin",12507111424.0,10.937147,1.4696392,4.502,0.34101,0.14393,0.24826999,0.11006406320477295,557737472.0,0.0077,4.0
SGI,False,44.784940969720836,"graham_current_ratio,graham_debt_to_equity,graham_pe,graham_pe_times_pb",13099458560.0,24.612648,4.0550923,0.748,1.98088,0.17516,0.42576071691299405,0.1009697050759045,687912512.0,0.0109,4.0
GD,False,44.77415591848999,"graham_current_ratio,graham_pe,graham_pe_times_pb,munger_gross_margin",89952149504.0,20.297316,3.348137,1.441,0.35335,0.17803,0.15375,0.10192197906755471,4400124928.0,0.0191,4.0
DLR,False,44.76820088758927,"graham_current_ratio,graham_pe,graham_pe_times_pb,munger_roe",66529239040.0,85.93171,2.4409711,0.89,0.67944,0.02912,0.56994,0.10772536879005191,3768482048.0,0.0276,4.0
JBL,False,44.73700705038356,"graham_current_ratio,graham_debt_to_equity,graham_pe,graham_pe_times_pb,munger_gross_margin",30057127936.0,35.855,22.7272,0.981,2.9713600000000002,0.65876,0.08878598751761627,0.039661767666599554,1211624960.0,0.001,4.0
MUSA,False,44.732097359846975,"graham_current_ratio,graham_debt_to_equity,graham_pe_times_pb,munger_gross_margin",9297331200.0,15.217508,11.878405,0.925,3.5293200000000002,0.86394,0.08061,0.03836614118368371,386800000.0,0.0051,4.0
SWKS,False,44.714750334428146,"graham_pe,graham_pe_times_pb,munger_roe",12879262720.0,44.367874,2.245856,3.101,0.11869,0.05094,0.41158335168465093,0.12234211749736965,448812512.0,0.041299999999999996,4.0
HLI,False,44.621663458861605,"data_missing:free_cash_flow,graham_pe,graham_pe_times_pb",8862306304.0,21.312605,3.9308743,1.664,0.20846,0.17794001,0.3232220760219233,0.20134318185638597,,0.022000000000000002,4.0
OLLI,False,44.59825162204462,"graham_pe_times_pb,munger_roe",5088410112.0,19.163313,2.6909184,2.228,0.38281,0.14862001,0.40500710026204156,0.11236042002145555,119643128.0,,4.0
RVTY,False,44.58436888765726,"graham_pe,graham_pe_times_pb,munger_roe",17269110784.0,74.40385,2.3888984,1.8,0.46225,0.03211,0.6008263729149694,0.12486996905867577,604992128.0,0.0018,4.0
EXP,False,44.49591661742769,"graham_debt_to_equity,graham_pe_times_pb,munger_gross_margin",5254683136.0,13.498818,3.548788,3.231,1.20746,0.2703,0.2826503535820377,0.317311978017941,25278250.0,0.0058,4.0
VNO,False,44.49270105282751,"graham_debt_to_equity,graham_earnings_stability,graham_pe,graham_pe_times_pb,munger_roe",6981339648.0,1136.3301,1.3822285,5.343,1.2231699999999999,0.00603,0.49595,0.2694253415414194,445744128.0,0.0218,3.0
PLNT,False,44.47001613893236,"data_missing:debt_to_equity,data_missing:return_on_equity,graham_pe_times_pb",3203112704.0,14.363945,-5.182867,1.584,,,0.58525,0.2980619932575309,156152992.0,,4.0
CENTA,False,44.43211547704023,munger_roe,2105614976.0,12.459259,1.2052596,3.787,0.8063400000000001,0.099709995,0.3187293470966093,0.07990859991690902,342347872.0,,4.0
CENT,False,44.43211547704023,munger_roe,2441737216.0,14.448147,1.3976568,3.787,0.8063400000000001,0.099709995,0.3187293470966093,0.07990859991690902,342347872.0,,4.0
MMSI,False,44.395392879921154,"graham_pe,graham_pe_times_pb,munger_roe",5194209280.0,35.79835,3.0920982,4.198,0.48822000000000004,0.0919,0.4870156856691642,0.12185452132256222,173902128.0,,4.0
NVT,False,44.36615454038522,"graham_pe,graham_pe_times_pb",26128726016.0,44.71745,6.55367,1.8,0.40957,0.15748,0.37735994451722277,0.15843415273175618,452550016.0,0.0052,4.0
ACLS,False,44.317168951811745,"graham_pe,graham_pe_times_pb,munger_roe",4090716160.0,44.45134,3.8380077,4.896,0.0655,0.088870004,0.4491375940351446,0.14220282987385705,42032248.0,,4.0
FOXA,False,44.31024461991899,"graham_pe_times_pb,munger_roe",26776274944.0,16.536459,2.2913435,3.169,0.6406000000000001,0.14291,0.36629,0.25214002,555374976.0,0.009300000000000001,4.0
TRN,False,44.262799502738716,"graham_debt_to_equity,munger_gross_margin,munger_fcf",2053074688.0,6.0921745,1.7966882,2.168,4.68386,0.30156,0.26239002,0.30098752839723675,-335049984.0,0.0464,4.0
URBN,True,44.24384949538774,,6549577728.0,11.965571,2.5071318,1.581,0.42512,0.20942,0.3597109081425042,0.09823147850187888,97297000.0,,4.0
RBA,False,44.223697670920146,"graham_current_ratio,graham_pe,graham_pe_times_pb,munger_roe",15222573056.0,35.21983,2.7164228,1.312,0.77606,0.08066,0.5472703103714923,0.15540113708149084,603587520.0,0.016200000000000003,4.0
EFC,False,44.185249999999996,"data_missing:free_cash_flow,graham_size,graham_debt_to_equity,graham_earnings_stability,munger_roe",1566690688.0,7.45625,0.8722035,7.625,9.287799999999999,0.12247,1.0,0.55869997,,0.1281,3.0
CCI,False,44.12903036217599,"data_missing:debt_to_equity,data_missing:return_on_equity,graham_current_ratio,graham_earnings_stability,graham_pe,graham_pe_times_pb",28377876480.0,27.224487,-8.689421,0.522,,,0.73732,0.4866322701688555,1036249984.0,0.0634,1.0
JXN,False,44.107350037500005,"data_invalid_outlier:operating_margin,graham_pe,graham_pe_times_pb,munger_roe",8808123392.0,142.9121,0.94044906,1.806,0.54611,0.0137600005,0.48801,-8.101191,1227750016.0,0.0274,4.0
HUBB,False,44.098749543665875,"graham_debt_to_equity,graham_pe,graham_pe_times_pb",24163487744.0,27.074009,6.175871,1.609,1.41642,0.24444,0.35316360401053964,0.20682339253327858,495812512.0,0.0124,4.0
LKQ,False,44.00621202528334,munger_roe,5801337856.0,12.73889,0.9012657,1.578,0.8210500000000001,0.07131,0.3856860303274485,0.0727419236685957,724124992.0,0.0519,4.0
OSIS,False,43.953877504966314,"graham_debt_to_equity,graham_pe,graham_pe_times_pb",3120959232.0,21.84933,3.7412095,3.153,1.26037,0.17344,0.35954928274117176,0.05132536358678988,209244624.0,,4.0
LNN,False,43.9215278662821,"graham_size,graham_pe,graham_pe_times_pb,munger_roe",1144253824.0,21.597889,2.2926853,2.935,0.27616,0.10741,0.31163508622525016,0.13029001963428194,41360124.0,0.013500000000000002,4.0
CRGY,False,43.882677723851025,"graham_current_ratio,graham_debt_to_equity,graham_earnings_stability,graham_pe,graham_pe_times_pb,munger_roe",4263859712.0,161.3125,0.82745576,0.945,1.00234,0.01517,0.62158,0.06404831355652384,601587648.0,0.037200000000000004,1.0
SMP,False,43.78090734543426,"graham_size,munger_roe",830197760.0,9.488549,1.1605614,2.003,0.9527899999999999,0.12528,0.3123163897322291,0.07621159049062115,130171000.0,0.0352,4.0
PPLI,False,43.742340894486055,"graham_earnings_stability,munger_roe",3134559232.0,7.122674,0.61666816,3.691,0.27577,0.09043,0.66347003,-0.0407055188704277,76441128.0,,0.0
MCD,False,43.68211542732443,"data_missing:debt_to_equity,data_missing:return_on_equity,graham_current_ratio,graham_pe_times_pb",163854467072.0,18.809917,-160.13147,1.081,,,0.57382,0.4609633624697787,6262374912.0,0.033,4.0
JBHT,False,43.67415306345536,"graham_current_ratio,graham_pe,graham_pe_times_pb,munger_gross_margin",21084305408.0,31.940254,5.7661586,1.255,0.38372999999999996,0.18448,0.18505,0.08676307116088199,903028352.0,0.0079,4.0
MATX,False,43.67086771652801,"graham_current_ratio,graham_pe_times_pb,munger_gross_margin",6612252672.0,14.910316,2.3844287,0.888,0.25834,0.17206,0.23023,0.14943937808342053,147124992.0,0.0067,4.0
LAZ,False,43.65485829857098,"data_missing:free_cash_flow,graham_debt_to_equity,graham_earnings_stability,graham_pe_times_pb",3582147328.0,17.926107,3.8787038,5.305,2.25799,0.25665,0.89509004,0.10280919363332293,,0.0559,2.0
DG,False,43.62054237356061,"graham_current_ratio,graham_debt_to_equity,graham_pe_times_pb",26460778496.0,15.637549,2.8487282,1.209,1.69811,0.19692,0.30660930299520633,0.05157871377807827,1738019712.0,0.0192,4.0
CERT,False,43.61904507919839,"data_missing:trailing_pe,graham_size,graham_earnings_stability,munger_roe",1402594048.0,,1.4507731,2.551,0.31241,-0.022090001,0.61608005,0.050176918044685534,62582376.0,,0.0
REYN,False,43.6093835163007,munger_gross_margin,4594728448.0,13.374232,1.989414,1.795,0.7134199999999999,0.15433,0.24563289438323033,0.14619,244124992.0,0.0417,4.0
CZR,False,43.49633003324959,"data_missing:trailing_pe,graham_current_ratio,graham_debt_to_equity,graham_earnings_stability,munger_roe",6043099648.0,,1.7924927,0.851,7.2987,-0.103769995,0.49691,0.16176214522026816,762499968.0,,0.0
TGT,False,43.49149183956601,"graham_current_ratio,graham_debt_to_equity,graham_pe_times_pb,munger_gross_margin",71055728640.0,16.225103,3.9822288,0.988,1.07583,0.26408002,0.2854195890750062,0.048835655659477,3432999936.0,0.0297,4.0
EQIX,False,43.41928891530992,"graham_current_ratio,graham_debt_to_equity,graham_pe,graham_pe_times_pb,munger_roe",100170514432.0,65.369606,6.964948,1.129,1.6221700000000001,0.10735,0.51979,0.2004990777910383,3785999872.0,0.0203,4.0
PAYO,False,43.39094120406795,"graham_current_ratio,graham_earnings_stability,graham_pe,graham_pe_times_pb,munger_roe,munger_fcf",2421089280.0,51.035713,3.7039917,1.003,0.13183999999999998,0.07058,0.85370004,0.11841762809491876,-69092496.0,,3.0
SABR,False,43.37891174885282,"data_missing:trailing_pe,data_missing:debt_to_equity,data_missing:return_on_equity,graham_size,graham_current_ratio,graham_earnings_stability",860035840.0,,-0.8035445,1.025,,,0.56426,0.10663905191767686,100824752.0,,1.0
Q,False,43.343598418856516,"graham_pe,graham_pe_times_pb,munger_roe",26347431936.0,44.95,3.6295998,2.008,0.59992,0.06722,0.46219003,0.22323,772249984.0,0.0025,4.0
MMI,False,43.2961648388128,"graham_size,graham_earnings_stability,graham_pe,graham_pe_times_pb,munger_roe",1078944896.0,77.0,1.8630657,2.915,0.12808999999999998,0.0242,0.37724,-0.01815651335618071,68309504.0,0.0172,0.0
CMI,False,43.272484596201885,"graham_pe,graham_pe_times_pb,munger_gross_margin",71264460800.0,26.416882,5.5341244,1.727,0.59586,0.21114,0.25292545292545293,0.11954261954261955,2229374976.0,0.0169,4.0
SJM,False,43.26915585714286,"graham_current_ratio,graham_debt_to_equity,graham_earnings_stability,graham_pe,graham_pe_times_pb,munger_roe",12739733504.0,55.72897,2.2153287,0.87,1.20682,0.03931,0.37951002,0.17898001,1464337536.0,0.0371,0.0
ECL,False,43.262261131681285,"graham_debt_to_equity,graham_pe,graham_pe_times_pb",77419749376.0,37.020775,7.699331,1.841,1.38023,0.21956,0.44210997,0.1702360520359177,1474824960.0,0.0105,4.0
WWD,False,43.261994288163606,"graham_pe,graham_pe_times_pb,munger_gross_margin",19418693632.0,36.541668,7.760513,1.645,0.5594100000000001,0.22339001,0.29626,0.17764,187228624.0,0.0039000000000000003,4.0
BA,False,43.207338510471416,"graham_current_ratio,graham_debt_to_equity,graham_earnings_stability,graham_pe,graham_pe_times_pb,munger_gross_margin",147130531840.0,67.010826,24.14335,1.138,7.90875,1.73537,0.04794160714485318,0.0478521847020556,5625375232.0,,1.0
ZBRA,False,43.17246892075514,"graham_current_ratio,graham_pe,graham_pe_times_pb",17878716416.0,34.4033,5.1781745,0.516,0.8623000000000001,0.15286,0.48054114158636024,0.12972572275759822,576750016.0,,4.0
PM,False,43.12947134489236,"data_missing:debt_to_equity,data_missing:return_on_equity,graham_current_ratio,graham_pe,graham_pe_times_pb",298739433472.0,26.292181,-34.804794,0.98,,,0.6711769336744735,0.36636488880141704,9714374656.0,0.033,4.0
UFPT,False,43.10994767325859,"graham_pe,graham_pe_times_pb,munger_gross_margin",2321645824.0,32.438313,5.020603,3.0,0.29483,0.17052001,0.28269881900540317,0.15318258053706305,34872376.0,,4.0
VRSN,False,43.09312103810977,"data_missing:debt_to_equity,data_missing:return_on_equity,graham_current_ratio,graham_pe,graham_pe_times_pb",25726709760.0,30.899836,-11.413175,0.591,,,0.88465,0.6766871906314137,832837504.0,0.0116,4.0
BFAM,False,43.03392796988727,"graham_current_ratio,graham_debt_to_equity,graham_pe,graham_pe_times_pb,munger_roe,munger_gross_margin",3109498112.0,20.296825,3.3369,0.479,2.17779,0.14942999,0.23765521421240132,0.1072621520196809,240151376.0,,4.0
IVZ,False,43.031600000000005,"data_missing:trailing_pe,graham_current_ratio,graham_earnings_stability,munger_roe,munger_gross_margin",13331085312.0,,1.3382529,0.708,0.12055999999999999,-0.0057300003,0.2952,-0.1090934750905584,1140787456.0,0.028300000000000002,0.0
COST,False,43.00895063282704,"graham_current_ratio,graham_pe,graham_pe_times_pb,munger_gross_margin",405280292864.0,43.956974,11.319718,1.06,0.23953,0.28402,0.12824,0.03772412665540356,7147500032.0,0.0064,4.0
RSG,False,42.942143141368184,"graham_current_ratio,graham_debt_to_equity,graham_pe,graham_pe_times_pb",64362909696.0,29.64598,5.345626,0.644,1.18798,0.18152,0.43035,0.17354286014610817,1942625024.0,0.0126,4.0
MBGL,False,42.92645,"data_missing:return_on_equity,data_missing:free_cash_flow,graham_earnings_stability,graham_pe",5073851392.0,40.940475,0.5154531,1.879,0.20417000000000002,,0.70948,0.25641,,0.013500000000000002,3.0
SUPN,False,42.79054496416222,"data_missing:trailing_pe,graham_earnings_stability,munger_roe",2525763328.0,,2.4467006,2.083,0.03895,-0.104899995,0.72890997,-0.08663026182554608,84611000.0,,0.0
AKAM,False,42.77176890407451,"graham_debt_to_equity,graham_pe,graham_pe_times_pb,munger_roe",15367616512.0,38.883636,3.2334442,1.637,1.96672,0.08918,0.57452,0.12556512275688814,710060096.0,,4.0
TNL,False,42.76438953825748,"data_missing:debt_to_equity,data_missing:return_on_equity,graham_pe_times_pb",3799795712.0,16.758108,-3.7289512,3.202,,,0.50611,0.13752797811489678,556374976.0,0.0375,4.0
SMTC,False,42.756741452004285,"graham_earnings_stability,graham_pe,graham_pe_times_pb",16716019712.0,123.52759,29.096004,1.698,0.7010500000000001,0.23663999,0.516339912855068,0.031015024167242077,132654752.0,,0.0
R,False,42.75632142857143,"graham_current_ratio,graham_debt_to_equity,graham_pe_times_pb,munger_gross_margin",8768778240.0,18.575954,3.0457656,0.646,2.9360899999999996,0.16697,0.1983,0.08455,949249984.0,0.0175,4.0
CSGP,False,42.74413326719299,"graham_pe,graham_pe_times_pb,munger_roe",11149011968.0,152.8611,1.4041848,2.214,0.14537,0.00894,0.7887280566676933,-0.02217431475207884,412700000.0,,4.0
FDX,False,42.712296573359076,"graham_current_ratio,graham_debt_to_equity,graham_pe_times_pb,munger_roe,munger_gross_margin",67517341696.0,15.38727,2.1634574,1.475,1.35697,0.14846,0.27318,0.05767525337837838,5656625152.0,0.017,4.0
CRH,False,42.65717349561877,graham_pe_times_pb,55052292096.0,14.620142,2.2926247,1.579,0.7759199999999999,0.15812,0.36125724357091354,0.14527198440462522,2019124992.0,0.018500000000000003,4.0
AJG,False,42.62365590418945,"graham_current_ratio,graham_pe,graham_pe_times_pb,munger_roe",58586734592.0,37.902157,2.4698496,1.053,0.59401,0.06722,0.43186,0.1916,2082300032.0,0.0123,4.0
MSCI,False,42.6085338650889,"data_missing:debt_to_equity,data_missing:return_on_equity,graham_current_ratio,graham_pe,graham_pe_times_pb",39255457792.0,29.490171,-14.596017,0.894,,,0.82975,0.5466866850068863,1194705920.0,0.0152,4.0
WINA,False,42.57376160175122,"data_missing:debt_to_equity,data_missing:return_on_equity,graham_size,graham_pe,graham_pe_times_pb",1087780608.0,27.504087,-28.873,3.75,,,0.96664,0.6344019048128131,32954364.0,0.013300000000000001,4.0
AWK,False,42.571250000000006,"graham_current_ratio,graham_debt_to_equity,graham_pe,graham_pe_times_pb,munger_roe,munger_fcf",25830793216.0,22.487888,2.2143853,0.523,1.37745,0.10095,0.61469,0.3669205233352861,-1785374976.0,0.0276,4.0
LW,False,42.566000056816605,"graham_current_ratio,graham_debt_to_equity,graham_pe,graham_pe_times_pb,munger_gross_margin",5756419584.0,20.129808,3.1538112,1.423,2.21223,0.16280001,0.20563192837590552,0.08939400813635195,452924992.0,0.0351,4.0
ALG,False,42.4518108040722,"graham_size,munger_roe,munger_gross_margin",1891367936.0,18.633093,1.5648758,4.391,0.23471,0.08771,0.24805966147351619,0.09453861814599228,91344752.0,0.0083,4.0
FCFS,False,42.44988692470418,"graham_debt_to_equity,graham_pe,graham_pe_times_pb",9164026880.0,24.037542,3.9567413,4.887,1.16419,0.17398001,0.5027548160455914,0.15508,219812256.0,0.0079,4.0
NXRT,False,42.42921535161783,"data_missing:trailing_pe,graham_size,graham_debt_to_equity,graham_earnings_stability,munger_roe",1011176448.0,,2.0198948,2.87,6.29179,-0.11093,0.60032004,0.11115842423422384,71450872.0,0.11,0.0
FDXF,False,42.3906985570806,"data_missing:debt_to_equity,graham_pe,graham_pe_times_pb,munger_gross_margin,munger_fcf",16609968128.0,25.363012,-33.420578,1.517,,0.69093,0.29278,0.061398521887436046,-511124992.0,,4.0
CVNA,False,42.346778159973844,"graham_debt_to_equity,graham_earnings_stability,graham_pe,graham_pe_times_pb,munger_gross_margin",70542630912.0,33.67196,11.360228,3.926,1.1088,0.58773,0.20627890955614606,0.09255978742249779,424375008.0,,3.0
PSX,False,42.31625878406721,"graham_current_ratio,graham_pe_times_pb,munger_gross_margin",102025658368.0,14.585853,3.238304,1.32,0.62884,0.23452999,0.13098,0.08529,4545375232.0,0.020099999999999996,4.0
DIS,False,42.278422368515876,"graham_current_ratio,graham_pe,graham_pe_times_pb,munger_roe",181794226176.0,21.708248,1.6553725,0.709,0.39404000000000006,0.0801,0.37595,0.18587238549113053,4860375040.0,0.014199999999999999,4.0
PVH,False,42.2428456763935,"data_missing:trailing_pe,munger_roe",3445111808.0,,0.7188655,1.648,0.86909,-0.03499,0.5752497150901655,0.02576478737905298,529800000.0,0.002,4.0
GOLF,False,42.17675023920589,"graham_debt_to_equity,graham_pe,graham_pe_times_pb",4870396416.0,22.660326,5.2665153,2.55,1.17199,0.25239,0.4772891239013104,0.11702211644057794,45248500.0,0.0124,4.0
ES,False,42.173723892957256,"graham_current_ratio,graham_debt_to_equity,graham_earnings_stability,munger_roe",24242786304.0,16.716885,1.4833252,0.8,1.807,0.09016,0.52752,0.2206049437066314,811961344.0,0.0493,2.0
RNG,False,42.054147013795415,"data_missing:debt_to_equity,data_missing:return_on_equity,graham_current_ratio,graham_earnings_stability,graham_pe,graham_pe_times_pb",6283003392.0,60.191998,-10.325236,1.106,,,0.7124484422748298,0.04793009698855969,639506496.0,0.0037,1.0
UNH,False,41.95627245021299,"graham_current_ratio,graham_pe,graham_pe_times_pb,munger_roe,munger_gross_margin",330992582656.0,23.698908,3.3898845,0.777,0.69211,0.14152999,0.19723,0.04237130977038075,24272250880.0,0.0248,4.0
AZZ,False,41.929478082643776,"graham_earnings_stability,graham_pe,graham_pe_times_pb,munger_gross_margin",4029455616.0,20.756193,2.924938,1.923,0.39448,0.15314999,0.23935506157277223,0.1603661640647726,104912376.0,0.0070999999999999995,3.0
HIMS,False,41.92801162555004,"data_missing:trailing_pe,graham_current_ratio,graham_debt_to_equity,graham_earnings_stability,munger_roe",6991236096.0,,21.573072,0.934,4.77128,-0.32033002,0.7383500941585092,0.04498693792950103,849437248.0,,2.0
SLB,False,41.910602239740925,"graham_current_ratio,graham_pe,graham_pe_times_pb,munger_roe,munger_gross_margin",72582021120.0,23.856098,2.7837543,1.439,0.47002000000000005,0.12909001,0.16991,0.19686132488305416,2955124992.0,0.023700000000000002,4.0
PRU,False,41.90363078095238,"graham_current_ratio,graham_debt_to_equity,graham_earnings_stability,munger_roe,munger_gross_margin",39210975232.0,10.304171,1.242525,0.777,1.6389099999999999,0.12011,0.29015,0.075219996,7527750144.0,0.0487,3.0
KN,False,41.85213445955819,"graham_earnings_stability,graham_pe,graham_pe_times_pb,munger_roe",3190502656.0,44.470238,4.010629,3.201,0.18881,0.094969995,0.4320633850303439,0.11850977747808496,39312500.0,,1.0
MOG-A,False,41.82404342979042,"graham_pe,graham_pe_times_pb,munger_gross_margin",12156978176.0,32.584892,5.468494,2.087,0.51557,0.18106002,0.27388007741753667,0.1164594117427649,333472640.0,0.0031,4.0
FLS,False,41.81762309163318,"graham_pe,graham_pe_times_pb",9412987904.0,25.662022,4.1478934,2.153,0.9960800000000001,0.16936001,0.35146,0.13919,428336256.0,0.011899999999999999,4.0
KRG,False,41.81324155012325,"graham_current_ratio,graham_earnings_stability,munger_roe",5094984704.0,15.315624,1.7111235,0.929,0.96238,0.10738,0.73175,0.1330063201584756,152751120.0,0.047,3.0
PRLB,False,41.77733229051184,"graham_earnings_stability,graham_pe,graham_pe_times_pb,munger_roe",2309898240.0,76.63492,3.3393276,3.637,0.0032400000000000003,0.04494,0.45421,0.088520005,41775752.0,,3.0
JBSS,False,41.763652391461704,"graham_size,munger_gross_margin",780949184.0,12.84327,2.0554292,2.08,0.28779,0.16724001,0.17962562719395614,0.07586973588744489,29046376.0,0.0141,4.0
ATR,False,41.75675108782026,"graham_pe,graham_pe_times_pb,munger_roe",7745453056.0,21.98917,2.9478524,1.614,0.5278,0.13459,0.3092867335304198,0.1326486604692759,265978880.0,0.015600000000000001,4.0
SCHL,False,41.716806767646524,"graham_size,graham_current_ratio,graham_earnings_stability,graham_pe,munger_roe",644698752.0,25.014286,0.8744943,1.253,0.7763899999999999,0.07377,0.56494,0.009608698400657437,35037500.0,0.0287,1.0
CALY,False,41.68033031193279,"graham_earnings_stability,graham_pe,graham_pe_times_pb,munger_roe",2539974400.0,32.860466,1.1702832,3.043,0.12643000000000001,0.03466,0.4211446046308432,0.06218144750254842,94225000.0,,0.0
ENPH,False,41.59964358211867,"graham_pe,graham_pe_times_pb,munger_roe",4344069120.0,32.633663,3.6851518,3.451,0.5189900000000001,0.12996,0.4664025770798752,0.10694338367328927,78322752.0,,4.0
MTH,False,41.570388338895576,"munger_roe,munger_gross_margin",4117699072.0,13.162499,0.8141018,14.355,0.37707,0.063769996,0.18275999,0.08185001,293902112.0,0.03,4.0
FORM,False,41.54280138937211,"graham_pe,graham_pe_times_pb,munger_roe",11605126144.0,98.5894,10.464642,4.078,0.02691,0.10989001,0.39344427275147675,0.07270128523439062,114850000.0,,4.0
ACMR,False,41.54076345873718,"graham_pe,graham_pe_times_pb,munger_roe,munger_fcf",5728994816.0,38.79953,3.0795581,3.656,0.14523999999999998,0.11627,0.4438732998339082,0.12141119194416121,-186610256.0,,4.0
NNN,False,41.53925,"graham_current_ratio,graham_debt_to_equity,graham_pe,graham_pe_times_pb,munger_roe,munger_fcf",7898936320.0,20.2734,1.770793,0.18,1.1211799999999998,0.08719,0.96094,0.6364475557997998,-1371816320.0,0.06,4.0
DGX,False,41.50009199909494,"graham_pe,graham_pe_times_pb,munger_roe",25741828096.0,24.784805,3.4133651,1.591,0.81074,0.14602,0.3849740383596482,0.14100589034888988,909625024.0,0.0148,4.0
THRM,False,41.47892500051318,"graham_size,graham_pe,graham_pe_times_pb,munger_roe,munger_gross_margin",1020535488.0,38.604652,1.4097666,2.064,0.44955,0.03735,0.24167590861349444,0.055184765534811775,84331624.0,,4.0
PHIN,False,41.472798402444525,"munger_roe,munger_gross_margin",2188026624.0,17.111748,1.4198763,1.806,0.68916,0.08523,0.21877691645133507,0.07292563881711168,269249984.0,0.0199,4.0
KLIC,False,41.34351801207627,"graham_earnings_stability,graham_pe,graham_pe_times_pb,munger_roe",4955567104.0,43.24201,5.434408,3.444,0.0418,0.13231,0.42490303188748796,-0.0049290531295053674,57164124.0,0.0087,1.0
ELF,False,41.27051460194689,"graham_pe,graham_pe_times_pb,munger_roe",5993442304.0,103.64285,5.1212626,2.546,0.79503,0.060399998,0.7072207773796313,0.04499435370724339,281395360.0,,4.0
NOC,False,41.223710184339886,"graham_current_ratio,graham_pe_times_pb,munger_gross_margin",68736835584.0,15.379768,3.843476,1.168,0.95348,0.26958,0.2006,0.10752252466987654,2478000128.0,0.0196,4.0
BBWI,False,41.198346297783964,"data_missing:debt_to_equity,data_missing:return_on_equity,graham_current_ratio,graham_pe_times_pb",3217250816.0,4.187664,-3.0518363,1.201,,,0.4373885612398848,0.1544369770950487,764625024.0,0.05,4.0
PRKS,False,41.135036118466886,"data_missing:debt_to_equity,data_missing:return_on_equity,graham_size,graham_current_ratio,graham_pe_times_pb",1481300480.0,12.964285,-2.4000878,0.478,,,0.46013,0.21980332728041532,97038376.0,,4.0
AMN,False,41.11677266698139,"graham_size,graham_current_ratio,graham_debt_to_equity,graham_earnings_stability,munger_gross_margin",1381886080.0,13.263941,1.8634773,1.128,1.04658,0.15556,0.28349318000944174,-0.020316221370341437,445770624.0,,0.0
ENOV,False,41.063824107370436,"data_missing:trailing_pe,graham_size,graham_earnings_stability,munger_roe",1053333312.0,,0.7130587,1.985,0.9255500000000001,-0.54142,0.5984122232211131,-0.5000905229378897,185942752.0,,0.0
LSCC,False,41.04863201153726,"graham_pe,graham_pe_times_pb,munger_roe",17956790272.0,506.72,22.065842,3.024,0.04836,0.04927,0.6821496688083598,0.021465346231906768,155063248.0,,4.0
TDG,False,41.03308731542086,"data_missing:debt_to_equity,data_missing:return_on_equity,graham_pe,graham_pe_times_pb",60390928384.0,32.727795,-6.4277205,3.019,,,0.6014041444909977,0.471634016532669,1457374976.0,,4.0
PPC,False,40.956539217545995,"graham_current_ratio,munger_roe,munger_gross_margin",6524173824.0,11.965066,1.7399035,1.355,0.82717,0.1452,0.1274840515391414,0.08722986224177869,508525376.0,,4.0
CI,False,40.904620959630336,"graham_current_ratio,munger_gross_margin",72934342656.0,11.419736,1.7077706,0.846,0.7429000000000001,0.16758,0.091359995,0.03346671516915242,7980125184.0,0.0227,4.0
KMI,False,40.8739226992872,"graham_current_ratio,graham_pe_times_pb,munger_roe",67171053568.0,19.478453,2.1236267,0.458,0.98619,0.109910004,0.49407002,0.27891598275963864,1075000064.0,0.0388,4.0
GRBK,True,40.87342331529571,,2855265024.0,10.135115,1.4810476,7.051,0.14244,0.16383,0.3053680513097393,0.11514045605927713,6958250.0,,4.0
CPB,False,40.7985283467042,"graham_current_ratio,graham_debt_to_equity,graham_earnings_stability,munger_roe,munger_gross_margin",5888644096.0,15.07252,1.5283692,0.815,1.79259,0.1005,0.28541002,0.0874384236453202,634499968.0,0.049400000000000006,0.0
PANW,False,40.7577955375935,"graham_current_ratio,graham_pe,graham_pe_times_pb,munger_roe",325249073152.0,1019.52563,11.787122,0.871,0.09337,0.01739,0.7035714285714286,0.06054006968641115,4240624896.0,,4.0
GATX,False,40.751106767857145,"graham_debt_to_equity,graham_pe_times_pb,munger_roe,munger_fcf",6019511808.0,16.881187,2.1618676,3.302,3.47592,0.117989995,0.73627,0.27771,-4936737280.0,0.015,4.0
WAT,False,40.67908109647347,"graham_pe,graham_pe_times_pb,munger_roe,munger_fcf",43187048448.0,111.35443,2.8433185,1.861,0.36045,0.019199999,0.56337,0.2535593940010476,-142067632.0,,4.0
VMC,False,40.67213308714105,"graham_pe,graham_pe_times_pb,munger_roe,munger_gross_margin",31902283776.0,29.344456,3.7636626,1.757,0.5821999999999999,0.13234,0.2738411555074234,0.20395159360793844,843600000.0,0.0086,4.0
MLKN,False,40.639582915343624,"graham_size,graham_debt_to_equity,graham_earnings_stability,munger_roe",1357419904.0,14.946969,1.0019298,1.647,1.2821799999999999,0.073460005,0.387536767576854,0.05161777338157587,121150000.0,0.037599999999999995,1.0
FLO,False,40.63641938571803,"graham_size,graham_current_ratio,graham_debt_to_equity,graham_pe,munger_roe",1183280384.0,21.461538,0.89408743,0.772,1.51702,0.040110003,0.48629,0.033098391527864944,298536992.0,0.08800000000000001,4.0
SKYW,False,40.61664111426318,graham_current_ratio,3870050304.0,9.690169,1.3757807,0.569,0.8633299999999999,0.15341,0.30895,0.17236351865753377,145134624.0,,4.0
NOVT,False,40.55111749294359,"graham_pe,graham_pe_times_pb,munger_roe",5416260608.0,90.64557,3.3505673,4.569,0.17668,0.051090002,0.4438955741382827,0.09587191515398735,118383248.0,,4.0
FRPT,False,40.512922636964596,"graham_earnings_stability,graham_pe_times_pb",2775353600.0,14.961141,2.2687986,6.046,0.39885,0.17622,0.4080035208232193,0.06866694192002831,19274124.0,,2.0
COR,False,40.41673250058284,"graham_current_ratio,graham_debt_to_equity,graham_pe,graham_pe_times_pb,munger_gross_margin",57555378176.0,22.39124,18.864773,0.935,4.46516,0.96871,0.03572165157521616,0.008180306662046867,2043314048.0,0.0078000000000000005,4.0
TMO,False,40.37995329771356,"graham_pe,graham_pe_times_pb,munger_roe",250829176832.0,36.550648,4.761463,1.551,0.8057500000000001,0.13515,0.40987998,0.17384863991381633,6237250048.0,0.0028000000000000004,4.0
COTY,False,40.3693,"data_missing:trailing_pe,graham_current_ratio,graham_earnings_stability,munger_roe",2307398400.0,,0.7717231,0.755,0.9753799999999999,-0.16093001,0.6289394826576654,-0.014035752419660387,362687488.0,,0.0
PTON,False,40.35042635206168,"data_missing:debt_to_equity,data_missing:return_on_equity,graham_earnings_stability,graham_pe,graham_pe_times_pb",2192164608.0,35.67857,-15.707547,2.837,,,0.5260425183973835,0.06569910057236304,353875008.0,,1.0
WSC,False,40.304185544996606,"data_missing:trailing_pe,graham_current_ratio,graham_debt_to_equity,graham_earnings_stability,munger_roe",3126449920.0,,3.587318,0.811,4.16655,-0.07083,0.5100212759802336,0.07953464600959216,248800992.0,0.016,0.0
EZPW,False,40.162755229769346,"data_missing:consecutive_positive_earnings_years,graham_size,munger_roe,munger_fcf",1833163008.0,14.992462,1.5748218,4.811,0.69526,0.14745,0.5854796434064726,0.11706139937847256,-11004125.0,,
ARW,False,40.10866243479432,"graham_current_ratio,munger_roe,munger_gross_margin",11600582656.0,14.570651,1.658262,1.217,0.30663,0.12036,0.11236269742246564,0.026649749853620085,732857856.0,,4.0
TXRH,False,40.068645723938765,"graham_current_ratio,graham_pe,graham_pe_times_pb,munger_gross_margin",10290528256.0,25.0832,6.696425,0.458,0.68842,0.27714002,0.16252,0.08076453600881241,235890752.0,0.0191,4.0
AZTA,False,40.025264345634035,"data_missing:trailing_pe,graham_size,graham_earnings_stability,munger_roe",1524751104.0,,1.0086652,2.5,0.03574,-0.07041,0.45515399421711256,-0.045205541737324884,63366000.0,,0.0
DVN,False,40.00253552601228,"graham_current_ratio,munger_roe",50803503104.0,10.040218,1.2721388,0.717,0.28488,0.11522,0.50349,-0.4286983562860951,782625024.0,0.0275,4.0
BILL,False,39.9830437365922,"data_missing:trailing_pe,graham_earnings_stability,munger_roe",4270707712.0,,1.1181226,1.51,0.5374300000000001,-0.00302,0.8092773839192818,-0.044428246509714726,222836880.0,,0.0
POST,False,39.96607980881385,"graham_debt_to_equity,munger_roe,munger_gross_margin",3323505152.0,13.332727,1.0472274,1.851,2.47074,0.082779996,0.2867579460903887,0.09797624446868756,394649984.0,,4.0
MAC,False,39.93069899171875,"data_missing:trailing_pe,graham_current_ratio,graham_debt_to_equity,graham_earnings_stability,munger_roe",6632282624.0,,2.2588425,0.329,1.6892699999999998,-0.06179,0.54914004,0.16256,388895136.0,0.0297,0.0
OPCH,False,39.921872357910196,"graham_current_ratio,graham_debt_to_equity,graham_pe_times_pb,munger_gross_margin",3379904256.0,17.094696,2.6824775,1.465,1.00649,0.15999,0.1925641811276323,0.05981146359539635,256067872.0,,4.0
WTRG,False,39.868500000000004,"graham_current_ratio,graham_debt_to_equity,graham_pe,graham_pe_times_pb,munger_roe,munger_fcf",11155337216.0,20.158974,1.5894388,0.777,1.21656,0.08078,0.5643,0.3721593055889502,-657633024.0,0.0368,4.0
MKSI,False,39.86321898032564,"graham_current_ratio,graham_debt_to_equity,graham_earnings_stability,graham_pe,graham_pe_times_pb",18072143872.0,42.558914,6.0466957,1.144,1.4009399999999999,0.15845999,0.46731111676418213,0.13431696769269905,480375008.0,0.0038,2.0
AVNT,False,39.75718226764169,"graham_pe,graham_pe_times_pb,munger_roe",3694463488.0,21.772972,1.5160525,1.9,0.76563,0.071100004,0.3115146310042329,0.06241948346727195,263787504.0,0.027000000000000003,4.0
LFUS,False,39.74606013535424,"data_missing:trailing_pe,graham_earnings_stability,munger_roe",10810215424.0,,4.128265,2.761,0.27093,-0.0030899998,0.3908831923869141,0.17138020170138535,364767136.0,0.0075,0.0
NOV,False,39.743399699385705,"graham_pe,graham_pe_times_pb,munger_roe,munger_gross_margin",6683964416.0,69.44444,1.079696,2.422,0.37151,0.01545,0.2020814272644099,0.056495882891125344,673374976.0,0.019,4.0
BOOT,False,39.73457632081597,graham_pe_times_pb,3648718080.0,15.250633,2.7638733,2.53,0.59323,0.19174999,0.38083793174284636,0.13272569402078835,12682000.0,,4.0
CHRW,False,39.677389143576576,"graham_debt_to_equity,graham_pe,graham_pe_times_pb,munger_gross_margin",17361760256.0,28.354963,10.690747,1.582,1.21188,0.37123,0.08447,0.04897262406898936,480618368.0,0.0168,4.0
HWKN,False,39.65638992962339,"graham_pe,graham_pe_times_pb,munger_gross_margin",2654688512.0,33.290577,6.013619,2.27,0.47009,0.15614,0.2261289143818931,0.11192530008415644,81369504.0,0.0063,4.0
ABBV,False,39.648341917645865,"data_missing:debt_to_equity,data_missing:return_on_equity,graham_current_ratio,graham_pe,graham_pe_times_pb",464248209408.0,74.00423,-78.212265,0.809,,,0.72792,0.24648463047743624,16870250496.0,0.0263,4.0
MSEX,False,39.58473517874075,"graham_size,graham_current_ratio,graham_pe,graham_pe_times_pb,munger_roe,munger_fcf",1000236672.0,20.49421,1.9194331,0.497,0.83981,0.097679995,0.53659,0.2792895518095062,-28346000.0,0.0271,4.0
MCHP,False,39.552210753664625,"graham_earnings_stability,graham_pe,graham_pe_times_pb,munger_roe",42588172288.0,113.666664,6.601852,1.921,0.8368800000000001,0.0719,0.5773482421336276,0.10398676030638009,1364762496.0,0.0231,1.0
BIO,False,39.52496745488456,"graham_earnings_stability,graham_pe,graham_pe_times_pb,munger_roe",10135687168.0,46.187805,1.4116129,3.142,0.19103,0.0311,0.5186977392381542,0.018271910808299784,283187488.0,,1.0
EMN,False,39.47782747631433,"graham_current_ratio,munger_roe,munger_gross_margin",7417510912.0,16.895832,1.2167814,1.498,0.88518,0.07334,0.21069469835466179,0.16043564771180227,544625024.0,0.051100000000000007,4.0
AFG,False,39.44807726231414,munger_gross_margin,11366874112.0,11.982518,2.3576355,2.085,0.42232,0.20413,0.20156,0.13126988010765842,142250000.0,0.0254,4.0
JCI,False,39.41253853216678,"graham_current_ratio,graham_pe,graham_pe_times_pb,munger_roe",90803666944.0,42.108147,6.735184,1.0,0.70107,0.14332,0.3641295134768605,0.08927489396081599,2984124928.0,0.010700000000000001,4.0
RHI,False,39.40811154244353,"graham_current_ratio,graham_pe,graham_pe_times_pb,munger_roe",3762358272.0,31.982609,3.0031843,1.468,0.19940000000000002,0.09111,0.3722805180472049,0.014216029507078731,113581872.0,0.064,4.0
CWEN,False,39.37913614946416,"graham_current_ratio,graham_debt_to_equity,graham_pe,graham_pe_times_pb,munger_roe",7231367680.0,34.09302,1.9193506,1.207,1.76898,-0.03167,0.64422,0.11196641007697691,421750016.0,0.0634,4.0
ALHC,False,39.376109790397486,"graham_size,graham_debt_to_equity,graham_earnings_stability,graham_pe,graham_pe_times_pb,munger_gross_margin",1684373376.0,42.736843,6.34375,1.698,1.24655,0.20044,0.12549,0.0037358951092746786,188581872.0,,0.0
DBD,False,39.35218597667409,"graham_current_ratio,graham_debt_to_equity,graham_earnings_stability,graham_pe,graham_pe_times_pb,munger_roe,munger_gross_margin",2060897280.0,20.10265,2.1300259,1.267,1.13548,0.10944,0.25256851564758126,0.06358882728538771,312012512.0,,1.0
UNF,False,39.31667427041985,"graham_pe,graham_pe_times_pb,munger_roe",4527553536.0,39.488956,2.0597794,3.111,0.03869,0.05296,0.36678,0.07585168594019287,98668752.0,0.005699999999999999,4.0
WOR,False,39.24201426199823,"graham_pe_times_pb,munger_gross_margin",2958113280.0,18.265862,2.9596632,2.666,0.33189,0.16222,0.2738559261908416,0.05517225901547247,65798000.0,0.013300000000000001,4.0
FN,False,39.241302418949864,"graham_pe,graham_pe_times_pb,munger_gross_margin,munger_fcf",15203120128.0,32.534893,6.194589,2.253,0.00164,0.21326,0.11990936625543487,0.09973654935460302,-57873500.0,,4.0
HE,False,39.213443262345706,"graham_size,graham_current_ratio,graham_debt_to_equity,graham_earnings_stability,munger_roe,munger_gross_margin",1552006528.0,7.007813,0.87889475,0.986,1.5886799999999999,0.13448,0.17581,0.07623256501028865,324624384.0,,1.0
EL,False,39.17949823451865,"graham_current_ratio,graham_debt_to_equity,graham_earnings_stability,graham_pe,graham_pe_times_pb,munger_roe",33809733632.0,186.9,8.88308,1.222,2.4293199999999997,0.04745,0.7550003322479899,0.051830686424347135,1812125056.0,0.0148,1.0
DIOD,False,39.15550049227422,"graham_pe,graham_pe_times_pb,munger_roe",4475765248.0,52.25269,2.2834387,3.167,0.04401,0.04684,0.312019718326965,0.023927296428718423,176820256.0,,4.0
HCC,False,39.13005714285715,"graham_pe,graham_pe_times_pb,munger_roe,munger_fcf",4692785664.0,21.364183,2.0490386,3.927,0.10297,0.10037,0.30597,0.18545,-53619500.0,0.0036,4.0
WYNN,False,39.08975468679151,"data_missing:debt_to_equity,data_missing:return_on_equity,graham_current_ratio,graham_earnings_stability,graham_pe_times_pb",8268803584.0,19.256596,-48.286232,0.912,,,0.683,0.10949407978373421,476188864.0,0.0128,3.0
PAHC,False,39.028458182199955,"graham_size,graham_debt_to_equity,graham_pe_times_pb,munger_fcf",1451101440.0,14.707819,3.7609177,2.956,2.06406,0.29716,0.3376044814118766,0.1280527609309838,-19298000.0,0.013500000000000002,4.0
AGCO,False,38.94941661089797,"graham_current_ratio,graham_earnings_stability,graham_pe_times_pb,munger_roe,munger_gross_margin",8058550784.0,15.915629,1.9740273,1.321,0.66053,0.118269995,0.2545923427891291,0.05908549890894664,450262496.0,0.0103,1.0
NJR,False,38.899083999999995,"graham_current_ratio,graham_debt_to_equity,munger_roe,munger_fcf",5116724224.0,14.044322,1.944988,0.661,1.4677799999999999,0.14453,0.39178002,0.3765744965052301,-259436368.0,0.0393,4.0
MTD,False,38.86569408174046,"data_missing:return_on_equity,data_invalid_outlier:debt_to_equity,graham_current_ratio,graham_debt_to_equity,graham_pe,graham_pe_times_pb",30405480448.0,34.262814,2371.0938,1.122,166.68447,,0.5937429449987446,0.312,693589632.0,,4.0
ETN,False,38.75489087587021,"graham_current_ratio,graham_debt_to_equity,graham_pe,graham_pe_times_pb",168032944128.0,43.977642,8.298464,1.24,1.05059,0.19684,0.36022,0.1718092566619916,3106125056.0,0.0102,4.0
NSIT,False,38.6937656866785,"graham_current_ratio,graham_debt_to_equity,graham_pe,graham_pe_times_pb,munger_roe,munger_gross_margin",4637118464.0,23.37278,2.90548,1.183,1.08517,0.13112001,0.21357930832114735,0.0406106087171615,438449760.0,,4.0
NEE,False,38.60623484848485,"graham_current_ratio,graham_debt_to_equity,graham_pe_times_pb,munger_roe,munger_fcf",158464311296.0,17.07416,2.7742078,0.534,1.61676,0.11677,0.61024,0.2297979797979798,-17766875136.0,0.032799999999999996,4.0
IART,False,38.58270565013148,"data_missing:trailing_pe,graham_size,graham_debt_to_equity,graham_earnings_stability,munger_roe",1270024960.0,,1.2172941,3.601,1.96489,-0.00696,0.6203468555283744,-0.30171014129381224,94402000.0,,0.0
DAL,False,38.575236415736775,"graham_current_ratio,graham_pe_times_pb,munger_gross_margin",54993727488.0,13.868158,2.5072706,0.424,0.96649,0.20125,0.187,0.09188182564232056,2817374976.0,0.0101,4.0
ALB,False,38.473994442280656,"graham_earnings_stability,graham_pe,graham_pe_times_pb,munger_roe,munger_gross_margin",12549248000.0,393.87036,1.560684,2.086,0.18975999999999998,0.02648,0.13003183326841972,-0.0713791674582367,1334340224.0,0.0152,0.0
NI,False,38.47033102791352,"graham_current_ratio,graham_debt_to_equity,graham_pe,graham_pe_times_pb,munger_roe,munger_fcf",18791563264.0,20.843086,1.9623898,0.498,1.46649,0.085489996,1.0,0.2813668976513154,-1772999936.0,0.0305,4.0
BWA,False,38.356232181109384,"graham_pe,graham_pe_times_pb,munger_roe,munger_gross_margin",12295336960.0,29.738916,2.187398,2.127,0.7011,0.08056,0.18678401788208998,0.037440625873148926,1066249984.0,0.011200000000000002,4.0
OTTR,False,38.353034393427556,"graham_pe_times_pb,munger_roe,munger_fcf",3722861312.0,19.151188,1.9835358,1.707,0.67491,0.106850006,0.42191002,0.26598288756886523,-165230496.0,0.0253,4.0
WAB,False,38.280655625633905,"graham_current_ratio,graham_pe,graham_pe_times_pb,munger_roe",48935161856.0,38.991924,4.3686285,1.121,0.61686,0.11553001,0.3408256469956121,0.16056237127249934,1101374976.0,0.0043,4.0
ROCK,False,38.27280361879072,"graham_size,graham_current_ratio,graham_debt_to_equity,graham_earnings_stability,munger_roe,munger_gross_margin",1179637760.0,19.67327,1.3242694,1.457,1.53722,0.06241,0.26877211028435904,0.10810294310617076,307628128.0,,0.0
CRSR,False,38.23233450735795,"graham_size,graham_earnings_stability,graham_pe,graham_pe_times_pb,munger_roe,munger_gross_margin",1461665408.0,43.586452,2.1984706,1.752,0.27172999999999997,0.05845,0.2892283766163208,0.0014098663479300228,77311376.0,,0.0
KSS,False,38.20903164202078,"graham_current_ratio,graham_debt_to_equity,graham_earnings_stability,munger_roe",2086126592.0,7.7637134,0.49884778,1.491,1.54055,0.06671,0.3445030870344553,0.040188059509241966,879500032.0,0.0273,3.0
SLGN,False,38.152144584384686,"graham_current_ratio,graham_debt_to_equity,munger_roe,munger_gross_margin",3672978688.0,13.629413,1.5437062,1.272,2.03153,0.11748,0.17729362475062338,0.08006499882960236,313311264.0,0.0239,4.0
EFOR,False,38.094386250963055,"graham_size,munger_roe,munger_gross_margin",1355664896.0,17.043814,0.74919564,2.127,0.8291,0.04571,0.28868957893679026,0.057858506682745454,213500000.0,,4.0
MLM,False,38.00795690510622,"graham_current_ratio,graham_pe,graham_pe_times_pb,munger_roe",34284963840.0,31.429363,2.510818,1.407,0.54945,0.08894,0.3071544715447154,0.23365853658536587,593374976.0,0.006999999999999999,4.0
BDC,False,37.93708488040523,graham_pe_times_pb,4246040832.0,17.6388,3.0587225,2.135,0.97069,0.18643999,0.3797783878426367,0.11626867177814919,99734624.0,0.0018,4.0
SAIA,False,37.92399582381828,"graham_pe,graham_pe_times_pb,munger_roe,munger_gross_margin",8926279680.0,32.322735,3.2736197,1.584,0.09872,0.10767,0.23584999,0.10889575009754858,135712256.0,,4.0
EYE,False,37.84376894380191,"graham_size,graham_current_ratio,graham_earnings_stability,graham_pe,graham_pe_times_pb,munger_roe",1298318080.0,26.483871,1.4472061,0.592,0.77705,0.057550002,0.58637,0.029599675570368224,48656000.0,,1.0
ALKS,False,37.82960730083006,"graham_earnings_stability,graham_pe,graham_pe_times_pb,munger_roe",6836353024.0,107.23685,3.7748957,2.3,0.86952,0.03852,0.87182,0.1720686849167863,153381376.0,,3.0
HPE,False,37.7875120377494,"graham_current_ratio,graham_pe,graham_pe_times_pb,munger_roe",85548474368.0,33.21907,3.2280605,1.113,0.76464,0.10936,0.36622003,-0.012742010730114299,4738625024.0,0.009300000000000001,4.0
UAL,False,37.778728803837666,"graham_current_ratio,graham_debt_to_equity",36030484480.0,10.394195,2.1580062,0.78,2.01641,0.23252001,0.31816,0.0797866937531742,910124992.0,,4.0
RUSHA,False,37.7574785456627,"graham_current_ratio,graham_pe,graham_pe_times_pb,munger_roe,munger_gross_margin",5388276224.0,20.886877,2.308,1.452,0.6307699999999999,0.11795,0.19647910769087978,0.05296551946781057,313673632.0,0.0121,4.0
LEA,False,37.75485250373075,"graham_current_ratio,munger_roe,munger_gross_margin",7850163200.0,10.979051,1.1274023,1.314,0.66026,0.12094,0.06468006070742204,0.03341917787016695,858987520.0,0.0258,4.0
FA,False,37.73923605758215,"data_missing:consecutive_positive_earnings_years,graham_debt_to_equity,graham_pe,graham_pe_times_pb,munger_roe",3053952512.0,118.53999,2.3575976,2.527,1.5774000000000001,0.01939,0.45219,0.0841393073757502,215071744.0,,
STAA,False,37.73703889336541,"graham_size,graham_earnings_stability,graham_pe,graham_pe_times_pb,munger_roe",1131248256.0,282.0,3.09465,4.665,0.09836,0.0109399995,0.7618546453838508,-0.38302804019344977,15348500.0,,0.0
NE,False,37.71087912314128,"graham_pe,graham_pe_times_pb,munger_roe",6720937472.0,44.78723,1.4988607,1.915,0.42557,0.03283,0.35416,0.12647797884566686,252878256.0,0.04769999999999999,4.0
ABG,False,37.66256083076044,"graham_current_ratio,graham_debt_to_equity,munger_roe,munger_gross_margin",3126311936.0,6.539587,0.7968537,0.91,1.4096899999999999,0.13233,0.17065948108228235,0.047813767431523976,360600000.0,,4.0
WBD,False,37.65519258613716,"data_missing:trailing_pe,graham_current_ratio,graham_earnings_stability,munger_roe",77508132864.0,,2.3611853,0.777,0.94199,-0.08786,0.47811002,0.019787644787644786,16167374848.0,,1.0
EPC,False,37.584156712390374,"data_missing:trailing_pe,graham_size,munger_roe",1246244352.0,,0.8535085,1.842,0.87622,-0.012949999,0.4159658196536991,0.04344501911400944,241862496.0,0.0218,4.0
PLUS,False,37.54203756200859,"graham_pe_times_pb,munger_roe,munger_gross_margin",2364364800.0,19.401289,2.1851888,2.131,0.1143,0.11698,0.25222871680363423,0.068021153311561,39345124.0,0.012,4.0
KR,False,37.52005856334871,"graham_current_ratio,graham_debt_to_equity,graham_pe,graham_pe_times_pb,munger_roe,munger_gross_margin",34880167936.0,31.924324,6.027146,0.702,4.1324000000000005,0.14442,0.23900999,0.012801235420815215,2535500032.0,0.025699999999999997,4.0
ST,False,37.49950687998509,"graham_earnings_stability,graham_pe,graham_pe_times_pb,munger_roe,munger_gross_margin",6080487936.0,67.38709,2.055091,2.291,0.8259799999999999,0.03079,0.29497,0.06411121608854096,504049504.0,0.0115,2.0
CUZ,False,37.4827999925,"graham_current_ratio,graham_pe,graham_pe_times_pb,munger_roe,munger_fcf",4573339648.0,694.50006,1.0198612,0.524,0.8420799999999999,0.0015199999,0.67779,0.6775006641068366,-25106624.0,0.0464,4.0
CG,False,37.333785264285716,"data_missing:free_cash_flow,graham_debt_to_equity,graham_earnings_stability,graham_pe,graham_pe_times_pb,munger_roe",14135721984.0,41.322914,2.6742618,1.808,1.97617,0.077659994,0.98319,0.26855,,0.0353,2.0
TBBK,False,37.22175,"data_missing:current_ratio,data_missing:debt_to_equity,data_missing:free_cash_flow,graham_size,munger_gross_margin",1951648640.0,8.99436,2.873874,,,0.29629,0.0,0.59707,,,4.0
IOSP,False,37.128733018052394,"graham_pe_times_pb,munger_roe,munger_gross_margin",2353989376.0,19.504082,1.7522597,2.784,0.03546,0.091309994,0.2769403824521935,0.07283464566929133,32575000.0,0.018500000000000003,4.0
KKR,False,37.09386666666667,"data_missing:free_cash_flow,graham_current_ratio,graham_earnings_stability,graham_pe,graham_pe_times_pb,munger_roe",84527005696.0,29.239614,2.8825195,0.856,0.69812,0.0728,0.54767,0.2065,,0.0084,3.0
OGE,False,37.06361888040081,"graham_current_ratio,graham_debt_to_equity,graham_pe,graham_pe_times_pb,munger_roe",9415828480.0,20.010965,1.8921328,0.767,1.1730500000000001,0.09703,0.4773643495314883,0.24520720223306033,126750000.0,0.0378,4.0
ON,False,37.00474109195709,"graham_pe,graham_pe_times_pb,munger_roe",29802342400.0,50.032684,4.128243,3.464,0.6505500000000001,0.08312,0.33090369283117055,0.014044100477032391,1656649984.0,,4.0
MGEE,False,36.99587180357143,"graham_current_ratio,graham_pe_times_pb,munger_roe,munger_fcf",2622966016.0,17.056509,1.8207092,1.137,0.64863,0.110410005,0.41184,0.22672,-206614256.0,0.0294,4.0
RS,False,36.97256370802041,"graham_pe,graham_pe_times_pb,munger_roe,munger_gross_margin",19742195712.0,22.495638,2.6673195,4.297,0.26921,0.12229,0.28285,0.07084642130079823,345437504.0,0.0129,4.0
TKR,False,36.89820834941517,"graham_pe,graham_pe_times_pb,munger_roe,munger_gross_margin",8145451520.0,31.764227,2.546272,3.095,0.65523,0.08538,0.28645451108590747,0.11798856344668035,349212512.0,0.0123,4.0
BWXT,False,36.892772010536476,"graham_debt_to_equity,graham_pe,graham_pe_times_pb,munger_gross_margin",12571910144.0,35.547928,9.420872,2.397,1.514,0.28289,0.22082001,0.12645567740372216,145624256.0,0.0077,4.0
CNR,False,36.83906109584925,"graham_earnings_stability,graham_pe,graham_pe_times_pb,munger_roe,munger_gross_margin",4278149120.0,43.311558,1.1553465,1.825,0.12037,0.02675,0.16860001,-0.043714486376815076,274115744.0,0.0046,0.0
OSW,False,36.828145286546274,"graham_earnings_stability,graham_pe,graham_pe_times_pb,munger_roe,munger_gross_margin",2298945792.0,28.670885,3.9487448,2.905,0.15605,0.14321,0.13417,0.08494996363167157,48876500.0,0.0086,2.0
DDOG,False,36.79130137958687,"graham_earnings_stability,graham_pe,graham_pe_times_pb,munger_roe",98885672960.0,539.9804,22.636036,3.205,0.29259,0.04696,0.7995549081775629,-0.012947462591453327,1051412352.0,,3.0
RTX,False,36.77652158047045,"graham_current_ratio,graham_pe,graham_pe_times_pb,munger_roe,munger_gross_margin",250932330496.0,32.77905,3.780406,1.011,0.5702,0.12274,0.20347,0.10496258591695541,9880000512.0,0.015600000000000001,4.0
WD,False,36.76999992499999,"data_missing:free_cash_flow,graham_size,graham_debt_to_equity,graham_pe,munger_roe",1218220672.0,31.687502,0.69167805,1.574,1.3645699999999998,0.023599999,1.0,0.371913357400722,,0.07490000000000001,4.0
WGO,False,36.713797895585934,"graham_size,munger_roe,munger_gross_margin",750683264.0,19.525808,0.60665476,2.373,0.3912,0.03142,0.13047673504395682,0.02044171252948324,164224992.0,0.054000000000000006,4.0
XRAY,False,36.622287966307404,"data_missing:trailing_pe,graham_size,graham_debt_to_equity,graham_earnings_stability,munger_roe",1774249344.0,,1.3525835,1.627,1.72243,-0.33031,0.5,-0.11467391304347826,141624992.0,,0.0
NPO,False,36.56562007214795,"graham_pe,graham_pe_times_pb,munger_roe",6505357312.0,149.1869,4.097339,2.282,0.37073,0.0286,0.4241441785067226,0.1356918089062649,130837504.0,0.0042,4.0
APTV,False,36.56467094782314,"munger_roe,munger_gross_margin",9119787008.0,19.678082,1.025876,2.018,0.6493800000000001,0.05158,0.14847696311036276,0.05804490636336896,1615874944.0,,4.0
TOST,False,36.56374174247605,"data_missing:debt_to_equity,graham_earnings_stability,graham_pe,graham_pe_times_pb,munger_gross_margin",16868929536.0,36.943035,8.506267,2.4,,0.25162,0.25889809848854217,0.04745652527222493,474249984.0,,2.0
GLW,False,36.518281567649794,"graham_pe,graham_pe_times_pb",132298252288.0,67.797356,11.101493,1.813,0.7144799999999999,0.16813,0.35965192910614885,0.1458186704203724,734499968.0,0.0070999999999999995,4.0
GNW,False,36.4900446554945,"munger_roe,munger_gross_margin",3402548736.0,17.656864,0.38908574,10.675,0.23338,0.033970002,0.06625,0.00547542735042735,673625024.0,,4.0
AMCR,False,36.48004704149355,"graham_current_ratio,graham_debt_to_equity,munger_roe,munger_gross_margin",19461773312.0,17.701681,1.6507328,1.254,1.2829400000000002,0.09396,0.19952352590827874,0.0807878839445248,1504000000.0,0.061200000000000004,4.0
NUE,False,36.44595397680538,"graham_pe_times_pb,munger_roe,munger_gross_margin",53197807616.0,18.728434,2.406157,2.508,0.30512,0.14548999,0.15554,0.15668,683374976.0,0.0095,4.0
RGEN,False,36.3903802996582,"graham_earnings_stability,graham_pe,graham_pe_times_pb,munger_roe",10863856640.0,260.13513,5.1430707,9.05,0.32715000000000005,0.0199,0.53836,0.09916027075249936,113421752.0,,1.0
CPT,False,36.387672322471275,"graham_current_ratio,graham_debt_to_equity,graham_pe,graham_pe_times_pb,munger_roe",9775441920.0,32.08911,2.6223805,0.352,1.25648,0.07885,0.61619,0.16104001,139679632.0,0.0431,4.0
GNRC,False,36.355276870955194,"graham_pe,graham_pe_times_pb,munger_roe",12291500032.0,47.84023,4.267157,2.045,0.49003,0.09491,0.3829129750041992,0.06870536952023772,289056512.0,,4.0
JBGS,False,36.30833333333334,"data_missing:trailing_pe,graham_size,graham_current_ratio,graham_debt_to_equity,graham_earnings_stability,munger_roe",776937792.0,,0.5511725,1.149,1.64083,-0.10864,0.48925,-0.09608425580971358,249499744.0,0.0693,0.0
AEE,False,36.294589147695355,"data_missing:consecutive_positive_earnings_years,graham_current_ratio,graham_debt_to_equity,graham_pe_times_pb,munger_roe,munger_fcf",27586045952.0,17.543135,2.015188,0.531,1.57846,0.11943,0.52408004,0.2302534378906694,-1786249984.0,0.029900000000000003,
NRG,False,36.23699897355168,"graham_current_ratio,graham_debt_to_equity,graham_earnings_stability,graham_pe,graham_pe_times_pb,munger_gross_margin",20180205568.0,24.935066,4.8014407,0.968,4.83357,0.23772,0.18795,0.06007228209552958,772374976.0,0.0196,2.0
ROG,False,36.20191036773211,"graham_earnings_stability,graham_pe,graham_pe_times_pb,munger_roe",2756884992.0,91.396454,2.2950284,3.988,0.02366,0.02596,0.31672422298963987,-0.0555007400098668,99825000.0,,0.0
ASH,False,36.18589473684211,"graham_earnings_stability,graham_pe,graham_pe_times_pb,munger_roe",3121276160.0,44.259743,1.6691157,3.047,0.7893000000000001,0.0399,0.30098684210526316,-0.42489035087719296,269124992.0,0.0245,0.0
CACI,False,36.120554027256006,"graham_current_ratio,graham_debt_to_equity,graham_pe,graham_pe_times_pb,munger_roe",13486499840.0,25.280035,3.021972,1.484,1.20656,0.12824,0.33203998,0.0961367314190681,610367104.0,,4.0
MHO,False,36.08691835070094,"munger_roe,munger_gross_margin",3426609408.0,11.379513,1.0598134,8.108,0.31079,0.100600004,0.20903,0.11466231576440751,86652128.0,,4.0
WELL,False,36.08687300486657,"graham_current_ratio,graham_pe,graham_pe_times_pb,munger_roe",166761988096.0,103.780266,3.5845604,1.317,0.41375,0.03836,0.39560002,0.16561002,2756164352.0,0.0146,4.0
WING,False,35.97375724073882,"data_missing:debt_to_equity,data_missing:return_on_equity,graham_pe,graham_pe_times_pb",2908686592.0,25.241135,-3.762554,2.967,,,0.49418998,0.2572866874362312,98595000.0,0.0121,4.0
LUMN,False,35.931333333333335,"data_missing:trailing_pe,data_missing:debt_to_equity,data_missing:return_on_equity,graham_current_ratio,graham_earnings_stability",5805803008.0,,-3.9023547,0.964,,,0.47794,-0.06547331075632963,2116249984.0,,0.0
ELV,False,35.9009319026265,"graham_pe_times_pb,munger_roe,munger_gross_margin",84895653888.0,17.305923,1.891239,1.518,0.68953,0.11133,0.2599,0.03615317011927181,4306375168.0,0.0175,4.0
HRL,False,35.86254265537745,"graham_pe,graham_pe_times_pb,munger_roe,munger_gross_margin",10979499008.0,32.17742,1.3998036,1.882,0.36326,0.042930003,0.15741,0.08615,621551616.0,0.058899999999999994,4.0
DE,False,35.803525261882015,"graham_debt_to_equity,graham_pe,graham_pe_times_pb,munger_gross_margin",181034582016.0,37.805744,6.4678116,2.132,2.30298,0.18242,0.25184,0.17478149895583572,4516250112.0,0.0095,4.0
BGC,False,35.7875,"data_missing:free_cash_flow,graham_debt_to_equity,graham_pe,graham_pe_times_pb",5508279808.0,28.9625,4.9529715,1.509,1.56959,0.15882,0.91666,0.09044,,0.006999999999999999,4.0
CIEN,False,35.778178161679655,"graham_debt_to_equity,graham_pe,graham_pe_times_pb",49572007936.0,78.20358,16.227371,3.797,1.07496,0.22396,0.42036147551518427,0.04141539156982053,633368384.0,,4.0
MRK,False,35.746852457328814,"graham_current_ratio,graham_debt_to_equity,graham_pe,graham_pe_times_pb,munger_roe",360330428416.0,116.840004,8.598257,1.323,1.2840799999999999,0.06961,0.759,-0.00241,15171500032.0,0.022799999999999997,4.0
ATI,False,35.68122931132389,"graham_debt_to_equity,graham_pe,graham_pe_times_pb,munger_gross_margin",25804288000.0,55.735294,13.749819,2.327,1.09699,0.25357,0.2195143218380782,0.13970876749356934,346687488.0,,4.0
LSTR,False,35.66831764470153,"graham_pe,graham_pe_times_pb,munger_roe,munger_gross_margin",5735679488.0,43.784973,6.8549986,1.825,0.16625,0.14977999,0.19034,0.03195292341939727,96691872.0,0.0105,4.0
IP,False,35.57784047619048,"data_missing:trailing_pe,graham_current_ratio,graham_earnings_stability,munger_roe,munger_gross_margin",17632028672.0,,1.2196417,1.098,0.68509,-0.16479,0.29608,0.02298,1646499968.0,0.0555,0.0
CASY,False,35.55498838080878,"graham_current_ratio,graham_pe,graham_pe_times_pb,munger_gross_margin",22579705856.0,29.427744,5.5183,1.019,0.7054699999999999,0.19983,0.23374548352445523,0.065,503306880.0,0.0043,4.0
LHX,False,35.53840465971348,"graham_current_ratio,graham_pe,graham_pe_times_pb,munger_roe,munger_gross_margin",44217593856.0,23.961151,2.223299,1.184,0.52753,0.0934,0.25484,0.08994138335287222,1608999936.0,0.021099999999999997,4.0
CRWD,False,35.53768104081316,"graham_earnings_stability,graham_pe,graham_pe_times_pb,munger_roe",271757426688.0,8846.833,53.262093,1.57,0.15958,0.01461,0.75185996,-0.02259,1995385472.0,,0.0
JBTM,False,35.52896587178338,"graham_current_ratio,graham_earnings_stability,graham_pe,graham_pe_times_pb,munger_roe,munger_gross_margin",5536293888.0,28.7655,1.2332013,1.239,0.37545,0.0437,0.16034710431993962,0.049865725870149015,341062496.0,0.0036,0.0
EVRG,False,35.525977881044405,"graham_current_ratio,graham_debt_to_equity,graham_pe,graham_pe_times_pb,munger_roe,munger_fcf",18228639744.0,20.117048,1.78304,0.359,1.60554,0.092539996,0.52696997,0.25712895866881375,-1443362560.0,0.0353,4.0
CAR,False,35.51833333333334,"data_missing:trailing_pe,data_missing:debt_to_equity,data_missing:return_on_equity,graham_current_ratio,graham_earnings_stability,munger_gross_margin",3802817280.0,,-1.1216229,0.848,,,0.27385,0.1491,1093124992.0,,0.0
KWR,False,35.42374645939179,"graham_earnings_stability,graham_pe,graham_pe_times_pb,munger_roe",2732325120.0,28.456095,1.984614,2.457,0.66913,0.07175,0.3597160699214353,0.02805519756607156,129911624.0,0.0134,0.0
DY,False,35.368806302548045,"graham_debt_to_equity,graham_pe,graham_pe_times_pb,munger_gross_margin",8142704128.0,24.655252,3.9445233,2.348,1.47703,0.19197,0.20528999,0.09571,326561504.0,,4.0
SO,False,35.273137680841565,"graham_current_ratio,graham_debt_to_equity,graham_pe,graham_pe_times_pb,munger_roe,munger_fcf",95744720896.0,20.055422,2.4196177,0.787,1.8205799999999999,0.114829995,0.48289,0.24650627685852536,-3913374976.0,0.0364,4.0
FOUR,False,35.252375384307996,"graham_current_ratio,graham_debt_to_equity,graham_pe,graham_pe_times_pb,munger_roe,munger_gross_margin",2869521408.0,56.78344,4.6813602,1.211,2.6232100000000003,0.064899996,0.20358318098720293,0.08397129186602871,353524992.0,,4.0
HP,False,35.19331035945417,"data_missing:trailing_pe,graham_earnings_stability,munger_roe",3718228480.0,,1.4444618,1.962,0.69731,-0.04639,0.31845,0.0008857417205973391,493073888.0,0.0273,0.0
ITT,False,35.14579017375446,"graham_current_ratio,graham_pe,graham_pe_times_pb,munger_roe",18305761280.0,40.031433,3.7946253,1.263,0.7973,0.11569,0.35353561000380856,0.17379713088739368,307212512.0,0.0075,4.0
MTX,False,35.131956276220805,"data_missing:trailing_pe,graham_current_ratio,graham_earnings_stability,munger_roe,munger_gross_margin",2048895104.0,,1.3262407,1.429,0.61194,-0.03835,0.24992762713499952,0.022869825340152465,392837504.0,0.0073,0.0
QDEL,False,34.95266766666667,"data_missing:trailing_pe,graham_size,graham_current_ratio,graham_debt_to_equity,graham_earnings_stability,munger_roe",717984704.0,,0.40289378,1.386,1.73277,-0.45905998,0.44858003,-0.33667863160208045,146762496.0,,0.0
DPZ,False,34.94465898970983,"data_missing:debt_to_equity,data_missing:return_on_equity,graham_pe_times_pb",9951978496.0,17.063528,-2.498007,1.538,,,0.3995065581051313,0.1931123802984376,531496512.0,0.0264,4.0
LAD,False,34.93296529389704,"graham_current_ratio,graham_debt_to_equity,munger_roe,munger_gross_margin",6439734272.0,9.7,1.0066494,1.003,2.57698,0.10719,0.15233201097917093,0.04237290387379799,547649984.0,0.0097,4.0
CSW,False,34.930010854961616,"graham_pe,graham_pe_times_pb,munger_roe",4746292736.0,39.84952,4.422884,2.7,0.8488500000000001,0.109280005,0.41908680346109045,0.15568348407323826,72619248.0,0.0040999999999999995,4.0
SHO,False,34.908347093124284,"graham_pe,graham_pe_times_pb,munger_roe,munger_fcf",2096517760.0,51.25,1.2818327,5.435,0.51842,0.027520001,0.43710998,0.25784066820067764,-112617752.0,0.0319,4.0
DRH,False,34.851926922438835,"munger_roe,munger_gross_margin",2554013696.0,17.270834,1.6693517,5.588,0.78244,0.09911,0.29453,0.16066919155637036,76127872.0,0.0353,4.0
AHR,False,34.800404646235044,"graham_current_ratio,graham_earnings_stability,graham_pe,graham_pe_times_pb,munger_roe,munger_gross_margin",11242195968.0,75.838234,2.7175002,1.314,0.41888,0.03951,0.1928,0.18368911780465044,396683008.0,0.0192,1.0
LGIH,False,34.7709859190234,"graham_size,munger_roe,munger_gross_margin",1090058496.0,16.817204,0.51147884,33.032,0.74344,0.03159,0.19646,0.04677561588832392,208319248.0,,4.0
SMG,False,34.700781721964816,"data_missing:debt_to_equity,data_missing:return_on_equity,graham_current_ratio,graham_earnings_stability,graham_pe,graham_pe_times_pb",2933428224.0,20.073704,-14.050474,1.215,,,0.3059388825407987,0.10506577598077993,248500000.0,0.0533,1.0
SAFE,False,34.695607752002324,"graham_size,graham_debt_to_equity,graham_earnings_stability,munger_roe,munger_fcf",839881088.0,7.3664594,0.34550062,37.645,1.76953,0.0464,0.92913,0.26169751421338755,-317175872.0,0.059000000000000004,2.0
BTSG,False,34.67579635076545,"graham_debt_to_equity,graham_earnings_stability,graham_pe,graham_pe_times_pb,munger_roe,munger_gross_margin",11195159552.0,50.51786,5.690436,1.588,1.1600700000000002,0.13036,0.11756085946361444,0.022869024157271517,1028438976.0,,1.0
DXPE,False,34.671785836550406,"graham_debt_to_equity,graham_pe,graham_pe_times_pb",2828310528.0,32.146385,5.2265296,2.993,1.66254,0.18469,0.315383375529728,0.08771725357264186,74078496.0,,4.0
LH,False,34.65972482655072,"graham_pe,graham_pe_times_pb,munger_roe,munger_gross_margin",25079769088.0,25.557436,2.9067657,1.796,0.7912399999999999,0.11728,0.28759936065139013,0.09924955381781432,892049984.0,0.009300000000000001,4.0
LYV,False,34.620399470274684,"data_missing:trailing_pe,graham_current_ratio,graham_debt_to_equity,munger_gross_margin",39817437184.0,,478.76752,0.852,6.202140000000001,0.17677,0.25777,0.049648698171840096,1695030656.0,,4.0
NAVI,False,34.516142,"data_missing:trailing_pe,data_missing:free_cash_flow,graham_size,graham_debt_to_equity,graham_earnings_stability,munger_roe",850150336.0,,0.35453087,10.745,18.52711,-0.01975,1.0,0.33870998,,0.0706,0.0
AAON,False,34.48341428571428,"graham_pe,graham_pe_times_pb,munger_gross_margin,munger_fcf",6857256960.0,43.771053,6.7862096,3.013,0.44742,0.17284,0.25569,0.10987,-213758000.0,0.004699999999999999,4.0
HLT,False,34.446561886214525,"data_missing:debt_to_equity,data_missing:return_on_equity,graham_current_ratio,graham_pe,graham_pe_times_pb",71703429120.0,46.782673,-11.407956,0.649,,,0.79036003,0.22368967522219455,1393874944.0,0.0019,4.0
PSN,False,34.42736677449214,"graham_pe,graham_pe_times_pb,munger_roe,munger_gross_margin",4413465600.0,28.498274,1.6771175,1.662,0.59881,0.082440004,0.21959999,0.06569105997647796,213456128.0,,4.0
FND,False,34.343099821795995,"graham_current_ratio,graham_pe,graham_pe_times_pb,munger_roe",4899603456.0,21.499998,1.9703653,1.333,0.80645,0.09694,0.4363513238863147,0.057656901407488505,140193248.0,,4.0
TXT,False,34.336444867344596,"munger_roe,munger_gross_margin",13348587520.0,14.456685,1.6387721,1.861,0.5228499999999999,0.12126,0.17628999,0.08701,452750016.0,0.001,4.0
JJSF,False,34.31642408108329,"graham_size,graham_pe,graham_pe_times_pb,munger_roe,munger_gross_margin",1430170496.0,29.78794,1.5985926,2.343,0.21512,0.05292,0.23328584651451315,0.01682324923339445,57647500.0,0.0414,4.0
ESAB,False,34.21269724002974,"graham_pe,graham_pe_times_pb,munger_roe",4104629504.0,20.697493,1.7336677,1.962,0.9826900000000001,0.08727,0.3688027144593508,0.1449998328968129,146126368.0,0.0070999999999999995,4.0
VNOM,False,34.169701157044,"data_missing:trailing_pe,graham_earnings_stability,munger_roe",14371386368.0,,1.5207723,6.374,0.1632,0.0109,1.0,-0.1003584229390681,46000000.0,0.0611,0.0
INDV,False,34.141280933166335,"data_missing:debt_to_equity,data_missing:return_on_equity,graham_current_ratio,graham_earnings_stability,graham_pe_times_pb",4258002176.0,12.930108,-20.46228,0.835,,,0.8022598870056498,0.21146085552865213,86500000.0,,2.0
SRE,False,34.11503809523809,"graham_pe,graham_pe_times_pb,munger_roe,munger_fcf",51180777472.0,22.686954,1.5655252,1.642,0.84663,0.06679,0.43994,0.28328,-27657750528.0,0.0336,4.0
YUM,False,34.11438357777804,"data_missing:debt_to_equity,data_missing:return_on_equity,graham_current_ratio,graham_pe_times_pb",37327409152.0,17.205032,-5.1834164,0.592,,,0.45311,0.3133674214755296,833249984.0,0.0218,4.0
GPK,False,34.09668748663388,"graham_current_ratio,graham_debt_to_equity,munger_roe,munger_gross_margin",2680739840.0,13.938462,0.82891124,1.379,1.7615100000000001,0.060100004,0.16771341463414635,0.09330393408378786,237875008.0,0.0478,4.0
TLN,False,34.033667333333334,"data_missing:trailing_pe,graham_current_ratio,graham_debt_to_equity,graham_earnings_stability,munger_roe",14937990144.0,,9.241041,0.781,5.8413699999999995,-0.12825,0.42101002,-0.03487020534676482,1261750016.0,,0.0
LFST,False,34.02887724841192,"graham_current_ratio,graham_earnings_stability,graham_pe,graham_pe_times_pb,munger_roe",4604008960.0,93.160774,3.1318593,1.376,0.32098999999999994,0.03429,0.33558998,0.01695447189291469,172356128.0,,1.0
FUL,False,34.00340782261838,"graham_debt_to_equity,munger_roe,munger_gross_margin",2661710080.0,13.773649,1.2771167,1.816,1.00906,0.09584,0.27853710735243353,0.07800966517086641,151052752.0,0.019799999999999998,4.0
DXC,False,33.97225505415706,"graham_size,graham_current_ratio,graham_debt_to_equity,graham_earnings_stability,munger_roe,munger_gross_margin",1733598848.0,14.662163,0.5710226,1.408,1.25421,0.04025,0.22997,0.07671622904144258,877000000.0,,3.0
AVA,False,33.95425996508583,"graham_current_ratio,graham_debt_to_equity,munger_roe,munger_fcf",2946424576.0,12.60932,1.0444438,1.1,1.19709,0.08306,0.66753995,0.18024439918533605,-235124992.0,0.055999999999999994,4.0
ETR,False,33.95418221664194,"graham_current_ratio,graham_debt_to_equity,graham_pe,graham_pe_times_pb,munger_roe,munger_fcf",47596191744.0,25.478262,2.550109,0.912,1.8677000000000001,0.10248999,0.47000998,0.24734345144386757,-4400858112.0,0.025699999999999997,4.0
ENTG,False,33.88193727299017,"graham_pe,graham_pe_times_pb,munger_roe",23614115840.0,77.525,5.696598,3.049,0.85655,0.07671,0.44419070262153537,0.14262028405180505,477787488.0,0.0026,4.0
KMPR,False,33.87056666666667,"data_missing:trailing_pe,graham_size,graham_current_ratio,graham_earnings_stability,munger_roe,munger_gross_margin",1477203456.0,,0.67365307,0.817,0.63974,-0.19700001,0.254,-0.013935520407750495,220550000.0,0.0499,2.0
BJ,False,33.788118272122325,"graham_current_ratio,graham_debt_to_equity,graham_pe,graham_pe_times_pb,munger_gross_margin",11589372928.0,20.076586,5.279664,0.73,1.26207,0.27673,0.18244,0.03805721080879146,246668752.0,,4.0
VECO,False,33.769310491098786,"graham_earnings_stability,graham_pe,graham_pe_times_pb,munger_roe",3179352576.0,136.86842,3.5218039,3.926,0.28931,0.02643,0.3786,0.06676,71797000.0,,2.0
VIAV,False,33.761382704757445,"data_missing:trailing_pe,graham_earnings_stability,munger_roe",10407907328.0,,7.1930428,1.846,0.48243,-0.02728,0.5765658960679707,0.06922215635908582,158712496.0,,0.0
KD,False,33.721547319047616,"graham_current_ratio,graham_debt_to_equity,graham_earnings_stability,graham_pe,graham_pe_times_pb,munger_roe,munger_gross_margin",2461346304.0,30.54054,2.3169982,0.848,4.22451,0.069299996,0.21841,0.02902,2652624896.0,,2.0
NPK,False,33.71162499485236,"graham_size,graham_pe,graham_pe_times_pb,munger_roe,munger_gross_margin",1053176512.0,24.597502,2.5607727,5.22,0.022320000000000003,0.10902,0.15952566312628594,0.07991873277142698,8961750.0,0.0068000000000000005,4.0
HSIC,False,33.64898922366518,"graham_current_ratio,graham_pe,graham_pe_times_pb,munger_roe",9598626816.0,24.855457,2.98699,1.319,0.80733,0.088549994,0.3113622572815534,0.04952973300970874,446000000.0,,4.0
AXON,False,33.60914960061073,"graham_pe,graham_pe_times_pb,munger_roe",34434101248.0,177.35146,9.370812,2.149,0.50363,0.06221,0.5965474093517767,-0.02233322396256066,222160000.0,,4.0
UGI,False,33.58419910702033,"graham_current_ratio,graham_debt_to_equity,graham_earnings_stability,munger_roe,munger_fcf",7686426624.0,11.905315,1.4177481,1.439,1.34987,0.13279,0.51343,0.1519143680526966,-236250000.0,0.0415,2.0
ONTO,False,33.549038135321666,"graham_pe,graham_pe_times_pb,munger_roe",18977605632.0,115.850746,7.917984,9.726,0.76547,0.06825,0.4971534812282955,0.13223106788969652,202947248.0,,4.0
MDLZ,False,33.546073820962675,"graham_current_ratio,graham_pe,graham_pe_times_pb,munger_roe,munger_gross_margin",74746929152.0,21.32967,2.7991157,0.599,0.82643,0.13340001,0.2837532760723461,0.0920673638321613,2252375040.0,0.0351,4.0
AEP,False,33.469338180386856,"graham_current_ratio,graham_debt_to_equity,graham_pe,graham_pe_times_pb,munger_roe,munger_fcf",64954773504.0,20.642733,2.0247247,0.504,1.6078899999999998,0.10130999,0.46352002,0.24314317059791551,-5995950080.0,0.0319,4.0
HXL,False,33.44045289306579,"graham_pe,graham_pe_times_pb,munger_roe,munger_gross_margin",6377326080.0,42.590908,4.9043326,2.427,0.73902,0.10764,0.22957917524684512,0.09060668461904008,252975008.0,0.0085,4.0
FE,False,33.38351554955978,"graham_current_ratio,graham_debt_to_equity,graham_pe,graham_pe_times_pb,munger_roe,munger_fcf",25205139456.0,22.934212,1.9493155,0.541,2.00908,0.09491,0.68605006,0.1461895294897283,-2014625024.0,0.0426,4.0
PECO,False,33.32189710521031,"graham_pe,graham_pe_times_pb,munger_roe",5278403584.0,32.798244,2.0223927,1.567,0.91852,0.060170002,0.70998,-0.027595161620993645,160187872.0,0.0366,4.0
HTO,False,33.321282934044476,"graham_debt_to_equity,graham_pe,graham_pe_times_pb,munger_roe,munger_fcf",2588215552.0,21.772888,1.4035227,1.667,1.02581,0.06463,0.56912,0.22174521290548221,-250611632.0,0.0286,4.0
TNC,False,33.26825949295186,"graham_size,graham_pe,graham_pe_times_pb,munger_roe",1143581952.0,64.49519,2.1439302,2.045,0.73113,0.03078,0.40240963855421685,0.05675114250103864,50687500.0,0.0184,4.0
LNT,False,33.255990813519354,"graham_current_ratio,graham_debt_to_equity,graham_pe,graham_pe_times_pb,munger_roe,munger_fcf",16482728960.0,20.117088,2.1892004,0.466,1.60951,0.11135,0.44502,0.23498395231545163,-1138625024.0,0.0333,4.0
WMT,False,33.201673370521476,"graham_current_ratio,graham_pe,graham_pe_times_pb,munger_gross_margin",831575621632.0,37.83935,8.846642,0.767,0.7165300000000001,0.22313999,0.24836999,0.041820733829433104,7127625216.0,0.009300000000000001,4.0
CVI,False,33.16847157675264,"graham_current_ratio,graham_debt_to_equity,graham_pe,graham_pe_times_pb,munger_gross_margin",5230104576.0,75.39855,9.962658,1.418,2.4180099999999998,0.24254999,0.10905,0.02541189611840268,214500000.0,0.0079,4.0
D,False,33.07885084644545,"graham_current_ratio,graham_debt_to_equity,graham_pe,graham_pe_times_pb,munger_roe,munger_fcf",53431201792.0,21.02076,1.9139887,0.809,1.60459,0.08281,0.46222,0.26741790863928266,-9181124608.0,0.044000000000000004,4.0
CLH,False,33.04100997972375,"graham_debt_to_equity,graham_pe,graham_pe_times_pb",16450618368.0,37.683193,5.6179695,2.131,1.10951,0.15562001,0.32257,0.11165481673605172,383758016.0,,4.0
LTH,False,32.97792211007227,"graham_current_ratio,graham_debt_to_equity,graham_earnings_stability,graham_pe,graham_pe_times_pb,munger_roe,munger_fcf",8983171072.0,21.967213,2.717318,0.657,1.29478,0.13445,0.48022997,0.1606851503461308,-345163264.0,,3.0
VYX,False,32.97702842610807,"graham_size,graham_current_ratio,graham_debt_to_equity,graham_earnings_stability,graham_pe,munger_roe,munger_gross_margin",954753408.0,24.696428,1.0274888,1.072,1.15799,0.05272,0.25825,0.009676218831410495,216250000.0,,2.0
OGS,False,32.86428817723744,"graham_current_ratio,munger_roe,munger_fcf",4508680704.0,15.459053,1.2732081,0.481,0.95903,0.085760005,0.6008782612479727,0.13574721538554038,-219928128.0,0.0377,4.0
SXT,False,32.840474819846534,"graham_pe,graham_pe_times_pb,munger_roe,munger_fcf",5596541440.0,35.436657,4.419457,4.39,0.6063000000000001,0.13071,0.34876,0.12848246801864138,-2621250.0,0.0127,4.0
RRX,False,32.795825579493766,"graham_earnings_stability,graham_pe,graham_pe_times_pb,munger_roe",10404645888.0,32.149174,1.5047286,2.276,0.68843,0.047670003,0.33073095813268916,0.060329243124770025,455187488.0,0.009000000000000001,2.0
WEC,False,32.7779134294548,"graham_current_ratio,graham_debt_to_equity,graham_pe_times_pb,munger_roe,munger_fcf",33008543744.0,19.669903,2.4217649,0.534,1.5798500000000002,0.11988,0.41909,0.22906909113172313,-2353637376.0,0.0371,4.0
FUN,False,32.73233333333333,"data_missing:trailing_pe,graham_size,graham_current_ratio,graham_debt_to_equity,graham_earnings_stability,munger_roe",1113201536.0,,9.70562,0.42,14.552999999999999,-1.4315801,0.38197,-0.443509298649255,483434880.0,,0.0
ABM,False,32.72665957803902,"graham_current_ratio,graham_debt_to_equity,munger_roe,munger_gross_margin",2823464704.0,17.452898,1.5771724,1.421,1.05134,0.09191,0.12918,0.03563955682091037,281200000.0,0.0239,4.0
BEN,False,32.71537385271415,"graham_pe,graham_pe_times_pb,munger_roe,munger_fcf",16329590784.0,21.863945,1.3895974,5.486,0.24805,0.07887,0.37707,0.06887705656333018,-2990862592.0,0.0404,4.0
CNP,False,32.70868635017329,"graham_current_ratio,graham_debt_to_equity,graham_pe,graham_pe_times_pb,munger_roe,munger_fcf",24385824768.0,22.035715,2.0805936,1.123,2.10256,0.09825,0.47027,0.22549962594848777,-5191875072.0,0.026000000000000002,4.0
BKH,False,32.58435018386483,"graham_current_ratio,graham_debt_to_equity,munger_roe,munger_fcf",5343820288.0,17.652393,1.355198,0.523,1.11686,0.07958,0.4993103849222529,0.2326839826839827,-77750000.0,0.04,4.0
MIR,False,32.526257320632794,"graham_earnings_stability,graham_pe,graham_pe_times_pb,munger_roe",3572516864.0,159.38889,1.9113925,3.198,0.6575700000000001,0.01511,0.47395720769397015,0.05565161011454506,115362496.0,,1.0
IPGP,False,32.481613495924826,"graham_earnings_stability,graham_pe,graham_pe_times_pb,munger_roe",3339251712.0,121.03847,1.5731225,6.179,0.00764,0.01302,0.38002763562026226,0.013054692426704338,45315500.0,,1.0
UFPI,False,32.44938382391318,"munger_roe,munger_gross_margin",4288805888.0,17.75114,1.411942,3.981,0.13347,0.0802,0.13773177691362642,0.04604430853485071,117891504.0,0.0183,4.0
PDFS,False,32.43636237309464,"data_missing:consecutive_positive_earnings_years,graham_pe,graham_pe_times_pb,munger_roe,munger_fcf",2173857024.0,205.92,5.7894735,3.447,0.19210000000000002,0.03272,0.5335178804566559,0.0018651039059202324,-13259875.0,,
NX,False,32.41373516020604,"graham_size,graham_debt_to_equity,graham_earnings_stability,munger_roe,munger_gross_margin",872531072.0,19.628866,1.1592087,2.231,1.13017,0.06201,0.26587,-0.10554400995624282,65965624.0,0.0167,0.0
VTRS,False,32.35631191068936,"data_missing:trailing_pe,graham_earnings_stability,munger_roe",20404715520.0,,1.4112647,1.585,0.9553499999999999,-0.02754,0.3505968573206806,-0.18623207155294794,2677337600.0,0.0265,0.0
CPK,False,32.341709686443934,"graham_current_ratio,graham_debt_to_equity,graham_pe,graham_pe_times_pb,munger_roe,munger_fcf",3096594944.0,20.552801,1.8503767,0.316,1.01273,0.094689995,0.40342,0.27516129032258063,-220775008.0,0.0229,4.0
FMC,False,32.33392936109669,"data_missing:trailing_pe,graham_size,graham_debt_to_equity,graham_earnings_stability,munger_roe",1381248512.0,,0.6793665,1.987,2.6504700000000003,-0.88376,0.3700178808329007,-0.4696025840687547,165637504.0,0.0352,0.0
MAR,False,32.30082355914052,"data_missing:debt_to_equity,data_missing:return_on_equity,graham_current_ratio,graham_pe,graham_pe_times_pb",93255237632.0,37.059067,-20.690811,0.535,,,0.79241997,0.15813793630184067,2060375040.0,0.008100000000000001,4.0
HOG,False,32.25085038956132,"munger_roe,munger_gross_margin",2558102016.0,13.655556,0.8254139,1.903,0.7404000000000001,0.06093,0.27989,0.08643413235565342,110030248.0,0.0302,4.0
CWT,False,32.19479692270747,"graham_current_ratio,graham_pe,graham_pe_times_pb,munger_roe,munger_fcf",2860058368.0,20.73991,1.5823326,0.701,0.9267700000000001,0.07677,0.53286,0.17678726152984087,-258749376.0,0.0292,4.0
UVV,False,32.184298861020416,"graham_size,graham_pe,graham_pe_times_pb,munger_roe,munger_gross_margin",1038672448.0,54.888157,0.7490438,2.572,0.85545,0.022769999,0.17417999,0.058386982951587445,155875008.0,0.0797,4.0
KNTK,False,32.160145039504975,"graham_current_ratio,graham_debt_to_equity,graham_pe_times_pb,munger_fcf",8525981696.0,17.618881,-3.356201,0.682,1.3657400000000002,0.19231,0.41193,0.09347088425511607,-95451128.0,0.06269999999999999,4.0
SARO,False,32.14168409296601,"graham_earnings_stability,graham_pe,graham_pe_times_pb,munger_roe,munger_gross_margin",7116422144.0,22.170101,2.538961,2.135,0.93207,0.12302,0.15048,0.0908977844666065,369616000.0,,2.0
GIS,False,32.12720579066175,"data_missing:trailing_pe,graham_current_ratio,graham_debt_to_equity,graham_earnings_stability,munger_roe",17299802112.0,,2.3435464,0.704,1.82422,-0.104949996,0.33728,0.048077027452427736,1302612480.0,0.0721,0.0
SEI,False,32.04723090049176,"graham_debt_to_equity,graham_pe,graham_pe_times_pb,munger_roe,munger_fcf",7206860288.0,90.658226,4.9878125,4.123,2.16673,0.08099,0.49943,0.21759066545591887,-806578240.0,0.006999999999999999,4.0
HASI,False,32.045964285714284,"data_missing:free_cash_flow,graham_debt_to_equity,graham_pe,graham_pe_times_pb,munger_roe",4607859200.0,55.169235,1.7970434,8.703,2.22661,0.03371,1.0,0.22208,,0.0478,4.0
PTEN,False,32.041820019586034,"data_missing:trailing_pe,graham_earnings_stability,munger_roe,munger_gross_margin",4145424896.0,,1.343504,1.75,0.41383000000000003,-0.0277,0.23754999,-0.008459328922244616,254212992.0,0.0379,0.0
OMC,False,31.961693643261974,"graham_current_ratio,graham_debt_to_equity,graham_earnings_stability,graham_pe,graham_pe_times_pb,munger_roe,munger_gross_margin",21224413184.0,201.27026,2.114544,0.924,1.07744,0.060510002,0.18959999,0.02574702262055709,4260624896.0,0.0432,0.0
ED,False,31.947189381273255,"graham_current_ratio,graham_debt_to_equity,munger_roe,munger_fcf",38142275584.0,16.935139,1.483722,1.268,1.10113,0.08962,0.53372,0.17348386334082042,-844875008.0,0.034,4.0
VTR,False,31.93388979784238,"graham_current_ratio,graham_earnings_stability,graham_pe,graham_pe_times_pb,munger_roe",43759452160.0,155.10909,2.9871492,0.295,0.8492799999999999,0.02012,0.39970002,0.14807999,1486853504.0,0.0239,2.0
HZO,False,31.833196435685558,"graham_size,graham_current_ratio,graham_debt_to_equity,graham_earnings_stability,graham_pe,graham_pe_times_pb,munger_roe",1155357184.0,326.93753,1.2129855,1.234,1.15137,0.00497,0.3248741603472585,0.014730514340350793,183364128.0,,0.0
RYN,False,31.771661725530397,"graham_pe,graham_pe_times_pb,munger_roe,munger_gross_margin",5528635392.0,40.163044,1.058436,3.562,0.36024999999999996,0.02015,0.24815,0.17200945333704862,111029624.0,0.055999999999999994,4.0
PCAR,False,31.764759972530943,"graham_pe,graham_pe_times_pb,munger_roe,munger_gross_margin",57781714944.0,23.110527,2.8433964,5.519,0.7291,0.12755999,0.13715,0.12024,1943650048.0,0.0125,4.0
CNXN,False,31.75028842889217,"graham_pe,graham_pe_times_pb,munger_roe,munger_gross_margin",2280136192.0,23.900795,2.3934352,2.88,0.00792,0.104320005,0.18774023182000776,0.03455996457744611,11910875.0,0.0089,4.0
PRGO,False,31.713025009208973,"data_missing:trailing_pe,graham_debt_to_equity,graham_earnings_stability,munger_roe",2052397184.0,,0.81541514,2.324,1.38183,-0.48746,0.3513907502762691,-0.26385460017399076,437212512.0,0.07730000000000001,0.0
GME,False,31.697512511455255,"graham_earnings_stability,graham_pe_times_pb",12438472704.0,16.220396,1.8936251,8.718,0.70557,0.15786,0.3295132097302956,0.06394115540373013,85450000.0,,3.0
CNXC,False,31.653066885709702,"data_missing:trailing_pe,graham_size,graham_current_ratio,graham_debt_to_equity,graham_earnings_stability,munger_roe",1565120768.0,,0.5770399,1.179,2.03764,-0.37662,0.34959200657129097,-0.09344640741169319,775551744.0,0.056600000000000004,0.0
PTCT,False,31.653,"data_missing:trailing_pe,data_missing:debt_to_equity,data_missing:return_on_equity,graham_earnings_stability,munger_fcf",5427455488.0,,-32.760704,3.394,,,0.49959,0.5009288390811572,-286804256.0,,1.0
NWE,False,31.650300939722527,"graham_current_ratio,graham_debt_to_equity,graham_pe,graham_pe_times_pb,munger_roe,munger_fcf",4207820800.0,24.693142,1.4532167,0.826,1.24221,0.05935,0.55587,0.2023011885935256,-242985632.0,0.039,4.0
PRVA,False,31.63762763978663,"graham_earnings_stability,graham_pe,graham_pe_times_pb,munger_roe,munger_gross_margin",2537440000.0,90.295456,3.206618,1.616,0.01042,0.04306,0.1003,0.018609999,95646496.0,,3.0
GKOS,False,31.605842025158655,"data_missing:trailing_pe,graham_earnings_stability,munger_roe",9746210816.0,,14.250539,5.04,0.15766,-0.25981,0.5572282152443038,-0.39334544637613755,15456250.0,,0.0
LITE,False,31.60006151198978,"data_missing:trailing_pe,graham_earnings_stability,munger_roe",86935781376.0,,18.490932,1.678,0.35987,-2.40027,0.4166887856668879,0.1741207697412077,224700000.0,,0.0
ALGM,False,31.545031897585744,"graham_earnings_stability,graham_pe,graham_pe_times_pb,munger_roe",6804606976.0,521.5,7.054106,3.703,0.31472,0.015269999,0.4628377163811544,0.020769669788427314,103498872.0,,0.0
NWL,False,31.485021548874965,"data_missing:trailing_pe,graham_current_ratio,graham_debt_to_equity,graham_earnings_stability,munger_roe",2233845504.0,,0.91027415,1.111,2.32966,-0.085939996,0.3375902276513048,0.005413659078289839,408624992.0,0.0526,0.0
USPH,False,31.483209338993774,"graham_size,graham_current_ratio,graham_pe,graham_pe_times_pb,munger_roe,munger_gross_margin",1289768832.0,508.41177,2.8749626,1.271,0.5032099999999999,0.0651,0.19167082805157556,0.11098349530723825,41290124.0,0.021400000000000002,4.0
ACI,False,31.472833997830097,"graham_current_ratio,graham_debt_to_equity,graham_pe,graham_pe_times_pb,munger_roe,munger_gross_margin",5718163456.0,72.96875,3.537879,0.842,9.735850000000001,0.02717,0.27180498361838346,0.008748083801737354,1753387520.0,0.0584,4.0
PMT,False,31.377607517857143,"data_missing:free_cash_flow,graham_size,graham_debt_to_equity,graham_earnings_stability,munger_roe",691514688.0,5.506944,0.5271205,1.798,12.390820000000001,0.089370005,0.82927,0.10908,,0.2,3.0
PEG,False,31.283171407968187,"graham_current_ratio,graham_debt_to_equity,graham_pe_times_pb,munger_roe",33671577600.0,16.808458,1.941834,0.877,1.4240899999999999,0.11835,0.33333,0.24490466798159105,107750000.0,0.039599999999999996,4.0
KOP,False,31.280652781050698,"data_missing:trailing_pe,graham_size,graham_debt_to_equity,munger_roe,munger_gross_margin",863123968.0,,2.2293863,2.332,2.59302,-0.19013001,0.22362,0.08928856489118289,162850000.0,0.0078000000000000005,4.0
PPL,False,31.263754853290994,"graham_current_ratio,graham_debt_to_equity,graham_pe_times_pb,munger_roe,munger_fcf",24860317696.0,19.547337,1.6519978,0.905,1.3543399999999999,0.086330004,0.44094002,0.2354567573545676,-1938375040.0,0.035,4.0
ORLY,False,31.21872371261644,"data_missing:debt_to_equity,data_missing:return_on_equity,graham_current_ratio,graham_pe,graham_pe_times_pb",69125693440.0,27.126982,-37.994663,0.752,,,0.5159231316716373,0.19461329191915056,1570733824.0,,4.0
XPO,False,31.210279220144542,"graham_current_ratio,graham_debt_to_equity,graham_pe,graham_pe_times_pb,munger_gross_margin",20737183744.0,52.244835,10.569314,1.011,2.06167,0.21587,0.17586074327210593,0.08042172367291897,473750016.0,,4.0
PSMT,False,31.19161943832128,"graham_current_ratio,graham_pe,graham_pe_times_pb,munger_roe,munger_gross_margin",5225921024.0,32.565384,3.660614,1.277,0.24017,0.12314,0.17635,0.04411875765403805,58311500.0,0.008199999999999999,4.0
AMTM,False,31.159866210757215,"graham_earnings_stability,graham_pe,munger_roe,munger_gross_margin",4468354560.0,22.018072,0.9509809,1.523,0.7987099999999999,0.04287,0.10488,0.03334954491766831,484249984.0,,1.0
PSKY,False,31.109666000000004,"graham_current_ratio,graham_debt_to_equity,graham_earnings_stability,graham_pe,graham_pe_times_pb,munger_roe",11639288832.0,346.66336,0.9904667,1.04,1.26479,-0.00896,0.33328998,-0.18036490603498442,17593124864.0,0.02,0.0
DUK,False,31.073792774715127,"graham_current_ratio,graham_debt_to_equity,munger_roe,munger_fcf",89151143936.0,17.21988,1.6583993,0.661,1.62155,0.098570004,0.51971,0.14833876885446393,-4477374976.0,0.038,4.0
OTIS,False,31.052588984036866,"data_missing:debt_to_equity,data_missing:return_on_equity,graham_current_ratio,graham_pe_times_pb",24570302464.0,16.592545,-4.2747865,0.831,,,0.30313,0.14780680479523248,1436249984.0,0.0268,4.0
NEOG,False,31.002721462464233,"data_missing:trailing_pe,graham_earnings_stability,munger_roe",2810295808.0,,1.340233,3.822,0.38827,-0.00379,0.46932444852941174,-0.024816176470588234,69500000.0,,0.0
GSHD,False,30.973748323310236,"data_missing:debt_to_equity,data_missing:return_on_equity,graham_size,graham_pe,graham_pe_times_pb",1613936768.0,32.963505,-9.563744,1.544,,,0.49583,0.20380012263758404,36873876.0,,4.0
OC,False,30.89068310685652,"data_missing:trailing_pe,graham_current_ratio,graham_debt_to_equity,graham_earnings_stability,munger_roe,munger_gross_margin",9291381760.0,,2.4617252,1.16,1.50328,-0.094510004,0.28090666138770665,0.035632980302880334,869500032.0,0.026699999999999998,0.0
APG,False,30.883429920873628,"data_missing:trailing_pe,graham_current_ratio,graham_debt_to_equity,munger_roe",16817517568.0,,4.603146,1.389,1.0927200000000001,0.10348,0.3143723928706864,0.07002907344204272,648625024.0,,4.0
KNX,False,30.863700054180054,"graham_current_ratio,graham_pe,graham_pe_times_pb,munger_roe,munger_gross_margin",10393597952.0,236.51851,1.4886129,0.877,0.38409999999999994,0.00611,0.24333,0.02892516676397103,491255488.0,0.0125,4.0
STLD,False,30.844854786050448,"graham_pe,graham_pe_times_pb,munger_gross_margin",31812386816.0,20.122847,3.3839245,3.183,0.46924,0.17568001,0.13160797401887628,0.0812026200086804,234191248.0,0.0096,4.0
CBRE,False,30.84050673258636,"graham_current_ratio,graham_debt_to_equity,graham_pe,graham_pe_times_pb,munger_gross_margin",37395755008.0,29.551489,4.4570994,1.141,1.17789,0.15798001,0.18574,0.043230579531442666,1637624960.0,,4.0
ASTH,False,30.71102514346819,"graham_size,graham_current_ratio,graham_debt_to_equity,graham_pe,graham_pe_times_pb,munger_roe,munger_gross_margin",1751282176.0,43.05488,2.0933888,1.229,1.6362299999999999,0.06902,0.1343047536293536,0.024679667191427158,231191248.0,,4.0
BHE,False,30.674908380765174,"graham_pe,graham_pe_times_pb,munger_roe,munger_gross_margin",2991771136.0,57.047943,2.680031,1.993,0.26142,0.047810003,0.10156187714075547,0.0285994401130003,136417248.0,0.008100000000000001,4.0
HUBG,False,30.65789777931571,"graham_size,graham_current_ratio,munger_roe,munger_gross_margin",1811367040.0,17.02299,1.0645103,1.474,0.2841,0.06241,0.166558686562469,0.035549198127909305,59145876.0,0.0165,4.0
RAL,False,30.60442979717134,"data_missing:trailing_pe,graham_earnings_stability,munger_roe",7721566208.0,,5.032086,1.524,0.79797,-0.53898996,0.5028518948182521,-0.5718290796597061,333950016.0,0.0029,0.0
NWN,False,30.58986986126493,"graham_size,graham_current_ratio,graham_debt_to_equity,munger_roe,munger_fcf",1971871744.0,15.667225,1.2645774,0.772,1.73275,0.08347999,0.44977,0.21785253648507052,-268720128.0,0.04190000000000001,4.0
SYF,False,30.589499999999997,"data_missing:current_ratio,data_missing:debt_to_equity,data_missing:free_cash_flow,munger_gross_margin",23128985600.0,7.290769,1.5217391,,,0.20786,0.0,0.50219,,0.019,4.0
CWK,False,30.567627801059196,"graham_current_ratio,graham_debt_to_equity,graham_earnings_stability,graham_pe,graham_pe_times_pb,munger_roe,munger_gross_margin",2790746112.0,41.000004,1.3791903,1.078,1.49834,0.0352,0.18128,0.04398242646915884,302500000.0,,2.0
HCA,False,30.56050335149601,"data_missing:debt_to_equity,data_missing:return_on_equity,graham_current_ratio,graham_pe_times_pb",94687879168.0,14.308749,-14.006825,0.993,,,0.42580003,0.15161,3738125056.0,0.0072,4.0
UTI,False,30.532547967551515,"graham_size,graham_current_ratio,graham_debt_to_equity,graham_pe,graham_pe_times_pb,munger_roe,munger_fcf",1028076992.0,30.590162,2.9860778,1.302,1.04405,0.105349995,0.55051,0.09988918354842416,-4487750.0,,4.0
TSN,False,30.52425765059727,"graham_current_ratio,graham_earnings_stability,graham_pe,graham_pe_times_pb,munger_roe,munger_gross_margin",17902299136.0,31.412037,0.99022186,1.433,0.44025,0.03263,0.06542862915817123,0.020168622912878163,1191250048.0,0.04,2.0
KALU,False,30.523860421706374,"graham_debt_to_equity,graham_earnings_stability,munger_gross_margin",2368983296.0,10.749258,2.486956,2.495,1.13255,0.26398,0.14524001,0.05597391046546101,33025000.0,0.0204,3.0
EXC,False,30.49966764599602,"graham_current_ratio,graham_debt_to_equity,munger_roe,munger_fcf",41936490496.0,14.965074,1.4148419,1.088,1.77362,0.09711,0.42363998,0.21221864951768488,-2685125120.0,0.041299999999999996,4.0
PBF,False,30.4692427237156,"graham_current_ratio,graham_earnings_stability,munger_gross_margin",9205571584.0,6.8063107,1.436552,1.33,0.38423999999999997,0.23228,0.050430004,-0.0018512015764191694,78462496.0,0.0146,0.0
XEL,False,30.347829364735407,"graham_current_ratio,graham_debt_to_equity,graham_pe_times_pb,munger_roe,munger_fcf",44214743040.0,19.39315,1.8372353,0.701,1.73135,0.0992,0.46825,0.17032157406604836,-7907999744.0,0.0335,4.0
ICUI,False,30.34560650682705,"graham_earnings_stability,graham_pe,graham_pe_times_pb,munger_roe",4025632768.0,135.2773,1.8707727,2.43,0.59817,0.014099999,0.36841885892378395,0.019194966794576343,163559632.0,,1.0
AEIS,False,30.323713256310548,"graham_pe,graham_pe_times_pb",11347691520.0,52.27583,7.783287,3.79,0.94568,0.16267,0.37658438959306206,0.0933955970647098,34187500.0,0.0014000000000000002,4.0
ETSY,False,30.31963344222348,"data_missing:debt_to_equity,data_missing:return_on_equity,graham_current_ratio,graham_earnings_stability,graham_pe,graham_pe_times_pb",6666107904.0,22.984177,-4.808978,1.476,,,0.7163864344073403,0.09232179909075808,169665376.0,,3.0
PK,False,30.307666666666673,"data_missing:trailing_pe,graham_current_ratio,graham_debt_to_equity,graham_earnings_stability,munger_roe",3115710720.0,,1.0084062,0.297,1.35246,-0.04859,0.30923,-0.012987012987012988,1068875008.0,0.0642,0.0
TMP,False,30.272251499999996,"data_missing:current_ratio,data_missing:debt_to_equity,data_missing:free_cash_flow,graham_size,munger_gross_margin",1386655872.0,7.883075,1.4381825,,,0.20363002,0.0,0.45026,,0.028900000000000002,4.0
BMRN,False,30.174103278466767,"graham_pe,graham_pe_times_pb,munger_roe",11688950784.0,163.2027,1.8486712,2.387,0.66473,0.011820001,0.50968,0.12711761541238767,85157376.0,,4.0
ACM,False,30.111555071737182,"graham_current_ratio,graham_debt_to_equity,graham_pe,graham_pe_times_pb,munger_gross_margin",7647141376.0,20.922535,3.4866798,1.057,1.3888,0.16605,0.0753867098002667,0.06360260481936937,379882112.0,0.021099999999999997,4.0
PNW,False,30.042974282873665,"graham_current_ratio,graham_debt_to_equity,munger_roe,munger_fcf",11288309760.0,17.87716,1.6045618,0.594,2.3328800000000003,0.09365,0.43352002,0.19993299548927432,-929501376.0,0.039,4.0
PEB,False,30.02734527500173,"data_missing:trailing_pe,data_missing:consecutive_positive_earnings_years,graham_current_ratio,munger_roe,munger_gross_margin",2128151040.0,,0.8800688,0.708,0.97934,-0.016339999,0.25336,0.029682611972262435,258438128.0,0.0021,
ENSG,False,30.02342037148249,"graham_current_ratio,graham_pe,graham_pe_times_pb,munger_gross_margin",10063044608.0,27.10518,4.0859504,1.211,0.92027,0.16973,0.16566,0.08408844801566519,280635360.0,0.0015,4.0
BAX,False,30.017194355508124,"data_missing:trailing_pe,graham_debt_to_equity,graham_earnings_stability,munger_roe",12353619968.0,,1.9905865,1.946,1.5644900000000002,-0.14371,0.3005158306652437,-0.027392387050871575,1000374976.0,0.0017000000000000001,0.0
APO,False,30.014332666666665,"data_missing:free_cash_flow,graham_debt_to_equity,graham_earnings_stability,graham_pe,graham_pe_times_pb,munger_roe",68420333568.0,41.23132,3.403343,1.948,1.00969,0.11412,0.36141998,0.21952,,0.0189,3.0
TTWO,False,29.876387244063363,"data_missing:trailing_pe,graham_current_ratio,graham_earnings_stability,munger_roe",39061151744.0,,11.031578,1.062,0.81607,-0.09039,0.5723363980530016,-0.01565410732528093,1256137472.0,,0.0
ESI,False,29.8195269550273,"graham_pe,graham_pe_times_pb,munger_roe",8906725376.0,49.39189,3.1666956,2.907,0.74976,0.06539,0.41960645970523675,0.1341329570398244,50812500.0,0.0089,4.0
STWD,False,29.81175377970183,"data_missing:free_cash_flow,graham_debt_to_equity,graham_pe,munger_roe",5168655360.0,23.067797,0.77616197,12.868,3.3111900000000003,0.03689,0.86453,0.16438342152637608,,0.13369999999999999,4.0
SR,False,29.804565031582325,"graham_current_ratio,graham_debt_to_equity,munger_roe,munger_fcf",4510011392.0,16.842163,1.2586195,0.37,2.02612,0.081099994,0.43965998,0.21155709901469877,-319812512.0,0.043,4.0
MXL,False,29.800288496663065,"data_missing:trailing_pe,graham_earnings_stability,munger_roe",8221338112.0,,16.956602,1.776,0.30566,-0.21324,0.568414659963519,-0.27134062240051665,14404875.0,,0.0
THO,False,29.781132447312498,"graham_earnings_stability,graham_pe,munger_roe,munger_gross_margin",3587714304.0,20.565088,0.8387128,1.768,0.21361,0.04086,0.12620854493765446,0.02189,140289504.0,0.0296,0.0
TFX,False,29.77804148566558,"data_missing:trailing_pe,graham_debt_to_equity,graham_earnings_stability,munger_roe",5290193408.0,,1.8213515,2.604,1.0110299999999999,-0.00701,0.562426199859187,0.05940293459218663,179542000.0,0.0108,0.0
GPC,False,29.62248285770676,"graham_current_ratio,graham_debt_to_equity,graham_pe,graham_pe_times_pb,munger_roe",17391009792.0,504.6,3.8424048,1.159,1.4641499999999998,0.0070700003,0.3679278239578939,0.08498922117053008,917241984.0,0.0335,4.0
FBP,False,29.6205,"data_missing:current_ratio,data_missing:debt_to_equity,data_missing:free_cash_flow,munger_gross_margin",4026625792.0,11.128693,2.0233986,,,0.19494,0.0,0.49097002,,0.0304,4.0
COHR,False,29.617667921149284,"graham_earnings_stability,graham_pe,graham_pe_times_pb,munger_roe,munger_fcf",56436895744.0,69.94903,5.173968,2.427,0.31611999999999996,0.07981,0.37495998,0.02041787816014995,-649981632.0,,2.0
ALGT,False,29.590596472839692,"graham_current_ratio,graham_debt_to_equity,graham_earnings_stability,graham_pe,graham_pe_times_pb,munger_roe,munger_gross_margin",2063590528.0,65.07328,1.1539049,0.832,1.6047,0.018339999,0.22812,0.014258919449592742,194582624.0,,0.0
OPLN,False,29.569587969452876,"data_missing:trailing_pe,graham_current_ratio,graham_debt_to_equity,graham_earnings_stability,munger_roe",4194931200.0,,2.688757,1.168,1.5736400000000001,0.11147001,0.45846,0.10162832773326441,26375000.0,,2.0
PKG,False,29.550285460182547,"graham_pe,graham_pe_times_pb,munger_roe,munger_gross_margin",20532256768.0,29.927923,4.3775887,2.941,0.94474,0.14887,0.21020546649906,0.12314640739545904,432950016.0,0.025699999999999997,4.0
BE,False,29.49854821887538,"graham_debt_to_equity,graham_earnings_stability,graham_pe,graham_pe_times_pb,munger_gross_margin",81875656704.0,356.39743,50.589626,4.087,1.71578,0.22213,0.2902182516351333,0.035969474217808946,531637504.0,,0.0
OKE,False,29.465152229343843,"graham_current_ratio,graham_debt_to_equity,graham_pe_times_pb,munger_gross_margin",53780209664.0,14.734024,2.3445184,0.737,1.4306999999999999,0.16277,0.17273696440641567,0.17071575128609237,899875008.0,0.0493,4.0
CCS,False,29.44045753239009,"graham_size,munger_roe,munger_gross_margin",1716477184.0,13.268131,0.6689938,4.76,0.6606799999999999,0.052210003,0.17865999,0.0722738425646595,78148624.0,0.0207,4.0
USFD,False,29.376291618858613,"graham_current_ratio,graham_debt_to_equity,graham_pe,graham_pe_times_pb,munger_gross_margin",20114432000.0,28.609232,4.699995,1.137,1.26315,0.16350001,0.17410714285714285,0.030412946428571428,805124992.0,,4.0
BALL,False,29.36429470406985,"graham_current_ratio,graham_debt_to_equity,graham_pe_times_pb,munger_gross_margin",14992367616.0,16.134699,2.593143,1.069,1.31495,0.17151,0.1863,0.09232,379875008.0,0.0141,4.0
HPQ,False,29.32746007345881,"data_missing:debt_to_equity,data_missing:return_on_equity,graham_current_ratio,graham_pe_times_pb,munger_gross_margin",28329764864.0,11.9904585,-307.9902,0.788,,,0.20602224432588842,0.057401211682792296,3389874944.0,0.039,4.0
BC,False,29.30036419398122,"data_missing:trailing_pe,graham_current_ratio,graham_debt_to_equity,graham_earnings_stability,munger_roe,munger_gross_margin",4177490176.0,,2.4902468,1.447,1.3648099999999999,-0.048270002,0.2790109258194365,-0.00758931901245618,366062496.0,0.0271,0.0
CVS,False,29.28335403673456,"graham_current_ratio,graham_pe,graham_pe_times_pb,munger_roe,munger_gross_margin",110272823296.0,22.74934,1.3825063,0.866,0.95503,0.06205,0.15447598844068275,0.011590108116308973,8076000256.0,0.0305,4.0
UA,False,29.22847338523576,"data_missing:trailing_pe,graham_size,graham_earnings_stability,munger_roe",1890000384.0,,1.3233082,1.81,0.96356,-0.29825002,0.4548307919063622,-0.0328433040631286,102217624.0,,0.0
AIR,False,29.136734929253915,"graham_pe,graham_pe_times_pb,munger_roe,munger_gross_margin",4076811520.0,20.624237,2.3014772,2.827,0.56152,0.12929,0.19063,0.09488,39825000.0,,4.0
UNM,False,29.1323548145362,"graham_pe,munger_roe,munger_gross_margin,munger_fcf",13899337728.0,20.371231,1.2858253,17.258,0.36878,0.06351,0.29304,0.11976544567251124,-2231912448.0,0.0229,4.0
TEX,False,29.123329515717433,"graham_pe,graham_pe_times_pb,munger_roe,munger_gross_margin",6045326848.0,25.306221,1.2199566,1.818,0.54558,0.042090002,0.19387566869581258,0.0876222099243682,216000000.0,0.0127,4.0
ITGR,False,29.09823359062998,"graham_pe,graham_pe_times_pb,munger_roe,munger_gross_margin",4296719360.0,34.626026,2.499555,3.733,0.79391,0.075040005,0.2699482153193964,0.1193674921249414,107673376.0,,4.0
CMS,False,28.97462648408702,"graham_current_ratio,graham_debt_to_equity,graham_pe_times_pb,munger_roe,munger_fcf",19495917568.0,19.009037,2.0723739,0.936,1.8560400000000001,0.09158,0.40315,0.2022485068509193,-2198874880.0,0.0359,4.0
UAA,False,28.884089293703735,"data_missing:trailing_pe,graham_size,graham_earnings_stability,munger_roe",1939398016.0,,1.3578947,1.81,0.96356,-0.29825002,0.4548307919063622,-0.0328433040631286,102217624.0,,0.0
RES,False,28.83773260083539,"graham_size,graham_pe,graham_pe_times_pb,munger_roe,munger_gross_margin,munger_fcf",1255686912.0,51.5,1.1131853,3.341,0.046790000000000005,0.02076,0.23256999,0.12203915735282582,-5273000.0,0.028399999999999998,4.0
PWR,False,28.77861922036345,"graham_current_ratio,graham_pe,graham_pe_times_pb,munger_gross_margin",97498439680.0,74.28465,10.111403,1.098,0.6778,0.15337,0.1501097782044521,0.05658448543184993,1955491328.0,0.0007000000000000001,4.0
IDA,False,28.753076874206627,"graham_current_ratio,graham_debt_to_equity,graham_pe,graham_pe_times_pb,munger_roe,munger_fcf",7595817472.0,21.777779,1.9522494,0.986,1.05976,0.094390005,0.38970003,0.20262259498148796,-1221291392.0,0.0268,4.0
UNFI,False,28.747595140264632,"graham_current_ratio,graham_debt_to_equity,graham_earnings_stability,graham_pe,graham_pe_times_pb,munger_roe,munger_gross_margin",2699792640.0,33.402985,1.7002202,1.287,1.87115,0.0529,0.13469440164355417,0.006773240883410375,426875008.0,,1.0
UTL,False,28.714183984968017,"graham_size,graham_current_ratio,graham_debt_to_equity,munger_roe,munger_fcf",927517248.0,16.197453,1.4405077,0.491,1.4958799999999999,0.096219994,0.40218,0.18880597014925374,-65891876.0,0.0373,4.0
SDGR,False,28.654238492353514,"data_missing:trailing_pe,graham_earnings_stability,munger_roe,munger_fcf",2376948992.0,,7.0392113,2.706,0.32832,-0.16174999,0.5573711547706053,-0.6522712794437778,-29163124.0,,0.0
COHU,False,28.65270764371281,"data_missing:trailing_pe,graham_earnings_stability,munger_roe",3217593344.0,,4.1541376,5.742,0.42764,-0.04836,0.43951,0.00621,66293124.0,,0.0
PZZA,False,28.648578163563677,"data_missing:debt_to_equity,data_missing:return_on_equity,graham_size,graham_current_ratio,graham_pe,graham_pe_times_pb,munger_gross_margin",650697152.0,24.70625,-1.4360968,0.829,,,0.20365,0.043405712705374605,58907876.0,0.0747,4.0
XYZ,False,28.621902898895822,"graham_earnings_stability,graham_pe,graham_pe_times_pb,munger_roe,munger_fcf",44425785344.0,132.04465,2.0149598,2.209,0.3258,0.01612,0.428208016117265,0.07061372177191873,-27105876.0,,3.0
VIR,False,28.575899999999997,"data_missing:trailing_pe,graham_size,graham_earnings_stability,munger_roe,munger_gross_margin,munger_fcf",1885065728.0,,1.9183744,6.042,0.09494,-0.26081,-0.59389997,0.5155771424256884,-38885876.0,,0.0
CMC,False,28.453870606984687,"munger_roe,munger_gross_margin",6899639808.0,11.79017,1.523449,2.326,0.7998099999999999,0.13791999,0.18565,0.09476,134061248.0,0.0129,4.0
PCG,False,28.425199006158874,"graham_current_ratio,graham_debt_to_equity,munger_roe,munger_fcf",36673912832.0,8.78777,0.8323113,1.216,1.8944999999999999,0.09318,0.39823002,0.1904551834770403,-6150125056.0,0.016399999999999998,4.0
JPM,False,28.341749999999998,"data_missing:current_ratio,data_missing:debt_to_equity,data_missing:free_cash_flow,graham_pe_times_pb,munger_gross_margin",882544410624.0,14.218843,2.4961843,,,0.17789,0.0,0.50394,,0.0197,4.0
POWI,False,28.254761913325545,"data_missing:debt_to_equity,graham_pe,graham_pe_times_pb,munger_roe",2883062016.0,117.27273,4.229508,7.069,,0.03622,0.5448631804899167,0.02298513654893755,73703504.0,0.0168,4.0
PFBC,False,28.182750000000002,"data_missing:current_ratio,data_missing:debt_to_equity,data_missing:free_cash_flow,graham_size,munger_gross_margin",1248666496.0,9.836135,1.5735582,,,0.17577,0.0,0.67442,,0.0301,4.0
SMCI,False,28.153625032313812,"graham_pe_times_pb,munger_gross_margin,munger_fcf",26486216704.0,12.559816,2.623166,3.872,0.63951,0.21465999,0.10821604097086886,0.07092340305442439,-8248783872.0,,4.0
ACA,False,28.098379324291933,"graham_pe,graham_pe_times_pb,munger_roe,munger_gross_margin",7176468992.0,32.620537,2.405201,3.119,0.50578,0.080299996,0.22445723798293682,0.11857529305680793,60250000.0,0.0014000000000000002,4.0
GVA,False,28.094249740229888,"data_missing:trailing_pe,graham_current_ratio,graham_debt_to_equity,munger_roe,munger_gross_margin",5155741184.0,,6.7470927,1.013,2.1512000000000002,-0.14548,0.1607493390597867,0.06383856355886329,959048128.0,0.0045000000000000005,4.0
SFBS,False,28.001249249999997,"data_missing:current_ratio,data_missing:debt_to_equity,data_missing:free_cash_flow,graham_pe_times_pb,munger_gross_margin",4381454848.0,13.675768,2.2151582,,,0.17334999,0.0,0.70001,,0.019,4.0
CAG,False,27.97286436912022,"data_missing:trailing_pe,graham_current_ratio,graham_debt_to_equity,graham_earnings_stability,munger_roe,munger_gross_margin",6489350144.0,,1.0207001,0.904,1.17577,-0.25064,0.23918593107360658,-0.14434122819458234,859000000.0,0.0495,0.0
GEO,False,27.969706376294518,"graham_debt_to_equity,graham_pe_times_pb,munger_gross_margin,munger_fcf",4030191872.0,14.4433975,2.6215754,1.653,1.06105,0.20127001,0.26042998,0.09784731350242766,-3632500.0,,4.0
CRBG,False,27.94358266487647,"graham_current_ratio,graham_debt_to_equity,graham_earnings_stability,graham_pe,graham_pe_times_pb,munger_roe,munger_gross_margin",14877657088.0,21.394232,1.4645866,1.223,1.27231,0.07139,0.21102,0.111140005,642249984.0,0.0296,0.0
DAR,False,27.93238455237703,"munger_roe,munger_gross_margin",9608619008.0,16.368279,1.8317188,1.565,0.78609,0.12126,0.24013812532422016,0.04456412669289166,219643008.0,,4.0
NTRS,False,27.7995,"data_missing:current_ratio,data_missing:debt_to_equity,data_missing:free_cash_flow,graham_pe_times_pb,munger_gross_margin",31043000320.0,14.589424,2.4801211,,,0.17066,0.0,0.42496,,0.019,4.0
KGS,False,27.73916487201713,"graham_current_ratio,graham_debt_to_equity,graham_pe,graham_pe_times_pb,munger_roe",5381261824.0,60.482952,2.485988,1.447,1.30257,0.04587,0.37235192225602404,0.25992661111535814,16089375.0,0.0379,4.0
SWX,False,27.68402844935003,"graham_current_ratio,graham_earnings_stability,graham_pe,graham_pe_times_pb,munger_roe,munger_fcf",5925346816.0,21.025707,1.4362983,1.116,0.8508199999999999,0.06832,0.54035,0.05391544159594492,-390807360.0,0.031400000000000004,3.0
PLXS,False,27.676244725630443,"graham_current_ratio,graham_pe,graham_pe_times_pb,munger_roe,munger_gross_margin",7005237760.0,38.881657,4.586605,1.488,0.20079,0.1258,0.10079777513621488,0.050179198138541214,20809250.0,,4.0
ADNT,False,27.615982802327714,"graham_size,graham_current_ratio,graham_debt_to_equity,graham_earnings_stability,graham_pe,munger_roe,munger_gross_margin",1305251072.0,30.781818,0.75492734,1.097,1.26868,0.05791,0.06611627106983144,0.024939999,354500000.0,,0.0
RITM,False,27.596964435714288,"data_missing:free_cash_flow,graham_current_ratio,graham_debt_to_equity,munger_roe",5006119424.0,14.941667,0.72720635,1.069,3.8764299999999996,0.055910002,0.95561,0.07942,,0.1096,4.0
AX,False,27.579749999999997,"data_missing:current_ratio,data_missing:debt_to_equity,data_missing:free_cash_flow,munger_gross_margin",4891325952.0,10.166863,1.5447394,,,0.16773,0.0,0.45029998,,,4.0
DAN,False,27.579185714285714,"data_missing:trailing_pe,graham_current_ratio,graham_earnings_stability,munger_roe,munger_gross_margin",2960510208.0,,1.5419096,1.487,0.75794,-0.01627,0.09462,0.018533333333333332,631249984.0,0.0175,1.0
CHCO,False,27.566249999999997,"data_missing:current_ratio,data_missing:debt_to_equity,data_missing:free_cash_flow,graham_size,graham_pe_times_pb,munger_gross_margin",1955507584.0,15.249725,2.418531,,,0.16755,0.0,0.5191,,0.024900000000000002,4.0
DKS,False,27.557941414568234,"graham_current_ratio,graham_debt_to_equity,graham_pe_times_pb,munger_fcf",13321777152.0,14.907389,2.1048946,1.485,1.39077,0.18475,0.3292025847046085,0.06365967823634108,-823246016.0,0.0371,4.0
AORT,False,27.47638584361342,"data_missing:trailing_pe,graham_size,graham_earnings_stability,munger_roe",1116273664.0,,2.5019124,3.473,0.9155800000000001,-0.0073100002,0.6440237464029185,0.07646205787052772,13096750.0,,1.0
EWBC,False,27.43275,"data_missing:current_ratio,data_missing:debt_to_equity,data_missing:free_cash_flow,munger_gross_margin",17073732608.0,11.970701,1.8466132,,,0.16577,0.0,0.65281,,0.0255,4.0
KMX,False,27.43146178093748,"graham_debt_to_equity,graham_pe,graham_pe_times_pb,munger_roe,munger_gross_margin",7943364096.0,26.398586,1.29801,2.329,2.83466,0.04677,0.10844166740626598,0.01279,627870400.0,,4.0
CEG,False,27.377252034891825,"graham_current_ratio,graham_earnings_stability,graham_pe,graham_pe_times_pb,munger_gross_margin,munger_fcf",89891332096.0,24.800589,2.8190315,1.455,0.7641899999999999,0.15055001,0.22107,0.12086319664747582,-6625124864.0,0.0064,3.0
POR,False,27.33123509779482,"graham_current_ratio,graham_debt_to_equity,munger_roe,munger_fcf",5279411712.0,19.862831,1.2603532,0.977,1.3616300000000001,0.06445,0.47537997,0.1552013422818792,-415750016.0,0.0496,4.0
ZION,False,27.303,"data_missing:current_ratio,data_missing:debt_to_equity,data_missing:free_cash_flow,munger_gross_margin",9162951680.0,8.069408,1.203166,,,0.16404,0.0,0.52116,,0.030699999999999998,4.0
LOW,False,27.294072323240826,"data_missing:debt_to_equity,data_missing:return_on_equity,graham_current_ratio,graham_pe_times_pb",104019410944.0,15.67202,-13.9850645,1.105,,,0.334758825301903,0.11766682891778504,4615374848.0,0.026699999999999998,4.0
LEN,False,27.285493690331307,"data_missing:free_cash_flow,munger_roe,munger_gross_margin",19712448512.0,15.498106,0.90243393,11.392,0.27736,0.05962,0.16014999,0.15484141610773053,,0.0241,4.0
MRTN,False,27.20396151541641,"graham_size,graham_pe,graham_pe_times_pb,munger_roe,munger_gross_margin,munger_fcf",1052499840.0,85.99999,1.3752664,2.503,0.00047,0.01646,0.22690001,0.07964081647082738,-5991125.0,0.0184,4.0
TTMI,False,27.194379849005795,"graham_earnings_stability,graham_pe,graham_pe_times_pb,munger_roe,munger_gross_margin,munger_fcf",12827804672.0,54.8491,6.6309967,1.78,0.5703,0.13260001,0.20702497466749473,0.09107108756875044,-19442376.0,,2.0
KRMN,False,27.191482692016365,"graham_debt_to_equity,graham_earnings_stability,graham_pe,graham_pe_times_pb,munger_roe,munger_fcf",4376263168.0,127.00001,10.393453,3.555,2.0785400000000003,0.09503,0.40302439024390246,0.15470201484623541,-57195876.0,,3.0
WS,False,27.1765091782884,"graham_size,graham_current_ratio,graham_pe,graham_pe_times_pb,munger_roe,munger_gross_margin",1817265792.0,209.82352,1.6746478,1.456,0.28054,-0.01048,0.11710900749172426,-0.00040652767291944944,90725000.0,0.018000000000000002,4.0
ARCB,False,27.16900698343997,"graham_current_ratio,graham_pe,graham_pe_times_pb,munger_roe,munger_gross_margin",2854267904.0,182.42857,2.2512913,0.968,0.3627,0.01269,0.080970004,0.02252006030685075,148348992.0,0.0037,4.0
ORA,False,27.146079284585163,"graham_current_ratio,graham_debt_to_equity,graham_pe,graham_pe_times_pb,munger_roe,munger_fcf",5609751040.0,44.715687,2.1596155,1.046,1.24336,0.04778,0.37598694226205287,0.25735922821427926,-318099008.0,0.0053,4.0
SW,False,27.138340101392895,"graham_current_ratio,graham_pe,graham_pe_times_pb,munger_roe,munger_gross_margin",23288817664.0,47.234043,1.2894982,1.447,0.78427,0.02715,0.1938163507489015,0.0551332627730203,1215000064.0,0.0408,4.0
OFG,False,27.06075,"data_missing:current_ratio,data_missing:debt_to_equity,data_missing:free_cash_flow,munger_gross_margin",2117923968.0,9.883629,1.5049856,,,0.16081,0.0,0.43318,,0.026699999999999998,4.0
AVTR,False,27.052141837217704,"data_missing:trailing_pe,graham_earnings_stability,munger_roe",10216399872.0,,1.8148503,1.782,0.6567799999999999,-0.09701,0.32651628460669696,-0.03757516559323586,450337504.0,,0.0
PENG,False,26.943558189889178,"graham_earnings_stability,graham_pe,graham_pe_times_pb,munger_gross_margin,munger_fcf",2821935360.0,39.618706,6.426654,1.544,0.77496,0.16194999,0.2880448044044612,0.04247169406061102,-107568000.0,,1.0
SOLS,False,26.942629910714288,"graham_current_ratio,graham_debt_to_equity,graham_pe,graham_pe_times_pb,munger_roe,munger_fcf",8978054144.0,42.81818,5.660491,1.459,1.52771,0.112629995,0.30622998,0.19338,-27375000.0,0.0054,4.0
SBRA,False,26.874637195713213,"graham_earnings_stability,graham_pe,graham_pe_times_pb,munger_roe",5050498560.0,76.03847,1.8359957,3.574,0.95672,0.02388,0.50268,-0.12527001,155119744.0,0.060700000000000004,3.0
CE,False,26.817546800782345,"data_missing:trailing_pe,graham_current_ratio,graham_debt_to_equity,graham_earnings_stability,munger_roe,munger_gross_margin",4890412544.0,,1.173589,1.447,2.70205,-0.2225,0.20452640402347025,-0.08235540653813915,949875008.0,0.0027,0.0
CNC,False,26.769369721442132,"data_missing:trailing_pe,graham_current_ratio,graham_earnings_stability,munger_roe,munger_gross_margin",30578292736.0,,1.3552865,1.145,0.7108199999999999,-0.20358999,0.07295009164326384,-0.03913706443779296,9639624704.0,,0.0
CHEF,False,26.764040257052734,"graham_debt_to_equity,graham_pe,graham_pe_times_pb,munger_gross_margin",4649937920.0,54.276196,7.17126,2.148,1.4602899999999999,0.15252,0.24197639399287196,0.03496920258814417,107143504.0,,4.0
FBRT,False,26.75567857142857,"data_missing:free_cash_flow,graham_size,graham_debt_to_equity,munger_roe",535642912.0,14.999999,0.4368143,8.697,2.70288,0.04119,0.99637,0.08555,,0.11900000000000001,4.0
MAN,False,26.71682430431335,"graham_current_ratio,graham_earnings_stability,graham_pe,graham_pe_times_pb,munger_roe,munger_gross_margin",2583849472.0,25.027027,1.2267338,1.043,0.67414,0.050809998,0.166931185993284,0.008358810721107529,125012496.0,0.0255,0.0
CFR,False,26.6235,"data_missing:current_ratio,data_missing:debt_to_equity,data_missing:free_cash_flow,graham_pe_times_pb,munger_gross_margin",9531138048.0,14.495275,2.1288173,,,0.15498,0.0,0.37236,,0.026699999999999998,4.0
GM,False,26.43916374302871,"graham_current_ratio,graham_debt_to_equity,graham_pe,graham_pe_times_pb,munger_roe,munger_gross_margin",70036201472.0,34.569195,1.0953236,1.136,2.02341,0.03164,0.10177,0.015722709559558748,21933750272.0,0.0089,4.0
FTRE,False,26.433666666666667,"data_missing:trailing_pe,graham_size,graham_current_ratio,graham_debt_to_equity,graham_earnings_stability,munger_roe,munger_gross_margin",1891538944.0,,3.6084905,0.958,2.13239,-0.15303999,0.19301,-0.3204083131379893,278862496.0,,0.0
PII,False,26.379101416853096,"data_missing:trailing_pe,graham_current_ratio,graham_debt_to_equity,graham_earnings_stability,munger_roe,munger_gross_margin",2993694464.0,,3.578668,1.2,2.4489900000000002,-0.25571,0.19137304250559284,-0.04875559284116331,277100000.0,0.0518,0.0
SNDR,False,26.3266363612503,"graham_pe,graham_pe_times_pb,munger_roe,munger_gross_margin",5593851392.0,49.859375,1.8284438,2.033,0.12947,0.036760002,0.16025,0.029765786088151842,87137504.0,0.0125,4.0
ADM,False,26.261382455374083,"graham_current_ratio,graham_pe,graham_pe_times_pb,munger_roe,munger_gross_margin",38349328384.0,21.740463,1.6269674,1.389,0.39134,0.07642,0.06270166564925438,0.04008,1164625024.0,0.0262,4.0
LKFN,False,26.247749999999996,"data_missing:current_ratio,data_missing:debt_to_equity,data_missing:free_cash_flow,graham_size,munger_roe,munger_gross_margin",1435788800.0,13.247705,1.8568168,,,0.14997,0.0,0.51455003,,0.0358,4.0
ACHC,False,26.187911723043634,"data_missing:trailing_pe,graham_debt_to_equity,graham_earnings_stability,munger_roe,munger_fcf",2562584832.0,,1.263774,1.572,1.1805700000000001,-0.41445,0.41057,0.29171905131546255,-104957000.0,,0.0
H,False,26.112742268564336,"graham_current_ratio,graham_debt_to_equity,graham_earnings_stability,graham_pe,graham_pe_times_pb,munger_roe",15010498560.0,196.64815,4.542564,0.62,1.24421,0.02157,0.43444002,0.16749,170250000.0,0.0037,0.0
EIG,False,26.099957301774644,"graham_size,graham_current_ratio,graham_pe,graham_pe_times_pb,munger_roe,munger_gross_margin",858063232.0,60.474686,0.99878746,1.115,0.14974,0.00772,0.01242,0.16349001,18350000.0,0.028399999999999998,4.0
GT,False,26.02699966666667,"data_missing:trailing_pe,graham_size,graham_current_ratio,graham_debt_to_equity,graham_earnings_stability,munger_roe,munger_gross_margin",1436614656.0,,0.50562364,1.087,2.7367500000000002,-0.61530995,0.18080999,-0.009649999,497124992.0,,0.0
CBSH,False,26.020500749999997,"data_missing:current_ratio,data_missing:debt_to_equity,data_missing:free_cash_flow,munger_roe,munger_gross_margin",7875860992.0,13.591584,1.8164076,,,0.14694001,0.0,0.45125,,0.0199,4.0
MFP,False,25.996223809523812,"data_missing:return_on_equity,data_missing:free_cash_flow,graham_size,graham_earnings_stability,graham_pe,graham_pe_times_pb",1855805568.0,117.22857,2.3617108,1.837,0.32921999999999996,,0.35282,0.09739,,,3.0
OI,False,25.910270040300805,"data_missing:trailing_pe,graham_size,graham_current_ratio,graham_debt_to_equity,graham_earnings_stability,munger_roe,munger_gross_margin",874323968.0,,2.2823906,1.261,9.25046,-1.18344,0.17258014316837847,0.005818404532230899,69625000.0,,0.0
FFIN,False,25.806,"data_missing:current_ratio,data_missing:debt_to_equity,data_missing:free_cash_flow,graham_pe_times_pb,munger_roe,munger_gross_margin",4547394560.0,16.96738,2.2623174,,,0.14408,0.0,0.55958,,0.0277,4.0
GXO,False,25.802973147899046,"graham_current_ratio,graham_debt_to_equity,graham_pe,graham_pe_times_pb,munger_roe,munger_gross_margin",5147043840.0,39.716816,1.7244295,0.789,2.02482,0.04502,0.15255,0.018591592047351647,340624992.0,,4.0
CUBI,False,25.74375,"data_missing:current_ratio,data_missing:debt_to_equity,data_missing:free_cash_flow,munger_roe,munger_gross_margin",2504730880.0,8.975786,1.1352013,,,0.14325,0.0,0.46019,,,4.0
CLSK,False,25.727802443065144,"data_missing:trailing_pe,graham_debt_to_equity,graham_earnings_stability,munger_roe,munger_gross_margin",3323212800.0,,4.3642497,5.912,2.34725,-0.68622,0.21147823631395532,0.4162118922530451,48898124.0,,1.0
AZO,False,25.711180510726862,"data_missing:debt_to_equity,data_missing:return_on_equity,data_missing:free_cash_flow,graham_current_ratio,graham_pe_times_pb",45781233664.0,19.483242,-16.640429,0.901,,,0.5262486365892685,0.1906230501253068,,,4.0
CPF,False,25.6845,"data_missing:current_ratio,data_missing:debt_to_equity,data_missing:free_cash_flow,graham_size,munger_roe,munger_gross_margin",922015552.0,11.664495,1.5496799,,,0.14246,0.0,0.36801997,,0.0334,4.0
CC,False,25.661481962481965,"data_missing:trailing_pe,data_missing:debt_to_equity,graham_earnings_stability,munger_roe,munger_gross_margin",2052806272.0,,-41.840492,1.663,,-3.19372,0.1553030303030303,0.01131,303124992.0,0.0252,0.0
NEO,False,25.658155746173293,"data_missing:trailing_pe,graham_earnings_stability,munger_roe",2397198848.0,,2.9973948,3.603,0.57064,-0.06327,0.43917,-0.048449997,43904752.0,,0.0
WRBY,False,25.626688733946,"graham_earnings_stability,graham_pe,graham_pe_times_pb,munger_roe",3406020096.0,459.25003,8.676007,2.268,0.6402800000000001,0.020550001,0.5397136155888543,-0.006119932790843039,9525750.0,,1.0
FOXF,False,25.609821109812604,"data_missing:trailing_pe,graham_size,graham_debt_to_equity,graham_earnings_stability,munger_roe",786072192.0,,1.1784625,3.105,1.02,-0.3675,0.3020790951673151,-0.3563862304158395,48863876.0,,0.0
BCC,False,25.59780561974941,"graham_pe,graham_pe_times_pb,munger_roe,munger_gross_margin",2617200384.0,25.427118,1.2934097,2.71,0.27115,0.0506,0.16511999,0.028624604678359835,43333376.0,0.011699999999999999,4.0
BNY,False,25.593,"data_missing:current_ratio,data_missing:debt_to_equity,data_missing:free_cash_flow,graham_pe_times_pb,munger_roe,munger_gross_margin",98464514048.0,17.113209,2.4671462,,,0.14124,0.0,0.40046,,0.0151,4.0
GPI,False,25.427559218129314,"graham_current_ratio,graham_debt_to_equity,munger_roe,munger_gross_margin",2918679808.0,10.128672,0.9782852,1.02,1.95668,0.0949,0.16045969678442631,0.03251902850509937,135050000.0,0.0091,4.0
IRM,False,25.296888783835975,"data_missing:debt_to_equity,data_missing:return_on_equity,graham_current_ratio,graham_pe,graham_pe_times_pb,munger_fcf",33083713536.0,78.815605,-25.826168,0.726,,,0.5421,0.16862740495617262,-436093504.0,0.031,4.0
BANF,False,25.250999999999994,"data_missing:current_ratio,data_missing:debt_to_equity,data_missing:free_cash_flow,munger_roe,munger_gross_margin",3537318400.0,14.213225,1.8080997,,,0.13668,0.0,0.50523,,0.0196,4.0
MDU,False,25.181037908947644,"graham_current_ratio,munger_roe,munger_fcf",3894620160.0,19.696808,1.3305784,0.992,0.8805,0.068909995,0.3475,0.15486228218100057,-478334112.0,0.0302,4.0
CARR,False,25.154467465878493,"graham_current_ratio,graham_pe,graham_pe_times_pb,munger_roe,munger_gross_margin",45657006080.0,39.264286,3.449639,1.02,0.91998,0.08966,0.24691999,0.09987584494413022,861750016.0,0.0173,4.0
HNI,False,25.148724577814257,"data_missing:trailing_pe,graham_current_ratio,munger_roe",3317836544.0,,1.8379383,1.362,0.9107599999999999,0.00329,0.4142655864741106,0.044381824586121874,104212496.0,0.03,4.0
ARWR,False,25.08148620700583,"data_missing:trailing_pe,graham_debt_to_equity,graham_earnings_stability,munger_roe,munger_fcf",9302198272.0,,20.024258,5.899,2.95984,-0.55207,1.0,0.1185680114968027,-48628124.0,,0.0
SYNA,False,25.03924312599557,"data_missing:trailing_pe,graham_current_ratio,graham_earnings_stability,munger_roe",4030764544.0,,4.2677035,1.122,0.9433,-0.42229998,0.4472101570330772,-0.05604744403608419,149650000.0,,0.0
CBRL,False,24.969340648698473,"graham_size,graham_current_ratio,graham_debt_to_equity,graham_pe,graham_pe_times_pb,munger_roe",1170708480.0,37.410713,2.5150058,0.579,2.16655,0.0674,0.31794,-0.0037574795538271753,43626876.0,0.0191,4.0
DCH,False,24.8479775345984,"data_missing:trailing_pe,graham_size,graham_current_ratio,graham_debt_to_equity,graham_earnings_stability,munger_roe,munger_gross_margin",1246236160.0,,0.82507473,1.398,3.43042,-0.15042,0.12070176640910103,0.019240324155772953,540849984.0,,0.0
MRCY,False,24.781188911382017,"data_missing:trailing_pe,graham_earnings_stability,munger_roe,munger_gross_margin",5073588224.0,,3.317811,2.963,0.33582,-0.01998,0.2858465955417833,0.0002846621974701664,107115000.0,,0.0
WAL,False,24.764249999999997,"data_missing:current_ratio,data_missing:debt_to_equity,data_missing:free_cash_flow,munger_roe,munger_gross_margin",8194566144.0,8.564424,1.0726476,,,0.13019,0.0,0.39363998,,0.0222,4.0
BOH,False,24.76275,"data_missing:current_ratio,data_missing:debt_to_equity,data_missing:free_cash_flow,munger_roe,munger_gross_margin",2714187264.0,12.788104,1.7729675,,,0.13017,0.0,0.44022,,0.0405,4.0
UNIT,False,24.721094834596002,"data_missing:return_on_equity,graham_current_ratio,graham_debt_to_equity,graham_earnings_stability,munger_fcf",2048600064.0,2.1979165,6.4085035,1.222,68.69969,,0.59088004,0.11725218169612889,-244203008.0,,2.0
TXNM,False,24.6931259511522,"graham_current_ratio,graham_debt_to_equity,graham_pe,graham_pe_times_pb,munger_roe,munger_fcf",6430793728.0,31.909836,1.8243307,0.557,1.65512,0.06252,0.33819702784346933,0.2037208060930751,-529223744.0,0.028900000000000002,4.0
IBOC,False,24.69,"data_missing:current_ratio,data_missing:debt_to_equity,data_missing:free_cash_flow,munger_roe,munger_gross_margin",4259496448.0,10.314759,1.2618836,,,0.1292,0.0,0.60488,,0.0212,4.0
CASH,False,24.677142857142854,"data_missing:current_ratio,data_missing:debt_to_equity,data_missing:free_cash_flow,graham_size,munger_gross_margin",1477816960.0,8.903629,1.757715,,,0.21176,0.0,0.20522,,0.0028000000000000004,4.0
REZI,False,24.675143163046805,"graham_debt_to_equity,graham_earnings_stability,munger_gross_margin,munger_fcf",2782603264.0,7.1582036,1.100006,2.223,1.2990700000000002,0.15196,0.29389721627408993,0.08123661670235546,-1902749952.0,,0.0
HUM,False,24.648876814589222,"graham_pe,graham_pe_times_pb,munger_roe,munger_gross_margin",46182887424.0,36.386,2.403735,1.742,0.76485,0.06893,0.13653,0.02085389930898322,1940999936.0,0.0092,4.0
LPX,False,24.638732935921784,"graham_pe,graham_pe_times_pb,munger_roe,munger_gross_margin,munger_fcf",4567396864.0,84.83117,2.621819,3.221,0.21617,0.03098,0.21750369276218612,0.07717872968980798,-96000000.0,0.0182,4.0
BJRI,False,24.618516648639066,"graham_size,graham_current_ratio,graham_debt_to_equity,graham_pe,graham_pe_times_pb,munger_roe,munger_gross_margin",1213242752.0,30.174603,3.0393305,0.289,1.09378,0.104399994,0.15534,0.03309923480801586,49461376.0,,4.0
TSLA,False,24.59011559106241,"graham_pe,graham_pe_times_pb,munger_roe,munger_gross_margin",1391682256896.0,323.27063,16.020231,1.941,0.18373,0.046669997,0.18026511436616155,0.04592573845001951,4835999744.0,,4.0
TRUP,False,24.507224272782192,"graham_size,graham_earnings_stability,graham_pe,graham_pe_times_pb,munger_roe,munger_gross_margin",1022889984.0,43.99057,2.4967873,1.774,0.26096,0.06068,0.16910110018336388,0.009613667707678358,11546000.0,,1.0
PNC,False,24.46725,"data_missing:current_ratio,data_missing:debt_to_equity,data_missing:free_cash_flow,munger_roe,munger_gross_margin",88733736960.0,12.25464,1.5285244,,,0.12623,0.0,0.38689,,0.0361,4.0
USB,False,24.46725,"data_missing:current_ratio,data_missing:debt_to_equity,data_missing:free_cash_flow,munger_roe,munger_gross_margin",90117693440.0,11.5449095,1.4864691,,,0.12623,0.0,0.39646998,,0.037200000000000004,4.0
PRK,False,24.43875,"data_missing:current_ratio,data_missing:debt_to_equity,data_missing:free_cash_flow,munger_roe,munger_gross_margin",3222104064.0,15.940125,1.8661853,,,0.12585,0.0,0.46613997,,0.0245,4.0
WFC,False,24.43125,"data_missing:current_ratio,data_missing:debt_to_equity,data_missing:free_cash_flow,munger_roe,munger_gross_margin",243023691776.0,11.680959,1.5107906,,,0.12575,0.0,0.37387002,,0.024900000000000002,4.0
NSP,False,24.403992953611276,"data_missing:trailing_pe,graham_size,graham_current_ratio,graham_debt_to_equity,graham_earnings_stability,munger_roe,munger_gross_margin",1783719168.0,,29.24233,1.113,7.836069999999999,-0.18496999,0.13211978860833823,-0.001467997651203758,195124992.0,0.0516,0.0
WABC,False,24.3645,"data_missing:current_ratio,data_missing:debt_to_equity,data_missing:free_cash_flow,graham_size,munger_roe,munger_gross_margin",1346917888.0,12.865341,1.571313,,,0.12486,0.0,0.60288,,0.0329,4.0
AMR,False,24.288299428631614,"data_missing:trailing_pe,graham_earnings_stability,munger_roe,munger_gross_margin",2163171840.0,,1.4439874,3.405,0.0076100000000000004,-0.0296,0.10018,-0.028817350330902224,52462248.0,,0.0
BRKR,False,24.276877872199147,"data_missing:trailing_pe,graham_earnings_stability,munger_roe",9891929088.0,,4.1536055,1.847,0.76164,-0.029979998,0.45910082933216934,0.01984577331587371,179937504.0,0.0031,0.0
NOG,False,24.255847685706357,"data_missing:trailing_pe,graham_current_ratio,graham_debt_to_equity,munger_roe,munger_fcf",2445302528.0,,1.2201606,0.796,1.36559,-0.22049999,0.75398004,0.09930311266648167,-459628992.0,0.07919999999999999,4.0
UMBF,False,24.231749999999998,"data_missing:current_ratio,data_missing:debt_to_equity,data_missing:free_cash_flow,munger_roe,munger_gross_margin",9903883264.0,10.8305645,1.2800753,,,0.12309,0.0,0.51058,,0.0152,4.0
WTFC,False,24.156,"data_missing:current_ratio,data_missing:debt_to_equity,data_missing:free_cash_flow,munger_roe,munger_gross_margin",9583541248.0,11.409639,1.3495668,,,0.12208,0.0,0.46085998,,0.015300000000000001,4.0
PATK,False,24.151661593420787,"graham_debt_to_equity,graham_pe_times_pb,munger_roe,munger_gross_margin",2188859648.0,16.226192,1.9355847,2.668,1.46006,0.12953,0.23105858018165054,0.0698569621691755,32754876.0,0.027200000000000002,4.0
STT,False,24.033321428571426,"data_missing:current_ratio,data_missing:debt_to_equity,data_missing:free_cash_flow,graham_pe_times_pb,munger_roe,munger_gross_margin",48167579648.0,15.489841,2.0152743,,,0.12437,0.0,0.34313,,0.0207,4.0
WSFS,False,23.925749999999997,"data_missing:current_ratio,data_missing:debt_to_equity,data_missing:free_cash_flow,munger_roe,munger_gross_margin",3875222272.0,12.72651,1.4518414,,,0.11901,0.0,0.41717,,0.0105,4.0
RF,False,23.900249549999998,"data_missing:current_ratio,data_missing:debt_to_equity,data_missing:free_cash_flow,munger_roe,munger_gross_margin",22929684480.0,10.941057,1.3136958,,,0.118669994,0.0,0.39314997,,0.0407,4.0
DTE,False,23.871329837543016,"graham_current_ratio,graham_debt_to_equity,graham_pe_times_pb,munger_roe,munger_gross_margin,munger_fcf",25445007360.0,19.3481,2.0944095,0.802,2.2906,0.1103,0.29347,0.13571825176489252,-2596624896.0,0.0381,4.0
MBIN,False,23.799749999999996,"data_missing:current_ratio,data_missing:debt_to_equity,data_missing:free_cash_flow,munger_roe,munger_gross_margin",2251294208.0,9.841365,1.2219201,,,0.11733,0.0,0.61074,,0.0089,4.0
CATY,False,23.77950045,"data_missing:current_ratio,data_missing:debt_to_equity,data_missing:free_cash_flow,munger_roe,munger_gross_margin",3970806528.0,11.647749,1.3055209,,,0.117060006,0.0,0.62619996,,0.0254,4.0
CBU,False,23.6475,"data_missing:current_ratio,data_missing:debt_to_equity,data_missing:free_cash_flow,munger_roe,munger_gross_margin",3130383104.0,13.803945,1.509757,,,0.1153,0.0,0.39207,,0.0318,4.0
FHN,False,23.58975,"data_missing:current_ratio,data_missing:debt_to_equity,data_missing:free_cash_flow,munger_roe,munger_gross_margin",10934776832.0,11.096154,1.2889534,,,0.11453,0.0,0.41284,,0.0294,4.0
NBTB,False,23.568,"data_missing:current_ratio,data_missing:debt_to_equity,data_missing:free_cash_flow,munger_roe,munger_gross_margin",2608395008.0,12.214111,1.3417078,,,0.11424,0.0,0.41447,,0.0319,4.0
BROS,False,23.566784809139094,"graham_current_ratio,graham_debt_to_equity,graham_earnings_stability,graham_pe,graham_pe_times_pb,munger_roe,munger_gross_margin",6838707200.0,54.15278,6.739845,1.35,1.23827,0.14562,0.25097,0.09839093763181718,1719625.0,,3.0
OZK,False,23.4967503,"data_missing:current_ratio,data_missing:debt_to_equity,data_missing:free_cash_flow,munger_roe,munger_gross_margin",5023363072.0,7.60231,0.84583324,,,0.113290004,0.0,0.55609,,0.0403,4.0
MOH,False,23.481726922838657,"graham_pe,graham_pe_times_pb,munger_roe,munger_gross_margin",9886941184.0,1262.7,2.361305,1.679,0.94773,-0.0016,0.12763218864233125,0.01719279707656408,700249984.0,,4.0
AMKR,False,23.477603399147824,"graham_pe,graham_pe_times_pb,munger_roe,munger_gross_margin,munger_fcf",12998433792.0,23.515694,2.7963524,2.171,0.57054,0.12514,0.13992272786699902,0.06967595763911674,-378785984.0,0.0062,4.0
KTOS,False,23.44791193159058,"graham_earnings_stability,graham_pe,graham_pe_times_pb,munger_roe,munger_gross_margin,munger_fcf",8076485632.0,253.35294,2.3572874,5.541,0.0565,0.011469999,0.22861597861597863,0.019008019008019007,-118287504.0,,2.0
SHEN,False,23.43785,"data_missing:trailing_pe,graham_size,graham_current_ratio,graham_earnings_stability,munger_roe,munger_fcf",617316160.0,,0.7178728,0.852,0.77081,-0.03941,0.64852995,-0.06493430281623232,-236001120.0,0.0097,0.0
BAC,False,23.399250375,"data_missing:current_ratio,data_missing:debt_to_equity,data_missing:free_cash_flow,munger_roe,munger_gross_margin",381384523776.0,12.595843,1.3863047,,,0.111990005,0.0,0.38305,,0.0233,4.0
MTRN,False,23.362654554053197,"graham_pe,graham_pe_times_pb,munger_roe,munger_gross_margin",5664481280.0,61.793182,5.693674,2.941,0.51424,0.09458999,0.17274971313425316,0.06145699812487756,13363875.0,0.0022,4.0
PFS,False,23.354999999999997,"data_missing:current_ratio,data_missing:debt_to_equity,data_missing:free_cash_flow,munger_roe,munger_gross_margin",2890165248.0,9.350211,0.9942124,,,0.1114,0.0,0.5227,,0.0432,4.0
TRMK,False,23.339250449999998,"data_missing:current_ratio,data_missing:debt_to_equity,data_missing:free_cash_flow,munger_roe,munger_gross_margin",2599238912.0,11.389313,1.2157756,,,0.111190006,0.0,0.36776,,0.022099999999999998,4.0
HOMB,False,23.329499999999996,"data_missing:current_ratio,data_missing:debt_to_equity,data_missing:free_cash_flow,munger_roe,munger_gross_margin",5637398528.0,11.644628,1.2422305,,,0.11106,0.0,0.57611,,0.030299999999999997,4.0
FULT,False,23.32575,"data_missing:current_ratio,data_missing:debt_to_equity,data_missing:free_cash_flow,munger_roe,munger_gross_margin",4323260416.0,10.88702,1.1966919,,,0.11101,0.0,0.42348,,0.0336,4.0
FBK,False,23.31,"data_missing:current_ratio,data_missing:debt_to_equity,data_missing:free_cash_flow,munger_roe,munger_gross_margin",2588117760.0,13.699736,1.3364216,,,0.1108,0.0,0.45556,,0.016200000000000003,4.0
VVX,False,23.29611825872993,"graham_current_ratio,graham_earnings_stability,graham_pe,graham_pe_times_pb,munger_roe,munger_gross_margin",2219721728.0,24.418966,1.9566479,1.318,0.97529,0.08349,0.08473,0.04336347147055449,106377504.0,,2.0
COLB,False,23.270999999999997,"data_missing:current_ratio,data_missing:debt_to_equity,data_missing:free_cash_flow,munger_roe,munger_gross_margin",8105534976.0,11.283464,1.0732877,,,0.11028,0.0,0.50923,,0.0516,4.0
PAG,False,23.1968630971419,"graham_current_ratio,graham_debt_to_equity,graham_pe_times_pb,munger_gross_margin",13225487360.0,14.637717,2.2742565,0.975,1.6064699999999998,0.15842,0.1640127638838675,0.04026282283037553,218100000.0,0.0285,4.0
FCF,False,23.1802497,"data_missing:current_ratio,data_missing:debt_to_equity,data_missing:free_cash_flow,munger_roe,munger_gross_margin",2042845568.0,12.32622,1.2974135,,,0.109069996,0.0,0.45363998,,0.0275,4.0
WKC,False,23.1057479107643,"data_missing:trailing_pe,graham_size,graham_current_ratio,graham_earnings_stability,munger_roe,munger_gross_margin",1805652096.0,,1.5915239,1.058,0.58819,-0.12264,0.025674086996093897,-0.015296641619217372,116087504.0,0.025699999999999997,0.0
XHR,False,23.092264016996,"data_missing:trailing_pe,graham_size,graham_debt_to_equity,munger_roe,munger_gross_margin",1796537600.0,,1.5093086,2.198,1.18285,-0.0063300002,0.26128998,0.09970607324988409,72648248.0,0.030600000000000002,4.0
BANR,False,23.086499999999997,"data_missing:current_ratio,data_missing:debt_to_equity,data_missing:free_cash_flow,munger_roe,munger_gross_margin",2270701824.0,11.0255785,1.1357688,,,0.10782,0.0,0.37702,,0.0302,4.0
MTB,False,23.0565,"data_missing:current_ratio,data_missing:debt_to_equity,data_missing:free_cash_flow,munger_roe,munger_gross_margin",31615682560.0,11.5418,1.2392206,,,0.10742,0.0,0.45108002,,0.0276,4.0
PFGC,False,23.03301615279679,"graham_debt_to_equity,graham_pe,graham_pe_times_pb,munger_roe,munger_gross_margin",14475798528.0,40.244545,2.9363413,1.514,1.58849,0.076680005,0.13012559662654158,0.01438714181124751,713825024.0,,4.0
ONB,False,22.9559997,"data_missing:current_ratio,data_missing:debt_to_equity,data_missing:free_cash_flow,munger_roe,munger_gross_margin",9463327744.0,11.092466,1.1327655,,,0.106079996,0.0,0.52542,,0.0233,4.0
SSB,False,22.948499549999994,"data_missing:current_ratio,data_missing:debt_to_equity,data_missing:free_cash_flow,munger_roe,munger_gross_margin",9677088768.0,10.482142,1.0597131,,,0.105979994,0.0,0.50514,,0.0264,4.0
AAL,False,22.925126680520567,"data_missing:trailing_pe,data_missing:debt_to_equity,data_missing:return_on_equity,graham_current_ratio,munger_gross_margin",8833988608.0,,-2.2237961,0.534,,,0.21239,0.026851902696172644,519249984.0,,4.0
MP,False,22.898366666666664,"data_missing:trailing_pe,graham_earnings_stability,munger_roe,munger_fcf",8494181376.0,,4.338479,9.51,0.41402,-0.03585,0.42326,-0.6655379364732825,-432948864.0,,0.0
VTOL,False,22.839297003829174,"graham_size,graham_earnings_stability,munger_roe,munger_gross_margin,munger_fcf",1206429440.0,11.695402,1.1075734,2.26,0.89036,0.10082,0.27201,0.10654459675601403,-34314624.0,0.012199999999999999,2.0
HII,False,22.8269924986764,"graham_current_ratio,graham_pe_times_pb,munger_roe,munger_gross_margin,munger_fcf",10559053824.0,15.950298,1.9877529,1.23,0.55252,0.12968001,0.124,0.05262736302467158,-300249984.0,0.0213,4.0
FLEX,False,22.781314342885175,"graham_current_ratio,graham_debt_to_equity,graham_pe,graham_pe_times_pb,munger_gross_margin",40822722560.0,42.833336,7.4217596,1.38,1.07818,0.18378,0.09196102314250913,0.04900766640395501,625750016.0,,4.0
FHB,False,22.741499249999997,"data_missing:current_ratio,data_missing:debt_to_equity,data_missing:free_cash_flow,munger_roe,munger_gross_margin",2998836992.0,10.715218,1.061141,,,0.10321999,0.0,0.43712002,,0.04190000000000001,4.0
FFBC,False,22.714499999999997,"data_missing:current_ratio,data_missing:debt_to_equity,data_missing:free_cash_flow,munger_roe,munger_gross_margin",3296983296.0,11.077739,1.1013912,,,0.10286,0.0,0.39804,,0.0321,4.0
CALM,False,22.70549256830292,"data_missing:debt_to_equity,munger_roe,munger_gross_margin",3177175296.0,10.260181,1.2139084,7.695,,0.122200005,0.23081522664952164,0.12027138044917764,8796500.0,0.07,4.0
UCB,False,22.703249999999997,"data_missing:current_ratio,data_missing:debt_to_equity,data_missing:free_cash_flow,munger_roe,munger_gross_margin",4029030656.0,10.919935,1.0942823,,,0.10271,0.0,0.50902003,,0.031,4.0
TCBI,False,22.641,"data_missing:current_ratio,data_missing:debt_to_equity,data_missing:free_cash_flow,munger_roe,munger_gross_margin",4049637376.0,12.113134,1.2095518,,,0.10188,0.0,0.36721,,0.0086,4.0
KEY,False,22.623214285714287,"data_missing:current_ratio,data_missing:debt_to_equity,data_missing:free_cash_flow,graham_earnings_stability,munger_roe,munger_gross_margin",21475962880.0,11.769006,1.2472112,,,0.1033,0.0,0.3471,,0.0408,1.0
WCC,False,22.618314553595205,"graham_debt_to_equity,graham_pe,graham_pe_times_pb,munger_roe,munger_gross_margin",17648117760.0,25.00967,3.5020843,2.091,1.2865,0.14308,0.21395001,0.05244376012828093,177050000.0,0.0055000000000000005,4.0
OLN,False,22.498792107687816,"data_missing:trailing_pe,graham_size,graham_current_ratio,graham_debt_to_equity,graham_earnings_stability,munger_roe,munger_gross_margin",1767298432.0,,1.032634,1.418,1.99059,-0.10585,0.07395882491741387,0.0007816186880604058,311800000.0,0.0518,0.0
ROAD,False,22.4740483044505,"graham_debt_to_equity,graham_pe,graham_pe_times_pb,munger_gross_margin",5125594112.0,35.415688,4.9004283,1.566,1.81754,0.15048,0.1561299494089653,0.07993689276890976,52442000.0,,4.0
STBA,False,22.404,"data_missing:current_ratio,data_missing:debt_to_equity,data_missing:free_cash_flow,graham_size,munger_roe,munger_gross_margin",1705086464.0,12.927807,1.2145799,,,0.09872,0.0,0.44693002,,0.0304,4.0
AGNT,False,22.329954327508556,"data_missing:trailing_pe,data_missing:debt_to_equity,graham_size,graham_earnings_stability,munger_roe,munger_gross_margin",600603904.0,,2.174301,1.515,,-0.06887,0.06989862982525658,-0.0044980304091665445,98850248.0,0.056299999999999996,0.0
ARMK,False,22.32919338522669,"graham_current_ratio,graham_debt_to_equity,graham_pe,graham_pe_times_pb,munger_roe,munger_gross_margin",14244978688.0,37.786716,4.195915,1.285,1.8672399999999998,0.11694,0.15292,0.04422,374142496.0,0.0088,4.0
AUB,False,22.31925,"data_missing:current_ratio,data_missing:debt_to_equity,data_missing:free_cash_flow,munger_roe,munger_gross_margin",5427680256.0,11.080175,1.0466814,,,0.09759,0.0,0.56057,,0.038900000000000004,4.0
HWC,False,22.278000374999998,"data_missing:current_ratio,data_missing:debt_to_equity,data_missing:free_cash_flow,munger_roe,munger_gross_margin",5795715072.0,14.165687,1.3081464,,,0.097040005,0.0,0.4386,,0.0277,4.0
ASB,False,22.271249625,"data_missing:current_ratio,data_missing:debt_to_equity,data_missing:free_cash_flow,munger_roe,munger_gross_margin",5419037184.0,10.04021,0.9828855,,,0.096949995,0.0,0.41342998,,0.0335,4.0
TRST,False,22.23675,"data_missing:current_ratio,data_missing:debt_to_equity,data_missing:free_cash_flow,graham_size,munger_roe,munger_gross_margin",919838528.0,15.005556,1.4022063,,,0.09649,0.0,0.46668997,,0.029300000000000003,4.0
HGV,False,22.22595238095238,"graham_debt_to_equity,graham_pe_times_pb,munger_roe,munger_gross_margin,munger_fcf",2684592128.0,19.625,2.4453099,4.814,6.2408600000000005,0.11456,0.24617,0.12666,-127000000.0,,4.0
CAVA,False,22.21556975360766,"graham_earnings_stability,graham_pe,graham_pe_times_pb,munger_roe,munger_gross_margin,munger_fcf",6313375232.0,96.51785,7.5048594,2.483,0.61899,0.083229996,0.24749005077535338,0.046865039536681634,-721500.0,,3.0
FIBK,False,22.212749249999998,"data_missing:current_ratio,data_missing:debt_to_equity,data_missing:free_cash_flow,munger_roe,munger_gross_margin",3410951936.0,11.184375,1.0292174,,,0.09616999,0.0,0.43242002,,0.052199999999999996,4.0
UBSI,False,22.1055,"data_missing:current_ratio,data_missing:debt_to_equity,data_missing:free_cash_flow,munger_roe,munger_gross_margin",6254200320.0,12.5109,1.1383697,,,0.09474,0.0,0.53079,,0.0329,4.0
EBC,False,22.0815,"data_missing:current_ratio,data_missing:debt_to_equity,data_missing:free_cash_flow,munger_roe,munger_gross_margin",4779319296.0,11.684359,1.0657868,,,0.09442,0.0,0.50124,,0.026699999999999998,4.0
ABCB,False,22.048499999999997,"data_missing:current_ratio,data_missing:debt_to_equity,data_missing:free_cash_flow,munger_roe,munger_gross_margin",5345426944.0,14.404159,1.3023397,,,0.09398,0.0,0.50194,,0.009899999999999999,4.0
J,False,21.94151553105805,"graham_current_ratio,graham_debt_to_equity,graham_pe,graham_pe_times_pb,munger_roe,munger_gross_margin",16088519680.0,45.115894,4.888769,1.287,1.24734,0.07998,0.14405078371554456,0.025855999534456803,645677888.0,0.0106,4.0
AOSL,False,21.914317913879795,"data_missing:trailing_pe,graham_size,graham_earnings_stability,munger_roe,munger_gross_margin,munger_fcf",836971008.0,,1.04876,3.438,0.035070000000000004,-0.05217,0.2232110374163938,-0.06362245130919819,-29679500.0,,0.0
BKU,False,21.89099925,"data_missing:current_ratio,data_missing:debt_to_equity,data_missing:free_cash_flow,munger_roe,munger_gross_margin",3001726976.0,11.576922,1.0141021,,,0.09187999,0.0,0.37060001,,0.031,4.0
TRIP,False,21.813099644934653,"data_missing:trailing_pe,graham_size,graham_debt_to_equity,munger_roe,munger_fcf",988576512.0,,1.4774917,1.561,1.34928,-0.00233,0.63966,0.04230565838180857,-101500000.0,,4.0
TFC,False,21.794249999999998,"data_missing:current_ratio,data_missing:debt_to_equity,data_missing:free_cash_flow,graham_earnings_stability,munger_roe,munger_gross_margin",56726216704.0,10.674713,0.96663064,,,0.09059,0.0,0.39815,,0.044800000000000006,2.0
FNB,False,21.78,"data_missing:current_ratio,data_missing:debt_to_equity,data_missing:free_cash_flow,munger_roe,munger_gross_margin",6138598400.0,10.264882,0.891537,,,0.0904,0.0,0.44671002,,0.03,4.0
SAH,False,21.754265732235247,"graham_size,graham_current_ratio,graham_debt_to_equity,munger_gross_margin,munger_fcf",1923128448.0,9.686306,1.8747498,1.012,4.55519,0.20631,0.15724976243268926,0.024251662971175165,-116075000.0,0.0274,4.0
HBAN,False,21.7515,"data_missing:current_ratio,data_missing:debt_to_equity,data_missing:free_cash_flow,munger_roe,munger_gross_margin",30972958720.0,11.792308,1.0413694,,,0.09002,0.0,0.41932,,0.0406,4.0
SBSI,False,21.746249625,"data_missing:current_ratio,data_missing:debt_to_equity,data_missing:free_cash_flow,graham_size,munger_roe,munger_gross_margin",898799168.0,11.847058,1.0202633,,,0.089949995,0.0,0.47232,,0.048799999999999996,4.0
WSBC,False,21.734999249999998,"data_missing:current_ratio,data_missing:debt_to_equity,data_missing:free_cash_flow,munger_roe,munger_gross_margin",3586400768.0,10.62358,0.9226727,,,0.08979999,0.0,0.48699,,0.0403,4.0
CAH,False,21.72188459411958,"data_missing:debt_to_equity,data_missing:return_on_equity,graham_current_ratio,graham_pe,graham_pe_times_pb,munger_gross_margin",51804454912.0,30.943293,-18.081306,0.883,,,0.038442780277524305,0.010277366980271232,4752500224.0,0.0092,4.0
VLY,False,21.71475,"data_missing:current_ratio,data_missing:debt_to_equity,data_missing:free_cash_flow,munger_roe,munger_gross_margin",6982167552.0,10.707628,0.9240164,,,0.08953,0.0,0.46787998,,0.0346,4.0
NIC,False,21.68024925,"data_missing:current_ratio,data_missing:debt_to_equity,data_missing:free_cash_flow,munger_roe,munger_gross_margin",3434517248.0,18.392818,1.5129247,,,0.08906999,0.0,0.52892,,0.0083,4.0
VSEC,False,21.61394082281312,"graham_pe,graham_pe_times_pb,munger_roe,munger_gross_margin,munger_fcf",4653452800.0,53.144234,1.5861825,3.768,0.34965,0.042659998,0.15621,0.08055112269897283,-260715008.0,0.0023,4.0
DCOM,False,21.552,"data_missing:current_ratio,data_missing:debt_to_equity,data_missing:free_cash_flow,graham_size,munger_roe,munger_gross_margin",1733808768.0,14.226449,1.2350591,,,0.08736,0.0,0.44626,,0.0253,4.0
ABR,False,21.481250000000003,"data_missing:free_cash_flow,graham_size,graham_debt_to_equity,graham_pe,munger_roe",783544704.0,42.944443,0.3406487,2.095,3.86741,0.01975,0.79161,-0.12729,,0.2368,4.0
HTLD,False,21.44963266666667,"data_missing:trailing_pe,graham_size,graham_earnings_stability,munger_roe,munger_gross_margin,munger_fcf",898666752.0,,1.1882209,1.585,0.19358,-0.028469998,0.28059998,-0.0712564958316216,-80482624.0,0.0069,0.0
NWBI,False,21.428250300000002,"data_missing:current_ratio,data_missing:debt_to_equity,data_missing:free_cash_flow,munger_roe,munger_gross_margin",2169791744.0,14.383495,1.1252468,,,0.085710004,0.0,0.41568002,,0.0536,4.0
C,False,21.396749999999997,"data_missing:current_ratio,data_missing:debt_to_equity,data_missing:free_cash_flow,munger_roe,munger_gross_margin",218016464896.0,14.020495,1.1327547,,,0.08529,0.0,0.36229,,0.020499999999999997,4.0
WAFD,False,21.37275,"data_missing:current_ratio,data_missing:debt_to_equity,data_missing:free_cash_flow,munger_roe,munger_gross_margin",2211834368.0,9.427444,0.8117836,,,0.08497,0.0,0.46126997,,0.0356,4.0
FITB,False,21.328500000000002,"data_missing:current_ratio,data_missing:debt_to_equity,data_missing:free_cash_flow,munger_roe,munger_gross_margin",45840863232.0,17.025251,1.419209,,,0.08438,0.0,0.39078,,0.033,4.0
SCL,False,21.3244711548684,"data_missing:trailing_pe,graham_size,graham_current_ratio,munger_roe,munger_gross_margin",1420329088.0,,1.1718369,1.151,0.5836,-0.0021600001,0.11572676121321684,0.03368145811053833,55548624.0,0.0254,4.0
BBT,False,21.317250449999996,"data_missing:current_ratio,data_missing:debt_to_equity,data_missing:free_cash_flow,munger_roe,munger_gross_margin",2339307008.0,9.061688,0.92106134,,,0.084230006,0.0,0.46051997,,0.04650000000000001,4.0
SHAK,False,21.26852740922288,"graham_debt_to_equity,graham_earnings_stability,graham_pe,graham_pe_times_pb,munger_roe,munger_fcf",2528782336.0,62.13684,4.3781056,1.668,1.66579,0.0794,0.4038,0.04324897288186723,-41693376.0,,3.0
MET,False,21.216214377142066,"graham_debt_to_equity,graham_pe_times_pb,munger_roe,munger_gross_margin,munger_fcf",60058927104.0,18.105366,2.1964767,2.027,1.7993299999999999,0.13094,0.23951,0.07961444657775933,-20953999360.0,0.024900000000000002,4.0
AES,False,21.2079019818947,"graham_current_ratio,graham_debt_to_equity,graham_earnings_stability,munger_roe,munger_gross_margin,munger_fcf",10622484480.0,5.578652,2.149351,0.746,2.5688600000000004,0.095740005,0.1807406196354124,0.18673,-3089125120.0,0.047400000000000005,3.0
CFG,False,21.20250075,"data_missing:current_ratio,data_missing:debt_to_equity,data_missing:free_cash_flow,munger_roe,munger_gross_margin",26967949312.0,13.94989,1.1242998,,,0.08270001,0.0,0.35132998,,0.0288,4.0
COF,False,21.18567857142857,"data_missing:current_ratio,data_missing:debt_to_equity,data_missing:free_cash_flow,munger_roe,munger_gross_margin",118647840768.0,10.88323,1.1521277,,,0.09031,0.0,0.33629,,0.0163,4.0
INDB,False,21.17925,"data_missing:current_ratio,data_missing:debt_to_equity,data_missing:free_cash_flow,munger_roe,munger_gross_margin",3682473728.0,14.057865,1.0539588,,,0.08239,0.0,0.47252,,0.032799999999999996,4.0
RNST,False,21.1575003,"data_missing:current_ratio,data_missing:debt_to_equity,data_missing:free_cash_flow,munger_roe,munger_gross_margin",3566693632.0,11.409649,0.9212844,,,0.082100004,0.0,0.43483,,0.024399999999999998,4.0
INTC,False,21.15546923915168,"data_missing:trailing_pe,graham_earnings_stability,munger_roe",634874953728.0,,6.9187512,1.604,0.48997,-0.10715,0.34766238434904356,-0.04188976973870925,4866375168.0,,0.0
GEF,False,21.12164285714286,"data_missing:return_on_equity,data_missing:free_cash_flow,graham_current_ratio,graham_pe,graham_pe_times_pb,munger_gross_margin",4572866048.0,33.23967,1.5237446,1.289,0.39409999999999995,,0.22521,0.10561,,0.029300000000000003,4.0
FBNC,False,21.108,"data_missing:current_ratio,data_missing:debt_to_equity,data_missing:free_cash_flow,munger_roe,munger_gross_margin",2543336704.0,19.079193,1.4808611,,,0.08144,0.0,0.51192003,,0.0154,4.0
CFFN,False,21.0097497,"data_missing:current_ratio,data_missing:debt_to_equity,data_missing:free_cash_flow,graham_size,graham_earnings_stability,munger_roe,munger_gross_margin",1018414784.0,12.700001,0.9957781,,,0.080129996,0.0,0.50087,,0.0406,2.0
GBCI,False,20.9595,"data_missing:current_ratio,data_missing:debt_to_equity,data_missing:free_cash_flow,munger_roe,munger_gross_margin",5642957312.0,17.762295,1.3083379,,,0.07946,0.0,0.44305,,0.0321,4.0
MATW,False,20.845862563762452,"data_missing:trailing_pe,graham_size,graham_debt_to_equity,graham_earnings_stability,munger_roe,munger_gross_margin",601165696.0,,1.2370737,1.756,1.2932,-0.05874,0.29498027829242257,-0.006862363475275054,26483000.0,0.0525,0.0
LYB,False,20.80090974851271,"data_missing:trailing_pe,graham_debt_to_equity,graham_earnings_stability,munger_roe,munger_gross_margin",18600525824.0,,1.7428944,1.641,1.3275899999999998,-0.02269,0.12888,-0.013928962292309223,1228000000.0,0.047400000000000005,0.0
CVBF,False,20.736749999999997,"data_missing:current_ratio,data_missing:debt_to_equity,data_missing:free_cash_flow,munger_roe,munger_gross_margin",3812984576.0,15.045139,1.204682,,,0.07649,0.0,0.55747,,0.0365,4.0
PNFP,False,20.735999999999997,"data_missing:current_ratio,data_missing:debt_to_equity,data_missing:free_cash_flow,munger_roe,munger_gross_margin",14109387776.0,12.860882,1.0002464,,,0.07648,0.0,0.47018,,0.021400000000000002,4.0
HAFC,False,20.57824278813741,"data_missing:current_ratio,data_missing:debt_to_equity,data_missing:free_cash_flow,graham_size,munger_roe,munger_gross_margin",914976064.0,10.390573,1.117185,,,0.11344,0.0,0.28163899838987283,,0.0359,4.0
PRIM,False,20.570636965908687,"graham_current_ratio,graham_pe,graham_pe_times_pb,munger_roe,munger_gross_margin",4054650880.0,29.537256,2.524044,1.181,0.7963,0.08889,0.10734135104093784,0.05432414949372269,80155000.0,0.0043,4.0
AVAV,False,20.538667901209585,"data_missing:trailing_pe,graham_earnings_stability,munger_roe,munger_gross_margin,munger_fcf",7269647360.0,,1.6476232,4.26,0.19354,-0.04597,0.2532530370362876,-0.15731885909112753,-25920876.0,,0.0
CXW,False,20.342156523740734,"graham_current_ratio,graham_pe,graham_pe_times_pb,munger_roe,munger_gross_margin",3227883264.0,25.904762,2.2439158,1.319,0.95487,0.08772001,0.2258,0.08536514325749088,24545250.0,,4.0
BXMT,False,20.336000000000002,"data_missing:free_cash_flow,graham_size,graham_debt_to_equity,graham_earnings_stability,graham_pe,graham_pe_times_pb,munger_roe",1948363904.0,144.50002,0.60447603,98.576,4.84696,0.00448,1.0,-3.69142,,0.1527,1.0
IFF,False,20.330722053872055,"data_missing:trailing_pe,graham_earnings_stability,munger_roe,munger_fcf",21412302848.0,,1.5320681,2.061,0.44821,-0.05548,0.3616161616161616,-0.03507805325987144,-1720999936.0,0.018799999999999997,0.0
PB,False,20.303250000000002,"data_missing:current_ratio,data_missing:debt_to_equity,data_missing:free_cash_flow,munger_roe,munger_gross_margin",7962912768.0,11.483536,0.80295694,,,0.07071,0.0,0.58042,,0.0359,4.0
MTZ,False,20.28013776190476,"graham_current_ratio,graham_earnings_stability,graham_pe,graham_pe_times_pb,munger_gross_margin,munger_fcf",17243879424.0,34.247208,4.8209515,1.4,0.89874,0.16176,0.12913999,0.05424,-57898876.0,,2.0
SEDG,False,20.13913053702717,"data_missing:trailing_pe,graham_size,graham_earnings_stability,munger_roe,munger_gross_margin",1969131648.0,,4.777579,2.03,0.9885200000000001,-0.58424,0.1657157282235378,-0.2547009398502589,113761248.0,,0.0
CWST,False,20.097823667759897,"graham_current_ratio,graham_pe,graham_pe_times_pb,munger_roe",5119841792.0,1005.625,3.2402933,0.993,0.9162300000000001,0.00364,0.3342,0.034662227160652447,121703752.0,,4.0
CRL,False,20.082361978412422,"data_missing:trailing_pe,graham_current_ratio,graham_debt_to_equity,graham_earnings_stability,munger_roe",14146936832.0,,4.9808393,1.348,1.05047,-0.07516,0.34585,0.006266402548997829,468856000.0,,0.0
KBH,False,20.072245803523792,"data_missing:free_cash_flow,munger_roe,munger_gross_margin",2843616000.0,13.174648,0.75523186,6.177,0.55482,0.05908,0.17115,0.07603273541555512,,0.021099999999999997,4.0
PI,False,20.047034365827475,"data_missing:trailing_pe,graham_debt_to_equity,graham_earnings_stability,munger_roe",5537437184.0,,23.90608,3.277,1.15143,-0.12875,0.5253119158069653,-0.002041127189642041,56185876.0,,0.0
JEF,False,20.0,"data_missing:current_ratio,data_missing:return_on_equity,data_missing:free_cash_flow,graham_debt_to_equity",9266743296.0,12.516758,0.87696576,,3.64763,,0.82623,-0.4363169496947191,,0.0344,4.0
STEP,False,20.0,"data_missing:trailing_pe,graham_current_ratio,graham_debt_to_equity,graham_earnings_stability,munger_roe,munger_gross_margin",5615151104.0,,-6.64325,0.639,1.26487,-0.61397,-0.48369,-0.54055,2822566144.0,0.039900000000000005,0.0
WY,False,19.818025651863227,"graham_pe,graham_pe_times_pb,munger_roe,munger_gross_margin",13841734656.0,29.098484,1.4636841,1.816,0.57625,0.04974,0.14844315713251266,0.1058653149891383,13625000.0,0.043,4.0
WERN,False,19.77786367545191,"data_missing:trailing_pe,graham_current_ratio,graham_earnings_stability,munger_roe,munger_gross_margin",2038004096.0,,1.5033387,1.448,0.68379,-0.03909,0.1904,0.003919115006878708,69455872.0,0.016399999999999998,0.0
SNX,False,19.749076973409796,"graham_current_ratio,graham_pe_times_pb,munger_roe,munger_gross_margin,munger_fcf",20359866368.0,15.693327,2.2828023,1.191,0.64999,0.14932,0.06989466930726371,0.022635775473912288,-1070279488.0,0.0074,4.0
LEU,False,19.563474622454287,"graham_debt_to_equity,graham_pe,graham_pe_times_pb,munger_roe,munger_gross_margin,munger_fcf",2876320768.0,77.69614,3.319094,5.395,1.3928299999999998,0.08053,0.26186761756184534,0.1118787608647203,-127300000.0,,4.0
VSTS,False,19.553074976019115,"data_missing:trailing_pe,graham_size,graham_debt_to_equity,graham_earnings_stability,munger_roe,munger_gross_margin",1768302208.0,,2.014757,2.166,1.52545,-0.00602,0.26297,0.0235593393249109,69159872.0,,0.0
SBCF,False,19.55025,"data_missing:current_ratio,data_missing:debt_to_equity,data_missing:free_cash_flow,graham_pe,munger_roe,munger_gross_margin",3074614272.0,20.62013,1.113976,,,0.06067,0.0,0.48815,,0.0235,4.0
ASTE,False,19.427198247035626,"graham_size,graham_earnings_stability,graham_pe,graham_pe_times_pb,munger_roe,munger_gross_margin,munger_fcf",936672000.0,48.428574,1.357448,2.517,0.57089,0.02859,0.2653148043108338,0.046724333522404994,-1112500.0,0.0128,3.0
SLAB,False,19.410633855103786,"data_missing:trailing_pe,data_missing:debt_to_equity,graham_earnings_stability,munger_roe,munger_fcf",7402081792.0,,6.760941,5.407,,-0.03628,0.5823190156531135,-0.08988817020148733,-13706625.0,,0.0
SITM,False,19.167827118834012,"graham_debt_to_equity,graham_earnings_stability,graham_pe,graham_pe_times_pb,munger_roe",19501668352.0,1099.1865,16.773226,19.445,1.2941900000000002,0.013259999,0.5356823608645075,-0.205038878344456,24747500.0,,0.0
HOPE,False,18.917250300000003,"data_missing:current_ratio,data_missing:debt_to_equity,data_missing:free_cash_flow,graham_size,munger_roe,munger_gross_margin",1694495488.0,13.133664,0.73805153,,,0.056550004,0.0,0.34244,,0.0417,4.0
MCK,False,18.869568694522357,"data_missing:debt_to_equity,data_missing:return_on_equity,graham_current_ratio,graham_pe,graham_pe_times_pb,munger_gross_margin",99974479872.0,22.988874,-23.459318,0.893,,,0.036065736311132045,0.015397962471804279,6801249792.0,0.0043,4.0
VSAT,False,18.64115769349021,"data_missing:trailing_pe,graham_debt_to_equity,graham_earnings_stability,munger_roe",9731069952.0,,2.0972626,1.675,1.46805,0.0019,0.33219,0.023301395605437602,250167376.0,,0.0
MTUS,False,18.451654154067157,"graham_size,graham_earnings_stability,graham_pe,graham_pe_times_pb,munger_roe,munger_gross_margin,munger_fcf",793425984.0,100.31579,1.1424118,1.752,0.021230000000000002,0.011720001,0.0821030821030821,0.003601142431392028,-62337500.0,,0.0
HFWA,False,18.247928571428574,"data_missing:current_ratio,data_missing:debt_to_equity,data_missing:free_cash_flow,graham_size,munger_roe,munger_gross_margin",1128041984.0,13.1285715,1.016293,,,0.07798,0.0,0.28932,,0.0359,4.0
AAP,False,18.133310002712864,"graham_debt_to_equity,graham_earnings_stability,graham_pe,munger_roe,munger_fcf",2332044032.0,21.569834,1.0263976,1.748,2.49358,0.04888,0.4340193000813859,-0.004999418672247413,-54625000.0,0.0252,1.0
ALLY,False,18.091177714285713,"data_missing:current_ratio,data_missing:debt_to_equity,data_missing:free_cash_flow,munger_roe,munger_gross_margin",11377068032.0,8.8,0.84275997,,,0.09681,0.0,0.25270998,,0.0317,4.0
CNH,False,17.9948110540978,"graham_debt_to_equity,graham_pe,graham_pe_times_pb,munger_roe,munger_gross_margin",20809572352.0,51.76,2.0651133,4.883,3.35044,0.03914,0.17762,0.05538,563124992.0,0.0077,4.0
TNDM,False,17.93615942143244,"data_missing:trailing_pe,graham_size,graham_debt_to_equity,graham_earnings_stability,munger_roe,munger_fcf",1141786496.0,,8.752,3.18,5.66964,-0.48026,0.5380847826429731,-0.1845376531432806,-43949124.0,,0.0
SBUX,False,17.93276103527008,"data_missing:debt_to_equity,data_missing:return_on_equity,graham_current_ratio,graham_pe,graham_pe_times_pb,munger_gross_margin",107923800064.0,54.72254,-14.060597,0.76,,,0.22341,0.0789739783350007,3065537536.0,0.026000000000000002,4.0
HONA,False,17.804809523809524,"data_missing:debt_to_equity,data_missing:return_on_equity,data_missing:free_cash_flow,graham_earnings_stability,graham_pe,graham_pe_times_pb",48915316736.0,47.05183,-8.586291,1.526,,,0.34535,0.14684,,,3.0
VSH,False,17.45612485582934,"graham_earnings_stability,graham_pe,graham_pe_times_pb,munger_roe,munger_gross_margin,munger_fcf",4992492032.0,162.75,1.7139698,1.802,0.37664000000000003,0.01134,0.19383307136284605,0.018529524464915504,-3755125.0,0.0123,0.0
SNEX,False,17.426669087760168,"data_missing:free_cash_flow,graham_current_ratio,graham_debt_to_equity,graham_pe_times_pb,munger_gross_margin",7765908992.0,17.543596,2.716552,1.065,8.2347,0.2185,0.031175072632805098,-0.0006477267494128412,,,4.0
NBHC,False,17.139535714285714,"data_missing:current_ratio,data_missing:debt_to_equity,data_missing:free_cash_flow,graham_size,munger_roe,munger_gross_margin",1746395648.0,16.474789,1.0462695,,,0.06527,0.0,0.2857,,0.0326,4.0
ANDE,False,17.01886069803224,"munger_roe,munger_gross_margin,munger_fcf",2226624512.0,12.696116,1.6709685,1.51,0.6635,0.12159,0.06482474951239575,0.01613,-109108872.0,0.0121,4.0
LUV,False,16.852965036899967,"graham_current_ratio,graham_pe,graham_pe_times_pb,munger_roe,munger_gross_margin,munger_fcf",20429332480.0,26.099998,2.8847747,0.489,0.97275,0.11099,0.22399001,0.015251398638777038,-834750016.0,0.0171,4.0
KNF,False,16.85291853786408,"graham_debt_to_equity,graham_pe,graham_pe_times_pb,munger_roe,munger_gross_margin,munger_fcf",2872596480.0,20.575203,1.7890849,2.665,1.03908,0.09122,0.1835113788504303,0.09086869344427166,-3501250.0,,4.0
CCOI,False,16.781668000000003,"data_missing:trailing_pe,data_missing:debt_to_equity,graham_size,graham_current_ratio,graham_earnings_stability,munger_roe,munger_fcf",400250976.0,,-10.976124,0.632,,-7.2150297,0.50345004,-0.0669,-132067000.0,0.0109,0.0
BTU,False,16.533066866666665,"data_missing:trailing_pe,graham_earnings_stability,munger_roe,munger_gross_margin,munger_fcf",2986550016.0,,0.9193246,2.009,0.12884,-0.047709998,0.103970006,-0.020743234494367473,-53975000.0,0.0123,0.0
ICHR,False,16.501932377447947,"data_missing:trailing_pe,graham_earnings_stability,munger_roe,munger_gross_margin",2332462080.0,,2.6898324,3.701,0.17809999999999998,-0.051659998,0.09262366353893624,-0.041441372993461734,10132000.0,,0.0
DMC,False,16.356956547880703,"graham_size,graham_earnings_stability,graham_pe,munger_roe,munger_gross_margin,munger_fcf",1413443584.0,42.225353,0.7041195,2.226,0.2943,0.01775,0.09233509936839183,0.031788631052911645,-99887504.0,0.0392,2.0
SLVM,False,16.030545839195124,"graham_size,graham_current_ratio,graham_debt_to_equity,munger_roe,munger_gross_margin,munger_fcf",1316064000.0,17.700535,1.3794539,1.472,1.07958,0.07941,0.20594,0.07490301402566397,-16375000.0,0.0529,4.0
DNOW,False,16.010018203309695,"data_missing:trailing_pe,graham_earnings_stability,munger_roe,munger_gross_margin,munger_fcf",2821163776.0,,1.3488632,2.136,0.30934,-0.11599,0.16950354609929077,-0.03297872340425532,-536249984.0,,0.0
SANM,False,15.94899834701889,"graham_pe,graham_pe_times_pb,munger_roe,munger_gross_margin,munger_fcf",11421596672.0,38.121647,4.46208,1.78,0.88161,0.12488,0.08813033147310252,0.04362098139580546,-222215744.0,,4.0
BFH,False,15.921847847779446,"data_missing:current_ratio,data_missing:debt_to_equity,data_missing:free_cash_flow,munger_gross_margin",3762206976.0,7.5969744,1.1262091,,,0.17424999,0.0,0.06657230061485381,,0.0092,4.0
GBX,False,15.768297726330823,"graham_size,graham_debt_to_equity,munger_roe,munger_gross_margin,munger_fcf",1253676032.0,11.988166,0.79688483,3.676,1.0874899999999998,0.06341,0.18748842664033086,0.11113511511635084,-164687504.0,0.0331,4.0
ADIG,False,15.67260680952381,"data_missing:return_on_equity,data_missing:free_cash_flow,graham_size,graham_earnings_stability,graham_pe,munger_gross_margin",1385598464.0,34.433964,0.5644039,2.796,0.50835,,0.21893999,0.02333,,,0.0
RDNT,False,15.422945251515701,"data_missing:trailing_pe,graham_current_ratio,graham_debt_to_equity,graham_earnings_stability,munger_roe,munger_gross_margin",5449819648.0,,5.033801,1.484,1.56668,0.01498,0.17284,0.03038510741541312,157737248.0,,0.0
MOS,False,15.343909294730471,"data_missing:trailing_pe,graham_current_ratio,munger_roe,munger_gross_margin,munger_fcf",6875764736.0,,0.5997726,1.337,0.52249,-0.05073,0.15780259533370947,0.06816069828415917,-746275008.0,0.0393,4.0
BANC,False,15.0,"data_missing:trailing_pe,data_missing:current_ratio,data_missing:debt_to_equity,data_missing:free_cash_flow,data_invalid_outlier:operating_margin,graham_earnings_stability,munger_roe,munger_gross_margin",2727335680.0,,0.9367178,,,-0.0065499996,0.0,2.16263,,0.0277,2.0
SFNC,False,15.0,"data_missing:trailing_pe,data_missing:current_ratio,data_missing:debt_to_equity,data_missing:free_cash_flow,graham_earnings_stability,munger_roe,munger_gross_margin",3268902144.0,,0.9383556,,,-0.09941,0.0,0.38306,,0.0382,0.0
DFH,False,14.75967857142857,"graham_size,graham_debt_to_equity,munger_roe,munger_gross_margin,munger_fcf",966915136.0,7.5744686,0.6781383,7.59,1.12734,0.09423,0.1998,0.02409,-217692992.0,,4.0
ROIV,False,14.673449999999999,"data_missing:trailing_pe,data_invalid_outlier:operating_margin,graham_earnings_stability,munger_roe,munger_gross_margin,munger_fcf",26480361472.0,,6.261315,16.721,0.02177,-0.08515,0.0,-254.08113,-1127230080.0,,0.0
LBRT,False,14.224808324635918,"graham_pe,graham_pe_times_pb,munger_roe,munger_gross_margin,munger_fcf",2985587200.0,24.722973,1.5204022,1.986,0.8214400000000001,0.06123,0.18529,0.018149249797060295,-302047872.0,0.0195,4.0
AVT,False,14.218540805765612,"graham_pe,graham_pe_times_pb,munger_roe,munger_gross_margin,munger_fcf",8264748544.0,25.112217,1.6457206,1.777,0.6920499999999999,0.06665,0.1042930214195994,0.02622915769706474,-129337000.0,0.0144,4.0
DELL,False,14.106560099004668,"data_missing:debt_to_equity,data_missing:return_on_equity,graham_current_ratio,graham_pe,graham_pe_times_pb,munger_gross_margin",345627787264.0,31.586287,-243.7668,0.962,,,0.19999471542567246,0.07177332699184415,6033375232.0,0.004699999999999999,4.0
MBC,False,14.077610305213248,"data_missing:trailing_pe,graham_size,munger_roe,munger_fcf",1439695232.0,,0.73096395,1.759,0.85833,-0.0582,0.30262917321826893,0.04351482795187772,-24387500.0,,4.0
FERG,False,13.854291472781819,"data_missing:return_on_equity,data_missing:free_cash_flow,graham_debt_to_equity,graham_earnings_stability,graham_pe,graham_pe_times_pb",43385643008.0,22.07382,6.9966307,1.729,1.11063,,0.3067095767505364,0.0847149080033808,,0.0159,0.0
SRPT,False,13.789466516486918,"data_missing:trailing_pe,graham_size,graham_earnings_stability,munger_roe,munger_gross_margin",1941424640.0,,1.2706532,4.422,0.6953900000000001,-0.09478,0.19108,-0.3183373767250756,22139876.0,,0.0
MSGS,False,13.764376221063939,"data_missing:debt_to_equity,data_missing:return_on_equity,graham_current_ratio,graham_earnings_stability,graham_pe,graham_pe_times_pb",9765379072.0,1228.909,-37.08303,0.503,,,0.33605,0.02501945707396808,58219124.0,,1.0
AIN,False,13.606823021934122,"data_missing:trailing_pe,graham_size,graham_earnings_stability,munger_roe,munger_gross_margin",1694209152.0,,2.2733326,2.238,0.59922,-0.061339997,0.2062202562873421,-0.030522998986314828,4886875.0,0.018799999999999997,0.0
MARA,False,13.374000666666669,"data_missing:trailing_pe,graham_current_ratio,graham_debt_to_equity,graham_earnings_stability,munger_roe,munger_fcf",4436647424.0,,2.6414442,0.891,1.40159,-1.0557,0.40122002,-1.349641106259226,-1168091392.0,,0.0
RXO,False,13.144838545541276,"data_missing:trailing_pe,graham_current_ratio,graham_earnings_stability,munger_roe,munger_gross_margin",3380985600.0,,2.2448533,1.268,0.48340000000000005,-0.06787,0.14912,-0.013758272378962034,5750000.0,,0.0
MRNA,False,13.121858379848886,"data_missing:trailing_pe,graham_earnings_stability,munger_roe,munger_gross_margin",76553445376.0,,11.316016,2.295,0.19036,-0.38998002,-0.66023004,-1.581275720164609,299249984.0,,0.0
HTH,False,12.4717497,"data_missing:current_ratio,data_missing:debt_to_equity,data_missing:free_cash_flow,munger_roe,munger_gross_margin",2160843776.0,14.022305,1.016246,,,0.076009996,0.0,0.15799,,0.0213,4.0
DOW,False,12.449447883316639,"data_missing:trailing_pe,graham_debt_to_equity,graham_earnings_stability,munger_roe,munger_gross_margin",19889651712.0,,1.2540991,1.749,1.11913,-0.0554,0.1348139691764828,0.11594,237624992.0,0.0507,0.0
TFIN,False,12.209464285714287,"data_missing:current_ratio,data_missing:debt_to_equity,data_missing:free_cash_flow,graham_size,graham_pe,graham_pe_times_pb,munger_roe,munger_gross_margin",1434269568.0,40.557434,1.5619308,,,0.04121,0.0,0.21277,,,4.0
WHR,False,11.886468567870335,"graham_current_ratio,graham_debt_to_equity,graham_earnings_stability,munger_roe,munger_gross_margin,munger_fcf",2002924800.0,10.105263,0.5279711,1.149,2.05431,0.05933,0.15369750064416388,0.05398093274929142,-485375008.0,0.099,1.0
FISV,False,11.76534030778357,"data_missing:current_ratio,data_missing:debt_to_equity,data_missing:return_on_equity,data_missing:gross_margin,data_missing:free_cash_flow",24152844288.0,8.701149,0.89644146,,,,,0.2745246071816166,,,4.0
RUN,False,11.764332666666666,"graham_size,graham_current_ratio,graham_debt_to_equity,graham_earnings_stability,munger_roe,munger_fcf",1890648704.0,5.340136,0.5401128,1.422,2.92511,-0.19856001,0.35292998,-0.04265442271331354,-1971139840.0,,1.0
PENN,False,11.720333333333333,"data_missing:trailing_pe,graham_size,graham_current_ratio,graham_debt_to_equity,graham_earnings_stability,munger_roe,munger_fcf",1964854016.0,,1.0011622,0.885,5.96731,-0.37578,0.35161,-0.1084725518238539,-54325000.0,,0.0
APD,False,11.301872246310538,"data_missing:trailing_pe,graham_current_ratio,graham_debt_to_equity,graham_earnings_stability,munger_roe,munger_fcf",62543458304.0,,4.5047874,1.085,1.1009099999999998,0.00023,0.3385386673893161,-0.07285686989607304,-1497500032.0,0.0259,0.0
EGBN,False,10.360713857142857,"data_missing:trailing_pe,data_missing:current_ratio,data_missing:debt_to_equity,data_missing:free_cash_flow,graham_size,graham_earnings_stability,munger_roe,munger_gross_margin",845015680.0,,0.7346354,,,-0.04137,0.0,0.24174999,,0.0014000000000000002,0.0
GO,False,10.090040171965903,"data_missing:trailing_pe,graham_size,graham_current_ratio,graham_debt_to_equity,graham_earnings_stability,munger_roe,munger_fcf",1118663936.0,,1.3699794,1.291,2.26658,-0.3806,0.302701205158977,-0.047284366716224914,-44593500.0,,0.0
FLR,False,10.05060204026422,"data_missing:trailing_pe,graham_earnings_stability,munger_roe,munger_gross_margin",6519877120.0,,2.4605057,1.796,0.38492,-0.45167,-0.007740437334709411,-0.024382377604334645,21500000.0,,0.0
XNCR,False,9.929549999999999,"data_missing:trailing_pe,graham_size,graham_earnings_stability,munger_roe,munger_gross_margin,munger_fcf",1875936256.0,,3.7267356,6.391,0.33803,-0.29072002,-1.4364799,-1.4135025801108492,-94537504.0,,0.0
CLF,False,9.884896477871816,"data_missing:trailing_pe,graham_debt_to_equity,graham_earnings_stability,munger_roe,munger_gross_margin",6335846912.0,,1.1306251,1.89,1.3274299999999999,-0.13862,0.2892964824120603,-0.08484685652874799,6125000.0,,0.0
ECHO,False,9.846667333333334,"data_missing:trailing_pe,graham_debt_to_equity,graham_earnings_stability,munger_roe,munger_gross_margin,munger_fcf",26225772544.0,,1.8504155,5.201,1.23757,-0.33428,0.29540002,-1.1811502161047902,-18870501376.0,,0.0
BG,False,9.278703344063375,"graham_pe,munger_roe,munger_gross_margin,munger_fcf",20588445696.0,23.095905,1.2904916,1.567,0.9799500000000001,0.071779996,0.04847218075047278,0.04617,-6475375104.0,0.026600000000000002,4.0
FLG,False,9.135107165357143,"data_missing:current_ratio,data_missing:debt_to_equity,data_missing:free_cash_flow,graham_earnings_stability,graham_pe,graham_pe_times_pb,munger_roe,munger_gross_margin",4860737024.0,390.33334,0.6394365,,,0.0059100003,0.0,0.20281,,0.0034000000000000002,0.0
WLK,False,8.578532087422799,"data_missing:trailing_pe,graham_earnings_stability,munger_roe,munger_gross_margin",7979744256.0,,0.9166863,2.453,0.63814,-0.11911,0.07278424350940017,-0.14127126230975828,23125000.0,0.0336,0.0
VGNT,False,7.8881426857142865,"data_missing:return_on_equity,data_missing:free_cash_flow,graham_current_ratio,graham_debt_to_equity,graham_pe_times_pb,munger_gross_margin",3204233216.0,6.594023,37.69583,1.398,8.53169,,0.12354,0.087969996,,0.011399999999999999,4.0
AHCO,False,7.591890917300251,"data_missing:trailing_pe,graham_size,graham_current_ratio,graham_debt_to_equity,graham_earnings_stability,munger_roe,munger_gross_margin,munger_fcf",769386240.0,,0.5471169,1.124,1.48969,-0.15224,0.19174999,0.028005240292561427,-80691504.0,,0.0
UCTT,False,7.525380480185973,"data_missing:trailing_pe,graham_debt_to_equity,graham_earnings_stability,munger_roe,munger_gross_margin,munger_fcf",3631096576.0,,5.7791095,2.733,1.082,-0.0155299995,0.16986079328756673,0.043478260869565216,-81487504.0,,0.0
RCUS,False,7.30605,"data_missing:trailing_pe,graham_earnings_stability,munger_roe,munger_gross_margin,munger_fcf",3314487808.0,,7.1237,3.818,0.51293,-0.90819,0.0,-1.562753036437247,-270624992.0,,0.0
ALK,False,6.816315515067604,"data_missing:trailing_pe,graham_current_ratio,graham_debt_to_equity,munger_roe,munger_gross_margin,munger_fcf",4339955200.0,,1.1825505,0.547,2.0752,-0.04598,0.17713,0.021279584240466325,-23750000.0,,4.0
JBLU,False,6.741666666666666,"data_missing:trailing_pe,graham_size,graham_current_ratio,graham_debt_to_equity,graham_earnings_stability,munger_roe,munger_gross_margin,munger_fcf",1596030592.0,,1.0057062,0.696,5.9143,-0.44355,0.20225,-0.04060913705583756,-921249984.0,,0.0
AESI,False,5.444266361882331,"data_missing:trailing_pe,graham_size,graham_earnings_stability,munger_roe,munger_gross_margin,munger_fcf",1483790976.0,,1.3331087,1.824,0.94273,-0.09925,0.13755649085646987,-0.009960650409473117,-118395504.0,0.0848,0.0
EQH,False,4.256,"data_missing:trailing_pe,graham_debt_to_equity,graham_earnings_stability,munger_roe,munger_gross_margin,munger_fcf",14066531328.0,,-7.6005898,2.03,5.861000000000001,-0.25131,0.12768,-0.26357,-8824250368.0,0.0218,0.0
F,False,2.371666666666667,"data_missing:trailing_pe,graham_current_ratio,graham_debt_to_equity,graham_earnings_stability,munger_roe,munger_gross_margin,munger_fcf",47950835712.0,,1.3423755,1.089,4.567080000000001,-0.18252,0.07115,-0.04896217699861695,-7940250112.0,0.048799999999999996,0.0
CYTK,False,0.0,"data_missing:trailing_pe,data_missing:debt_to_equity,data_missing:return_on_equity,graham_earnings_stability,munger_gross_margin,munger_fcf",9224899584.0,,-53.084003,6.661,,,0.0,-3.427517232629932,-397408736.0,,0.0
CWEN-A,False,0.0,data_missing:fetch_failed,,,,,,,,,,,
