symbol,buyable,score,fail_reasons,market_cap,trailing_pe,price_to_book,current_ratio,debt_to_equity,return_on_equity,gross_margin,operating_margin,free_cash_flow,dividend_yield,consecutive_positive_earnings_years
HCI,False,95.28161516666668,"graham_current_ratio,graham_earnings_stability",2159511808.0,7.4799657,2.0047114,0.865,0.05722000000000001,0.34974998,0.59726,0.45431,423198496.0,0.009000000000000001,3.0
INVA,False,92.01199432607254,graham_size,1488257024.0,4.7795825,1.2133349,16.007,0.26859,0.36676,0.7479845767854364,0.3980886299984441,110332496.0,,4.0
EXEL,False,91.43537614643988,graham_pe_times_pb,14464256000.0,18.356918,7.8799944,3.456,0.08999,0.44393003,0.96483004,0.3759239799907419,739715136.0,,4.0
ADBE,False,91.34605,"graham_current_ratio,graham_pe_times_pb",93931233280.0,13.186663,7.8540564,0.77,0.5769299999999999,0.61902,0.8926753334174765,0.36627540073204595,9345125376.0,,4.0
DECK,False,91.04709242457784,graham_pe_times_pb,10761771008.0,11.2251425,4.694369,2.747,0.20521,0.42558,0.5770385958654284,0.23078119312259424,871420352.0,,4.0
PEGA,False,89.53107195042438,"graham_current_ratio,graham_earnings_stability,graham_pe_times_pb",5611141120.0,19.392046,10.008798,1.059,0.12851,0.54693,0.7586326591866708,0.15070351217656883,507401984.0,0.0034999999999999996,3.0
TDC,False,87.56232503650888,graham_current_ratio,2736989952.0,6.1957893,4.6353755,0.915,0.16695000000000002,1.19116,0.5935057125676488,0.1232711966325917,348500000.0,,4.0
SNDK,False,87.21479120705091,"graham_earnings_stability,graham_pe,graham_pe_times_pb",260617043968.0,24.108627,16.853737,2.29,0.012769999999999998,0.9164,0.7147372580007902,0.61186290003951,7720875008.0,,1.0
YOU,False,86.94887595242857,"graham_current_ratio,graham_earnings_stability,graham_pe,graham_pe_times_pb",5270614016.0,26.22635,21.480352,1.04,0.45141,1.19174,0.66656,0.207018591685641,418440384.0,0.0149,3.0
QLYS,False,86.76376010940217,"graham_current_ratio,graham_pe,graham_pe_times_pb",6092179456.0,30.572916,10.8536215,1.384,0.09498,0.38592,0.828480478236503,0.3317048384083691,244382624.0,,4.0
PTC,False,86.5157410403958,"graham_current_ratio,graham_pe_times_pb",15012383744.0,13.419495,4.4147863,1.025,0.46335,0.35053003,0.8375515565345831,0.35863597965264643,1031425152.0,,4.0
CARG,False,86.04540633830325,graham_pe_times_pb,2813831168.0,16.283504,11.974981,1.85,0.7003499999999999,0.53470004,0.9278186950098127,0.2695153145604093,241320752.0,,4.0
APAM,False,85.94305360289638,graham_pe_times_pb,2566521088.0,8.6690645,6.110548,3.007,0.57111,0.64552003,0.45593,0.3339475285120265,291218624.0,0.0967,4.0
FHI,False,85.7304307100575,graham_pe_times_pb,4329923072.0,10.779739,3.3071966,2.592,0.32354,0.31137,0.69044,0.2853848832346752,371463872.0,0.025099999999999997,4.0
GEN,False,85.00000000000001,"graham_current_ratio,graham_debt_to_equity,graham_pe_times_pb",13207822336.0,12.903509,4.9763193,0.466,3.07831,0.41944,0.7846,0.424,1547124992.0,0.0217,4.0
NEM,False,84.3156424694959,"graham_earnings_stability,graham_pe_times_pb",127707504640.0,15.283732,3.6418269,2.546,0.15807000000000002,0.25905,0.68041,0.51569,8815875072.0,0.0086,2.0
ALL,False,83.71084933333334,"graham_current_ratio,graham_earnings_stability",57714827264.0,4.5714,1.8290582,0.363,0.22261,0.46113998,0.36800998,0.22827,15158625280.0,0.019,2.0
AMP,False,82.82507322017332,graham_pe_times_pb,44025716736.0,12.481968,6.9247923,2.182,0.67578,0.63432,0.54932,0.30719998,2903124992.0,0.013999999999999999,4.0
APA,False,82.66614999999999,graham_current_ratio,14905704448.0,8.975739,2.1249125,0.946,0.48854,0.26659,0.78255,0.56331,2146749952.0,0.0229,4.0
PRI,False,82.51435,graham_pe_times_pb,8508244992.0,11.115601,3.385566,3.73,0.71521,0.32966,0.72097,0.31542,1038982144.0,0.0175,4.0
IDCC,False,82.43948253542285,"graham_pe,graham_pe_times_pb",8511853568.0,38.804707,7.080391,1.743,0.33401000000000003,0.26403,0.82498,0.5525715964341169,600847744.0,0.0091,4.0
ZTS,False,82.30775983152239,"data_missing:price_to_book,graham_debt_to_equity",29134329856.0,11.501631,,3.084,2.9399599999999997,0.64911,0.71738,0.40721,2016999936.0,0.0302,4.0
TROW,True,81.81879755558789,,22515488768.0,10.59739,2.0463755,4.039,0.03702,0.19399999,0.9985236428059223,0.2992289604637174,2023912448.0,0.0499,4.0
NFLX,False,81.46990152810189,"graham_current_ratio,graham_pe,graham_pe_times_pb",295827079168.0,22.341194,9.81149,1.142,0.55236,0.49541,0.3634414152008206,0.29494704605507255,25387552768.0,,4.0
KNSL,False,81.42671666666666,"graham_current_ratio,graham_pe_times_pb",7565512192.0,13.474037,3.7174852,0.194,0.11033,0.30268,0.31142,0.40678,982102720.0,0.0029,4.0
HLNE,False,81.10220921869139,graham_pe_times_pb,5771270144.0,13.1065445,3.9267635,4.111,0.21558,0.32416,0.6066,0.45933998,231402752.0,0.0281,4.0
INCY,False,80.80853318164804,graham_pe_times_pb,25189246976.0,15.830573,3.9365811,4.593,0.00603,0.30667,0.55659,0.2946484526501573,1180664576.0,,4.0
BMY,False,80.64505289896535,"graham_debt_to_equity,graham_earnings_stability,graham_pe_times_pb",127628812288.0,13.762115,5.718993,1.532,2.01859,0.46598998,0.7231055082553272,0.34418,8114375168.0,0.040999999999999995,1.0
GDDY,False,79.75800471468102,"data_invalid_outlier:debt_to_equity,graham_current_ratio,graham_debt_to_equity,graham_pe_times_pb",12316488704.0,14.450223,1834.9056,0.632,573.3433,4.42861,0.63802,0.2276867766758902,1204950016.0,,4.0
RNR,False,79.39093333333334,"graham_current_ratio,graham_earnings_stability",13575003136.0,5.665973,1.2339199,1.352,0.12211,0.21475,0.45349,0.41674,2787289856.0,0.005,3.0
NVDA,False,79.37880748124869,"graham_pe,graham_pe_times_pb",5431384604672.0,28.436157,23.719286,4.589,0.16971,1.17211,0.7106808435754708,0.6038168363141272,41809874944.0,0.0045000000000000005,4.0
LVS,False,79.2779771507589,"graham_current_ratio,graham_debt_to_equity,graham_pe_times_pb",25237676032.0,15.102714,43.43924,0.997,17.03902,1.22869,0.79335,0.21648613351770762,2212875008.0,0.031,4.0
NMIH,True,79.2073,,3100479744.0,8.114174,1.1484133,2.029,0.15753,0.15427,0.76384,0.76672995,329759616.0,,4.0
WH,False,79.16019049161179,"graham_current_ratio,graham_debt_to_equity,graham_pe,graham_pe_times_pb",5167320064.0,25.22826,10.879687,0.988,5.57292,0.39429,0.62835,0.2813156053184045,362375008.0,0.0248,4.0
LULU,True,78.87019378953664,,11114179584.0,8.262551,2.3400931,2.19,0.44689,0.30898002,0.566005440167168,0.19910786662583538,1148515840.0,,4.0
SEZL,False,78.80022508850314,"graham_earnings_stability,graham_pe,graham_pe_times_pb",3772612096.0,23.886993,16.189306,4.017,0.52416,0.88851,0.74967,0.39262101941240873,100542000.0,,3.0
CNX,False,78.56619999999998,"graham_current_ratio,graham_earnings_stability",4876221952.0,5.341977,1.0141226,0.716,0.49137000000000003,0.21249,0.73616,0.62878,437116736.0,,1.0
MTG,False,78.50679999999998,munger_roe,5822468608.0,8.870313,1.1697437,4.964,0.12903,0.13923,0.92607003,0.80851996,518861888.0,0.023700000000000002,4.0
ADMA,False,78.0747839468576,"graham_earnings_stability,graham_pe_times_pb",2126734464.0,13.564286,5.2429595,6.972,0.49935,0.41897,0.5738543592075629,0.37525114029946705,54755376.0,,2.0
PAYX,False,78.0454981190074,"graham_current_ratio,graham_debt_to_equity,graham_pe,graham_pe_times_pb",36164055040.0,20.156746,9.671554,1.277,1.24704,0.47055,0.74391997,0.3855190417690418,1887112448.0,0.046900000000000004,4.0
PLTR,False,77.96551576804129,"graham_earnings_stability,graham_pe,graham_pe_times_pb",460197724160.0,163.6795,47.075962,7.228,0.02139,0.38097,0.8236651721415028,0.3159495165398041,2159104512.0,,3.0
INTU,False,77.8033400117227,graham_pe_times_pb,73848135680.0,16.78861,3.9051003,1.507,0.4434,0.23596,0.80982,0.2743379336068631,6353625088.0,0.0199,4.0
ESNT,False,77.69319999999999,munger_roe,5727828992.0,9.052557,1.0113786,1.791,0.08757,0.12009,0.76005995,0.6575,690249472.0,0.0218,4.0
ACT,False,77.57995000000001,"graham_current_ratio,munger_roe",6441109504.0,9.883966,1.199406,0.922,0.13812,0.12869,0.73177004,0.73258,521546880.0,0.0203,4.0
AGX,False,77.50811194956768,"graham_pe,graham_pe_times_pb,munger_gross_margin",5105600000.0,28.72218,10.075585,1.501,0.02154,0.39847,0.20503575035517455,0.1426001952136658,467822016.0,0.0078000000000000005,4.0
WDC,False,77.48434949454742,"data_missing:price_to_book,graham_current_ratio,graham_earnings_stability",164689690624.0,16.961939,,1.329,0.13436,1.30853,0.4885053022679774,0.34468612121681247,2268750080.0,0.0013,2.0
LOPE,False,77.38800398788406,graham_pe_times_pb,3830647808.0,17.706625,5.6859593,2.818,0.15564999999999998,0.30979002,0.53271,0.24040973898577847,205755248.0,,4.0
HRMY,False,77.29417464093447,graham_pe_times_pb,2397009920.0,13.320389,2.3939974,3.479,0.16030999999999998,0.20456,0.771614583633196,0.2400463813240325,182835504.0,,4.0
TPL,False,77.26295,"graham_pe,graham_pe_times_pb,munger_fcf",23520366592.0,43.43949,14.063596,4.552,0.01077,0.36566,0.93336,0.741879752941029,-32836124.0,0.0070999999999999995,4.0
GOOG,False,77.25790462043048,graham_pe_times_pb,4171019321344.0,17.112392,6.700919,2.724,0.18859,0.48676,0.60897,0.32032638592380025,22665000960.0,0.0026,4.0
GOOGL,False,77.24629403399186,graham_pe_times_pb,4206975254528.0,17.259909,6.758684,2.724,0.18859,0.48676,0.60897,0.32032638592380025,22665000960.0,0.0026,4.0
ADSK,False,77.23265851797932,"graham_current_ratio,graham_debt_to_equity,graham_pe,graham_pe_times_pb",44228579328.0,27.44747,13.073454,0.855,1.09518,0.53854,0.9097973910630031,0.2189841798501249,3157499904.0,,4.0
V,False,77.2102289246716,"graham_current_ratio,graham_pe,graham_pe_times_pb",690876121088.0,31.346252,19.50212,0.985,0.67821,0.6119,0.97725,0.59985,20404000768.0,0.0073,4.0
FTNT,False,77.12602201879702,"graham_current_ratio,graham_pe,graham_pe_times_pb",128275161088.0,61.996456,82.701035,1.282,0.36194000000000004,1.17442,0.8045620330607682,0.3065915642096594,2265587456.0,,4.0
INSW,True,77.06500738259831,,5231745024.0,6.7535167,2.3089955,5.944,0.28815,0.37412,0.725,0.40956264778217055,69650376.0,0.078,4.0
BLKB,False,76.83963501340858,"graham_size,graham_current_ratio,graham_debt_to_equity,graham_earnings_stability,graham_pe_times_pb",1973334400.0,13.585937,29.080267,0.828,17.27037,1.94448,0.5878346102546606,0.1690534534481307,214087872.0,,1.0
FTDR,False,76.79616353651558,"graham_debt_to_equity,graham_pe_times_pb",5124284416.0,19.62533,18.14589,1.591,4.16901,1.01859,0.5527950310559007,0.28217,333624992.0,,4.0
IT,False,76.76581711289447,"data_missing:debt_to_equity,graham_current_ratio,graham_pe_times_pb",11906739200.0,16.955936,-72.57506,0.88,,1.13581,0.6877113401934918,0.15786906596753753,1052553024.0,,4.0
DUOL,False,76.72362458900226,"graham_earnings_stability,graham_pe_times_pb",6685646336.0,16.940968,4.755734,2.719,0.0611,0.3442,0.7223062310799363,0.13065867120796384,300198016.0,,3.0
MEDP,False,76.5526852339807,"graham_current_ratio,graham_pe,graham_pe_times_pb",17071606784.0,35.978237,39.34577,0.732,0.33216,1.6215401,0.7235,0.21141720489093105,510396512.0,,4.0
CF,True,76.46898413627089,,17335783424.0,8.497775,3.0210724,4.86,0.40503999999999996,0.29867,0.3845285149632976,0.3246753246753247,1276749952.0,0.0203,4.0
PRDO,False,76.44210293813468,graham_size,1915483776.0,11.130909,1.8535788,4.692,0.11009000000000001,0.17554002,0.79890996,0.23165220022314253,184656128.0,0.0215,4.0
VCTR,False,76.30792572134688,graham_pe_times_pb,6738373632.0,19.918182,2.839775,2.066,0.42615000000000003,0.19045,0.57335997,0.36629021131877276,520321760.0,0.0189,4.0
MANH,False,76.22728635083696,"graham_current_ratio,graham_pe,graham_pe_times_pb",12042308608.0,59.35057,76.439674,0.983,0.34209,0.96378,0.5581,0.25874058620740675,321116384.0,,4.0
CRUS,False,75.95437418022007,graham_pe_times_pb,6029518336.0,14.707519,2.772318,7.583,0.0596,0.20903999,0.5277776526137503,0.2304920598444261,450997248.0,,4.0
ADEA,False,75.87591767489302,"graham_earnings_stability,graham_pe,graham_pe_times_pb",2804424192.0,23.330275,5.8756933,3.247,0.82832,0.27878,1.0,0.3946967202392498,195100624.0,0.008,3.0
TPR,False,75.7539762415528,"graham_debt_to_equity,graham_pe_times_pb",22574129152.0,15.572902,32.77794,1.752,5.71608,1.97135,0.7782164363709053,0.2391744334224532,1399924992.0,0.0165,4.0
CINF,False,75.68008333333333,"graham_current_ratio,graham_earnings_stability",24993900544.0,7.6888576,1.4984772,1.151,0.05255,0.21484,0.31066,0.37202,2984875008.0,0.0232,3.0
AVGO,False,75.59676713882224,"graham_pe,graham_pe_times_pb",1685806907392.0,45.626602,16.91169,2.504,0.59604,0.44245,0.6776652527118193,0.3988917933225852,30596499456.0,0.0074,4.0
HRB,False,75.59209401655906,"graham_current_ratio,graham_debt_to_equity,graham_pe_times_pb",5188262400.0,7.397188,44.492603,1.133,17.894190000000002,7.13542,0.4433,0.2523599714974895,624796864.0,0.0432,4.0
ANF,False,75.55365895515854,"graham_current_ratio,graham_pe_times_pb",5746038784.0,11.693438,4.2420354,1.407,0.93997,0.40609002,0.6292023434610927,0.13275811519756214,435861760.0,,4.0
EXPE,False,75.44259243098583,"graham_current_ratio,graham_debt_to_equity,graham_pe_times_pb",31826255872.0,16.666878,26.319605,0.801,2.30271,0.89489,0.90433,0.12699382338966944,3434374912.0,0.0073,4.0
CPAY,False,75.41729059989815,"graham_current_ratio,graham_debt_to_equity,graham_pe,graham_pe_times_pb",26291089408.0,24.341337,7.422378,0.972,2.75291,0.29215,0.80539,0.44035568389120844,1946175872.0,,4.0
EOG,True,75.28948370521071,,73654386688.0,10.936137,2.315786,1.851,0.25891,0.22507,0.62636,0.28212265818310356,4478750208.0,0.0286,4.0
FSLR,False,75.25331840321434,graham_earnings_stability,19036125184.0,10.920469,1.8445086,2.518,0.018799999999999997,0.18509,0.4062437732020073,0.30594921691788446,1598684800.0,,3.0
FIZZ,False,75.10685491492033,graham_pe_times_pb,2783182848.0,15.9838705,7.4679728,2.392,0.15983,0.4012,0.370387750814873,0.19491729292737633,131415752.0,,4.0
DOCS,False,74.76431124863801,"graham_pe,graham_pe_times_pb",4705693696.0,32.19512,5.1825676,6.078,0.01056,0.17206,0.8909442780869735,0.3332800920505596,239703872.0,,4.0
EQT,False,74.68673008823181,"graham_current_ratio,munger_roe",31848148992.0,11.813226,1.2608652,0.673,0.19594999999999999,0.11078,0.80748004,0.37593008777782033,2460903936.0,0.0127,4.0
MGY,True,74.62607771343991,,6636633088.0,10.550219,2.0448582,1.583,0.19243,0.20854001,0.8222,0.33478116698237975,332475744.0,0.026699999999999998,4.0
IDXX,False,73.92855309970471,"graham_current_ratio,graham_pe,graham_pe_times_pb",40736931840.0,36.882313,25.29176,1.172,0.67971,0.74211,0.6179747110743262,0.316014212879981,909368384.0,,4.0
LAMR,False,73.8529698771639,"graham_current_ratio,graham_debt_to_equity,graham_pe,graham_pe_times_pb",14566286336.0,26.127506,14.831973,0.627,5.0011399999999995,0.59433,0.67430997,0.33283,558694400.0,0.045899999999999996,4.0
LRCX,False,73.82972148112982,"graham_pe,graham_pe_times_pb",393377775616.0,54.768295,31.541084,2.629,0.33049,0.65066004,0.5046900724797688,0.35294212594408997,3090484480.0,0.0043,4.0
QCOM,False,73.79519003170789,"graham_pe,graham_pe_times_pb",218284867584.0,23.383867,7.81041,2.016,0.5521,0.33754003,0.54226,0.27899467076144885,10241000448.0,0.0189,4.0
ABNB,False,73.56991011836122,"graham_current_ratio,graham_pe,graham_pe_times_pb",93689651200.0,35.72285,11.836454,1.408,0.32004,0.34542,0.82901,0.20782615799362797,3206874880.0,,4.0
MA,False,73.5155315918259,"graham_current_ratio,graham_debt_to_equity,graham_pe,graham_pe_times_pb",497950425088.0,31.28399,88.87275,1.061,4.39583,2.41202,1.0,0.5762861760849013,16961250304.0,0.0060999999999999995,4.0
CHH,False,73.45852355718314,"graham_current_ratio,graham_debt_to_equity,graham_pe_times_pb",4645544960.0,14.463173,32.16063,0.926,14.817260000000001,5.66362,0.90328,0.28081222800951655,212277504.0,0.011399999999999999,4.0
RLI,False,73.43921892157658,"graham_current_ratio,graham_pe_times_pb",5112671744.0,11.703781,2.9179761,1.06,0.18189,0.25164,0.35513002,0.36861,316104256.0,0.0128,4.0
SPG,False,73.33914964330756,"graham_current_ratio,graham_debt_to_equity,graham_pe_times_pb",77803831296.0,14.463655,15.090936,0.266,5.03504,1.20508,0.81426,0.49892269705185244,2595271168.0,0.0435,4.0
WEX,False,73.33584679151275,"graham_current_ratio,graham_debt_to_equity,graham_pe_times_pb",6145255424.0,18.012987,4.5996275,1.045,3.98423,0.3019,0.73232,0.24951142513529764,1331299968.0,,4.0
BOX,False,73.02844236297794,"graham_current_ratio,graham_debt_to_equity,graham_pe,graham_pe_times_pb",4335544320.0,46.47059,-12.348574,1.059,3.7952,0.70227,0.7921882552008787,0.0706636551361517,378295360.0,,4.0
MCO,False,72.94224177054186,"graham_current_ratio,graham_debt_to_equity,graham_pe,graham_pe_times_pb",81183784960.0,30.127249,26.83804,1.19,2.4068199999999997,0.76932,0.74974996,0.4341798393366157,2579124992.0,0.0088,4.0
RMD,False,72.94219848978105,"graham_pe,graham_pe_times_pb",32082100224.0,21.323364,4.87127,3.1,0.12542,0.24269,0.6105551961875267,0.33372849076217803,939248256.0,0.011899999999999999,4.0
APP,False,72.59273276472406,"graham_debt_to_equity,graham_earnings_stability,graham_pe,graham_pe_times_pb",104703942656.0,23.974998,33.03742,4.3,1.1113,2.03686,0.88464,0.757549422821868,3179956224.0,,3.0
PAYC,False,72.50546299099659,"graham_current_ratio,graham_debt_to_equity,graham_pe,graham_pe_times_pb",9939644416.0,23.336508,16.78566,1.074,1.71969,0.41089,0.8316518009455574,0.27645367256421505,423724992.0,0.0068000000000000005,4.0
CART,False,72.50214624341451,"graham_earnings_stability,graham_pe,graham_pe_times_pb",10093402112.0,23.825134,4.3757524,2.279,0.01348,0.16001,0.7370390165686799,0.13308391234633885,917875008.0,,2.0
RDDT,False,72.3295308509453,"graham_earnings_stability,graham_pe,graham_pe_times_pb",29275054080.0,35.303947,8.90658,10.486,0.00635,0.30712,0.91442,0.20067323312626617,678068736.0,,1.0
BKE,False,72.2505283188659,graham_pe_times_pb,2163522048.0,9.677419,4.348276,2.083,0.8618000000000001,0.45764,0.4899374727912254,0.2014462547242138,131653504.0,0.0337,4.0
MSFT,False,72.23566693042504,"graham_current_ratio,graham_pe,graham_pe_times_pb",3850962206720.0,28.924149,8.706623,1.23,0.29118,0.34039003,0.6794409337058032,0.4678081840892722,16545500160.0,0.0079,4.0
GPOR,False,72.23202162207767,"graham_current_ratio,graham_earnings_stability",2758152704.0,5.932674,1.5094066,0.576,0.5047999999999999,0.27411,0.68134004,0.4220660587115128,102005000.0,,1.0
DXCM,False,72.01196096132799,"graham_pe,graham_pe_times_pb",32883216384.0,34.442688,12.545349,1.733,0.5334599999999999,0.38491002,0.601008151008151,0.19558129558129558,1021162496.0,,4.0
COCO,False,71.93964064910094,"graham_pe,graham_pe_times_pb",3391418112.0,32.381218,8.390838,3.356,0.03508,0.31370002,0.41127998,0.29209998,104597248.0,,4.0
NSSC,False,71.91627744777055,"graham_size,graham_pe,graham_pe_times_pb",1272998656.0,29.658333,6.664794,4.899,0.02711,0.2393,0.5920984993772119,0.22557780897210306,50773248.0,0.0171,4.0
APPF,False,71.8390692262612,"graham_earnings_stability,graham_pe,graham_pe_times_pb",7208420352.0,46.362186,13.700189,3.831,0.06799000000000001,0.3209,0.63532,0.16082610625332608,198919872.0,,3.0
TER,False,71.80863764911327,"graham_pe,graham_pe_times_pb",62439370752.0,54.784637,19.88647,2.125,0.02883,0.36465,0.582235431457569,0.20377620983415798,437381248.0,0.0013,4.0
ULS,False,71.68011667784211,"graham_current_ratio,graham_pe,graham_pe_times_pb",13270767616.0,26.504034,8.320253,1.425,0.29383,0.38712,0.50413,0.17097936455944973,420500000.0,0.0088,4.0
ACGL,False,71.58950465476191,graham_current_ratio,32399704064.0,7.4295774,1.389824,0.589,0.17836,0.19936001,0.38758,0.26584998,4302125056.0,,4.0
PGR,False,71.52014523809524,"graham_current_ratio,graham_pe_times_pb,munger_gross_margin",118877536256.0,10.27697,3.466062,0.293,0.24428,0.34943,0.18521,0.18208,15114500096.0,0.002,4.0
RELY,False,71.4860749984969,"graham_earnings_stability,graham_pe_times_pb",4548032000.0,15.456835,4.0355,3.181,0.03396,0.32246,0.61548,0.04737678019162803,196120992.0,,1.0
AMAT,False,71.44242340156369,"graham_pe,graham_pe_times_pb",385422491648.0,41.976234,15.040259,2.423,0.28666,0.41068,0.4867456288776086,0.2921954314720812,3075375104.0,0.0045000000000000005,4.0
BYD,False,71.3223563762339,"graham_current_ratio,graham_debt_to_equity",5153448448.0,3.1468499,2.0739765,0.774,1.3047,0.93084997,0.59126,0.18289540856537004,283961504.0,0.0111,4.0
RRC,False,71.31460401783232,graham_current_ratio,9036386304.0,10.682321,1.9189161,0.649,0.21589,0.19475001,0.52119,0.36101002,454483360.0,0.0102,4.0
LYFT,False,71.26263333333334,"graham_current_ratio,graham_earnings_stability",5661069312.0,2.1768558,1.8754703,0.586,0.42738,1.52579,0.3802,-0.02982365674882656,1153134464.0,,2.0
YELP,False,71.17099803585032,graham_size,990039808.0,8.814011,1.6164615,1.749,0.19131,0.18190001,0.89647,0.12595677000317415,283744640.0,,4.0
RRR,False,71.06252524940119,"graham_current_ratio,graham_debt_to_equity,graham_pe_times_pb",5191175680.0,17.985867,17.230873,0.677,12.456679999999999,1.08938,0.67221,0.2970082272631685,173044752.0,0.0202,4.0
CROX,False,71.03036610579585,"graham_current_ratio,graham_debt_to_equity,graham_earnings_stability,graham_pe_times_pb",6072243712.0,11.237799,4.402767,1.49,1.21993,0.42299998,0.5833360350458726,0.037002737432891314,533888736.0,,0.0
KTB,False,71.01518405130452,"graham_debt_to_equity,graham_pe_times_pb",3551938560.0,13.1558695,5.7421803,1.831,2.05768,0.49523997,0.49308997,0.10683987341932766,440592512.0,0.0329,4.0
HALO,False,70.90442513395561,"graham_debt_to_equity,graham_pe,graham_pe_times_pb",12948986880.0,33.457478,90.61954,2.709,15.17687,1.73674,0.76271003,0.3358172032154981,337308640.0,,4.0
AAMI,False,70.89948023665697,"graham_current_ratio,graham_debt_to_equity,graham_pe,graham_pe_times_pb",3351332864.0,33.367493,36.431328,1.048,1.9331800000000001,1.0676999,0.40853,0.23434450949086394,231087504.0,0.0043,4.0
UNP,False,70.8077737957288,"graham_current_ratio,graham_debt_to_equity,graham_pe,graham_pe_times_pb",162245001216.0,22.095875,8.3497925,0.986,1.50772,0.39696,0.56285,0.40171358629130965,4720750080.0,0.0207,4.0
ORI,False,70.77869242857142,graham_current_ratio,9104435200.0,8.34292,1.4892777,0.294,0.37518,0.18571,0.63918,0.17448999,1418687488.0,0.0332,4.0
DOCU,False,70.72875563973999,"graham_current_ratio,graham_earnings_stability,graham_pe,graham_pe_times_pb",12647688192.0,41.262196,7.409394,0.643,0.10654,0.17803,0.7940481441217581,0.09274079826059947,1312730880.0,,3.0
GGG,False,70.72566197739087,"graham_pe,graham_pe_times_pb",12598387712.0,24.462263,4.9939013,2.992,0.0207,0.21240999,0.5245376472544984,0.27935074783019254,536623264.0,0.015300000000000001,4.0
FDS,False,70.58099172562102,"graham_current_ratio,graham_pe_times_pb",9730376704.0,18.011192,4.816386,0.683,0.7728400000000001,0.27032,0.51382,0.3223015589977896,621161344.0,0.0171,4.0
LNTH,False,70.47374963721097,"graham_pe,graham_pe_times_pb",6520192512.0,23.88756,4.9679084,3.06,0.47642,0.22215,0.6110187472958448,0.2016282987450125,451656000.0,,4.0
PCTY,False,70.44426634881079,"graham_current_ratio,graham_pe,graham_pe_times_pb",7990974976.0,29.275864,6.5423145,1.089,0.10887000000000001,0.21972999,0.691855705838451,0.2179118919950365,359865120.0,,4.0
AON,False,70.37457674334676,"graham_current_ratio,graham_debt_to_equity,graham_pe_times_pb",59145682944.0,15.370678,6.158592,1.033,1.6348099999999999,0.44699,0.48154,0.2528374367033351,3190874880.0,0.011899999999999999,4.0
NBIX,False,70.34784587858671,"graham_pe,graham_pe_times_pb",14020979712.0,20.165936,3.7942178,1.872,0.12497,0.22089,0.6448,0.2164306939346268,638237504.0,,4.0
AMGN,False,70.28703794965345,"graham_current_ratio,graham_debt_to_equity,graham_pe,graham_pe_times_pb",222862032896.0,25.57227,19.066835,1.371,4.90281,0.91473,0.71891,0.24706810699028597,8645624832.0,0.0248,4.0
MNST,False,70.2325171920648,"graham_pe,graham_pe_times_pb",84288208896.0,39.837963,9.001046,3.729,0.00992,0.25704,0.5584764218214752,0.29168723791625206,1681231104.0,,4.0
LTC,False,70.13949999999998,"graham_pe_times_pb,munger_roe",2309853440.0,15.303571,2.1826608,20.833,0.581,0.11806,0.60456,0.7788658342654097,256029248.0,0.0526,4.0
ADP,False,70.07788847434348,"graham_current_ratio,graham_pe,graham_pe_times_pb",104678735872.0,24.063927,17.38012,1.051,0.9143600000000001,0.72239,0.48653,0.23459,5243049984.0,0.0258,4.0
MU,False,70.07494503053458,"graham_earnings_stability,graham_pe,graham_pe_times_pb",1225306931200.0,24.55137,12.160792,3.425,0.0633,0.66638,0.39790786023864305,0.2613837016426775,7639499776.0,0.0005,2.0
MORN,False,69.9789159308367,"graham_current_ratio,graham_debt_to_equity,graham_pe_times_pb",7416433152.0,19.175556,7.2441463,1.056,1.86052,0.3196,0.62240005,0.21533428746677571,497800000.0,0.0102,4.0
ACAD,False,69.97253467128648,graham_earnings_stability,3559832064.0,9.264574,2.721644,3.388,0.05652,0.35743,0.9426818843203196,0.09781662241426778,68647000.0,,2.0
AMT,False,69.73818318267841,"graham_current_ratio,graham_debt_to_equity,graham_pe,graham_pe_times_pb",78472339456.0,23.133242,21.09608,0.352,4.38721,0.33914003,0.73774004,0.45523551847885313,2920012544.0,0.042800000000000005,4.0
WU,False,69.71037242604513,"graham_size,graham_current_ratio,graham_debt_to_equity",1927411968.0,4.983871,2.1063395,0.277,2.94873,0.43975,0.35094002,0.18695534105216383,357275008.0,0.1559,4.0
RH,False,69.66062522608344,"graham_current_ratio,graham_debt_to_equity,graham_pe,graham_pe_times_pb",2352729088.0,21.954948,19.547743,1.122,34.139160000000004,2.80715,0.4136117308929353,0.1370499090252195,263892880.0,,4.0
CL,False,69.60256791308517,"graham_current_ratio,graham_debt_to_equity,graham_pe,graham_pe_times_pb",68341624832.0,33.751972,289.6284,1.026,13.88163,2.67367,0.6010695711902659,0.162201942890786,3458374912.0,0.0248,4.0
RAMP,False,69.50681727667417,"graham_earnings_stability,graham_pe_times_pb",2281027840.0,15.698744,2.3336236,2.657,0.03388,0.16055,0.70709154427141,0.10267178389549045,169467120.0,,1.0
OXY,False,69.48745739858063,"graham_current_ratio,munger_roe",56734420992.0,16.741888,1.6957482,1.411,0.34511000000000003,0.10629,0.73318,0.45443,3788124928.0,0.019299999999999998,4.0
IPAR,False,69.47415426661506,"graham_pe,graham_pe_times_pb",3779042048.0,22.562141,4.3414273,3.31,0.1512,0.19105,0.6367746831600516,0.19077331714350762,215215008.0,0.0276,4.0
VRTX,False,69.35119110380985,"graham_earnings_stability,graham_pe,graham_pe_times_pb",133072060416.0,30.173565,6.5692377,3.185,0.09766999999999999,0.23542999,0.54957,0.3477373284560839,2627887616.0,,1.0
MMM,False,69.20927929440384,"graham_current_ratio,graham_debt_to_equity,graham_earnings_stability,graham_pe,graham_pe_times_pb",87605764096.0,30.172289,29.676798,1.24,4.37937,0.81891996,0.39408,0.18554593554593554,6350125056.0,0.018600000000000002,2.0
PATH,False,69.16070025349103,"graham_earnings_stability,graham_pe_times_pb",6498808320.0,18.61194,3.3342247,2.387,0.04093,0.20027,0.8317467334586718,0.0352421375759668,474257632.0,,1.0
CTAS,False,69.06188796219898,"graham_current_ratio,graham_pe,graham_pe_times_pb",80031244288.0,39.588936,15.377294,1.454,0.52096,0.41375,0.5066945494893322,0.2313863560886911,1623005312.0,0.0105,4.0
ENR,False,69.05336295391143,"graham_size,graham_debt_to_equity,graham_earnings_stability,graham_pe_times_pb",1509379456.0,18.521008,7.428379,2.072,16.88484,0.42183998,0.4174823043316287,0.11987001,194475008.0,0.0541,3.0
NTAP,False,69.00385699027953,"graham_current_ratio,graham_debt_to_equity,graham_pe,graham_pe_times_pb",39040241664.0,28.073446,26.056633,1.242,1.69498,1.14818,0.7854737854737854,0.2683982683982684,1171374976.0,0.0105,4.0
THC,False,68.94478937624858,"graham_current_ratio,graham_debt_to_equity,graham_pe_times_pb",20596760576.0,9.884081,4.421169,1.406,1.5227600000000001,0.37337002,0.41661,0.1646175504458001,2247875072.0,,4.0
CHTR,False,68.89784649769963,"graham_current_ratio,graham_debt_to_equity",14652719104.0,2.9339058,0.7933325,0.361,4.41578,0.27201998,0.55189997,0.23565925439076935,2198374912.0,,4.0
META,False,68.75095242477916,"graham_pe,graham_pe_times_pb",1914514702336.0,28.338047,7.3305216,2.226,0.42997,0.29848,0.81747,0.41437855159579234,21553625088.0,0.0027,4.0
KRYS,False,68.71660107732534,"graham_earnings_stability,graham_pe,graham_pe_times_pb",10194135040.0,43.105133,7.4997277,8.318,0.00651,0.20124,0.94639,0.41450158044869323,151739744.0,,3.0
CNS,False,68.21218054571183,"graham_pe,graham_pe_times_pb",3802365184.0,22.752308,6.4507546,6.638,0.19326000000000002,0.27329,0.47300997,0.22233683245387523,156940496.0,0.035699999999999996,4.0
KLAC,False,68.14185699293112,"graham_pe,graham_pe_times_pb",245393408000.0,51.237053,38.707287,2.876,0.9688,0.87496,0.61301,0.42486,2624587520.0,0.0049,4.0
TRV,False,68.0959081006424,graham_current_ratio,75502067712.0,9.725684,2.2798498,0.323,0.27378,0.26511,0.34730998,0.13398837123721205,14775124992.0,0.0138,4.0
AAPL,False,67.99563755203309,"graham_current_ratio,graham_pe,graham_pe_times_pb",4963627958272.0,38.95878,46.210613,1.003,0.78445,1.4875101,0.4690516410716045,0.31970799762591884,107721875456.0,0.0032,4.0
WEN,False,67.79864834554023,"data_missing:price_to_book,graham_size,graham_debt_to_equity",1254608128.0,9.969696,,1.897,33.806149999999995,1.08042,0.33111,0.15777179472927216,173339744.0,0.0431,4.0
STZ,False,67.71403994653996,"graham_current_ratio,graham_debt_to_equity,graham_earnings_stability",19382878208.0,10.807619,2.3569486,0.913,1.23205,0.2369,0.5155378050114893,0.29777875041032936,2210487552.0,0.0361,1.0
LLY,False,67.63134457910607,"graham_current_ratio,graham_debt_to_equity,graham_pe,graham_pe_times_pb",1051354136576.0,39.589993,31.02442,1.355,1.6207099999999999,1.02286,0.83399004,0.54222,11065900032.0,0.0059,4.0
RMBS,False,67.56600103574186,"graham_earnings_stability,graham_pe,graham_pe_times_pb",11372198912.0,47.87671,7.75403,9.754,0.014870000000000001,0.17789,0.80357003,0.36671,202302368.0,,3.0
GFF,False,67.50340136594336,"graham_debt_to_equity,graham_earnings_stability,graham_pe,graham_pe_times_pb",4511212544.0,20.533403,34.632046,2.411,10.351759999999999,2.27544,0.4198555830607724,0.08185835615807766,444938752.0,0.0091,3.0
CME,False,67.34922397260928,"graham_current_ratio,graham_pe,graham_pe_times_pb",94623277056.0,22.338709,3.564945,1.018,0.14587,0.15802,1.0,0.6486366285311168,2909012480.0,0.019299999999999998,4.0
WSM,False,67.22660906141402,"graham_current_ratio,graham_pe,graham_pe_times_pb",27345969152.0,23.837782,14.620906,1.447,0.71369,0.54960996,0.46152631239163316,0.1813443534470391,1069320128.0,0.013300000000000001,4.0
DVA,False,67.20763329511857,"graham_current_ratio,graham_debt_to_equity,graham_pe_times_pb",11367565312.0,15.086791,-14.893839,1.467,12.419860000000002,0.88475,0.32364,0.1497914435527666,1042451584.0,,4.0
CDE,False,67.10620109139865,"graham_earnings_stability,graham_pe_times_pb,munger_roe",19751770112.0,16.147058,1.8985277,3.654,0.06851,0.12848,0.56329,0.3415313850461276,796743616.0,0.0021,2.0
LAUR,False,67.04479794886126,"graham_current_ratio,graham_pe_times_pb",5183508480.0,17.02715,4.541395,0.712,0.643,0.29318002,0.36800998,0.2533018396761324,343739264.0,,4.0
WRB,False,67.04367670238096,"data_missing:price_to_book,graham_current_ratio",24770156544.0,13.7294235,,0.406,0.31527,0.20207001,0.43785998,0.16385001,3045504768.0,0.0059,4.0
EBAY,False,67.00160638524636,"graham_current_ratio,graham_debt_to_equity,graham_earnings_stability,graham_pe,graham_pe_times_pb",48100048896.0,22.707981,10.31098,1.019,1.53012,0.46611,0.7145045045045045,0.20513513513513512,1579624960.0,0.0115,3.0
IIPR,False,66.96446965408477,"graham_size,munger_roe",1526211968.0,12.523755,0.8859919,4.581,0.32892000000000005,0.073850006,0.88355005,0.46670301366772576,99872376.0,0.1367,4.0
TXN,False,66.78702364875394,"graham_pe,graham_pe_times_pb",252942204928.0,42.092705,14.042995,4.857,0.78036,0.35176,0.5702409229725144,0.3406288881348264,3545250048.0,0.0225,4.0
FAST,False,66.71145360767012,"graham_pe,graham_pe_times_pb",58252713984.0,43.38889,14.316131,4.18,0.10851000000000001,0.34334,0.45011889518931775,0.2019023230290836,916124992.0,0.0189,4.0
BRO,False,66.68133333333333,"graham_current_ratio,graham_pe_times_pb,munger_roe",20448038912.0,19.523962,1.6026751,1.127,0.63975,0.10023,0.56281,0.41838002,1642749952.0,0.0109,4.0
CVSA,False,66.63288533243386,"graham_current_ratio,graham_pe_times_pb",4136737792.0,16.225634,2.8599331,1.093,0.62613,0.18569,0.57338,0.1961920796690011,323942752.0,,4.0
FFIV,False,66.58976100590046,"graham_pe,graham_pe_times_pb",25361616896.0,36.4715,6.600787,1.665,0.06546,0.1983,0.8141306290785966,0.2480346960822157,717135488.0,,4.0
ACN,False,66.51024594573292,"graham_current_ratio,graham_pe_times_pb",108295389184.0,14.123704,3.3953686,1.339,0.25035,0.24406,0.32013,0.14676657206710142,12089380864.0,0.0368,4.0
WLY,False,66.50685612783425,"graham_current_ratio,graham_debt_to_equity,graham_earnings_stability,graham_pe_times_pb",2395322368.0,12.7385435,3.0073178,0.636,1.7253100000000001,0.25906,0.6779290868250905,0.16513830964946605,275353632.0,0.029300000000000003,2.0
MC,False,66.48103657142858,"data_missing:free_cash_flow,graham_current_ratio,graham_earnings_stability,graham_pe,graham_pe_times_pb",4338177536.0,20.404182,8.57645,1.167,0.40954999999999997,0.41454,0.92286,0.17790002,,0.0451,2.0
PLMR,False,66.45355714285714,"graham_current_ratio,graham_pe_times_pb,munger_gross_margin",3310598656.0,16.788979,3.3345792,0.541,0.30152,0.22226,0.27354,0.23774,569934144.0,0.0143,4.0
IBM,False,66.4292817276393,"graham_current_ratio,graham_debt_to_equity,graham_pe,graham_pe_times_pb",213713764352.0,20.145647,6.2032375,0.791,1.8897,0.34460998,0.5818760642629748,0.16548,12049750016.0,0.0298,4.0
SM,False,66.4115373358094,graham_current_ratio,8038277632.0,5.992021,1.027266,0.615,0.95136,0.16125,0.86457,0.31705770450221943,1472082944.0,0.025099999999999997,4.0
OLED,False,66.38853636115611,"graham_pe_times_pb,munger_roe",3519220736.0,18.492754,2.1018531,8.498,0.01288,0.115159996,0.7631057575110166,0.38206854787269195,111837128.0,0.027200000000000002,4.0
GRMN,False,66.31349507375694,"graham_pe,graham_pe_times_pb",56758431744.0,30.403925,6.2881374,3.028,0.02513,0.21886998,0.5874393538958355,0.25892913951367735,1043656256.0,0.014199999999999999,4.0
SEIC,False,66.21755662161775,graham_pe_times_pb,12656623616.0,18.598766,5.061435,5.059,0.02383,0.27587998,0.3517631598763984,0.2730548394019103,377482240.0,0.009899999999999999,4.0
AOS,False,66.18041117971516,graham_pe_times_pb,7945214976.0,16.284122,4.3137546,1.594,0.36766,0.27133,0.38833481280350896,0.1902250535220093,484612512.0,0.025,4.0
UBER,False,66.04814519956814,"graham_current_ratio,graham_earnings_stability,graham_pe_times_pb",141610696704.0,15.203948,5.1777444,0.843,0.51872,0.3716,0.40752,0.10698425514735567,7244749824.0,,3.0
USLM,False,65.95684883060889,"graham_pe,graham_pe_times_pb",3183260928.0,23.76017,4.5649405,27.543,0.0046700000000000005,0.21354,0.48936084587378964,0.423524456237407,47104248.0,0.0022,4.0
SNA,False,65.94827801713855,graham_pe_times_pb,19133603840.0,18.872192,3.1667464,3.433,0.21594999999999998,0.17932,0.4561907856910732,0.2575008242664029,1109474944.0,0.0265,4.0
AFL,False,65.9470223540827,graham_current_ratio,56834781184.0,12.229233,1.8783966,0.892,0.5336500000000001,0.16908,0.50888,0.21718913270637408,5152249856.0,0.021400000000000002,4.0
JKHY,False,65.9047006091217,"graham_current_ratio,graham_pe,graham_pe_times_pb",10371056640.0,21.252872,5.0512223,1.167,0.03793,0.24040002,0.4276959885180597,0.24958663134118528,352223744.0,0.0165,4.0
EXE,False,65.88800731275799,"graham_current_ratio,graham_earnings_stability,munger_roe",20168611840.0,7.510345,1.0518564,0.959,0.19207000000000002,0.14893,0.47069,0.203810623556582,1466249984.0,0.026000000000000002,1.0
PJT,False,65.82422857142858,"data_missing:free_cash_flow,graham_pe,graham_pe_times_pb",6429622272.0,20.564034,12.376189,1.706,0.42652999999999996,0.37633,0.95252,0.20994,,0.0067,4.0
WDFC,False,65.81772432654735,"graham_pe,graham_pe_times_pb",2652142848.0,30.354837,9.527046,2.654,0.41048,0.33306,0.5505665459648217,0.16741211480922927,68620496.0,0.0207,4.0
CPRT,False,65.79419922879714,graham_pe_times_pb,25658865664.0,17.880646,2.8243148,7.912,0.0097,0.1616,0.4898,0.3236122379471616,885121728.0,,4.0
ODFL,False,65.78118200049755,"graham_pe,graham_pe_times_pb",36292546560.0,33.559616,7.961949,1.889,0.0044,0.24818,0.39566,0.28835,970776000.0,0.0066,4.0
KO,False,65.7626394801204,"graham_current_ratio,graham_debt_to_equity,graham_pe,graham_pe_times_pb",377075400704.0,26.31832,10.432092,1.305,1.1551900000000002,0.42054,0.6162574831563797,0.28706117936630443,5218749952.0,0.0241,4.0
SPGI,False,65.70530009357788,"graham_current_ratio,graham_pe,graham_pe_times_pb,munger_roe",118842728448.0,24.566118,3.7726824,0.954,0.42979999999999996,0.14255,0.70903,0.42240479916536255,5448249856.0,0.0096,4.0
NXPI,False,65.68673411159412,"graham_pe,graham_pe_times_pb",59829731328.0,20.244453,5.2507358,2.04,0.93325,0.27921,0.5473958757844976,0.24834949873665335,3555000064.0,0.0176,4.0
AWI,False,65.53420568765631,"graham_pe,graham_pe_times_pb",6928144384.0,22.456163,7.846544,1.519,0.65589,0.36618,0.40640424481737414,0.2658563672260612,220824992.0,0.0084,4.0
NTCT,False,65.49980109750155,"graham_earnings_stability,graham_pe,graham_pe_times_pb,munger_roe",2869030400.0,24.060976,1.7250273,1.825,0.02404,0.0754,0.7940759666869114,0.12778045380822403,226413504.0,,1.0
ROL,False,65.48060419589238,"graham_current_ratio,graham_pe,graham_pe_times_pb",14422333440.0,27.25,10.089196,0.629,0.78015,0.37008998,0.52366,0.19304928145065872,501737504.0,0.024,4.0
GNTX,True,65.46034463747097,,4733001216.0,11.886244,1.8649344,3.038,0.00441,0.16354999,0.3419956413347784,0.18701083450311676,356785760.0,0.0218,4.0
FIX,False,65.44528729116837,"graham_current_ratio,graham_pe,graham_pe_times_pb,munger_gross_margin",58010812416.0,40.608524,18.00437,1.214,0.11498,0.55292,0.2412640753464128,0.14443428388353266,1841915392.0,0.0022,4.0
MAS,False,65.41159912077771,"data_missing:debt_to_equity,graham_pe_times_pb",13568465920.0,16.039627,-37.1745,1.865,,58.625,0.3542713567839196,0.16503570483998942,897124992.0,0.019,4.0
ENS,False,65.27605,"graham_pe_times_pb,munger_gross_margin",6439085056.0,19.13612,3.2909386,2.795,0.56108,0.18363,0.2976,0.8800231347599768,614659776.0,0.006500000000000001,4.0
UPWK,False,65.24547873151597,"graham_size,graham_current_ratio,graham_earnings_stability",1021085056.0,10.48077,1.8102304,1.424,0.6206900000000001,0.16695,0.77817269708448,0.16414017040203913,156381744.0,,3.0
MKTX,False,65.21374999999999,"graham_pe_times_pb,munger_fcf",5765300736.0,19.384617,4.652748,7.465,0.14275000000000002,0.2314,0.61662996,0.40393586901548917,-457790016.0,0.019,4.0
SSD,False,65.05968615403178,graham_pe_times_pb,7208180736.0,19.263416,3.3895774,3.288,0.21084,0.18722,0.4585053720666253,0.1963577799801784,446386496.0,0.0069,4.0
EPAC,False,65.02230181629281,"graham_size,graham_pe_times_pb",1812257792.0,19.977272,4.2397203,2.67,0.43579999999999997,0.21645,0.5054782063190246,0.2163579451417493,102963752.0,0.0011,4.0
DLB,False,65.00771087219316,"graham_pe,graham_pe_times_pb,munger_roe",5423422976.0,24.6383,2.0986626,3.185,0.0183,0.08758,0.8813072127963947,0.19639248997502093,331846016.0,0.025,4.0
VIRT,False,65.0,"data_missing:free_cash_flow,graham_current_ratio,graham_debt_to_equity",4701569536.0,8.903846,2.514997,1.108,4.15015,0.53617,0.65787005,0.36321,,0.0182,4.0
RL,False,64.85379713358992,"graham_debt_to_equity,graham_pe,graham_pe_times_pb",21008400384.0,22.217707,7.721509,2.045,1.10373,0.37537,0.6986505638055333,0.14532010598311665,880087488.0,0.011399999999999999,4.0
TRNO,False,64.81724167677564,"graham_current_ratio,munger_roe",7218193408.0,17.71123,1.609877,0.62,0.21396,0.0928,0.76206,0.41769,319524640.0,0.034300000000000004,4.0
VEEV,False,64.71371368169576,"graham_pe,graham_pe_times_pb,munger_roe",45501243392.0,46.07049,6.269073,5.458,0.020409999999999998,0.14425,0.7552604425672493,0.2867855429408906,1257709824.0,,4.0
MSI,False,64.70852259157515,"graham_current_ratio,graham_debt_to_equity,graham_pe,graham_pe_times_pb",75807744000.0,36.096928,28.372252,1.099,3.5785,0.91567004,0.5166067454203047,0.25577812018489987,1979000064.0,0.0106,4.0
OGN,False,64.67887312312313,"graham_debt_to_equity,graham_pe_times_pb",3606940672.0,17.608974,3.5852256,1.954,8.50199,0.24037,0.532979407979408,0.20732,490750016.0,0.0058,4.0
FAF,False,64.64292142857143,"graham_current_ratio,munger_roe",6701843968.0,9.444605,1.1911589,0.396,0.49421,0.13846,0.63984,0.15567,2337762560.0,0.037200000000000004,4.0
JNJ,False,64.63285295491814,"graham_current_ratio,graham_pe,graham_pe_times_pb",652166692864.0,31.430895,7.669765,1.089,0.57709,0.25742,0.6787871710212011,0.2919,16885125120.0,0.019799999999999998,4.0
BF-B,False,64.60258459749942,graham_pe_times_pb,11974062080.0,16.835484,3.015717,3.263,0.61502,0.18122,0.6053971486761711,0.25483706720977595,685625024.0,0.0355,4.0
PG,False,64.53461026658384,"graham_current_ratio,graham_pe,graham_pe_times_pb",338506285056.0,22.048412,6.351157,0.677,0.6448999999999999,0.30290002,0.50873,0.22690504641970768,13280874496.0,0.029900000000000003,4.0
PEP,False,64.48968926736389,"graham_current_ratio,graham_debt_to_equity,graham_pe_times_pb",174916304896.0,16.804462,7.9155593,0.934,2.3894900000000003,0.51508,0.541485227575193,0.12241682193239287,7831875072.0,0.0462,4.0
VNT,False,64.45166192360574,"graham_current_ratio,graham_debt_to_equity,graham_pe_times_pb",4233788160.0,12.993775,3.5055416,1.252,1.6099199999999998,0.289,0.44853033538500187,0.18259851736246585,347624992.0,0.0032,4.0
GEV,False,64.40039536721235,"graham_current_ratio,graham_earnings_stability,graham_pe,graham_pe_times_pb,munger_gross_margin",253672095744.0,27.322433,21.21528,0.85,0.28364,0.82577,0.19793527372071032,0.03646106966481034,15722125312.0,0.0021,2.0
EVR,False,64.36697857142858,"data_missing:free_cash_flow,graham_pe_times_pb",10076514304.0,14.761409,5.421262,1.827,0.50183,0.39504,0.93934995,0.16955,,0.0139,4.0
GMED,False,64.35307105783117,"graham_pe_times_pb,munger_roe",10005197824.0,19.058823,2.0979729,4.622,0.02347,0.118140005,0.650505331289736,0.1632620840707046,554194880.0,,4.0
VLTO,False,64.17129433987276,"graham_debt_to_equity,graham_pe,graham_pe_times_pb",23713777664.0,24.439697,7.6699257,1.775,1.15978,0.34312,0.599491186625477,0.2320552425949482,807124992.0,0.0054,4.0
HAS,False,64.00467911600416,"graham_debt_to_equity,graham_earnings_stability,graham_pe_times_pb",12362547200.0,15.540781,17.558092,1.661,5.310420000000001,1.5956,0.63822,0.0020686184982947873,688150016.0,0.0323,0.0
PYPL,False,63.93821632933111,graham_current_ratio,46990467072.0,10.364151,2.388988,1.288,0.7175100000000001,0.24497,0.40477002,0.1828349210177258,4423124992.0,0.0106,4.0
NTNX,False,63.933040127024135,"graham_debt_to_equity,graham_earnings_stability,graham_pe_times_pb",18529998848.0,13.246615,26.370813,1.798,2.16559,374.6021,0.8679715932287734,0.09601040109758213,727732992.0,,2.0
IESC,False,63.887912828241156,"graham_pe,graham_pe_times_pb,munger_gross_margin",12769520640.0,28.509789,10.388032,1.63,0.062329999999999997,0.44522998,0.25493256943266257,0.1137572713132677,329443360.0,,4.0
MLI,False,63.87462231682755,"graham_pe_times_pb,munger_gross_margin",13375944704.0,15.748698,3.7702615,4.775,0.0069099999999999995,0.26325,0.28776,0.22939600775101968,524939744.0,0.011699999999999999,4.0
ADT,False,63.847564750945416,"graham_current_ratio,graham_debt_to_equity",4650009600.0,8.840277,1.342827,0.69,2.23863,0.17212999,0.80657,0.2552156950220596,1197478400.0,0.0346,4.0
LRN,True,63.78870597130817,,3259122944.0,10.983193,1.9733763,5.941,0.33448,0.21735,0.37750969885400826,0.17901211279541843,224867120.0,,4.0
ROP,False,63.78630044402567,"graham_current_ratio,munger_roe",35527172096.0,14.97374,1.8998007,0.553,0.60531,0.13066,0.6924391015501423,0.28287250869977854,2265687552.0,0.01,4.0
ITW,False,63.77882026113239,"graham_current_ratio,graham_debt_to_equity,graham_pe,graham_pe_times_pb",78018109440.0,24.813406,26.957293,1.109,3.3485300000000002,1.04618,0.44162,0.26277736225380205,2432999936.0,0.0253,4.0
FCPT,False,63.66906965823658,"graham_current_ratio,graham_pe,graham_pe_times_pb,munger_roe",2423421440.0,20.072727,1.495631,0.252,0.77616,0.07646,0.85603994,0.55078,189772992.0,0.06860000000000001,4.0
BCO,False,63.579750413630066,"graham_debt_to_equity,graham_pe,graham_pe_times_pb,munger_gross_margin",4433549824.0,24.921297,14.286095,1.62,10.29747,0.46236,0.26431,0.11128639854025697,391237504.0,0.0096,4.0
BRX,False,63.43373642478264,"graham_current_ratio,graham_debt_to_equity,graham_pe_times_pb,munger_roe",8555599872.0,19.914286,2.831319,0.596,1.76202,0.14413,0.7515,0.36018002,603135104.0,0.0444,4.0
LPG,False,63.417049999999996,munger_fcf,2285022976.0,7.0835543,1.8479689,3.256,0.5226299999999999,0.28342,0.72923,0.4364913851793309,-119725848.0,0.062,4.0
EXPD,False,63.39127140057555,"graham_pe,graham_pe_times_pb",24373241856.0,27.292578,11.5065975,1.566,0.26745,0.4267,0.30441130700417124,0.09508945200062625,797562240.0,0.0088,4.0
BX,False,63.3027515,"data_missing:free_cash_flow,graham_current_ratio,graham_pe,graham_pe_times_pb",142252392448.0,26.624163,10.560831,0.872,0.6818500000000001,0.31374002,1.0,0.54357,,0.0446,4.0
FTI,False,63.21906052112698,"graham_current_ratio,graham_earnings_stability,graham_pe,graham_pe_times_pb,munger_gross_margin",27733866496.0,24.727274,8.490815,1.08,0.37898000000000004,0.35814,0.22966999,0.1445844995268107,1463362560.0,0.0028000000000000004,3.0
CSCO,False,63.20151302484929,"graham_current_ratio,graham_pe,graham_pe_times_pb",422684721152.0,32.195194,8.413246,0.931,0.62017,0.27319,0.645242795104619,0.24268456375838926,11182624768.0,0.015700000000000002,4.0
CDNS,False,63.178761884061664,"graham_pe,graham_pe_times_pb",89750577152.0,64.92032,13.087302,1.743,0.38661,0.23229,0.85871005,0.28168961434718853,1609676544.0,,4.0
NATL,False,63.15336647199072,"graham_current_ratio,graham_debt_to_equity,graham_earnings_stability,graham_pe_times_pb,munger_gross_margin",3414777344.0,17.910852,7.350087,1.026,6.342670000000001,0.48529,0.25345,0.10978410656867249,477875008.0,,2.0
CRM,False,63.13401266448784,"graham_current_ratio,graham_debt_to_equity,graham_pe,graham_pe_times_pb",193141637120.0,21.412409,5.0325956,0.839,1.10417,0.19381,0.7767609873570138,0.20062612883804937,17731874816.0,0.0074,4.0
ORCL,False,63.110950394380474,"graham_current_ratio,graham_debt_to_equity,graham_pe,graham_pe_times_pb,munger_fcf",419316596736.0,21.735893,6.783828,1.171,2.51716,0.41192,0.6166874031942716,0.30592217586887777,-45853626368.0,0.0143,4.0
EPR,False,62.999541387900415,"graham_debt_to_equity,graham_pe_times_pb,munger_roe",4327255040.0,18.16238,1.8724103,1.666,1.52233,0.113170005,0.91873,0.576734130801259,337729984.0,0.0655,4.0
OHI,False,62.98398192480739,"graham_current_ratio,graham_pe_times_pb",14713219072.0,16.398577,2.5568752,0.444,0.7147100000000001,0.16529,0.97924006,0.5940215109331094,665501376.0,0.0587,4.0
BR,False,62.89123948508028,"graham_current_ratio,graham_debt_to_equity,graham_pe_times_pb,munger_gross_margin",18737203200.0,17.117708,6.5950956,1.236,1.23939,0.40916002,0.28495904840098524,0.1739514230686925,1194499968.0,0.0268,4.0
SPSC,False,62.855130618965994,"graham_pe,graham_pe_times_pb,munger_roe",2940314368.0,39.26683,3.149948,2.259,0.00672,0.08262,0.6917798284775217,0.15742144097510993,176569376.0,,4.0
COLL,False,62.85486731732921,"graham_size,graham_current_ratio,graham_debt_to_equity,graham_earnings_stability,graham_pe_times_pb",704301632.0,17.889763,2.3671598,1.031,3.90461,0.17612,0.5934878107836995,0.23013527346147095,324038496.0,,3.0
CSL,False,62.76668482083275,"graham_debt_to_equity,graham_pe_times_pb",12934496256.0,18.484108,7.99671,2.6,1.78698,0.39183,0.3562754801717936,0.19970517340982888,669737472.0,0.0159,4.0
MPWR,False,62.644651797896664,"graham_pe,graham_pe_times_pb",67334758400.0,83.39501,17.285194,4.975,0.00486,0.21979,0.551787716644466,0.26111689868942706,444316128.0,0.006,4.0
SOLV,False,62.566218519267146,"graham_current_ratio,graham_debt_to_equity,graham_pe_times_pb",15194170368.0,10.911981,3.1634536,1.021,1.10313,0.33960998,0.5346546546546547,0.26198198198198197,489000000.0,,4.0
LZ,False,62.50084286299341,"graham_size,graham_current_ratio,graham_earnings_stability,graham_pe,graham_pe_times_pb,munger_roe",965077248.0,62.61111,7.4242425,0.667,0.11903000000000001,0.104940005,0.6588024755205723,0.03303515805317952,124770128.0,,3.0
THG,False,62.42703641964611,"graham_current_ratio,munger_gross_margin",7573049856.0,10.40622,2.0668259,0.36,0.22982,0.21885,0.25191,0.1414836831250758,1081224960.0,0.0174,4.0
STRA,False,62.37326351590643,"graham_size,graham_current_ratio,munger_roe",1727081856.0,12.728313,1.0456189,1.096,0.06532,0.08151,0.49056,0.13738231537115012,154841120.0,0.0301,4.0
PSA,False,62.322978483925375,"graham_current_ratio,graham_debt_to_equity,graham_pe,graham_pe_times_pb",53654634496.0,27.425978,10.418707,0.22,1.09632,0.21929,0.730038488535881,0.5333060024103176,2334240256.0,0.042199999999999994,4.0
ANET,False,62.31179665910959,"data_missing:debt_to_equity,graham_pe,graham_pe_times_pb",262599606272.0,66.09841,17.745676,2.957,,0.31476,0.6405609780472368,0.42818437211987964,3891512576.0,,4.0
VSNT,False,62.20995946684894,munger_roe,4600267264.0,5.977396,0.56687415,2.38,0.38869,0.08063,0.56526,0.1901913875598086,1979750016.0,0.044800000000000006,4.0
COP,False,62.20505112396664,"graham_pe_times_pb,munger_roe",153170526208.0,16.8428,2.3438792,1.542,0.35639000000000004,0.1418,0.47574002,0.3151,7691375104.0,0.026000000000000002,4.0
SKT,False,62.202060960882555,"graham_current_ratio,graham_debt_to_equity,graham_pe,graham_pe_times_pb",4168425728.0,31.990824,5.943412,0.743,2.7831099999999998,0.19399999,0.73124003,0.32639998,227820992.0,0.035699999999999996,4.0
ALGN,False,62.18636140684553,"graham_current_ratio,graham_pe,graham_pe_times_pb,munger_roe",10458487808.0,25.514732,2.4781592,1.395,0.02855,0.10155,0.6718803439138491,0.13525647316803818,594111360.0,,4.0
BFS,False,62.16925,"graham_size,graham_current_ratio,graham_debt_to_equity,graham_pe,graham_pe_times_pb,munger_roe",1032666944.0,30.654638,6.6432085,0.624,3.41757,0.09559,0.7389690016212622,0.6738786170443999,84502376.0,0.0791,4.0
YETI,False,62.10945406289312,graham_pe_times_pb,3089251072.0,18.482533,5.0682554,1.751,0.41515,0.25320998,0.5740901496071168,0.11429365039438179,127417000.0,,4.0
TT,False,62.06697176817016,"graham_current_ratio,graham_pe,graham_pe_times_pb",99740909568.0,33.779434,11.581422,1.073,0.5340400000000001,0.36643,0.35389,0.18607159774691748,3121687552.0,0.0096,4.0
CTSH,False,62.0487555117897,munger_roe,25914054656.0,12.345493,1.7980372,2.182,0.14479,0.14924,0.3344,0.1605552397195376,2215500032.0,0.0231,4.0
G,True,62.033081797757774,,5583782912.0,10.039275,2.1435943,1.996,0.54308,0.22447,0.36044401845004576,0.14768206093097888,479428736.0,0.0225,4.0
INSP,False,61.97245624356631,"graham_earnings_stability,graham_pe_times_pb",2033844864.0,15.5298,2.4632354,8.551,0.03524,0.17965001,0.8539169127426997,0.05587177803046335,94637248.0,,2.0
CB,False,61.93501642857143,"graham_current_ratio,munger_roe",128996040704.0,11.844137,1.7107188,0.41,0.30940999999999996,0.14822,0.31129998,0.23527001,10488000512.0,0.012199999999999999,4.0
STX,False,61.909502029239896,"graham_debt_to_equity,graham_earnings_stability,graham_pe,graham_pe_times_pb",208568287232.0,66.17713,95.993195,1.67,1.7988,3.7152898,0.45576,0.33571135711357114,1943750016.0,0.0033,3.0
SHW,False,61.849790418270835,"graham_current_ratio,graham_debt_to_equity,graham_pe,graham_pe_times_pb",80014303232.0,30.434443,20.635136,0.727,3.8995800000000003,0.65124,0.48847685827362847,0.1805360946386198,2506037504.0,0.01,4.0
VRT,False,61.764048139841165,"graham_current_ratio,graham_pe,graham_pe_times_pb",97082466304.0,56.923252,20.403753,1.379,0.70166,0.43943,0.38039002,0.1788580533534052,2696537600.0,0.001,4.0
STRL,False,61.588010269376504,"graham_current_ratio,graham_pe,graham_pe_times_pb,munger_gross_margin",15671415808.0,36.805317,11.584887,1.107,0.24222000000000002,0.40005,0.22984045695486313,0.1630152659646457,349384384.0,,4.0
DV,False,61.58538021925308,"graham_pe,graham_pe_times_pb,munger_roe",2074508800.0,38.24286,1.8948188,4.498,0.10217999999999999,0.05389,0.82434,0.10583850400445816,162146880.0,,4.0
EXPO,False,61.426488774607925,"graham_pe,graham_pe_times_pb",3073378816.0,28.986547,10.645586,1.977,0.27968,0.31204,0.36416999,0.205814636761315,76945872.0,0.0191,4.0
BAH,False,61.42014875380482,"graham_debt_to_equity,graham_pe_times_pb,munger_gross_margin",8738703360.0,11.405024,7.270089,1.595,3.4608999999999996,0.68637,0.2242,0.09209235981100115,860875008.0,0.032,4.0
CCL,False,61.34976316181627,"graham_current_ratio,graham_debt_to_equity,graham_earnings_stability",30522630144.0,10.038288,2.3577023,0.334,2.0155600000000002,0.26689,0.55676997,0.1683945608894899,1899374976.0,0.0207,2.0
POWL,False,61.289607198825344,"graham_pe,graham_pe_times_pb,munger_gross_margin",6894133760.0,36.181644,9.116881,1.971,0.00334,0.28252,0.293738760031078,0.19728013126653735,190403632.0,0.0019,4.0
MCRI,False,61.274295841963934,"graham_current_ratio,graham_pe_times_pb,munger_gross_margin",2081342208.0,18.670418,3.608651,1.207,0.02218,0.20544,0.23388213712451272,0.17625235127380529,131950872.0,0.0102,4.0
DFIN,False,61.130498998556526,"graham_size,graham_current_ratio,graham_pe,graham_pe_times_pb,munger_roe",1200012672.0,31.694807,3.112089,1.326,0.5464600000000001,0.08590999,0.64206004,0.18396349413298566,132825000.0,,4.0
MSA,False,61.04358158656347,"graham_pe,graham_pe_times_pb",7065227776.0,22.86392,5.056881,3.236,0.45911,0.2366,0.4646396922574719,0.1983226069359414,316457248.0,0.011899999999999999,4.0
EME,False,61.02891507126438,"graham_current_ratio,graham_pe,graham_pe_times_pb,munger_gross_margin",33602478080.0,23.724382,8.262453,1.277,0.13432,0.40348998,0.19327130810714582,0.10086985946775608,978281600.0,0.0021,4.0
NXT,False,60.986792242632085,"graham_pe,graham_pe_times_pb",12397846528.0,20.851421,4.7858963,2.689,0.01502,0.27224,0.32592522876110797,0.19589480219925323,324051264.0,,4.0
PIPR,False,60.96836428571428,"data_missing:free_cash_flow,graham_pe_times_pb",5105928192.0,16.763342,3.5552602,2.429,0.11269,0.24528,0.91817003,0.21613,,0.0113,4.0
HIG,True,60.81891741666667,,33753360384.0,8.665507,1.7538106,1.772,0.22329999999999997,0.22061001,0.37868,-0.0707240207915524,5507500032.0,0.0191,4.0
BRC,False,60.80756449253373,graham_pe_times_pb,3929685248.0,19.761793,2.8947005,1.937,0.06158,0.1611,0.51748141059784,0.15857700420988646,166669376.0,0.0121,4.0
AM,False,60.79452621533198,"graham_current_ratio,graham_debt_to_equity,graham_pe,graham_pe_times_pb",9896952832.0,25.120483,5.0878477,0.842,1.8554499999999998,0.19822,0.79644996,0.5424561562941235,432616640.0,0.0424,4.0
VZ,False,60.773253567095374,"graham_current_ratio,graham_debt_to_equity",194942042112.0,12.21875,1.8758996,0.604,1.8408099999999998,0.15842,0.59453,0.2117286943433364,17466624000.0,0.059800000000000006,4.0
PTGX,False,60.697423640865466,"graham_earnings_stability,graham_pe,graham_pe_times_pb,munger_roe",9163986944.0,137.49515,10.8838,21.709,0.01095,0.10985,1.0,0.74372,96145752.0,,0.0
NVR,False,60.686238223610026,"graham_pe_times_pb,munger_gross_margin",16858062848.0,16.36124,4.971127,5.67,0.3215,0.31544,0.2184,0.13889,918313280.0,,4.0
ICE,False,60.66871919484363,"graham_current_ratio,graham_pe,graham_pe_times_pb,munger_roe",86662463488.0,21.772919,2.9305565,1.012,0.69226,0.14094,1.0,0.38995253164556964,3633625088.0,0.013300000000000001,4.0
PRGS,False,60.649014169188156,"graham_size,graham_current_ratio,graham_debt_to_equity,graham_pe_times_pb",1634570880.0,19.347088,3.2534695,0.809,2.6216199999999996,0.18574,0.808166237315037,0.1567653306143904,307682624.0,,4.0
AMG,False,60.62194642604759,graham_pe_times_pb,9779062784.0,13.263943,3.2363539,101.314,0.7609600000000001,0.24257,0.50273,0.48065075921908895,277175008.0,0.0001,4.0
GLPI,False,60.508879302847284,"data_invalid_outlier:gross_margin,graham_debt_to_equity",11524806656.0,11.251462,2.2463515,24.29,1.5571899999999999,0.19354999,1.02151,0.75337920880488,506751744.0,0.0851,4.0
HQY,False,60.460723288318086,"graham_earnings_stability,graham_pe,graham_pe_times_pb,munger_roe",7263229952.0,31.700361,3.6581402,2.993,0.48792,0.11434,0.6952153485266429,0.24550698971927679,397510624.0,,3.0
TGTX,False,60.257331682720604,"graham_debt_to_equity,graham_earnings_stability,graham_pe,graham_pe_times_pb",8793120768.0,20.963503,13.962081,4.267,1.2489,1.0028,0.82372004,0.2001080665339363,59134500.0,,3.0
OUT,False,60.17885036702593,"graham_current_ratio,graham_debt_to_equity,graham_earnings_stability,graham_pe,graham_pe_times_pb",4887753216.0,20.108696,7.050305,0.67,5.7364,0.35024,0.51405,0.16023366271769396,193724992.0,0.044000000000000004,2.0
TDS,False,60.153668416666676,"graham_earnings_stability,munger_roe",4135081984.0,8.98025,1.0093855,3.818,0.23120000000000002,0.11784001,0.59351003,-0.07929038020463977,599447616.0,0.0044,0.0
HIW,False,60.030507285370035,"graham_current_ratio,graham_debt_to_equity,graham_pe,munger_roe",3398345984.0,20.036423,1.4112133,1.05,1.3264799999999999,0.06815,0.67342,0.6757609364455559,270770112.0,0.0666,4.0
GL,False,60.0192310222842,"graham_current_ratio,munger_gross_margin",12897258496.0,11.158577,2.1007009,0.795,0.55675,0.20944999,0.23128671271931717,0.23221740923827355,1163503360.0,0.0079,4.0
GWW,False,59.98785585011285,"graham_pe,graham_pe_times_pb",58821304320.0,31.793152,14.238877,2.805,0.6197699999999999,0.46091,0.3906476424032995,0.1390591907256716,1247750016.0,0.0078000000000000005,4.0
ANIP,False,59.9625766828359,"graham_size,graham_debt_to_equity,graham_earnings_stability,graham_pe_times_pb",1718871424.0,16.37418,2.6853514,2.91,1.0482500000000001,0.20459,0.60403997,0.1257610095928528,132205752.0,,1.0
WWW,False,59.93911785669825,"graham_size,graham_debt_to_equity,graham_earnings_stability,graham_pe_times_pb",1578135552.0,15.0234375,3.5129704,1.549,1.59137,0.27647,0.4730832844261858,0.0801365843248146,131325000.0,0.0207,2.0
UDR,False,59.93825806031503,"graham_current_ratio,graham_debt_to_equity,graham_pe,graham_pe_times_pb,munger_roe",12356294656.0,21.287973,3.7318318,0.178,1.5614400000000002,0.13739,0.66581,0.3233081257734403,779827776.0,0.0516,4.0
DAVE,False,59.92648561053924,"graham_debt_to_equity,graham_earnings_stability,graham_pe,graham_pe_times_pb",4210210304.0,21.281109,20.252178,4.223,1.29139,1.04779,0.71748,-0.04167572689902165,167170368.0,,2.0
CVLT,False,59.748472482947165,"graham_debt_to_equity,graham_earnings_stability,graham_pe,graham_pe_times_pb",6080124928.0,94.04167,116.803345,2.043,17.62992,0.32773998,0.8115047013998598,0.06250792014801172,303740256.0,,3.0
HON,False,59.712624576952464,"graham_current_ratio,graham_debt_to_equity",67146907648.0,8.1453285,3.6223435,1.211,1.85369,0.46577,0.32074026411741274,0.2170557128358528,2610374912.0,0.0132,4.0
BLK,False,59.682869968387806,"graham_pe,graham_pe_times_pb,munger_roe",175945875456.0,25.931574,2.9133463,2.447,0.23192000000000002,0.122779995,0.47152,0.2909233564585398,7578124800.0,0.021400000000000002,4.0
SN,False,59.6295486175063,"graham_pe,graham_pe_times_pb",25349130240.0,36.5551,8.876995,2.08,0.3211,0.27528,0.4901387488537608,0.1438121524168379,638667520.0,,4.0
COLM,False,59.629151261620216,munger_roe,2939513088.0,14.9921665,1.8353257,2.493,0.28798999999999997,0.12658,0.5053119327381834,0.060941303974773285,255117376.0,0.021099999999999997,4.0
NGVT,False,59.62611685485162,"graham_debt_to_equity,graham_earnings_stability,graham_pe,graham_pe_times_pb",2499102976.0,102.38733,53.452206,1.611,26.36034,0.30072,0.395255224391915,0.35859883521754027,88937504.0,,0.0
VLO,False,59.54024893768348,"graham_pe_times_pb,munger_gross_margin",109567918080.0,15.875679,4.3825865,1.636,0.40148000000000006,0.27637,0.16118999,0.12269,8416374784.0,0.0125,4.0
CNK,False,59.526874851640756,"graham_current_ratio,graham_debt_to_equity,graham_earnings_stability,graham_pe,graham_pe_times_pb",4358285824.0,21.005587,8.701689,0.845,5.87527,0.45816,0.49416,-0.16714465408805032,227587504.0,0.0097,3.0
SFM,False,59.43377179679694,"graham_current_ratio,graham_debt_to_equity,graham_pe_times_pb",5945468416.0,12.308881,4.075163,0.992,1.4033799999999998,0.35197,0.38795449866394643,0.0779179662779198,398699872.0,,4.0
RGLD,False,59.422100000000015,"graham_pe,graham_pe_times_pb,munger_roe,munger_fcf",21361586176.0,27.88938,2.8137138,2.924,0.051859999999999996,0.136,0.693207280942404,0.6192964188220726,-189505504.0,0.0075,4.0
PNR,False,59.35214844742709,"graham_current_ratio,graham_pe_times_pb",8576105984.0,13.849227,2.2879589,1.451,0.47067,0.17126,0.4047653256704981,0.20534003831417624,558312512.0,0.0204,4.0
VRRM,False,59.320378950890415,"graham_size,graham_debt_to_equity",490144512.0,11.944444,2.1923862,2.058,4.863980000000001,0.15384,0.55711,0.21494773107633203,43281376.0,,4.0
BMI,False,59.30914326113872,"graham_pe,graham_pe_times_pb",3775102208.0,31.082338,5.5282707,2.422,0.03438,0.1848,0.4168053035848507,0.20009643674938335,128289624.0,0.013500000000000002,4.0
IBP,False,59.26090789436981,"graham_debt_to_equity,graham_pe,graham_pe_times_pb",5344540672.0,21.714903,8.306002,2.983,1.87209,0.38451,0.3397401373367443,0.13006597549481622,289112512.0,0.0079,4.0
EXTR,False,59.189611649667064,"graham_current_ratio,graham_debt_to_equity,graham_earnings_stability,graham_pe,graham_pe_times_pb",2869425664.0,70.03226,32.16296,0.928,2.19625,0.54638,0.6147906696281453,0.04884336390117428,81449504.0,,1.0
REGN,False,59.178476549453904,"graham_pe_times_pb,munger_roe",81383342080.0,19.54686,2.5006247,3.335,0.08535,0.14043,0.44458,0.24945443390109392,3065299968.0,0.004699999999999999,4.0
CVX,False,59.16461175694121,"graham_current_ratio,graham_pe_times_pb,munger_roe",400010149888.0,19.588858,2.1066115,1.252,0.18959,0.12231,0.44267,0.21866,21934000128.0,0.0346,4.0
BSY,False,59.15201687545828,"graham_current_ratio,graham_debt_to_equity,graham_pe,graham_pe_times_pb",9552177152.0,35.133335,8.1536875,0.595,1.05442,0.24517,0.815199173779897,0.2414609606340214,397979616.0,0.0088,4.0
CXM,False,59.08556565394141,"graham_size,graham_earnings_stability,graham_pe,graham_pe_times_pb,munger_roe",1195682432.0,51.5,2.350525,1.555,0.0796,0.043569997,0.674035230984601,0.04694237050863276,100564752.0,,3.0
LMAT,False,59.07913394969532,"graham_size,graham_pe,graham_pe_times_pb",1858355840.0,28.41259,4.420148,16.312,0.45262,0.16774,0.7152947492407914,0.2720811531958878,49263624.0,0.0124,4.0
NHI,False,59.078142869487635,"graham_pe_times_pb,munger_roe",3280822528.0,19.307804,2.0880477,1.817,0.80432,0.10717,0.73925,0.6565420968953649,171983248.0,0.055999999999999994,4.0
AROC,False,59.07609399852155,"graham_current_ratio,graham_debt_to_equity,graham_pe_times_pb",5367101952.0,16.45699,3.4556334,1.394,1.51872,0.22194,0.4857183897630449,0.35931998,241304496.0,0.03,4.0
RSI,False,59.02280410860112,"graham_earnings_stability,graham_pe,graham_pe_times_pb",4827542528.0,63.75806,12.330006,2.116,0.015189999999999999,0.30279,0.34967998,0.07706438839661926,127112000.0,,2.0
DD,False,59.01112857142857,"graham_earnings_stability,graham_pe,graham_pe_times_pb,munger_roe",17777057792.0,56.497856,1.2910566,2.427,0.22902,0.01792,0.9136939010356732,0.14239,1835250048.0,0.0184,0.0
REG,False,58.98547366139315,"graham_current_ratio,graham_pe,graham_pe_times_pb,munger_roe",13623684096.0,24.535355,2.0020883,0.964,0.7197199999999999,0.081870005,0.71539,0.7231565138356407,743363968.0,0.0414,4.0
QTWO,False,58.953750379242834,"graham_current_ratio,graham_earnings_stability,graham_pe,graham_pe_times_pb,munger_roe",3524910848.0,39.80986,5.478775,0.945,0.06361,0.14984,0.5406116438037315,0.050196965560279264,190320000.0,,1.0
CACC,False,58.949,"data_missing:free_cash_flow,graham_debt_to_equity,graham_pe_times_pb",5813851648.0,12.35812,3.6574328,4.833,3.95632,0.31932,0.94652003,0.52556,,,4.0
KEYS,False,58.87295636659318,"graham_pe,graham_pe_times_pb",61992927232.0,49.20811,9.437346,2.024,0.42094000000000004,0.20897,0.63278997,0.16297674418604652,1867124992.0,,4.0
PFE,False,58.87015292538299,"graham_current_ratio,graham_pe,graham_pe_times_pb,munger_roe",161728233472.0,37.335526,1.8982472,1.267,0.74253,0.05014,0.74716,0.27877,12485624832.0,0.0605,4.0
CBOE,False,58.853440043060225,"graham_pe,graham_pe_times_pb",26888898560.0,20.05296,4.785251,1.565,0.2809,0.26297,0.44663765645327713,0.16683863442645014,678249984.0,0.0129,4.0
ULTA,False,58.80332959971699,"graham_current_ratio,graham_pe_times_pb",23341518848.0,19.894497,8.600316,1.345,0.9547199999999999,0.46117002,0.39097025535753765,0.12370001339485283,914087360.0,,4.0
ELS,False,58.75059838740123,"graham_current_ratio,graham_debt_to_equity,graham_pe,graham_pe_times_pb",11829020672.0,28.499712,6.5086493,0.139,1.82359,0.22877,0.53656,0.2555528274460585,603528512.0,0.0364,4.0
TMDX,False,58.658364905617766,"graham_debt_to_equity,graham_earnings_stability,graham_pe,graham_pe_times_pb",2938198272.0,21.952074,5.6641045,6.625,1.67496,0.36285,0.5991900828084176,0.1793296052479463,44496752.0,,2.0
ILMN,False,58.65582271255549,"graham_earnings_stability,graham_pe,graham_pe_times_pb",41592197120.0,47.90348,14.655228,1.796,0.89042,0.32339,0.6608335252129864,0.18581625604420907,797625024.0,,1.0
SBH,False,58.648888948667334,"graham_size,graham_debt_to_equity",1608430976.0,8.947917,1.854891,2.367,1.7389,0.23527999,0.5162197035519303,0.088563212428514,177001248.0,,4.0
SPNT,False,58.64851374880404,"graham_current_ratio,graham_earnings_stability,munger_gross_margin",2970920448.0,6.2992616,1.3042481,0.655,0.30786,0.23068,0.23864001,0.136,204187504.0,,3.0
AA,False,58.646073821428566,"graham_earnings_stability,munger_gross_margin",11308519424.0,9.195279,1.5344123,1.535,0.29918,0.18226999,0.19790001,0.18356001,960750016.0,0.009399999999999999,2.0
WAY,False,58.62314267943594,"graham_earnings_stability,graham_pe,graham_pe_times_pb,munger_roe",4709341184.0,35.085712,1.1956574,1.847,0.37171,0.03765,0.69107,0.22678976564617867,313745376.0,,1.0
MRSH,False,58.53757769098378,"graham_current_ratio,graham_debt_to_equity,graham_pe,graham_pe_times_pb",82159075328.0,21.072826,5.4192767,1.139,1.45027,0.25902998,0.43994,0.23064378636818503,4785249792.0,0.0233,4.0
RCL,False,58.49417813001978,"graham_current_ratio,graham_debt_to_equity,graham_earnings_stability,graham_pe_times_pb,munger_fcf",64798289920.0,14.974042,6.3303113,0.209,2.24816,0.44669998,0.50284,0.27376637858935043,-1516249984.0,0.025099999999999997,3.0
ALLE,False,58.472786475187156,"graham_debt_to_equity,graham_pe,graham_pe_times_pb",13185803264.0,20.349081,6.225559,1.93,1.04895,0.3373,0.44801,0.21131954859489097,484449984.0,0.0144,4.0
NEU,False,58.45680831415956,graham_pe_times_pb,8220023808.0,19.242842,4.471431,2.252,0.51129,0.25123,0.31462268945522276,0.1995197362071857,435517888.0,0.0134,4.0
PR,False,58.3879193602839,"graham_current_ratio,munger_roe",17915344896.0,13.8,1.492152,0.624,0.26245999999999997,0.114029996,0.75848997,0.28877948026252015,458368128.0,0.0288,4.0
CHE,False,58.36494619453665,"graham_current_ratio,graham_pe,graham_pe_times_pb",6639539200.0,25.553316,7.9610085,0.911,0.35495,0.27106002,0.33113998,0.13369523371349473,307859488.0,0.005600000000000001,4.0
EGP,False,58.36492770209962,"graham_current_ratio,graham_pe,graham_pe_times_pb,munger_roe",10864629760.0,35.508785,3.0102055,0.412,0.46090000000000003,0.08732,0.73607004,0.3613811286585528,379368000.0,0.0346,4.0
EPRT,False,58.34574940471372,"graham_pe,munger_roe",5723644928.0,20.46124,1.2948881,3.841,0.65659,0.064780004,0.98414004,0.6413200550943571,305324384.0,0.0484,4.0
TMUS,False,58.34179901727179,"graham_current_ratio,graham_debt_to_equity,graham_pe_times_pb",177398431744.0,17.299164,3.1592422,0.924,2.1403499999999998,0.17994,0.63054,0.20698909510921876,11335999488.0,0.024700000000000003,4.0
CRVL,False,58.300074043855,"graham_pe,graham_pe_times_pb,munger_gross_margin",3774093056.0,33.204445,9.245142,1.941,0.06944,0.30697,0.2429383835823091,0.16674,91710128.0,,4.0
SHC,False,58.26557497049729,"graham_debt_to_equity,graham_earnings_stability,graham_pe,graham_pe_times_pb",5239481344.0,32.21053,7.869696,2.796,3.4073399999999996,0.27781,0.5547650128865426,0.27046066077145436,153967120.0,,3.0
SUI,False,58.2583,"graham_current_ratio,graham_earnings_stability,graham_pe,graham_pe_times_pb,munger_roe",14035257344.0,142.41026,2.4654858,0.597,0.72848,0.01722,0.53682,0.560718320323234,1873449984.0,0.0403,2.0
PODD,False,58.253137253692046,"graham_pe,graham_pe_times_pb",9482452992.0,25.700188,6.667236,2.485,0.66685,0.26016,0.7163324840293933,0.17495661164654186,236900000.0,,4.0
CUBE,False,58.2352806007965,"graham_current_ratio,graham_debt_to_equity,graham_pe,graham_pe_times_pb,munger_roe",8548370432.0,25.690475,3.3020022,0.1,1.3430000000000002,0.12028,0.70712,0.3501519832970446,486035744.0,0.0564,4.0
AVY,False,58.18136208293804,"graham_current_ratio,graham_debt_to_equity,graham_pe_times_pb,munger_gross_margin",12943098880.0,18.6849,5.5806813,1.132,1.58653,0.3116,0.28753881768392525,0.13586001,1004600000.0,0.023700000000000002,4.0
LQDT,False,58.085873127153896,"graham_size,graham_pe,graham_pe_times_pb,munger_roe",1366058496.0,42.7451,5.7909417,1.58,0.05869,0.14965001,0.43807128216854885,0.07356467485823497,81894248.0,,4.0
WDAY,False,58.0791700619806,"graham_current_ratio,graham_earnings_stability,graham_pe,graham_pe_times_pb",45883990016.0,39.094456,7.093781,0.908,0.5839,0.16006,0.75795,0.07548157453936348,3046374912.0,,3.0
GTY,False,58.05216956716064,"graham_size,munger_roe",1765081984.0,17.272728,1.5724138,1.719,0.96193,0.094639994,0.96416,0.5718067713900427,108609872.0,0.0676,4.0
IRDM,False,58.00984147817007,"graham_debt_to_equity,graham_pe,graham_pe_times_pb",5145934336.0,55.810345,10.886771,2.782,3.7865699999999998,0.19715,0.71851,0.27072513448493046,239205376.0,0.0123,4.0
DLTR,False,58.00897275428342,"graham_current_ratio,graham_debt_to_equity,graham_earnings_stability,graham_pe_times_pb",21416591360.0,13.988052,6.254041,1.134,2.2394499999999997,0.46032003,0.36321721839293625,0.08515954213416582,1049587520.0,,1.0
ECPG,False,57.90650000000001,"graham_debt_to_equity,graham_earnings_stability,munger_fcf",2101635968.0,7.286029,1.948251,11.376,3.88056,0.30542,1.0,0.3542776410248292,-157004624.0,,1.0
CON,False,57.891998228385646,"graham_current_ratio,graham_debt_to_equity,graham_pe,graham_pe_times_pb,munger_gross_margin",4450369024.0,22.51613,9.329057,1.377,4.23325,0.4706,0.29314,0.15438170264909631,204793632.0,0.0072,4.0
BXP,False,57.88162644888904,"graham_current_ratio,graham_debt_to_equity,graham_pe,graham_pe_times_pb,munger_roe",11444114432.0,34.01613,1.9578536,0.506,2.11631,0.05308,0.591178650533171,0.34899441830292427,880636864.0,0.045,4.0
NDSN,False,57.81447184576118,"graham_pe,graham_pe_times_pb",18170247168.0,32.984833,5.558263,1.823,0.55619,0.17763,0.55391,0.2549444117481652,613806656.0,0.0116,4.0
JAZZ,False,57.811299999999996,"graham_earnings_stability,graham_pe_times_pb",15373719552.0,16.221233,3.1960864,1.779,0.91828,0.22114,0.91353995,-0.10081577735047402,1429392896.0,,0.0
QNST,False,57.810280530796,"graham_size,graham_current_ratio,graham_earnings_stability,munger_gross_margin",826305728.0,10.314285,2.524917,1.218,0.24036000000000002,0.28647,0.11270591909172985,0.027383219758338795,125921376.0,,2.0
CHRD,False,57.80821449068668,"graham_current_ratio,munger_roe",7433167360.0,9.035572,0.89754176,1.221,0.17981999999999998,0.10312,0.4811,0.04047978256046696,961228032.0,0.037200000000000004,4.0
COKE,False,57.79342419589657,"data_missing:debt_to_equity,graham_current_ratio,graham_pe,graham_pe_times_pb",12442863616.0,24.8247,-24.880873,1.211,,0.97331,0.39739072267712405,0.13152307225111043,443481760.0,0.0053,4.0
EXLS,False,57.69286137870429,"graham_current_ratio,graham_pe,graham_pe_times_pb",5250340864.0,21.91772,6.065861,1.244,0.56585,0.25944,0.3837160789565829,0.15028651435397875,262332752.0,,4.0
NWSA,False,57.67720475812206,"graham_pe,graham_pe_times_pb,munger_roe",15370897408.0,27.650486,1.8152845,1.623,0.31561,0.07979,0.57167,0.12537,1045124992.0,0.006999999999999999,4.0
JLL,False,57.66641276339976,"graham_current_ratio,graham_pe_times_pb,munger_roe",14946292736.0,15.573585,2.003052,1.126,0.42351999999999995,0.13520001,0.51232,0.042043835868216695,1500125056.0,,4.0
AYI,False,57.64859353142183,"graham_pe,graham_pe_times_pb",9465620480.0,20.982084,3.3155777,2.053,0.28206,0.17378001,0.47829988954344627,0.12976343888070693,467275008.0,0.0025,4.0
RDN,False,57.470975109982305,munger_roe,4373881856.0,8.162963,0.9182569,1.588,0.27967,0.12026,0.69302005,-0.2761079388616707,308735264.0,0.0304,4.0
DOCN,False,57.41708424531326,"graham_current_ratio,graham_debt_to_equity,graham_earnings_stability,graham_pe,graham_pe_times_pb,munger_fcf",16631041024.0,64.58676,15.957243,1.311,2.12506,0.62273,0.5985975569846477,0.1741560880692502,-23832624.0,,3.0
BBY,False,57.346388353337474,"graham_current_ratio,graham_debt_to_equity,graham_pe_times_pb,munger_gross_margin",19042226176.0,15.10732,6.0017843,1.117,1.3009700000000002,0.43126,0.22482070470845025,0.033316543138806935,1403374976.0,0.042199999999999994,4.0
WT,False,57.34558480114734,"graham_debt_to_equity,graham_pe,graham_pe_times_pb",3721137408.0,44.654545,8.675379,2.995,2.5767200000000003,0.18731001,0.53330004,0.3527978564180876,156595376.0,0.005,4.0
STAG,False,57.338943295664,"graham_pe,graham_pe_times_pb,munger_roe",7259251200.0,28.373077,1.9585302,1.816,0.9378,0.069759995,0.79549,0.37036,469642880.0,0.0416,4.0
ROST,False,57.32266987386351,"graham_pe,graham_pe_times_pb",75418845184.0,28.46368,11.1458235,1.612,0.70281,0.42628,0.33385,0.11900177925298451,2002041600.0,0.0076,4.0
ADC,False,57.30203534241173,"graham_current_ratio,graham_pe,graham_pe_times_pb,munger_roe",8372295168.0,36.08871,1.3138579,0.271,0.58984,0.037049998,0.87656,0.47382509416785684,447780000.0,0.04769999999999999,4.0
HMN,False,57.18358095238095,"graham_size,munger_roe",1850493184.0,10.675233,1.2310718,2.872,0.39537,0.12385,0.39488,0.13213,222650000.0,0.031400000000000004,4.0
LIF,False,57.14565965176895,"graham_earnings_stability,graham_pe,graham_pe_times_pb",3349657856.0,23.901163,5.436708,5.601,0.50803,0.30056,0.778052672115976,0.03846114558072734,74707752.0,,1.0
FNF,False,57.100176640476185,"data_missing:consecutive_positive_earnings_years,graham_current_ratio,munger_roe",11066977280.0,14.378049,1.4838188,0.94,0.54297,0.102110006,0.54046,0.10666,3589125120.0,0.051,
CMG,False,57.069666198317506,"graham_current_ratio,graham_debt_to_equity,graham_pe,graham_pe_times_pb",39917608960.0,29.208332,18.181557,0.715,2.4635,0.49560001,0.39361998,0.16232288838105519,1116464384.0,,4.0
AIG,False,57.06105238095238,"graham_current_ratio,graham_earnings_stability,munger_roe",38803902464.0,13.54197,0.9589589,0.612,0.22466,0.0722,0.35087,0.19414,7365000192.0,0.026699999999999998,1.0
MKC,False,57.05837721302114,graham_current_ratio,12802710528.0,7.9234605,1.8301306,0.781,0.65143,0.24728,0.3789599871350672,0.15654284168823004,714025024.0,0.04019999999999999,4.0
STC,False,57.03649904899473,"graham_size,munger_roe",1801115008.0,12.912472,1.0801954,1.847,0.46090000000000003,0.096140005,0.61847997,0.06954,135150000.0,0.0368,4.0
PGNY,False,57.00104547828735,"graham_size,graham_pe,graham_pe_times_pb,munger_gross_margin",1961137024.0,27.782608,4.3292685,2.137,0.059500000000000004,0.16242,0.23627936284251638,0.0661748900603029,196469376.0,,4.0
ERIE,False,56.98682735729401,"graham_current_ratio,graham_pe,graham_pe_times_pb,munger_gross_margin",11748487168.0,20.406902,4.7620864,1.246,0.0256,0.24808,0.17904,0.17633108103788842,481207744.0,0.026699999999999998,4.0
BHF,False,56.964582666666665,"graham_current_ratio,graham_debt_to_equity,graham_earnings_stability,munger_roe",3053288960.0,4.2101507,0.4661229,0.774,1.78382,0.13535,0.35439998,0.77778,19879124992.0,,2.0
MPC,False,56.95070345992488,"graham_current_ratio,graham_debt_to_equity,graham_pe_times_pb,munger_gross_margin",109221175296.0,13.481109,5.7696185,1.25,1.33328,0.42099,0.12819,0.06247974739824716,9249375232.0,0.0102,4.0
FANG,False,56.928934141557484,"graham_current_ratio,graham_pe,graham_pe_times_pb,munger_roe",52237688832.0,34.86916,1.3810029,0.467,0.28678000000000003,0.034930002,0.72353995,0.08425395980300812,5035500032.0,0.0233,4.0
HLX,False,56.91034523809524,"data_missing:free_cash_flow,graham_size,graham_earnings_stability,graham_pe",1562253952.0,44.166668,0.30309096,1.745,0.8317,0.37597,0.5078,0.2161,,,2.0
ADI,False,56.90679193629536,"graham_current_ratio,graham_pe,graham_pe_times_pb,munger_roe",190989058048.0,46.81057,5.6925287,1.25,0.27314,0.12227,0.614669518890112,0.26611379050277834,4147339008.0,0.0115,4.0
PINS,False,56.89053281512727,"graham_earnings_stability,graham_pe,graham_pe_times_pb,munger_roe",10621200384.0,55.161762,3.6652334,3.81,0.41350000000000003,0.06461,0.79473,0.07576993235296973,1196440960.0,,2.0
ARLO,False,56.83212465846375,"graham_size,graham_current_ratio,graham_earnings_stability,graham_pe,graham_pe_times_pb",1402201344.0,46.535713,8.839891,1.402,0.048760000000000005,0.22068001,0.4461,-0.035550002,62496248.0,,1.0
VICR,False,56.81752732715424,"graham_pe,graham_pe_times_pb",13312397312.0,92.54167,15.953697,13.249,0.00912,0.20131999,0.5730692002005738,0.1807550679145838,339500.0,,4.0
WTS,False,56.79994207379766,"graham_pe,graham_pe_times_pb",11950130176.0,31.567019,5.702611,2.66,0.09673999999999999,0.18805,0.4945663317613287,0.1837605085093295,228787504.0,0.006500000000000001,4.0
EVTC,False,56.748025773043366,"graham_size,graham_debt_to_equity,graham_pe_times_pb,munger_roe",1679046528.0,18.246754,2.6176062,1.702,1.84286,0.14845,0.51118,0.20008199025990053,151623120.0,0.0070999999999999995,4.0
OVV,False,56.68785177101818,"graham_current_ratio,munger_roe",16587702272.0,16.751398,1.4425228,1.008,0.43734,0.08411,0.53859,0.12696452626852267,1230499968.0,0.019799999999999998,4.0
PLD,False,56.67859873977462,"graham_current_ratio,graham_pe,graham_pe_times_pb,munger_roe",129472856064.0,29.597778,2.3157437,0.649,0.63823,0.07749,0.75549006,0.4957680361159742,5406941184.0,0.032,4.0
EPAM,False,56.634708493345066,"munger_roe,munger_gross_margin",5620401152.0,14.782904,1.5972263,2.755,0.04325999999999999,0.111770004,0.29451,0.0952900245113849,650156096.0,,4.0
MCY,False,56.63364285714285,"data_missing:market_cap,graham_current_ratio,graham_earnings_stability,munger_gross_margin",,5.8363748,1.9366432,0.952,0.33925,0.38991,0.26808,0.19934,1143784576.0,0.0129,3.0
VSXY,False,56.581580478709355,"graham_current_ratio,graham_debt_to_equity,graham_pe_times_pb",6633178112.0,18.5625,8.316,1.36,2.7583300000000004,0.46905,0.3638028383946284,0.0413551045322753,336500000.0,,4.0
TILE,False,56.571941051854004,graham_pe_times_pb,2057118336.0,14.408907,3.0325494,2.527,0.42808999999999997,0.23225,0.3874813066119433,0.1182496499271012,103601872.0,0.0034000000000000002,4.0
T,False,56.527823204725514,"graham_current_ratio,graham_debt_to_equity,graham_earnings_stability",173365362688.0,8.349834,1.5757349,0.971,1.29054,0.18339,0.59721,0.1922991213548962,10142000128.0,0.0436,3.0
WMG,False,56.466954127773214,"graham_current_ratio,graham_debt_to_equity,graham_pe,graham_pe_times_pb",14103038976.0,21.396824,16.509491,0.734,4.52947,0.70074,0.45769,0.10347398240644103,382249984.0,0.029300000000000003,4.0
UE,False,56.42955078782528,"graham_current_ratio,graham_debt_to_equity,graham_pe,graham_pe_times_pb,munger_roe",2723451648.0,37.32076,1.9443625,0.689,1.26633,0.05092,0.64747,0.2942461850492563,226218256.0,0.0424,4.0
AMH,False,56.38406248300758,"graham_pe,graham_pe_times_pb,munger_roe",12530183168.0,24.257936,1.6155716,1.672,0.68848,0.07084,0.56646997,0.25921,822327360.0,0.043,4.0
APH,False,56.37953221679909,"graham_debt_to_equity,graham_pe,graham_pe_times_pb",207116550144.0,41.995,13.36569,1.888,1.20415,0.38115,0.3688162219037268,0.2541102504037723,3818374912.0,0.006,4.0
BSX,False,56.36534997426808,"graham_current_ratio,graham_pe_times_pb",63374807040.0,17.704453,2.5377204,1.24,0.50151,0.15338999,0.6901464581050114,0.17998405898176745,2451375104.0,,4.0
CTVA,False,56.304269162052414,"graham_pe,graham_pe_times_pb,munger_roe",52254793728.0,47.466667,2.076407,1.516,0.19191,0.04256,0.4954,0.3013,2417250048.0,0.0091,4.0
LECO,False,56.28013352757415,"graham_pe,graham_pe_times_pb",14682820608.0,26.965076,9.447328,1.982,0.77347,0.37736,0.3624500148003675,0.16963347297415096,307077120.0,0.011899999999999999,4.0
UTHR,False,56.273213840901704,"data_missing:debt_to_equity,graham_pe_times_pb",20522338304.0,17.774145,3.1904838,5.732,,0.19315,0.8792220441763283,0.4689414647940428,557137472.0,,4.0
FRT,False,56.25589871274488,"graham_current_ratio,graham_debt_to_equity,graham_pe,graham_pe_times_pb,munger_roe",9629129728.0,22.252527,2.986309,0.564,1.34114,0.12550999,0.68136,0.4708450126077523,456137632.0,0.042,4.0
KIM,False,56.173735279076595,"graham_current_ratio,graham_pe,graham_pe_times_pb,munger_roe",14955249664.0,25.924417,1.4556673,0.971,0.84993,0.05806,0.68933,0.3601781398765301,871483392.0,0.050300000000000004,4.0
FIS,False,56.03741525843269,"graham_current_ratio,graham_debt_to_equity,graham_earnings_stability",18294667264.0,5.399543,1.1413726,0.535,1.3251,0.22348,0.36864287721270017,0.16306078486466236,2653125120.0,0.050300000000000004,2.0
EW,False,56.002984266633696,"graham_pe,graham_pe_times_pb,munger_roe",49874739200.0,51.504765,4.698778,4.522,0.06568,0.09175,0.7801107521919705,0.2083525611444393,1232412544.0,,4.0
CHWY,False,56.00018773722476,"graham_current_ratio,graham_debt_to_equity,graham_pe,graham_pe_times_pb,munger_gross_margin",7383404032.0,28.261541,19.902493,0.838,3.13414,0.71988,0.2978931079633377,0.02018013728524382,449075008.0,,4.0
MAT,False,55.99376325428228,graham_debt_to_equity,3791239168.0,9.902986,1.8973407,1.902,1.37445,0.20497,0.4872551786092625,0.1021807259038268,425315872.0,,4.0
HSTM,False,55.944687184555505,"graham_size,graham_current_ratio,graham_pe,graham_pe_times_pb,munger_roe",888657600.0,40.340275,2.3815186,1.062,0.03766,0.059959996,0.65081,0.06655177857293201,50334876.0,0.004699999999999999,4.0
NWS,False,55.94332660554561,"graham_pe,graham_pe_times_pb,munger_roe",17116854272.0,30.791264,2.02148,1.623,0.31561,0.07979,0.57167,0.12537,1045124992.0,0.0063,4.0
NDAQ,False,55.93489696264946,"graham_current_ratio,graham_pe,graham_pe_times_pb",52174942208.0,27.212826,4.375791,1.006,0.77687,0.16521999,0.6353183248608085,0.2821350762527233,1691500032.0,0.0123,4.0
SYK,False,55.877636197553684,"graham_pe,graham_pe_times_pb",104680955904.0,28.251564,4.3639083,2.157,0.6439100000000001,0.16508,0.6396321070234113,0.19465679248287943,4108875008.0,0.013000000000000001,4.0
VOYA,False,55.839707397912555,"graham_pe_times_pb,munger_roe",8756137984.0,16.298483,1.8687522,5.669,0.6890999999999999,0.096099995,0.55609,0.12675540359018195,1433500032.0,0.0196,4.0
CMCSA,False,55.777622382167195,"graham_current_ratio,graham_debt_to_equity,munger_roe",77094133760.0,6.9631414,0.85832244,0.796,1.00474,0.114879996,0.6939,0.16710452925056787,12697624576.0,0.0596,4.0
HD,False,55.71998576269458,"graham_current_ratio,graham_debt_to_equity,graham_pe,graham_pe_times_pb",293151113216.0,20.868607,17.647448,1.078,3.80261,1.0429599,0.33315521334928316,0.12684976591390731,10762625024.0,0.0319,4.0
ALSN,False,55.54862258785488,"graham_debt_to_equity,graham_pe_times_pb",9494822912.0,18.193039,4.80284,1.807,2.11925,0.28349,0.48604651162790696,0.292358803986711,211000000.0,0.0103,4.0
SIG,True,55.540834468877364,,3951657216.0,11.977933,2.1580732,1.639,0.66703,0.19855,0.3954737583656217,0.057693436656099564,422037504.0,0.0139,4.0
ACIW,False,55.46353846665624,"graham_pe,graham_pe_times_pb",5006370304.0,22.747705,3.3538482,1.582,0.57698,0.15617,0.49082002,0.18747435761929604,260535632.0,,4.0
AGYS,False,55.409488897210004,"graham_pe,graham_pe_times_pb,munger_roe",2815078656.0,65.66119,8.296343,1.741,0.054509999999999996,0.13802,0.6261055018289322,0.13471150473518065,57453376.0,,4.0
FR,False,55.37410580527623,"data_missing:consecutive_positive_earnings_years,graham_current_ratio,graham_pe,graham_pe_times_pb,munger_roe",8391042560.0,22.26909,2.925105,1.498,0.90051,0.1363,0.73745,0.45097,290640736.0,0.0326,
KMB,False,55.345896506571634,"graham_current_ratio,graham_debt_to_equity,graham_pe_times_pb",32607711232.0,19.376482,18.632648,0.909,3.48933,1.04913,0.36012646683285704,0.14294400194564358,941124992.0,0.0527,4.0
NTST,False,55.34008143156134,"graham_size,graham_earnings_stability,graham_pe,graham_pe_times_pb,munger_roe",1859206400.0,130.2857,1.177686,5.531,0.88837,0.00962,0.90376997,0.39020002,133447376.0,0.0487,1.0
HL,False,55.28758216814044,"graham_earnings_stability,graham_pe,graham_pe_times_pb,munger_gross_margin",12189239296.0,22.401236,4.5521827,5.197,0.008020000000000001,0.22173999,0.2848502299688679,0.16942149400037465,342344736.0,0.0008,2.0
SLM,False,55.26875,"data_missing:free_cash_flow,graham_current_ratio,graham_debt_to_equity",4425520128.0,6.5571036,1.9896882,1.334,2.36158,0.30333,1.0,0.29211,,0.0226,4.0
VAL,False,55.25013351079712,munger_gross_margin,5570140672.0,6.0497737,1.7514136,1.547,0.36219999999999997,0.33619,0.24784,0.2013507809202195,79725000.0,,4.0
ZWS,False,55.19137969003813,"graham_pe,graham_pe_times_pb",7757464064.0,29.04969,4.6816816,3.053,0.33181,0.16919,0.4509699864378796,0.16445545138274661,322675008.0,0.009399999999999999,4.0
LII,False,55.12936262345461,"graham_debt_to_equity,graham_pe_times_pb",12841018368.0,16.505997,9.898498,1.569,1.5608199999999999,0.71757007,0.3339171943872346,0.20046965526533597,277737504.0,0.0148,4.0
COO,False,55.07685272028739,"graham_current_ratio,munger_roe",10564077568.0,19.091064,1.2680894,1.222,0.33634000000000003,0.06838,0.6553855928061773,0.16687029615873325,542649984.0,,4.0
INVX,False,55.049680048009385,"graham_size,graham_pe,graham_pe_times_pb,munger_roe",1991772288.0,32.0,1.8532014,5.006,0.07043,0.05994,0.32401,0.1355735900091081,174039872.0,,4.0
KRC,False,55.01356428571429,"graham_current_ratio,graham_pe,munger_roe",4008901376.0,23.870628,0.7596697,1.103,0.85616,0.03431,0.65379,0.23993,718001472.0,0.0634,4.0
MPT,False,55.00000000000001,"data_missing:trailing_pe,graham_current_ratio,graham_debt_to_equity,graham_earnings_stability,munger_roe",2134990080.0,,0.47426373,1.172,2.15671,-0.00622,0.95944,0.6890208515136681,753948992.0,0.1,0.0
SIGI,False,54.95320639285715,"graham_current_ratio,munger_roe,munger_gross_margin",5096733696.0,10.681647,1.4717721,0.318,0.24596,0.14152999,0.22764,0.12693,1355778304.0,0.02,4.0
TEL,False,54.91829506681096,"graham_pe,graham_pe_times_pb",63116775424.0,21.352594,4.7720256,1.876,0.43441,0.23290001,0.3521608156644653,0.18601552543158384,2336875008.0,0.0146,4.0
MUR,False,54.91251698717643,"graham_current_ratio,munger_roe",5190687744.0,17.925743,0.98705184,0.854,0.41896,0.06461,0.82672995,0.11079684113309325,344718368.0,0.0375,4.0
ESS,False,54.81183177253656,"graham_current_ratio,graham_debt_to_equity,graham_pe,graham_pe_times_pb,munger_roe",18602573824.0,42.100624,3.2582161,0.249,1.2240900000000001,0.0771,0.6988536806996071,0.47649793757898,1043926720.0,0.0381,4.0
OII,False,54.784427903365405,"graham_pe_times_pb,munger_gross_margin",4604241408.0,13.369942,3.9548602,2.176,0.70343,0.34570998,0.20417031229571905,0.10938754868620867,237835120.0,,4.0
MWA,False,54.74606989981411,graham_pe_times_pb,3373095168.0,15.214788,3.0103106,4.636,0.40423000000000003,0.21684,0.36140449045254247,0.1822760019584528,130712496.0,0.013000000000000001,4.0
A,False,54.74454421903934,"graham_pe,graham_pe_times_pb",48544645120.0,34.024704,6.5930758,2.05,0.56336,0.20971,0.53648996,0.21286701208981001,1060374976.0,0.0059,4.0
MO,False,54.72881705054395,"data_missing:debt_to_equity,data_missing:return_on_equity,graham_current_ratio,graham_pe_times_pb",114469289984.0,14.4326315,-42.9005,0.518,,,0.6246831908587138,0.4252330426564715,9033374720.0,0.0645,4.0
HWM,False,54.68068058718886,"graham_pe,graham_pe_times_pb",92952633344.0,50.34125,16.265179,1.818,0.81368,0.34732,0.36032,0.24793989335918565,1189874944.0,0.0024,4.0
CGNX,False,54.67706520064455,"graham_pe,graham_pe_times_pb,munger_roe",9831001088.0,56.737865,6.0328274,3.934,0.044480000000000006,0.111490004,0.6691677754211507,0.16348823714573912,195671376.0,0.0059,4.0
VRTS,False,54.664875209404414,"graham_size,munger_roe",870287744.0,7.492018,0.95715004,2.659,0.44522,0.106709994,0.41079,0.19778042245841956,56292376.0,0.0755,4.0
KVUE,False,54.64855991120871,"graham_current_ratio,graham_pe,graham_pe_times_pb",34093729792.0,20.882353,3.2296216,1.005,0.8161700000000001,0.15581,0.581327691087014,0.15961385876752182,1907500032.0,0.04769999999999999,4.0
BNL,False,54.64293974000448,"graham_pe,graham_pe_times_pb,munger_roe",4017359104.0,24.828949,1.2563249,2.017,0.8932599999999999,0.04922,0.9486,0.4675071462798037,230601872.0,0.061900000000000004,4.0
TRU,False,54.564415021601164,"graham_debt_to_equity,graham_earnings_stability,graham_pe_times_pb",13269257216.0,18.273087,2.739951,1.9,1.13212,0.15626,0.5873,0.18744400498219085,808625024.0,0.0074,2.0
ROK,False,54.51061808574937,"graham_current_ratio,graham_debt_to_equity,graham_pe,graham_pe_times_pb",48346308608.0,40.643597,13.808798,1.075,1.0334699999999999,0.30629,0.48141932390314074,0.20414768640613762,1303874944.0,0.0128,4.0
DGII,False,54.49783656745608,"graham_current_ratio,graham_pe,graham_pe_times_pb,munger_roe",2939081984.0,61.46825,4.28872,1.129,0.17279,0.07459,0.629158037380788,0.13083973120791406,128003128.0,,4.0
ZD,False,54.40968081783851,"data_missing:trailing_pe,graham_size,munger_roe",1945799040.0,,0.8867881,2.164,0.3998,-0.01456,0.8672618904767484,0.1261558857495652,519709248.0,,4.0
INVH,False,54.37328248875433,"graham_current_ratio,graham_pe,graham_pe_times_pb,munger_roe",15601312768.0,24.686916,1.7229797,0.43,0.9442499999999999,0.070539996,0.56262,0.25115,1168785536.0,0.0453,4.0
TTC,False,54.29960487771154,"graham_pe,graham_pe_times_pb",9185660928.0,25.945189,6.7653213,1.576,0.80671,0.26447,0.333628946434906,0.09087885775097553,608062528.0,0.0161,4.0
MDT,False,54.28986535019734,"graham_pe,graham_pe_times_pb,munger_roe",112883924992.0,21.736454,2.248866,2.067,0.55365,0.106479995,0.6976930524488365,0.17784072159278408,5412499968.0,0.0325,4.0
EG,False,54.23309523809523,"graham_current_ratio,munger_roe,munger_gross_margin",14221607936.0,7.8399386,0.93027353,0.388,0.23260000000000003,0.12572,0.15281,0.19132,2064625024.0,0.0215,4.0
AMPH,False,54.127041137203626,"graham_size,munger_roe",1103859712.0,15.355029,1.4367975,2.397,0.89607,0.10297,0.494601236027321,0.19503477629127905,230095872.0,,4.0
HSY,False,54.09394866104562,"graham_current_ratio,graham_debt_to_equity,graham_pe,graham_pe_times_pb",33478234112.0,22.731241,7.337179,1.18,1.29821,0.32808998,0.33548561069861765,0.12328574986384523,1743636352.0,0.0348,4.0
EMR,False,54.05548682171486,"graham_current_ratio,graham_pe,graham_pe_times_pb,munger_roe",88614903808.0,34.76258,4.348296,0.896,0.6767700000000001,0.128,0.528363676731794,0.26924,3706249984.0,0.014199999999999999,4.0
PBH,False,54.05263023178338,"graham_debt_to_equity,graham_earnings_stability,munger_roe",2201020160.0,13.014006,1.1482662,3.23,1.07864,0.0912,0.5470517725187264,0.2841991172999114,147887504.0,,3.0
TJX,False,53.97207760514506,"graham_current_ratio,graham_debt_to_equity,graham_pe,graham_pe_times_pb",142991114240.0,24.073147,13.808689,1.147,1.3441900000000002,0.62171,0.31467,0.13518329941526713,4398125056.0,0.0146,4.0
LQDA,False,53.969977211804846,"graham_earnings_stability,graham_pe,graham_pe_times_pb",6128673792.0,48.907146,31.26484,2.312,0.93738,1.3181599,0.92542,-0.3245073269327943,74296128.0,,0.0
GE,False,53.92428918455591,"graham_current_ratio,graham_debt_to_equity,graham_pe,graham_pe_times_pb",339096174592.0,38.585594,19.223576,0.982,1.13225,0.48231998,0.31051,0.20328098909297615,6594625024.0,0.0059,4.0
HUBS,False,53.84796572009742,"graham_current_ratio,graham_earnings_stability,graham_pe,graham_pe_times_pb,munger_roe",11130907648.0,77.38078,6.5174,1.378,0.14300000000000002,0.07892,0.8376097718941795,0.0023565548247897177,666651008.0,,2.0
RHP,False,53.7917759697061,"graham_current_ratio,graham_debt_to_equity,graham_pe,graham_pe_times_pb",8334681600.0,29.468294,10.071691,1.313,3.3457,0.22583,0.35156,0.18897961670290303,567982976.0,0.0394,4.0
ATMU,False,53.76498324577577,"graham_debt_to_equity,graham_pe_times_pb,munger_gross_margin",3663639296.0,17.203066,8.055257,2.65,2.32278,0.5579,0.28243496004080937,0.1694723119650853,103862496.0,0.0054,4.0
REXR,False,53.758756511961494,"data_missing:trailing_pe,graham_current_ratio,munger_roe",8565790208.0,,1.1279203,0.344,0.41445,-0.047280002,0.76798,0.4159,341792384.0,0.0458,4.0
UFCS,False,53.6814119047619,"graham_size,graham_current_ratio,graham_earnings_stability,munger_gross_margin",1372927488.0,9.909091,1.404713,0.356,0.14974,0.15465,0.12865,0.11761,255639504.0,0.015,2.0
WPC,False,53.67714751087077,"graham_current_ratio,graham_debt_to_equity,graham_pe,graham_pe_times_pb,munger_roe",15009715200.0,22.563356,1.7306733,1.164,1.01882,0.077800006,0.94371,0.22366027517548806,1096111872.0,0.0576,4.0
TECH,False,53.64515686050082,"graham_pe,graham_pe_times_pb,munger_roe",11384220672.0,62.581898,5.3750186,4.547,0.13712,0.09032,0.6576504951692909,0.20731021802592345,229653120.0,0.0044,4.0
DLX,False,53.583244512508735,"graham_size,graham_current_ratio,graham_debt_to_equity,munger_roe",1115683456.0,11.16055,1.5749612,1.196,2.09945,0.14957,0.5308935809218588,0.1089443090193137,171792992.0,0.049400000000000006,4.0
BRK-B,False,53.573065762294,"graham_earnings_stability,munger_roe",1080908578816.0,12.699447,0.0009668804,2.891,0.17142,0.121199995,0.30332002,0.12359121769264386,71975247872.0,,3.0
APLE,False,53.56511752849447,"graham_current_ratio,graham_pe,munger_roe",3798570752.0,21.743242,1.2094107,0.291,0.51367,0.05529,0.42902002,0.18253083788709318,360905376.0,0.0596,4.0
AR,False,53.56420965798973,"graham_current_ratio,munger_roe",10809555968.0,10.074498,1.3042511,0.401,0.55493,0.14216,0.67154,0.16748969781586684,391220736.0,,4.0
CDP,False,53.50641426293043,"graham_debt_to_equity,graham_earnings_stability,graham_pe,graham_pe_times_pb,munger_roe",3905695744.0,23.413193,2.4903975,2.594,1.6415,0.10825,0.58258,0.22165888841747985,257286368.0,0.0379,2.0
HAYW,False,53.400245073221186,"graham_pe_times_pb,munger_roe",2704524800.0,17.708332,1.7036344,3.327,0.6325500000000001,0.104119994,0.4800495475224011,0.20785898561250452,164106256.0,,4.0
LNC,False,53.37032301428572,"graham_earnings_stability,munger_gross_margin",8008242176.0,3.5240102,0.7726836,2.184,0.63803,0.22587,0.27076998,0.046079997,2069374976.0,0.0435,2.0
SIRI,False,53.36201070844322,"graham_current_ratio,graham_earnings_stability,munger_roe",8756997120.0,10.433735,0.73520666,0.458,0.81105,0.07574,0.5244215938303342,0.17188595466230427,1186000000.0,0.0406,1.0
CLX,False,53.35459051563106,"graham_current_ratio,graham_debt_to_equity,graham_pe_times_pb",10010669056.0,17.65032,111.263435,0.658,22.214290000000002,1.6376,0.45228040540540543,0.12885,110375000.0,0.0611,4.0
CSX,False,53.338801854456484,"graham_current_ratio,graham_debt_to_equity,graham_pe,graham_pe_times_pb",86714351616.0,27.37427,6.15759,0.82,1.3806800000000001,0.24357,0.47070998,0.3208203235878513,1953250048.0,0.011899999999999999,4.0
MD,False,53.129794376118745,"graham_current_ratio,graham_earnings_stability,munger_gross_margin",2126398080.0,12.642512,2.3553236,1.316,0.70371,0.20389,0.26236,0.13407,160776992.0,,1.0
DRI,False,53.091057784316234,"graham_current_ratio,graham_debt_to_equity,graham_pe_times_pb,munger_gross_margin",22805712896.0,19.239225,10.379696,0.298,4.14393,0.55431,0.20302174719360527,0.11981015676448993,1020687488.0,0.0313,4.0
VCYT,False,53.080472151896466,"graham_earnings_stability,graham_pe,graham_pe_times_pb,munger_roe",3716865280.0,33.025,2.6762562,9.162,0.02889,0.087740004,0.7010258244786278,0.11172301772230225,106230872.0,,2.0
AMZN,False,53.0788464922428,"graham_current_ratio,graham_earnings_stability,graham_pe,graham_pe_times_pb",2694097403904.0,20.110306,4.8825164,1.033,0.45616999999999996,0.30558002,0.5077,0.11155296795755199,3219124992.0,,3.0
WTW,False,53.07318477370762,"graham_current_ratio,graham_earnings_stability,graham_pe_times_pb",27379574784.0,18.25449,3.5664082,1.098,0.9139,0.19761999,0.42516,0.23011948908117016,1415624960.0,0.0131,1.0
CHDN,False,53.06427537525822,"graham_current_ratio,graham_debt_to_equity,graham_pe_times_pb",5531410944.0,13.473684,4.142611,0.356,3.49173,0.33848,0.34179002,0.23370586827984552,138712496.0,0.0055000000000000005,4.0
EXR,False,53.01512952135789,"graham_current_ratio,graham_debt_to_equity,graham_pe,graham_pe_times_pb,munger_roe",29285021696.0,29.226873,2.1145144,0.886,1.01674,0.06953,0.74919,0.4182600838124293,1499437568.0,0.049,4.0
IBKR,False,53.01424850000001,"data_missing:free_cash_flow,graham_current_ratio,graham_debt_to_equity,graham_pe,graham_pe_times_pb",153564889088.0,35.765873,6.878577,1.093,2.05748,0.24018998,0.93036,0.76532996,,0.0039000000000000003,4.0
SHOO,False,52.975325105417795,"graham_pe,graham_pe_times_pb",3281261056.0,21.980392,3.491668,1.906,0.38795999999999997,0.15913,0.41413727665226713,0.031873530301972014,219048992.0,0.019,4.0
HCSG,False,52.905924989233476,"graham_size,graham_pe_times_pb,munger_gross_margin",1443335168.0,12.298245,2.7555032,3.022,0.03417,0.24691999,0.17114,0.04717,70280248.0,,4.0
FTV,False,52.86670346344455,"graham_current_ratio,graham_pe,graham_pe_times_pb,munger_roe",16952217600.0,29.698414,2.8025765,1.241,0.59283,0.07318,0.6350171912192542,0.1731624630328677,939112512.0,0.0051,4.0
CAKE,False,52.85760357659679,"graham_current_ratio,graham_debt_to_equity,graham_pe,graham_pe_times_pb",5194014720.0,28.287262,10.01151,0.587,4.00999,0.38834,0.40701,0.0499186258564542,166743120.0,0.011399999999999999,4.0
WRLD,False,52.8402051515548,"graham_size,graham_debt_to_equity,graham_pe,graham_pe_times_pb,munger_roe",805132928.0,21.840708,2.1553779,10.382,1.78936,0.099,0.69242996,0.15316,60710904.0,,4.0
CRI,False,52.80370836166151,"graham_size,graham_debt_to_equity",1136027520.0,5.7733207,1.10585,2.47,1.15325,0.20742,0.4535689370713622,0.049659021827709246,246791008.0,0.033,4.0
CTRE,False,52.786849999999994,"graham_earnings_stability,graham_pe,graham_pe_times_pb,munger_roe,munger_fcf",8785381376.0,23.2375,1.9540652,3.304,0.26701,0.09056,0.96365,0.64858,-80309504.0,0.0418,3.0
AIZ,False,52.778039392857146,"graham_current_ratio,munger_gross_margin",13151196160.0,12.757417,2.1592271,0.382,0.36211,0.18341999,0.13272999,0.11734,2149574912.0,0.0134,4.0
PARR,False,52.77328795836104,"graham_earnings_stability,munger_gross_margin",3797050880.0,4.4477696,1.8837769,1.84,0.5616599999999999,0.53489,0.23056,0.07217458286724762,82314872.0,,1.0
HOOD,False,52.71424925,"data_missing:free_cash_flow,graham_current_ratio,graham_debt_to_equity,graham_earnings_stability,graham_pe,graham_pe_times_pb",107467309056.0,52.88938,11.33523,1.116,2.40279,0.23618999,0.9189,0.43884,,,2.0
AME,False,52.68564864846708,"graham_current_ratio,graham_pe,graham_pe_times_pb,munger_roe",57583546368.0,36.45428,5.113604,1.214,0.20521999999999999,0.14562,0.36905998,0.2581120198629504,1492221312.0,0.0055000000000000005,4.0
INGR,False,52.594764137780004,"munger_roe,munger_gross_margin",6091980288.0,10.534351,1.3473555,2.798,0.39411999999999997,0.13693,0.2532206676825045,0.14073971464191717,457249984.0,0.0344,4.0
WHD,False,52.574669274312704,"graham_pe,graham_pe_times_pb,munger_roe",4486283264.0,54.063023,3.6139197,2.587,0.033010000000000005,0.13114001,0.33233002,0.23214936087358243,129337624.0,0.0092,4.0
ECG,False,52.45964383553684,"graham_pe,graham_pe_times_pb,munger_gross_margin",5900920320.0,23.214859,7.6350546,1.587,0.47096,0.39525002,0.12120691215296231,0.0706680863455911,184378496.0,,4.0
VMRK,False,52.42722746116794,"data_missing:price_to_book,graham_current_ratio,graham_pe,munger_roe",47301120000.0,23.421457,,0.348,0.75129,0.08487,0.7043402764301141,0.5020815786307303,1387120000.0,0.0418,4.0
CSR,False,52.41622222755843,"graham_size,graham_debt_to_equity,graham_earnings_stability,graham_pe,graham_pe_times_pb,munger_roe",976430848.0,43.101562,1.3619195,3.112,1.24015,0.03388,0.59305,0.23582740753191894,106247624.0,0.0558,1.0
RYAN,False,52.39535262549083,"graham_current_ratio,graham_debt_to_equity,graham_pe,graham_pe_times_pb",9704905728.0,51.175674,9.027413,0.998,3.74707,0.22092,0.41487,0.16178945084536003,584760128.0,0.014199999999999999,4.0
MAA,False,52.34971161010631,"graham_current_ratio,graham_debt_to_equity,graham_pe,graham_pe_times_pb,munger_roe",14069847040.0,34.58187,2.5250325,0.048,1.0237699999999998,0.0705,0.58392,0.2620377540655517,921182272.0,0.052199999999999996,4.0
BIIB,False,52.3320359335428,"graham_pe,graham_pe_times_pb,munger_roe",33468497920.0,40.521465,1.7750568,1.865,0.44329,0.04575,0.8657304791514809,0.25867579700774923,1266987520.0,,4.0
CRS,False,52.29105443981216,"graham_pe,graham_pe_times_pb",19564732416.0,37.598095,8.791449,3.81,0.32658000000000004,0.25752002,0.3058382946034185,0.22469752256577685,238787504.0,0.002,4.0
LIVN,False,52.26412160181114,"graham_current_ratio,graham_earnings_stability,graham_pe,graham_pe_times_pb",4230431744.0,22.716814,3.1988869,1.45,0.26556,0.15404001,0.677113914238145,0.1436472526625424,59872624.0,,0.0
ARE,False,52.10607142857143,"data_missing:trailing_pe,graham_earnings_stability,munger_roe",8522158592.0,,0.5435606,2.35,0.6867,-0.040760003,0.68198997,0.17282,1344973952.0,0.0571,0.0
CHD,False,52.04315876026361,"graham_current_ratio,graham_pe,graham_pe_times_pb",22832060416.0,30.850962,5.2497954,1.147,0.55851,0.17041,0.447317513541398,0.1737167913335053,939262528.0,0.0129,4.0
SCI,False,52.024777456994485,"graham_current_ratio,graham_debt_to_equity,graham_pe,graham_pe_times_pb,munger_gross_margin",10610981888.0,20.327677,6.9192147,0.531,3.44863,0.34714,0.26456534966539297,0.22697467809824207,315907872.0,0.018500000000000003,4.0
UHS,False,52.01900539017227,graham_current_ratio,10531955712.0,7.4738603,1.4016786,1.116,0.6873999999999999,0.20948,0.44607,0.11483067296545219,498316992.0,0.0045000000000000005,4.0
ALV,False,51.968578456949125,"graham_current_ratio,graham_pe_times_pb,munger_gross_margin",8545318400.0,13.940263,3.4318657,1.029,0.8752500000000001,0.25858,0.1917706888580675,0.10060101710587148,742124992.0,0.0305,4.0
ZBH,False,51.948330273268425,"graham_pe,graham_pe_times_pb,munger_roe",17351407616.0,22.406404,1.3735052,1.691,0.60175,0.06413,0.69524,0.13340217457328554,1072150016.0,0.010700000000000001,4.0
GPN,False,51.838596842886886,"graham_current_ratio,graham_pe,graham_pe_times_pb,munger_roe",22720135168.0,40.691944,0.9875322,0.825,0.98273,0.02428,0.63959,0.2276994263340271,7867763200.0,0.011699999999999999,4.0
CTS,False,51.838566859567884,"graham_size,graham_pe,graham_pe_times_pb,munger_roe",1714228352.0,25.117153,2.9937162,2.609,0.15692,0.12429,0.3842953679722455,0.15266811744667644,72120000.0,0.0027,4.0
STE,False,51.82746388616801,"graham_pe,graham_pe_times_pb,munger_roe",20320485376.0,25.478605,2.8196576,1.906,0.28312000000000004,0.11389,0.4424771306794252,0.18561633450698292,798862528.0,0.0124,4.0
DASH,False,51.819295511814104,"graham_current_ratio,graham_earnings_stability,graham_pe,graham_pe_times_pb,munger_roe",83141214208.0,100.46074,8.379405,1.368,0.33276000000000006,0.088870004,0.52225,0.05270831814536706,5147500032.0,,2.0
AKR,False,51.788840863106856,"graham_current_ratio,graham_earnings_stability,graham_pe,graham_pe_times_pb,munger_roe",2789805056.0,54.67143,1.124596,1.245,0.63176,0.057150003,0.70607,0.1203290509960877,187720752.0,0.0416,3.0
DBX,False,51.714739049130166,"data_missing:debt_to_equity,data_missing:return_on_equity,graham_current_ratio,graham_pe_times_pb",7040792576.0,17.889503,-3.2510042,1.074,,,0.8013486711622372,0.27334391114637047,783075008.0,,4.0
PLAB,False,51.691391733694424,"graham_size,munger_roe",1785254272.0,10.768683,1.3747047,4.941,0.00223,0.13769001,0.3530344026921184,0.2450988703558485,29464124.0,,4.0
DT,False,51.68939226542679,"graham_current_ratio,graham_pe,graham_pe_times_pb,munger_roe",16984193024.0,117.04,6.932828,1.208,0.06498999999999999,0.058790002,0.8155933426047631,0.12157579294753681,546524224.0,,4.0
CURB,False,51.676002427664315,"graham_pe,graham_pe_times_pb,munger_roe",3271681536.0,105.33333,1.554608,2.654,0.28476,0.0146200005,0.75179,0.19184,152188000.0,0.0239,4.0
AGO,False,51.596460717223714,"graham_current_ratio,munger_roe",3094817024.0,9.357713,0.5573906,0.99,0.30563,0.06666,0.94342005,0.4264,14625000.0,0.0222,4.0
GIII,False,51.576866666666675,"graham_size,graham_earnings_stability,munger_roe",1160667008.0,8.904605,0.6324471,2.704,0.18736999999999998,0.07677,0.39953,0.00728,151427872.0,0.0148,3.0
URI,False,51.53270747258237,"graham_current_ratio,graham_debt_to_equity,graham_pe,graham_pe_times_pb",64988626944.0,25.361187,7.0563903,0.764,1.6679300000000001,0.28895,0.38163861109385677,0.24678551462823778,1706249984.0,0.0077,4.0
TDW,False,51.48117560793588,"graham_earnings_stability,graham_pe_times_pb,munger_gross_margin",4223308800.0,17.21704,3.0313203,3.582,0.47051000000000004,0.19448,-0.07472836353195413,0.20889926418517046,367619136.0,,3.0
AMSF,False,51.40565617857143,"data_missing:debt_to_equity,graham_size,munger_gross_margin",439953344.0,9.570564,1.7586693,2.042,,0.18225001,0.27679002,0.19858,36250000.0,0.0688,4.0
MGM,False,51.36081656718372,"graham_current_ratio,graham_debt_to_equity,graham_pe_times_pb",8338191872.0,19.751516,3.2616093,1.335,8.933110000000001,0.18924999,0.44157,0.05712157073428685,878991104.0,,4.0
KFY,False,51.308672691052024,"munger_roe,munger_gross_margin",3908596224.0,13.568181,1.8244328,2.371,0.29869,0.14506,0.24725,0.1275225520912558,253317744.0,0.030600000000000002,4.0
EAT,False,51.30383266710707,"graham_current_ratio,graham_debt_to_equity,graham_pe_times_pb,munger_gross_margin",8740580352.0,19.25299,19.904888,0.455,3.95763,1.19568,0.18646999,0.1067431208458174,367575008.0,,4.0
NXST,False,51.28463329703933,"graham_debt_to_equity,graham_pe,graham_pe_times_pb,munger_roe",4920856064.0,30.250946,2.17242,1.562,5.337899999999999,0.07434,0.55070996,0.17154980804202868,800625024.0,0.0461,4.0
REX,False,51.28407520710032,"graham_size,munger_gross_margin",1410794112.0,11.650685,2.0943117,6.884,0.023090000000000003,0.19591999,0.14405514637494676,0.20159,47938876.0,,4.0
PFG,False,51.2026788696127,"graham_pe_times_pb,munger_roe",24639162368.0,16.393162,2.03415,1.586,0.35307,0.12949,0.47345,0.12336001,1056374976.0,0.0294,4.0
KDP,False,51.17277451851788,"graham_current_ratio,graham_pe,graham_pe_times_pb,munger_roe",42845605888.0,31.80303,1.7116064,0.479,0.99649,0.051,0.5420104800337289,0.215322532072517,4607249920.0,0.0298,4.0
WMB,False,51.127250000000004,"graham_current_ratio,graham_debt_to_equity,graham_pe,graham_pe_times_pb,munger_fcf",84502528000.0,27.523905,6.422927,0.477,2.00371,0.21503,0.63637,0.3511297071129707,-1516749952.0,0.0298,4.0
DEI,False,51.10491226325629,"data_missing:trailing_pe,graham_size,graham_current_ratio,graham_debt_to_equity,graham_earnings_stability,munger_roe",1979638272.0,,0.89687526,0.547,1.6313300000000002,-0.01928,0.6335223141450743,0.25911461947598013,395813120.0,0.0786,2.0
CCK,False,51.094961817813335,"graham_current_ratio,graham_debt_to_equity,graham_pe_times_pb,munger_gross_margin",11728189440.0,15.493534,4.0437617,1.049,1.86334,0.27367002,0.20957,0.1255964415689446,853875008.0,0.0124,4.0
UPS,False,51.08973970733782,"graham_current_ratio,graham_debt_to_equity,graham_pe_times_pb,munger_gross_margin",79394938880.0,17.345724,5.2708273,1.179,1.899,0.29602,0.22413,0.08873123470296974,5593999872.0,0.0713,4.0
MZTI,False,51.07515442266679,"graham_pe_times_pb,munger_gross_margin",2735376896.0,14.359599,2.5973723,1.559,0.24097000000000002,0.18677999,0.24732216374247792,0.12369580008114733,132784872.0,0.039599999999999996,4.0
CRC,False,51.063030231539216,"data_missing:trailing_pe,graham_current_ratio,munger_roe",4651497984.0,,1.3672916,0.661,0.39594,-0.03554,0.5676,0.16298718997001907,299500000.0,0.030899999999999997,4.0
NFG,False,51.044,munger_fcf,7477197312.0,10.956824,1.9054885,3.201,0.9092,0.19576,0.63229,0.35716546924951076,-24765500.0,0.0281,4.0
JOE,False,51.025260473123566,"graham_pe,graham_pe_times_pb",3723821056.0,30.70892,4.8762493,3.839,0.71346,0.16246,0.4305342857031521,0.28491405680706716,118878000.0,0.009899999999999999,4.0
ALRM,False,50.86002162476766,"graham_pe,graham_pe_times_pb,munger_roe",2617981952.0,23.597345,3.0249577,4.96,0.62337,0.13311,0.65809,0.1321595313230886,100146624.0,,4.0
DORM,False,50.836423867975824,graham_pe_times_pb,3708265216.0,17.331484,2.4468377,3.598,0.34867,0.15048,0.4214096574268924,0.140611335673202,143988752.0,,4.0
EIX,False,50.82179988595041,"graham_current_ratio,graham_debt_to_equity",20164253696.0,5.407637,1.1557379,0.662,2.28042,0.19734,0.61005,0.36718952218253353,82375000.0,0.0668,4.0
AAT,False,50.79093048758977,"graham_size,graham_current_ratio,graham_debt_to_equity,graham_pe,graham_pe_times_pb,munger_roe",1653352320.0,71.033325,1.1660101,0.62,1.61778,0.02164,0.6112025566019569,0.33454988950124254,98077376.0,0.0633,4.0
AXP,False,50.74776826273877,"data_missing:free_cash_flow,graham_debt_to_equity,graham_pe_times_pb",209028644864.0,18.78216,6.09491,1.553,1.7238,0.34377,0.62338,0.1158504261305713,,0.0124,4.0
MTCH,False,50.72325423542174,"data_missing:debt_to_equity,data_missing:return_on_equity,graham_pe_times_pb",9516107776.0,14.466311,-39.56838,1.724,,,0.74872,0.250209265493174,930664000.0,0.0196,4.0
CW,False,50.68200281804278,"graham_pe,graham_pe_times_pb",19943860224.0,37.16311,7.199637,1.602,0.41481999999999997,0.19746,0.3720399088490304,0.18109023282829842,553040256.0,0.0019,4.0
LIN,False,50.65575527820474,"graham_current_ratio,graham_pe,graham_pe_times_pb",215406804992.0,30.147097,5.5118074,0.879,0.68947,0.18400998,0.48348,0.26254928499970576,4160750080.0,0.0137,4.0
EFX,False,50.59892220553694,"graham_current_ratio,graham_debt_to_equity,graham_pe,graham_pe_times_pb,munger_roe",17351931904.0,26.002644,3.9652858,0.602,1.20956,0.14275,0.55542,0.1802946744588032,947537472.0,0.0151,4.0
TRMB,False,50.597270206633794,"data_missing:trailing_pe,graham_current_ratio,munger_roe",13393849344.0,,2.3608713,0.954,0.28553,-0.01939,0.6907423410364341,0.16502662169319543,686174976.0,,4.0
DINO,False,50.56553511519427,munger_gross_margin,18610413568.0,9.979028,1.809476,1.971,0.32261,0.19504999,0.12892,0.034500725743421785,2035624960.0,0.0199,4.0
NOW,False,50.542443782362156,"graham_current_ratio,graham_pe,graham_pe_times_pb,munger_roe",141421985792.0,87.12738,11.2993555,0.701,0.67538,0.14244,0.7753426720891701,0.13737008585630367,5149374976.0,,4.0
WST,False,50.512056740048436,"graham_pe,graham_pe_times_pb",26129113088.0,47.53905,8.741348,2.822,0.10585000000000001,0.19087,0.35912950131745874,0.19026707003675872,277937504.0,0.0024,4.0
ABT,False,50.490228157217246,"graham_current_ratio,graham_pe,graham_pe_times_pb,munger_roe",174889844736.0,32.70874,3.42181,1.376,0.63212,0.10576,0.56847,0.18166847139505504,7209124864.0,0.024900000000000002,4.0
LDOS,False,50.47408178200881,"graham_debt_to_equity,graham_pe_times_pb,munger_gross_margin",15542209536.0,11.563959,2.941386,1.629,1.2327599999999999,0.27781,0.17795,0.12280190986374752,1146625024.0,0.0139,4.0
PEN,False,50.43091354535285,"graham_earnings_stability,graham_pe,graham_pe_times_pb,munger_roe",12548289536.0,78.46552,8.197468,5.75,0.13896,0.1137,0.6714116259933817,0.13482490480278414,161100128.0,,3.0
SYY,False,50.420353309851784,"graham_current_ratio,graham_debt_to_equity,graham_pe,graham_pe_times_pb,munger_gross_margin",37718044672.0,21.199461,14.117753,1.277,5.64591,0.77692,0.18496091209064136,0.03660426004990953,1914000000.0,0.0281,4.0
BDX,False,50.40282724514179,"graham_current_ratio,graham_pe,graham_pe_times_pb,munger_roe",49876750336.0,31.734835,2.0427947,0.865,0.6884,0.06607,0.47138235660072164,0.11808608058608058,4478374912.0,0.023399999999999997,4.0
LZB,False,50.40078678204567,"graham_size,munger_roe",1205588480.0,15.279188,1.1897703,1.665,0.5279200000000001,0.080469996,0.44041455162733617,0.06075654731535971,182847744.0,0.032400000000000005,4.0
MIDD,False,50.38567666794713,"graham_earnings_stability,graham_pe_times_pb,munger_roe",4894640640.0,16.44909,2.2147987,1.987,0.90515,0.10974,0.3910765393748973,0.17958598051606864,604098624.0,,0.0
ATEN,False,50.379301241905075,"graham_size,graham_current_ratio,graham_pe,graham_pe_times_pb",1896184704.0,45.025864,7.952193,1.29,0.9500700000000001,0.19444999,0.7933555206035304,0.1622469945656102,61384500.0,0.0092,4.0
PHM,False,50.355415150157924,"munger_roe,munger_gross_margin",22858362880.0,12.257405,1.7305279,7.272,0.19065000000000001,0.14901,0.25565,0.15685001,1078512896.0,0.0088,4.0
WM,False,50.343578176429396,"graham_current_ratio,graham_debt_to_equity,graham_pe,graham_pe_times_pb",82645114880.0,29.244694,8.332057,0.907,2.35301,0.29841,0.40601003,0.17092524996032377,2348375040.0,0.0182,4.0
CAT,False,50.333595992216516,"graham_current_ratio,graham_debt_to_equity,graham_pe,graham_pe_times_pb,munger_gross_margin",375827857408.0,35.25636,19.377502,1.368,2.32783,0.56972003,0.29713,0.16498246756128956,5048999936.0,0.008100000000000001,4.0
OSK,False,50.31733597839432,"munger_roe,munger_gross_margin",8168785920.0,15.155786,1.8073407,1.718,0.24359000000000003,0.12387,0.17452961438454084,0.09014325053011331,734037504.0,0.0175,4.0
ARR,False,50.24824999999999,"data_missing:free_cash_flow,graham_size,graham_current_ratio,graham_debt_to_equity,graham_earnings_stability",1990235776.0,3.1882088,0.7434433,1.142,7.567240000000001,0.20331,1.0,0.86998004,,0.2041,1.0
IRT,False,50.22193216658811,"graham_current_ratio,graham_earnings_stability,graham_pe,graham_pe_times_pb,munger_roe",3527410176.0,81.08333,1.0224168,0.588,0.7015600000000001,0.0125899995,0.60678,0.2709902108433735,186066880.0,0.0493,2.0
SCHW,False,50.20475,"data_missing:free_cash_flow,graham_current_ratio,graham_debt_to_equity,graham_pe_times_pb",172708757504.0,18.191257,3.9283326,0.655,1.5110599999999998,0.20273,0.97495,0.52277,,0.0129,4.0
CDW,False,50.192945652822175,"graham_current_ratio,graham_debt_to_equity,graham_pe_times_pb,munger_gross_margin",17292410880.0,16.625002,7.0969734,1.167,2.6327800000000003,0.44009998,0.21732867762808764,0.07383127973920915,676787520.0,0.0181,4.0
ISRG,False,50.14062187010803,"data_missing:debt_to_equity,data_missing:consecutive_positive_earnings_years,graham_pe,graham_pe_times_pb",144296476672.0,46.239952,7.845066,4.963,,0.17423001,0.6599600584220096,0.29265651236499846,2615200000.0,,
GAP,False,50.139938323344936,"graham_debt_to_equity,graham_earnings_stability",7603242496.0,6.5195785,1.9229746,1.822,1.44773,0.33776,0.4079135754262658,0.07256280098919693,246375008.0,0.0323,3.0
AIT,False,50.13682274142214,"graham_pe,graham_pe_times_pb",12256264192.0,30.638199,6.7747564,2.578,0.25967,0.22368999,0.30337834926548607,0.11063091163806207,362843616.0,0.0060999999999999995,4.0
TREX,False,50.135367980568205,"graham_current_ratio,graham_pe,graham_pe_times_pb",4508553216.0,26.035292,4.6181135,1.061,0.30034,0.17740999,0.3917030794529694,0.21967831847441852,69669128.0,,4.0
EEFT,False,50.12940527521032,"graham_current_ratio,graham_debt_to_equity,munger_gross_margin",2449187584.0,10.393651,1.9911208,1.371,2.25391,0.22371,0.24004,0.12482917864379624,311637504.0,,4.0
NCLH,False,50.02969396874373,"graham_current_ratio,graham_debt_to_equity,graham_earnings_stability,munger_fcf",6683479040.0,8.821213,2.5977154,0.2,6.21051,0.3673,0.42457,0.19436341482624267,-1680301312.0,,3.0
FCX,False,49.983607038255855,"graham_pe,graham_pe_times_pb,munger_roe",103766630400.0,35.42157,5.1603227,2.066,0.32149,0.14755,0.38275,0.25151456685317386,2159249920.0,0.0083,4.0
WFRD,False,49.980075565872646,"graham_pe_times_pb,munger_gross_margin",6067444736.0,16.834326,3.4070194,2.344,0.9066500000000001,0.22793,0.22224465078724262,0.0951281459247287,558000000.0,0.0131,4.0
NABL,False,49.94521848360759,"data_missing:trailing_pe,graham_size,graham_current_ratio,graham_earnings_stability,munger_roe",766011840.0,,0.9521014,1.305,0.5425099999999999,-0.00632,0.7711241030052989,0.07193359795084371,70063376.0,,0.0
RJF,False,49.94475789285715,"data_missing:free_cash_flow,graham_pe_times_pb",30799392768.0,13.990401,2.4256408,2.109,0.47594000000000003,0.18416001,0.93156,0.19301,,0.013600000000000001,4.0
ITRI,False,49.92248352165614,"graham_earnings_stability,graham_pe_times_pb",3949127168.0,15.08194,2.442783,2.746,0.9775400000000001,0.16885,0.37686729520267453,0.13225278536528903,295262240.0,,3.0
SLG,False,49.91933266666667,"data_missing:trailing_pe,graham_debt_to_equity,graham_earnings_stability,munger_roe",3910837760.0,,1.1300801,2.466,1.4255600000000002,-0.03573,0.44757998,0.6499512484970779,581023296.0,0.048499999999999995,0.0
BKNG,False,49.88750416251503,"data_missing:debt_to_equity,data_missing:return_on_equity,graham_current_ratio,graham_pe_times_pb",121964085248.0,18.035557,-11.410095,1.094,,,0.9809163315195962,0.3278597169075306,7725875200.0,0.010700000000000001,4.0
AGNC,False,49.84925,"data_missing:free_cash_flow,graham_current_ratio,graham_debt_to_equity,graham_earnings_stability",11392476160.0,4.7810946,1.0580205,0.192,7.170929999999999,0.19799,1.0,0.95614,,0.14980000000000002,3.0
ESE,False,49.825746673579815,"graham_current_ratio,graham_pe,graham_pe_times_pb,munger_roe",6937528320.0,49.588886,4.2896276,1.382,0.09315,0.095,0.42008,0.15552023575208054,233938368.0,0.0012,4.0
WMS,False,49.776420917198784,"graham_pe,graham_pe_times_pb",10060580864.0,22.690475,5.310883,2.119,0.97185,0.26354,0.38270232915548774,0.2029920245897555,327261376.0,0.0062,4.0
DTM,False,49.70839414861407,"graham_current_ratio,graham_pe,graham_pe_times_pb,munger_roe",12480040960.0,26.769146,2.611429,1.372,0.6854300000000001,0.09901,0.75344,0.49396621078037006,128000000.0,0.0282,4.0
MRP,False,49.7029997,"graham_earnings_stability,munger_roe,munger_fcf",4497408000.0,9.437283,0.7685432,46.568,0.42579999999999996,0.081199996,0.85307,0.8094913741275453,-1379807232.0,0.1168,1.0
NLY,False,49.675250000000005,"data_missing:free_cash_flow,graham_current_ratio,graham_debt_to_equity,graham_earnings_stability",15522748416.0,4.9746375,1.0221858,0.558,7.37543,0.19567,0.97972,0.91652,,0.1456,2.0
GNL,False,49.60336913563938,"data_missing:trailing_pe,graham_size,graham_debt_to_equity,graham_earnings_stability,munger_roe",1993959936.0,,1.2047518,5.63,1.61696,-0.00962,0.85733,0.22407861316491887,366119616.0,0.08810000000000001,0.0
HST,False,49.598737380251414,"graham_pe_times_pb,munger_gross_margin",15558398976.0,14.93,2.401351,1.671,0.8529800000000001,0.15558,0.29195,0.13984298331697742,1692375040.0,0.036000000000000004,4.0
ADUS,False,49.5965076467748,"graham_pe_times_pb,munger_roe",2115237888.0,19.837128,1.8046682,1.69,0.09478,0.09706,0.3246848924100019,0.0974425846906568,116251504.0,,4.0
TDY,False,49.59064116524963,"graham_pe,graham_pe_times_pb,munger_roe",28500858880.0,29.716288,2.6102998,2.181,0.18565,0.09154,0.43339002,0.18801713706380613,912675008.0,,4.0
BCPC,False,49.57672449862375,"graham_pe,graham_pe_times_pb,munger_roe",5316775936.0,32.89645,4.092281,2.665,0.12801,0.12793,0.3573533906500534,0.20182594601995255,134847504.0,0.005699999999999999,4.0
MRVL,False,49.56721802740011,"graham_earnings_stability,graham_pe,graham_pe_times_pb",238030897152.0,87.41254,12.731204,3.168,0.28525,0.16523,0.5101774339198984,0.16143557952798185,2408049920.0,0.0009,1.0
LMT,False,49.44737335259206,"graham_current_ratio,graham_debt_to_equity,graham_pe_times_pb,munger_gross_margin",119385743360.0,19.067083,13.569329,1.193,2.34238,0.89165,0.10152169278328536,0.10301407099456347,5562625024.0,0.0264,4.0
SONO,False,49.393527974518804,"graham_earnings_stability,graham_pe,graham_pe_times_pb,munger_roe",2152950528.0,40.444447,5.334115,1.615,0.14081,0.14175999,0.43687416682602637,-0.0349676707712177,97409872.0,,0.0
NYT,False,49.3882018622392,"data_missing:debt_to_equity,graham_pe,graham_pe_times_pb",10394726400.0,26.854164,5.084812,1.58,,0.19724001,0.50958997,0.15276797415004612,459932128.0,0.0146,4.0
OMCL,False,49.321664438296025,"graham_size,graham_earnings_stability,graham_pe,graham_pe_times_pb,munger_roe",1504442368.0,39.380955,1.1682029,1.644,0.15484,0.03059,0.4249011474074668,0.004355000021099806,134181872.0,,2.0
IEX,False,49.32063914024673,"graham_pe,graham_pe_times_pb,munger_roe",17022661632.0,33.368496,4.2633214,3.049,0.4706,0.12955,0.44506146059291396,0.20225596529284165,555612480.0,0.0128,4.0
PH,False,49.29662455614753,"graham_current_ratio,graham_pe,graham_pe_times_pb,munger_gross_margin",123094548480.0,34.28416,7.9902916,1.262,0.5666,0.25076,0.23611907314400027,0.23573189450672125,2961750016.0,0.008199999999999999,4.0
HAE,False,49.28295971324178,"graham_debt_to_equity,graham_pe,graham_pe_times_pb,munger_roe",4837246464.0,51.36232,5.775436,3.08,1.40265,0.111999996,0.5903823535805497,0.11748937615205689,312840000.0,,4.0
BURL,False,49.263958975289995,"graham_current_ratio,graham_debt_to_equity,graham_pe,graham_pe_times_pb",15882822656.0,22.697487,7.932549,1.172,2.94974,0.41412997,0.44084,0.06718,107377376.0,,4.0
DOV,False,49.160850125916156,"graham_pe,graham_pe_times_pb,munger_roe",25769713664.0,23.305725,3.3449879,1.979,0.42316000000000004,0.14914,0.397669541607976,0.16970638873603952,906472128.0,0.011200000000000002,4.0
VFC,False,49.15616148702712,"graham_current_ratio,graham_debt_to_equity,graham_earnings_stability,graham_pe",5486192640.0,20.224638,1.4760947,1.425,2.80723,0.17938,0.55037,0.06002671259453336,324440736.0,0.0263,1.0
NKE,False,49.08399189168936,graham_pe_times_pb,53176012800.0,17.06905,3.575918,1.961,0.74289,0.22138001,0.42913487650329757,0.12687,1889250048.0,0.045599999999999995,4.0
MTDR,False,49.04975995605462,"graham_current_ratio,munger_roe,munger_fcf",6388192256.0,8.70489,1.0796453,0.65,0.69104,0.13592,0.8239,0.3318317323079412,-907763968.0,0.028300000000000002,4.0
MTSI,False,49.027213861511186,"graham_earnings_stability,graham_pe,graham_pe_times_pb",21826048000.0,91.30671,14.164849,2.338,0.26873,0.17184,0.5469088909060458,0.13404076265070952,104351504.0,,0.0
ENVA,False,48.973244392776174,"data_missing:free_cash_flow,graham_debt_to_equity,graham_pe_times_pb",4341404672.0,12.963942,2.8984027,20.146,3.3701499999999998,0.26081,0.5807241469793788,0.23461719929192712,,,4.0
PRSU,False,48.96018080736299,"graham_size,graham_pe,graham_pe_times_pb,munger_roe,munger_fcf",1354621184.0,33.344593,2.5088968,1.606,0.39954999999999996,0.08914,0.92541003,0.309585052171803,-54856000.0,,4.0
FSS,False,48.947208576345105,"graham_pe,graham_pe_times_pb,munger_gross_margin",6979192832.0,24.641165,4.629322,2.739,0.32223,0.20608,0.2894748910800275,0.1563402889245586,194724992.0,0.0053,4.0
SPXC,False,48.931741624032185,"graham_pe,graham_pe_times_pb,munger_roe",8621779968.0,30.253075,3.6709101,1.825,0.26175,0.14684,0.40287998,0.15469515694671318,234024992.0,,4.0
COIN,False,48.87428165361072,"data_missing:trailing_pe,graham_earnings_stability,munger_roe",51494371328.0,,3.9361703,2.423,0.5098199999999999,-0.07847,0.8581,0.1998852579433461,2668452864.0,,3.0
LGND,False,48.845178675220474,"graham_debt_to_equity,graham_earnings_stability,graham_pe,graham_pe_times_pb",6004007424.0,30.889233,6.2007413,31.178,1.16944,0.21962,0.81198996,0.1529428879430931,139748880.0,,1.0
VVV,False,48.81759683579867,"graham_current_ratio,graham_debt_to_equity,graham_pe,graham_pe_times_pb",3689618944.0,35.71605,10.447815,0.702,4.7499400000000005,0.28399,0.38502017189966675,0.2279717008711922,72525000.0,,4.0
CR,False,48.7900830299814,"graham_pe,graham_pe_times_pb",11940975616.0,36.0541,5.4833317,2.804,0.51181,0.16521999,0.40718843843843844,0.1840347071583514,363750016.0,0.005,4.0
PPG,False,48.77058473421873,graham_pe_times_pb,23918368768.0,15.4368725,2.8329384,1.58,0.86938,0.19297001,0.41202998,0.1646964659524689,1104625024.0,0.0278,4.0
O,False,48.768562347441765,"graham_pe,graham_pe_times_pb,munger_roe",52330590208.0,40.368614,1.3231494,1.528,0.74722,0.03225,0.9268,0.46965998,1582081920.0,0.0588,4.0
CVCO,False,48.68604222944975,"graham_pe,graham_pe_times_pb,munger_gross_margin",4286149376.0,24.235216,3.8700426,2.229,0.03702,0.16658,0.23474530018868303,0.10183492574086492,163879120.0,,4.0
NVST,False,48.58418064128115,"graham_earnings_stability,graham_pe,graham_pe_times_pb,munger_roe",3847597312.0,41.301723,1.2505872,2.425,0.5162,0.030569999,0.5466813752528038,0.07946313660599374,267887504.0,,1.0
XYL,False,48.558998284829485,"graham_pe,graham_pe_times_pb,munger_roe",23969757184.0,24.44286,2.1782305,1.613,0.28642,0.09182999,0.38461538461538464,0.13536247924737133,1183750016.0,0.0168,4.0
PRG,False,48.52607383085003,"graham_size,graham_debt_to_equity",1292934784.0,10.370606,1.6054206,4.518,1.10148,0.17066,0.36145002,0.08582559605316735,1535915904.0,0.0172,4.0
CNMD,False,48.525135933626714,"graham_size,graham_current_ratio,graham_earnings_stability,graham_pe,graham_pe_times_pb,munger_roe",1374762368.0,25.081968,1.3217001,1.484,0.80109,0.05527,0.5459095789409365,0.07464916594167266,131359624.0,0.0172,3.0
QRVO,False,48.51065274683833,"graham_earnings_stability,graham_pe,graham_pe_times_pb,munger_roe",10399565824.0,27.350348,2.995223,3.543,0.44619,0.115559995,0.4589083046238471,0.11184507234844912,476142016.0,,2.0
SNPS,False,48.50171623705658,"graham_current_ratio,graham_pe,graham_pe_times_pb,munger_roe",82202542080.0,74.72997,2.63828,1.337,0.34804,0.03661,0.7698457566565516,0.1297000160755796,3425542400.0,,4.0
MS,False,48.47749925,"data_missing:free_cash_flow,graham_debt_to_equity,graham_pe_times_pb",309118861312.0,15.885391,2.9029071,1.999,5.172820000000001,0.17969999,0.87641,0.41567,,0.023399999999999997,4.0
TRGP,False,48.473835037565394,"graham_current_ratio,graham_debt_to_equity,graham_pe,graham_pe_times_pb,munger_gross_margin",59390959616.0,26.504307,16.241718,0.771,5.15794,0.70839995,0.2943801824451338,0.19562727929388135,65837500.0,0.0177,4.0
PCRX,False,48.46888985189136,"graham_size,graham_earnings_stability,graham_pe,graham_pe_times_pb,munger_roe",1003921600.0,71.957146,1.4925328,5.042,0.61329,0.020480001,0.79206,0.02641892812746503,98341248.0,,1.0
AN,False,48.45469927561734,"graham_current_ratio,graham_debt_to_equity,munger_gross_margin",5569092608.0,7.809458,2.4701948,0.782,5.0158499999999995,0.32766998,0.17908973124778332,0.04487286203377317,356124992.0,,4.0
HR,False,48.43585915738058,"data_missing:trailing_pe,graham_current_ratio,graham_debt_to_equity,graham_earnings_stability,munger_roe",6223405056.0,,1.4575375,0.342,1.03031,-0.019199999,0.61946,0.2013827586768514,493022368.0,0.0538,0.0
DOC,False,48.348107142857145,"graham_debt_to_equity,graham_pe,graham_pe_times_pb,munger_roe",14225027072.0,57.328575,1.7634909,2.286,1.08653,0.03039,0.57648,0.1599,1645113088.0,0.0602,4.0
L,False,48.328111886521356,"graham_current_ratio,munger_roe",21448554496.0,12.87362,1.1219231,0.507,0.44609000000000004,0.09313,0.36290002,0.14533,1262000000.0,0.0024,4.0
SAFT,False,48.272133333333336,"graham_size,graham_current_ratio,graham_pe,graham_pe_times_pb,munger_roe,munger_gross_margin",1522072320.0,22.296774,1.7365379,0.385,0.06817999999999999,0.07842,0.07645,0.13685,160487248.0,0.0356,4.0
MMS,False,48.25445645230644,munger_gross_margin,2780197120.0,8.033282,1.5973287,2.421,0.99546,0.21112,0.2455119202191161,0.09726793482783788,354073760.0,0.025099999999999997,4.0
TYL,False,48.218392646159316,"graham_pe,graham_pe_times_pb,munger_roe",13454050304.0,43.114174,4.427389,1.554,0.47906,0.09731,0.46464066131010057,0.15335499969987224,594435648.0,,4.0
GTES,False,48.19689210726424,"graham_pe_times_pb,munger_roe",6761667584.0,18.943262,1.9199252,3.244,0.60695,0.10384,0.39837941449814124,0.13513592007434944,417662496.0,,4.0
VMI,False,48.12126561173708,graham_pe_times_pb,8971642880.0,18.160805,5.1956463,2.354,0.50676,0.29777,0.30212114611186563,0.10125869191360254,142812496.0,0.0066,4.0
KMT,False,48.10190208438315,munger_fcf,2365035264.0,7.0045247,1.5030586,2.618,0.47334000000000004,0.23853001,0.4115741601172488,0.20050596215552438,-171881504.0,0.026600000000000002,4.0
WSO,False,48.08713126465105,"graham_pe,graham_pe_times_pb,munger_gross_margin",13104584704.0,27.62348,4.0937915,3.199,0.15411,0.16744,0.28047833420128215,0.09950520009558948,483663744.0,0.0412,4.0
AEO,False,48.07550960002165,graham_debt_to_equity,2750716416.0,8.461341,1.5600647,1.592,1.0898999999999999,0.20003,0.36510453133776893,0.040781030408657576,210763744.0,0.0311,4.0
DEA,False,48.0461825320256,"graham_size,graham_current_ratio,graham_debt_to_equity,graham_pe,graham_pe_times_pb,munger_roe",1115862272.0,119.84211,0.81800544,0.604,1.25876,0.0077100005,0.67524004,0.17425175820559718,127493128.0,0.0793,4.0
DHI,False,47.94270353965781,"munger_roe,munger_gross_margin",39650451456.0,13.500952,1.6707524,6.011,0.29451,0.12632,0.21298,0.1299,2413900032.0,0.0128,4.0
AMRX,False,47.888171049734076,"graham_debt_to_equity,graham_earnings_stability,graham_pe,graham_pe_times_pb,munger_fcf",6882329600.0,41.166668,191.84467,2.205,23.86528,6.1301703,0.36879645947342615,0.13054896712557473,-115327128.0,,1.0
OKTA,False,47.81655832220759,"graham_earnings_stability,graham_pe,graham_pe_times_pb,munger_roe",34549862400.0,118.341324,4.954747,1.525,0.0076,0.043130003,0.7735525865022268,0.05104487838300788,1037625024.0,,2.0
MYRG,False,47.806450720108,"graham_current_ratio,graham_pe,graham_pe_times_pb,munger_gross_margin",4528627712.0,27.596773,6.002765,1.398,0.08895,0.24714,0.11585534716881786,0.045619755000766836,177308880.0,,4.0
GTM,False,47.74138226719259,"data_missing:trailing_pe,graham_size,graham_current_ratio,graham_debt_to_equity,munger_roe",1125140352.0,,1.3633157,0.651,1.83227,-0.45449,0.8402561024409764,0.18063225290116047,356462496.0,,4.0
GILD,False,47.73313516012903,"data_missing:trailing_pe,graham_current_ratio,graham_debt_to_equity,munger_roe",185788694528.0,,15.719158,1.265,2.2346500000000002,-0.2068,0.79603994,0.34038650952688243,9768875008.0,0.0219,4.0
UPBD,False,47.71685104917649,"graham_size,graham_debt_to_equity,graham_earnings_stability,munger_roe",940952320.0,10.480519,1.2829888,3.126,2.32932,0.12733,0.48385079554876925,0.04757062794285314,1568163200.0,0.0983,2.0
NSC,False,47.7039824602478,"graham_current_ratio,graham_debt_to_equity,graham_pe,graham_pe_times_pb",70347341824.0,26.884123,4.328239,0.831,1.05519,0.16985,0.45159,0.35763546798029555,1382249984.0,0.0172,4.0
KEX,False,47.67844567208805,"graham_pe_times_pb,munger_roe",6769751552.0,19.664877,1.9778023,1.684,0.35618,0.10414,0.33196998,0.14752575021179828,347219136.0,,4.0
GS,False,47.6765,"data_missing:free_cash_flow,graham_debt_to_equity,graham_pe_times_pb",271316418560.0,14.397558,2.5737123,1.563,7.25381,0.16902,0.82075995,0.42176998,,0.0217,4.0
GEHC,False,47.588049979741754,"graham_current_ratio,graham_pe_times_pb",30068752384.0,15.338709,2.7397316,1.264,0.93965,0.19376,0.3999030303030303,0.13396363636363637,1573124992.0,0.0024,4.0
VST,False,47.57714237981278,"graham_current_ratio,graham_debt_to_equity,graham_earnings_stability,graham_pe,graham_pe_times_pb",45867237376.0,23.045195,15.274172,0.973,3.7327999999999997,0.42962003,0.38309,0.10745292592174992,37125000.0,0.0067,3.0
DHR,False,47.504474502252656,"graham_pe,graham_pe_times_pb,munger_roe",157612982272.0,39.89413,2.9971526,1.651,0.5297,0.07605,0.5911348095083034,0.19089873005535657,4325125120.0,0.0072,4.0
RPM,False,47.476345961702506,graham_pe_times_pb,12729836544.0,19.290136,3.8440487,1.678,0.89022,0.21371001,0.41435204672978254,0.15307,480144864.0,0.0219,4.0
P,False,47.43560687313596,"graham_pe,graham_pe_times_pb,munger_fcf",41813356544.0,171.89041,27.142548,1.511,0.14622,0.17714001,0.7038120388998382,0.03134614287317256,-114351752.0,,4.0
AXTA,False,47.40942378874027,"graham_debt_to_equity,graham_pe,graham_pe_times_pb,munger_roe",7043398144.0,20.190184,2.792533,1.533,1.19424,0.14344,0.34039003,0.1436388508891929,539500032.0,,4.0
RBC,False,47.36551244518629,"graham_pe,graham_pe_times_pb,munger_roe",16004064256.0,49.90227,4.609668,2.53,0.25364000000000003,0.09747,0.4437436527874285,0.22502538885028595,283237504.0,,4.0
TSCO,False,47.355306567990525,"graham_current_ratio,graham_debt_to_equity,graham_pe_times_pb",16879094784.0,16.872396,6.446766,1.334,2.4871,0.39513,0.3642418993089817,0.09452361839175173,103175000.0,0.0305,4.0
ADAM,False,47.3285,"data_missing:free_cash_flow,graham_size,graham_current_ratio,graham_debt_to_equity,graham_earnings_stability",728934016.0,4.8274407,0.78214866,0.844,7.69104,0.16438,0.78673,0.51676,,0.14730000000000001,1.0
FIVE,False,47.28252150289043,"graham_pe,graham_pe_times_pb",12312284160.0,20.0574,4.9725404,2.222,0.8233199999999999,0.28250998,0.35610576054153226,0.09600858243878704,367360512.0,,4.0
IVT,False,47.26027293434404,"graham_pe,graham_pe_times_pb,munger_roe",2373273600.0,160.1842,1.3438866,1.849,0.62113,0.0085,0.72560996,0.2006123629119327,117164248.0,0.0327,4.0
BLFS,False,47.23245004081106,"graham_size,graham_earnings_stability,graham_pe,graham_pe_times_pb,munger_roe",1883059072.0,38.49,4.4802704,9.694,0.037469999999999996,0.12829,0.63613,0.059580002,4664875.0,,0.0
SWK,False,47.179253657057664,"graham_current_ratio,graham_earnings_stability,graham_pe,graham_pe_times_pb,munger_roe,munger_gross_margin",13826328576.0,22.385084,1.5432786,1.432,0.58172,0.06886,0.2527880382831585,0.17066666666666666,1419049984.0,0.0373,2.0
VICI,False,47.16686636476349,munger_roe,25715664896.0,9.052325,0.8815536,11.236,0.60277,0.09849,0.99271005,0.26193277598904674,267028992.0,0.0791,4.0
CXT,False,47.13298433192531,"graham_current_ratio,graham_debt_to_equity,graham_pe_times_pb,munger_roe",2744523008.0,19.702478,2.1671743,1.415,1.141,0.11484,0.36414319248826293,0.14891048469849702,239787504.0,0.015300000000000001,4.0
FCN,False,47.08763936075327,graham_pe_times_pb,3714032896.0,16.284502,2.7363904,2.028,0.9501999999999999,0.15634,0.32133041706245447,0.1026898085623184,289741120.0,,4.0
SPHR,False,47.086416666666665,"data_missing:trailing_pe,graham_current_ratio,graham_earnings_stability,munger_roe",5008512000.0,,2.248086,1.224,0.40995,-0.03097,0.54707,-0.18816027277682382,442722880.0,,1.0
APOG,False,47.03702088065677,"graham_size,munger_roe,munger_gross_margin",771292096.0,11.586206,1.5204245,1.76,0.5625399999999999,0.13756,0.22742684908804733,0.060135271257954356,102537000.0,0.0297,4.0
HLIT,False,47.02471130376817,"graham_size,graham_earnings_stability,graham_pe,graham_pe_times_pb,munger_roe",1207365504.0,46.125,3.3494704,3.047,0.36111,0.06546,0.4846986183960524,0.0390543737847516,71000248.0,,0.0
CALX,False,47.02399004597323,"graham_earnings_stability,graham_pe,graham_pe_times_pb,munger_roe",2106145408.0,44.01316,2.9662144,2.83,0.01969,0.06905,0.568310316896831,0.02098979010209898,61477124.0,,1.0
VRSK,False,46.99544767068667,"data_missing:debt_to_equity,data_missing:return_on_equity,graham_current_ratio,graham_pe,graham_pe_times_pb",21998970880.0,25.963133,-18.963312,1.005,,,0.70179003,0.43736778728805287,1055550016.0,0.011899999999999999,4.0
POOL,False,46.98173856605152,"graham_debt_to_equity,graham_pe_times_pb,munger_gross_margin",5961154560.0,15.076747,4.731051,2.671,1.34537,0.31254998,0.2972849830112928,0.1096919194554539,212930256.0,0.0322,4.0
CELH,False,46.97903053196597,"graham_earnings_stability,graham_pe,graham_pe_times_pb,munger_roe",7068533760.0,121.45652,5.899683,1.798,0.22802,0.05113,0.5038558500104761,0.05608227191604556,349633984.0,,3.0
SMPL,False,46.968988269117915,"data_missing:trailing_pe,graham_size,munger_roe",845940096.0,,0.5965076,4.796,0.31623999999999997,-0.12197,0.36235423041932013,0.10812932484216911,107168376.0,,4.0
LEG,False,46.93721504761905,"graham_size,graham_debt_to_equity,graham_earnings_stability,munger_gross_margin",1256618752.0,5.897436,1.1617628,2.35,1.5219900000000002,0.22642,0.19089001,0.08383001,241450000.0,0.00021700000000000002,1.0
SON,False,46.9223119153266,"graham_current_ratio,graham_debt_to_equity,munger_gross_margin",4955367936.0,7.746136,1.3836968,0.995,1.32433,0.18855,0.20939815418860017,0.13535954698870942,527077760.0,0.0432,4.0
M,False,46.89107944536571,graham_debt_to_equity,5871250944.0,8.234432,1.1914352,1.59,1.03267,0.15993,0.38834756806608123,0.04553291189602582,605000000.0,0.034300000000000004,4.0
BL,False,46.83595483104712,"graham_size,graham_debt_to_equity,graham_earnings_stability,graham_pe,graham_pe_times_pb,munger_roe",1637970176.0,50.32143,5.203102,1.721,2.0288,0.070300005,0.7524581433896752,0.036480603974432736,138621248.0,,3.0
RGA,False,46.80126428571428,"graham_current_ratio,munger_roe,munger_gross_margin",16249665536.0,10.962114,1.1864495,1.166,0.41418,0.11687,0.1407,0.10637,9836499968.0,0.016,4.0
LXP,False,46.80058545840509,"graham_current_ratio,graham_pe,graham_pe_times_pb,munger_roe",3590202624.0,61.5101,1.9364327,1.026,0.69889,0.03497,0.81463,0.16078,183396368.0,0.046,4.0
PBI,False,46.69835333183498,"data_missing:debt_to_equity,data_missing:return_on_equity,graham_current_ratio,graham_earnings_stability,graham_pe_times_pb",2250336000.0,13.345529,-2.6059694,0.734,,,0.5221948856693349,0.21681,233828128.0,0.024399999999999998,1.0
SAIC,False,46.624130440912246,"graham_current_ratio,graham_debt_to_equity,graham_pe_times_pb,munger_gross_margin",5561911296.0,15.454016,4.0114226,1.204,1.8837000000000002,0.25737,0.1274,0.07174332139906361,505375008.0,0.011200000000000002,4.0
XOM,False,46.59985532715783,"graham_current_ratio,graham_pe,graham_pe_times_pb,munger_roe,munger_gross_margin",659912916992.0,20.654839,2.5441992,1.135,0.15921,0.12584,0.29767,0.15859,20671000576.0,0.0254,4.0
TWLO,False,46.57887245427279,"data_missing:consecutive_positive_earnings_years,graham_pe,graham_pe_times_pb,munger_roe",42649923584.0,38.305325,4.750489,4.621,0.11868000000000001,0.13497,0.4891703932333706,0.03114173057416098,954675392.0,,
FELE,False,46.45016345264605,"graham_pe,graham_pe_times_pb,munger_roe",4308406784.0,28.002872,3.0611923,2.406,0.21844999999999998,0.11767,0.35468621700879766,0.12620668621700878,149414368.0,0.0116,4.0
ATO,False,46.41102638740483,"graham_current_ratio,graham_pe_times_pb,munger_roe,munger_fcf",26517684224.0,18.725536,1.737917,0.814,0.6766200000000001,0.09792,0.7108538576610577,0.33171428237277933,-2220956928.0,0.0256,4.0
CNO,False,46.38586551681852,"graham_debt_to_equity,graham_pe_times_pb,munger_roe",4996153856.0,18.62069,1.9314686,2.27,1.75664,0.10934,0.38706002,0.12327851317020992,996099968.0,0.013500000000000002,4.0
CENX,False,46.36915818164522,"graham_earnings_stability,munger_gross_margin,munger_fcf",3799362816.0,6.62867,2.7077749,2.751,0.31281,0.51749,0.10142806281894062,0.06254203093476798,-46287500.0,,2.0
VC,False,46.35457647677181,"munger_roe,munger_gross_margin",2408461568.0,17.38343,1.5481236,1.775,0.25696,0.09538999,0.14118895966029724,0.07813,203124992.0,0.0167,4.0
KBR,False,46.272604479956186,"graham_current_ratio,graham_debt_to_equity,graham_earnings_stability,munger_gross_margin",4286303488.0,10.240964,2.62002,1.148,1.7040199999999999,0.27531,0.14770100179809914,0.09992293860775751,281500000.0,0.019,2.0
HAL,False,46.24374038484662,"graham_pe_times_pb,munger_roe,munger_gross_margin",27026747392.0,16.984293,2.4573894,2.018,0.7418600000000001,0.14917,0.15076,0.16741779335670173,2052249984.0,0.0208,4.0
XPEL,False,46.24149506308374,"graham_size,graham_pe,graham_pe_times_pb,munger_fcf",1191331968.0,21.82323,4.141666,2.61,0.19949000000000003,0.19365999,0.42213145737085256,0.1315602687946241,-15348625.0,,4.0
SF,False,46.20552735452729,"data_missing:free_cash_flow,graham_current_ratio",10660721664.0,12.629695,2.0085921,0.895,0.52002,0.16427,0.95567,0.15599680493897022,,0.0195,4.0
ROKU,False,46.13906243453055,"graham_earnings_stability,graham_pe,graham_pe_times_pb,munger_roe",22683516928.0,64.720345,8.02754,2.866,0.16792,0.13122,0.43789615538632004,-0.0011871864083199306,836552128.0,,1.0
EHC,False,46.06361892908058,"graham_current_ratio,graham_pe,graham_pe_times_pb",12185665536.0,20.621035,4.6978283,1.192,0.82121,0.24968,0.43865,0.12406291680080946,229924992.0,0.0069,4.0
SKY,False,45.885291787784475,"graham_pe,graham_pe_times_pb,munger_roe,munger_gross_margin",4742455808.0,25.546783,3.014838,2.738,0.07833,0.12645,0.26441984067660823,0.09451918972503406,184228752.0,,4.0
CNM,False,45.85154145142427,"graham_debt_to_equity,graham_pe_times_pb,munger_gross_margin",7866515968.0,17.551441,3.8730476,2.468,1.3065600000000002,0.23561001,0.2692559173532104,0.09441611089316072,477000000.0,,4.0
IQV,False,45.840036586138055,"graham_current_ratio,graham_debt_to_equity,graham_pe,graham_pe_times_pb",44772847616.0,33.874226,7.2553415,0.706,2.57975,0.22818,0.32968,0.1337829552421827,2149750016.0,,4.0
NHC,False,45.82530904788558,"graham_pe,graham_pe_times_pb,munger_roe",3504941824.0,25.48918,3.1230114,1.862,0.027839999999999997,0.13267,0.39488,0.08456555985349665,63169624.0,0.0121,4.0
TPC,False,45.76646683966486,"data_missing:price_to_book,graham_current_ratio,graham_earnings_stability,graham_pe,munger_roe,munger_gross_margin",4413321216.0,36.15517,,1.285,0.34819,0.13736,0.11681588384999636,0.041847261042182816,573201344.0,0.0043,1.0
ELAN,False,45.700278019801715,"data_missing:trailing_pe,graham_earnings_stability,munger_roe",11290057728.0,,1.7140583,2.05,0.64253,-0.029779999,0.5499469777306468,0.086260006,826875008.0,,0.0
SBAC,False,45.69937703882969,"data_missing:debt_to_equity,data_missing:return_on_equity,graham_current_ratio,graham_pe_times_pb",17572433920.0,17.868391,-3.7954266,0.165,,,0.7545513738397998,0.47698745958902916,752056384.0,0.0301,4.0
CRK,False,45.679062428842116,"graham_current_ratio,graham_debt_to_equity,graham_earnings_stability,munger_fcf",3846429184.0,7.359551,1.4913479,0.476,1.0020099999999998,0.19018,0.56847,0.2908864566729827,-868676608.0,,1.0
FBIN,False,45.643431636793885,"graham_debt_to_equity,graham_pe,graham_pe_times_pb,munger_roe",4685844992.0,31.677418,2.0312338,2.014,1.21292,0.06406,0.5976859138983238,0.11563452231582722,299150016.0,0.0274,4.0
KAI,False,45.521659327272786,"graham_pe,graham_pe_times_pb,munger_roe",3253767168.0,29.62689,3.1807592,2.591,0.49396,0.11291,0.44798002,0.14947806980863826,105733624.0,0.0052,4.0
SCSC,False,45.513553353367485,"graham_size,munger_roe,munger_gross_margin",1187217280.0,16.192307,1.3047328,1.755,0.12176000000000001,0.08681,0.135569310199246,0.030571948090272288,95035624.0,,4.0
TTEK,False,45.47718760252918,"graham_current_ratio,graham_pe,graham_pe_times_pb,munger_gross_margin",8669664256.0,20.39759,4.681322,1.184,0.55247,0.24297,0.1766335513055365,0.07504129467771778,396642240.0,0.0086,4.0
FG,False,45.47653266666667,"graham_current_ratio,graham_earnings_stability,munger_roe",2894977536.0,7.2730265,0.62814283,0.941,0.48807,0.09167,0.32766998,-0.0373,2268624896.0,0.0463,2.0
BKR,False,45.474554944627904,"graham_earnings_stability,graham_pe_times_pb,munger_gross_margin",57118466048.0,18.742672,2.868109,2.095,0.80925,0.16463,0.18592163772128534,0.11071184735348018,4415000064.0,0.0161,3.0
TR,False,45.455823233146866,"graham_pe,graham_pe_times_pb,munger_roe",2824627712.0,29.590553,2.9581234,2.893,0.013959999999999998,0.1034,0.352810283349078,0.1377961677706123,59253124.0,0.0095,4.0
GWRE,False,45.430641535969144,"graham_earnings_stability,graham_pe,graham_pe_times_pb,munger_roe",11943053312.0,89.36197,10.005496,1.786,0.59897,0.10508,0.6421253616906484,0.10158449140991065,343031744.0,,2.0
AWR,False,45.425843895235104,"graham_current_ratio,graham_pe,graham_pe_times_pb,munger_roe,munger_fcf",3274695424.0,22.57377,2.9199507,0.98,0.8181100000000001,0.1367,0.5762,0.3088943019999301,-25544000.0,0.0264,4.0
FICO,False,45.399085643079516,"data_missing:debt_to_equity,data_missing:return_on_equity,graham_current_ratio,graham_pe,graham_pe_times_pb",18617346048.0,24.971277,-4.543846,1.183,,,0.851,0.46454588423447246,774413504.0,,4.0
FIVN,False,45.37191131752791,"graham_debt_to_equity,graham_earnings_stability,graham_pe,graham_pe_times_pb,munger_roe",2750573056.0,54.132355,3.504713,4.149,1.07449,0.079169996,0.5507445904926341,0.02510686735915787,260481504.0,,1.0
ARES,False,45.34645338921158,"graham_current_ratio,graham_debt_to_equity,graham_pe,graham_pe_times_pb,munger_roe",40397037568.0,55.59817,11.037984,0.544,1.7237799999999999,0.14941,0.37407002,0.19381,2159716096.0,0.045,4.0
CBT,False,45.313039603107626,"graham_current_ratio,graham_pe,graham_pe_times_pb,munger_roe,munger_gross_margin",4071621376.0,22.089636,2.5368333,1.467,0.74394,0.13345,0.25316455696202533,0.1672502019929976,258250000.0,0.0235,4.0
IR,False,45.22941978624011,"graham_pe,graham_pe_times_pb,munger_roe",29562064896.0,31.483885,2.9046166,1.616,0.47903,0.0947,0.4360663451358664,0.14960331464272178,1107425024.0,0.0011,4.0
GHC,False,45.211641944311694,"munger_roe,munger_gross_margin",4846324736.0,9.254165,1.0177977,1.86,0.30218,0.118710004,0.29947,0.0478354853638241,267685120.0,0.0066,4.0
VCEL,False,45.193839212230124,"graham_earnings_stability,graham_pe,graham_pe_times_pb,munger_roe",2016004480.0,82.020836,5.4446135,5.039,0.25168,0.07157,0.7442255274941268,0.03997697812559953,55544876.0,,2.0
VAC,False,45.095629785581735,"data_missing:trailing_pe,graham_debt_to_equity,graham_earnings_stability,munger_roe",3536011008.0,,1.7720112,4.549,2.68546,-0.1471,0.53148,0.18478,275249984.0,0.0318,0.0
TALO,False,45.0859,"data_missing:trailing_pe,graham_earnings_stability,munger_roe",2735729408.0,,1.3459011,1.613,0.66094,-0.17822,0.71367997,-0.31475166706927254,550837376.0,,0.0
LCII,False,45.07959357158332,munger_gross_margin,2070368128.0,10.042454,1.4460615,2.486,0.80054,0.15,0.23781925207974638,0.06790898727491905,264589248.0,0.055099999999999996,4.0
CORT,False,45.02885956865457,"graham_pe,graham_pe_times_pb,munger_roe",12579410944.0,258.6,17.79358,2.859,0.013349999999999999,0.08226,0.98305,0.058834499814159835,77395128.0,,4.0
TKO,False,45.02173638154431,"graham_current_ratio,graham_pe,graham_pe_times_pb,munger_roe",34350561280.0,63.680706,3.9722912,1.278,0.59216,0.07063,0.59455,0.17634390117654114,856147520.0,0.0171,4.0
FOX,False,44.946492052122764,"graham_pe_times_pb,munger_roe",23849861120.0,14.729167,2.0409195,3.169,0.6406000000000001,0.14291,0.36629,0.25214002,555374976.0,0.0101,4.0
RVTY,False,44.92477634280015,"graham_pe,graham_pe_times_pb,munger_roe",16623026176.0,71.62019,2.299523,1.8,0.46225,0.03211,0.6008263729149694,0.12486996905867577,604992128.0,0.0019,4.0
KHC,False,44.91592142857143,"data_missing:trailing_pe,graham_current_ratio,graham_earnings_stability,munger_roe",27896502272.0,,0.77489376,1.061,0.52591,-0.0876,0.33498,0.1549,3250500096.0,0.06709999999999999,0.0
SXI,False,44.91467302107286,"graham_pe,graham_pe_times_pb",3421738752.0,32.134945,4.4469447,2.404,0.74985,0.17218,0.3563978925951351,0.10012323521384205,165311008.0,0.0049,4.0
AMD,False,44.91409803385612,"graham_pe,graham_pe_times_pb,munger_roe",1030303973376.0,161.8282,15.322036,2.609,0.06361,0.10196,0.4951644100580271,0.10664280146655504,8841499648.0,,4.0
MHK,False,44.89704414139224,"graham_earnings_stability,munger_roe,munger_gross_margin",8507910656.0,16.635761,0.8897137,1.916,0.27604,0.055120002,0.23872086338939677,0.04541324382962152,966899968.0,,2.0
VNO,False,44.71798728814521,"data_missing:price_to_book,graham_debt_to_equity,graham_earnings_stability,graham_pe,munger_roe",6884176896.0,1158.6666,,5.343,1.2231699999999999,0.00603,0.49595,0.2694253415414194,445744128.0,0.0215,3.0
TOL,False,44.65682134104733,"munger_roe,munger_gross_margin",12693710848.0,11.100323,1.4915652,4.502,0.34101,0.14393,0.24826999,0.11006406320477295,557737472.0,0.0077,4.0
OLLI,False,44.65157056973953,"graham_pe_times_pb,munger_roe",5042670080.0,18.991053,2.6667295,2.228,0.38281,0.14862001,0.40500710026204156,0.11236042002145555,119643128.0,,4.0
ASO,True,44.64010658179863,,3025371136.0,8.243289,1.398918,1.743,0.90381,0.18613,0.34783892197031296,0.0846107667507955,169622880.0,0.0125,4.0
HLI,False,44.621663458861605,"data_missing:free_cash_flow,graham_pe,graham_pe_times_pb",8903539712.0,21.411766,3.9491632,1.664,0.20846,0.17794001,0.3232220760219233,0.20134318185638597,,0.022000000000000002,4.0
MUSA,False,44.587328573379295,"graham_current_ratio,graham_debt_to_equity,graham_pe_times_pb,munger_gross_margin",9428567040.0,15.289717,12.046073,0.925,3.5293200000000002,0.86394,0.08061,0.03836614118368371,386800000.0,0.005,4.0
GD,False,44.58654663967293,"graham_current_ratio,graham_pe,graham_pe_times_pb,munger_gross_margin",91353628672.0,20.575869,3.400302,1.441,0.35335,0.17803,0.15375,0.10192197906755471,4400124928.0,0.0189,4.0
DLR,False,44.54663815813458,"graham_current_ratio,graham_pe,graham_pe_times_pb,munger_roe",67586699264.0,87.29757,2.4797695,0.89,0.67944,0.02912,0.56994,0.10772536879005191,3768482048.0,0.027000000000000003,4.0
ACLS,False,44.539572519252694,"graham_pe,graham_pe_times_pb,munger_roe",3764762368.0,40.909397,3.5321898,4.896,0.0655,0.088870004,0.4491375940351446,0.14220282987385705,42032248.0,,4.0
SGI,False,44.502316175635585,"graham_current_ratio,graham_debt_to_equity,graham_pe,graham_pe_times_pb",13387659264.0,25.15415,4.1443086,0.748,1.98088,0.17516,0.42576071691299405,0.1009697050759045,687912512.0,0.0109,4.0
EXP,False,44.441584293105066,"graham_debt_to_equity,graham_pe_times_pb,munger_gross_margin",5503306240.0,14.13751,3.7166977,3.231,1.20746,0.2703,0.2826503535820377,0.317311978017941,25278250.0,0.005600000000000001,4.0
CENT,False,44.43211547704023,munger_roe,2478666752.0,14.666666,1.4187955,3.787,0.8063400000000001,0.099709995,0.3187293470966093,0.07990859991690902,342347872.0,,4.0
CENTA,False,44.43211547704023,munger_roe,2139102080.0,12.657407,1.2244277,3.787,0.8063400000000001,0.099709995,0.3187293470966093,0.07990859991690902,342347872.0,,4.0
MMSI,False,44.35994310447634,"graham_pe,graham_pe_times_pb,munger_roe",5216302080.0,35.950615,3.1052501,4.198,0.48822000000000004,0.0919,0.4870156856691642,0.12185452132256222,173902128.0,,4.0
URBN,True,44.342580074798775,,6379970560.0,11.655713,2.4422076,1.581,0.42512,0.20942,0.3597109081425042,0.09823147850187888,97297000.0,,4.0
FOXA,False,44.33568278226257,"graham_pe_times_pb,munger_roe",26645557248.0,16.455729,2.2801573,3.169,0.6406000000000001,0.14291,0.36629,0.25214002,555374976.0,0.0091,4.0
SWKS,False,44.33434350969823,"graham_pe,graham_pe_times_pb,munger_roe",13467314176.0,46.37306,2.3473563,3.101,0.11869,0.05094,0.41158335168465093,0.12234211749736965,448812512.0,0.041299999999999996,4.0
NVT,False,44.317225818959685,"graham_pe,graham_pe_times_pb",26427353088.0,45.354168,6.6285725,1.8,0.40957,0.15748,0.37735994451722277,0.15843415273175618,452550016.0,0.0052,4.0
PLNT,False,44.30489559069771,"data_missing:debt_to_equity,data_missing:return_on_equity,graham_pe_times_pb",3247105280.0,14.561225,-5.2540503,1.584,,,0.58525,0.2980619932575309,156152992.0,,4.0
TRN,False,44.262799502738716,"graham_debt_to_equity,munger_gross_margin,munger_fcf",2248272896.0,6.671395,1.9675102,2.168,4.68386,0.30156,0.26239002,0.30098752839723675,-335049984.0,0.044500000000000005,4.0
EFC,False,44.185249999999996,"data_missing:free_cash_flow,graham_size,graham_debt_to_equity,graham_earnings_stability,munger_roe",1623816320.0,7.776729,0.90400636,7.625,9.287799999999999,0.12247,1.0,0.55869997,,0.1261,3.0
RBA,False,44.15784683025338,"graham_current_ratio,graham_pe,graham_pe_times_pb,munger_roe",15324374016.0,35.66595,2.7508311,1.312,0.77606,0.08066,0.5472703103714923,0.15540113708149084,603587520.0,0.016,4.0
JXN,False,44.107350037500005,"data_invalid_outlier:operating_margin,graham_pe,graham_pe_times_pb,munger_roe",9014018048.0,146.25275,0.9624326,1.806,0.54611,0.0137600005,0.48801,-8.101191,1227750016.0,0.0277,4.0
PPLI,False,44.06325722643757,"graham_earnings_stability,munger_roe",2977812480.0,6.766498,0.5858311,3.691,0.27577,0.09043,0.66347003,-0.0407055188704277,76441128.0,,0.0
HUBB,False,44.02784486382964,"graham_debt_to_equity,graham_pe,graham_pe_times_pb",24502161408.0,27.425783,6.2635226,1.609,1.41642,0.24444,0.35316360401053964,0.20682339253327858,495812512.0,0.012199999999999999,4.0
LKQ,False,44.00621202528334,munger_roe,5936693760.0,13.036112,0.92229384,1.578,0.8210500000000001,0.07131,0.3856860303274485,0.0727419236685957,724124992.0,0.052199999999999996,4.0
OSIS,False,43.946176336391964,"graham_debt_to_equity,graham_pe,graham_pe_times_pb",3122393856.0,21.859375,3.7429292,3.153,1.26037,0.17344,0.35954928274117176,0.05132536358678988,209244624.0,,4.0
CRGY,False,43.882677723851025,"graham_current_ratio,graham_debt_to_equity,graham_earnings_stability,graham_pe,graham_pe_times_pb,munger_roe",5181197824.0,164.6275,0.8444601,0.945,1.00234,0.01517,0.62158,0.06404831355652384,601587648.0,0.0358,1.0
CERT,False,43.80403233833101,"data_missing:trailing_pe,graham_size,graham_earnings_stability,munger_roe",1379713280.0,,1.4271064,2.551,0.31241,-0.022090001,0.61608005,0.050176918044685534,62582376.0,,0.0
LNN,False,43.80148016322759,"graham_size,graham_pe,graham_pe_times_pb,munger_roe",1159659648.0,21.888676,2.3235533,2.935,0.27616,0.10741,0.31163508622525016,0.13029001963428194,41360124.0,0.013500000000000002,4.0
SMP,False,43.78090734543426,"graham_size,munger_roe",843010944.0,9.601781,1.174411,2.003,0.9527899999999999,0.12528,0.3123163897322291,0.07621159049062115,130171000.0,0.0354,4.0
REYN,False,43.77757595848119,munger_gross_margin,4537275904.0,13.205522,1.9643183,1.795,0.7134199999999999,0.15433,0.24563289438323033,0.14619,244124992.0,0.0426,4.0
CCI,False,43.77472460400955,"data_missing:debt_to_equity,data_missing:return_on_equity,graham_current_ratio,graham_earnings_stability,graham_pe,graham_pe_times_pb",29523718144.0,27.575508,-8.801458,0.522,,,0.73732,0.4866322701688555,1036249984.0,0.06280000000000001,1.0
JBL,False,43.73496526931515,"graham_current_ratio,graham_debt_to_equity,graham_pe,graham_pe_times_pb,munger_gross_margin",33375735808.0,39.913536,25.236511,0.981,2.9713600000000002,0.65876,0.08878598751761627,0.039661767666599554,1211624960.0,0.001,4.0
LAZ,False,43.65485829857098,"data_missing:free_cash_flow,graham_debt_to_equity,graham_earnings_stability,graham_pe_times_pb",3600798976.0,18.201971,3.9383929,5.305,2.25799,0.25665,0.89509004,0.10280919363332293,,0.0554,2.0
MATX,False,43.60745026670915,"graham_current_ratio,graham_pe_times_pb,munger_gross_margin",6688506368.0,15.0924425,2.4119265,0.888,0.25834,0.17206,0.23023,0.14943937808342053,147124992.0,0.0068000000000000005,4.0
JBHT,False,43.60658495664435,"graham_current_ratio,graham_pe,graham_pe_times_pb,munger_gross_margin",21218201600.0,32.137978,5.8018537,1.255,0.38372999999999996,0.18448,0.18505,0.08676307116088199,903028352.0,0.0079,4.0
CZR,False,43.49633003324959,"data_missing:trailing_pe,graham_current_ratio,graham_debt_to_equity,graham_earnings_stability,munger_roe",6032910848.0,,1.7894704,0.851,7.2987,-0.103769995,0.49691,0.16176214522026816,762499968.0,,0.0
Q,False,43.46717011251259,"graham_pe,graham_pe_times_pb,munger_roe",25910478848.0,44.232143,3.5716348,2.008,0.59992,0.06722,0.46219003,0.22323,772249984.0,0.0026,4.0
MCD,False,43.461611639400246,"data_missing:debt_to_equity,data_missing:return_on_equity,graham_current_ratio,graham_pe_times_pb",167725203456.0,19.269918,-163.91425,1.081,,,0.57382,0.4609633624697787,6262374912.0,0.0326,4.0
TGT,False,43.43141745292318,"graham_current_ratio,graham_debt_to_equity,graham_pe_times_pb,munger_gross_margin",71410900992.0,16.322948,4.0020876,0.988,1.07583,0.26408002,0.2854195890750062,0.048835655659477,3432999936.0,0.0297,4.0
PAYO,False,43.39094120406795,"graham_current_ratio,graham_earnings_stability,graham_pe,graham_pe_times_pb,munger_roe,munger_fcf",2422783488.0,51.07143,3.7065837,1.003,0.13183999999999998,0.07058,0.85370004,0.11841762809491876,-69092496.0,,3.0
SABR,False,43.37891174885282,"data_missing:trailing_pe,data_missing:debt_to_equity,data_missing:return_on_equity,graham_size,graham_current_ratio,graham_earnings_stability",895954688.0,,-0.8371041,1.025,,,0.56426,0.10663905191767686,100824752.0,,1.0
EQIX,False,43.36675022293943,"graham_current_ratio,graham_debt_to_equity,graham_pe,graham_pe_times_pb,munger_roe",100464549888.0,65.60374,6.985393,1.131,1.6221700000000001,0.10735,0.51979,0.2004990777910383,3776000000.0,0.0199,4.0
ZBRA,False,43.29004831777502,"graham_current_ratio,graham_pe,graham_pe_times_pb",17621800960.0,34.108974,5.1385803,0.516,0.8623000000000001,0.15286,0.48054114158636024,0.12972572275759822,576750016.0,,4.0
SJM,False,43.26915585714286,"graham_current_ratio,graham_debt_to_equity,graham_earnings_stability,graham_pe,graham_pe_times_pb,munger_roe",12933616640.0,56.84272,2.2490432,0.87,1.20682,0.03931,0.37951002,0.17898001,1464337536.0,0.0368,0.0
WWD,False,43.25239459681809,"graham_pe,graham_pe_times_pb,munger_gross_margin",19496339456.0,36.72859,7.791543,1.645,0.5594100000000001,0.22339001,0.29626,0.17764,187228624.0,0.0039000000000000003,4.0
PM,False,43.23777919078922,"data_missing:debt_to_equity,data_missing:return_on_equity,graham_current_ratio,graham_pe,graham_pe_times_pb",294811697152.0,25.982141,-34.347195,0.98,,,0.6711769336744735,0.36636488880141704,9714374656.0,0.0334,4.0
ECL,False,43.19795789600568,"graham_debt_to_equity,graham_pe,graham_pe_times_pb",78479392768.0,37.7807,7.8047113,1.841,1.38023,0.21956,0.44210997,0.1702360520359177,1474824960.0,0.0106,4.0
CMI,False,43.18491072695119,"graham_pe,graham_pe_times_pb,munger_gross_margin",72071487488.0,26.792732,5.6099916,1.727,0.59586,0.21114,0.25292545292545293,0.11954261954261955,2229374976.0,0.0169,4.0
UFPT,False,43.17015730704972,"graham_pe,graham_pe_times_pb,munger_gross_margin",2285008128.0,31.891891,4.9413733,3.0,0.29483,0.17052001,0.28269881900540317,0.15318258053706305,34872376.0,,4.0
IVZ,False,43.031600000000005,"data_missing:trailing_pe,graham_current_ratio,graham_earnings_stability,munger_roe,munger_gross_margin",13730642944.0,,1.3783629,0.708,0.12055999999999999,-0.0057300003,0.2952,-0.1090934750905584,1140787456.0,0.027999999999999997,0.0
DG,False,42.944496425004495,"graham_current_ratio,graham_debt_to_equity,graham_pe_times_pb",27596953600.0,16.266579,2.9710472,1.209,1.69811,0.19692,0.30660930299520633,0.05157871377807827,1738019712.0,0.019299999999999998,4.0
VRSN,False,42.93906170493992,"data_missing:debt_to_equity,data_missing:return_on_equity,graham_current_ratio,graham_pe,graham_pe_times_pb",26225942528.0,31.636858,-11.634649,0.591,,,0.88465,0.6766871906314137,832837504.0,0.0111,4.0
MBGL,False,42.92645,"data_missing:return_on_equity,data_missing:free_cash_flow,graham_earnings_stability,graham_pe",5740160000.0,42.709526,0.5377259,1.879,0.20417000000000002,,0.70948,0.25641,,0.0131,3.0
RSG,False,42.86011828913282,"graham_current_ratio,graham_debt_to_equity,graham_pe,graham_pe_times_pb",65070260224.0,30.09915,5.4043746,0.644,1.18798,0.18152,0.43035,0.17354286014610817,1942625024.0,0.0126,4.0
SUPN,False,42.77705249016817,"data_missing:trailing_pe,graham_earnings_stability,munger_roe",2529839104.0,,2.4506488,2.083,0.03895,-0.104899995,0.72890997,-0.08663026182554608,84611000.0,,0.0
TNL,False,42.76438953825748,"data_missing:debt_to_equity,data_missing:return_on_equity,graham_pe_times_pb",3904588032.0,17.22027,-3.8317897,3.202,,,0.50611,0.13752797811489678,556374976.0,0.0382,4.0
R,False,42.75632142857143,"graham_current_ratio,graham_debt_to_equity,graham_pe_times_pb,munger_gross_margin",9095109632.0,19.267262,3.1591144,0.646,2.9360899999999996,0.16697,0.1983,0.08455,949249984.0,0.0171,4.0
WINA,False,42.724777834899236,"data_missing:debt_to_equity,data_missing:return_on_equity,graham_size,graham_pe,graham_pe_times_pb",1066514944.0,26.966393,-28.308542,3.75,,,0.96664,0.6344019048128131,32954364.0,0.0139,4.0
SMTC,False,42.714941649792365,"graham_earnings_stability,graham_pe,graham_pe_times_pb",17075789824.0,120.375,29.722221,1.698,0.7010500000000001,0.23663999,0.516339912855068,0.031015024167242077,132654752.0,,0.0
FDX,False,42.712296573359076,"graham_current_ratio,graham_debt_to_equity,graham_pe_times_pb,munger_roe,munger_gross_margin",67535396864.0,15.374801,2.164036,1.475,1.35697,0.14846,0.27318,0.05767525337837838,5656625152.0,0.0175,4.0
MMI,False,42.59530024294197,"graham_size,graham_earnings_stability,graham_pe,graham_pe_times_pb,munger_roe",1128934656.0,80.567566,1.9493853,2.915,0.12808999999999998,0.0242,0.37724,-0.01815651335618071,68309504.0,0.0165,0.0
BA,False,42.57148032114024,"graham_current_ratio,graham_debt_to_equity,graham_earnings_stability,graham_pe,graham_pe_times_pb,munger_gross_margin",157615587328.0,71.99278,25.844997,1.138,7.90875,1.73537,0.04794160714485318,0.0478521847020556,5625375232.0,,1.0
AWK,False,42.571250000000006,"graham_current_ratio,graham_debt_to_equity,graham_pe,graham_pe_times_pb,munger_roe,munger_fcf",26034493440.0,22.704508,2.2318478,0.523,1.37745,0.10095,0.61469,0.3669205233352861,-1785374976.0,0.027200000000000002,4.0
AJG,False,42.55116208544213,"graham_current_ratio,graham_pe,graham_pe_times_pb,munger_roe",59068653568.0,38.27741,2.4901657,1.053,0.59401,0.06722,0.43186,0.1916,2082300032.0,0.0123,4.0
CSGP,False,42.49061648986656,"graham_pe,graham_pe_times_pb,munger_roe",11463040000.0,157.16667,1.4437357,2.214,0.14537,0.00894,0.7887280566676933,-0.02217431475207884,412700000.0,,4.0
MSCI,False,42.443188308042124,"data_missing:debt_to_equity,data_missing:return_on_equity,graham_current_ratio,graham_pe,graham_pe_times_pb",40127492096.0,30.16175,-14.9202585,0.894,,,0.82975,0.5466866850068863,1194705920.0,0.0147,4.0
COST,False,42.40609789885772,"graham_current_ratio,graham_pe,graham_pe_times_pb,munger_gross_margin",408781029376.0,46.3196,12.200177,1.06,0.23953,0.28402,0.12824,0.03772412665540356,6223499776.0,0.0066,4.0
FDXF,False,42.3906985570806,"data_missing:debt_to_equity,graham_pe,graham_pe_times_pb,munger_gross_margin,munger_fcf",17290276864.0,27.665073,-34.78941,1.517,,0.69093,0.29278,0.061398521887436046,-511124992.0,,4.0
CRH,False,42.37421202545263,graham_pe_times_pb,56805318656.0,15.08569,2.3656285,1.579,0.7759199999999999,0.15812,0.36125724357091354,0.14527198440462522,2019124992.0,0.018600000000000002,4.0
PSX,False,42.360611092827114,"graham_current_ratio,graham_pe_times_pb,munger_gross_margin",101620989952.0,14.458642,3.210061,1.32,0.62884,0.23452999,0.13098,0.08529,4545375232.0,0.0199,4.0
BFAM,False,42.328357165408235,"graham_current_ratio,graham_debt_to_equity,graham_pe,graham_pe_times_pb,munger_roe,munger_gross_margin",3227438848.0,21.066666,3.4634657,0.479,2.17779,0.14942999,0.23765521421240132,0.1072621520196809,240151376.0,,4.0
CVNA,False,42.3245428007311,"graham_debt_to_equity,graham_earnings_stability,graham_pe,graham_pe_times_pb,munger_gross_margin",71601217536.0,33.997368,11.530703,3.926,1.1088,0.58773,0.20627890955614606,0.09255978742249779,424375008.0,,3.0
ES,False,42.30587693032128,"graham_current_ratio,graham_debt_to_equity,graham_earnings_stability,munger_roe",23866112000.0,16.761906,1.4602779,0.8,1.807,0.09016,0.52752,0.2206049437066314,811961344.0,0.049400000000000006,2.0
DIS,False,42.26859697823249,"graham_current_ratio,graham_pe,graham_pe_times_pb,munger_roe",182061858816.0,21.740208,1.6578095,0.709,0.39404000000000006,0.0801,0.37595,0.18587238549113053,4860375040.0,0.014199999999999999,4.0
PVH,False,42.2428456763935,"data_missing:trailing_pe,munger_roe",3500477440.0,,0.7304182,1.648,0.86909,-0.03499,0.5752497150901655,0.02576478737905298,529800000.0,0.002,4.0
FCFS,False,42.23481320042155,"graham_debt_to_equity,graham_pe,graham_pe_times_pb",9504929792.0,24.93174,4.1039324,4.887,1.16419,0.17398001,0.5027548160455914,0.15508,219812256.0,0.0078000000000000005,4.0
NXRT,False,42.20667499682364,"data_missing:trailing_pe,graham_size,graham_debt_to_equity,graham_earnings_stability,munger_roe",1024077376.0,,2.0456653,2.87,6.29179,-0.11093,0.60032004,0.11115842423422384,71450872.0,0.1051,0.0
MTN,False,42.161907961711506,"graham_current_ratio,graham_debt_to_equity,graham_pe,graham_pe_times_pb",4826561024.0,29.703947,8.747739,0.911,3.55585,0.1685,0.43330002,0.18889826326000297,134862496.0,0.0644,4.0
GOLF,False,42.16036396195814,"graham_debt_to_equity,graham_pe,graham_pe_times_pb",4905001472.0,22.821331,5.3039346,2.55,1.17199,0.25239,0.4772891239013104,0.11702211644057794,45248500.0,0.0124,4.0
ALG,False,42.1200978358131,"graham_size,graham_pe_times_pb,munger_roe,munger_gross_margin",1944798464.0,19.182472,1.609083,4.391,0.23471,0.08771,0.24805966147351619,0.09453861814599228,91344752.0,0.0083,4.0
RNG,False,42.054147013795415,"data_missing:debt_to_equity,data_missing:return_on_equity,graham_current_ratio,graham_earnings_stability,graham_pe,graham_pe_times_pb",6477989888.0,62.059998,-10.64567,1.106,,,0.7124484422748298,0.04793009698855969,639506496.0,0.0034000000000000002,1.0
HIMS,False,41.92801162555004,"data_missing:trailing_pe,graham_current_ratio,graham_debt_to_equity,graham_earnings_stability,munger_roe",6843082240.0,,21.11591,0.934,4.77128,-0.32033002,0.7383500941585092,0.04498693792950103,849437248.0,,2.0
FORM,False,41.91077694389123,"graham_pe,graham_pe_times_pb,munger_roe",10102573056.0,89.80556,9.090399,4.078,0.02691,0.10989001,0.39344427275147675,0.07270128523439062,114850000.0,,4.0
PRU,False,41.90363078095238,"graham_current_ratio,graham_debt_to_equity,graham_earnings_stability,munger_roe,munger_gross_margin",41136074752.0,10.810063,1.3035278,0.777,1.6389099999999999,0.12011,0.29015,0.075219996,7527750144.0,0.0472,3.0
KRG,False,41.89711557166152,"graham_current_ratio,graham_earnings_stability,munger_roe",5038600704.0,15.346875,1.7146149,0.929,0.96238,0.10738,0.73175,0.1330063201584756,152751120.0,0.046900000000000004,3.0
DCI,False,41.850170043636986,"data_missing:market_cap,graham_pe,graham_pe_times_pb",,22.702599,5.746548,2.076,0.7508499999999999,0.28205,0.3333333333333333,0.1364547084256037,347024992.0,0.0143,4.0
PRLB,False,41.837111052146845,"graham_earnings_stability,graham_pe,graham_pe_times_pb,munger_roe",2279756800.0,75.634926,3.2957532,3.637,0.0032400000000000003,0.04494,0.45421,0.088520005,41775752.0,,3.0
KN,False,41.82313545927464,"graham_earnings_stability,graham_pe,graham_pe_times_pb,munger_roe",3220823296.0,44.892857,4.0487437,3.201,0.18881,0.094969995,0.4320633850303439,0.11850977747808496,39312500.0,,1.0
AZZ,False,41.772666966629174,"graham_earnings_stability,graham_pe,graham_pe_times_pb,munger_gross_margin",4128925952.0,20.976336,2.9971426,1.923,0.39448,0.15314999,0.23935506157277223,0.1603661640647726,104912376.0,0.006999999999999999,3.0
AKAM,False,41.751541661918665,"graham_debt_to_equity,graham_pe,graham_pe_times_pb,munger_roe",16856406016.0,42.496086,3.546695,1.637,1.96672,0.08918,0.57452,0.12556512275688814,710060096.0,,4.0
LW,False,41.72503703092498,"graham_current_ratio,graham_debt_to_equity,graham_pe,graham_pe_times_pb,munger_gross_margin",6013513216.0,21.028849,3.2946672,1.423,2.21223,0.16280001,0.20563192837590552,0.08939400813635195,452924992.0,0.034300000000000004,4.0
JBSS,False,41.7172434609199,"graham_size,munger_gross_margin",784866496.0,12.907693,2.0657394,2.08,0.28779,0.16724001,0.17962562719395614,0.07586973588744489,29046376.0,0.014199999999999999,4.0
MOG-A,False,41.713827646677345,"graham_pe,graham_pe_times_pb,munger_gross_margin",12355556352.0,33.089058,5.557819,2.087,0.51557,0.18106002,0.27388007741753667,0.1164594117427649,333472640.0,0.0031,4.0
FLO,False,41.67941901071802,"graham_size,graham_current_ratio,graham_debt_to_equity,graham_pe,munger_roe",1204486144.0,21.846153,0.91011053,0.771,1.51702,0.053629998,0.48716,0.033098391527864944,239973744.0,0.0861,4.0
FLS,False,41.65741603107768,"graham_pe,graham_pe_times_pb",9547441152.0,26.170732,4.230119,2.153,0.9960800000000001,0.16936001,0.35146,0.13919,428336256.0,0.0116,4.0
ENPH,False,41.64865322363473,"graham_pe,graham_pe_times_pb,munger_roe",4297344000.0,32.19802,3.635957,3.451,0.5189900000000001,0.12996,0.4664025770798752,0.10694338367328927,78322752.0,,4.0
ATR,False,41.61940597055169,"graham_pe,graham_pe_times_pb,munger_roe",7871381504.0,22.59135,2.9957798,1.614,0.5278,0.13459,0.3092867335304198,0.1326486604692759,265978880.0,0.015600000000000001,4.0
UNH,False,41.57938395838716,"graham_current_ratio,graham_pe,graham_pe_times_pb,munger_roe,munger_gross_margin",337939955712.0,24.196337,3.4610364,0.777,0.69211,0.14152999,0.19723,0.04237130977038075,24272250880.0,0.024700000000000003,4.0
ELF,False,41.547912779705904,"graham_pe,graham_pe_times_pb,munger_roe",5855068160.0,101.25,5.003025,2.546,0.79503,0.060399998,0.7072207773796313,0.04499435370724339,281395360.0,,4.0
CALY,False,41.54462752936776,"graham_earnings_stability,graham_pe,graham_pe_times_pb,munger_roe",2577691904.0,33.581394,1.1959581,3.043,0.12643000000000001,0.03466,0.4211446046308432,0.06218144750254842,94225000.0,,0.0
ACMR,False,41.54076345873718,"graham_pe,graham_pe_times_pb,munger_roe,munger_fcf",5426369536.0,36.750004,2.9168854,3.656,0.14523999999999998,0.11627,0.4438732998339082,0.12141119194416121,-186610256.0,,4.0
NNN,False,41.53925,"graham_current_ratio,graham_debt_to_equity,graham_pe,graham_pe_times_pb,munger_roe,munger_fcf",7823956480.0,20.258621,1.7695023,0.18,1.1211799999999998,0.08719,0.96094,0.6364475557997998,-1371816320.0,0.0602,4.0
PHIN,False,41.472798402444525,"munger_roe,munger_gross_margin",2242983680.0,17.541548,1.4555397,1.806,0.68916,0.08523,0.21877691645133507,0.07292563881711168,269249984.0,0.02,4.0
KLIC,False,41.45091126888961,"graham_earnings_stability,graham_pe,graham_pe_times_pb,munger_roe",4777648640.0,41.880733,5.2392974,3.444,0.0418,0.13231,0.42490303188748796,-0.0049290531295053674,57164124.0,0.0092,1.0
BILL,False,41.441277756837046,"data_missing:trailing_pe,graham_earnings_stability,munger_roe",3841292544.0,,1.1745763,1.51,0.5374300000000001,-0.00302,0.8092773839192818,-0.044428246509714726,222836880.0,,0.0
SLB,False,41.379922543642074,"graham_current_ratio,graham_pe,graham_pe_times_pb,munger_roe,munger_gross_margin",76574375936.0,25.168293,2.936874,1.439,0.47002000000000005,0.12909001,0.16991,0.19686132488305416,2955124992.0,0.0229,4.0
THRM,False,41.33038371514035,"graham_size,graham_pe,graham_pe_times_pb,munger_roe,munger_gross_margin",1062033088.0,40.174416,1.4670913,2.064,0.44955,0.03735,0.24167590861349444,0.055184765534811775,84331624.0,,4.0
DGX,False,41.319217505912356,"graham_pe,graham_pe_times_pb,munger_roe",26279897088.0,25.276009,3.484713,1.591,0.81074,0.14602,0.3849740383596482,0.14100589034888988,909625024.0,0.014499999999999999,4.0
BBWI,False,41.198346297783964,"data_missing:debt_to_equity,data_missing:return_on_equity,graham_current_ratio,graham_pe_times_pb",3333197056.0,4.338583,-3.161821,1.201,,,0.4373885612398848,0.1544369770950487,764625024.0,0.047599999999999996,4.0
AMN,False,41.11677266698139,"graham_size,graham_current_ratio,graham_debt_to_equity,graham_earnings_stability,munger_gross_margin",1335797504.0,12.821562,1.8013268,1.128,1.04658,0.15556,0.28349318000944174,-0.020316221370341437,445770624.0,,0.0
ENOV,False,41.063824107370436,"data_missing:trailing_pe,graham_size,graham_earnings_stability,munger_roe",1058811968.0,,0.71676755,1.985,0.9255500000000001,-0.54142,0.5984122232211131,-0.5000905229378897,185942752.0,,0.0
LSCC,False,41.041133207153194,"graham_pe,graham_pe_times_pb,munger_roe",18019381248.0,528.625,22.098938,3.024,0.04836,0.04927,0.6821496688083598,0.021465346231906768,155063248.0,,4.0
MTH,False,40.98711243367942,"munger_roe,munger_gross_margin",4256846080.0,13.607291,0.8416122,14.355,0.37707,0.063769996,0.18275999,0.08185001,293902112.0,0.0298,4.0
PANW,False,40.917980739277425,"graham_current_ratio,graham_pe,graham_pe_times_pb,munger_roe",310013820928.0,971.7692,11.234992,0.871,0.09337,0.01739,0.7035714285714286,0.06054006968641115,4240624896.0,,4.0
TDG,False,40.913143446018694,"data_missing:debt_to_equity,data_missing:return_on_equity,graham_pe,graham_pe_times_pb",61615915008.0,33.839863,-6.6360574,3.019,,,0.6014041444909977,0.471634016532669,1457374976.0,,4.0
CI,False,40.904620959630336,"graham_current_ratio,munger_gross_margin",71343603712.0,11.16143,1.6705233,0.846,0.7429000000000001,0.16758,0.091359995,0.03346671516915242,7980125184.0,0.0235,4.0
PRKS,False,40.87844812933709,"data_missing:debt_to_equity,data_missing:return_on_equity,graham_size,graham_current_ratio,graham_pe_times_pb",1504877952.0,13.223107,-2.4382896,0.478,,,0.46013,0.21980332728041532,97038376.0,,4.0
GRBK,True,40.85118443627316,,2963437056.0,10.376507,1.5371572,7.051,0.14244,0.16383,0.3053680513097393,0.11514045605927713,6958250.0,,4.0
KMI,False,40.81251445400598,"graham_current_ratio,graham_pe_times_pb,munger_roe",68218085376.0,19.764517,2.1548147,0.458,0.98619,0.109910004,0.49407002,0.27891598275963864,1075000064.0,0.0378,4.0
CPB,False,40.7985283467042,"graham_current_ratio,graham_debt_to_equity,graham_earnings_stability,munger_roe,munger_gross_margin",5751455744.0,14.7213745,1.4927626,0.815,1.79259,0.1005,0.28541002,0.0874384236453202,634499968.0,0.0504,0.0
NOC,False,40.76506924999978,"graham_current_ratio,graham_pe_times_pb,munger_gross_margin",72422309888.0,16.20954,4.049552,1.168,0.95348,0.26958,0.2006,0.10752252466987654,2478000128.0,0.0194,4.0
GATX,False,40.751106767857145,"graham_debt_to_equity,graham_pe_times_pb,munger_roe,munger_fcf",6576096256.0,18.442078,2.361761,3.302,3.47592,0.117989995,0.73627,0.27771,-4936737280.0,0.0144,4.0
PPC,False,40.70730239846686,"graham_current_ratio,munger_roe,munger_gross_margin",6608701952.0,12.120088,1.7624459,1.355,0.82717,0.1452,0.1274840515391414,0.08722986224177869,508525376.0,,4.0
VMC,False,40.70126013049747,"graham_pe,graham_pe_times_pb,munger_roe,munger_gross_margin",31762339840.0,29.21573,3.7471526,1.757,0.5821999999999999,0.13234,0.2738411555074234,0.20395159360793844,843600000.0,0.0086,4.0
WAT,False,40.67908109647347,"graham_pe,graham_pe_times_pb,munger_roe,munger_fcf",42723119104.0,109.88005,2.8127747,1.861,0.36045,0.019199999,0.56337,0.2535593940010476,-142067632.0,,4.0
MLKN,False,40.639582915343624,"graham_size,graham_debt_to_equity,graham_earnings_stability,munger_roe",1384283904.0,15.374046,1.0227504,1.647,1.2821799999999999,0.073460005,0.387536767576854,0.05161777338157587,125412496.0,0.0377,1.0
NOVT,False,40.55646370719904,"graham_pe,graham_pe_times_pb,munger_roe",5410966528.0,89.98742,3.3472922,4.569,0.17668,0.051090002,0.4438955741382827,0.09587191515398735,118383248.0,,4.0
FRPT,False,40.53823943351767,"graham_earnings_stability,graham_pe_times_pb",2735465472.0,14.746114,2.2361906,6.046,0.39885,0.17622,0.4080035208232193,0.06866694192002831,19274124.0,,2.0
TMO,False,40.43365584259861,"graham_pe,graham_pe_times_pb,munger_roe",248680939520.0,36.17913,4.7206836,1.551,0.8057500000000001,0.13515,0.40987998,0.17384863991381633,6237250048.0,0.0028000000000000004,4.0
SKYW,False,40.37836255557321,graham_current_ratio,3970972672.0,10.01665,1.441905,0.569,0.8633299999999999,0.15341,0.30895,0.17236351865753377,145134624.0,,4.0
COTY,False,40.3693,"data_missing:trailing_pe,graham_current_ratio,graham_earnings_stability,munger_roe",2320608768.0,,0.7761414,0.755,0.9753799999999999,-0.16093001,0.6289394826576654,-0.014035752419660387,362687488.0,,0.0
PTON,False,40.35042635206168,"data_missing:debt_to_equity,data_missing:return_on_equity,graham_earnings_stability,graham_pe,graham_pe_times_pb",2143888896.0,34.89286,-15.361636,2.837,,,0.5260425183973835,0.06569910057236304,353875008.0,,1.0
COR,False,40.27926376083868,"graham_current_ratio,graham_debt_to_equity,graham_pe,graham_pe_times_pb,munger_gross_margin",58460860416.0,22.726633,19.16156,0.935,4.46516,0.96871,0.03572165157521616,0.008180306662046867,2043314048.0,0.0077,4.0
AZTA,False,40.27907945215941,"data_missing:trailing_pe,graham_size,graham_earnings_stability,munger_roe",1488390016.0,,0.98461133,2.5,0.03574,-0.07041,0.45515399421711256,-0.045205541737324884,63366000.0,,0.0
EZPW,False,40.162755229769346,"graham_size,munger_roe,munger_fcf",1921334400.0,15.713568,1.6505675,4.811,0.69526,0.14745,0.5854796434064726,0.11706139937847256,-11004125.0,,4.0
MKSI,False,40.03840563598386,"graham_current_ratio,graham_debt_to_equity,graham_earnings_stability,graham_pe,graham_pe_times_pb",17607950336.0,41.5319,5.8913827,1.144,1.4009399999999999,0.15845999,0.46731111676418213,0.13431696769269905,480375008.0,0.0039000000000000003,2.0
POST,False,39.96607980881385,"graham_debt_to_equity,munger_roe,munger_gross_margin",3308095232.0,13.566914,1.0423717,1.851,2.47074,0.082779996,0.2867579460903887,0.09797624446868756,394649984.0,,4.0
TXRH,False,39.94209740195175,"graham_current_ratio,graham_pe,graham_pe_times_pb,munger_gross_margin",10522897408.0,25.6496,6.8476357,0.458,0.68842,0.27714002,0.16252,0.08076453600881241,235890752.0,0.018600000000000002,4.0
DVN,False,39.921715029378255,"graham_current_ratio,munger_roe",51892498432.0,10.255435,1.2994077,0.717,0.28488,0.11522,0.50349,-0.4286983562860951,782625024.0,0.0262,4.0
WTRG,False,39.868500000000004,"graham_current_ratio,graham_debt_to_equity,graham_pe,graham_pe_times_pb,munger_roe,munger_fcf",11207757824.0,20.264101,1.5977275,0.777,1.21656,0.08078,0.5643,0.3721593055889502,-657633024.0,0.0363,4.0
MAC,False,39.78862754829463,"data_missing:trailing_pe,graham_current_ratio,graham_debt_to_equity,graham_earnings_stability,munger_roe",6697189376.0,,2.2809486,0.329,1.6892699999999998,-0.06179,0.54914004,0.16256,388895136.0,0.03,0.0
ARW,False,39.78585326321766,"graham_current_ratio,munger_roe,munger_gross_margin",11842637824.0,14.87468,1.692863,1.217,0.30663,0.12036,0.11236269742246564,0.026649749853620085,732857856.0,,4.0
CHRW,False,39.771817753868575,"graham_debt_to_equity,graham_pe,graham_pe_times_pb,munger_gross_margin",17128056832.0,28.02677,10.546842,1.582,1.21188,0.37123,0.08447,0.04897262406898936,480618368.0,0.0172,4.0
NOV,False,39.743399699385705,"graham_pe,graham_pe_times_pb,munger_roe,munger_gross_margin",7068960768.0,76.26923,1.1418865,2.422,0.37151,0.01545,0.2020814272644099,0.056495882891125344,673374976.0,0.0181,4.0
BOOT,False,39.70577688461342,graham_pe_times_pb,3773794304.0,15.773417,2.8586175,2.53,0.59323,0.19174999,0.38083793174284636,0.13272569402078835,12682000.0,,4.0
LFUS,False,39.6588719873393,"data_missing:trailing_pe,graham_earnings_stability,munger_roe",10923112448.0,,4.171379,2.761,0.27093,-0.0030899998,0.3908831923869141,0.17138020170138535,364767136.0,0.0076,0.0
HWKN,False,39.6491661294251,"graham_pe,graham_pe_times_pb,munger_gross_margin",2657193472.0,32.976685,6.019294,2.27,0.47009,0.15614,0.2261289143818931,0.11192530008415644,81369504.0,0.0063,4.0
ABBV,False,39.59693689435997,"data_missing:debt_to_equity,data_missing:return_on_equity,graham_current_ratio,graham_pe,graham_pe_times_pb",466890063872.0,74.425354,-78.65733,0.809,,,0.72792,0.24648463047743624,16870250496.0,0.026099999999999998,4.0
MSEX,False,39.58473517874075,"graham_size,graham_current_ratio,graham_pe,graham_pe_times_pb,munger_roe,munger_fcf",1004382336.0,20.820312,1.9273884,0.497,0.83981,0.097679995,0.53659,0.2792895518095062,-28346000.0,0.027200000000000002,4.0
OPCH,False,39.57982430218622,"graham_current_ratio,graham_debt_to_equity,graham_pe_times_pb,munger_gross_margin",3442064896.0,17.40909,2.7318118,1.465,1.00649,0.15999,0.1925641811276323,0.05981146359539635,256067872.0,,4.0
MCHP,False,39.56243846293035,"graham_earnings_stability,graham_pe,graham_pe_times_pb,munger_roe",42533871616.0,115.19118,6.5934343,1.921,0.8368800000000001,0.0719,0.5773482421336276,0.10398676030638009,1364762496.0,0.024399999999999998,1.0
BIO,False,39.49966345470591,"graham_earnings_stability,graham_pe,graham_pe_times_pb,munger_roe",10172538880.0,46.283455,1.4179864,3.142,0.19103,0.0311,0.5186977392381542,0.018271910808299784,283187488.0,,1.0
WSC,False,39.438471517396,"data_missing:trailing_pe,graham_current_ratio,graham_debt_to_equity,graham_earnings_stability,munger_roe",3268685056.0,,3.75052,0.811,4.16655,-0.07083,0.5100212759802336,0.07953464600959216,248800992.0,0.0158,0.0
AFG,False,39.42496938403268,munger_gross_margin,11451454464.0,12.08224,2.3751786,2.085,0.42232,0.20413,0.20156,0.13126988010765842,142250000.0,0.0254,4.0
JCI,False,39.41253853216678,"graham_current_ratio,graham_pe,graham_pe_times_pb,munger_roe",90803666944.0,42.22676,6.735184,1.0,0.70107,0.14332,0.3641295134768605,0.08927489396081599,2984124928.0,0.011000000000000001,4.0
RHI,False,39.379571899202794,"graham_current_ratio,graham_pe,graham_pe_times_pb,munger_roe",3776639488.0,32.08261,3.0735588,1.468,0.19940000000000002,0.09111,0.3722805180472049,0.014216029507078731,113581872.0,0.0659,4.0
ALHC,False,39.376109790397486,"graham_size,graham_debt_to_equity,graham_earnings_stability,graham_pe,graham_pe_times_pb,munger_gross_margin",1697856768.0,43.07895,6.3945317,1.698,1.24655,0.20044,0.12549,0.0037358951092746786,188581872.0,,0.0
DBD,False,39.35218597667409,"graham_current_ratio,graham_debt_to_equity,graham_earnings_stability,graham_pe,graham_pe_times_pb,munger_roe,munger_gross_margin",2140332288.0,20.877483,2.2121253,1.267,1.13548,0.10944,0.25256851564758126,0.06358882728538771,312012512.0,,1.0
DIOD,False,39.313992758610674,"graham_pe,graham_pe_times_pb,munger_roe",4405075456.0,51.427418,2.2473745,3.167,0.04401,0.04684,0.312019718326965,0.023927296428718423,176820256.0,,4.0
AVNT,False,39.29527898566584,"graham_pe,graham_pe_times_pb,munger_roe",3792603392.0,22.35135,1.556325,1.9,0.76563,0.071100004,0.3115146310042329,0.06241948346727195,263787504.0,0.027000000000000003,4.0
CWEN,False,39.255865205633675,"graham_current_ratio,graham_debt_to_equity,graham_pe,graham_pe_times_pb,munger_roe",7293026304.0,34.38372,1.9357162,1.207,1.76898,-0.03167,0.64422,0.11196641007697691,421750016.0,0.0636,4.0
FN,False,39.241302418949864,"graham_pe,graham_pe_times_pb,munger_gross_margin,munger_fcf",14765755392.0,31.526396,6.016382,2.253,0.00164,0.21326,0.11990936625543487,0.09973654935460302,-57873500.0,,4.0
HE,False,39.213443262345706,"graham_size,graham_current_ratio,graham_debt_to_equity,graham_earnings_stability,munger_roe,munger_gross_margin",1575364352.0,7.1132812,0.8921222,0.986,1.5886799999999999,0.13448,0.17581,0.07623256501028865,324624384.0,,1.0
WOR,False,39.15732704240993,"graham_pe_times_pb,munger_gross_margin",3003859968.0,18.548338,3.0054338,2.666,0.33189,0.16222,0.2738559261908416,0.05517225901547247,65798000.0,0.013300000000000001,4.0
HCC,False,39.13005714285715,"graham_pe,graham_pe_times_pb,munger_roe,munger_fcf",4713774592.0,21.459736,2.058203,3.927,0.10297,0.10037,0.30597,0.18545,-53619500.0,0.0036,4.0
UNF,False,39.087771152096906,"graham_pe,graham_pe_times_pb,munger_roe",4726117376.0,41.351265,2.1501148,3.111,0.03869,0.05296,0.36678,0.07585168594019287,98668752.0,0.005699999999999999,4.0
EL,False,39.04592325438062,"graham_current_ratio,graham_debt_to_equity,graham_earnings_stability,graham_pe,graham_pe_times_pb,munger_roe",34150166528.0,188.78,8.972433,1.222,2.4293199999999997,0.04745,0.7550003322479899,0.051830686424347135,1812125056.0,0.0147,1.0
PAHC,False,39.028458182199955,"graham_size,graham_debt_to_equity,graham_pe_times_pb,munger_fcf",1396492160.0,14.154321,3.6193833,2.956,2.06406,0.29716,0.3376044814118766,0.1280527609309838,-19298000.0,0.0141,4.0
EMN,False,39.022581063443816,"graham_current_ratio,munger_roe,munger_gross_margin",7606150144.0,17.325521,1.2477261,1.498,0.88518,0.07334,0.21069469835466179,0.16043564771180227,544625024.0,0.0508,4.0
IART,False,38.93047871869119,"data_missing:trailing_pe,graham_size,graham_debt_to_equity,graham_earnings_stability,munger_roe",1246693248.0,,1.1949311,3.601,1.96489,-0.00696,0.6203468555283744,-0.30171014129381224,94402000.0,,0.0
WYNN,False,38.92317163929647,"data_missing:debt_to_equity,data_missing:return_on_equity,graham_current_ratio,graham_earnings_stability,graham_pe_times_pb",8365598208.0,19.482014,-48.85147,0.912,,,0.683,0.10949407978373421,476188864.0,0.0125,3.0
NJR,False,38.899083999999995,"graham_current_ratio,graham_debt_to_equity,munger_roe,munger_fcf",5121340928.0,13.981302,1.9362605,0.661,1.4677799999999999,0.14453,0.39178002,0.3765744965052301,-259436368.0,0.0392,4.0
MTD,False,38.8942851427954,"data_missing:return_on_equity,data_invalid_outlier:debt_to_equity,graham_current_ratio,graham_debt_to_equity,graham_pe,graham_pe_times_pb",30253803520.0,34.038097,2359.2659,1.122,166.68447,,0.5937429449987446,0.312,693589632.0,,4.0
ETN,False,38.697800806274174,"graham_current_ratio,graham_debt_to_equity,graham_pe,graham_pe_times_pb",170134732800.0,44.652393,8.4001,1.24,1.05059,0.19684,0.36022,0.1718092566619916,3106125056.0,0.01,4.0
NSIT,False,38.6937656866785,"data_missing:consecutive_positive_earnings_years,graham_current_ratio,graham_debt_to_equity,graham_pe,graham_pe_times_pb,munger_roe,munger_gross_margin",4738665472.0,23.674488,2.9691064,1.183,1.08517,0.13112001,0.21357930832114735,0.0406106087171615,438449760.0,,
NEE,False,38.60623484848485,"graham_current_ratio,graham_debt_to_equity,graham_pe_times_pb,munger_roe,munger_fcf",158127587328.0,17.034832,2.767818,0.534,1.61676,0.11677,0.61024,0.2297979797979798,-17766875136.0,0.033,4.0
AGCO,False,38.57262420265693,"graham_current_ratio,graham_earnings_stability,graham_pe_times_pb,munger_roe,munger_gross_margin",8281952256.0,16.356846,2.0287519,1.321,0.66053,0.118269995,0.2545923427891291,0.05908549890894664,450262496.0,0.0103,1.0
ALB,False,38.473994442280656,"graham_earnings_stability,graham_pe,graham_pe_times_pb,munger_roe,munger_gross_margin",13024218112.0,408.77777,1.6197535,2.086,0.18975999999999998,0.02648,0.13003183326841972,-0.0713791674582367,1334340224.0,0.0152,0.0
NI,False,38.47033102791352,"graham_current_ratio,graham_debt_to_equity,graham_pe,graham_pe_times_pb,munger_roe,munger_fcf",18849110016.0,21.018717,1.9683994,0.498,1.46649,0.085489996,1.0,0.2813668976513154,-1772999936.0,0.030699999999999998,4.0
MSM,False,38.38440782885374,"data_missing:market_cap,graham_pe,graham_pe_times_pb",,29.31401,4.774757,1.548,0.39130000000000004,0.16322,0.40751464178074615,0.080000350177118,195171120.0,0.0288,4.0
BWA,False,38.356232181109384,"graham_pe,graham_pe_times_pb,munger_roe,munger_gross_margin",12390042624.0,29.96798,2.2042465,2.127,0.7011,0.08056,0.18678401788208998,0.037440625873148926,1066249984.0,0.0116,4.0
OTTR,False,38.353034393427556,"graham_pe_times_pb,munger_roe,munger_fcf",3709845760.0,19.084232,1.9766011,1.707,0.67491,0.106850006,0.42191002,0.26598288756886523,-165230496.0,0.0256,4.0
DAL,False,38.33331264473636,"graham_current_ratio,graham_pe_times_pb,munger_gross_margin",56052498432.0,14.135158,2.5555422,0.424,0.96649,0.20125,0.187,0.09188182564232056,2817374976.0,0.0104,4.0
WAB,False,38.2998512132332,"graham_current_ratio,graham_pe,graham_pe_times_pb,munger_roe",48768786432.0,38.859356,4.353776,1.121,0.61686,0.11553001,0.3408256469956121,0.16056237127249934,1101374976.0,0.0043,4.0
ROCK,False,38.27280361879072,"graham_size,graham_current_ratio,graham_debt_to_equity,graham_earnings_stability,munger_roe,munger_gross_margin",1191222656.0,19.881187,1.3382652,1.457,1.53722,0.06241,0.26877211028435904,0.10810294310617076,307628128.0,,0.0
KSS,False,38.20903164202078,"graham_current_ratio,graham_debt_to_equity,graham_earnings_stability,munger_roe",2000527488.0,7.4766955,0.47837877,1.491,1.54055,0.06671,0.3445030870344553,0.040188059509241966,879500032.0,0.028999999999999998,3.0
SLGN,False,38.152144584384686,"graham_current_ratio,graham_debt_to_equity,munger_roe,munger_gross_margin",3793984512.0,14.078432,1.5945635,1.272,2.03153,0.11748,0.17729362475062338,0.08006499882960236,313311264.0,0.023700000000000002,4.0
STAA,False,38.15027850990172,"graham_size,graham_earnings_stability,graham_pe,graham_pe_times_pb,munger_roe",1008395520.0,251.37502,2.7585735,4.665,0.09836,0.0109399995,0.7618546453838508,-0.38302804019344977,15348500.0,,0.0
EFOR,False,38.094386250963055,"graham_size,munger_roe,munger_gross_margin",1366119936.0,17.175257,0.75497353,2.127,0.8291,0.04571,0.28868957893679026,0.057858506682745454,213500000.0,,4.0
SAIA,False,38.059264199891686,"graham_pe,graham_pe_times_pb,munger_roe,munger_gross_margin",8619525120.0,31.242054,3.161121,1.584,0.09872,0.10767,0.23584999,0.10889575009754858,135712256.0,,4.0
CRSR,False,38.026929000064946,"graham_size,graham_earnings_stability,graham_pe,graham_pe_times_pb,munger_roe,munger_gross_margin",1484728832.0,44.274193,2.2331598,1.752,0.27172999999999997,0.05845,0.2892283766163208,0.0014098663479300228,77311376.0,,0.0
MLM,False,37.99228431983257,"graham_current_ratio,graham_pe,graham_pe_times_pb,munger_roe",34409603072.0,31.543621,2.5199459,1.407,0.54945,0.08894,0.3071544715447154,0.23365853658536587,593374976.0,0.006999999999999999,4.0
HPE,False,37.892518710664945,"graham_current_ratio,graham_pe,graham_pe_times_pb,munger_roe",84904648704.0,32.96907,3.2037666,1.113,0.76464,0.10936,0.36622003,-0.012742010730114299,4738625024.0,0.009000000000000001,4.0
ALKS,False,37.84755878550291,"graham_earnings_stability,graham_pe,graham_pe_times_pb,munger_roe",6814543360.0,106.89474,3.7628531,2.3,0.86952,0.03852,0.87182,0.1720686849167863,153381376.0,,3.0
KR,False,37.76012017243515,"graham_current_ratio,graham_debt_to_equity,graham_pe,graham_pe_times_pb,munger_roe,munger_gross_margin",34425413632.0,31.508108,5.9485664,0.702,4.1324000000000005,0.14442,0.23900999,0.012801235420815215,2535500032.0,0.0265,4.0
LEA,False,37.75485250373075,"graham_current_ratio,munger_roe,munger_gross_margin",8202010624.0,11.800766,1.1779329,1.314,0.66026,0.12094,0.06468006070742204,0.03341917787016695,858987520.0,0.026000000000000002,4.0
BDC,False,37.71479053128081,graham_pe_times_pb,4413100032.0,18.332792,3.1790671,2.135,0.97069,0.18643999,0.3797783878426367,0.11626867177814919,99734624.0,0.0018,4.0
EYE,False,37.68668237747659,"graham_size,graham_current_ratio,graham_earnings_stability,graham_pe,graham_pe_times_pb,munger_roe",1320457600.0,26.935486,1.4718845,0.592,0.77705,0.057550002,0.58637,0.029599675570368224,48656000.0,,1.0
ABG,False,37.66256083076044,"graham_current_ratio,graham_debt_to_equity,munger_roe,munger_gross_margin",3353058816.0,7.013894,0.8546484,0.91,1.4096899999999999,0.13233,0.17065948108228235,0.047813767431523976,360600000.0,,4.0
WBD,False,37.65519258613716,"data_missing:trailing_pe,graham_current_ratio,graham_earnings_stability,munger_roe",77357703168.0,,2.3566027,0.777,0.94199,-0.08786,0.47811002,0.019787644787644786,16167374848.0,,1.0
NE,False,37.60484188135764,"graham_pe,graham_pe_times_pb,munger_roe",6797565952.0,45.297874,1.51595,1.915,0.42557,0.03283,0.35416,0.12647797884566686,252878256.0,0.045700000000000005,4.0
UAL,False,37.5918658609285,"graham_current_ratio,graham_debt_to_equity",37129154560.0,10.701122,2.2238097,0.78,2.01641,0.23252001,0.31816,0.0797866937531742,910124992.0,,4.0
EPC,False,37.584156712390374,"data_missing:trailing_pe,graham_size,munger_roe",1293715840.0,,0.88602,1.842,0.87622,-0.012949999,0.4159658196536991,0.04344501911400944,241862496.0,0.022000000000000002,4.0
ST,False,37.49950687998509,"graham_earnings_stability,graham_pe,graham_pe_times_pb,munger_roe,munger_gross_margin",6169264640.0,68.370964,2.085096,2.291,0.8259799999999999,0.03079,0.29497,0.06411121608854096,504049504.0,0.011699999999999999,2.0
PLUS,False,37.499415738714305,"graham_pe_times_pb,munger_roe,munger_gross_margin",2388838656.0,19.64807,2.2129838,2.131,0.1143,0.11698,0.25222871680363423,0.068021153311561,39345124.0,0.011899999999999999,4.0
CUZ,False,37.4827999925,"graham_current_ratio,graham_pe,graham_pe_times_pb,munger_roe,munger_fcf",4730558464.0,718.37506,1.0549213,0.524,0.8420799999999999,0.0015199999,0.67779,0.6775006641068366,-25106624.0,0.0449,4.0
CG,False,37.333785264285716,"data_missing:free_cash_flow,graham_debt_to_equity,graham_earnings_stability,graham_pe,graham_pe_times_pb,munger_roe",14182044672.0,41.458332,2.6830256,1.808,1.97617,0.077659994,0.98319,0.26855,,0.0355,2.0
TBBK,False,37.22175,"data_missing:current_ratio,data_missing:debt_to_equity,data_missing:free_cash_flow,munger_gross_margin",2071154048.0,9.545113,2.9847763,,,0.29629,0.0,0.59707,,,4.0
ROG,False,37.19976161407498,"graham_earnings_stability,graham_pe,graham_pe_times_pb,munger_roe",2483162624.0,82.23077,2.0648718,3.988,0.02366,0.02596,0.31672422298963987,-0.0555007400098668,99825000.0,,0.0
OGE,False,37.13866955629487,"graham_current_ratio,graham_debt_to_equity,graham_pe_times_pb,munger_roe",9210426368.0,19.727877,1.8490025,0.767,1.1730500000000001,0.09703,0.4773643495314883,0.24520720223306033,126750000.0,0.0387,4.0
KKR,False,37.09386666666667,"data_missing:free_cash_flow,graham_current_ratio,graham_earnings_stability,graham_pe,graham_pe_times_pb,munger_roe",89218842624.0,30.862617,3.0425196,0.856,0.69812,0.0728,0.54767,0.2065,,0.008199999999999999,3.0
RUSHA,False,37.07819432812913,"graham_current_ratio,graham_pe,graham_pe_times_pb,munger_roe,munger_gross_margin",5652086784.0,21.9095,2.421,1.452,0.6307699999999999,0.11795,0.19647910769087978,0.05296551946781057,313673632.0,0.011699999999999999,4.0
IOSP,False,37.03642205024216,"graham_pe,graham_pe_times_pb,munger_roe,munger_gross_margin",2418522624.0,20.038776,1.800297,2.784,0.03546,0.091309994,0.2769403824521935,0.07283464566929133,32575000.0,0.018500000000000003,4.0
MGEE,False,36.99587180357143,"graham_current_ratio,graham_pe_times_pb,munger_roe,munger_fcf",2632065024.0,17.132679,1.8288399,1.137,0.64863,0.110410005,0.41184,0.22672,-206614256.0,0.0297,4.0
RS,False,36.9639628530276,"graham_pe,graham_pe_times_pb,munger_roe,munger_gross_margin",19781089280.0,22.513075,2.672493,4.297,0.26921,0.12229,0.28285,0.07084642130079823,345437504.0,0.013000000000000001,4.0
TKR,False,36.91550055446395,"graham_pe,graham_pe_times_pb,munger_roe,munger_gross_margin",8132331008.0,31.803524,2.549422,3.095,0.65523,0.08538,0.28645451108590747,0.11798856344668035,349212512.0,0.0123,4.0
BWXT,False,36.88162989591979,"graham_debt_to_equity,graham_pe,graham_pe_times_pb,munger_gross_margin",12620469248.0,35.685234,9.45726,2.397,1.514,0.28289,0.22082001,0.12645567740372216,145624256.0,0.0076,4.0
DDOG,False,36.831473999927844,"graham_earnings_stability,graham_pe,graham_pe_times_pb,munger_roe",97413464064.0,553.6531,22.29903,3.205,0.29259,0.04696,0.7995549081775629,-0.012947462591453327,1051412352.0,,3.0
ON,False,36.81405388195641,"graham_pe,graham_pe_times_pb,munger_roe",30216964096.0,51.40066,4.1856766,3.464,0.6505500000000001,0.08312,0.33090369283117055,0.014044100477032391,1656649984.0,,4.0
WD,False,36.76999992499999,"data_missing:free_cash_flow,graham_size,graham_debt_to_equity,graham_pe,munger_roe",1298199680.0,33.767857,0.73708826,1.574,1.3645699999999998,0.023599999,1.0,0.371913357400722,,0.0729,4.0
OSW,False,36.750678947037784,"graham_earnings_stability,graham_pe,graham_pe_times_pb,munger_roe,munger_gross_margin",2332947968.0,29.094936,4.007148,2.905,0.15605,0.14321,0.13417,0.08494996363167157,48876500.0,0.0089,2.0
WGO,False,36.713797895585934,"graham_size,graham_pe,munger_roe,munger_gross_margin",770327296.0,20.036764,0.62252986,2.373,0.3912,0.03142,0.13047673504395682,0.02044171252948324,164224992.0,0.0535,4.0
WING,False,36.710492652246785,"data_missing:debt_to_equity,data_missing:return_on_equity,graham_pe,graham_pe_times_pb",2676035328.0,23.222223,-3.4616063,2.967,,,0.49418998,0.2572866874362312,98595000.0,0.013500000000000002,4.0
RTX,False,36.65099456140537,"graham_current_ratio,graham_pe,graham_pe_times_pb,munger_roe,munger_gross_margin",254173691904.0,33.202465,3.8292384,1.011,0.5702,0.12274,0.20347,0.10496258591695541,9880000512.0,0.0155,4.0
APTV,False,36.56467094782314,"graham_pe,munger_roe,munger_gross_margin",9323773952.0,20.319004,1.068963,2.018,0.6493800000000001,0.05158,0.14847696311036276,0.05804490636336896,1615874944.0,,4.0
GLW,False,36.493494097581745,"graham_pe,graham_pe_times_pb",134703915008.0,72.064514,11.280387,1.813,0.7144799999999999,0.16813,0.35965192910614885,0.1458186704203724,734499968.0,0.0073,4.0
GNW,False,36.4900446554945,"munger_roe,munger_gross_margin",3555578112.0,18.450981,0.40658486,10.675,0.23338,0.033970002,0.06625,0.00547542735042735,673625024.0,,4.0
NPO,False,36.481406153592076,"graham_pe,graham_pe_times_pb,munger_roe",6616169984.0,152.46829,4.1671333,2.282,0.37073,0.0286,0.4241441785067226,0.1356918089062649,130837504.0,0.0040999999999999995,4.0
RGEN,False,36.42890529715534,"graham_earnings_stability,graham_pe,graham_pe_times_pb,munger_roe",10705837056.0,263.4722,5.0682626,9.05,0.32715000000000005,0.0199,0.53836,0.09916027075249936,113421752.0,,1.0
AMCR,False,36.394850328109925,"graham_current_ratio,graham_debt_to_equity,munger_roe,munger_gross_margin",19547975680.0,18.068377,1.65661,1.254,1.2829400000000002,0.09396,0.19952352590827874,0.0807878839445248,1504000000.0,0.061799999999999994,4.0
CNR,False,36.38051746950698,"graham_earnings_stability,graham_pe,graham_pe_times_pb,munger_roe,munger_gross_margin",4404225024.0,44.58794,1.1893944,1.825,0.12037,0.02675,0.16860001,-0.043714486376815076,274115744.0,0.0045000000000000005,0.0
GNRC,False,36.35118309130949,"graham_pe,graham_pe_times_pb,munger_roe",12300064768.0,47.873566,4.2701306,2.045,0.49003,0.09491,0.3829129750041992,0.06870536952023772,289056512.0,,4.0
JBGS,False,36.30833333333334,"data_missing:trailing_pe,graham_size,graham_current_ratio,graham_debt_to_equity,graham_earnings_stability,munger_roe",812077568.0,,0.57610124,1.149,1.64083,-0.10864,0.48925,-0.09608425580971358,249499744.0,0.0672,0.0
AEE,False,36.294589147695355,"data_missing:consecutive_positive_earnings_years,graham_current_ratio,graham_debt_to_equity,graham_pe_times_pb,munger_roe,munger_fcf",27424092160.0,17.440142,2.0033572,0.531,1.57846,0.11943,0.52408004,0.2302534378906694,-1786249984.0,0.0302,
NUE,False,36.27406306421839,"graham_pe_times_pb,munger_roe,munger_gross_margin",56206180352.0,19.708832,2.542227,2.508,0.30512,0.14548999,0.15554,0.15668,683374976.0,0.009000000000000001,4.0
TOST,False,36.196285439959695,"data_missing:debt_to_equity,graham_earnings_stability,graham_pe,graham_pe_times_pb,munger_gross_margin",17799510016.0,38.98101,8.689334,2.4,,0.25162,0.25889809848854217,0.04745652527222493,474249984.0,,2.0
ASH,False,36.18589473684211,"graham_earnings_stability,graham_pe,graham_pe_times_pb,munger_roe",3173022464.0,44.416668,1.6967872,3.047,0.7893000000000001,0.0399,0.30098684210526316,-0.42489035087719296,269124992.0,0.024300000000000002,0.0
HRL,False,36.185429503014745,"graham_pe,graham_pe_times_pb,munger_roe,munger_gross_margin",10734592000.0,31.459677,1.3685797,1.882,0.36326,0.042930003,0.15741,0.08615,621551616.0,0.059000000000000004,4.0
WELL,False,36.10516447191658,"graham_current_ratio,graham_pe,graham_pe_times_pb,munger_roe",166027001856.0,101.502205,3.568762,1.317,0.41375,0.03836,0.39560002,0.16561002,2756164352.0,0.0146,4.0
FA,False,35.996030582751295,"graham_debt_to_equity,graham_earnings_stability,graham_pe,graham_pe_times_pb,munger_roe",3389559296.0,131.56667,2.6166801,2.527,1.5774000000000001,0.01939,0.45219,0.0841393073757502,215071744.0,,0.0
LUMN,False,35.931333333333335,"data_missing:trailing_pe,data_missing:debt_to_equity,data_missing:return_on_equity,graham_current_ratio,graham_earnings_stability",5977226240.0,,-4.013158,0.964,,,0.47794,-0.06547331075632963,2116249984.0,,0.0
CACI,False,35.92389085480722,"graham_current_ratio,graham_debt_to_equity,graham_pe,graham_pe_times_pb,munger_roe",13725064192.0,25.684656,3.075428,1.484,1.20656,0.12824,0.33203998,0.0961367314190681,610367104.0,,4.0
NRG,False,35.91342703756168,"graham_current_ratio,graham_debt_to_equity,graham_earnings_stability,graham_pe,graham_pe_times_pb,munger_gross_margin",20886513664.0,25.875,4.969491,0.968,4.83357,0.23772,0.18795,0.06007228209552958,772374976.0,0.0194,2.0
MHO,False,35.90062425494186,"munger_roe,munger_gross_margin",3530649088.0,11.715185,1.0919918,8.108,0.31079,0.100600004,0.20903,0.11466231576440751,86652128.0,,4.0
CPT,False,35.891823651254754,"graham_current_ratio,graham_debt_to_equity,graham_pe,graham_pe_times_pb,munger_roe",11351051264.0,32.369637,2.6453059,0.352,1.25648,0.07885,0.61619,0.16104001,139679632.0,0.0435,4.0
LSTR,False,35.817018659916734,"graham_pe,graham_pe_times_pb,munger_roe,munger_gross_margin",5540203008.0,42.84777,6.6213746,1.825,0.16625,0.14977999,0.19034,0.03195292341939727,96691872.0,0.010700000000000001,4.0
BGC,False,35.7875,"data_missing:free_cash_flow,graham_debt_to_equity,graham_pe,graham_pe_times_pb",5577222144.0,29.324999,5.0149636,1.509,1.56959,0.15882,0.91666,0.09044,,0.0066,4.0
ELV,False,35.772027055106136,"graham_pe_times_pb,munger_roe,munger_gross_margin",85767471104.0,17.483643,1.9106607,1.518,0.68953,0.11133,0.2599,0.03615317011927181,4306375168.0,0.0173,4.0
ATI,False,35.76907835640766,"graham_debt_to_equity,graham_pe,graham_pe_times_pb,munger_gross_margin",25146585088.0,54.155422,13.399362,2.327,1.09699,0.25357,0.2195143218380782,0.13970876749356934,346687488.0,,4.0
CIEN,False,35.70767497784838,"graham_debt_to_equity,graham_pe,graham_pe_times_pb",50690875392.0,79.79018,16.59363,3.797,1.07496,0.22396,0.42036147551518427,0.04141539156982053,633368384.0,,4.0
DE,False,35.70663957473766,"graham_debt_to_equity,graham_pe,graham_pe_times_pb,munger_gross_margin",183891279872.0,37.890278,6.5698724,2.132,2.30298,0.18242,0.25184,0.17478149895583572,4516250112.0,0.009300000000000001,4.0
CASY,False,35.70149428749383,"graham_current_ratio,graham_pe,graham_pe_times_pb,munger_gross_margin",22001278976.0,28.687712,5.376938,1.019,0.7054699999999999,0.19983,0.23374548352445523,0.065,503306880.0,0.0043,4.0
CBRL,False,35.653,"graham_size,graham_current_ratio,graham_debt_to_equity,graham_pe,graham_pe_times_pb,munger_roe",1158140928.0,37.010715,2.4218273,0.579,2.06487,0.0674,0.31794,-0.0037574795538271753,92739872.0,0.019299999999999998,4.0
CRWD,False,35.61205762227492,"graham_earnings_stability,graham_pe,graham_pe_times_pb,munger_roe",261175066624.0,8502.334,51.18804,1.57,0.15958,0.01461,0.75185996,-0.02259,1995385472.0,,0.0
MRK,False,35.5857532013038,"graham_current_ratio,graham_debt_to_equity,graham_pe,graham_pe_times_pb,munger_roe",365930905600.0,119.61291,8.731897,1.323,1.2840799999999999,0.06961,0.759,-0.00241,15171500032.0,0.023,4.0
IP,False,35.57784047619048,"data_missing:trailing_pe,graham_current_ratio,graham_earnings_stability,munger_roe,munger_gross_margin",18566721536.0,,1.2842962,1.098,0.68509,-0.16479,0.29608,0.02298,1646499968.0,0.053,0.0
XRAY,False,35.57087256427799,"data_missing:trailing_pe,graham_size,graham_debt_to_equity,graham_earnings_stability,munger_roe",1872929664.0,,1.4278116,1.627,1.72243,-0.33031,0.5,-0.11467391304347826,141624992.0,,0.0
EVRG,False,35.525977881044405,"graham_current_ratio,graham_debt_to_equity,graham_pe_times_pb,munger_roe,munger_fcf",17936971776.0,19.795164,1.7545105,0.359,1.60554,0.092539996,0.52696997,0.25712895866881375,-1443362560.0,0.0358,4.0
LHX,False,35.523679002402126,"graham_current_ratio,graham_pe,graham_pe_times_pb,munger_roe,munger_gross_margin",44289286144.0,24.024242,2.2269037,1.184,0.52753,0.0934,0.25484,0.08994138335287222,1608999936.0,0.021,4.0
CAR,False,35.51833333333334,"data_missing:trailing_pe,data_missing:debt_to_equity,data_missing:return_on_equity,graham_current_ratio,graham_earnings_stability,munger_gross_margin",3708144128.0,,-1.0936996,0.848,,,0.27385,0.1491,1093124992.0,,0.0
DPZ,False,35.50949232799916,"data_missing:debt_to_equity,data_missing:return_on_equity,graham_pe_times_pb",9548050432.0,16.36168,-2.3966186,1.538,,,0.3995065581051313,0.1931123802984376,531496512.0,0.027200000000000002,4.0
SO,False,35.273137680841565,"graham_current_ratio,graham_debt_to_equity,graham_pe_times_pb,munger_roe,munger_fcf",95089008640.0,19.918074,2.4030468,0.787,1.8205799999999999,0.114829995,0.48289,0.24650627685852536,-3913374976.0,0.036699999999999997,4.0
FOUR,False,35.252375384307996,"graham_current_ratio,graham_debt_to_equity,graham_pe,graham_pe_times_pb,munger_roe,munger_gross_margin",3051413760.0,60.382816,4.9781013,1.211,2.6232100000000003,0.064899996,0.20358318098720293,0.08397129186602871,353524992.0,,4.0
DY,False,35.25172104595073,"graham_debt_to_equity,graham_pe,graham_pe_times_pb,munger_gross_margin",8238917632.0,24.96938,3.9911313,2.348,1.47703,0.19197,0.20528999,0.09571,326561504.0,,4.0
KWR,False,35.19792716458929,"graham_earnings_stability,graham_pe,graham_pe_times_pb,munger_roe",2785238784.0,29.00717,2.0230477,2.457,0.66913,0.07175,0.3597160699214353,0.02805519756607156,129911624.0,0.013300000000000001,0.0
HP,False,35.19331035945417,"data_missing:trailing_pe,graham_earnings_stability,munger_roe",3869636096.0,,1.5032808,1.962,0.69731,-0.04639,0.31845,0.0008857417205973391,493073888.0,0.025099999999999997,0.0
MTX,False,35.131956276220805,"data_missing:trailing_pe,graham_current_ratio,graham_earnings_stability,munger_roe,munger_gross_margin",2078623104.0,,1.3454834,1.429,0.61194,-0.03835,0.24992762713499952,0.022869825340152465,392837504.0,0.0072,0.0
JBTM,False,34.99270280465049,"graham_current_ratio,graham_earnings_stability,graham_pe,graham_pe_times_pb,munger_roe,munger_gross_margin",5736019456.0,30.460054,1.2776898,1.239,0.37545,0.0437,0.16034710431993962,0.049865725870149015,341062496.0,0.0036,0.0
QDEL,False,34.95266766666667,"data_missing:trailing_pe,graham_size,graham_current_ratio,graham_debt_to_equity,graham_earnings_stability,munger_roe",745414848.0,,0.41828606,1.386,1.73277,-0.45905998,0.44858003,-0.33667863160208045,146762496.0,,0.0
SHO,False,34.908347093124284,"graham_pe,graham_pe_times_pb,munger_roe,munger_fcf",2074204544.0,50.704544,1.2681901,5.435,0.51842,0.027520001,0.43710998,0.25784066820067764,-112617752.0,0.0323,4.0
DRH,False,34.84294925139121,"munger_roe,munger_gross_margin",2557094400.0,17.291666,1.6713653,5.588,0.78244,0.09911,0.29453,0.16066919155637036,76127872.0,0.0354,4.0
CSW,False,34.84225553042627,"graham_pe,graham_pe_times_pb,munger_roe",4857740288.0,40.841095,4.526738,2.7,0.8488500000000001,0.109280005,0.41908680346109045,0.15568348407323826,72619248.0,0.0040999999999999995,4.0
LGIH,False,34.7709859190234,"graham_size,munger_roe,munger_gross_margin",1157996416.0,17.355402,0.542983,33.032,0.74344,0.03159,0.19646,0.04677561588832392,208319248.0,,4.0
SMG,False,34.700781721964816,"data_missing:debt_to_equity,data_missing:return_on_equity,graham_current_ratio,graham_earnings_stability,graham_pe,graham_pe_times_pb",2952932352.0,20.207172,-10.302662,1.215,,,0.3059388825407987,0.10506577598077993,248500000.0,0.0516,1.0
SAFE,False,34.695607752002324,"graham_size,graham_debt_to_equity,graham_earnings_stability,munger_roe,munger_fcf",868915776.0,7.621118,0.35744458,37.645,1.76953,0.0464,0.92913,0.26169751421338755,-317175872.0,0.0572,2.0
AHR,False,34.690602285479386,"graham_current_ratio,graham_earnings_stability,graham_pe,graham_pe_times_pb,munger_roe,munger_gross_margin",11383896064.0,76.79412,2.7517524,1.314,0.41888,0.03951,0.1928,0.18368911780465044,396683008.0,0.0191,1.0
LAD,False,34.678617933972376,"graham_current_ratio,graham_debt_to_equity,munger_roe,munger_gross_margin",6933804544.0,10.447665,1.0838817,1.003,2.57698,0.10719,0.15233201097917093,0.04237290387379799,547649984.0,0.009000000000000001,4.0
BTSG,False,34.67579635076545,"graham_debt_to_equity,graham_earnings_stability,graham_pe,graham_pe_times_pb,munger_roe,munger_gross_margin",11193180160.0,50.508926,5.6894298,1.588,1.1600700000000002,0.13036,0.11756085946361444,0.022869024157271517,1028438976.0,,1.0
LYV,False,34.66322302587663,"data_missing:trailing_pe,graham_current_ratio,graham_debt_to_equity,munger_gross_margin",39657861120.0,,476.84875,0.852,6.202140000000001,0.17677,0.25777,0.049648698171840096,1695030656.0,,4.0
LH,False,34.597054046769024,"graham_pe,graham_pe_times_pb,munger_roe,munger_gross_margin",25257783296.0,25.320326,2.9273977,1.796,0.7912399999999999,0.11728,0.28759936065139013,0.09924955381781432,892049984.0,0.009300000000000001,4.0
HLT,False,34.523498315891224,"data_missing:debt_to_equity,data_missing:return_on_equity,graham_current_ratio,graham_pe,graham_pe_times_pb",70585982976.0,46.121323,-11.230171,0.649,,,0.79036003,0.22368967522219455,1393874944.0,0.0019,4.0
NAVI,False,34.516142,"data_missing:trailing_pe,data_missing:free_cash_flow,graham_size,graham_debt_to_equity,graham_earnings_stability,munger_roe",860466624.0,,0.35883296,10.745,18.52711,-0.01975,1.0,0.33870998,,0.0688,0.0
AAON,False,34.48341428571428,"graham_pe,graham_pe_times_pb,munger_gross_margin,munger_fcf",7234894848.0,46.18158,7.159935,3.013,0.44742,0.17284,0.25569,0.10987,-213758000.0,0.004699999999999999,4.0
TXT,False,34.45767107040777,"munger_roe,munger_gross_margin",13160437760.0,14.410545,1.6335418,1.861,0.5228499999999999,0.12126,0.17628999,0.08701,452750016.0,0.0011,4.0
JJSF,False,34.27512948553691,"graham_size,graham_pe,graham_pe_times_pb,munger_roe,munger_gross_margin",1436055296.0,29.794575,1.6051704,2.343,0.21512,0.05292,0.23328584651451315,0.01682324923339445,57647500.0,0.0415,4.0
DXPE,False,34.26321293634143,"graham_debt_to_equity,graham_pe,graham_pe_times_pb",3016533504.0,34.1652,5.574353,2.993,1.66254,0.18469,0.315383375529728,0.08771725357264186,74078496.0,,4.0
FND,False,34.173849335759066,"graham_current_ratio,graham_pe,graham_pe_times_pb,munger_roe",5018339840.0,22.021027,2.0181148,1.333,0.80645,0.09694,0.4363513238863147,0.057656901407488505,140193248.0,,4.0
LFST,False,34.15886167526612,"graham_current_ratio,graham_earnings_stability,graham_pe,graham_pe_times_pb,munger_roe",4540941312.0,91.88461,3.0889578,1.376,0.32098999999999994,0.03429,0.33558998,0.01695447189291469,172356128.0,,1.0
VNOM,False,34.14658848170444,"data_missing:trailing_pe,graham_earnings_stability,munger_roe",14798829568.0,,1.566004,6.374,0.1632,0.0109,1.0,-0.1003584229390681,46000000.0,0.0588,0.0
INDV,False,34.13354959249609,"data_missing:debt_to_equity,data_missing:return_on_equity,graham_current_ratio,graham_earnings_stability,graham_pe_times_pb",4264494080.0,12.903572,-20.493477,0.835,,,0.8022598870056498,0.21146085552865213,86500000.0,,2.0
SRE,False,34.11503809523809,"graham_pe,graham_pe_times_pb,munger_roe,munger_fcf",50696892416.0,22.472464,1.550724,1.642,0.84663,0.06679,0.43994,0.28328,-27657750528.0,0.0338,4.0
VECO,False,34.1084512223284,"graham_earnings_stability,graham_pe,graham_pe_times_pb,munger_roe",2999185408.0,129.3158,3.3274648,3.926,0.28931,0.02643,0.3786,0.06676,71797000.0,,2.0
GPK,False,34.09668748663388,"graham_current_ratio,graham_debt_to_equity,munger_roe,munger_gross_margin",2768417280.0,14.3853855,0.8554895,1.379,1.7615100000000001,0.060100004,0.16771341463414635,0.09330393408378786,237875008.0,0.0471,4.0
TLN,False,34.033667333333334,"data_missing:trailing_pe,graham_current_ratio,graham_debt_to_equity,graham_earnings_stability,munger_roe",14415963136.0,,8.918101,0.781,5.8413699999999995,-0.12825,0.42101002,-0.03487020534676482,1261750016.0,,0.0
YUM,False,34.02169960876825,"data_missing:debt_to_equity,data_missing:return_on_equity,graham_current_ratio,graham_pe_times_pb",37957812224.0,17.923967,-5.259794,0.592,,,0.45311,0.3133674214755296,833249984.0,0.0218,4.0
ENTG,False,34.00902374945593,"graham_pe,graham_pe_times_pb,munger_roe",23035365376.0,75.00249,5.538798,3.049,0.85655,0.07671,0.44419070262153537,0.14262028405180505,477787488.0,0.0027,4.0
DXC,False,33.97225505415706,"graham_size,graham_current_ratio,graham_debt_to_equity,graham_earnings_stability,munger_roe,munger_gross_margin",1701643008.0,14.3918915,0.5604968,1.408,1.25421,0.04025,0.22997,0.07671622904144258,877000000.0,,3.0
AVA,False,33.95425996508583,"graham_current_ratio,graham_debt_to_equity,munger_roe,munger_fcf",2917529856.0,12.575812,1.0342013,1.1,1.19709,0.08306,0.66753995,0.18024439918533605,-235124992.0,0.056100000000000004,4.0
ETR,False,33.95418221664194,"graham_current_ratio,graham_debt_to_equity,graham_pe,graham_pe_times_pb,munger_roe,munger_fcf",46922526720.0,25.117647,2.5140152,0.912,1.8677000000000001,0.10248999,0.47000998,0.24734345144386757,-4400858112.0,0.026099999999999998,4.0
VIAV,False,33.94517666537248,"data_missing:trailing_pe,graham_earnings_stability,munger_roe",9929212928.0,,6.8622108,1.846,0.48243,-0.02728,0.5765658960679707,0.06922215635908582,158712496.0,,0.0
PSN,False,33.94217444022627,"graham_pe,graham_pe_times_pb,munger_roe,munger_gross_margin",4597971968.0,29.689653,1.7472299,1.662,0.59881,0.082440004,0.21959999,0.06569105997647796,213456128.0,,4.0
KMPR,False,33.87056666666667,"data_missing:trailing_pe,graham_size,graham_current_ratio,graham_earnings_stability,munger_roe,munger_gross_margin",1488340608.0,,0.679296,0.817,0.63974,-0.19700001,0.254,-0.013935520407750495,220550000.0,0.0508,2.0
ONTO,False,33.77291194482005,"graham_pe,graham_pe_times_pb,munger_roe",17511251968.0,107.703,7.3061814,9.726,0.76547,0.06825,0.4971534812282955,0.13223106788969652,202947248.0,,4.0
NPK,False,33.74917679634691,"graham_size,graham_pe,graham_pe_times_pb,munger_roe,munger_gross_margin",1034908096.0,24.25167,2.5163534,5.22,0.022320000000000003,0.10902,0.15952566312628594,0.07991873277142698,8961750.0,0.0069,4.0
KD,False,33.721547319047616,"graham_current_ratio,graham_debt_to_equity,graham_earnings_stability,graham_pe,graham_pe_times_pb,munger_roe,munger_gross_margin",2566988032.0,31.85135,2.4164445,0.848,4.22451,0.069299996,0.21841,0.02902,2652624896.0,,2.0
ESAB,False,33.69722695592973,"graham_pe,graham_pe_times_pb,munger_roe",4356974080.0,21.981192,1.8411932,1.962,0.9826900000000001,0.08727,0.3688027144593508,0.1449998328968129,146126368.0,0.0070999999999999995,4.0
BJ,False,33.650827663601476,"graham_current_ratio,graham_debt_to_equity,graham_pe,graham_pe_times_pb,munger_gross_margin",11896316928.0,20.167023,5.419496,0.73,1.26207,0.27673,0.18244,0.03805721080879146,246668752.0,,4.0
HSIC,False,33.63385426156687,"graham_current_ratio,graham_pe,graham_pe_times_pb,munger_roe",9611149312.0,25.142857,3.0571804,1.319,0.80733,0.088549994,0.3113622572815534,0.04952973300970874,446000000.0,,4.0
UGI,False,33.58419910702033,"graham_current_ratio,graham_debt_to_equity,graham_earnings_stability,munger_roe,munger_fcf",7806544384.0,12.091362,1.4399035,1.439,1.34987,0.13279,0.51343,0.1519143680526966,-236250000.0,0.0412,2.0
AXON,False,33.56470756238356,"graham_pe,graham_pe_times_pb,munger_roe",35409764352.0,181.61667,9.636327,2.149,0.50363,0.06221,0.5965474093517767,-0.02233322396256066,222160000.0,,4.0
CVI,False,33.49170967537357,"graham_current_ratio,graham_debt_to_equity,graham_pe,graham_pe_times_pb,munger_gross_margin",5070260736.0,74.16912,9.658177,1.418,2.4180099999999998,0.24254999,0.10905,0.02541189611840268,214500000.0,0.0078000000000000005,4.0
AEP,False,33.469338180386856,"graham_current_ratio,graham_debt_to_equity,graham_pe,graham_pe_times_pb,munger_roe,munger_fcf",64034742272.0,20.527924,1.9960461,0.504,1.6078899999999998,0.10130999,0.46352002,0.24314317059791551,-5995950080.0,0.0323,4.0
FE,False,33.38351554955978,"graham_current_ratio,graham_debt_to_equity,graham_pe,graham_pe_times_pb,munger_roe,munger_fcf",25000138752.0,23.354055,1.9327638,0.541,2.00908,0.09491,0.68605006,0.1461895294897283,-2014625024.0,0.0431,4.0
MDLZ,False,33.353050317365586,"graham_current_ratio,graham_pe,graham_pe_times_pb,munger_roe,munger_gross_margin",76712501248.0,22.016483,2.8892467,0.599,0.82643,0.13340001,0.2837532760723461,0.0920673638321613,2252375040.0,0.0342,4.0
PECO,False,33.34582073829368,"graham_pe,graham_pe_times_pb,munger_roe",5261811712.0,32.63158,2.012116,1.567,0.91852,0.060170002,0.70998,-0.027595161620993645,160187872.0,0.037200000000000004,4.0
HTO,False,33.321282934044476,"graham_debt_to_equity,graham_pe,graham_pe_times_pb,munger_roe,munger_fcf",2582564864.0,21.725353,1.4004586,1.667,1.02581,0.06463,0.56912,0.22174521290548221,-250611632.0,0.028300000000000002,4.0
HXL,False,33.32078945716844,"graham_pe,graham_pe_times_pb,munger_roe,munger_gross_margin",6455218176.0,43.11111,4.964234,2.427,0.73902,0.10764,0.22957917524684512,0.09060668461904008,252975008.0,0.0084,4.0
LNT,False,33.255990813519354,"graham_current_ratio,graham_debt_to_equity,graham_pe,graham_pe_times_pb,munger_roe,munger_fcf",16393275392.0,20.13535,2.1773193,0.466,1.60951,0.11135,0.44502,0.23498395231545163,-1138625024.0,0.0338,4.0
TNC,False,33.1789490084539,"graham_size,graham_pe,graham_pe_times_pb,munger_roe",1152873984.0,65.01923,2.168837,2.045,0.73113,0.03078,0.40240963855421685,0.05675114250103864,50687500.0,0.0187,4.0
WMT,False,33.134908975954794,"graham_current_ratio,graham_pe,graham_pe_times_pb,munger_gross_margin",858318635008.0,38.936825,9.103225,0.767,0.7165300000000001,0.22313999,0.24836999,0.041820733829433104,7127625216.0,0.0092,4.0
D,False,33.07885084644545,"graham_current_ratio,graham_debt_to_equity,graham_pe,graham_pe_times_pb,munger_roe,munger_fcf",53356441600.0,21.285967,1.9113107,0.809,1.60459,0.08281,0.46222,0.26741790863928266,-9181124608.0,0.044199999999999996,4.0
CLH,False,33.02031158254459,"graham_debt_to_equity,graham_pe,graham_pe_times_pb",16509211648.0,37.955097,5.6379795,2.131,1.10951,0.15562001,0.32257,0.11165481673605172,383758016.0,,4.0
LTH,False,32.97792211007227,"graham_current_ratio,graham_debt_to_equity,graham_earnings_stability,graham_pe,graham_pe_times_pb,munger_roe,munger_fcf",8998812672.0,22.005465,2.7220495,0.657,1.29478,0.13445,0.48022997,0.1606851503461308,-345163264.0,,3.0
VYX,False,32.97702842610807,"graham_size,graham_current_ratio,graham_debt_to_equity,graham_earnings_stability,graham_pe,munger_roe,munger_gross_margin",989961216.0,25.607143,1.0653789,1.072,1.15799,0.05272,0.25825,0.009676218831410495,216250000.0,,2.0
OGS,False,32.86428817723744,"graham_current_ratio,munger_roe,munger_fcf",4519994880.0,15.497846,1.2764032,0.481,0.95903,0.085760005,0.6008782612479727,0.13574721538554038,-219928128.0,0.0378,4.0
FUL,False,32.84875369859068,"munger_roe,munger_gross_margin",2685250048.0,13.898329,1.2886772,1.816,0.9476600000000001,0.09584,0.27853710735243353,0.07800966517086641,131553752.0,0.0196,4.0
SXT,False,32.840474819846534,"graham_pe,graham_pe_times_pb,munger_roe,munger_fcf",5493582336.0,34.78976,4.3387794,4.39,0.6063000000000001,0.13071,0.34876,0.12848246801864138,-2621250.0,0.0128,4.0
WEC,False,32.7779134294548,"data_missing:price_to_book,graham_current_ratio,graham_debt_to_equity,munger_roe,munger_fcf",32945002496.0,19.670235,,0.534,1.5798500000000002,0.11988,0.41909,0.22906909113172313,-2353637376.0,0.0378,4.0
RRX,False,32.73648204972108,"graham_earnings_stability,graham_pe,graham_pe_times_pb,munger_roe",10461408256.0,32.268993,1.5134442,2.276,0.68843,0.047670003,0.33073095813268916,0.060329243124770025,455187488.0,0.009300000000000001,2.0
FUN,False,32.73233333333333,"data_missing:trailing_pe,graham_size,graham_current_ratio,graham_debt_to_equity,graham_earnings_stability,munger_roe",1265652736.0,,11.03479,0.42,14.552999999999999,-1.4315801,0.38197,-0.443509298649255,483434880.0,,0.0
ABM,False,32.72665957803902,"graham_current_ratio,graham_debt_to_equity,munger_roe,munger_gross_margin",2905818368.0,17.961956,1.6231747,1.421,1.05134,0.09191,0.12918,0.03563955682091037,281200000.0,0.023399999999999997,4.0
BEN,False,32.71537385271415,"graham_pe,graham_pe_times_pb,munger_roe,munger_fcf",16850370560.0,22.561224,1.4339142,5.486,0.24805,0.07887,0.37707,0.06887705656333018,-2990862592.0,0.0406,4.0
CNP,False,32.70868635017329,"graham_current_ratio,graham_debt_to_equity,graham_pe,graham_pe_times_pb,munger_roe,munger_fcf",24142098432.0,21.815477,2.059799,1.123,2.10256,0.09825,0.47027,0.22549962594848777,-5191875072.0,0.026099999999999998,4.0
BKH,False,32.58435018386483,"graham_current_ratio,graham_debt_to_equity,munger_roe,munger_fcf",5341533184.0,17.644836,1.354618,0.523,1.11686,0.07958,0.4993103849222529,0.2326839826839827,-77750000.0,0.04019999999999999,4.0
IPGP,False,32.49057493579019,"graham_earnings_stability,graham_pe,graham_pe_times_pb,munger_roe",3330454528.0,120.46155,1.5656242,6.179,0.00764,0.01302,0.38002763562026226,0.013054692426704338,45315500.0,,1.0
PDFS,False,32.43636237309464,"graham_earnings_stability,graham_pe,graham_pe_times_pb,munger_roe,munger_fcf",2077579008.0,196.8,5.5330634,3.447,0.19210000000000002,0.03272,0.5335178804566559,0.0018651039059202324,-13259875.0,,0.0
MAR,False,32.402594762683066,"data_missing:debt_to_equity,data_missing:return_on_equity,graham_current_ratio,graham_pe,graham_pe_times_pb",91568078848.0,36.31334,-20.316477,0.535,,,0.79241997,0.15813793630184067,2060375040.0,0.0083,4.0
VTRS,False,32.35631191068936,"data_missing:trailing_pe,graham_earnings_stability,munger_roe",20341542912.0,,1.4068954,1.585,0.9553499999999999,-0.02754,0.3505968573206806,-0.18623207155294794,2677337600.0,0.0276,0.0
CPK,False,32.341709686443934,"graham_current_ratio,graham_debt_to_equity,graham_pe,graham_pe_times_pb,munger_roe,munger_fcf",3115036160.0,20.642172,1.8613964,0.316,1.01273,0.094689995,0.40342,0.27516129032258063,-220775008.0,0.0229,4.0
FMC,False,32.33392936109669,"data_missing:trailing_pe,graham_size,graham_debt_to_equity,graham_earnings_stability,munger_roe",1490441728.0,,0.7330732,1.987,2.6504700000000003,-0.88376,0.3700178808329007,-0.4696025840687547,165637504.0,0.0334,0.0
UFPI,False,32.298957738334366,"munger_roe,munger_gross_margin",4384786944.0,18.148401,1.4435403,3.981,0.13347,0.0802,0.13773177691362642,0.04604430853485071,117891504.0,0.0183,4.0
CWT,False,32.19479692270747,"graham_current_ratio,graham_pe,graham_pe_times_pb,munger_roe,munger_fcf",2842125056.0,20.609865,1.572411,0.701,0.9267700000000001,0.07677,0.53286,0.17678726152984087,-258749376.0,0.0291,4.0
UVV,False,32.184298861020416,"graham_size,graham_pe,graham_pe_times_pb,munger_roe,munger_gross_margin",1048754176.0,55.42092,0.7563143,2.572,0.85545,0.022769999,0.17417999,0.058386982951587445,155875008.0,0.07769999999999999,4.0
KNTK,False,32.160145039504975,"graham_current_ratio,graham_debt_to_equity,graham_pe_times_pb,munger_fcf",8620733440.0,17.814686,-3.3934994,0.682,1.3657400000000002,0.19231,0.41193,0.09347088425511607,-95451128.0,0.0611,4.0
PTEN,False,32.118937049088814,"data_missing:trailing_pe,graham_earnings_stability,munger_roe,munger_gross_margin",4124677120.0,,1.3305855,1.75,0.41383000000000003,-0.0277,0.23754999,-0.008459328922244616,254212992.0,0.0358,0.0
SEI,False,32.04723090049176,"graham_debt_to_equity,graham_pe,graham_pe_times_pb,munger_roe,munger_fcf",7114273280.0,89.49354,4.923734,4.123,2.16673,0.08099,0.49943,0.21759066545591887,-806578240.0,0.0068000000000000005,4.0
HASI,False,32.045964285714284,"data_missing:free_cash_flow,graham_debt_to_equity,graham_pe,graham_pe_times_pb,munger_roe",4669537280.0,55.907696,1.8210975,8.703,2.22661,0.03371,1.0,0.22208,,0.047,4.0
OMC,False,31.961693643261974,"graham_current_ratio,graham_debt_to_equity,graham_earnings_stability,graham_pe,graham_pe_times_pb,munger_roe,munger_gross_margin",20746041344.0,204.37839,2.1471977,0.924,1.07744,0.060510002,0.18959999,0.02574702262055709,4260624896.0,0.042800000000000005,0.0
ED,False,31.947189381273255,"graham_current_ratio,graham_debt_to_equity,munger_roe,munger_fcf",37985099776.0,16.865353,1.4776078,1.268,1.10113,0.08962,0.53372,0.17348386334082042,-844875008.0,0.0342,4.0
VTR,False,31.889810128811547,"graham_current_ratio,graham_earnings_stability,graham_pe,graham_pe_times_pb,munger_roe",43987714048.0,155.91817,3.002731,0.295,0.8492799999999999,0.02012,0.39970002,0.14807999,1486853504.0,0.024,2.0
HOG,False,31.862894454524504,"munger_roe,munger_gross_margin",2653848832.0,14.40678,0.85630816,1.903,0.7404000000000001,0.06093,0.27989,0.08643413235565342,110030248.0,0.0294,4.0
MIR,False,31.838927143722618,"graham_earnings_stability,graham_pe,graham_pe_times_pb,munger_roe",3904988672.0,174.22221,2.089274,3.198,0.6575700000000001,0.01511,0.47395720769397015,0.05565161011454506,115362496.0,,1.0
HZO,False,31.833196435685558,"graham_size,graham_current_ratio,graham_debt_to_equity,graham_earnings_stability,graham_pe,graham_pe_times_pb,munger_roe",1157786624.0,327.625,1.2155362,1.234,1.15137,0.00497,0.3248741603472585,0.014730514340350793,183364128.0,,0.0
GME,False,31.78824071153425,graham_earnings_stability,11814353920.0,15.406513,1.7124606,8.718,0.70557,0.15786,0.3295132097302956,0.06394115540373013,85450000.0,,3.0
PRVA,False,31.782122751277488,"graham_earnings_stability,graham_pe,graham_pe_times_pb,munger_roe,munger_gross_margin",2499119872.0,88.93182,3.1581922,1.616,0.01042,0.04306,0.1003,0.018609999,95646496.0,,3.0
CNXN,False,31.757336898505063,"graham_pe,graham_pe_times_pb,munger_roe,munger_gross_margin",2267895808.0,23.772488,2.3805864,2.88,0.00792,0.104320005,0.18774023182000776,0.03455996457744611,11910875.0,0.009000000000000001,4.0
PRGO,False,31.713025009208973,"data_missing:trailing_pe,graham_debt_to_equity,graham_earnings_stability,munger_roe",2139165824.0,,0.85235417,2.324,1.38183,-0.48746,0.3513907502762691,-0.26385460017399076,437212512.0,0.079,0.0
CNXC,False,31.653066885709702,"data_missing:trailing_pe,graham_size,graham_current_ratio,graham_debt_to_equity,graham_earnings_stability,munger_roe",1685326976.0,,0.6223104,1.179,2.03764,-0.37662,0.34959200657129097,-0.09344640741169319,775551744.0,0.049,0.0
PTCT,False,31.653,"data_missing:trailing_pe,data_missing:debt_to_equity,data_missing:return_on_equity,graham_earnings_stability,munger_fcf",5273053184.0,,-31.828714,3.394,,,0.49959,0.5009288390811572,-286804256.0,,1.0
NX,False,31.65161292884231,"graham_size,graham_debt_to_equity,graham_earnings_stability,graham_pe,munger_roe,munger_gross_margin",909192000.0,20.453608,1.2079148,2.231,1.13017,0.06201,0.26587,-0.10554400995624282,65965624.0,0.0166,0.0
RYN,False,31.650985792760146,"graham_pe,graham_pe_times_pb,munger_roe,munger_gross_margin",5664793600.0,41.152172,1.084503,3.562,0.36024999999999996,0.02015,0.24815,0.17200945333704862,111029624.0,0.0546,4.0
NWE,False,31.650300939722527,"graham_current_ratio,graham_debt_to_equity,graham_pe,graham_pe_times_pb,munger_roe,munger_fcf",4197362944.0,24.631771,1.4496049,0.826,1.24221,0.05935,0.55587,0.2023011885935256,-242985632.0,0.0394,4.0
PCAR,False,31.637630075989353,"graham_pe,graham_pe_times_pb,munger_roe,munger_gross_margin",58668638208.0,23.465263,2.8870413,5.519,0.7291,0.12755999,0.13715,0.12024,1943650048.0,0.0127,4.0
GKOS,False,31.631803674847415,"data_missing:trailing_pe,graham_earnings_stability,munger_roe",9147229184.0,,13.37473,5.04,0.15766,-0.25981,0.5572282152443038,-0.39334544637613755,15456250.0,,0.0
USPH,False,31.622644857075755,"graham_size,graham_current_ratio,graham_pe,graham_pe_times_pb,munger_roe,munger_gross_margin",1267683200.0,471.9444,2.8257325,1.271,0.5032099999999999,0.0651,0.19167082805157556,0.11098349530723825,41290124.0,0.022000000000000002,4.0
LITE,False,31.61499569439013,"data_missing:trailing_pe,graham_earnings_stability,munger_roe",84971913216.0,,18.073223,1.678,0.35987,-2.40027,0.4166887856668879,0.1741207697412077,224700000.0,,0.0
ALGM,False,31.59516250449686,"graham_earnings_stability,graham_pe,graham_pe_times_pb,munger_roe",6716065792.0,514.7143,6.9623184,3.703,0.31472,0.015269999,0.4628377163811544,0.020769669788427314,103498872.0,,0.0
NWL,False,31.485021548874965,"data_missing:trailing_pe,graham_current_ratio,graham_debt_to_equity,graham_earnings_stability,munger_roe",2338190848.0,,0.95279413,1.111,2.32966,-0.085939996,0.3375902276513048,0.005413659078289839,408624992.0,0.05,0.0
ACI,False,31.472833997830097,"graham_current_ratio,graham_debt_to_equity,graham_pe,graham_pe_times_pb,munger_roe,munger_gross_margin",5712235008.0,73.56188,3.5666366,0.842,9.735850000000001,0.02717,0.27180498361838346,0.008748083801737354,1753387520.0,0.056900000000000006,4.0
SARO,False,31.460842972441544,"graham_earnings_stability,graham_pe,graham_pe_times_pb,munger_roe,munger_gross_margin",7510216192.0,23.396906,2.6794567,2.135,0.93207,0.12302,0.15048,0.0908977844666065,369616000.0,,2.0
PMT,False,31.377607517857143,"data_missing:market_cap,data_missing:free_cash_flow,graham_debt_to_equity,graham_earnings_stability,munger_roe",,5.9964027,0.5540415,1.798,12.390820000000001,0.089370005,0.82927,0.10908,,0.1893,3.0
XPO,False,31.315704940868816,"graham_current_ratio,graham_debt_to_equity,graham_pe,graham_pe_times_pb,munger_gross_margin",20361334784.0,51.4497,10.377752,1.011,2.06167,0.21587,0.17586074327210593,0.08042172367291897,473750016.0,,4.0
PEG,False,31.29381056023874,"graham_current_ratio,graham_debt_to_equity,graham_pe_times_pb,munger_roe",33229662208.0,16.584578,1.9159696,0.877,1.4240899999999999,0.11835,0.33333,0.24490466798159105,107750000.0,0.0403,4.0
KOP,False,31.280652781050698,"data_missing:trailing_pe,graham_size,graham_debt_to_equity,munger_roe,munger_gross_margin",874281792.0,,2.2582064,2.332,2.59302,-0.19013001,0.22362,0.08928856489118289,162850000.0,0.0078000000000000005,4.0
GIS,False,31.27194306980619,"data_missing:trailing_pe,graham_current_ratio,graham_debt_to_equity,graham_earnings_stability,munger_roe",18123220992.0,,2.455092,0.704,1.82422,-0.104949996,0.33728,0.048077027452427736,1302612480.0,0.0701,0.0
PPL,False,31.263754853290994,"graham_current_ratio,graham_debt_to_equity,graham_pe_times_pb,munger_roe,munger_fcf",24002418688.0,18.87278,1.5949893,0.905,1.3543399999999999,0.086330004,0.44094002,0.2354567573545676,-1938375040.0,0.035699999999999996,4.0
ORLY,False,31.176499479117236,"data_missing:debt_to_equity,data_missing:return_on_equity,graham_current_ratio,graham_pe,graham_pe_times_pb",69643345920.0,27.330126,-38.27919,0.752,,,0.5159231316716373,0.19461329191915056,1570733824.0,,4.0
AMTM,False,31.159866210757215,"graham_earnings_stability,graham_pe,munger_roe,munger_gross_margin",4672517632.0,23.024097,0.9944321,1.523,0.7987099999999999,0.04287,0.10488,0.03334954491766831,484249984.0,,1.0
PSKY,False,31.109666000000004,"graham_current_ratio,graham_debt_to_equity,graham_earnings_stability,graham_pe,graham_pe_times_pb,munger_roe",11348481024.0,337.16666,0.9633333,1.04,1.26479,-0.00896,0.33328998,-0.18036490603498442,17593124864.0,0.0196,0.0
PSMT,False,31.10843438706962,"graham_current_ratio,graham_pe,graham_pe_times_pb,munger_roe,munger_gross_margin",5386550272.0,33.566345,3.7731302,1.277,0.24017,0.12314,0.17635,0.04411875765403805,58311500.0,0.008100000000000001,4.0
DUK,False,31.073792774715127,"graham_current_ratio,graham_debt_to_equity,munger_roe,munger_fcf",88238899200.0,17.043674,1.6414295,0.661,1.62155,0.098570004,0.51971,0.14833876885446393,-4477374976.0,0.0383,4.0
APG,False,31.002577244942277,"data_missing:trailing_pe,graham_current_ratio,graham_debt_to_equity,munger_roe",16612240384.0,,4.5469594,1.389,1.0927200000000001,0.10348,0.3143723928706864,0.07002907344204272,648625024.0,,4.0
ITT,False,30.950218800062874,"data_missing:market_cap,graham_current_ratio,graham_pe,graham_pe_times_pb,munger_roe",,40.51326,3.8402984,1.263,0.7973,0.11569,0.35353561000380856,0.17379713088739368,307212512.0,0.0072,4.0
GSHD,False,30.948564027616836,"data_missing:debt_to_equity,data_missing:return_on_equity,graham_size,graham_pe,graham_pe_times_pb",1621084416.0,33.10949,-9.606099,1.544,,,0.49583,0.20380012263758404,36873876.0,,4.0
OC,False,30.89068310685652,"data_missing:trailing_pe,graham_current_ratio,graham_debt_to_equity,graham_earnings_stability,munger_roe,munger_gross_margin",9761721344.0,,2.5863404,1.16,1.50328,-0.094510004,0.28090666138770665,0.035632980302880334,869500032.0,0.0262,0.0
KNX,False,30.811199885507623,"graham_current_ratio,graham_pe,graham_pe_times_pb,munger_roe,munger_gross_margin",10439983104.0,237.57405,1.4952563,0.877,0.38409999999999994,0.00611,0.24333,0.02892516676397103,491255488.0,0.012199999999999999,4.0
STLD,False,30.743617552870756,"graham_pe,graham_pe_times_pb,munger_gross_margin",33664186368.0,21.294199,3.5809026,3.183,0.46924,0.17568001,0.13160797401887628,0.0812026200086804,234191248.0,0.009000000000000001,4.0
NEOG,False,30.712338930933957,"data_missing:trailing_pe,graham_earnings_stability,munger_roe",2948793344.0,,1.4062825,3.822,0.38827,-0.00379,0.46932444852941174,-0.024816176470588234,69500000.0,,0.0
ASTH,False,30.71102514346819,"graham_size,graham_current_ratio,graham_debt_to_equity,graham_pe,graham_pe_times_pb,munger_roe,munger_gross_margin",1776828416.0,43.682926,2.1239252,1.229,1.6362299999999999,0.06902,0.1343047536293536,0.024679667191427158,231191248.0,,4.0
HCA,False,30.700904785066086,"data_missing:debt_to_equity,data_missing:return_on_equity,graham_current_ratio,graham_pe_times_pb",93359775744.0,14.465616,-14.1508875,0.993,,,0.42580003,0.15161,3738125056.0,0.0074,4.0
OTIS,False,30.680792058820433,"data_missing:debt_to_equity,data_missing:return_on_equity,graham_current_ratio,graham_pe_times_pb",25211731968.0,17.025707,-4.3863835,0.831,,,0.30313,0.14780680479523248,1436249984.0,0.0264,4.0
PBF,False,30.66551634328627,"graham_current_ratio,graham_earnings_stability,munger_gross_margin",8429155328.0,6.2322526,1.3153902,1.33,0.38423999999999997,0.23228,0.050430004,-0.0018512015764191694,78462496.0,0.015300000000000001,0.0
BHE,False,30.653052143976012,"graham_pe,graham_pe_times_pb,munger_roe,munger_gross_margin",2997518336.0,57.15753,2.6851792,1.993,0.26142,0.047810003,0.10156187714075547,0.0285994401130003,136417248.0,0.0083,4.0
RAL,False,30.637842314705004,"data_missing:trailing_pe,graham_earnings_stability,munger_roe",7697778176.0,,5.0165834,1.524,0.79797,-0.53898996,0.5028518948182521,-0.5718290796597061,333950016.0,0.0029,0.0
ETSY,False,30.5899711504755,"data_missing:debt_to_equity,data_missing:return_on_equity,graham_current_ratio,graham_earnings_stability,graham_pe,graham_pe_times_pb",6394434048.0,22.047466,-4.612991,1.476,,,0.7163864344073403,0.09232179909075808,169665376.0,,3.0
NWN,False,30.58986986126493,"graham_size,graham_current_ratio,graham_debt_to_equity,munger_roe,munger_fcf",1970187904.0,15.759259,1.2634975,0.772,1.73275,0.08347999,0.44977,0.21785253648507052,-268720128.0,0.04190000000000001,4.0
SYF,False,30.589499999999997,"data_missing:current_ratio,data_missing:debt_to_equity,data_missing:free_cash_flow,munger_gross_margin",23900116992.0,7.5338464,1.5724745,,,0.20786,0.0,0.50219,,0.019,4.0
TSN,False,30.589072832804803,"graham_current_ratio,graham_earnings_stability,graham_pe,graham_pe_times_pb,munger_roe,munger_gross_margin",17832818688.0,31.290123,0.98637867,1.433,0.44025,0.03263,0.06542862915817123,0.020168622912878163,1191250048.0,0.039900000000000005,2.0
CWK,False,30.567627801059196,"graham_current_ratio,graham_debt_to_equity,graham_earnings_stability,graham_pe,graham_pe_times_pb,munger_roe,munger_gross_margin",2874069504.0,42.22414,1.4203688,1.078,1.49834,0.0352,0.18128,0.04398242646915884,302500000.0,,2.0
UTI,False,30.532547967551515,"graham_size,graham_current_ratio,graham_debt_to_equity,graham_pe,graham_pe_times_pb,munger_roe,munger_fcf",1120637056.0,32.80645,3.2549207,1.302,1.04405,0.105349995,0.55051,0.09988918354842416,-4487750.0,,4.0
EXC,False,30.49966764599602,"graham_current_ratio,graham_debt_to_equity,munger_roe,munger_fcf",41395605504.0,14.7720585,1.3965937,1.088,1.77362,0.09711,0.42363998,0.21221864951768488,-2685125120.0,0.0418,4.0
HUBG,False,30.464177846269997,"graham_size,graham_current_ratio,munger_roe,munger_gross_margin",1855397504.0,17.43678,1.0903863,1.474,0.2841,0.06241,0.166558686562469,0.035549198127909305,59145876.0,0.0167,4.0
XEL,False,30.347829364735407,"graham_current_ratio,graham_debt_to_equity,graham_pe_times_pb,munger_roe,munger_fcf",43231002624.0,19.225027,1.7963585,0.701,1.73135,0.0992,0.46825,0.17032157406604836,-7907999744.0,0.0341,4.0
AEIS,False,30.330891914800297,"graham_pe,graham_pe_times_pb",11240556544.0,51.782288,7.709804,3.79,0.94568,0.16267,0.37658438959306206,0.0933955970647098,34187500.0,0.0014000000000000002,4.0
KALU,False,30.330638579243608,"graham_debt_to_equity,graham_earnings_stability,munger_gross_margin",2508032512.0,11.380193,2.6329293,2.495,1.13255,0.26398,0.14524001,0.05597391046546101,33025000.0,0.0203,3.0
CBRE,False,30.328181581234553,"graham_current_ratio,graham_debt_to_equity,graham_pe,graham_pe_times_pb,munger_gross_margin",39231660032.0,31.002289,4.675916,1.141,1.17789,0.15798001,0.18574,0.043230579531442666,1637624960.0,,4.0
PK,False,30.307666666666673,"data_missing:trailing_pe,graham_current_ratio,graham_debt_to_equity,graham_earnings_stability,munger_roe",3068396288.0,,0.99309266,0.297,1.35246,-0.04859,0.30923,-0.012987012987012988,1068875008.0,0.06570000000000001,0.0
TMP,False,30.272251499999996,"data_missing:current_ratio,data_missing:debt_to_equity,data_missing:free_cash_flow,graham_size,munger_gross_margin",1423188352.0,8.09076,1.4760724,,,0.20363002,0.0,0.45026,,0.0285,4.0
TTWO,False,30.19672949173457,"data_missing:trailing_pe,graham_current_ratio,graham_earnings_stability,munger_roe",37564370944.0,,10.60886,1.062,0.81607,-0.09039,0.5723363980530016,-0.01565410732528093,1256137472.0,,0.0
BMRN,False,30.169439960322098,"graham_pe,graham_pe_times_pb,munger_roe",11718956032.0,168.16666,1.8534166,2.387,0.66473,0.011820001,0.50968,0.12711761541238767,85157376.0,,4.0
ICUI,False,30.095733796992256,"graham_earnings_stability,graham_pe,graham_pe_times_pb,munger_roe",4127161344.0,137.53333,1.9179546,2.43,0.59817,0.014099999,0.36841885892378395,0.019194966794576343,163559632.0,,1.0
PNW,False,30.042974282873665,"graham_current_ratio,graham_debt_to_equity,munger_roe,munger_fcf",11069549568.0,17.53071,1.5734663,0.594,2.3328800000000003,0.09365,0.43352002,0.19993299548927432,-929501376.0,0.04,4.0
PEB,False,30.02734527500173,"data_missing:trailing_pe,graham_current_ratio,graham_earnings_stability,munger_roe,munger_gross_margin",2088718720.0,,0.8607701,0.708,0.97934,-0.016339999,0.25336,0.029682611972262435,258438128.0,0.0022,0.0
BAX,False,30.017194355508124,"data_missing:trailing_pe,graham_debt_to_equity,graham_earnings_stability,munger_roe",12089951232.0,,1.9481007,1.946,1.5644900000000002,-0.14371,0.3005158306652437,-0.027392387050871575,1000374976.0,0.0017000000000000001,0.0
APO,False,30.014332666666665,"data_missing:free_cash_flow,graham_debt_to_equity,graham_earnings_stability,graham_pe,graham_pe_times_pb,munger_roe",71798243328.0,43.266907,3.5713658,1.948,1.00969,0.11412,0.36141998,0.21952,,0.018600000000000002,3.0
TFX,False,29.98586715930506,"data_missing:trailing_pe,graham_debt_to_equity,graham_earnings_stability,munger_roe",5163712000.0,,1.7778054,2.604,1.0110299999999999,-0.00701,0.562426199859187,0.05940293459218663,179542000.0,0.0113,0.0
ENSG,False,29.963769979962933,"graham_current_ratio,graham_pe,graham_pe_times_pb,munger_gross_margin",10149884928.0,27.296236,4.1212106,1.211,0.92027,0.16973,0.16566,0.08408844801566519,280635360.0,0.0015,4.0
ESI,False,29.850191205855737,"graham_pe,graham_pe_times_pb,munger_roe",8719260672.0,48.35135,3.0999825,2.907,0.74976,0.06539,0.41960645970523675,0.1341329570398244,50812500.0,0.009300000000000001,4.0
STWD,False,29.81175377970183,"data_missing:free_cash_flow,graham_debt_to_equity,graham_pe,munger_roe",5456937984.0,24.354406,0.8194525,12.868,3.3111900000000003,0.03689,0.86453,0.16438342152637608,,0.13369999999999999,4.0
SR,False,29.804565031582325,"graham_current_ratio,graham_debt_to_equity,munger_roe,munger_fcf",4558779904.0,17.024282,1.2722294,0.37,2.02612,0.081099994,0.43965998,0.21155709901469877,-319812512.0,0.043,4.0
MXL,False,29.783423212330582,"data_missing:trailing_pe,graham_earnings_stability,munger_roe",8550554112.0,,17.635614,1.776,0.30566,-0.21324,0.568414659963519,-0.27134062240051665,14404875.0,,0.0
ACM,False,29.714006491914102,"graham_current_ratio,graham_debt_to_equity,graham_pe,graham_pe_times_pb,munger_gross_margin",7900029952.0,21.614437,3.6019833,1.057,1.3888,0.16605,0.0753867098002667,0.06360260481936937,379882112.0,0.0212,4.0
FBP,False,29.6205,"data_missing:current_ratio,data_missing:debt_to_equity,data_missing:free_cash_flow,munger_gross_margin",4139600128.0,11.440928,2.0801687,,,0.19494,0.0,0.49097002,,0.029900000000000003,4.0
COHR,False,29.617667921149284,"graham_earnings_stability,graham_pe,graham_pe_times_pb,munger_roe,munger_fcf",58548944896.0,72.39104,5.3675942,2.427,0.31611999999999996,0.07981,0.37495998,0.02041787816014995,-649981632.0,,2.0
ALGT,False,29.590596472839692,"graham_current_ratio,graham_debt_to_equity,graham_earnings_stability,graham_pe,graham_pe_times_pb,munger_roe,munger_gross_margin",2173898240.0,68.55172,1.2155861,0.832,1.6047,0.018339999,0.22812,0.014258919449592742,194582624.0,,0.0
OPLN,False,29.54593622262894,"data_missing:trailing_pe,graham_current_ratio,graham_debt_to_equity,graham_earnings_stability,munger_roe",4259017472.0,,2.7298334,1.168,1.5736400000000001,0.11147001,0.45846,0.10162832773326441,26375000.0,,2.0
BE,False,29.43123016895872,"graham_debt_to_equity,graham_earnings_stability,graham_pe,graham_pe_times_pb,munger_gross_margin",85417910272.0,386.6892,52.778328,4.087,1.71578,0.22213,0.2902182516351333,0.035969474217808946,531637504.0,,0.0
THO,False,29.41821721004556,"graham_earnings_stability,graham_pe,munger_roe,munger_gross_margin",3726040832.0,21.357988,0.8743626,1.768,0.21361,0.04086,0.12620854493765446,0.02189,140289504.0,0.029300000000000003,0.0
PKG,False,29.395414996851503,"graham_pe,graham_pe_times_pb,munger_roe,munger_gross_margin",21153718272.0,30.873861,4.510087,2.941,0.94474,0.14887,0.21020546649906,0.12314640739545904,432950016.0,0.0252,4.0
BALL,False,29.369709227919,"graham_current_ratio,graham_debt_to_equity,graham_pe_times_pb,munger_gross_margin",14979563520.0,16.842262,2.6060326,1.069,1.31495,0.17151,0.1863,0.09232,379875008.0,0.0141,4.0
HPQ,False,29.32746007345881,"data_missing:debt_to_equity,data_missing:return_on_equity,graham_current_ratio,graham_pe_times_pb,munger_gross_margin",28262129664.0,11.961833,-307.2549,0.788,,,0.20602224432588842,0.057401211682792296,3389874944.0,0.0385,4.0
OKE,False,29.324648789301456,"graham_current_ratio,graham_debt_to_equity,graham_pe_times_pb,munger_gross_margin",55649374208.0,15.14151,2.4260037,0.737,1.4306999999999999,0.16277,0.17273696440641567,0.17071575128609237,899875008.0,0.046900000000000004,4.0
BC,False,29.30036419398122,"data_missing:trailing_pe,graham_current_ratio,graham_debt_to_equity,graham_earnings_stability,munger_roe,munger_gross_margin",4360867328.0,,2.5995598,1.447,1.3648099999999999,-0.048270002,0.2790109258194365,-0.00758931901245618,366062496.0,0.026600000000000002,0.0
USFD,False,29.27824917376776,"graham_current_ratio,graham_debt_to_equity,graham_pe,graham_pe_times_pb,munger_gross_margin",20313454592.0,28.892307,4.7464995,1.137,1.26315,0.16350001,0.17410714285714285,0.030412946428571428,805124992.0,,4.0
GPC,False,29.20301904234115,"graham_current_ratio,graham_debt_to_equity,graham_pe,graham_pe_times_pb,munger_roe",17962436608.0,521.18,3.9686575,1.159,1.4641499999999998,0.0070700003,0.3679278239578939,0.08498922117053008,917241984.0,0.0329,4.0
UA,False,29.197814091999273,"data_missing:trailing_pe,graham_size,graham_earnings_stability,munger_roe",1894295808.0,,1.3263158,1.81,0.96356,-0.29825002,0.4548307919063622,-0.0328433040631286,102217624.0,,0.0
UNM,False,29.1323548145362,"graham_pe,munger_roe,munger_gross_margin,munger_fcf",14644962304.0,21.464039,1.3548028,17.258,0.36878,0.06351,0.29304,0.11976544567251124,-2231912448.0,0.0222,4.0
ITGR,False,29.10294621227965,"graham_pe,graham_pe_times_pb,munger_roe,munger_gross_margin",4293489664.0,34.6,2.4976761,3.733,0.79391,0.075040005,0.2699482153193964,0.1193674921249414,107673376.0,,4.0
CCS,False,29.08066296083474,"graham_size,munger_roe,munger_gross_margin",1772507008.0,13.701098,0.6908245,4.76,0.6606799999999999,0.052210003,0.17865999,0.0722738425646595,78148624.0,0.0202,4.0
CMS,False,28.97462648408702,"graham_current_ratio,graham_debt_to_equity,graham_pe_times_pb,munger_roe,munger_fcf",19703619584.0,18.86937,2.0633435,0.936,1.8560400000000001,0.09158,0.40315,0.2022485068509193,-2198874880.0,0.0363,4.0
UAA,False,28.97222552511536,"data_missing:trailing_pe,graham_size,graham_earnings_stability,munger_roe",1926511744.0,,1.3488722,1.81,0.96356,-0.29825002,0.4548307919063622,-0.0328433040631286,102217624.0,,0.0
CVS,False,28.898751973117193,"graham_current_ratio,graham_pe,graham_pe_times_pb,munger_roe,munger_gross_margin",112638918656.0,23.237467,1.4121703,0.866,0.95503,0.06205,0.15447598844068275,0.011590108116308973,8076000256.0,0.0313,4.0
RES,False,28.83773260083539,"graham_size,graham_pe,graham_pe_times_pb,munger_roe,munger_gross_margin,munger_fcf",1284324992.0,52.674545,1.1385733,3.341,0.046790000000000005,0.02076,0.23256999,0.12203915735282582,-5273000.0,0.0271,4.0
PWR,False,28.773405593971457,"graham_current_ratio,graham_pe,graham_pe_times_pb,munger_gross_margin",97599922176.0,74.192,10.121928,1.098,0.6778,0.15337,0.1501097782044521,0.05658448543184993,1955491328.0,0.0007000000000000001,4.0
COHU,False,28.765776562298623,"data_missing:trailing_pe,graham_earnings_stability,munger_roe",3148479232.0,,4.0649066,5.742,0.42764,-0.04836,0.43951,0.00621,66293124.0,,0.0
IDA,False,28.753076874206627,"graham_current_ratio,graham_debt_to_equity,graham_pe,graham_pe_times_pb,munger_roe,munger_fcf",7443837440.0,21.34204,1.9131881,0.986,1.05976,0.094390005,0.38970003,0.20262259498148796,-1221291392.0,0.0276,4.0
UNFI,False,28.747595140264632,"graham_current_ratio,graham_debt_to_equity,graham_earnings_stability,graham_pe,graham_pe_times_pb,munger_roe,munger_gross_margin",2761919232.0,34.171642,1.7393452,1.287,1.87115,0.0529,0.13469440164355417,0.006773240883410375,426875008.0,,1.0
UTL,False,28.714183984968017,"graham_size,graham_current_ratio,graham_debt_to_equity,munger_roe,munger_fcf",922958080.0,16.117834,1.4881793,0.491,1.4958799999999999,0.096219994,0.40218,0.18880597014925374,-65891876.0,0.0374,4.0
SDGR,False,28.654238492353514,"data_missing:trailing_pe,graham_earnings_stability,munger_roe,munger_fcf",2164126976.0,,6.40895,2.706,0.32832,-0.16174999,0.5573711547706053,-0.6522712794437778,-29163124.0,,0.0
PZZA,False,28.648578163563677,"data_missing:debt_to_equity,data_missing:return_on_equity,graham_size,graham_current_ratio,graham_pe,graham_pe_times_pb,munger_gross_margin",637857728.0,24.21875,-1.40776,0.829,,,0.20365,0.043405712705374605,58907876.0,0.0747,4.0
XYZ,False,28.621902898895822,"graham_earnings_stability,graham_pe,graham_pe_times_pb,munger_roe,munger_fcf",46219161600.0,132.63794,2.0962994,2.209,0.3258,0.01612,0.428208016117265,0.07061372177191873,-27105876.0,,3.0
VIR,False,28.575899999999997,"data_missing:trailing_pe,graham_size,graham_earnings_stability,munger_roe,munger_gross_margin,munger_fcf",1800457728.0,,2.1106925,6.042,0.09494,-0.26081,-0.59389997,0.5155771424256884,-38885876.0,,0.0
TEX,False,28.46835603306751,"graham_pe,graham_pe_times_pb,munger_roe,munger_gross_margin",6523672576.0,27.308615,1.3164876,1.818,0.54558,0.042090002,0.19387566869581258,0.0876222099243682,216000000.0,0.012,4.0
PCG,False,28.425199006158874,"graham_current_ratio,graham_debt_to_equity,munger_roe,munger_fcf",36763983872.0,8.809353,0.8343554,1.216,1.8944999999999999,0.09318,0.39823002,0.1904551834770403,-6150125056.0,0.016200000000000003,4.0
JPM,False,28.341749999999998,"data_missing:current_ratio,data_missing:debt_to_equity,data_missing:free_cash_flow,graham_pe_times_pb,munger_gross_margin",907743985664.0,14.637377,2.5674586,,,0.17789,0.0,0.50394,,0.0195,4.0
POWI,False,28.21048182269471,"data_missing:debt_to_equity,graham_pe,graham_pe_times_pb,munger_roe",2903176448.0,118.090904,4.2590165,7.069,,0.03622,0.5448631804899167,0.02298513654893755,73703504.0,0.0169,4.0
PFBC,False,28.182750000000002,"data_missing:current_ratio,data_missing:debt_to_equity,data_missing:free_cash_flow,graham_size,munger_gross_margin",1301472128.0,10.2616825,1.6401035,,,0.17577,0.0,0.67442,,0.0294,4.0
SMCI,False,28.153625032313812,"graham_pe_times_pb,munger_gross_margin,munger_fcf",28525434880.0,13.319017,2.7817283,3.872,0.63951,0.21465999,0.10821604097086886,0.07092340305442439,-8248783872.0,,4.0
GVA,False,28.094249740229888,"data_missing:trailing_pe,graham_current_ratio,graham_debt_to_equity,munger_roe,munger_gross_margin",5046895104.0,,6.604651,1.013,2.1512000000000002,-0.14548,0.1607493390597867,0.06383856355886329,959048128.0,0.004699999999999999,4.0
ACA,False,28.091008911049435,"graham_pe,graham_pe_times_pb,munger_roe,munger_gross_margin",7201758720.0,32.73549,2.4136767,3.119,0.50578,0.080299996,0.22445723798293682,0.11857529305680793,60250000.0,0.0014000000000000002,4.0
SFBS,False,28.001249249999997,"data_missing:current_ratio,data_missing:debt_to_equity,data_missing:free_cash_flow,graham_pe_times_pb,munger_gross_margin",4509388800.0,14.027211,2.2798386,,,0.17334999,0.0,0.70001,,0.0184,4.0
CAG,False,27.97286436912022,"data_missing:trailing_pe,graham_current_ratio,graham_debt_to_equity,graham_earnings_stability,munger_roe,munger_gross_margin",6829131776.0,,1.0741438,0.904,1.17577,-0.25064,0.23918593107360658,-0.14434122819458234,859000000.0,0.08349999999999999,0.0
GEO,False,27.969706376294518,"graham_debt_to_equity,graham_pe_times_pb,munger_gross_margin,munger_fcf",4110479616.0,14.7311325,2.6738012,1.653,1.06105,0.20127001,0.26042998,0.09784731350242766,-3632500.0,,4.0
DAR,False,27.955944596427894,"munger_roe,munger_gross_margin",9569168384.0,16.301075,1.8241982,1.565,0.78609,0.12126,0.24013812532422016,0.04456412669289166,219643008.0,,4.0
NTRS,False,27.7995,"data_missing:current_ratio,data_missing:debt_to_equity,data_missing:free_cash_flow,graham_pe_times_pb,munger_gross_margin",32127012864.0,15.085911,2.5667262,,,0.17066,0.0,0.42496,,0.018799999999999997,4.0
KGS,False,27.744753496677426,"graham_current_ratio,graham_debt_to_equity,graham_pe,graham_pe_times_pb,munger_roe",5341326336.0,60.034092,2.4675386,1.447,1.30257,0.04587,0.37235192225602404,0.25992661111535814,16089375.0,0.0371,4.0
SWX,False,27.68402844935003,"graham_current_ratio,graham_earnings_stability,graham_pe,graham_pe_times_pb,munger_roe,munger_fcf",5954324992.0,21.128534,1.4433225,1.116,0.8508199999999999,0.06832,0.54035,0.05391544159594492,-390807360.0,0.0317,3.0
PLXS,False,27.6672018448674,"graham_current_ratio,graham_pe,graham_pe_times_pb,munger_roe,munger_gross_margin",7091590656.0,39.244835,4.6431437,1.488,0.20079,0.1258,0.10079777513621488,0.050179198138541214,20809250.0,,4.0
ADNT,False,27.615982802327714,"graham_size,graham_current_ratio,graham_debt_to_equity,graham_earnings_stability,graham_pe,munger_roe,munger_gross_margin",1385564544.0,32.127274,0.7879247,1.097,1.26868,0.05791,0.06611627106983144,0.024939999,354500000.0,,0.0
RITM,False,27.596964435714288,"data_missing:free_cash_flow,graham_current_ratio,graham_debt_to_equity,munger_roe",5092672000.0,15.199999,0.73977935,1.069,3.8764299999999996,0.055910002,0.95561,0.07942,,0.1096,4.0
AX,False,27.579749999999997,"data_missing:current_ratio,data_missing:debt_to_equity,data_missing:free_cash_flow,munger_gross_margin",5051032064.0,10.498821,1.5951766,,,0.16773,0.0,0.45029998,,,4.0
DAN,False,27.579185714285714,"data_missing:trailing_pe,graham_current_ratio,graham_earnings_stability,munger_roe,munger_gross_margin",2931464448.0,,1.5267818,1.487,0.75794,-0.01627,0.09462,0.018533333333333332,631249984.0,0.0176,1.0
CHCO,False,27.566249999999997,"data_missing:current_ratio,data_missing:debt_to_equity,data_missing:free_cash_flow,graham_size,graham_pe_times_pb,munger_gross_margin",1989763328.0,15.509311,2.4596999,,,0.16755,0.0,0.5191,,0.024900000000000002,4.0
DKS,False,27.557941414568234,"graham_current_ratio,graham_debt_to_equity,graham_pe_times_pb,munger_fcf",13312908288.0,14.913906,2.1034932,1.485,1.39077,0.18475,0.3292025847046085,0.06365967823634108,-823246016.0,0.0375,4.0
CRBG,False,27.518136235033953,"graham_current_ratio,graham_debt_to_equity,graham_earnings_stability,graham_pe,graham_pe_times_pb,munger_roe,munger_gross_margin",15488229376.0,22.272436,1.5247059,1.223,1.27231,0.07139,0.21102,0.111140005,642249984.0,0.029300000000000003,0.0
AORT,False,27.504191114640246,"data_missing:trailing_pe,graham_size,graham_earnings_stability,munger_roe",1105791104.0,,2.4784176,3.473,0.9155800000000001,-0.0073100002,0.6440237464029185,0.07646205787052772,13096750.0,,1.0
EWBC,False,27.43275,"data_missing:current_ratio,data_missing:debt_to_equity,data_missing:free_cash_flow,munger_gross_margin",17421058048.0,12.214217,1.8841782,,,0.16577,0.0,0.65281,,0.0255,4.0
ARCB,False,27.406535327401905,"graham_current_ratio,graham_pe,graham_pe_times_pb,munger_roe,munger_gross_margin",2803027456.0,187.17537,2.2108757,0.968,0.3627,0.01269,0.080970004,0.02252006030685075,148348992.0,0.0038,4.0
CEG,False,27.377252034891825,"graham_current_ratio,graham_earnings_stability,graham_pe,graham_pe_times_pb,munger_gross_margin,munger_fcf",92805505024.0,25.604595,2.9104211,1.455,0.7641899999999999,0.15055001,0.22107,0.12086319664747582,-6625124864.0,0.006500000000000001,3.0
POR,False,27.33123509779482,"graham_current_ratio,graham_debt_to_equity,graham_pe,munger_roe,munger_fcf",5479344640.0,20.615044,1.3080832,0.977,1.3616300000000001,0.06445,0.47537997,0.1552013422818792,-415750016.0,0.0473,4.0
ZION,False,27.303,"data_missing:current_ratio,data_missing:debt_to_equity,data_missing:free_cash_flow,munger_gross_margin",9327149056.0,8.140764,1.2247264,,,0.16404,0.0,0.52116,,0.030600000000000002,4.0
LEN,False,27.285493690331307,"data_missing:free_cash_flow,munger_roe,munger_gross_margin",19675111424.0,15.46875,0.9100177,11.392,0.27736,0.05962,0.16014999,0.15484141610773053,,0.0245,4.0
MRTN,False,27.20396151541641,"graham_size,graham_pe,graham_pe_times_pb,munger_roe,munger_gross_margin,munger_fcf",1053435520.0,85.99999,1.3752664,2.503,0.00047,0.01646,0.22690001,0.07964081647082738,-5991125.0,0.0187,4.0
TTMI,False,27.194379849005795,"graham_earnings_stability,graham_pe,graham_pe_times_pb,munger_roe,munger_gross_margin,munger_fcf",13671069696.0,58.45473,7.332853,1.78,0.5703,0.13260001,0.20702497466749473,0.09107108756875044,-19442376.0,,2.0
KRMN,False,27.191482692016365,"graham_debt_to_equity,graham_earnings_stability,graham_pe,graham_pe_times_pb,munger_roe,munger_fcf",4673138688.0,121.586205,11.09852,3.555,2.0785400000000003,0.09503,0.40302439024390246,0.15470201484623541,-57195876.0,,3.0
ORA,False,27.146079284585163,"graham_current_ratio,graham_debt_to_equity,graham_pe,graham_pe_times_pb,munger_roe,munger_fcf",5753653760.0,45.862743,2.2150147,1.046,1.24336,0.04778,0.37598694226205287,0.25735922821427926,-318099008.0,0.0052,4.0
LOW,False,27.098352151621008,"data_missing:debt_to_equity,data_missing:return_on_equity,graham_current_ratio,graham_pe_times_pb",105887719424.0,15.940033,-14.236252,1.105,,,0.334758825301903,0.11766682891778504,4615374848.0,0.0265,4.0
OFG,False,27.06075,"data_missing:current_ratio,data_missing:debt_to_equity,data_missing:free_cash_flow,munger_gross_margin",2206258944.0,10.295857,1.5677558,,,0.16081,0.0,0.43318,,0.026099999999999998,4.0
WS,False,26.966657702199466,"graham_size,graham_current_ratio,graham_pe,graham_pe_times_pb,munger_roe,munger_gross_margin",1848343296.0,213.41176,1.7032864,1.456,0.28054,-0.01048,0.11710900749172426,-0.00040652767291944944,90725000.0,0.018000000000000002,4.0
CHEF,False,26.961092079672817,"graham_debt_to_equity,graham_pe,graham_pe_times_pb,munger_gross_margin",4496136192.0,52.480953,6.934063,2.148,1.4602899999999999,0.15252,0.24197639399287196,0.03496920258814417,107143504.0,,4.0
PENG,False,26.943558189889178,"graham_earnings_stability,graham_pe,graham_pe_times_pb,munger_gross_margin,munger_fcf",2828596992.0,39.71223,6.441825,1.544,0.77496,0.16194999,0.2880448044044612,0.04247169406061102,-107568000.0,,1.0
SOLS,False,26.942629910714288,"graham_current_ratio,graham_debt_to_equity,graham_pe,graham_pe_times_pb,munger_roe,munger_fcf",8924045312.0,42.560604,5.62644,1.459,1.52771,0.112629995,0.30622998,0.19338,-27375000.0,0.0054,4.0
AVTR,False,26.90103490202182,"data_missing:trailing_pe,graham_earnings_stability,munger_roe",10358435840.0,,1.8400817,1.782,0.6567799999999999,-0.09701,0.32651628460669696,-0.03757516559323586,450337504.0,,0.0
SBRA,False,26.880468020862825,"graham_earnings_stability,graham_pe,graham_pe_times_pb,munger_roe",5046666240.0,75.98077,1.8346025,3.574,0.95672,0.02388,0.50268,-0.12527001,155119744.0,0.060700000000000004,3.0
CE,False,26.817546800782345,"data_missing:trailing_pe,graham_current_ratio,graham_debt_to_equity,graham_earnings_stability,munger_roe,munger_gross_margin",5152163328.0,,1.2364033,1.447,2.70205,-0.2225,0.20452640402347025,-0.08235540653813915,949875008.0,0.0025,0.0
CNC,False,26.769369721442132,"data_missing:trailing_pe,graham_current_ratio,graham_earnings_stability,munger_roe,munger_gross_margin",30588170240.0,,1.3557243,1.145,0.7108199999999999,-0.20358999,0.07295009164326384,-0.03913706443779296,9639624704.0,,0.0
FBRT,False,26.75567857142857,"data_missing:free_cash_flow,graham_size,graham_debt_to_equity,munger_roe",575919936.0,16.127907,0.46966004,8.697,2.70288,0.04119,0.99637,0.08555,,0.1096,4.0
CFR,False,26.6235,"data_missing:current_ratio,data_missing:debt_to_equity,data_missing:free_cash_flow,graham_pe_times_pb,munger_gross_margin",9806455808.0,14.913988,2.1903107,,,0.15498,0.0,0.37236,,0.0264,4.0
SW,False,26.562718752149983,"graham_current_ratio,graham_pe,graham_pe_times_pb,munger_roe,munger_gross_margin",24364089344.0,49.414894,1.3490359,1.447,0.78427,0.02715,0.1938163507489015,0.0551332627730203,1215000064.0,0.0393,4.0
GM,False,26.43916374302871,"graham_current_ratio,graham_debt_to_equity,graham_pe,graham_pe_times_pb,munger_roe,munger_gross_margin",75349852160.0,37.191963,1.1784259,1.136,2.02341,0.03164,0.10177,0.015722709559558748,21933750272.0,0.0089,4.0
FTRE,False,26.433666666666667,"data_missing:trailing_pe,graham_size,graham_current_ratio,graham_debt_to_equity,graham_earnings_stability,munger_roe,munger_gross_margin",1874420864.0,,3.5758343,0.958,2.13239,-0.15303999,0.19301,-0.3204083131379893,278862496.0,,0.0
SNDR,False,26.4082487769276,"graham_pe,graham_pe_times_pb,munger_roe,munger_gross_margin",5479029248.0,48.835938,1.7909122,2.033,0.12947,0.036760002,0.16025,0.029765786088151842,87137504.0,0.0126,4.0
PII,False,26.379101416853096,"data_missing:trailing_pe,graham_current_ratio,graham_debt_to_equity,graham_earnings_stability,munger_roe,munger_gross_margin",3009627392.0,,3.5977144,1.2,2.4489900000000002,-0.25571,0.19137304250559284,-0.04875559284116331,277100000.0,0.0519,0.0
MAN,False,26.329091606336785,"graham_current_ratio,graham_earnings_stability,graham_pe,graham_pe_times_pb,munger_roe,munger_gross_margin",2669419776.0,25.855856,1.26736,1.043,0.67414,0.050809998,0.166931185993284,0.008358810721107529,125012496.0,0.0253,0.0
LKFN,False,26.247749999999996,"data_missing:current_ratio,data_missing:debt_to_equity,data_missing:free_cash_flow,graham_size,munger_roe,munger_gross_margin",1476804224.0,13.502273,1.9098595,,,0.14997,0.0,0.51455003,,0.0353,4.0
JEF,False,26.199499999999997,"data_missing:free_cash_flow,graham_debt_to_equity,munger_roe",9658068992.0,13.263967,0.9139992,1.937,3.64763,0.08266,0.82672,-0.4363169496947191,,0.0346,4.0
ACHC,False,26.187911723043634,"data_missing:trailing_pe,graham_debt_to_equity,graham_earnings_stability,munger_roe,munger_fcf",2569567488.0,,1.2672176,1.572,1.1805700000000001,-0.41445,0.41057,0.29171905131546255,-104957000.0,,0.0
ADM,False,26.14438192758193,"graham_current_ratio,graham_pe,graham_pe_times_pb,munger_roe,munger_gross_margin",38949564416.0,22.0806,1.652422,1.389,0.39134,0.07642,0.06270166564925438,0.04008,1164625024.0,0.0254,4.0
H,False,26.143058477714487,"graham_current_ratio,graham_debt_to_equity,graham_earnings_stability,graham_pe,graham_pe_times_pb,munger_roe",14851709952.0,194.5679,4.4945107,0.62,1.24421,0.02157,0.43444002,0.16749,170250000.0,0.0038,0.0
EIG,False,26.118486127083006,"graham_size,graham_current_ratio,graham_pe,graham_pe_times_pb,munger_roe,munger_gross_margin",855099712.0,60.265823,0.99533796,1.115,0.14974,0.00772,0.01242,0.16349001,18350000.0,0.0286,4.0
GT,False,26.02699966666667,"data_missing:trailing_pe,graham_size,graham_current_ratio,graham_debt_to_equity,graham_earnings_stability,munger_roe,munger_gross_margin",1478360192.0,,0.5203161,1.087,2.7367500000000002,-0.61530995,0.18080999,-0.009649999,497124992.0,,0.0
CBSH,False,26.020500749999997,"data_missing:current_ratio,data_missing:debt_to_equity,data_missing:free_cash_flow,munger_roe,munger_gross_margin",8085271552.0,13.816176,1.8647039,,,0.14694001,0.0,0.45125,,0.0197,4.0
MFP,False,25.996223809523812,"data_missing:return_on_equity,data_missing:free_cash_flow,graham_size,graham_earnings_stability,graham_pe,graham_pe_times_pb",1952146432.0,119.888885,2.484315,1.837,0.32921999999999996,,0.35282,0.09739,,,3.0
SCHL,False,25.862034693361508,"data_missing:current_ratio,data_missing:return_on_equity,data_missing:free_cash_flow,graham_size,graham_earnings_stability",599471936.0,13.717949,0.8015781,,0.55874,,0.56494,0.009608698400657437,,0.0287,1.0
FFIN,False,25.806,"data_missing:current_ratio,data_missing:debt_to_equity,data_missing:free_cash_flow,graham_pe_times_pb,munger_roe,munger_gross_margin",4661010432.0,17.390375,2.3187168,,,0.14408,0.0,0.55958,,0.0274,4.0
GXO,False,25.766191364251778,"graham_current_ratio,graham_debt_to_equity,graham_pe,graham_pe_times_pb,munger_roe,munger_gross_margin",5158512128.0,39.80531,1.7282717,0.789,2.02482,0.04502,0.15255,0.018591592047351647,340624992.0,,4.0
CUBI,False,25.74375,"data_missing:current_ratio,data_missing:debt_to_equity,data_missing:free_cash_flow,munger_roe,munger_gross_margin",2609629696.0,9.351695,1.1827439,,,0.14325,0.0,0.46019,,,4.0
AZO,False,25.711180510726862,"data_missing:debt_to_equity,data_missing:return_on_equity,data_missing:free_cash_flow,graham_current_ratio,graham_pe_times_pb",46647623680.0,19.83966,-18.640673,0.901,,,0.5262486365892685,0.1906230501253068,,,4.0
CPF,False,25.6845,"data_missing:current_ratio,data_missing:debt_to_equity,data_missing:free_cash_flow,graham_size,munger_roe,munger_gross_margin",953556160.0,11.9083605,1.6026918,,,0.14246,0.0,0.36801997,,0.0326,4.0
CC,False,25.661481962481965,"data_missing:trailing_pe,data_missing:debt_to_equity,graham_earnings_stability,munger_roe,munger_gross_margin",2171700480.0,,-44.263805,1.663,,-3.19372,0.1553030303030303,0.01131,303124992.0,0.024700000000000003,0.0
WRBY,False,25.655073354259912,"graham_earnings_stability,graham_pe,graham_pe_times_pb,munger_roe",3273141248.0,441.33334,8.647943,2.268,0.6402800000000001,0.020550001,0.5397136155888543,-0.006119932790843039,9525750.0,,1.0
FOXF,False,25.632456805971195,"data_missing:trailing_pe,graham_size,graham_debt_to_equity,graham_earnings_stability,munger_roe",784928896.0,,1.1767485,3.105,1.02,-0.3675,0.3020790951673151,-0.3563862304158395,48863876.0,,0.0
AIR,False,25.608259940476184,"graham_pe,graham_pe_times_pb,munger_roe,munger_gross_margin,munger_fcf",4740880896.0,24.230452,2.7213275,2.841,0.59397,0.12876001,0.18802999,0.08384,-50362500.0,,4.0
BNY,False,25.593,"data_missing:current_ratio,data_missing:debt_to_equity,data_missing:free_cash_flow,graham_pe_times_pb,munger_roe,munger_gross_margin",101673844736.0,17.465036,2.5475597,,,0.14124,0.0,0.40046,,0.0148,4.0
CLSK,False,25.51614653369514,"data_missing:trailing_pe,graham_debt_to_equity,graham_earnings_stability,munger_roe,munger_gross_margin",3526098176.0,,4.6306915,5.912,2.34725,-0.68622,0.21147823631395532,0.4162118922530451,48898124.0,,1.0
BCC,False,25.47543995571794,"graham_pe,graham_pe_times_pb,munger_roe,munger_gross_margin",2696926976.0,26.201694,1.3328103,2.71,0.27115,0.0506,0.16511999,0.028624604678359835,43333376.0,0.011699999999999999,4.0
NEO,False,25.44831521158383,"data_missing:trailing_pe,graham_earnings_stability,munger_roe",2512337152.0,,3.1838162,3.603,0.57064,-0.06327,0.43917,-0.048449997,43904752.0,,0.0
IRM,False,25.296888783835975,"data_missing:debt_to_equity,data_missing:return_on_equity,graham_current_ratio,graham_pe,graham_pe_times_pb,munger_fcf",33161115648.0,79.0,-25.886591,0.726,,,0.5421,0.16862740495617262,-436093504.0,0.030299999999999997,4.0
BANF,False,25.250999999999994,"data_missing:current_ratio,data_missing:debt_to_equity,data_missing:free_cash_flow,munger_roe,munger_gross_margin",3630344448.0,14.581647,1.8549675,,,0.13668,0.0,0.50523,,0.0182,4.0
OI,False,25.20167179081237,"data_missing:trailing_pe,graham_size,graham_current_ratio,graham_debt_to_equity,graham_earnings_stability,munger_roe,munger_gross_margin",906592512.0,,2.3666265,1.261,9.25046,-1.18344,0.17258014316837847,0.005818404532230899,69625000.0,,0.0
MDU,False,25.181037908947644,"graham_current_ratio,munger_roe,munger_fcf",3940897280.0,19.930851,1.3463888,0.992,0.8805,0.068909995,0.3475,0.15486228218100057,-478334112.0,0.030299999999999997,4.0
CARR,False,25.096585180039664,"graham_current_ratio,graham_pe,graham_pe_times_pb,munger_roe,munger_gross_margin",46224027648.0,40.053574,3.5189834,1.02,0.91998,0.08966,0.24691999,0.09987584494413022,861750016.0,0.0175,4.0
ARWR,False,25.08148620700583,"data_missing:trailing_pe,graham_debt_to_equity,graham_earnings_stability,munger_roe,munger_fcf",9264879616.0,,19.88781,5.899,2.95984,-0.55207,1.0,0.1185680114968027,-48628124.0,,0.0
GPI,False,25.05442130217896,"graham_current_ratio,graham_debt_to_equity,munger_roe,munger_gross_margin",3015965184.0,10.470613,1.0108933,1.02,1.95668,0.0949,0.16045969678442631,0.03251902850509937,135050000.0,0.0089,4.0
SYNA,False,24.926337009166442,"data_missing:trailing_pe,graham_current_ratio,graham_earnings_stability,munger_roe",4080399872.0,,4.320256,1.122,0.9433,-0.42229998,0.4472101570330772,-0.05604744403608419,149650000.0,,0.0
HNI,False,24.926290216359703,"data_missing:trailing_pe,graham_current_ratio,munger_roe",3414560000.0,,1.891519,1.362,0.9107599999999999,0.00329,0.4142655864741106,0.044381824586121874,104212496.0,0.03,4.0
MRCY,False,24.855021359953003,"data_missing:trailing_pe,graham_earnings_stability,munger_roe,munger_gross_margin",5003595264.0,,3.2720397,2.963,0.33582,-0.01998,0.2858465955417833,0.0002846621974701664,107115000.0,,0.0
DCH,False,24.8479775345984,"data_missing:trailing_pe,graham_size,graham_current_ratio,graham_debt_to_equity,graham_earnings_stability,munger_roe,munger_gross_margin",1289005056.0,,0.85339004,1.398,3.43042,-0.15042,0.12070176640910103,0.019240324155772953,540849984.0,,0.0
WAL,False,24.764249999999997,"data_missing:current_ratio,data_missing:debt_to_equity,data_missing:free_cash_flow,munger_roe,munger_gross_margin",8502230528.0,8.7957115,1.11292,,,0.13019,0.0,0.39363998,,0.022000000000000002,4.0
BOH,False,24.76275,"data_missing:current_ratio,data_missing:debt_to_equity,data_missing:free_cash_flow,munger_roe,munger_gross_margin",2835300096.0,13.358736,1.852081,,,0.13017,0.0,0.44022,,0.0394,4.0
TXNM,False,24.6931259511522,"graham_current_ratio,graham_debt_to_equity,graham_pe,graham_pe_times_pb,munger_roe,munger_fcf",6427941376.0,31.895681,1.8235215,0.557,1.65512,0.06252,0.33819702784346933,0.2037208060930751,-529223744.0,0.0291,4.0
IBOC,False,24.69,"data_missing:current_ratio,data_missing:debt_to_equity,data_missing:free_cash_flow,munger_roe,munger_gross_margin",4353405952.0,10.51051,1.2897044,,,0.1292,0.0,0.60488,,0.021099999999999997,4.0
CASH,False,24.677142857142854,"data_missing:current_ratio,data_missing:debt_to_equity,data_missing:free_cash_flow,graham_size,munger_gross_margin",1544395648.0,9.304756,1.8369037,,,0.21176,0.0,0.20522,,0.0027,4.0
REZI,False,24.675143163046805,"graham_debt_to_equity,graham_earnings_stability,munger_gross_margin,munger_fcf",2803861760.0,7.2128906,1.1084099,2.223,1.2990700000000002,0.15196,0.29389721627408993,0.08123661670235546,-1902749952.0,,0.0
LPX,False,24.638732935921784,"graham_pe,graham_pe_times_pb,munger_roe,munger_gross_margin,munger_fcf",4659695616.0,86.545456,2.6748013,3.221,0.21617,0.03098,0.21750369276218612,0.07717872968980798,-96000000.0,0.0181,4.0
TRUP,False,24.583196457439147,"graham_size,graham_earnings_stability,graham_pe,graham_pe_times_pb,munger_roe,munger_gross_margin",996073408.0,43.084908,2.4453843,1.774,0.26096,0.06068,0.16910110018336388,0.009613667707678358,11546000.0,,1.0
TSLA,False,24.541001288222198,"graham_pe,graham_pe_times_pb,munger_roe,munger_gross_margin",1475076554752.0,339.52716,16.980217,1.941,0.18373,0.046669997,0.18026511436616155,0.04592573845001951,4835999744.0,,4.0
UNIT,False,24.511760167929335,"data_missing:return_on_equity,graham_current_ratio,graham_debt_to_equity,graham_earnings_stability,munger_fcf",2139622016.0,2.2955728,6.6932416,1.222,68.69969,,0.5846,0.11725218169612889,-258078000.0,,2.0
PNC,False,24.46725,"data_missing:current_ratio,data_missing:debt_to_equity,data_missing:free_cash_flow,munger_roe,munger_gross_margin",90055548928.0,12.430342,1.551294,,,0.12623,0.0,0.38689,,0.0358,4.0
USB,False,24.46725,"data_missing:current_ratio,data_missing:debt_to_equity,data_missing:free_cash_flow,munger_roe,munger_gross_margin",92446982144.0,11.843312,1.5248902,,,0.12623,0.0,0.39646998,,0.037000000000000005,4.0
PRK,False,24.43875,"data_missing:current_ratio,data_missing:debt_to_equity,data_missing:free_cash_flow,graham_pe_times_pb,munger_roe,munger_gross_margin",3295986688.0,16.305632,1.9089768,,,0.12585,0.0,0.46613997,,0.024399999999999998,4.0
WFC,False,24.43125,"data_missing:current_ratio,data_missing:debt_to_equity,data_missing:free_cash_flow,munger_roe,munger_gross_margin",250024263680.0,12.017442,1.5543107,,,0.12575,0.0,0.37387002,,0.024300000000000002,4.0
NSP,False,24.403992953611276,"data_missing:trailing_pe,data_missing:consecutive_positive_earnings_years,graham_size,graham_current_ratio,graham_debt_to_equity,munger_roe,munger_gross_margin",1829553536.0,,29.99374,1.113,7.836069999999999,-0.18496999,0.13211978860833823,-0.001467997651203758,195124992.0,0.0501,
WABC,False,24.3645,"data_missing:current_ratio,data_missing:debt_to_equity,data_missing:free_cash_flow,graham_size,munger_roe,munger_gross_margin",1393833600.0,13.168123,1.6260448,,,0.12486,0.0,0.60288,,0.0321,4.0
BRKR,False,24.330383390766208,"data_missing:trailing_pe,graham_earnings_stability,munger_roe",9776897024.0,,4.105304,1.847,0.76164,-0.029979998,0.45910082933216934,0.01984577331587371,179937504.0,0.0031,0.0
NOG,False,24.255847685706357,"data_missing:trailing_pe,graham_current_ratio,graham_debt_to_equity,munger_roe,munger_fcf",2466612224.0,,1.2307937,0.796,1.36559,-0.22049999,0.75398004,0.09930311266648167,-459628992.0,0.07629999999999999,4.0
UMBF,False,24.231749999999998,"data_missing:current_ratio,data_missing:debt_to_equity,data_missing:free_cash_flow,munger_roe,munger_gross_margin",10361103360.0,11.339984,1.4004434,,,0.12309,0.0,0.51058,,0.0148,4.0
AMR,False,24.229264684874,"data_missing:trailing_pe,graham_earnings_stability,munger_roe,munger_gross_margin",2184441088.0,,1.4581853,3.405,0.0076100000000000004,-0.0296,0.10018,-0.028817350330902224,52462248.0,,0.0
HUM,False,24.16578849527636,"graham_pe,graham_pe_times_pb,munger_roe,munger_gross_margin",48408576000.0,38.13955,2.519578,1.742,0.76485,0.06893,0.13653,0.02085389930898322,1940999936.0,0.009300000000000001,4.0
WTFC,False,24.156,"data_missing:current_ratio,data_missing:debt_to_equity,data_missing:free_cash_flow,munger_roe,munger_gross_margin",9837698048.0,11.714056,1.3855742,,,0.12208,0.0,0.46085998,,0.0152,4.0
PATK,False,24.105039980377175,"graham_debt_to_equity,graham_pe_times_pb,munger_roe,munger_gross_margin",2216481536.0,16.430954,1.9600103,2.668,1.46006,0.12953,0.23105858018165054,0.0698569621691755,32754876.0,0.0277,4.0
STT,False,24.033321428571426,"data_missing:current_ratio,data_missing:debt_to_equity,data_missing:free_cash_flow,graham_pe_times_pb,munger_roe,munger_gross_margin",49796558848.0,15.985449,2.0834289,,,0.12437,0.0,0.34313,,0.0203,4.0
BJRI,False,24.019680720142176,"graham_size,graham_current_ratio,graham_debt_to_equity,graham_pe,graham_pe_times_pb,munger_roe,munger_gross_margin",1288977408.0,32.0582,3.2290556,0.289,1.09378,0.104399994,0.15534,0.03309923480801586,49461376.0,,4.0
WSFS,False,23.925749999999997,"data_missing:current_ratio,data_missing:debt_to_equity,data_missing:free_cash_flow,munger_roe,munger_gross_margin",3998500096.0,13.055368,1.4893576,,,0.11901,0.0,0.41717,,0.0104,4.0
RF,False,23.900249549999998,"data_missing:current_ratio,data_missing:debt_to_equity,data_missing:free_cash_flow,munger_roe,munger_gross_margin",23551592448.0,11.237805,1.3493264,,,0.118669994,0.0,0.39314997,,0.04019999999999999,4.0
DTE,False,23.871329837543016,"graham_current_ratio,graham_debt_to_equity,graham_pe_times_pb,munger_roe,munger_gross_margin,munger_fcf",25189060608.0,19.123224,2.073342,0.802,2.2906,0.1103,0.29347,0.13571825176489252,-2596624896.0,0.0385,4.0
MBIN,False,23.799749999999996,"data_missing:current_ratio,data_missing:debt_to_equity,data_missing:free_cash_flow,munger_roe,munger_gross_margin",2403020800.0,10.504016,1.3041961,,,0.11733,0.0,0.61074,,0.0084,4.0
CATY,False,23.77950045,"data_missing:current_ratio,data_missing:debt_to_equity,data_missing:free_cash_flow,munger_roe,munger_gross_margin",4119578368.0,12.084148,1.354434,,,0.117060006,0.0,0.62619996,,0.024900000000000002,4.0
CBU,False,23.6475,"data_missing:current_ratio,data_missing:debt_to_equity,data_missing:free_cash_flow,munger_roe,munger_gross_margin",3231668736.0,14.25058,1.5586063,,,0.1153,0.0,0.39207,,0.0313,4.0
CMC,False,23.596325440476193,"data_missing:market_cap,munger_roe,munger_gross_margin",,12.455577,1.6094285,2.326,0.7998099999999999,0.13791999,0.18565,0.09476,134061248.0,0.0125,4.0
FHN,False,23.58975,"data_missing:current_ratio,data_missing:debt_to_equity,data_missing:free_cash_flow,munger_roe,munger_gross_margin",11133763584.0,11.298078,1.3124093,,,0.11453,0.0,0.41284,,0.029300000000000003,4.0
BROS,False,23.568219531013927,"graham_current_ratio,graham_debt_to_equity,graham_earnings_stability,graham_pe,graham_pe_times_pb,munger_roe,munger_gross_margin",6686111744.0,52.944443,6.5894556,1.35,1.23827,0.14562,0.25097,0.09839093763181718,1719625.0,,3.0
NBTB,False,23.568,"data_missing:current_ratio,data_missing:debt_to_equity,data_missing:free_cash_flow,munger_roe,munger_gross_margin",2675943168.0,12.530414,1.3764533,,,0.11424,0.0,0.41447,,0.0313,4.0
OZK,False,23.4967503,"data_missing:current_ratio,data_missing:debt_to_equity,data_missing:free_cash_flow,munger_roe,munger_gross_margin",5116044800.0,7.742574,0.861439,,,0.113290004,0.0,0.55609,,0.039900000000000005,4.0
AMKR,False,23.477603399147824,"graham_pe,graham_pe_times_pb,munger_roe,munger_gross_margin,munger_fcf",13344382976.0,24.085201,2.864075,2.171,0.57054,0.12514,0.13992272786699902,0.06967595763911674,-378785984.0,0.0063,4.0
MOH,False,23.44860324457421,"graham_pe,graham_pe_times_pb,munger_roe,munger_gross_margin",9905471488.0,1265.0665,2.3657308,1.679,0.94773,-0.0016,0.12763218864233125,0.01719279707656408,700249984.0,,4.0
KTOS,False,23.44791193159058,"graham_earnings_stability,graham_pe,graham_pe_times_pb,munger_roe,munger_gross_margin,munger_fcf",8563809792.0,268.35178,2.4968421,5.541,0.0565,0.011469999,0.22861597861597863,0.019008019008019007,-118287504.0,,2.0
SHEN,False,23.43785,"data_missing:trailing_pe,graham_size,graham_current_ratio,graham_earnings_stability,munger_roe,munger_fcf",641449664.0,,0.74593747,0.852,0.77081,-0.03941,0.64852995,-0.06493430281623232,-236001120.0,0.0092,0.0
BAC,False,23.399250375,"data_missing:current_ratio,data_missing:debt_to_equity,data_missing:free_cash_flow,munger_roe,munger_gross_margin",394635771904.0,13.033488,1.4344721,,,0.111990005,0.0,0.38305,,0.022799999999999997,4.0
MTRN,False,23.37924633005774,"graham_pe,graham_pe_times_pb,munger_roe,munger_gross_margin",5509495296.0,61.787567,5.537889,2.941,0.51424,0.09458999,0.17274971313425316,0.06145699812487756,13363875.0,0.0023,4.0
PFS,False,23.354999999999997,"data_missing:current_ratio,data_missing:debt_to_equity,data_missing:free_cash_flow,munger_roe,munger_gross_margin",2987982080.0,9.545833,1.0278612,,,0.1114,0.0,0.5227,,0.042300000000000004,4.0
TRMK,False,23.339250449999998,"data_missing:current_ratio,data_missing:debt_to_equity,data_missing:free_cash_flow,munger_roe,munger_gross_margin",2692937984.0,11.768448,1.2562472,,,0.111190006,0.0,0.36776,,0.0217,4.0
HOMB,False,23.329499999999996,"data_missing:current_ratio,data_missing:debt_to_equity,data_missing:free_cash_flow,munger_roe,munger_gross_margin",5861453824.0,12.107437,1.2916024,,,0.11106,0.0,0.57611,,0.0297,4.0
FULT,False,23.32575,"data_missing:current_ratio,data_missing:debt_to_equity,data_missing:free_cash_flow,munger_roe,munger_gross_margin",4448309248.0,11.201923,1.2313057,,,0.11101,0.0,0.42348,,0.033,4.0
FBK,False,23.31,"data_missing:current_ratio,data_missing:debt_to_equity,data_missing:free_cash_flow,munger_roe,munger_gross_margin",2642594048.0,13.988095,1.3645513,,,0.1108,0.0,0.45556,,0.0159,4.0
COLB,False,23.270999999999997,"data_missing:current_ratio,data_missing:debt_to_equity,data_missing:free_cash_flow,munger_roe,munger_gross_margin",8412099072.0,11.57004,1.1135453,,,0.11028,0.0,0.50923,,0.0507,4.0
XHR,False,23.23337956268383,"data_missing:trailing_pe,graham_size,graham_debt_to_equity,munger_roe,munger_gross_margin",1771805440.0,,1.4885306,2.198,1.18285,-0.0063300002,0.26128998,0.09970607324988409,72648248.0,0.031200000000000002,4.0
FCF,False,23.1802497,"data_missing:current_ratio,data_missing:debt_to_equity,data_missing:free_cash_flow,munger_roe,munger_gross_margin",2129248384.0,12.847561,1.352288,,,0.109069996,0.0,0.45363998,,0.026699999999999998,4.0
PFGC,False,23.109738425938918,"graham_debt_to_equity,graham_pe,graham_pe_times_pb,munger_roe,munger_gross_margin",14386266112.0,40.17105,2.91818,1.514,1.58849,0.076680005,0.13012559662654158,0.01438714181124751,713825024.0,,4.0
BANR,False,23.086499999999997,"data_missing:current_ratio,data_missing:debt_to_equity,data_missing:free_cash_flow,munger_roe,munger_gross_margin",2540947200.0,11.443894,1.1788604,,,0.10782,0.0,0.37702,,0.0297,4.0
MTB,False,23.0565,"data_missing:current_ratio,data_missing:debt_to_equity,data_missing:free_cash_flow,munger_roe,munger_gross_margin",31917436928.0,11.6998415,1.2555246,,,0.10742,0.0,0.45108002,,0.0274,4.0
PAG,False,23.033035197493273,"graham_current_ratio,graham_debt_to_equity,graham_pe_times_pb,munger_gross_margin",13772787712.0,15.2323885,2.3683705,0.975,1.6064699999999998,0.15842,0.1640127638838675,0.04026282283037553,218100000.0,0.0277,4.0
WKC,False,23.012944574160553,"data_missing:trailing_pe,graham_size,graham_current_ratio,graham_earnings_stability,munger_roe,munger_gross_margin",1816138368.0,,1.6007665,1.058,0.58819,-0.12264,0.025674086996093897,-0.015296641619217372,116087504.0,0.0256,0.0
ONB,False,22.9559997,"data_missing:current_ratio,data_missing:debt_to_equity,data_missing:free_cash_flow,munger_roe,munger_gross_margin",9745970176.0,11.272124,1.166598,,,0.106079996,0.0,0.52542,,0.0231,4.0
SSB,False,22.948499549999994,"data_missing:current_ratio,data_missing:debt_to_equity,data_missing:free_cash_flow,munger_roe,munger_gross_margin",9970931712.0,10.80043,1.091891,,,0.105979994,0.0,0.50514,,0.0259,4.0
MP,False,22.898366666666664,"data_missing:trailing_pe,graham_earnings_stability,munger_roe,munger_fcf",8694919168.0,,4.441008,9.51,0.41402,-0.03585,0.42326,-0.6655379364732825,-432948864.0,,0.0
VTOL,False,22.839297003829174,"graham_size,graham_earnings_stability,munger_roe,munger_gross_margin,munger_fcf",1255190528.0,12.309593,1.152339,2.26,0.89036,0.10082,0.27201,0.10654459675601403,-34314624.0,0.0118,2.0
HII,False,22.8269924986764,"graham_current_ratio,graham_pe_times_pb,munger_roe,munger_gross_margin,munger_fcf",10403209216.0,15.733611,1.958415,1.23,0.55252,0.12968001,0.124,0.05262736302467158,-300249984.0,0.0208,4.0
FHB,False,22.741499249999997,"data_missing:current_ratio,data_missing:debt_to_equity,data_missing:free_cash_flow,munger_roe,munger_gross_margin",3067586816.0,10.96087,1.0854682,,,0.10321999,0.0,0.43712002,,0.0414,4.0
FFBC,False,22.714499999999997,"data_missing:current_ratio,data_missing:debt_to_equity,data_missing:free_cash_flow,munger_roe,munger_gross_margin",3426338816.0,11.512368,1.1446037,,,0.10286,0.0,0.39804,,0.032,4.0
CALM,False,22.713365099983076,"data_missing:debt_to_equity,munger_roe,munger_gross_margin",3141445120.0,10.144796,1.2002571,7.695,,0.122200005,0.23081522664952164,0.12027138044917764,8796500.0,0.0701,4.0
UCB,False,22.703249999999997,"data_missing:current_ratio,data_missing:debt_to_equity,data_missing:free_cash_flow,munger_roe,munger_gross_margin",4101911040.0,11.192811,1.095299,,,0.10271,0.0,0.50902003,,0.030699999999999998,4.0
TCBI,False,22.641,"data_missing:current_ratio,data_missing:debt_to_equity,data_missing:free_cash_flow,munger_roe,munger_gross_margin",4170278912.0,12.409444,1.2455851,,,0.10188,0.0,0.36721,,0.0085,4.0
KEY,False,22.623214285714287,"data_missing:current_ratio,data_missing:debt_to_equity,data_missing:free_cash_flow,graham_earnings_stability,munger_roe,munger_gross_margin",21998856192.0,12.055555,1.2775781,,,0.1033,0.0,0.3471,,0.0405,1.0
FLEX,False,22.600578949597157,"graham_current_ratio,graham_debt_to_equity,graham_pe,graham_pe_times_pb,munger_gross_margin",42843357184.0,44.95349,7.78912,1.38,1.07818,0.18378,0.09196102314250913,0.04900766640395501,625750016.0,,4.0
WCC,False,22.57202143724471,"graham_debt_to_equity,graham_pe,graham_pe_times_pb,munger_roe,munger_gross_margin",17979987968.0,25.532873,3.5679405,2.091,1.2865,0.14308,0.21395001,0.05244376012828093,177050000.0,0.0055000000000000005,4.0
VVX,False,22.545972567358778,"graham_current_ratio,graham_earnings_stability,graham_pe,graham_pe_times_pb,munger_roe,munger_gross_margin",2367984896.0,26.05,2.0873396,1.318,0.97529,0.08349,0.08473,0.04336347147055449,106377504.0,,2.0
OLN,False,22.498792107687816,"data_missing:trailing_pe,graham_size,graham_current_ratio,graham_debt_to_equity,graham_earnings_stability,munger_roe,munger_gross_margin",1856204800.0,,1.0845821,1.418,1.99059,-0.10585,0.07395882491741387,0.0007816186880604058,311800000.0,0.0492,0.0
AAL,False,22.414932827947244,"data_missing:trailing_pe,data_missing:debt_to_equity,data_missing:return_on_equity,graham_current_ratio,munger_gross_margin",9151733760.0,,-2.3037827,0.534,,,0.21239,0.026851902696172644,519249984.0,,4.0
STBA,False,22.404,"data_missing:current_ratio,data_missing:debt_to_equity,data_missing:free_cash_flow,graham_size,munger_roe,munger_gross_margin",1755868928.0,13.242022,1.2507536,,,0.09872,0.0,0.44693002,,0.0298,4.0
ROAD,False,22.385327937684977,"graham_debt_to_equity,graham_pe,graham_pe_times_pb,munger_gross_margin",5309766144.0,38.185715,5.0765095,1.566,1.81754,0.15048,0.1561299494089653,0.07993689276890976,52442000.0,,4.0
AGNT,False,22.329954327508556,"data_missing:trailing_pe,data_missing:debt_to_equity,graham_size,graham_earnings_stability,munger_roe,munger_gross_margin",601624576.0,,2.1415823,1.515,,-0.06887,0.06989862982525658,-0.0044980304091665445,98850248.0,0.0567,0.0
AUB,False,22.31925,"data_missing:current_ratio,data_missing:debt_to_equity,data_missing:free_cash_flow,munger_roe,munger_gross_margin",5551215104.0,11.234103,1.070504,,,0.09759,0.0,0.56057,,0.0384,4.0
HWC,False,22.278000374999998,"data_missing:current_ratio,data_missing:debt_to_equity,data_missing:free_cash_flow,munger_roe,munger_gross_margin",5937308672.0,14.5117655,1.3401054,,,0.097040005,0.0,0.4386,,0.0273,4.0
ASB,False,22.271249625,"data_missing:current_ratio,data_missing:debt_to_equity,data_missing:free_cash_flow,munger_roe,munger_gross_margin",5573897728.0,10.31993,1.0102687,,,0.096949995,0.0,0.41342998,,0.033,4.0
TRST,False,22.23675,"data_missing:current_ratio,data_missing:debt_to_equity,data_missing:free_cash_flow,graham_size,munger_roe,munger_gross_margin",959513152.0,15.652778,1.4626864,,,0.09649,0.0,0.46668997,,0.028399999999999998,4.0
ARMK,False,22.233986889103395,"graham_current_ratio,graham_debt_to_equity,graham_pe,graham_pe_times_pb,munger_roe,munger_gross_margin",14454561792.0,38.34266,4.257649,1.285,1.8672399999999998,0.11694,0.15292,0.04422,374142496.0,0.0088,4.0
HGV,False,22.22595238095238,"graham_debt_to_equity,graham_pe,graham_pe_times_pb,munger_roe,munger_gross_margin,munger_fcf",2756875520.0,20.15341,2.5111506,4.814,6.2408600000000005,0.11456,0.24617,0.12666,-127000000.0,,4.0
CAVA,False,22.21556975360766,"graham_earnings_stability,graham_pe,graham_pe_times_pb,munger_roe,munger_gross_margin,munger_fcf",6153350656.0,94.07143,7.314635,2.483,0.61899,0.083229996,0.24749005077535338,0.046865039536681634,-721500.0,,3.0
FIBK,False,22.212749249999998,"data_missing:current_ratio,data_missing:debt_to_equity,data_missing:free_cash_flow,munger_roe,munger_gross_margin",3528176640.0,11.321101,1.0645885,,,0.09616999,0.0,0.43242002,,0.051500000000000004,4.0
UBSI,False,22.1055,"data_missing:current_ratio,data_missing:debt_to_equity,data_missing:free_cash_flow,munger_roe,munger_gross_margin",6402189824.0,12.810626,1.1656419,,,0.09474,0.0,0.53079,,0.0327,4.0
EBC,False,22.0815,"data_missing:current_ratio,data_missing:debt_to_equity,data_missing:free_cash_flow,munger_roe,munger_gross_margin",4907285504.0,11.997208,1.0943233,,,0.09442,0.0,0.50124,,0.0263,4.0
ABCB,False,22.048499999999997,"data_missing:current_ratio,data_missing:debt_to_equity,data_missing:free_cash_flow,munger_roe,munger_gross_margin",5546413568.0,14.94575,1.3513073,,,0.09398,0.0,0.50194,,0.0098,4.0
AOSL,False,21.914317913879795,"data_missing:trailing_pe,graham_size,graham_earnings_stability,munger_roe,munger_gross_margin,munger_fcf",837273600.0,,1.0491393,3.438,0.035070000000000004,-0.05217,0.2232110374163938,-0.06362245130919819,-29679500.0,,0.0
BKU,False,21.89099925,"data_missing:current_ratio,data_missing:debt_to_equity,data_missing:free_cash_flow,munger_roe,munger_gross_margin",3131369472.0,12.076922,1.0579005,,,0.09187999,0.0,0.37060001,,0.0304,4.0
J,False,21.883697239548944,"graham_current_ratio,graham_debt_to_equity,graham_pe,graham_pe_times_pb,munger_roe,munger_gross_margin",16181770240.0,46.0867,4.960893,1.287,1.24734,0.07998,0.14405078371554456,0.025855999534456803,645677888.0,0.0106,4.0
TRIP,False,21.813099644934653,"data_missing:trailing_pe,graham_size,graham_debt_to_equity,munger_roe,munger_fcf",973942976.0,,1.466106,1.561,1.34928,-0.00233,0.63966,0.04230565838180857,-101500000.0,,4.0
TFC,False,21.794249999999998,"data_missing:current_ratio,data_missing:debt_to_equity,data_missing:free_cash_flow,graham_earnings_stability,munger_roe,munger_gross_margin",58338762752.0,10.978162,0.9941089,,,0.09059,0.0,0.39815,,0.0441,2.0
FNB,False,21.78,"data_missing:current_ratio,data_missing:debt_to_equity,data_missing:free_cash_flow,munger_roe,munger_gross_margin",6289847296.0,10.455563,0.91350365,,,0.0904,0.0,0.44671002,,0.0298,4.0
SAH,False,21.754265732235247,"graham_current_ratio,graham_debt_to_equity,munger_gross_margin,munger_fcf",2050852352.0,10.3296175,1.9992605,1.012,4.55519,0.20631,0.15724976243268926,0.024251662971175165,-116075000.0,0.0262,4.0
HBAN,False,21.7515,"data_missing:current_ratio,data_missing:debt_to_equity,data_missing:free_cash_flow,munger_roe,munger_gross_margin",31690207232.0,12.1589155,1.0654848,,,0.09002,0.0,0.41932,,0.0405,4.0
SBSI,False,21.746249625,"data_missing:current_ratio,data_missing:debt_to_equity,data_missing:free_cash_flow,graham_size,munger_roe,munger_gross_margin",928667648.0,12.217648,1.0521783,,,0.089949995,0.0,0.47232,,0.0479,4.0
WSBC,False,21.734999249999998,"data_missing:current_ratio,data_missing:debt_to_equity,data_missing:free_cash_flow,data_missing:consecutive_positive_earnings_years,munger_roe,munger_gross_margin",3723546112.0,11.02983,0.9795388,,,0.08979999,0.0,0.48699,,0.039599999999999996,
CAH,False,21.72188459411958,"data_missing:debt_to_equity,data_missing:return_on_equity,graham_current_ratio,graham_pe,graham_pe_times_pb,munger_gross_margin",50922217472.0,30.374311,-17.773378,0.883,,,0.038442780277524305,0.010277366980271232,4752500224.0,0.009300000000000001,4.0
VLY,False,21.71475,"data_missing:current_ratio,data_missing:debt_to_equity,data_missing:free_cash_flow,munger_roe,munger_gross_margin",7241891328.0,11.105932,0.97196466,,,0.08953,0.0,0.46787998,,0.034,4.0
NIC,False,21.68024925,"data_missing:current_ratio,data_missing:debt_to_equity,data_missing:free_cash_flow,munger_roe,munger_gross_margin",3551250432.0,18.996635,1.5643463,,,0.08906999,0.0,0.52892,,0.008100000000000001,4.0
VSEC,False,21.61394082281312,"graham_pe,graham_pe_times_pb,munger_roe,munger_gross_margin,munger_fcf",5140380160.0,58.70513,1.9652573,3.768,0.34965,0.042659998,0.15621,0.08055112269897283,-260715008.0,0.0022,4.0
DCOM,False,21.552,"data_missing:current_ratio,data_missing:debt_to_equity,data_missing:free_cash_flow,graham_size,munger_roe,munger_gross_margin",1790991616.0,14.695653,1.2757927,,,0.08736,0.0,0.44626,,0.024900000000000002,4.0
ABR,False,21.481250000000003,"data_missing:free_cash_flow,graham_size,graham_debt_to_equity,graham_pe,munger_roe",822063040.0,45.055553,0.35739467,2.095,3.86741,0.01975,0.79161,-0.12729,,0.231,4.0
HTLD,False,21.44963266666667,"data_missing:trailing_pe,graham_size,graham_earnings_stability,munger_roe,munger_gross_margin,munger_fcf",875405120.0,,1.1574643,1.585,0.19358,-0.028469998,0.28059998,-0.0712564958316216,-80482624.0,0.006999999999999999,0.0
NWBI,False,21.428250300000002,"data_missing:current_ratio,data_missing:debt_to_equity,data_missing:free_cash_flow,munger_roe,munger_gross_margin",2239134720.0,14.849515,1.1617044,,,0.085710004,0.0,0.41568002,,0.0527,4.0
C,False,21.396749999999997,"data_missing:current_ratio,data_missing:debt_to_equity,data_missing:free_cash_flow,munger_roe,munger_gross_margin",225397178368.0,14.495145,1.1711029,,,0.08529,0.0,0.36229,,0.0203,4.0
WAFD,False,21.37275,"data_missing:current_ratio,data_missing:debt_to_equity,data_missing:free_cash_flow,munger_roe,munger_gross_margin",2322422272.0,9.898801,0.8523714,,,0.08497,0.0,0.46126997,,0.0349,4.0
FITB,False,21.328500000000002,"data_missing:current_ratio,data_missing:debt_to_equity,data_missing:free_cash_flow,munger_roe,munger_gross_margin",47280840704.0,17.553871,1.4632742,,,0.08438,0.0,0.39078,,0.0326,4.0
BBT,False,21.317250449999996,"data_missing:current_ratio,data_missing:debt_to_equity,data_missing:free_cash_flow,munger_roe,munger_gross_margin",2377024256.0,9.207792,0.93591183,,,0.084230006,0.0,0.46051997,,0.0461,4.0
SHAK,False,21.26852740922288,"graham_debt_to_equity,graham_earnings_stability,graham_pe,graham_pe_times_pb,munger_roe,munger_fcf",2433412864.0,59.873688,4.218646,1.668,1.66579,0.0794,0.4038,0.04324897288186723,-41693376.0,,3.0
MET,False,21.216214377142066,"graham_debt_to_equity,graham_pe_times_pb,munger_roe,munger_gross_margin,munger_fcf",62461026304.0,18.829502,2.2843266,2.027,1.7993299999999999,0.13094,0.23951,0.07961444657775933,-20953999360.0,0.024399999999999998,4.0
AES,False,21.2079019818947,"graham_current_ratio,graham_debt_to_equity,graham_earnings_stability,munger_roe,munger_gross_margin,munger_fcf",10615967744.0,5.573034,2.1471863,0.746,2.5688600000000004,0.095740005,0.1807406196354124,0.18673,-3089125120.0,0.047400000000000005,3.0
CFG,False,21.20250075,"data_missing:current_ratio,data_missing:debt_to_equity,data_missing:free_cash_flow,munger_roe,munger_gross_margin",27584974848.0,14.269063,1.1500237,,,0.08270001,0.0,0.35132998,,0.028399999999999998,4.0
COF,False,21.18567857142857,"data_missing:current_ratio,data_missing:debt_to_equity,data_missing:free_cash_flow,munger_roe,munger_gross_margin",123494506496.0,11.054366,1.1992209,,,0.09031,0.0,0.33629,,0.0163,4.0
INDB,False,21.17925,"data_missing:current_ratio,data_missing:debt_to_equity,data_missing:free_cash_flow,munger_roe,munger_gross_margin",3857739520.0,14.726944,1.1041214,,,0.08239,0.0,0.47252,,0.0319,4.0
RNST,False,21.1575003,"data_missing:current_ratio,data_missing:debt_to_equity,data_missing:free_cash_flow,munger_roe,munger_gross_margin",3699138816.0,11.833333,0.95549524,,,0.082100004,0.0,0.43483,,0.024,4.0
GEF,False,21.12164285714286,"data_missing:return_on_equity,data_missing:free_cash_flow,graham_current_ratio,graham_pe,graham_pe_times_pb,munger_gross_margin",4729766912.0,34.38016,1.5760262,1.289,0.39409999999999995,,0.22521,0.10561,,0.0285,4.0
FBNC,False,21.108,"data_missing:current_ratio,data_missing:debt_to_equity,data_missing:free_cash_flow,graham_pe_times_pb,munger_roe,munger_gross_margin",2640295680.0,19.818323,1.5382297,,,0.08144,0.0,0.51192003,,0.015300000000000001,4.0
INTC,False,21.08690703330023,"data_missing:trailing_pe,graham_earnings_stability,munger_roe",658432983040.0,,7.1754827,1.604,0.48997,-0.10715,0.34766238434904356,-0.04188976973870925,4866375168.0,,0.0
SCL,False,21.063160449045654,"data_missing:trailing_pe,graham_size,graham_current_ratio,munger_roe,munger_gross_margin",1459331072.0,,1.2050339,1.151,0.5836,-0.0021600001,0.11572676121321684,0.03368145811053833,55548624.0,0.0248,4.0
CFFN,False,21.0097497,"data_missing:current_ratio,data_missing:debt_to_equity,data_missing:free_cash_flow,graham_size,graham_earnings_stability,munger_roe,munger_gross_margin",1075164800.0,13.407693,1.0512666,,,0.080129996,0.0,0.50087,,0.0393,2.0
GBCI,False,20.9595,"data_missing:current_ratio,data_missing:debt_to_equity,data_missing:free_cash_flow,munger_roe,munger_gross_margin",5837402112.0,18.372952,1.3533177,,,0.07946,0.0,0.44305,,0.0316,4.0
MATW,False,20.894682432982815,"data_missing:trailing_pe,graham_size,graham_debt_to_equity,graham_earnings_stability,munger_roe,munger_gross_margin",598512576.0,,1.231614,1.756,1.2932,-0.05874,0.29498027829242257,-0.006862363475275054,26483000.0,0.053099999999999994,0.0
PRIM,False,20.761819655255238,"graham_current_ratio,graham_pe,graham_pe_times_pb,munger_roe,munger_gross_margin",3903642368.0,28.215685,2.411112,1.181,0.7963,0.08889,0.10734135104093784,0.05432414949372269,80155000.0,0.0044,4.0
LYB,False,20.740933454461523,"data_missing:trailing_pe,graham_debt_to_equity,graham_earnings_stability,munger_roe,munger_gross_margin",18668363776.0,,1.7492509,1.641,1.3275899999999998,-0.02269,0.12888,-0.013928962292309223,1228000000.0,0.045899999999999996,0.0
CVBF,False,20.736749999999997,"data_missing:current_ratio,data_missing:debt_to_equity,data_missing:free_cash_flow,munger_roe,munger_gross_margin",3983702016.0,15.71875,1.2586188,,,0.07649,0.0,0.55747,,0.0359,4.0
PNFP,False,20.735999999999997,"data_missing:current_ratio,data_missing:debt_to_equity,data_missing:free_cash_flow,munger_roe,munger_gross_margin",14375345152.0,13.103305,1.0191008,,,0.07648,0.0,0.47018,,0.0213,4.0
HAFC,False,20.57824278813741,"data_missing:current_ratio,data_missing:debt_to_equity,data_missing:free_cash_flow,graham_size,munger_roe,munger_gross_margin",951741056.0,10.80808,1.162075,,,0.11344,0.0,0.28163899838987283,,0.0352,4.0
AVAV,False,20.538667901209585,"data_missing:trailing_pe,graham_earnings_stability,munger_roe,munger_gross_margin,munger_fcf",7795387904.0,,1.7667792,4.26,0.19354,-0.04597,0.2532530370362876,-0.15731885909112753,-25920876.0,,0.0
CXW,False,20.346242227995162,"graham_current_ratio,graham_pe,graham_pe_times_pb,munger_roe,munger_gross_margin",3220960768.0,25.849207,2.2391036,1.319,0.95487,0.08772001,0.2258,0.08536514325749088,24545250.0,,4.0
BXMT,False,20.336000000000002,"data_missing:free_cash_flow,graham_debt_to_equity,graham_earnings_stability,graham_pe,graham_pe_times_pb,munger_roe",2114379264.0,156.8125,0.655982,98.576,4.84696,0.00448,1.0,-3.69142,,0.1517,1.0
IFF,False,20.330722053872055,"data_missing:trailing_pe,graham_earnings_stability,munger_roe,munger_fcf",21894418432.0,,1.5675063,2.061,0.44821,-0.05548,0.3616161616161616,-0.03507805325987144,-1720999936.0,0.018600000000000002,0.0
PB,False,20.303250000000002,"data_missing:current_ratio,data_missing:debt_to_equity,data_missing:free_cash_flow,munger_roe,munger_gross_margin",8190046720.0,11.811092,0.82586044,,,0.07071,0.0,0.58042,,0.035699999999999996,4.0
MTZ,False,20.28013776190476,"graham_current_ratio,graham_earnings_stability,graham_pe,graham_pe_times_pb,munger_gross_margin,munger_fcf",17059974144.0,34.655773,4.769536,1.4,0.89874,0.16176,0.12913999,0.05424,-57898876.0,,2.0
CRL,False,20.10347691348555,"data_missing:trailing_pe,graham_current_ratio,graham_debt_to_equity,graham_earnings_stability,munger_roe",14110976000.0,,4.9239445,1.348,1.05047,-0.07516,0.34585,0.006266402548997829,468856000.0,,0.0
PI,False,20.072795032354232,"data_missing:trailing_pe,graham_debt_to_equity,graham_earnings_stability,munger_roe",5481767424.0,,23.665745,3.277,1.15143,-0.12875,0.5253119158069653,-0.002041127189642041,56185876.0,,0.0
KBH,False,20.072245803523792,"data_missing:free_cash_flow,munger_roe,munger_gross_margin",2922048000.0,13.538029,0.77606255,6.177,0.55482,0.05908,0.17115,0.07603273541555512,,0.021,4.0
WERN,False,20.03611999194126,"data_missing:trailing_pe,graham_size,graham_current_ratio,graham_earnings_stability,munger_roe,munger_gross_margin",1978046592.0,,1.458453,1.448,0.68379,-0.03909,0.1904,0.003919115006878708,69455872.0,0.0167,0.0
STEP,False,20.0,"data_missing:trailing_pe,graham_current_ratio,graham_debt_to_equity,graham_earnings_stability,munger_roe,munger_gross_margin",5749398528.0,,-6.8020773,0.639,1.26487,-0.61397,-0.48369,-0.54055,2822566144.0,0.0395,0.0
SEDG,False,19.92173544656129,"data_missing:trailing_pe,graham_size,graham_earnings_stability,munger_roe,munger_gross_margin",1999223680.0,,4.8505898,2.03,0.9885200000000001,-0.58424,0.1657157282235378,-0.2547009398502589,113761248.0,,0.0
CWST,False,19.909698601695546,"graham_current_ratio,graham_pe,graham_pe_times_pb,munger_roe",5287215104.0,1038.5,3.3462222,0.993,0.9162300000000001,0.00364,0.3342,0.034662227160652447,121703752.0,,4.0
WY,False,19.807830950000444,"graham_pe,graham_pe_times_pb,munger_roe,munger_gross_margin",14439945216.0,30.35606,1.5304408,1.816,0.57625,0.04974,0.14844315713251266,0.1058653149891383,13625000.0,0.0417,4.0
SNX,False,19.749076973409796,"graham_current_ratio,graham_pe,graham_pe_times_pb,munger_roe,munger_gross_margin,munger_fcf",20779075584.0,20.892685,2.3298054,1.191,0.64999,0.14932,0.06989466930726371,0.022635775473912288,-1070279488.0,0.0074,4.0
LEU,False,19.563474622454287,"graham_debt_to_equity,graham_pe,graham_pe_times_pb,munger_roe,munger_gross_margin,munger_fcf",3004870400.0,79.84516,3.4674323,5.395,1.3928299999999998,0.08053,0.26186761756184534,0.1118787608647203,-127300000.0,,4.0
SBCF,False,19.55025,"data_missing:current_ratio,data_missing:debt_to_equity,data_missing:free_cash_flow,graham_pe,munger_roe,munger_gross_margin",3203866368.0,21.21154,1.1608082,,,0.06067,0.0,0.48815,,0.0231,4.0
ASTE,False,19.427198247035626,"graham_size,graham_earnings_stability,graham_pe,graham_pe_times_pb,munger_roe,munger_gross_margin,munger_fcf",942467968.0,48.797623,1.3677924,2.517,0.57089,0.02859,0.2653148043108338,0.046724333522404994,-1112500.0,0.0128,3.0
SLAB,False,19.410633855103786,"data_missing:trailing_pe,data_missing:debt_to_equity,graham_earnings_stability,munger_roe,munger_fcf",7378725376.0,,6.7396073,5.407,,-0.03628,0.5823190156531135,-0.08988817020148733,-13706625.0,,0.0
VSTS,False,19.200783419423058,"data_missing:trailing_pe,graham_size,graham_debt_to_equity,graham_earnings_stability,munger_roe,munger_gross_margin",1834395520.0,,2.090062,2.166,1.52545,-0.00602,0.26297,0.0235593393249109,69159872.0,,0.0
SITM,False,19.163122726111666,"graham_debt_to_equity,graham_earnings_stability,graham_pe,graham_pe_times_pb,munger_roe",19795206144.0,1139.3448,17.09135,19.445,1.2941900000000002,0.013259999,0.5356823608645075,-0.205038878344456,24747500.0,,0.0
HOPE,False,18.917250300000003,"data_missing:current_ratio,data_missing:debt_to_equity,data_missing:free_cash_flow,graham_size,munger_roe,munger_gross_margin",1773056768.0,13.742575,0.77226955,,,0.056550004,0.0,0.34244,,0.0408,4.0
MCK,False,18.753542371071653,"data_missing:debt_to_equity,data_missing:return_on_equity,graham_current_ratio,graham_pe,graham_pe_times_pb,munger_gross_margin",100661198848.0,23.48042,-23.62046,0.893,,,0.036065736311132045,0.015397962471804279,6801249792.0,0.0043,4.0
MTUS,False,18.451654154067157,"graham_size,graham_earnings_stability,graham_pe,graham_pe_times_pb,munger_roe,munger_gross_margin,munger_fcf",785878400.0,99.78947,1.1364181,1.752,0.021230000000000002,0.011720001,0.0821030821030821,0.003601142431392028,-62337500.0,,0.0
VSAT,False,18.36013279648132,"data_missing:trailing_pe,graham_debt_to_equity,graham_earnings_stability,munger_roe",10176021504.0,,2.1931596,1.675,1.46805,0.0019,0.33219,0.023301395605437602,250167376.0,,0.0
HFWA,False,18.247928571428574,"data_missing:current_ratio,data_missing:debt_to_equity,data_missing:free_cash_flow,graham_size,munger_roe,munger_gross_margin",1166093440.0,13.571429,1.050575,,,0.07798,0.0,0.28932,,0.0354,4.0
AAP,False,18.133310002712864,"graham_debt_to_equity,graham_earnings_stability,graham_pe,munger_roe,munger_fcf",2532270080.0,23.421787,1.1145227,1.748,2.49358,0.04888,0.4340193000813859,-0.004999418672247413,-54625000.0,0.0241,1.0
ALLY,False,18.091177714285713,"data_missing:current_ratio,data_missing:debt_to_equity,data_missing:free_cash_flow,munger_roe,munger_gross_margin",11801425920.0,9.128235,0.8741944,,,0.09681,0.0,0.25270998,,0.031,4.0
SBUX,False,17.960245269438552,"data_missing:debt_to_equity,data_missing:return_on_equity,graham_current_ratio,graham_pe,graham_pe_times_pb,munger_gross_margin",107507703808.0,54.51156,-14.006387,0.76,,,0.22341,0.0789739783350007,3065537536.0,0.0265,4.0
TNDM,False,17.93615942143244,"data_missing:trailing_pe,graham_size,graham_debt_to_equity,graham_earnings_stability,munger_roe,munger_fcf",1099343488.0,,8.426667,3.18,5.66964,-0.48026,0.5380847826429731,-0.1845376531432806,-43949124.0,,0.0
CNH,False,17.924959583097653,"graham_debt_to_equity,graham_pe,graham_pe_times_pb,munger_roe,munger_gross_margin",21026674688.0,52.3,2.0866582,4.883,3.35044,0.03914,0.17762,0.05538,563124992.0,0.0075,4.0
HONA,False,17.804809523809524,"data_missing:debt_to_equity,data_missing:return_on_equity,data_missing:free_cash_flow,graham_earnings_stability,graham_pe,graham_pe_times_pb",50059513856.0,48.15244,-8.787137,1.526,,,0.34535,0.14684,,,3.0
VSH,False,17.45612485582934,"graham_earnings_stability,graham_pe,graham_pe_times_pb,munger_roe,munger_gross_margin,munger_fcf",5013964800.0,172.05263,1.7213417,1.802,0.37664000000000003,0.01134,0.19383307136284605,0.018529524464915504,-3755125.0,0.0126,0.0
SNEX,False,17.426669087760168,"data_missing:free_cash_flow,graham_current_ratio,graham_debt_to_equity,graham_pe_times_pb,munger_gross_margin",8096398336.0,18.29019,2.832159,1.065,8.2347,0.2185,0.031175072632805098,-0.0006477267494128412,,,4.0
NBHC,False,17.139535714285714,"data_missing:current_ratio,data_missing:debt_to_equity,data_missing:free_cash_flow,graham_size,munger_roe,munger_gross_margin",1783808896.0,16.82773,1.0686839,,,0.06527,0.0,0.2857,,0.032,4.0
ANDE,False,17.01886069803224,"munger_roe,munger_gross_margin,munger_fcf",2262093312.0,12.878143,1.7015078,1.51,0.6635,0.12159,0.06482474951239575,0.01613,-109108872.0,0.012,4.0
LUV,False,16.852965036899967,"graham_current_ratio,graham_pe,graham_pe_times_pb,munger_roe,munger_gross_margin,munger_fcf",20864731136.0,26.327162,2.946256,0.489,0.97275,0.11099,0.22399001,0.015251398638777038,-834750016.0,0.0173,4.0
KNF,False,16.85291853786408,"graham_debt_to_equity,graham_pe,graham_pe_times_pb,munger_roe,munger_gross_margin,munger_fcf",3091335680.0,22.13821,1.9249938,2.665,1.03908,0.09122,0.1835113788504303,0.09086869344427166,-3501250.0,,4.0
CCOI,False,16.781668000000003,"data_missing:trailing_pe,data_missing:debt_to_equity,graham_size,graham_current_ratio,graham_earnings_stability,munger_roe,munger_fcf",394873312.0,,-10.828651,0.632,,-7.2150297,0.50345004,-0.0669,-132067000.0,0.0105,0.0
ICHR,False,16.592422621136656,"data_missing:trailing_pe,graham_earnings_stability,munger_roe,munger_gross_margin",2153056256.0,,2.4829388,3.701,0.17809999999999998,-0.051659998,0.09262366353893624,-0.041441372993461734,10132000.0,,0.0
BTU,False,16.533066866666665,"data_missing:trailing_pe,graham_earnings_stability,munger_roe,munger_gross_margin,munger_fcf",3088945920.0,,0.9508443,2.009,0.12884,-0.047709998,0.103970006,-0.020743234494367473,-53975000.0,0.011699999999999999,0.0
DMC,False,16.356956547880703,"graham_size,graham_earnings_stability,graham_pe,graham_pe_times_pb,munger_roe,munger_gross_margin,munger_fcf",1435130880.0,42.87324,0.7149232,2.226,0.2943,0.01775,0.09233509936839183,0.031788631052911645,-99887504.0,0.0393,2.0
SLVM,False,16.030545839195124,"graham_size,graham_current_ratio,graham_debt_to_equity,munger_roe,munger_gross_margin,munger_fcf",1432959232.0,19.272728,1.5019796,1.472,1.07958,0.07941,0.20594,0.07490301402566397,-16375000.0,0.0501,4.0
DNOW,False,16.010018203309695,"data_missing:trailing_pe,graham_earnings_stability,munger_roe,munger_gross_margin,munger_fcf",2860936704.0,,1.3678796,2.136,0.30934,-0.11599,0.16950354609929077,-0.03297872340425532,-533750016.0,,0.0
SANM,False,15.94899834701889,"graham_pe,graham_pe_times_pb,munger_roe,munger_gross_margin,munger_fcf",12169815040.0,40.61896,4.754387,1.78,0.88161,0.12488,0.08813033147310252,0.04362098139580546,-222215744.0,,4.0
BFH,False,15.921847847779446,"data_missing:current_ratio,data_missing:debt_to_equity,data_missing:free_cash_flow,munger_gross_margin",3971015680.0,8.018619,1.1887156,,,0.17424999,0.0,0.06657230061485381,,0.0091,4.0
GBX,False,15.768297726330823,"graham_size,graham_debt_to_equity,munger_roe,munger_gross_margin,munger_fcf",1326384256.0,12.683432,0.84310097,3.676,1.0874899999999998,0.06341,0.18748842664033086,0.11113511511635084,-164687504.0,0.0319,4.0
ADIG,False,15.67260680952381,"data_missing:return_on_equity,data_missing:free_cash_flow,graham_size,graham_earnings_stability,graham_pe,munger_gross_margin",1513908608.0,36.254547,0.6166693,2.796,0.50835,,0.21893999,0.02333,,,0.0
MOS,False,15.343909294730471,"data_missing:trailing_pe,graham_current_ratio,munger_roe,munger_gross_margin,munger_fcf",7297294336.0,,0.6365426,1.337,0.52249,-0.05073,0.15780259533370947,0.06816069828415917,-746275008.0,0.0371,4.0
RDNT,False,15.24111790356351,"data_missing:trailing_pe,graham_current_ratio,graham_debt_to_equity,graham_earnings_stability,munger_roe,munger_gross_margin",5590295552.0,,5.0968647,1.484,1.56668,0.01498,0.17284,0.03038510741541312,157737248.0,,0.0
SFNC,False,15.0,"data_missing:trailing_pe,data_missing:current_ratio,data_missing:debt_to_equity,data_missing:free_cash_flow,graham_earnings_stability,munger_roe,munger_gross_margin",3367894016.0,,0.9667717,,,-0.09941,0.0,0.38306,,0.0373,0.0
BANC,False,15.0,"data_missing:trailing_pe,data_missing:current_ratio,data_missing:debt_to_equity,data_missing:free_cash_flow,data_invalid_outlier:operating_margin,graham_earnings_stability,munger_roe,munger_gross_margin",2857246464.0,,0.98133636,,,-0.0065499996,0.0,2.16263,,0.0271,2.0
DFH,False,14.75967857142857,"graham_size,graham_debt_to_equity,munger_roe,munger_gross_margin,munger_fcf",1035269120.0,8.10993,0.7260779,7.59,1.12734,0.09423,0.1998,0.02409,-217692992.0,,4.0
ROIV,False,14.673449999999999,"data_missing:trailing_pe,data_invalid_outlier:operating_margin,graham_earnings_stability,munger_roe,munger_gross_margin,munger_fcf",25826660352.0,,6.1067467,16.721,0.02177,-0.08515,0.0,-254.08113,-1127230080.0,,0.0
LBRT,False,14.224808324635918,"graham_pe,graham_pe_times_pb,munger_roe,munger_gross_margin,munger_fcf",3094109184.0,25.62162,1.5756668,1.986,0.8214400000000001,0.06123,0.18529,0.018149249797060295,-302047872.0,0.0197,4.0
AVT,False,14.218540805765612,"graham_pe,graham_pe_times_pb,munger_roe,munger_gross_margin,munger_fcf",8491680256.0,25.86625,1.6909084,1.777,0.6920499999999999,0.06665,0.1042930214195994,0.02622915769706474,-129337000.0,0.0147,4.0
MBC,False,14.077610305213248,"data_missing:trailing_pe,graham_size,munger_roe,munger_fcf",1480393344.0,,0.75162727,1.759,0.85833,-0.0582,0.30262917321826893,0.04351482795187772,-24387500.0,,4.0
DELL,False,13.90827152255861,"data_missing:debt_to_equity,data_missing:return_on_equity,graham_current_ratio,graham_pe,graham_pe_times_pb,munger_gross_margin",362079453184.0,33.089775,-255.36995,0.962,,,0.19999471542567246,0.07177332699184415,6033375232.0,0.004699999999999999,4.0
FERG,False,13.854291472781819,"data_missing:return_on_equity,data_missing:free_cash_flow,graham_debt_to_equity,graham_earnings_stability,graham_pe,graham_pe_times_pb",42914586624.0,21.855667,6.9206653,1.729,1.11063,,0.3067095767505364,0.0847149080033808,,0.016200000000000003,0.0
MSGS,False,13.777800275627325,"data_missing:debt_to_equity,data_missing:return_on_equity,graham_current_ratio,graham_earnings_stability,graham_pe,graham_pe_times_pb",9678210048.0,1256.0001,-36.752014,0.503,,,0.33605,0.02501945707396808,58219124.0,,1.0
SRPT,False,13.743679726683839,"data_missing:trailing_pe,graham_size,graham_earnings_stability,munger_roe,munger_gross_margin",1973112832.0,,1.291393,4.422,0.6953900000000001,-0.09478,0.19108,-0.3183373767250756,22139876.0,,0.0
AIN,False,13.594023591479932,"data_missing:trailing_pe,graham_size,graham_earnings_stability,munger_roe,munger_gross_margin",1724823936.0,,2.313092,2.238,0.59922,-0.061339997,0.2062202562873421,-0.030522998986314828,4886875.0,0.018500000000000003,0.0
MARA,False,13.374000666666669,"data_missing:trailing_pe,graham_current_ratio,graham_debt_to_equity,graham_earnings_stability,munger_roe,munger_fcf",4819083776.0,,2.8691354,0.891,1.40159,-1.0557,0.40122002,-1.349641106259226,-1168091392.0,,0.0
RXO,False,13.157657811502771,"data_missing:trailing_pe,graham_current_ratio,graham_earnings_stability,munger_roe,munger_gross_margin",3282029824.0,,2.17915,1.268,0.48340000000000005,-0.06787,0.14912,-0.013758272378962034,5750000.0,,0.0
MRNA,False,13.090771096998862,"data_missing:trailing_pe,graham_earnings_stability,munger_roe,munger_gross_margin",79068676096.0,,11.687814,2.295,0.19036,-0.38998002,-0.66023004,-1.581275720164609,299249984.0,,0.0
HTH,False,12.4717497,"data_missing:current_ratio,data_missing:debt_to_equity,data_missing:free_cash_flow,munger_roe,munger_gross_margin",2216697856.0,14.384758,1.0425142,,,0.076009996,0.0,0.15799,,0.0209,4.0
DOW,False,12.444574504377721,"data_missing:trailing_pe,graham_debt_to_equity,graham_earnings_stability,munger_roe,munger_gross_margin",19922157568.0,,1.2561487,1.749,1.11913,-0.0554,0.1348139691764828,0.11594,237624992.0,0.049,0.0
TFIN,False,12.209464285714287,"data_missing:current_ratio,data_missing:debt_to_equity,data_missing:free_cash_flow,graham_size,graham_pe,graham_pe_times_pb,munger_roe,munger_gross_margin",1478115968.0,41.7973,1.6096799,,,0.04121,0.0,0.21277,,,4.0
WHR,False,11.886468567870335,"graham_current_ratio,graham_debt_to_equity,graham_earnings_stability,munger_roe,munger_gross_margin,munger_fcf",2113437824.0,10.662829,0.5571023,1.149,2.05431,0.05933,0.15369750064416388,0.05398093274929142,-485375008.0,0.099,1.0
FISV,False,11.76534030778357,"data_missing:current_ratio,data_missing:debt_to_equity,data_missing:return_on_equity,data_missing:gross_margin,data_missing:free_cash_flow",24822870016.0,8.942529,0.9213097,,,,,0.2745246071816166,,,4.0
RUN,False,11.764332666666666,"graham_size,graham_current_ratio,graham_debt_to_equity,graham_earnings_stability,munger_roe,munger_fcf",1932249216.0,5.5102043,0.5573139,1.422,2.92511,-0.19856001,0.35292998,-0.04265442271331354,-1971139840.0,,1.0
PENN,False,11.720333333333333,"data_missing:trailing_pe,graham_current_ratio,graham_debt_to_equity,graham_earnings_stability,munger_roe,munger_fcf",2109752704.0,,1.0749931,0.885,5.96731,-0.37578,0.35161,-0.1084725518238539,-54325000.0,,0.0
APD,False,11.301872246310538,"data_missing:trailing_pe,graham_current_ratio,graham_debt_to_equity,graham_earnings_stability,munger_roe,munger_fcf",62742765568.0,,4.519143,1.085,1.1009099999999998,0.00023,0.3385386673893161,-0.07285686989607304,-1497500032.0,0.0254,0.0
EGBN,False,10.360713857142857,"data_missing:trailing_pe,data_missing:current_ratio,data_missing:debt_to_equity,data_missing:free_cash_flow,graham_size,graham_earnings_stability,munger_roe,munger_gross_margin",873670656.0,,0.7595473,,,-0.04137,0.0,0.24174999,,0.0014000000000000002,0.0
GO,False,10.090040171965903,"data_missing:trailing_pe,graham_size,graham_current_ratio,graham_debt_to_equity,graham_earnings_stability,munger_roe,munger_fcf",1117177600.0,,1.3681592,1.291,2.26658,-0.3806,0.302701205158977,-0.047284366716224914,-44593500.0,,0.0
FLR,False,10.025515877214422,"data_missing:trailing_pe,graham_earnings_stability,munger_roe,munger_gross_margin",6724500480.0,,2.5377278,1.796,0.38492,-0.45167,-0.007740437334709411,-0.024382377604334645,21500000.0,,0.0
XNCR,False,9.929549999999999,"data_missing:trailing_pe,graham_size,graham_earnings_stability,munger_roe,munger_gross_margin,munger_fcf",1763662592.0,,3.5036926,6.391,0.33803,-0.29072002,-1.4364799,-1.4135025801108492,-94537504.0,,0.0
CLF,False,9.860797001947393,"data_missing:trailing_pe,graham_debt_to_equity,graham_earnings_stability,munger_roe,munger_gross_margin",7037611520.0,,1.2558542,1.89,1.3274299999999999,-0.13862,0.2892964824120603,-0.08484685652874799,6125000.0,,0.0
ECHO,False,9.846667333333334,"data_missing:trailing_pe,graham_debt_to_equity,graham_earnings_stability,munger_roe,munger_gross_margin,munger_fcf",26347915264.0,,1.8590335,5.201,1.23757,-0.33428,0.29540002,-1.1811502161047902,-18870501376.0,,0.0
BG,False,9.278703344063375,"graham_pe,graham_pe_times_pb,munger_roe,munger_gross_margin,munger_fcf",20843061248.0,23.38153,1.306451,1.567,0.9799500000000001,0.071779996,0.04847218075047278,0.04617,-6475375104.0,0.026099999999999998,4.0
FLG,False,9.135107165357143,"data_missing:current_ratio,data_missing:debt_to_equity,data_missing:free_cash_flow,graham_earnings_stability,graham_pe,graham_pe_times_pb,munger_roe,munger_gross_margin",5161679360.0,414.50003,0.6790259,,,0.0059100003,0.0,0.20281,,0.0032,0.0
WLK,False,8.529839486405963,"data_missing:trailing_pe,graham_earnings_stability,munger_roe,munger_gross_margin",8554700800.0,,0.9827354,2.453,0.63814,-0.11911,0.07278424350940017,-0.14127126230975828,23125000.0,0.0319,0.0
VGNT,False,7.8881426857142865,"data_missing:return_on_equity,data_missing:free_cash_flow,graham_current_ratio,graham_debt_to_equity,graham_pe_times_pb,munger_gross_margin",3292422912.0,6.77551,38.73333,1.398,8.53169,,0.12354,0.087969996,,0.0115,4.0
KMX,False,7.773579389732676,"graham_debt_to_equity,graham_pe,graham_pe_times_pb,munger_roe,munger_gross_margin,munger_fcf",8206719488.0,35.919254,1.3412654,2.705,3.07787,0.03588,0.10844166740626598,0.03425,-159998368.0,,4.0
AHCO,False,7.591890917300251,"data_missing:trailing_pe,graham_size,graham_current_ratio,graham_debt_to_equity,graham_earnings_stability,munger_roe,munger_gross_margin,munger_fcf",749759488.0,,0.5437306,1.124,1.48969,-0.15224,0.19174999,0.028005240292561427,-80691504.0,,0.0
UCTT,False,7.525380480185973,"data_missing:trailing_pe,graham_debt_to_equity,graham_earnings_stability,munger_roe,munger_gross_margin,munger_fcf",3499008768.0,,5.5136986,2.733,1.082,-0.0155299995,0.16986079328756673,0.043478260869565216,-81487504.0,,0.0
RCUS,False,7.30605,"data_missing:trailing_pe,graham_earnings_stability,munger_roe,munger_gross_margin,munger_fcf",3139298048.0,,6.83087,3.818,0.51293,-0.90819,0.0,-1.562753036437247,-270624992.0,,0.0
ALK,False,6.816315515067604,"data_missing:trailing_pe,graham_current_ratio,graham_debt_to_equity,munger_roe,munger_gross_margin,munger_fcf",4599164416.0,,1.2527739,0.547,2.0752,-0.04598,0.17713,0.021279584240466325,-23750000.0,,4.0
JBLU,False,6.741666666666666,"data_missing:trailing_pe,graham_size,graham_current_ratio,graham_debt_to_equity,graham_earnings_stability,munger_roe,munger_gross_margin,munger_fcf",1665833344.0,,1.049691,0.696,5.9143,-0.44355,0.20225,-0.04060913705583756,-921249984.0,,0.0
AESI,False,5.444266361882331,"data_missing:trailing_pe,graham_size,graham_earnings_stability,munger_roe,munger_gross_margin,munger_fcf",1570687744.0,,1.4122865,1.824,0.94273,-0.09925,0.13755649085646987,-0.009960650409473117,-118395504.0,0.0848,0.0
EQH,False,4.256,"data_missing:trailing_pe,graham_debt_to_equity,graham_earnings_stability,munger_roe,munger_gross_margin,munger_fcf",14652950528.0,,-7.91745,2.03,5.861000000000001,-0.25131,0.12768,-0.26357,-8824250368.0,0.0217,0.0
F,False,2.371666666666667,"data_missing:trailing_pe,graham_current_ratio,graham_debt_to_equity,graham_earnings_stability,munger_roe,munger_gross_margin,munger_fcf",50881724416.0,,1.4244251,1.089,4.567080000000001,-0.18252,0.07115,-0.04896217699861695,-7940250112.0,0.047599999999999996,0.0
CWEN-A,False,0.0,data_missing:fetch_failed,,,,,,,,,,,
CYTK,False,0.0,"data_missing:trailing_pe,data_missing:debt_to_equity,data_missing:return_on_equity,graham_earnings_stability,munger_gross_margin,munger_fcf",8984388608.0,,-51.7,6.661,,,0.0,-3.427517232629932,-397408736.0,,0.0
