symbol,buyable,score,fail_reasons,market_cap,trailing_pe,price_to_book,current_ratio,debt_to_equity,return_on_equity,gross_margin,operating_margin,free_cash_flow,dividend_yield,consecutive_positive_earnings_years
HCI,False,95.28161516666668,"graham_current_ratio,graham_earnings_stability",2322958336.0,8.05304,2.1564417,0.865,0.05722000000000001,0.34974998,0.59726,0.45431,423198496.0,0.0086,3.0
EXEL,False,91.8995295767597,graham_pe_times_pb,13957542912.0,17.713837,7.603942,3.456,0.08999,0.44393003,0.96483004,0.39513,739715136.0,,4.0
INVA,False,91.56423074940356,graham_size,1525102336.0,4.897912,1.2433738,16.007,0.26859,0.36676,0.72670996,0.43277,110332496.0,,4.0
ADBE,False,90.78355000000002,"graham_current_ratio,graham_pe_times_pb",108269060096.0,15.707901,9.435514,0.751,0.61443,0.62953997,0.89404,0.35327998,9218374656.0,,4.0
SNDK,False,88.67384546815185,"graham_earnings_stability,graham_pe,graham_pe_times_pb",217725059072.0,20.165447,15.974133,2.29,0.012769999999999998,0.9164,0.71474,0.78472,7720875008.0,,1.0
YOU,False,87.9375364740959,"graham_current_ratio,graham_earnings_stability,graham_pe,graham_pe_times_pb",6186505216.0,30.783785,25.21306,1.04,0.45141,1.19174,0.66656,0.29865,418440384.0,0.013000000000000001,3.0
TDC,False,87.61760714285714,graham_current_ratio,2546339840.0,5.76421,4.31249,0.915,0.16695000000000002,1.19116,0.61325,0.11951,348500000.0,,4.0
QLYS,False,86.87530347204418,"graham_current_ratio,graham_pe,graham_pe_times_pb",6238340608.0,30.806957,10.917719,1.384,0.09498,0.38592,0.83417,0.33979,244382624.0,,4.0
NFLX,False,86.13035863305026,"graham_current_ratio,graham_pe,graham_pe_times_pb",338736480256.0,25.58176,11.234635,1.142,0.55236,0.49541,0.49118,0.33381,25387552768.0,,4.0
DECK,False,85.72724537088106,graham_pe_times_pb,12097034240.0,12.635846,5.276821,2.747,0.20521,0.42558,0.57804,0.15233,871420352.0,,4.0
PEGA,False,85.04549294285715,"graham_current_ratio,graham_earnings_stability,graham_pe_times_pb",5609496576.0,19.386364,10.005864,1.059,0.12851,0.54693,0.75573,0.046040002,507401984.0,0.0034999999999999996,3.0
GEN,False,85.00000000000001,"graham_current_ratio,graham_debt_to_equity,graham_pe_times_pb",17616416768.0,17.210526,6.6373477,0.466,3.07831,0.41944,0.78007007,0.35554,1547124992.0,0.0171,4.0
FHI,False,84.52250411080797,graham_pe_times_pb,4851425280.0,12.078067,3.7055204,2.592,0.32354,0.31137,0.69044,0.27722,371463872.0,0.022000000000000002,4.0
CARG,False,83.8199458520093,graham_pe_times_pb,3262316288.0,18.878866,12.377492,1.85,0.7003499999999999,0.53470004,0.92375,0.25275,241320752.0,,4.0
ALL,False,83.71084933333334,"graham_current_ratio,graham_earnings_stability",65401708544.0,5.178178,2.0726655,0.363,0.22261,0.46113998,0.36800998,0.22827,15158625280.0,0.0168,2.0
APAM,False,83.4094443809524,graham_pe_times_pb,3094024704.0,10.45084,7.366464,3.007,0.57111,0.64552003,0.45593,0.27482998,291218624.0,0.0793,4.0
NEM,False,82.83311819589724,"graham_earnings_stability,graham_pe_times_pb",139709054976.0,16.72005,3.9840746,2.546,0.15807000000000002,0.25905,0.68041,0.51569,8815875072.0,0.0077,2.0
INCY,False,82.77959512863968,graham_pe_times_pb,26082131968.0,16.39172,4.0761213,4.593,0.00603,0.30667,0.55659,0.41899,1180664576.0,,4.0
APA,False,82.66614999999999,graham_current_ratio,14539587584.0,9.100878,2.07272,0.946,0.48854,0.26659,0.78255,0.56331,2146749952.0,0.0242,4.0
HRMY,True,82.58763442857142,,2272384000.0,12.627832,2.2695282,3.479,0.16030999999999998,0.20456,0.75424004,0.34183997,182835504.0,,4.0
PRI,False,82.51435,graham_pe_times_pb,9225510912.0,12.04299,3.6709776,3.73,0.71521,0.32966,0.72097,0.31542,1038982144.0,0.0161,4.0
PTC,False,82.17159145729819,"graham_current_ratio,graham_pe_times_pb",16389871616.0,14.650825,4.819873,1.025,0.46335,0.35053003,0.84501,0.28232,1031425152.0,,4.0
GDDY,False,81.59585628571429,"data_invalid_outlier:debt_to_equity,graham_current_ratio,graham_debt_to_equity,graham_pe_times_pb",12117019648.0,14.216197,1805.1887,0.632,573.3433,4.42861,0.63802,0.27056998,1204950016.0,,4.0
IDCC,False,81.54095282998101,"graham_pe,graham_pe_times_pb",8968491008.0,40.88647,7.460234,1.743,0.33401000000000003,0.26403,0.82498,0.53518003,600847744.0,0.008100000000000001,4.0
KNSL,False,81.42671666666666,"graham_current_ratio,graham_pe_times_pb",8924131328.0,15.906618,4.385073,0.194,0.11033,0.30268,0.31142,0.40678,982102720.0,0.0026,4.0
NVDA,False,81.26908759535245,"graham_pe,graham_pe_times_pb",5143087022080.0,32.467888,26.312267,3.441,0.06555,1.14288,0.74144995,0.65596,46335873024.0,0.004699999999999999,4.0
AMP,False,81.0950729267358,graham_pe_times_pb,49187524608.0,13.440096,7.730847,2.182,0.67578,0.63432,0.54932,0.30719998,2903124992.0,0.0121,4.0
MU,False,80.85430068937751,"graham_earnings_stability,graham_pe,graham_pe_times_pb",1058805972992.0,20.677103,10.508322,3.425,0.0633,0.66638,0.72569,0.80370003,7639499776.0,0.0006,2.0
HLNE,False,80.81084952987469,graham_pe_times_pb,5944042496.0,16.124252,5.142516,4.111,0.21558,0.32416,0.6066,0.45933998,231402752.0,0.0225,4.0
WH,False,80.57538321236757,"graham_current_ratio,graham_debt_to_equity,graham_pe,graham_pe_times_pb",5660824064.0,27.63768,11.91875,0.988,5.57292,0.39429,0.62835,0.47733003,362375008.0,0.0227,4.0
ZTS,False,80.56384908713648,"graham_debt_to_equity,graham_pe_times_pb",32398796800.0,12.790375,10.001913,3.084,2.9399599999999997,0.64911,0.71738,0.40721,2016999936.0,0.0274,4.0
IT,False,79.69557142857143,"data_missing:debt_to_equity,graham_current_ratio,graham_pe_times_pb",12254058496.0,17.45054,-74.69207,0.88,,1.13581,0.69629997,0.22623,1052553024.0,,4.0
PLTR,False,79.55533220143344,"graham_earnings_stability,graham_pe,graham_pe_times_pb",414119067648.0,147.2906,42.362343,7.228,0.02139,0.38097,0.84796,0.47120997,2159104512.0,,3.0
CROX,False,79.53709523809525,"graham_current_ratio,graham_debt_to_equity,graham_earnings_stability,graham_pe_times_pb",5833237504.0,10.795474,4.229472,1.49,1.21993,0.42299998,0.5747,0.24221,533888736.0,,0.0
BMY,False,79.41085015706908,"graham_debt_to_equity,graham_earnings_stability,graham_pe_times_pb",138373480448.0,14.920705,6.2004576,1.532,2.01859,0.46598998,0.71661,0.34418,8114375168.0,0.0371,1.0
RNR,False,79.39093333333334,"graham_current_ratio,graham_earnings_stability",13834287104.0,5.7721915,1.2574878,1.352,0.12211,0.21475,0.45349,0.41674,2787289856.0,0.005,3.0
BLKB,False,79.21047485714286,"graham_current_ratio,graham_debt_to_equity,graham_earnings_stability,graham_pe_times_pb",2126979968.0,14.64375,31.344482,0.828,17.27037,1.94448,0.59661996,0.21754,214087872.0,,1.0
NMIH,True,79.2073,,3402855680.0,8.940712,1.2604129,2.029,0.15753,0.15427,0.76384,0.76672995,329759616.0,,4.0
ADSK,False,79.1825257678187,"graham_current_ratio,graham_pe,graham_pe_times_pb",53356404736.0,36.836735,16.719597,0.835,0.85419,0.50396,0.92434,0.29524,3060999936.0,,4.0
FTNT,False,78.88569429627843,"graham_current_ratio,graham_pe,graham_pe_times_pb",115193044992.0,55.47703,74.26679,1.282,0.36194000000000004,1.17442,0.80204004,0.33595002,2265587456.0,,4.0
HRB,False,78.88095238095238,"graham_current_ratio,graham_debt_to_equity,graham_pe_times_pb",6412293120.0,9.142355,54.98943,1.133,17.894190000000002,7.13542,0.4433,0.3291,624796864.0,0.0346,4.0
CNX,False,78.56619999999998,"graham_current_ratio,graham_earnings_stability",5457640448.0,5.97893,1.135042,0.716,0.49137000000000003,0.21249,0.73616,0.62878,437116736.0,,1.0
MTG,False,78.50679999999998,munger_roe,6420407296.0,9.78125,1.2898705,4.964,0.12903,0.13923,0.92607003,0.80851996,518861888.0,0.0218,4.0
TROW,True,78.4942230595238,,24074827776.0,11.331326,2.1880999,4.039,0.03702,0.19399999,0.51614,0.28688,2023912448.0,0.0461,4.0
SEZL,False,78.14048650966909,"graham_earnings_stability,graham_pe,graham_pe_times_pb",4187235584.0,27.268093,17.968569,4.017,0.52416,0.88851,0.74967,0.57167,100542000.0,,3.0
EXPE,False,78.13428571428571,"graham_current_ratio,graham_debt_to_equity,graham_pe,graham_pe_times_pb",40648151040.0,21.327456,33.61588,0.801,2.30271,0.89489,0.90433,0.1898,3434374912.0,0.005699999999999999,4.0
GOOG,False,78.11703716090993,graham_pe_times_pb,4165393448960.0,17.10648,6.6918817,2.724,0.18859,0.48676,0.60897,0.34033,22665000960.0,0.0026,4.0
GOOGL,False,78.10269177360483,graham_pe_times_pb,4209788321792.0,17.28012,6.7632036,2.724,0.18859,0.48676,0.60897,0.34033,22665000960.0,0.0025,4.0
TER,False,77.81343396671309,"graham_pe,graham_pe_times_pb",56423374848.0,49.506172,16.42919,2.125,0.02883,0.36465,0.59242,0.33161,437381248.0,0.0014000000000000002,4.0
ESNT,False,77.69319999999999,munger_roe,6211813888.0,9.639469,1.0968372,1.791,0.08757,0.12009,0.76005995,0.6575,690249472.0,0.0203,4.0
WDC,False,77.6515706290559,"graham_current_ratio,graham_earnings_stability,graham_pe_times_pb",167643086848.0,17.278952,22.231728,1.329,0.13436,1.30853,0.48851,0.43608,2268750080.0,0.0013,2.0
PRDO,True,77.5382935,,2115417344.0,12.160072,2.047051,4.692,0.11009000000000001,0.17554002,0.79890996,0.25722998,184656128.0,0.0203,4.0
INSW,True,77.42714670914856,,4718352896.0,6.0907927,2.1491258,5.944,0.28815,0.37412,0.725,0.64219004,69650376.0,0.08259999999999999,4.0
EOG,True,77.39074023513905,,77787734016.0,11.365369,2.5272548,1.851,0.25891,0.22507,0.62636,0.40717998,4478750208.0,0.0278,4.0
TPL,False,77.26295,"graham_pe,graham_pe_times_pb,munger_fcf",26316599296.0,48.72797,16.913733,4.552,0.01077,0.36566,0.93336,0.78177,-32836124.0,0.0064,4.0
V,False,76.95995429749013,"graham_current_ratio,graham_pe,graham_pe_times_pb",715116445696.0,32.597446,20.297825,0.985,0.67821,0.6119,0.97725,0.66130996,20404000768.0,0.006999999999999999,4.0
CF,False,76.94728741783055,graham_pe_times_pb,19390955520.0,9.655614,3.379223,4.86,0.40503999999999996,0.29867,0.42486,0.49325,1276749952.0,0.0189,4.0
LVS,False,76.82482567603863,"graham_current_ratio,graham_debt_to_equity,graham_pe_times_pb",30066288640.0,17.992249,51.750275,0.997,17.03902,1.22869,0.79335,0.19658001,2212875008.0,0.0254,4.0
MCRI,False,76.7781578935005,"graham_current_ratio,graham_pe_times_pb",2207337728.0,19.768862,3.8271031,1.207,0.02218,0.20544,0.68021005,0.27436,131950872.0,0.0097,4.0
ACT,False,76.73139866817556,"graham_current_ratio,munger_roe",6808190976.0,10.447258,1.2677606,0.922,0.13812,0.12869,0.73177004,0.73258,521546880.0,0.0194,4.0
MCY,False,76.63364285714285,"graham_current_ratio,graham_earnings_stability,munger_gross_margin",5825720320.0,6.216253,2.054197,0.952,0.33925,0.38991,0.26808,0.19934,1143784576.0,0.012199999999999999,3.0
MEDP,False,76.32491551088594,"graham_current_ratio,graham_pe,graham_pe_times_pb",17216466944.0,36.177128,39.67964,0.732,0.33216,1.6215401,0.7235,0.20757,510396512.0,,4.0
LOPE,False,76.27430394754464,graham_pe_times_pb,3902978560.0,18.084543,5.7933226,2.818,0.15564999999999998,0.30979002,0.53271,0.22023001,205755248.0,,4.0
DUOL,False,76.14221743563259,"graham_earnings_stability,graham_pe_times_pb",6679207424.0,16.874704,4.731539,2.719,0.0611,0.3442,0.72717005,0.11684,300198016.0,,3.0
FSLR,False,76.11683878466383,graham_earnings_stability,22396704768.0,12.936064,2.1701326,2.518,0.018799999999999997,0.18509,0.44015998,0.42641997,1598684800.0,,3.0
INTU,False,75.81565635864897,"graham_current_ratio,graham_pe,graham_pe_times_pb",93690527744.0,20.834246,4.553813,1.453,0.33448,0.22496,0.80793,0.46974,5232000000.0,0.013000000000000001,4.0
MGY,True,75.76238932446294,,6389665792.0,11.506551,2.230216,1.583,0.19243,0.20854001,0.8222,0.50688,332475744.0,0.025,4.0
RDDT,False,75.75803786276416,"graham_earnings_stability,graham_pe,graham_pe_times_pb",30924912640.0,37.380302,9.408529,10.486,0.00635,0.30712,0.91442,0.28788,678068736.0,,1.0
LULU,True,75.74779285714285,,13264801792.0,9.458704,2.7699003,2.226,0.44264000000000003,0.32027,0.55695,0.11205,1133960960.0,,4.0
CHH,False,75.69278652746216,"graham_current_ratio,graham_debt_to_equity,graham_pe_times_pb",4963100672.0,15.618979,34.73071,0.926,14.817260000000001,5.66362,0.90328,0.37729,212277504.0,0.0104,4.0
CINF,False,75.68008333333333,"graham_current_ratio,graham_earnings_stability",26461151232.0,8.136385,1.5864443,1.151,0.05255,0.21484,0.31066,0.37202,2984875008.0,0.0219,3.0
MANH,False,75.63184301985545,"graham_current_ratio,graham_pe,graham_pe_times_pb",12467352576.0,61.26934,79.13768,0.983,0.34209,0.96378,0.5581,0.25015,321116384.0,,4.0
SEIC,False,75.57413674460194,graham_pe_times_pb,13327529984.0,19.584656,5.329734,5.059,0.02383,0.27587998,0.78388,0.30706,377482240.0,0.009399999999999999,4.0
CRUS,False,75.25057067857142,graham_pe_times_pb,5576831488.0,13.6033,2.5641766,7.583,0.0596,0.20903999,0.52785,0.18367,450997248.0,,4.0
FTDR,False,75.24007639596213,"graham_debt_to_equity,graham_pe,graham_pe_times_pb",5700232704.0,21.603132,20.185411,1.591,4.16901,1.01859,0.55544996,0.28217,333624992.0,,4.0
CPAY,False,75.03172479711073,"graham_current_ratio,graham_debt_to_equity,graham_pe,graham_pe_times_pb",26850508800.0,24.85927,7.5803103,0.972,2.75291,0.29215,0.80539,0.4692,1946175872.0,,4.0
IDXX,False,75.01370333552248,"graham_current_ratio,graham_pe,graham_pe_times_pb",43569446912.0,38.760002,27.015408,1.172,0.67971,0.74211,0.62446,0.3498,909368384.0,,4.0
VCTR,False,74.89369365205314,"graham_pe,graham_pe_times_pb",7271046656.0,21.492727,3.1332166,2.066,0.42615000000000003,0.19045,0.57335997,0.48994,520321760.0,0.0173,4.0
WEX,False,74.18864285714287,"graham_current_ratio,graham_debt_to_equity,graham_pe_times_pb",6824502272.0,19.96411,5.108033,1.045,3.98423,0.3019,0.73232,0.26941,1331299968.0,,4.0
AMGN,False,74.10046285533548,"graham_current_ratio,graham_debt_to_equity,graham_pe,graham_pe_times_pb",237505085440.0,27.28634,20.319614,1.371,4.90281,0.91473,0.71891,0.35548002,8645624832.0,0.022799999999999997,4.0
DXCM,False,73.95030330533572,"graham_pe,graham_pe_times_pb",33336049664.0,34.916996,12.71811,1.733,0.5334599999999999,0.38491002,0.62473,0.24327,1021162496.0,,4.0
GFF,False,73.8752380952381,"graham_debt_to_equity,graham_earnings_stability,graham_pe,graham_pe_times_pb",4634102272.0,21.359081,36.024647,2.411,10.351759999999999,2.27544,0.41297,0.23589,444938752.0,0.0087,3.0
LRCX,False,73.83919872451855,"graham_pe,graham_pe_times_pb",391488241664.0,54.315968,31.389584,2.629,0.33049,0.65066004,0.50469,0.37390998,3090484480.0,0.0033,4.0
AGX,False,73.81442024491592,"graham_pe,graham_pe_times_pb,munger_gross_margin",6262257664.0,40.79361,13.226246,1.53,0.02023,0.38521,0.20743999,0.15602,416462240.0,0.0044,4.0
PAYC,False,73.79207307418163,"graham_current_ratio,graham_debt_to_equity,graham_pe,graham_pe_times_pb",10388107264.0,24.389418,17.543005,1.074,1.71969,0.41089,0.88055,0.31721002,423724992.0,0.006500000000000001,4.0
RELY,False,73.6848854308889,"graham_earnings_stability,graham_pe_times_pb",5527070720.0,19.058395,4.9042077,3.181,0.03396,0.32246,0.61548,0.14324,196120992.0,,1.0
AMAT,False,73.65944070910295,"graham_pe,graham_pe_times_pb",377799999488.0,41.504795,14.742807,2.423,0.28666,0.41068,0.49398,0.33736,3075375104.0,0.0044,4.0
ADEA,False,73.35879828035851,"graham_earnings_stability,graham_pe,graham_pe_times_pb",3013956608.0,25.073393,6.314695,3.247,0.82832,0.27878,1.0,0.31948,195100624.0,0.0074,3.0
LAMR,False,73.30761290820664,"graham_current_ratio,graham_debt_to_equity,graham_pe,graham_pe_times_pb",15444690944.0,27.906422,15.726398,0.627,5.0011399999999995,0.59433,0.67430997,0.33283,558694400.0,0.0421,4.0
DAVE,False,73.12543035560901,"graham_debt_to_equity,graham_earnings_stability,graham_pe,graham_pe_times_pb",4640453120.0,23.824492,22.321756,4.223,1.29139,1.04779,0.71748,0.32945,167170368.0,,2.0
MA,False,73.12025622759823,"graham_current_ratio,graham_debt_to_equity,graham_pe,graham_pe_times_pb",522189504512.0,32.82489,93.198875,1.061,4.39583,2.41202,1.0,0.61108,16961250304.0,0.0058,4.0
KTB,False,73.07147561904763,"graham_debt_to_equity,graham_pe_times_pb",4340590592.0,16.076923,7.017141,1.831,2.05768,0.49523997,0.49308997,0.15482001,440592512.0,0.0265,4.0
QCOM,False,72.87749637012311,graham_pe_times_pb,172667994112.0,18.476,6.178201,2.016,0.5521,0.33754003,0.54226,0.18528,10241000448.0,0.0229,4.0
SPG,False,72.8255895075113,"graham_current_ratio,graham_debt_to_equity,graham_pe_times_pb",82909765632.0,15.412844,14.699152,0.266,5.03504,1.20508,0.81426,0.46023998,2595271168.0,0.0406,4.0
LNTH,False,72.71463384370051,"graham_pe,graham_pe_times_pb",6589572096.0,24.151915,5.0228868,3.06,0.47642,0.22215,0.60143,0.25817,451656000.0,,4.0
APP,False,72.69356281069803,"graham_debt_to_equity,graham_earnings_stability,graham_pe,graham_pe_times_pb",103331717120.0,23.733665,32.73002,4.3,1.1113,2.03686,0.88464,0.77678,3179956224.0,,3.0
HL,False,72.64652524902205,"graham_earnings_stability,graham_pe,graham_pe_times_pb",13947463680.0,25.054218,5.2170095,5.197,0.008020000000000001,0.22173999,0.61395,0.4427,342344736.0,0.0007000000000000001,2.0
TRV,False,72.50983504761905,graham_current_ratio,77614940160.0,9.99785,2.3436496,0.323,0.27378,0.26511,0.34730998,0.23698,14775124992.0,0.013500000000000002,4.0
APPF,False,72.43547252107354,"graham_earnings_stability,graham_pe,graham_pe_times_pb",7879395328.0,50.67768,14.975431,3.831,0.06799000000000001,0.3209,0.63532,0.18845,198919872.0,,3.0
LYFT,False,72.36834757619047,"graham_current_ratio,graham_earnings_stability",6618776576.0,2.5451238,2.1927514,0.586,0.42738,1.52579,0.3802,0.025799999,1153134464.0,,2.0
CNS,False,72.31483084494023,"graham_pe,graham_pe_times_pb",4292155392.0,25.683077,7.2816887,6.638,0.19326000000000002,0.27329,0.47300997,0.34554002,156940496.0,0.0323,4.0
MSFT,False,72.28837855089671,"graham_current_ratio,graham_pe,graham_pe_times_pb",3670818684928.0,27.54039,8.299337,1.23,0.29118,0.34039003,0.67944,0.45111,16545500160.0,0.0074,4.0
MCO,False,72.20433490723585,"graham_current_ratio,graham_debt_to_equity,graham_pe,graham_pe_times_pb",89499066368.0,32.81238,29.586935,1.19,2.4068199999999997,0.76932,0.74974996,0.49473998,2579124992.0,0.008,4.0
ABNB,False,72.17448779840996,"graham_current_ratio,graham_pe,graham_pe_times_pb",113481859072.0,43.269405,14.33694,1.408,0.32004,0.34542,0.82901,0.21009001,3206874880.0,,4.0
CART,False,72.05421653052699,"graham_earnings_stability,graham_pe,graham_pe_times_pb",11941931008.0,28.188524,5.177138,2.279,0.01348,0.16001,0.72577006,0.14094,917875008.0,,2.0
HAS,False,72.00087573752262,"graham_debt_to_equity,graham_earnings_stability,graham_pe_times_pb",13757476864.0,17.355873,19.539263,1.661,5.310420000000001,1.5956,0.63822,0.22157,688150016.0,0.028900000000000002,0.0
TPR,False,71.99434111903368,"graham_debt_to_equity,graham_pe_times_pb",25926899712.0,17.885832,37.646206,1.752,5.71608,1.97135,0.76595,0.19823,1399924992.0,0.014199999999999999,4.0
HALO,False,71.82512999227653,"graham_debt_to_equity,graham_pe,graham_pe_times_pb",12355392512.0,31.923754,86.465454,2.709,15.17687,1.73674,0.76271003,0.59803003,337308640.0,,4.0
ACGL,False,71.58950465476191,graham_current_ratio,34488737792.0,7.913928,1.4804298,0.589,0.17836,0.19936001,0.38758,0.26584998,4302125056.0,,4.0
DOCU,False,71.56460789285714,"graham_current_ratio,graham_earnings_stability,graham_pe,graham_pe_times_pb",11366932480.0,38.655846,6.3155103,0.665,0.10074999999999999,0.16440001,0.79541,0.13407,1250368768.0,,3.0
PGR,False,71.52014523809524,"graham_current_ratio,graham_pe_times_pb,munger_gross_margin",129634705408.0,11.199046,3.7751513,0.293,0.24428,0.34943,0.18521,0.18208,15114500096.0,0.0018,4.0
RMD,False,71.47841900559635,"graham_earnings_stability,graham_pe,graham_pe_times_pb",33866113024.0,22.106403,5.15876,3.1,0.12542,0.24269,0.61618,0.30857,939248256.0,0.011200000000000002,0.0
COCO,False,71.34027777648348,"graham_pe,graham_pe_times_pb",3677266688.0,35.110497,9.098067,3.356,0.03508,0.31370002,0.41127998,0.29209998,104597248.0,,4.0
WLY,False,71.30258949035988,"graham_current_ratio,graham_earnings_stability,graham_pe_times_pb",2722959104.0,12.894231,3.2158272,0.539,0.9074899999999999,0.27694,0.74262,0.24714,202073248.0,0.0264,2.0
GGG,False,71.2909652683836,"graham_pe,graham_pe_times_pb",12921486336.0,25.089622,5.121975,2.992,0.0207,0.21240999,0.52642,0.29729,536623264.0,0.015,4.0
RLI,False,71.26890415680953,"graham_current_ratio,graham_pe_times_pb",5947807744.0,13.615545,3.3167858,1.06,0.18189,0.25164,0.35513002,0.36861,316104256.0,0.0111,4.0
ULS,False,71.26054979600951,"graham_current_ratio,graham_pe,graham_pe_times_pb",15122273280.0,30.252016,9.496836,1.425,0.29383,0.38712,0.50413,0.18382,420500000.0,0.0078000000000000005,4.0
YELP,False,71.20113646428572,graham_size,1256745472.0,11.242719,2.0519183,1.749,0.19131,0.18190001,0.89647,0.12666,283744640.0,,4.0
CPRI,False,71.11471432857144,"graham_size,graham_current_ratio,graham_debt_to_equity,graham_earnings_stability,graham_pe_times_pb",1531455616.0,17.275642,11.090535,1.189,9.73427,1.4461501,0.6271,0.026010001,192624992.0,,1.0
GPOR,False,71.07891512320091,"graham_current_ratio,graham_earnings_stability",3151155968.0,6.6702166,1.6970541,0.576,0.5047999999999999,0.27411,0.68134004,0.49495,102005000.0,,1.0
CHRD,False,70.95208095238095,"graham_current_ratio,munger_roe",7719373824.0,9.542089,0.93210065,1.221,0.17981999999999998,0.10312,0.4811,0.34717,961228032.0,0.0369,4.0
AVGO,False,70.89076774276563,"graham_pe,graham_pe_times_pb",1686966501376.0,59.19616,19.239553,2.238,0.7401800000000001,0.37280998,0.76284,0.48988,27212249088.0,0.0073,4.0
CL,False,70.83611730610659,"graham_current_ratio,graham_debt_to_equity,graham_pe,graham_pe_times_pb",72957255680.0,36.031494,309.18918,1.026,13.88163,2.67367,0.60431,0.20966,3458374912.0,0.0232,4.0
ORI,False,70.77869242857142,graham_current_ratio,10250035200.0,9.3103075,1.6766716,0.294,0.37518,0.18571,0.63918,0.17448999,1418687488.0,0.029900000000000003,4.0
LAUR,False,70.7598430111397,"graham_current_ratio,graham_pe_times_pb",5321257984.0,17.47964,4.662081,0.712,0.643,0.29318002,0.36800998,0.36278,343739264.0,,4.0
BYD,False,70.73663225881664,"graham_current_ratio,graham_debt_to_equity",5879276032.0,3.590062,2.3660817,0.774,1.3047,0.93084997,0.59126,0.20891,283961504.0,0.009899999999999999,4.0
DOCS,False,70.40086328451054,"graham_pe,graham_pe_times_pb",4464170496.0,29.815477,4.9165688,6.078,0.01056,0.17206,0.88068,0.21539,239703872.0,,4.0
RAMP,False,70.39040899570868,"graham_earnings_stability,graham_pe_times_pb",2289539072.0,15.757321,2.3423312,2.657,0.03388,0.16055,0.70816004,0.1249,169467120.0,,1.0
NTAP,False,70.35889408568964,"graham_current_ratio,graham_debt_to_equity,graham_pe,graham_pe_times_pb",37320785920.0,29.90424,27.635283,1.436,2.02295,1.06734,0.70744,0.27259,1295250048.0,0.0111,4.0
STZ,False,70.34083333333334,"graham_current_ratio,graham_debt_to_equity,graham_earnings_stability,graham_pe_times_pb",23022716928.0,12.837142,2.7995512,0.913,1.23205,0.2369,0.5272,0.35931,2210487552.0,0.0305,1.0
RRC,False,70.27375334058704,graham_current_ratio,9851928576.0,11.646409,2.0921,0.649,0.21589,0.19475001,0.52119,0.36101002,454483360.0,0.0098,4.0
TTD,False,70.13915714285716,graham_pe_times_pb,6248749056.0,15.831667,2.5530045,1.724,0.16863,0.15441,0.76872003,0.14205,582992768.0,,4.0
UNP,False,69.90626922507893,"graham_current_ratio,graham_debt_to_equity,graham_pe,graham_pe_times_pb",185197101056.0,25.242104,9.531001,0.986,1.50772,0.39696,0.56285,0.40982,4720750080.0,0.0183,4.0
MORN,False,69.80568017536942,"graham_current_ratio,graham_debt_to_equity,graham_pe,graham_pe_times_pb",8051162624.0,20.420551,7.864131,1.056,1.86052,0.3196,0.62240005,0.24215999,497800000.0,0.009300000000000001,4.0
THC,False,69.67218007142857,"graham_current_ratio,graham_debt_to_equity,graham_pe_times_pb",22259478528.0,10.681994,4.7780776,1.406,1.5227600000000001,0.37337002,0.41661,0.18159,2247875072.0,,4.0
ACAD,False,69.61307554013385,"graham_earnings_stability,graham_pe_times_pb",5065157120.0,13.264574,3.8967197,3.388,0.05652,0.35743,0.62061,0.12286,68647000.0,,2.0
META,False,69.5903970400692,"graham_pe,graham_pe_times_pb",1445353095168.0,21.361446,5.5341396,2.226,0.42997,0.29848,0.81747,0.34827,21553625088.0,0.0037,4.0
MNST,False,69.5839448676975,"graham_pe,graham_pe_times_pb",94798512128.0,44.805553,10.12343,3.729,0.00992,0.25704,0.55546004,0.2918,1681231104.0,,4.0
NBIX,False,69.4610486606258,"graham_pe,graham_pe_times_pb",15553341440.0,22.304663,4.20889,1.872,0.12497,0.22089,0.6448,0.2219,638237504.0,,4.0
AAPL,False,69.3547507911287,"graham_current_ratio,graham_pe,graham_pe_times_pb",4547108929536.0,35.771526,42.332882,1.003,0.78445,1.4875101,0.48653,0.32623002,107721875456.0,0.0034999999999999996,4.0
JAZZ,False,69.34587142857143,"graham_earnings_stability,graham_pe_times_pb",16516214784.0,17.426712,3.4336033,1.779,0.91828,0.22114,0.91353995,0.26914,1429392896.0,,0.0
NXPI,False,69.31769702472607,graham_pe_times_pb,56811327488.0,19.028294,4.9858365,2.04,0.93325,0.27921,0.56102,0.30406,3555000064.0,0.018000000000000002,4.0
RDN,False,69.24707304711534,munger_roe,4864057856.0,9.077777,1.0211649,1.588,0.27967,0.12026,0.69302005,0.31627,308735264.0,0.0277,4.0
VRTX,False,69.23857519853436,"graham_earnings_stability,graham_pe,graham_pe_times_pb",138971791360.0,31.916521,6.864842,3.185,0.09766999999999999,0.23542999,0.54957,0.38055,2627887616.0,,1.0
ADP,False,69.23447702679853,"graham_current_ratio,graham_pe,graham_pe_times_pb",112238641152.0,25.825413,18.635313,1.051,0.9143600000000001,0.72239,0.48653,0.23459,5243049984.0,0.024,4.0
PCTY,False,69.20856661380077,"graham_current_ratio,graham_pe,graham_pe_times_pb",8038130176.0,30.792683,6.867322,1.089,0.10887000000000001,0.21972999,0.69281995,0.19062,359865120.0,,4.0
AMT,False,69.18195489958148,"graham_current_ratio,graham_debt_to_equity,graham_pe,graham_pe_times_pb",83462766592.0,24.638239,22.43768,0.352,4.38721,0.33914003,0.73774004,0.45411,2920012544.0,0.0391,4.0
ENR,False,69.1000482857143,"graham_size,graham_debt_to_equity,graham_earnings_stability,graham_pe_times_pb",1524904576.0,18.714285,7.5058985,2.072,16.88484,0.42183998,0.38998002,0.14235,234537504.0,0.0547,3.0
MMM,False,68.97013185930223,"graham_current_ratio,graham_debt_to_equity,graham_earnings_stability,graham_pe,graham_pe_times_pb",92778463232.0,31.840706,31.42907,1.24,4.37937,0.81891996,0.39408,0.20354,6350125056.0,0.0174,2.0
OXY,False,68.96190578132905,"graham_current_ratio,graham_pe_times_pb,munger_roe",58578747392.0,17.286135,1.7508738,1.411,0.34511000000000003,0.10629,0.73318,0.45443,3788124928.0,0.0192,4.0
CHTR,False,68.87087845238095,"graham_current_ratio,graham_debt_to_equity",20689018880.0,3.9944055,1.0800933,0.361,4.41578,0.27201998,0.55189997,0.23503,2198374912.0,,4.0
LQDA,False,68.86157107387606,"graham_earnings_stability,graham_pe,graham_pe_times_pb",6356026368.0,50.72143,32.424656,2.312,0.93738,1.3181599,0.92542,0.49812,74296128.0,,0.0
CNK,False,68.84605271552259,"graham_current_ratio,graham_debt_to_equity,graham_earnings_stability,graham_pe,graham_pe_times_pb",4352606208.0,20.978212,8.690349,0.845,5.87527,0.45816,0.49416,0.21705,227587504.0,0.0096,3.0
GRMN,False,68.7909402383679,"graham_pe,graham_pe_times_pb",55426871296.0,29.659443,6.1405005,3.028,0.02513,0.21886998,0.60081,0.30438998,1043656256.0,0.0146,4.0
FDS,False,68.75563505587252,"graham_current_ratio,graham_pe_times_pb",10452001792.0,19.34694,5.173579,0.683,0.7728400000000001,0.27032,0.51382,0.30542,621161344.0,0.015700000000000002,4.0
CBOE,False,68.61015661476952,"graham_pe,graham_pe_times_pb",32412254208.0,24.153307,5.7682085,1.565,0.2809,0.26297,0.54078996,0.34634,678249984.0,0.0111,4.0
CTAS,False,68.57924619695736,"graham_current_ratio,graham_pe,graham_pe_times_pb",82558984192.0,42.01833,16.061502,1.434,0.52646,0.40714002,0.50668997,0.23688,1464424832.0,0.0102,4.0
KRYS,False,68.57493899935811,"graham_earnings_stability,graham_pe,graham_pe_times_pb",10597567488.0,44.86717,7.7965293,8.318,0.00651,0.20124,0.94639,0.48999,151739744.0,,3.0
AAMI,False,68.48115891675218,"graham_current_ratio,graham_debt_to_equity,graham_pe,graham_pe_times_pb",3336427008.0,33.21908,36.26929,1.048,1.9331800000000001,1.0676999,0.40853,0.17612,231087504.0,0.0043,4.0
RRR,False,68.45736889997679,"graham_current_ratio,graham_debt_to_equity,graham_pe,graham_pe_times_pb",6149349888.0,21.305655,20.411306,0.677,12.456679999999999,1.08938,0.67221,0.26652,173044752.0,0.0174,4.0
HIG,True,68.36820313095238,,37657976832.0,9.594547,1.9566929,1.772,0.22329999999999997,0.22061001,0.37868,0.17615,5507500032.0,0.0174,4.0
FANG,False,68.31805015,"graham_current_ratio,graham_pe,graham_pe_times_pb,munger_roe",56546787328.0,38.214825,1.4880481,0.467,0.28678000000000003,0.034930002,0.72353995,0.48466998,5035500032.0,0.022000000000000002,4.0
KO,False,68.28738260669117,"graham_current_ratio,graham_debt_to_equity,graham_pe,graham_pe_times_pb",390413287424.0,27.249249,10.801095,1.305,1.1551900000000002,0.42054,0.61888003,0.34873,5218749952.0,0.0231,4.0
RMBS,False,68.27809755169481,"graham_earnings_stability,graham_pe,graham_pe_times_pb",9802615808.0,40.28889,6.70389,9.754,0.014870000000000001,0.17789,0.80357003,0.36671,202302368.0,,3.0
KLAC,False,68.23326229606307,"graham_pe,graham_pe_times_pb",237281968128.0,49.485012,37.383698,2.876,0.9688,0.87496,0.61301,0.42486,2624587520.0,0.005,4.0
NSSC,False,68.2118254332027,"graham_size,graham_pe,graham_pe_times_pb",1289809792.0,30.05,7.246785,4.899,0.12493,0.2393,0.5899,0.17812,50773248.0,0.0167,4.0
MAS,False,68.10008942935559,"data_missing:debt_to_equity,graham_pe_times_pb",14409469952.0,16.837557,-39.47866,1.865,,58.625,0.37205002,0.23645,897124992.0,0.0176,4.0
EQT,False,67.95747821258979,"graham_current_ratio,munger_roe",35013259264.0,12.987239,1.3861717,0.673,0.19594999999999999,0.11078,0.80748004,0.23372999,2460903936.0,0.012199999999999999,4.0
TXN,False,67.845105615077,"graham_pe,graham_pe_times_pb",237818839040.0,39.57599,13.203367,4.857,0.78036,0.35176,0.58325,0.42576998,3545250048.0,0.0218,4.0
SM,False,67.82334999999999,graham_current_ratio,8456901120.0,6.304078,1.0807649,0.615,0.95136,0.16125,0.86457,0.60323,1472082944.0,0.024700000000000003,4.0
USLM,False,67.79202985951225,"graham_pe,graham_pe_times_pb",3450779904.0,25.701925,5.206016,27.543,0.0046700000000000005,0.21354,0.55302,0.41013,47104248.0,0.002,4.0
DVA,False,67.67128571428572,"graham_current_ratio,graham_debt_to_equity,graham_pe_times_pb",11608820736.0,15.314564,-15.118699,1.467,12.419860000000002,0.88475,0.32364,0.16061,1042460032.0,,4.0
EBAY,False,67.66711938201291,"graham_current_ratio,graham_debt_to_equity,graham_earnings_stability,graham_pe,graham_pe_times_pb",46885199872.0,22.134453,10.050558,1.019,1.53012,0.46611,0.72052,0.2157,1579624960.0,0.011699999999999999,3.0
AFL,False,67.66305866666667,graham_current_ratio,58687246336.0,12.6278305,1.9396209,0.892,0.5336500000000001,0.16908,0.50888,0.25722998,5152249856.0,0.021,4.0
LLY,False,67.58351117082596,"graham_current_ratio,graham_debt_to_equity,graham_pe,graham_pe_times_pb",1070819835904.0,40.408226,31.612457,1.355,1.6207099999999999,1.02286,0.83399004,0.54222,11065900032.0,0.005600000000000001,4.0
FFIV,False,67.57271431696654,"graham_pe,graham_pe_times_pb",22084034560.0,31.0749,5.747741,1.665,0.06546,0.1983,0.81865996,0.24649,717135488.0,,4.0
IPAR,False,67.55703829164595,"graham_pe,graham_pe_times_pb",3728761600.0,22.26195,4.283664,3.31,0.1512,0.19105,0.58882,0.14351,219527504.0,0.0275,4.0
UPWK,False,67.55675671428573,"graham_size,graham_current_ratio,graham_earnings_stability",1080414080.0,11.089744,1.9154118,1.424,0.6206900000000001,0.16695,0.77242,0.21806999,156381744.0,,3.0
ACN,False,67.49053571428571,"graham_current_ratio,graham_pe_times_pb",111752863744.0,14.586261,3.50377,1.339,0.25035,0.24406,0.32013,0.16964,12089380864.0,0.0349,4.0
WU,False,67.28571495238096,"graham_current_ratio,graham_debt_to_equity",2270479104.0,5.870968,2.5000002,0.277,2.94873,0.43975,0.35094002,0.13038,357275008.0,0.1281,4.0
FIZZ,False,67.25892430488342,graham_pe_times_pb,3101369088.0,16.90306,4.840737,4.386,0.09271000000000001,0.34018,0.37039003,0.16876,106155752.0,,4.0
WDFC,False,67.21864735194052,"graham_pe,graham_pe_times_pb",2893349376.0,32.813118,10.393511,2.654,0.41048,0.33306,0.55821997,0.20673001,68620496.0,0.0191,4.0
WEN,False,67.16214285714285,"graham_size,graham_debt_to_equity,graham_pe_times_pb",1697831040.0,13.493939,14.672158,1.897,33.806149999999995,1.08042,0.33111,0.14292,173339744.0,0.030699999999999998,4.0
WRB,False,67.04367670238096,"graham_current_ratio,graham_pe_times_pb",25521891328.0,14.1460905,2.7535245,0.406,0.31527,0.20207001,0.43785998,0.16385001,3045504768.0,0.0058,4.0
FAST,False,66.94584082404039,"graham_pe,graham_pe_times_pb",58533851136.0,44.35652,14.385222,4.18,0.10851000000000001,0.34334,0.44701,0.21023001,916124992.0,0.0191,4.0
CME,False,66.8743430492416,"graham_current_ratio,graham_pe,graham_pe_times_pb",100854792192.0,23.789654,3.7997184,1.018,0.14587,0.15802,1.0,0.65036005,2909012480.0,0.018799999999999997,4.0
SNA,False,66.79972843491103,"graham_pe,graham_pe_times_pb",20654639104.0,20.362059,3.4184887,3.433,0.21594999999999998,0.17932,0.5183,0.25397,1109474944.0,0.024700000000000003,4.0
AON,False,66.73515308269799,"graham_current_ratio,graham_debt_to_equity,graham_pe_times_pb",75038310400.0,19.511583,7.813425,1.033,1.6348099999999999,0.44699,0.48154,0.23457001,3190874880.0,0.0092,4.0
CPRT,False,66.66666654026866,"graham_pe,graham_pe_times_pb",32135968768.0,20.720497,3.5201013,7.613,0.010589999999999999,0.17607,0.47522998,0.37530997,999977152.0,,4.0
GMED,False,66.625203915495,"graham_pe,graham_pe_times_pb,munger_roe",11077279744.0,21.374352,2.36526,4.622,0.02347,0.118140005,0.68974996,0.24755,554194880.0,,4.0
GEV,False,66.5768012957942,"graham_current_ratio,graham_earnings_stability,graham_pe,graham_pe_times_pb,munger_gross_margin",249161728000.0,27.282736,20.838066,0.85,0.28364,0.82577,0.2057,0.07466,15722125312.0,0.0022,2.0
MC,False,66.48103657142858,"data_missing:free_cash_flow,graham_current_ratio,graham_earnings_stability,graham_pe,graham_pe_times_pb",5023425536.0,23.792982,9.931166,1.167,0.40954999999999997,0.41454,0.92286,0.17790002,,0.0382,2.0
PLMR,False,66.45355714285714,"graham_current_ratio,graham_pe_times_pb,munger_gross_margin",3485777152.0,17.80242,3.5358658,0.541,0.30152,0.22226,0.27354,0.23774,569934144.0,0.0137,4.0
GNTX,True,66.4508728754799,,5040569856.0,12.523809,1.9649677,3.038,0.00441,0.16354999,0.35018003,0.21757,368035744.0,0.0203,4.0
VEEV,False,66.38409426758669,"graham_pe,graham_pe_times_pb,munger_roe",39916380160.0,43.49115,5.4815073,4.738,0.014110000000000001,0.13934,0.75021005,0.30932,1259549056.0,,4.0
IIPR,False,66.30231977796481,"graham_size,munger_roe",1590590976.0,13.052035,0.923365,4.581,0.32892000000000005,0.073850006,0.88355005,0.48824,99872376.0,0.1319,4.0
RL,False,66.26339988433358,"graham_debt_to_equity,graham_pe,graham_pe_times_pb",21513658368.0,22.73772,7.9072137,2.045,1.10373,0.37537,0.70268995,0.18395,880087488.0,0.011000000000000001,4.0
SSD,False,66.06967320667422,"graham_pe,graham_pe_times_pb",7722333184.0,20.728271,3.765087,3.288,0.21084,0.18722,0.45841,0.24405001,446386496.0,0.0064,4.0
LTC,False,66.05935,munger_roe,2192878336.0,14.425532,2.072127,20.833,0.85301,0.11806,0.60456,0.52867,256029248.0,0.055999999999999994,4.0
YETI,False,66.00685248561564,graham_pe_times_pb,3115526912.0,18.971111,4.897877,1.751,0.41515,0.25320998,0.59208,0.19327,127417000.0,,4.0
IBM,False,66.00441028593717,"graham_current_ratio,graham_debt_to_equity,graham_pe,graham_pe_times_pb",219875328000.0,20.726465,6.3820825,0.791,1.8897,0.34460998,0.58098,0.16548,12049750016.0,0.028900000000000002,4.0
MUR,False,65.9403472092546,"graham_current_ratio,munger_roe",4958835712.0,17.121286,0.9427558,0.854,0.41896,0.06461,0.82672995,0.3793,344718368.0,0.0404,4.0
EXE,False,65.91063041812444,"graham_current_ratio,graham_earnings_stability,munger_roe",23421700096.0,8.440085,1.1820706,0.959,0.19207000000000002,0.14893,0.47069,0.26323998,1466249984.0,0.024300000000000002,1.0
PATH,False,65.8358370228527,"graham_earnings_stability,graham_pe,graham_pe_times_pb",8678514688.0,27.916666,4.58151,2.307,0.04362,0.18181999,0.8305,0.07274,511553632.0,,1.0
PJT,False,65.82422857142858,"data_missing:free_cash_flow,graham_pe,graham_pe_times_pb",7397856256.0,23.693043,14.239915,1.706,0.42652999999999996,0.37633,0.95252,0.20994,,0.005699999999999999,4.0
IESC,False,65.59597210625286,"graham_pe,graham_pe_times_pb,munger_gross_margin",12466469888.0,27.808445,5.0708323,1.63,0.062329999999999997,0.44522998,0.26305,0.14364,329443360.0,,4.0
PEP,False,65.39573764597395,"graham_current_ratio,graham_debt_to_equity,graham_pe_times_pb",193411940352.0,18.55701,8.75255,0.934,2.3894900000000003,0.51508,0.54171,0.16836001,7831875072.0,0.0416,4.0
UBER,False,65.39065021024126,"graham_current_ratio,graham_earnings_stability,graham_pe_times_pb",164507795456.0,17.662281,6.0149364,0.843,0.51872,0.3716,0.40752,0.13317999,7244749824.0,,3.0
MSI,False,65.28691984332733,"graham_current_ratio,graham_debt_to_equity,graham_pe,graham_pe_times_pb",79887163392.0,37.68306,29.899038,1.099,3.5785,0.91567004,0.52112,0.27354,1979000064.0,0.01,4.0
EPAC,False,65.25051024787145,"graham_size,graham_pe,graham_pe_times_pb",1939053952.0,21.375,4.5363555,2.67,0.43579999999999997,0.21645,0.50092,0.2469,102963752.0,0.0011,4.0
OLED,False,65.2324822881853,"graham_pe,graham_pe_times_pb,munger_roe",4118513664.0,21.64191,2.4597805,8.498,0.01288,0.115159996,0.73767996,0.35257998,111837128.0,0.022400000000000003,4.0
MKTX,False,65.21374999999999,"graham_pe_times_pb,munger_fcf",5723771904.0,19.201889,4.619798,7.465,0.14275000000000002,0.2314,0.61662996,0.41862,-457790016.0,0.0192,4.0
BR,False,65.1404773227261,"graham_current_ratio,graham_debt_to_equity,graham_pe_times_pb",21329702912.0,19.270638,7.4013724,1.236,1.23939,0.40916002,0.31780002,0.24609,1194499968.0,0.0236,4.0
CSCO,False,65.08639673525954,"graham_current_ratio,graham_pe,graham_pe_times_pb",442544259072.0,33.717716,8.817339,0.931,0.58731,0.27319,0.64564,0.27701,11568000000.0,0.0151,4.0
VIRT,False,65.0,"data_missing:free_cash_flow,graham_current_ratio,graham_debt_to_equity,graham_pe_times_pb",5792524288.0,10.89701,3.2903645,1.108,4.15015,0.53617,0.65787005,0.36321,,0.0147,4.0
ORCL,False,65.0,"graham_current_ratio,graham_debt_to_equity,graham_pe,graham_pe_times_pb,munger_fcf",430759477248.0,25.260946,11.46816,1.115,3.8887,0.53376,0.65822,0.36202,-24536750080.0,0.0138,4.0
AOS,False,64.98572759708019,graham_pe_times_pb,8547290112.0,17.518106,4.6406436,1.594,0.36766,0.27133,0.38592,0.18929,484612512.0,0.0232,4.0
ODFL,False,64.97035560566825,"graham_pe,graham_pe_times_pb",41300254720.0,38.302887,9.08728,1.889,0.0044,0.24818,0.39566,0.28835,970776000.0,0.0058,4.0
OVV,False,64.893381883562,"graham_current_ratio,munger_roe",17893255168.0,18.069834,1.556058,1.008,0.43734,0.08411,0.53859,0.36176997,1230499968.0,0.018600000000000002,4.0
ANF,False,64.87539042428638,"graham_current_ratio,graham_pe_times_pb",6238212096.0,14.011974,4.655018,1.448,0.9546399999999999,0.39224,0.61657,0.07982,283367872.0,,4.0
NATL,False,64.85933333333334,"graham_current_ratio,graham_debt_to_equity,graham_earnings_stability,graham_pe_times_pb,munger_gross_margin",3429187328.0,17.986435,7.3811035,1.026,6.342670000000001,0.48529,0.25345,0.14959,477875008.0,,2.0
SPGI,False,64.84392691260807,"graham_current_ratio,graham_pe,graham_pe_times_pb,munger_roe",128500375552.0,26.562464,4.079266,0.954,0.42979999999999996,0.14255,0.70903,0.4479,5448249856.0,0.009000000000000001,4.0
MPWR,False,64.82610905883874,"graham_pe,graham_pe_times_pb",64006791168.0,79.27328,16.430887,4.975,0.00486,0.21979,0.55195,0.30989,444316128.0,0.0060999999999999995,4.0
VNT,False,64.75923437912529,"graham_current_ratio,graham_debt_to_equity,graham_pe_times_pb",4566677504.0,13.95752,3.781171,1.252,1.6099199999999998,0.289,0.47235,0.19387,347624992.0,0.003,4.0
OGN,False,64.71389285714287,"graham_debt_to_equity,graham_pe_times_pb",3609566720.0,17.621796,3.587836,1.954,8.50199,0.24037,0.53403,0.20732,490750016.0,0.0058,4.0
FAF,False,64.64292142857143,"graham_current_ratio,munger_roe",7525280768.0,10.222608,1.3375132,0.396,0.49421,0.13846,0.63984,0.15567,2337762560.0,0.03,4.0
JNJ,False,64.62795300272734,"graham_current_ratio,graham_pe,graham_pe_times_pb",652660768768.0,31.38181,7.6755757,1.089,0.57709,0.25742,0.6814,0.2919,16885125120.0,0.0196,4.0
TRNO,False,64.50550430301253,"graham_current_ratio,graham_pe_times_pb,munger_roe",7427417088.0,18.471546,1.6565403,0.62,0.21396,0.0928,0.76206,0.41769,319524640.0,0.0333,4.0
EVR,False,64.36697857142858,"data_missing:free_cash_flow,graham_pe_times_pb",11162369024.0,16.352112,6.005462,1.827,0.50183,0.39504,0.93934995,0.16955,,0.0123,4.0
DFIN,False,64.31420639285714,"graham_size,graham_current_ratio,graham_pe,graham_pe_times_pb,munger_roe",1171370624.0,30.938313,3.0378094,1.326,0.5464600000000001,0.08590999,0.64206004,0.25825,132825000.0,,4.0
PG,False,64.3092373070457,"graham_current_ratio,graham_pe,graham_pe_times_pb",337332502528.0,21.882933,6.313026,0.677,0.6448999999999999,0.30290002,0.50873,0.22084999,13280874496.0,0.029900000000000003,4.0
GL,False,64.22035572619048,graham_current_ratio,13299180544.0,11.506316,2.1661658,0.795,0.55675,0.20944999,0.33905998,0.24642,1163503360.0,0.0077,4.0
CVSA,False,64.19084814762917,"graham_current_ratio,graham_pe_times_pb",4683741696.0,17.893368,3.2381043,1.093,0.62613,0.18569,0.57338,0.19256,323942752.0,,4.0
FTI,False,63.778691873460566,"graham_current_ratio,graham_earnings_stability,graham_pe,graham_pe_times_pb,munger_gross_margin",29584881664.0,26.563381,9.057509,1.08,0.37898000000000004,0.35814,0.22966999,0.1769,1463362560.0,0.0027,3.0
KEYS,False,63.76591277857189,"graham_pe,graham_pe_times_pb",55531421696.0,44.124493,8.794908,2.024,0.4179,0.20897,0.64692,0.24972999,1923374976.0,,4.0
STRL,False,63.74488596920852,"graham_current_ratio,graham_pe,graham_pe_times_pb,munger_gross_margin",14937290752.0,35.233044,11.009086,1.107,0.24222000000000002,0.40005,0.23807,0.20055,349384384.0,,4.0
ITW,False,63.73838955851383,"graham_current_ratio,graham_debt_to_equity,graham_pe,graham_pe_times_pb",81222115328.0,25.832428,28.222664,1.109,3.3485300000000002,1.04618,0.44162,0.26900998,2432999936.0,0.024399999999999998,4.0
VSNT,False,63.62632814285715,munger_roe,5530619392.0,7.2917438,0.6815181,2.38,0.38869,0.08063,0.56526,0.22323999,1979750016.0,0.037599999999999995,4.0
ROL,False,63.585919415770455,"graham_current_ratio,graham_pe,graham_pe_times_pb",17869740032.0,33.763634,12.500841,0.629,0.78015,0.37008998,0.52366,0.18799,501737504.0,0.020099999999999996,4.0
WSM,False,63.4775700706665,"graham_current_ratio,graham_pe,graham_pe_times_pb",27081719808.0,25.784754,14.483627,1.331,0.79878,0.54007,0.46062002,0.16173,885462144.0,0.013000000000000001,4.0
BRO,False,63.41882495231804,"graham_current_ratio,graham_pe,graham_pe_times_pb,munger_roe",24536979456.0,23.428114,1.9231576,1.127,0.63975,0.10023,0.56281,0.41838002,1642749952.0,0.009000000000000001,4.0
LPG,False,63.417049999999996,munger_fcf,2085655680.0,6.465517,1.6867344,3.256,0.5226299999999999,0.28342,0.72923,0.59928,-119725848.0,0.066,4.0
LZ,False,63.38733608928572,"graham_size,graham_current_ratio,graham_earnings_stability,graham_pe,graham_pe_times_pb,munger_roe",1005324480.0,65.22222,7.73386,0.667,0.11903000000000001,0.104940005,0.66700995,0.05372,124770128.0,,3.0
PYPL,False,63.37357685714286,"graham_current_ratio,graham_pe_times_pb",52866461696.0,11.593574,2.6673336,1.288,0.7175100000000001,0.24497,0.40477002,0.16966,4423124992.0,0.009000000000000001,4.0
SPSC,False,63.33241561334626,"graham_pe,graham_pe_times_pb,munger_roe",2878937600.0,38.447166,3.0841951,2.259,0.00672,0.08262,0.69821,0.16108999,176569376.0,,4.0
BX,False,63.3027515,"data_missing:free_cash_flow,graham_current_ratio,graham_pe,graham_pe_times_pb",171298127872.0,32.060402,12.717189,0.872,0.6818500000000001,0.31374002,1.0,0.54357,,0.0365,4.0
NTCT,False,63.24811428571429,"graham_earnings_stability,graham_pe,graham_pe_times_pb,munger_roe",2796323072.0,23.45122,1.6813115,1.825,0.02404,0.0754,0.79839,0.06892,226413504.0,,1.0
ADT,False,63.22632067857143,"graham_current_ratio,graham_debt_to_equity",5398832640.0,10.263888,1.5421536,0.69,2.23863,0.17212999,0.80657,0.24072,1197478400.0,0.0296,4.0
VLTO,False,63.21507893151883,"graham_debt_to_equity,graham_pe,graham_pe_times_pb",24245248000.0,25.050377,7.8418226,1.775,1.15978,0.34312,0.60183,0.21370001,807124992.0,0.0053,4.0
STRA,False,63.213164285714285,"graham_size,graham_current_ratio,munger_roe",1910294272.0,14.360601,1.1565403,1.096,0.06532,0.08151,0.49056,0.15698,154841120.0,0.0279,4.0
CDNS,False,63.17894064970171,"graham_pe,graham_pe_times_pb",93370613760.0,67.167656,13.594289,1.743,0.38661,0.23229,0.85871005,0.28575,1609676544.0,,4.0
MSA,False,63.126574898769974,"graham_pe,graham_pe_times_pb",7277022720.0,23.57875,5.208472,3.236,0.45911,0.2366,0.47571,0.24591999,316457248.0,0.0115,4.0
MLI,False,62.883558749809396,"graham_pe_times_pb,munger_gross_margin",14104737792.0,16.606771,3.9756856,4.775,0.0069099999999999995,0.26325,0.28776,0.2181,524939744.0,0.011399999999999999,4.0
BCO,False,62.88261887619048,"graham_debt_to_equity,graham_pe,graham_pe_times_pb,munger_gross_margin",4617357824.0,25.949072,14.875266,1.62,10.29747,0.46236,0.26431,0.095019996,391237504.0,0.0092,4.0
OHI,False,62.86171873039215,"graham_current_ratio,graham_pe_times_pb",14874040320.0,16.782919,2.6168017,0.444,0.7147100000000001,0.16529,0.97924006,0.61487,665501376.0,0.0579,4.0
BF-B,False,62.85872951427343,graham_pe_times_pb,12972092416.0,18.477125,3.225696,3.239,0.6495000000000001,0.17846,0.6054,0.23246,739625024.0,0.032799999999999996,4.0
ALGN,False,62.82734220497959,"graham_current_ratio,graham_pe,graham_pe_times_pb,munger_roe",11396213760.0,27.850693,2.700355,1.395,0.02855,0.10155,0.70365,0.18247,584361344.0,,4.0
STX,False,62.74362689002253,"graham_debt_to_equity,graham_earnings_stability,graham_pe,graham_pe_times_pb",190442225664.0,60.399746,171.91649,1.67,1.7988,3.7152898,0.45576,0.4307,1943750016.0,0.0036,3.0
ULTA,False,62.722018260747056,"graham_current_ratio,graham_pe,graham_pe_times_pb",22872248320.0,20.009212,8.381961,1.311,0.89209,0.47449002,0.43186,0.14168,973080128.0,,4.0
THG,False,62.687021428571434,"graham_current_ratio,munger_gross_margin",7988280320.0,10.976794,2.18015,0.36,0.22982,0.21885,0.25191,0.14755,1081224960.0,0.0167,4.0
VRT,False,62.56270456230785,"graham_current_ratio,graham_pe,graham_pe_times_pb",100897693696.0,59.294113,21.205597,1.379,0.70166,0.43943,0.38039002,0.20362,2696537600.0,0.001,4.0
ANET,False,62.548019443826284,"data_missing:debt_to_equity,graham_pe,graham_pe_times_pb",246859513856.0,62.136505,16.682009,2.957,,0.31476,0.63004,0.45393002,3891512576.0,,4.0
AROC,False,62.52645565356541,"graham_current_ratio,graham_debt_to_equity,graham_pe_times_pb",5544193536.0,17.0,3.5696547,1.394,1.51872,0.22194,0.67337996,0.35931998,241304496.0,0.03,4.0
AWI,False,62.51902838276505,"graham_pe,graham_pe_times_pb",7652529664.0,24.80411,8.666954,1.519,0.65589,0.36618,0.40308997,0.21568,220824992.0,0.0075,4.0
BRX,False,62.42086359604464,"graham_current_ratio,graham_debt_to_equity,graham_pe,graham_pe_times_pb,munger_roe",9077282816.0,21.128572,3.0039606,0.596,1.76202,0.14413,0.7515,0.36018002,603135104.0,0.0417,4.0
CSL,False,62.3832170528984,"graham_debt_to_equity,graham_pe,graham_pe_times_pb",14624530432.0,20.899261,9.041568,2.6,1.78698,0.39183,0.35264,0.22849001,669737472.0,0.0138,4.0
ZWS,False,62.35749945214094,"graham_pe,graham_pe_times_pb",8175673856.0,30.615776,4.9340744,3.053,0.33181,0.16919,0.49008998,0.31365,322675008.0,0.009000000000000001,4.0
CVLT,False,62.30446725666826,"graham_debt_to_equity,graham_earnings_stability,graham_pe,graham_pe_times_pb",5467574272.0,84.567314,105.03583,2.043,17.62992,0.32773998,0.81087,0.089499995,303740256.0,,3.0
REGN,False,62.28595997437666,"graham_pe,graham_pe_times_pb,munger_roe",84898742272.0,20.39624,2.6086407,3.335,0.08535,0.14043,0.44458,0.33106,3065299968.0,0.0045000000000000005,4.0
DV,False,62.284936506320896,"graham_pe,graham_pe_times_pb,munger_roe",2062109824.0,38.014286,1.8834938,4.498,0.10217999999999999,0.05389,0.82434,0.11942001,162146880.0,,4.0
BRK-B,False,62.21010473319005,"graham_earnings_stability,munger_roe",1082267926528.0,12.705831,0.00096809637,2.891,0.17142,0.121199995,0.30332002,0.32561,71975247872.0,,3.0
TT,False,62.2018848476482,"graham_current_ratio,graham_pe,graham_pe_times_pb",101571502080.0,34.246292,11.793982,1.073,0.5340400000000001,0.36643,0.35389,0.19251,3121687552.0,0.0092,4.0
CRM,False,62.02385714285714,"graham_current_ratio,graham_debt_to_equity,graham_pe,graham_pe_times_pb",167207043072.0,23.62963,4.8840938,0.786,1.24282,0.16908,0.77643996,0.218,16552999936.0,0.0086,4.0
QTWO,False,62.0092622898923,"graham_current_ratio,graham_earnings_stability,graham_pe,graham_pe_times_pb,munger_roe",3963888128.0,45.085106,6.161078,0.945,0.06361,0.14984,0.56988996,0.1336,190320000.0,,1.0
OUT,False,61.94535740078484,"graham_current_ratio,graham_debt_to_equity,graham_earnings_stability,graham_pe,graham_pe_times_pb",5384454656.0,21.992805,7.766768,0.67,5.7364,0.35024,0.51405,0.22278,193724992.0,0.0401,2.0
CRI,False,61.906691571428574,"graham_size,graham_debt_to_equity",1233495680.0,6.2686563,1.200729,2.47,1.15325,0.20742,0.48601002,0.23683001,246791008.0,0.029500000000000002,4.0
PRGS,False,61.879214714285716,"graham_size,graham_current_ratio,graham_debt_to_equity,graham_pe,graham_pe_times_pb",1759455360.0,20.825245,3.5020409,0.809,2.6216199999999996,0.18574,0.8557,0.18547001,307682624.0,,4.0
BAH,False,61.74361904761905,"graham_debt_to_equity,graham_pe_times_pb,munger_gross_margin",8968448000.0,11.704866,7.4612226,1.595,3.4608999999999996,0.68637,0.2242,0.09964,860875008.0,0.032,4.0
COP,False,61.73862797937002,"graham_pe_times_pb,munger_roe",159081103360.0,17.539072,2.4343255,1.542,0.35639000000000004,0.1418,0.47574002,0.3151,7691375104.0,0.0255,4.0
POWL,False,61.734467561419315,"graham_pe,graham_pe_times_pb",7041508864.0,37.02682,9.312006,1.971,0.00334,0.28252,0.3008,0.20554,190403632.0,0.0019,4.0
CB,False,61.66866994190957,"graham_current_ratio,munger_roe",132869472256.0,12.212766,1.7620875,0.41,0.30940999999999996,0.14822,0.31129998,0.23527001,10488000512.0,0.011899999999999999,4.0
EPR,False,61.62970187837278,"graham_debt_to_equity,graham_pe_times_pb,munger_roe",4653991936.0,19.471155,2.01379,1.666,1.52233,0.113170005,0.91873,0.54328996,337729984.0,0.0617,4.0
LRN,True,61.57544908792381,,3544846848.0,11.946078,2.1463802,5.941,0.33448,0.21735,0.37750998,0.15981,224867120.0,,4.0
VZ,False,61.55588095238096,"graham_current_ratio,graham_debt_to_equity",208897949696.0,13.09349,2.0101953,0.604,1.8408099999999998,0.15842,0.59453,0.22999,17466624000.0,0.056299999999999996,4.0
CTSH,False,61.54564083574825,munger_roe,29326000128.0,13.304722,1.9377422,2.182,0.14479,0.14924,0.3344,0.17479,2215500032.0,0.0209,4.0
G,True,61.53895779870463,,6222313472.0,11.12012,2.388724,1.996,0.54308,0.22447,0.36456,0.15016,479428736.0,0.020099999999999996,4.0
ROP,False,61.49142404938137,"graham_current_ratio,graham_pe_times_pb,munger_roe",40780783616.0,17.166527,2.1807356,0.553,0.60531,0.13066,0.69525003,0.27725,2265687552.0,0.0088,4.0
EME,False,61.43077228018456,"graham_current_ratio,graham_pe,graham_pe_times_pb,munger_gross_margin",32962447360.0,23.272501,8.105078,1.277,0.13432,0.40348998,0.19426,0.10618,978281600.0,0.0022,4.0
SHW,False,61.425319715145555,"graham_current_ratio,graham_debt_to_equity,graham_pe,graham_pe_times_pb",85465432064.0,32.507847,22.040945,0.727,3.8995800000000003,0.65124,0.48981997,0.18124,2506037504.0,0.0091,4.0
INSP,False,61.41954720341203,"graham_size,graham_earnings_stability",1755871744.0,13.496667,2.1265757,8.551,0.03524,0.17965001,0.86132,-0.0025600002,94637248.0,,2.0
BLK,False,61.34436019420833,"graham_pe,graham_pe_times_pb,munger_roe",191418466304.0,28.205229,3.1695447,2.447,0.23192000000000002,0.122779995,0.47152,0.35079,7578124800.0,0.0195,4.0
PSA,False,61.10936841259722,"graham_current_ratio,graham_debt_to_equity,graham_pe,graham_pe_times_pb",60393574400.0,30.829361,11.733972,0.22,1.09632,0.21929,0.7442,0.45703998,2334240256.0,0.037200000000000004,4.0
SHC,False,61.02819219473626,"graham_debt_to_equity,graham_earnings_stability,graham_pe,graham_pe_times_pb",5603334144.0,34.44737,8.416203,2.796,3.4073399999999996,0.27781,0.54969,0.37956002,153967120.0,,3.0
ANIP,False,61.014689809431985,"graham_size,graham_debt_to_equity,graham_earnings_stability,graham_pe_times_pb",1716689280.0,16.282135,2.6819422,2.91,1.0482500000000001,0.20459,0.60403997,0.14974,132205752.0,,1.0
SKT,False,60.98036323441168,"graham_current_ratio,graham_debt_to_equity,graham_pe,graham_pe_times_pb",4577736192.0,35.133026,6.5271854,0.743,2.7831099999999998,0.19399999,0.73124003,0.32639998,227820992.0,0.0325,4.0
PIPR,False,60.96836428571428,"data_missing:free_cash_flow,graham_pe_times_pb",5231014400.0,17.174013,3.6423578,2.429,0.11269,0.24528,0.91817003,0.21613,,0.010700000000000001,4.0
CRC,False,60.91722157938917,"data_missing:trailing_pe,graham_current_ratio,munger_roe",4671038464.0,,1.3730354,0.661,0.39594,-0.03554,0.5676,0.46795,335124992.0,0.031400000000000004,4.0
LQDT,False,60.91675062891269,"graham_size,graham_pe,graham_pe_times_pb,munger_roe",1360105472.0,42.558823,5.765706,1.58,0.05869,0.14965001,0.47627997,0.10837,81894248.0,,4.0
ILMN,False,60.79301077002693,"graham_earnings_stability,graham_pe,graham_pe_times_pb",34171299840.0,42.29907,12.040437,1.796,0.89042,0.32339,0.67934996,0.21139,797625024.0,,1.0
ADI,False,60.76518325036642,"graham_current_ratio,graham_pe,graham_pe_times_pb,munger_roe",182155427840.0,44.698574,5.4292383,1.25,0.27314,0.12227,0.65800005,0.39503,4147339008.0,0.0118,4.0
GWW,False,60.70221167374239,"graham_pe,graham_pe_times_pb",62649446400.0,33.868042,15.129523,2.805,0.6197699999999999,0.46091,0.39395002,0.16072,1247750016.0,0.0077,4.0
PTGX,False,60.55834117360468,"graham_earnings_stability,graham_pe,graham_pe_times_pb,munger_roe",9677123584.0,146.61765,11.4932375,21.709,0.01095,0.10985,1.0,0.74372,96145752.0,,0.0
PR,False,60.534319544462015,"graham_current_ratio,munger_roe",19360131072.0,14.912904,1.612487,0.624,0.26245999999999997,0.114029996,0.75848997,0.57444,458368128.0,0.027000000000000003,4.0
NVR,False,60.47270728466114,"graham_pe_times_pb,munger_gross_margin",17126602752.0,16.704346,5.0755067,5.67,0.3215,0.31544,0.2184,0.13889,918313280.0,,4.0
ROST,False,60.400705868983486,"graham_pe,graham_pe_times_pb",76993880064.0,29.022974,12.220978,1.612,0.70281,0.42628,0.34175,0.17616,2156282880.0,0.0074,4.0
VLO,False,60.33669252380952,"graham_pe_times_pb,munger_gross_margin",97924128768.0,14.417126,3.916849,1.636,0.40148000000000006,0.27637,0.16118999,0.12269,8416374784.0,0.0141,4.0
ELS,False,60.326076399884876,"graham_current_ratio,graham_debt_to_equity,graham_pe,graham_pe_times_pb",13097089024.0,31.57488,7.210944,0.139,1.82359,0.22877,0.53656,0.32112998,603528512.0,0.0332,4.0
HON,False,60.32319079917807,"graham_current_ratio,graham_debt_to_equity,graham_pe_times_pb",68877402112.0,8.355248,3.7156978,1.211,1.85369,0.46577,0.36511,0.20249,2610374912.0,0.013000000000000001,4.0
WWW,False,60.2952973601395,"graham_size,graham_debt_to_equity,graham_earnings_stability,graham_pe_times_pb",1672511872.0,15.921875,4.0197234,1.549,1.59137,0.27647,0.47120997,0.09854,131325000.0,0.0195,2.0
ICE,False,60.18366347730266,"graham_current_ratio,graham_pe,graham_pe_times_pb,munger_roe",90867310592.0,22.991478,3.1078513,1.012,0.69226,0.14094,1.0,0.52626,3633625088.0,0.0129,4.0
EXPO,False,60.16731372370517,"graham_pe,graham_pe_times_pb",3343678208.0,31.821264,11.581851,1.977,0.27968,0.31204,0.36416999,0.18823999,76945872.0,0.0175,4.0
TDS,False,60.153668416666676,"graham_earnings_stability,munger_roe",3863293184.0,8.39,0.99234164,3.818,0.23120000000000002,0.11784001,0.59351003,-0.065630004,599447616.0,0.004699999999999999,0.0
MPC,False,60.08485714285714,"graham_current_ratio,graham_debt_to_equity,graham_pe_times_pb,munger_gross_margin",104320638976.0,12.386135,5.3009934,1.25,1.33328,0.42099,0.12819,0.13561,9249375232.0,0.0113,4.0
LMAT,False,60.07018960226066,"graham_size,graham_pe,graham_pe_times_pb",1795922688.0,27.847517,4.271649,16.312,0.45262,0.16774,0.71867996,0.28983,49263624.0,0.0127,4.0
DLB,False,60.03053621861323,"graham_pe,graham_pe_times_pb,munger_roe",6210241024.0,28.212769,2.4031317,3.185,0.0183,0.08758,0.87612,0.12548,331846016.0,0.0218,4.0
CGNX,False,60.01846542283897,"graham_pe,graham_pe_times_pb,munger_roe",10318850048.0,58.98077,6.3321977,3.934,0.044480000000000006,0.111490004,0.68865997,0.29361,195671376.0,0.005699999999999999,4.0
AM,False,59.984144685820716,"graham_current_ratio,graham_debt_to_equity,graham_pe,graham_pe_times_pb",10689657856.0,27.132532,5.4953637,0.842,1.8554499999999998,0.19822,0.79644996,0.52005,432616640.0,0.041100000000000005,4.0
WAY,False,59.95483443541404,"graham_earnings_stability,graham_pe,graham_pe_times_pb,munger_roe",4548272128.0,35.402985,1.1547636,1.847,0.37171,0.03765,0.69107,0.2441,313745376.0,,1.0
BFS,False,59.92978379461906,"graham_size,graham_current_ratio,graham_debt_to_equity,graham_pe,graham_pe_times_pb,munger_roe",1189468416.0,35.309277,7.6519217,0.624,3.41757,0.09559,0.70258003,0.41125,84502376.0,0.0691,4.0
TALO,False,59.84975800000001,"data_missing:trailing_pe,graham_earnings_stability,munger_roe",2748251392.0,,1.4655863,1.613,0.66094,-0.17822,0.71367997,0.34449002,550837376.0,,0.0
CDE,False,59.80783098676747,"graham_earnings_stability,graham_pe_times_pb,munger_roe",21853898752.0,17.865545,2.1005828,3.654,0.06851,0.12848,0.56329,0.19387,796743616.0,0.0019,2.0
SPNT,False,59.73043548485511,"graham_current_ratio,graham_earnings_stability,munger_gross_margin",2794930176.0,5.9261084,1.2269876,0.655,0.30786,0.23068,0.23864001,0.136,204187504.0,,3.0
COLM,False,59.71307857142858,munger_roe,3051882240.0,15.565275,1.905485,2.493,0.28798999999999997,0.12658,0.52155,0.05027,255117376.0,0.0204,4.0
GAP,False,59.63857142857143,"graham_debt_to_equity,graham_earnings_stability",7552357888.0,8.325397,2.0720987,1.806,1.5436400000000001,0.2758,0.405,0.12725,928499968.0,0.0347,3.0
EXTR,False,59.60020884025937,"graham_current_ratio,graham_debt_to_equity,graham_earnings_stability,graham_pe,graham_pe_times_pb",2976491776.0,73.58064,33.79259,0.928,2.19625,0.54638,0.61479,0.064380005,81449504.0,,1.0
NEU,False,59.56434534544304,"graham_pe,graham_pe_times_pb",8597352448.0,20.130491,4.6766853,2.252,0.51129,0.25123,0.31494,0.23868,435517888.0,0.0129,4.0
CON,False,59.52303880740703,"graham_current_ratio,graham_debt_to_equity,graham_pe,graham_pe_times_pb,munger_gross_margin",4458019840.0,22.554838,9.345095,1.377,4.23325,0.4706,0.29314,0.1929,204793632.0,0.0072,4.0
PGNY,False,59.51933571428572,"graham_pe,graham_pe_times_pb,munger_gross_margin",2004104064.0,28.391304,4.4241195,2.137,0.04963,0.16242,0.24573,0.11413,200944368.0,,4.0
EW,False,59.51298993190712,"graham_pe,graham_pe_times_pb,munger_roe",52858785792.0,54.643215,4.985099,4.522,0.06568,0.09175,0.77839,0.29839,1232412544.0,,4.0
BRC,False,59.47900433202031,"graham_pe,graham_pe_times_pb",4435198464.0,21.395454,3.3053613,2.01,0.06586,0.16695999,0.51409,0.17716,145758368.0,0.0105,4.0
RSI,False,59.44674959532529,"graham_earnings_stability,graham_pe,graham_pe_times_pb",6020930560.0,83.870964,16.219587,2.116,0.015189999999999999,0.30279,0.34967998,0.1174,127112000.0,,2.0
RGLD,False,59.422100000000015,"graham_pe,graham_pe_times_pb,munger_roe,munger_fcf",22632081408.0,29.613634,3.0542786,2.924,0.051859999999999996,0.136,0.86802,0.62036,-189505504.0,0.0070999999999999995,4.0
CVX,False,59.4095758228182,"graham_current_ratio,graham_pe_times_pb,munger_roe",392987607040.0,19.282001,2.069628,1.252,0.18959,0.12231,0.44267,0.21866,21934000128.0,0.0356,4.0
GLPI,False,59.36714478568634,"graham_debt_to_equity,graham_pe_times_pb",12860550144.0,12.555555,2.5067134,24.29,1.5571899999999999,0.19354999,1.02151,0.77479,506751744.0,0.0762,4.0
GIII,False,59.29012142857143,"graham_size,graham_earnings_stability,munger_roe",1404102144.0,11.718309,0.7697467,3.177,0.16093,0.0719,0.43488,0.15903,128402376.0,0.012,3.0
VICR,False,59.27459673183873,"graham_pe,graham_pe_times_pb",9171090432.0,63.958202,10.990718,13.249,0.00912,0.20131999,0.56628,0.2433,339500.0,,4.0
HQY,False,59.19352564165189,"graham_earnings_stability,graham_pe,graham_pe_times_pb,munger_roe",8787946496.0,39.262173,4.297192,3.437,0.48094000000000003,0.11062,0.70677,0.29343998,370328512.0,,3.0
APH,False,59.15734705586129,"graham_debt_to_equity,graham_pe,graham_pe_times_pb",197856854016.0,40.1175,12.768142,1.888,1.20415,0.38115,0.38952,0.29779,3818374912.0,0.0063,4.0
BKE,False,59.10871428571429,"data_missing:free_cash_flow,graham_pe_times_pb",2287310336.0,10.398127,4.5962734,2.083,0.8618000000000001,0.45764,0.58674,0.17448,,0.032,4.0
TILE,False,59.08942926331685,graham_pe_times_pb,2228785920.0,15.611337,3.285617,2.527,0.42808999999999997,0.23225,0.40485,0.18611,103601872.0,0.0031,4.0
SONO,False,58.997198018541575,"graham_size,graham_earnings_stability,graham_pe,graham_pe_times_pb,munger_roe",1814629632.0,34.08889,5.1859365,1.615,0.14081,0.14175999,0.46567002,0.10587,111909872.0,,0.0
SBH,False,58.98890401190477,"graham_size,graham_debt_to_equity",1546640256.0,8.604167,1.783632,2.367,1.7389,0.23527999,0.52114,0.09267,177001248.0,,4.0
WMG,False,58.98335986587491,"graham_current_ratio,graham_debt_to_equity,graham_pe,graham_pe_times_pb",14581684224.0,22.3,17.06981,0.734,4.52947,0.70074,0.45769,0.16738,382249984.0,0.0285,4.0
QNST,False,58.95679277142858,"graham_size,graham_current_ratio,graham_earnings_stability,graham_pe_times_pb,munger_gross_margin",1134546048.0,14.107143,3.4955752,1.218,0.23184000000000002,0.28647,0.11271,0.051149998,121533624.0,,1.0
CACC,False,58.949,"data_missing:free_cash_flow,graham_debt_to_equity,graham_pe_times_pb",6295027712.0,13.279237,3.9300406,4.833,3.95632,0.31932,0.94652003,0.52556,,,4.0
PARR,False,58.93258412627558,"graham_earnings_stability,munger_gross_margin",3661781504.0,4.289319,1.8166678,1.84,0.5616599999999999,0.53489,0.23056,0.21122,82314872.0,,1.0
HSY,False,58.9218957651936,"graham_current_ratio,graham_debt_to_equity,graham_pe,graham_pe_times_pb",37530902528.0,25.517757,8.225373,1.18,1.29821,0.32808998,0.38377,0.23119,1743636352.0,0.031,4.0
PFE,False,58.9117343193154,"graham_current_ratio,graham_pe,graham_pe_times_pb,munger_roe",161380548608.0,37.255264,1.8941664,1.267,0.74253,0.05014,0.74716,0.27877,12485624832.0,0.0602,4.0
AMG,False,58.864616396837754,graham_pe_times_pb,9468355584.0,12.851527,3.1335263,101.314,0.7609600000000001,0.24257,0.50273,0.30357,277175008.0,0.0001,4.0
CRVL,False,58.8351775313834,"graham_pe,graham_pe_times_pb,munger_gross_margin",3558134528.0,31.304443,8.716124,1.941,0.06944,0.30697,0.24792999,0.16674,91710128.0,,4.0
TMUS,False,58.83453444307235,"graham_current_ratio,graham_debt_to_equity,graham_pe_times_pb",195038511104.0,19.139473,3.4733896,0.924,2.1403499999999998,0.17994,0.63054,0.2522,11335999488.0,0.0225,4.0
TDW,False,58.798566666666666,"graham_earnings_stability,graham_pe_times_pb",4496471040.0,18.33063,3.2843904,3.582,0.45454,0.19448,0.48092,-0.08663999,367619136.0,,3.0
CENX,False,58.66204133333333,"graham_earnings_stability,munger_gross_margin,munger_fcf",4369564160.0,7.623489,3.1141527,2.751,0.31281,0.51749,0.18889,0.28135002,-46287500.0,,2.0
T,False,58.61446086382689,"graham_current_ratio,graham_debt_to_equity,graham_earnings_stability",176928604160.0,8.521452,1.6081216,0.971,1.29054,0.18339,0.59721,0.24786,10142000128.0,0.0431,3.0
ALLE,False,58.56395093134588,"graham_debt_to_equity,graham_pe,graham_pe_times_pb",13668812800.0,21.09449,6.4536076,1.93,1.04895,0.3373,0.44801,0.22102,484449984.0,0.0132,4.0
NDAQ,False,58.38697258174077,"graham_current_ratio,graham_pe,graham_pe_times_pb",55288451072.0,28.836735,4.636914,1.006,0.77687,0.16521999,1.0,0.49333,1691500032.0,0.011699999999999999,4.0
RCL,False,58.3627619047619,"graham_current_ratio,graham_debt_to_equity,graham_earnings_stability,graham_pe_times_pb,munger_fcf",78360780800.0,18.096972,7.6552663,0.209,2.24816,0.44669998,0.50284,0.2707,-1516249984.0,0.0171,3.0
NDSN,False,58.35392253161312,"graham_pe,graham_pe_times_pb",18790877184.0,34.1692,5.746196,1.823,0.55619,0.17763,0.55391,0.27403998,613806656.0,0.0098,4.0
FIX,False,58.34916713332405,"graham_current_ratio,graham_pe,graham_pe_times_pb,munger_gross_margin",55886307328.0,39.10207,86.5124,1.214,0.45488999999999996,0.55292,0.25661,0.07885,1841915392.0,0.0023,4.0
NGVT,False,58.33843943934662,"graham_debt_to_equity,graham_earnings_stability,graham_pe,graham_pe_times_pb",2400266240.0,98.33803,51.338234,1.611,26.36034,0.30072,0.41127,0.29895002,88937504.0,,0.0
EGP,False,58.33671964996384,"graham_current_ratio,graham_pe,graham_pe_times_pb,munger_roe",10899851264.0,35.561405,3.019964,0.412,0.46090000000000003,0.08732,0.73607004,0.40761003,379368000.0,0.030600000000000002,4.0
AYI,False,58.31188363320745,"graham_pe,graham_pe_times_pb",10241399808.0,22.716799,3.5873144,2.053,0.28206,0.17378001,0.48669997,0.16052,467275008.0,0.0023,4.0
REG,False,58.30431317002761,"graham_current_ratio,graham_pe,graham_pe_times_pb,munger_roe",14339734528.0,25.824915,2.1073165,0.964,0.7197199999999999,0.081870005,0.71539,0.39643002,743363968.0,0.0394,4.0
MRSH,False,58.27442207969147,"graham_current_ratio,graham_debt_to_equity,graham_pe,graham_pe_times_pb",92731695104.0,23.7555,6.116655,1.139,1.45027,0.25902998,0.43994,0.26323998,4785249792.0,0.020499999999999997,4.0
PNR,False,58.27281425199982,"graham_current_ratio,graham_pe_times_pb",10228014080.0,16.311855,2.6843958,1.451,0.47067,0.17126,0.41388,0.2344,558312512.0,0.017,4.0
HSTM,False,58.18376622013864,"graham_size,graham_current_ratio,graham_pe,graham_pe_times_pb,munger_roe",839332928.0,39.868053,2.3536406,1.062,0.03766,0.059959996,0.65081,0.099379994,50334876.0,0.004699999999999999,4.0
EXPD,False,58.11865147916203,"graham_pe,graham_pe_times_pb,munger_gross_margin",24846407680.0,27.862972,11.729979,1.566,0.26745,0.4267,0.13549,0.107080005,797562240.0,0.0086,4.0
FCPT,False,58.097208887369334,"graham_current_ratio,graham_pe,graham_pe_times_pb,munger_roe",2779398656.0,23.022728,2.443319,0.252,0.9804600000000001,0.07646,0.85603994,0.62556,189772992.0,0.057800000000000004,4.0
CXM,False,58.08062454631432,"graham_size,graham_current_ratio,graham_earnings_stability,graham_pe,graham_pe_times_pb,munger_roe",1742662016.0,62.0,3.5632184,1.434,0.08972,0.05079,0.66342,0.04536,130164128.0,,3.0
GTY,False,58.02462799791517,"graham_pe,graham_pe_times_pb,munger_roe",2075055232.0,20.30606,1.8485518,1.719,0.81057,0.094639994,0.96416,0.47073,108609872.0,0.0579,4.0
BSY,False,57.99262907609199,"graham_current_ratio,graham_debt_to_equity,graham_pe,graham_pe_times_pb",11191030784.0,41.16111,9.552604,0.595,1.05442,0.24517,0.81845003,0.25,397979616.0,0.0076,4.0
ENS,False,57.973668619047615,"graham_pe,graham_pe_times_pb",7064275968.0,20.994104,3.7485168,2.795,0.56108,0.18363,0.30574,0.17327999,633937472.0,0.0059,4.0
NXT,False,57.952837341775435,"graham_pe,graham_pe_times_pb,munger_gross_margin",13151442944.0,22.118864,5.076804,2.689,0.01502,0.27224,0.22983,0.20858,324051264.0,,4.0
ECPG,False,57.90650000000001,"graham_debt_to_equity,graham_earnings_stability,munger_fcf",2151902208.0,7.7097263,1.9948487,11.376,3.88056,0.30542,1.0,0.37998,-157004624.0,,1.0
AKR,False,57.88243379784448,"graham_current_ratio,graham_earnings_stability,graham_pe,graham_pe_times_pb,munger_roe",3076234240.0,60.285717,1.2400824,1.245,0.63176,0.057150003,0.70607,0.29906,187720752.0,0.0377,3.0
CR,False,57.84773847704921,"graham_pe,graham_pe_times_pb",12160038912.0,36.715534,5.583926,2.804,0.51181,0.16521999,0.46965,0.35463002,363750016.0,0.0049,4.0
VRRM,False,57.84455807252087,"graham_size,graham_debt_to_equity,graham_pe_times_pb",672371904.0,16.385183,3.0074778,2.058,4.863980000000001,0.15384,0.55711,0.27168,43281376.0,,4.0
JLL,False,57.82310559761905,"graham_current_ratio,graham_pe_times_pb,munger_roe",17900906496.0,18.413866,2.3990197,1.126,0.42351999999999995,0.13520001,0.51232,0.045700002,1500125056.0,,4.0
BMI,False,57.7008168759195,"graham_pe,graham_pe_times_pb",4013808896.0,32.428574,5.8778334,2.422,0.03438,0.1848,0.4131,0.17724001,128289624.0,0.0129,4.0
BSX,False,57.66134512848977,"graham_current_ratio,graham_pe_times_pb",69113757696.0,19.307692,2.7675254,1.24,0.50151,0.15338999,0.69189,0.22895999,2451375104.0,,4.0
SN,False,57.60351224236848,"graham_pe,graham_pe_times_pb",26120402944.0,37.61055,9.189216,2.08,0.3211,0.27528,0.48921,0.1016,638667520.0,,4.0
FIS,False,57.564476619047625,"graham_current_ratio,graham_debt_to_equity,graham_earnings_stability",20796633088.0,6.1804914,1.2945209,0.535,1.3251,0.22348,0.35836,0.20669001,2653125120.0,0.0435,2.0
WPC,False,57.56393492354501,"graham_current_ratio,graham_debt_to_equity,graham_pe,graham_pe_times_pb,munger_roe",16380479488.0,24.624998,1.8888072,1.164,1.01882,0.077800006,0.94371,0.59301996,1096111872.0,0.0524,4.0
CHE,False,57.50597083961,"graham_current_ratio,graham_pe,graham_pe_times_pb",7136851968.0,27.494963,8.5573015,0.911,0.35495,0.27106002,0.33113998,0.1325,307859488.0,0.0051,4.0
WTS,False,57.44553393606993,"graham_pe,graham_pe_times_pb",12581069824.0,32.943184,6.003696,2.66,0.09673999999999999,0.18805,0.48853,0.20912,228787504.0,0.0062,4.0
CHDN,False,57.42123627951257,"graham_current_ratio,graham_debt_to_equity,graham_pe_times_pb",6146167296.0,14.971138,4.6030173,0.356,3.49173,0.33848,0.34179002,0.36530998,138712496.0,0.0049,4.0
PODD,False,57.39998249444629,"graham_pe,graham_pe_times_pb",9941577728.0,26.843632,6.990052,2.485,0.66685,0.26016,0.71075,0.16178,236900000.0,,4.0
CCL,False,57.3926897271763,"graham_current_ratio,graham_debt_to_equity,graham_earnings_stability,graham_pe_times_pb",35604029440.0,11.709459,2.7502117,0.334,2.0155600000000002,0.26689,0.55676997,0.12787,1899374976.0,0.0172,2.0
SYK,False,57.372607648588136,"graham_pe,graham_pe_times_pb",127212003328.0,34.367878,5.303176,2.157,0.6439100000000001,0.16508,0.65588,0.27015,4107624960.0,0.0106,4.0
WT,False,57.328477859060165,"graham_debt_to_equity,graham_pe,graham_pe_times_pb",3727197952.0,44.727272,7.730987,2.995,2.5767200000000003,0.18731001,0.53330004,0.41166002,156595376.0,0.005,4.0
EPAM,False,57.23770744285714,"munger_roe,munger_gross_margin",5644647424.0,14.846676,1.6041166,2.755,0.04325999999999999,0.111770004,0.29451,0.10936,650156096.0,,4.0
STAG,False,57.21534244783093,"graham_pe,graham_pe_times_pb,munger_roe",7315153408.0,28.592308,1.9820827,1.816,0.9378,0.069759995,0.79549,0.37036,469642880.0,0.0418,4.0
HMN,False,57.18358095238095,munger_roe,2072438912.0,11.955606,1.378725,2.872,0.39537,0.12385,0.39488,0.13213,222650000.0,0.0282,4.0
ARLO,False,57.17351086267629,"graham_size,graham_current_ratio,graham_earnings_stability,graham_pe,graham_pe_times_pb",1428028544.0,47.39286,9.002714,1.402,0.03606,0.22068001,0.4461,-0.035550002,64509248.0,,1.0
FNF,False,57.100176640476185,"graham_current_ratio,munger_roe",12795480064.0,16.623693,1.71557,0.94,0.54297,0.102110006,0.54046,0.10666,3589125120.0,0.043899999999999995,4.0
CUBE,False,57.0770598245689,"graham_current_ratio,graham_debt_to_equity,graham_pe,graham_pe_times_pb,munger_roe",9306707968.0,27.925169,3.5892277,0.1,1.3430000000000002,0.12028,0.70712,0.41088,486035744.0,0.052199999999999996,4.0
KMB,False,57.07479468536015,"graham_current_ratio,graham_debt_to_equity,graham_pe,graham_pe_times_pb",36800565248.0,21.910078,21.068985,0.909,3.48933,1.04913,0.37612998,0.19002001,941124992.0,0.0461,4.0
AIG,False,57.06105238095238,"graham_current_ratio,graham_earnings_stability,munger_roe",40241860608.0,14.043796,0.9944951,0.612,0.22466,0.0722,0.35087,0.19414,7365000192.0,0.0262,1.0
BHF,False,56.964582666666665,"graham_current_ratio,graham_debt_to_equity,graham_earnings_stability,munger_roe",3015331328.0,4.157811,0.4603282,0.774,1.78382,0.13535,0.35439998,0.77778,19879124992.0,,2.0
AVY,False,56.84965451199162,"graham_current_ratio,graham_debt_to_equity,graham_pe_times_pb,munger_gross_margin",13954523136.0,19.960064,5.9615383,1.132,1.58653,0.3116,0.28978002,0.13586001,1004600000.0,0.0222,4.0
WDAY,False,56.78449250956178,"graham_current_ratio,graham_earnings_stability,graham_pe,graham_pe_times_pb,munger_roe",47303446528.0,59.667446,7.13635,1.009,0.56936,0.10858,0.75766,0.13297,3118749952.0,,3.0
TEL,False,56.7604770987041,"graham_pe,graham_pe_times_pb",59216031744.0,20.003428,4.4705043,1.876,0.43441,0.23290001,0.36119,0.20775,2336875008.0,0.0155,4.0
TECH,False,56.722575369986615,"graham_pe,graham_pe_times_pb,munger_roe",11345015808.0,62.366383,5.4300833,4.547,0.13712,0.09032,0.66243,0.27871,229653120.0,0.0044,4.0
AR,False,56.68421906681837,"graham_current_ratio,munger_roe",11933244416.0,11.121776,1.4398323,0.401,0.55493,0.14216,0.67154,0.26017,391220736.0,,4.0
AA,False,56.62894942379191,"graham_earnings_stability,munger_gross_margin",13356456960.0,10.52183,1.8122896,1.535,0.29918,0.18226999,0.19790001,0.18356001,960750016.0,0.0078000000000000005,2.0
A,False,56.598974748349626,"graham_pe,graham_pe_times_pb",43454976000.0,30.895582,6.0968456,2.099,0.49733,0.21330999,0.52641,0.23706,930625024.0,0.0066,4.0
TRGP,False,56.57547981009743,"graham_current_ratio,graham_debt_to_equity,graham_pe,graham_pe_times_pb",62684618752.0,27.920723,20.013006,0.771,5.15794,0.70839995,0.43192002,0.27803,65837500.0,0.0174,4.0
EXLS,False,56.54725276065972,"graham_current_ratio,graham_pe,graham_pe_times_pb",5713317888.0,23.81847,6.550184,1.244,0.56585,0.25944,0.38511002,0.14609,262332752.0,,4.0
EVTC,False,56.48179761904761,"graham_size,graham_debt_to_equity,graham_pe_times_pb,munger_roe",1820271104.0,19.181883,2.723845,1.702,1.84286,0.14845,0.51118,0.19387,151623120.0,0.0067,4.0
MWA,False,56.46972565169006,graham_pe_times_pb,3928902912.0,17.721832,3.5063398,4.636,0.40423000000000003,0.21684,0.38072,0.23945,130712496.0,0.011200000000000002,4.0
MKC,False,56.430987832308446,graham_current_ratio,14585196544.0,9.026622,2.0849347,0.781,0.65143,0.24728,0.38853002,0.17422001,714025024.0,0.0352,4.0
EPRT,False,56.425028966335475,"graham_pe,graham_pe_times_pb,munger_roe",6686689792.0,23.906977,1.5129513,3.841,0.65659,0.064780004,0.98414004,0.62468,305324384.0,0.0416,4.0
LECO,False,56.41409267481598,"graham_pe,graham_pe_times_pb",15736629248.0,28.8715,10.125377,1.982,0.77347,0.37736,0.36051998,0.18243,307077120.0,0.0113,4.0
NWSA,False,56.3903086593442,"graham_pe,graham_pe_times_pb,munger_roe",16629892096.0,30.048738,1.9727324,1.623,0.31561,0.07979,0.57167,0.12537,1045124992.0,0.006500000000000001,4.0
IBP,False,56.345715471747205,"graham_debt_to_equity,graham_pe,graham_pe_times_pb",6544058880.0,26.588552,10.170185,2.983,1.87209,0.38451,0.33633998,0.122530006,289112512.0,0.0063,4.0
ADMA,False,56.33317038608239,"graham_debt_to_equity,graham_earnings_stability,graham_pe_times_pb",2161452032.0,13.785714,5.3285475,6.972,1.10673,0.41897,0.64705,-1.23389,54755376.0,,2.0
UE,False,56.31643968767368,"graham_current_ratio,graham_debt_to_equity,graham_pe,graham_pe_times_pb,munger_roe",2972665344.0,40.73585,2.1125245,0.689,1.26633,0.05092,0.64747,0.31436002,226218256.0,0.0387,4.0
CRGY,False,56.13775000000001,"graham_current_ratio,graham_debt_to_equity,graham_earnings_stability,graham_pe,graham_pe_times_pb,munger_roe",4396021248.0,166.3125,0.8531034,0.945,1.00234,0.01517,0.62158,0.53849,601587648.0,0.035699999999999996,1.0
ERIE,False,56.11582716404988,"graham_current_ratio,graham_pe,graham_pe_times_pb,munger_gross_margin",13761646592.0,23.903723,5.5780926,1.246,0.0256,0.24808,0.17904,0.19096,481207744.0,0.0227,4.0
DGII,False,56.09846339554808,"graham_current_ratio,graham_pe,graham_pe_times_pb,munger_roe",2903790336.0,60.730156,4.237222,1.129,0.17279,0.07459,0.64914,0.16510001,128003128.0,,4.0
CDP,False,56.06746113063284,"graham_debt_to_equity,graham_earnings_stability,graham_pe,graham_pe_times_pb,munger_roe",4362702336.0,26.152777,2.7817993,2.594,1.6415,0.10825,0.58258,0.32167,257286368.0,0.0341,2.0
SHOO,False,56.055754104930735,"graham_pe,graham_pe_times_pb",3333948672.0,23.010101,3.547734,1.906,0.38795999999999997,0.15913,0.46948,0.06686,219048992.0,0.018500000000000003,4.0
CMCSA,False,56.00199927142857,"graham_current_ratio,graham_debt_to_equity,munger_roe",96274513920.0,8.695513,1.0718659,0.796,1.00474,0.114879996,0.6939,0.17233999,12697624576.0,0.0487,4.0
LII,False,55.97893502594328,"graham_debt_to_equity,graham_pe_times_pb",13685682176.0,17.57612,10.549605,1.569,1.5608199999999999,0.71757007,0.33330002,0.22856002,277737504.0,0.013999999999999999,4.0
ADC,False,55.97660659600429,"graham_current_ratio,graham_pe,graham_pe_times_pb,munger_roe",9293545472.0,40.05914,1.4584068,0.271,0.58984,0.037049998,0.87656,0.48116,447780000.0,0.0431,4.0
PLD,False,55.95796167065078,"graham_current_ratio,graham_pe,graham_pe_times_pb,munger_roe",139072258048.0,31.863031,2.4874382,0.649,0.63823,0.07749,0.75549006,0.43030998,5406941184.0,0.029900000000000003,4.0
CMG,False,55.95584783433088,"graham_current_ratio,graham_debt_to_equity,graham_pe,graham_pe_times_pb",47054569472.0,34.430557,21.432278,0.715,2.4635,0.49560001,0.39361998,0.16108,1116464384.0,,4.0
DLTR,False,55.90980965331877,"graham_current_ratio,graham_debt_to_equity,graham_earnings_stability,graham_pe,graham_pe_times_pb",25411246080.0,21.224718,7.2918267,1.161,2.16518,0.33976,0.36991,0.09088001,1443624960.0,,1.0
HWM,False,55.879432648932145,"graham_pe,graham_pe_times_pb",105899728896.0,57.106453,18.530706,1.818,0.81368,0.34732,0.36032,0.28504,1189874944.0,0.0021,4.0
SOLV,False,55.740993604106606,"graham_current_ratio,graham_debt_to_equity,graham_pe_times_pb",15631645696.0,11.226161,3.2545366,1.021,1.10313,0.33960998,0.54777,0.09778,489000000.0,,4.0
UTHR,False,55.73592794168837,"data_missing:debt_to_equity,graham_pe_times_pb",22286647296.0,18.413006,3.4647698,5.732,,0.19315,0.8614,0.42231998,557137472.0,,4.0
DCI,False,55.67426219161323,"graham_pe,graham_pe_times_pb",11280463872.0,26.231806,6.653449,2.353,0.35882,0.27777,0.34570998,0.1633,302387488.0,0.013300000000000001,4.0
JKHY,False,55.63685810714285,"data_missing:current_ratio,data_missing:free_cash_flow,graham_pe,graham_pe_times_pb",12339389440.0,24.881088,5.793055,,0.06398,0.23572999,0.43897998,0.21663,,0.013999999999999999,4.0
COLL,False,55.63128571428572,"graham_size,graham_current_ratio,graham_debt_to_equity,graham_earnings_stability,graham_pe,graham_pe_times_pb",851857792.0,21.637794,2.8630965,1.031,3.90461,0.17612,0.89449,0.05652,324038496.0,,3.0
TMDX,False,55.62979360004698,"graham_debt_to_equity,graham_earnings_stability,graham_pe,graham_pe_times_pb",3182023168.0,23.852333,6.154412,6.625,1.67496,0.36285,0.58694,0.124960005,44496752.0,,2.0
TGTX,False,55.595086351015176,"graham_debt_to_equity,graham_earnings_stability,graham_pe,graham_pe_times_pb",8544314880.0,20.597786,13.568304,4.267,1.2489,1.0028,0.82372004,0.090179995,59134500.0,,3.0
HD,False,55.53639325024141,"graham_current_ratio,graham_debt_to_equity,graham_pe,graham_pe_times_pb",335298560000.0,23.518196,20.103788,1.078,3.76524,1.0429599,0.33206,0.14288999,11190750208.0,0.0276,4.0
FRT,False,55.53353102359553,"graham_current_ratio,graham_debt_to_equity,graham_pe,graham_pe_times_pb,munger_roe",10254632960.0,23.834345,3.1985905,0.564,1.34114,0.12550999,0.68136,0.35035,456137632.0,0.0394,4.0
CTVA,False,55.49538368077448,"graham_pe,graham_pe_times_pb,munger_roe",56184578048.0,51.036366,2.2325618,1.516,0.19191,0.04256,0.4954,0.3013,2417250048.0,0.0087,4.0
TTC,False,55.38067772529296,"graham_pe,graham_pe_times_pb",9551998976.0,28.90634,6.9933066,1.556,0.83108,0.23889999,0.33567002,0.14445,670537472.0,0.015700000000000002,4.0
APLE,False,55.3625101904762,"graham_current_ratio,graham_pe,munger_roe",3934318592.0,22.520271,1.2526308,0.291,0.51367,0.05529,0.42902002,0.22447,360905376.0,0.057300000000000004,4.0
NHI,False,55.31386215460709,"graham_pe,graham_pe_times_pb,munger_roe",3609616640.0,21.12069,2.3513227,1.817,0.9756900000000001,0.10717,0.73925,0.61341,171983248.0,0.0513,4.0
HIW,False,55.293802586274055,"graham_current_ratio,graham_debt_to_equity,graham_pe,graham_pe_times_pb,munger_roe",3581781248.0,21.119205,1.4874761,1.05,1.3264799999999999,0.06815,0.67342,0.26328,270770112.0,0.06269999999999999,4.0
SLM,False,55.26875,"data_missing:free_cash_flow,graham_current_ratio,graham_debt_to_equity",5015840256.0,7.431755,2.3009918,1.334,2.36158,0.30333,1.0,0.29211,,0.0196,4.0
VCYT,False,55.21249309730999,"graham_earnings_stability,graham_pe,graham_pe_times_pb,munger_roe",3534539008.0,31.405,2.5449758,9.162,0.02889,0.087740004,0.73756,0.15287,106230872.0,,2.0
LIF,False,55.14058709410025,"graham_earnings_stability,graham_pe,graham_pe_times_pb",3578617600.0,25.534882,5.808324,5.601,0.50803,0.30056,0.77592003,-0.00035999998,74707752.0,,1.0
SCHL,False,55.119461982648666,"graham_size,graham_current_ratio,graham_earnings_stability,munger_roe",765631936.0,17.346155,1.0135844,1.232,0.55874,0.066810004,0.56394,0.14367,56762500.0,0.024399999999999998,1.0
KIM,False,55.11065229568553,"graham_current_ratio,graham_pe,graham_pe_times_pb,munger_roe",16132484096.0,27.965115,1.5702533,0.971,0.84993,0.05806,0.68933,0.36565,871483392.0,0.0466,4.0
KVUE,False,55.08476861791839,"graham_current_ratio,graham_pe,graham_pe_times_pb",37138153472.0,22.747057,3.518013,1.005,0.8161700000000001,0.15581,0.58437,0.19418,1907500032.0,0.0435,4.0
ROK,False,55.077773249196085,"graham_current_ratio,graham_debt_to_equity,graham_pe,graham_pe_times_pb",48250646528.0,40.645466,13.809433,1.075,1.0334699999999999,0.30629,0.49091998,0.20968,1303874944.0,0.0129,4.0
FR,False,55.04377505897148,"data_missing:consecutive_positive_earnings_years,graham_current_ratio,graham_pe,graham_pe_times_pb,munger_roe",8723836928.0,23.152727,3.041173,1.498,0.90051,0.1363,0.73745,0.45097,290640736.0,0.0315,
KRC,False,55.01356428571429,"graham_current_ratio,graham_pe,munger_roe",4366514176.0,26.000002,0.82743585,1.103,0.85616,0.03431,0.65379,0.23993,718001472.0,0.0581,4.0
MPT,False,55.00000000000001,"data_missing:trailing_pe,graham_current_ratio,graham_debt_to_equity,graham_earnings_stability,munger_roe",2463450112.0,,0.5472274,1.172,2.15671,-0.00622,0.95944,0.57359004,753948992.0,0.0876,0.0
SIGI,False,54.95320639285715,"graham_current_ratio,munger_roe,munger_gross_margin",5499888128.0,11.535,1.5873672,0.318,0.24596,0.14152999,0.22764,0.12693,1355778304.0,0.0187,4.0
DVN,False,54.91891958878783,"graham_current_ratio,munger_roe",51931000832.0,10.263043,1.3003718,0.717,0.28488,0.11522,0.50349,0.41077,782625024.0,0.0273,4.0
SFM,False,54.8291873550371,"graham_current_ratio,graham_debt_to_equity,graham_pe_times_pb",8141916672.0,16.695028,5.756527,0.992,1.4033799999999998,0.35197,0.38939,0.074889995,398699872.0,,4.0
COKE,False,54.74791851712262,"graham_current_ratio,graham_debt_to_equity,graham_pe,graham_pe_times_pb",12994349056.0,25.924965,4.082373,1.211,1.97906,0.97331,0.39111,0.07417,443481760.0,0.0051,4.0
MO,False,54.74296191323202,"data_missing:debt_to_equity,data_missing:return_on_equity,graham_current_ratio,graham_pe_times_pb",114411020288.0,14.516972,-42.878662,0.518,,,0.8717,0.61464,9035249664.0,0.0623,4.0
SAM,False,54.628035714285716,"data_missing:trailing_pe,graham_size,graham_current_ratio,munger_roe",1968088448.0,,2.666295,1.045,0.04415,-0.08614001,0.48879,0.09327,372617632.0,,4.0
DORM,False,54.60623945542695,graham_pe_times_pb,3862949376.0,18.10466,2.5489035,3.598,0.34867,0.15048,0.42314997,0.23629,143988752.0,,4.0
KMT,False,54.54265075,"graham_earnings_stability,munger_fcf",2256464128.0,6.6979637,1.4372755,2.618,0.47334000000000004,0.23853001,0.41259,0.41251,-171881504.0,0.0273,0.0
NWS,False,54.50519187117418,"graham_pe,graham_pe_times_pb,munger_roe",18897238016.0,34.14563,2.2543426,1.623,0.31561,0.07979,0.57167,0.12537,1045124992.0,0.005699999999999999,4.0
AMH,False,54.49592939330672,"graham_pe,graham_pe_times_pb,munger_roe",14159702016.0,27.41262,1.8256726,1.672,0.68848,0.07084,0.56646997,0.25921,822327360.0,0.0382,4.0
AXP,False,54.491321428571425,"data_missing:free_cash_flow,graham_debt_to_equity,graham_pe,graham_pe_times_pb",227025649664.0,20.374544,6.619671,1.553,1.7238,0.34377,0.62338,0.2032,,0.0113,4.0
AMPH,False,54.43512857142858,"graham_size,munger_roe",926689088.0,12.665697,1.2061901,2.397,0.89607,0.10297,0.47685,0.21603,230095872.0,,4.0
RHP,False,54.293268868853936,"graham_current_ratio,graham_debt_to_equity,graham_pe,graham_pe_times_pb",9073503232.0,32.158924,10.964488,1.313,3.3457,0.22583,0.35156,0.23305,567982976.0,0.0361,4.0
STC,False,54.26584328415585,munger_roe,2113230080.0,15.185995,1.2703875,1.847,0.46090000000000003,0.096140005,0.61847997,0.06954,135150000.0,0.030299999999999997,4.0
QRVO,False,54.23491260115275,"graham_earnings_stability,graham_pe,graham_pe_times_pb,munger_roe",8312783360.0,22.119719,2.3942983,3.543,0.44619,0.115559995,0.48535,0.1578,476142016.0,,2.0
EG,False,54.23309523809523,"graham_current_ratio,munger_roe,munger_gross_margin",14541865984.0,8.011407,0.9512225,0.388,0.23260000000000003,0.12572,0.15281,0.19132,2064625024.0,0.0213,4.0
EMR,False,54.21768262362908,"graham_current_ratio,graham_pe,graham_pe_times_pb,munger_roe",88159731712.0,34.44201,4.3081975,0.896,0.6767700000000001,0.128,0.53161,0.26924,3706249984.0,0.0143,4.0
INVX,False,54.200097619047625,"graham_size,graham_pe,graham_pe_times_pb,munger_roe",1960207616.0,31.544945,1.826848,5.006,0.07043,0.05994,0.32401,0.11575,174039872.0,,4.0
BBY,False,54.19091295802237,"graham_current_ratio,graham_debt_to_equity,graham_pe_times_pb,munger_gross_margin",18299432960.0,16.506273,5.933775,1.121,1.3409,0.39104,0.22518,0.0404,1143750016.0,0.045,4.0
AMZN,False,54.15254699169553,"graham_current_ratio,graham_earnings_stability,graham_pe,graham_pe_times_pb",2808540299264.0,20.947706,5.0899215,1.033,0.45616999999999996,0.30558002,0.5077,0.13689,3219124992.0,,3.0
OII,False,54.12400717053267,"graham_pe_times_pb,munger_gross_margin",4866502144.0,14.131503,4.180132,2.176,0.70343,0.34570998,0.1982,0.11486,237835120.0,,4.0
DINO,False,54.09864686904762,munger_gross_margin,16645902336.0,8.925643,1.618468,1.971,0.32261,0.19504999,0.12892,0.11694,2035624960.0,0.0225,4.0
CSX,False,54.043941356644986,"graham_current_ratio,graham_debt_to_equity,graham_pe,graham_pe_times_pb",96013778944.0,30.133722,6.8179426,0.82,1.3806800000000001,0.24357,0.47070998,0.38424,1953250048.0,0.0109,4.0
ALB,False,54.001980619047615,"graham_earnings_stability,graham_pe,graham_pe_times_pb,munger_roe,munger_gross_margin",15897051136.0,538.86,1.9770325,2.086,0.18975999999999998,0.02648,0.23959999,0.2771,1334340224.0,0.0123,0.0
MTSI,False,53.96601055980783,"graham_earnings_stability,graham_pe,graham_pe_times_pb",20670937088.0,86.19904,13.415196,2.338,0.26873,0.17184,0.56536,0.23337,104351504.0,,0.0
DLX,False,53.95113095238096,"graham_size,graham_current_ratio,graham_debt_to_equity,munger_roe",1102843648.0,11.032109,1.5568358,1.196,2.09945,0.14957,0.52544,0.12177,171792992.0,0.0401,4.0
KLIC,False,53.91183926151999,"graham_earnings_stability,graham_pe,graham_pe_times_pb,munger_roe",4446666752.0,38.979355,4.876334,3.444,0.0418,0.13231,0.52641,0.20661,57164124.0,0.0097,1.0
NTST,False,53.84910764804657,"graham_earnings_stability,graham_pe,graham_pe_times_pb,munger_roe",2027686400.0,148.28572,1.3403926,5.531,0.88837,0.00962,0.90376997,0.39020002,133447376.0,0.0437,1.0
SIRI,False,53.784367952380954,"graham_current_ratio,graham_earnings_stability,munger_roe",9619889152.0,11.461847,0.8174371,0.458,0.81105,0.07574,0.47355998,0.22129999,1186000000.0,0.037599999999999995,1.0
AGYS,False,53.77826531258532,"graham_pe,graham_pe_times_pb,munger_roe",3203049216.0,74.710526,9.439734,1.741,0.054509999999999996,0.13802,0.63057,0.11107001,57453376.0,,4.0
REXR,False,53.71233685924564,"data_missing:trailing_pe,graham_current_ratio,munger_roe",8605836288.0,,1.1331888,0.344,0.41445,-0.047280002,0.76798,0.4159,341792384.0,0.0463,4.0
CTS,False,53.70810534110435,"graham_size,graham_pe,graham_pe_times_pb,munger_roe",1635407616.0,23.962257,2.856064,2.609,0.15692,0.12429,0.39713,0.17448,72120000.0,0.0028000000000000004,4.0
UFCS,False,53.6814119047619,"graham_size,graham_current_ratio,graham_earnings_stability,munger_gross_margin",1382354304.0,9.99629,1.4170743,0.356,0.14974,0.15465,0.12865,0.11761,255639504.0,0.0149,2.0
GE,False,53.657123427607345,"graham_current_ratio,graham_debt_to_equity,graham_pe,graham_pe_times_pb",367131099136.0,40.811996,20.812893,0.982,1.13225,0.48231998,0.31051,0.20571,6594625024.0,0.0054,4.0
PINS,False,53.643249999999995,"graham_earnings_stability,graham_pe,graham_pe_times_pb,munger_roe",13174900736.0,69.17647,4.596443,3.81,0.41350000000000003,0.06461,0.79473,-0.03464,1196440960.0,,2.0
DOCN,False,53.550428357142856,"graham_current_ratio,graham_debt_to_equity,graham_earnings_stability,graham_pe,graham_pe_times_pb,munger_fcf",13270238208.0,51.595455,12.805731,1.311,2.12506,0.62273,0.57222,0.104449995,-23832624.0,,3.0
PH,False,53.52306841410761,"graham_current_ratio,graham_pe,graham_pe_times_pb",131136634880.0,36.427696,8.516704,1.262,0.5666,0.25076,0.37546003,0.23458,2961750016.0,0.0079,4.0
VFC,False,53.50166666666667,"graham_current_ratio,graham_debt_to_equity,graham_earnings_stability,graham_pe",5466535936.0,20.152174,1.4708059,1.443,2.80723,0.22092,0.50798,-0.05529,781847872.0,0.026000000000000002,1.0
JOE,False,53.46926042684774,"graham_pe,graham_pe_times_pb",3950688512.0,32.579807,5.1733265,3.839,0.71346,0.16246,0.44053,0.34486,118878000.0,0.0092,4.0
GNL,False,53.403570571428574,"data_missing:trailing_pe,graham_debt_to_equity,graham_earnings_stability,munger_roe",2137376896.0,,1.2914045,5.63,1.61696,-0.00962,0.85733,0.31274998,366119616.0,0.08220000000000001,0.0
ECG,False,53.398434271733365,"graham_pe,graham_pe_times_pb,munger_gross_margin",6072511488.0,23.879519,7.853652,1.587,0.47096,0.39525002,0.13016,0.09076,184378496.0,,4.0
ESS,False,53.37951378494714,"graham_current_ratio,graham_debt_to_equity,graham_pe,graham_pe_times_pb,munger_roe",20019613696.0,45.241436,3.5067494,0.249,1.2240900000000001,0.0771,0.68771005,0.33975,1043926720.0,0.0355,4.0
LNC,False,53.37032301428572,"graham_earnings_stability,munger_gross_margin",8111623168.0,3.5485764,0.78265846,2.184,0.63803,0.22587,0.27076998,0.046079997,2069374976.0,0.042199999999999994,2.0
CAKE,False,53.34719661630909,"graham_current_ratio,graham_debt_to_equity,graham_pe,graham_pe_times_pb",5690128384.0,30.989159,10.967773,0.587,4.00999,0.38834,0.40701,0.07767,166743120.0,0.0106,4.0
CHWY,False,53.32720544714052,"graham_current_ratio,graham_debt_to_equity,graham_pe,graham_pe_times_pb,munger_gross_margin",9885547520.0,40.241665,23.328505,0.784,1.2338500000000001,0.63816,0.29912,0.03828,463275008.0,,4.0
DT,False,53.27572568785581,"graham_current_ratio,graham_pe,graham_pe_times_pb,munger_roe",14663967744.0,99.490204,6.0111365,1.208,0.06498999999999999,0.058790002,0.81597,0.12889,546524224.0,,4.0
ATMU,False,53.23749529036237,"graham_debt_to_equity,graham_pe_times_pb,munger_gross_margin",4078144512.0,19.149426,8.966631,2.65,2.32278,0.5579,0.28789,0.16973,103862496.0,0.0048,4.0
SUI,False,53.2033,"graham_current_ratio,graham_earnings_stability,graham_pe,graham_pe_times_pb,munger_roe",16132198400.0,161.75641,2.8004172,0.597,0.72848,0.01722,0.53682,0.23205,1873449984.0,0.0356,2.0
WFRD,False,53.16580952380953,graham_pe_times_pb,6287887872.0,17.300787,3.5222661,2.344,0.9066500000000001,0.22793,0.30515,0.10498,558000000.0,0.0125,4.0
IRDM,False,53.14883331917299,"graham_debt_to_equity,graham_pe,graham_pe_times_pb",5028879872.0,54.551723,10.641255,2.782,3.7865699999999998,0.19715,0.71851,0.15099,239205376.0,0.0127,4.0
HLI,False,53.10217217857143,"data_missing:free_cash_flow,graham_pe,graham_pe_times_pb",8983559168.0,21.604202,3.984656,1.664,0.20846,0.17794001,0.94111,0.18395,,0.0217,4.0
FCX,False,53.03537943755296,"graham_pe,graham_pe_times_pb,munger_roe",114436243456.0,39.06373,5.690923,2.066,0.32149,0.14755,0.38275,0.33404,2159249920.0,0.0075,4.0
NXST,False,53.028499095238104,"graham_debt_to_equity,graham_pe,graham_pe_times_pb,munger_roe",5816298496.0,35.75568,2.5677328,1.562,5.337899999999999,0.07434,0.55070996,0.21224001,800625024.0,0.0393,4.0
IBKR,False,53.01424850000001,"data_missing:free_cash_flow,graham_current_ratio,graham_debt_to_equity,graham_pe,graham_pe_times_pb",164401152000.0,38.28968,7.3639627,1.093,2.05748,0.24018998,0.93036,0.76532996,,0.0036,4.0
AME,False,53.004253928903736,"graham_current_ratio,graham_pe,graham_pe_times_pb,munger_roe",56198287360.0,35.84649,4.9918566,1.214,0.20521999999999999,0.14562,0.36905998,0.26182,1492221312.0,0.005600000000000001,4.0
MDT,False,52.9590304669031,"graham_pe,graham_pe_times_pb,munger_roe",117246238720.0,24.55764,2.370723,2.126,0.58214,0.098409995,0.65309,0.22045,4625375232.0,0.0316,4.0
BNL,False,52.922772666803965,"graham_pe,graham_pe_times_pb,munger_roe",4564503552.0,28.210527,1.42743,2.017,0.8932599999999999,0.04922,0.9486,0.46188998,230601872.0,0.054299999999999994,4.0
HAYW,False,52.85130387034761,"graham_pe,graham_pe_times_pb,munger_roe",3104370176.0,20.32639,1.955505,3.327,0.6325500000000001,0.104119994,0.47951,0.24106,164106256.0,,4.0
AIZ,False,52.778039392857146,"graham_current_ratio,graham_pe_times_pb,munger_gross_margin",14094266368.0,13.672249,2.314065,0.382,0.36211,0.18341999,0.13272999,0.11734,2149574912.0,0.0123,4.0
CAT,False,52.76370720877777,"graham_current_ratio,graham_debt_to_equity,graham_pe,graham_pe_times_pb,munger_gross_margin",376524275712.0,35.306465,19.413408,1.368,2.32783,0.56972003,0.29713,0.22183001,5048999936.0,0.008,4.0
ZBH,False,52.733464838788436,"graham_pe,graham_pe_times_pb,munger_roe",19134806016.0,24.349516,1.5146756,1.691,0.60175,0.06413,0.69877,0.17959999,1090899968.0,0.0096,4.0
UDR,False,52.72984711160041,"graham_current_ratio,graham_debt_to_equity,graham_pe,graham_pe_times_pb,munger_roe",14149992448.0,24.324839,4.237213,0.178,1.5614400000000002,0.13739,0.66581,0.20177999,779827776.0,0.0453,4.0
HOOD,False,52.71424925,"data_missing:free_cash_flow,graham_current_ratio,graham_debt_to_equity,graham_earnings_stability,graham_pe,graham_pe_times_pb",99186761728.0,48.81416,10.46183,1.116,2.40279,0.23618999,0.9189,0.43884,,,2.0
VOYA,False,52.713047244047615,"graham_pe_times_pb,munger_roe",9096779776.0,16.707155,1.9414529,5.669,0.6890999999999999,0.096099995,0.55609,0.0538,1433500032.0,0.0187,4.0
SIG,True,52.55597719047619,,3332412672.0,11.967515,1.7730393,1.615,0.64495,0.15933,0.39337003,0.05059,451787488.0,0.0165,4.0
NABL,False,52.51220671428571,"data_missing:trailing_pe,graham_size,graham_current_ratio,graham_earnings_stability,munger_roe",708395712.0,,0.8804884,1.305,0.5425099999999999,-0.00632,0.79855,0.13182999,70063376.0,,0.0
FTV,False,52.50684240288797,"graham_current_ratio,graham_pe,graham_pe_times_pb,munger_roe",18473054208.0,32.06085,3.0255144,1.241,0.59283,0.07318,0.6323,0.19137,939112512.0,0.004699999999999999,4.0
WST,False,52.44810855041361,"graham_pe,graham_pe_times_pb",24561139712.0,44.6863,8.216792,2.822,0.10585000000000001,0.19087,0.36786,0.22469,277937504.0,0.0025,4.0
MD,False,52.447494420818074,"graham_current_ratio,graham_earnings_stability,graham_pe_times_pb,munger_gross_margin",2206026240.0,12.806604,2.4435244,1.316,0.70371,0.20389,0.26236,0.13407,160776992.0,,1.0
CRS,False,52.41692009144352,"graham_earnings_stability,graham_pe,graham_pe_times_pb",23995762688.0,46.113335,10.782541,3.81,0.32658000000000004,0.25752002,0.30584,0.24078,238787504.0,0.0016,0.0
TJX,False,52.40477478272202,"graham_current_ratio,graham_debt_to_equity,graham_pe,graham_pe_times_pb",151880286208.0,25.460184,14.604314,1.147,1.3441900000000002,0.62171,0.31467,0.10909,4398750208.0,0.0138,4.0
ISRG,False,52.3954755896527,"data_missing:debt_to_equity,data_missing:consecutive_positive_earnings_years,graham_pe,graham_pe_times_pb",132699021312.0,42.377575,7.214539,4.963,,0.17423001,0.66679,0.33603,2615200000.0,,
ENVA,False,52.39389285714285,"data_missing:free_cash_flow,graham_debt_to_equity,graham_pe_times_pb",6025405952.0,17.979198,4.022673,20.146,3.3701499999999998,0.26081,0.83291,0.29944,,,4.0
MTCH,False,52.33042857142858,"data_missing:debt_to_equity,data_missing:return_on_equity,graham_pe_times_pb",9654915072.0,14.914894,-40.795345,1.724,,,0.74872,0.28771,930664000.0,0.019,4.0
BIIB,False,52.296887303070584,"graham_pe,graham_pe_times_pb,munger_roe",32400973824.0,38.950264,1.718439,1.865,0.44329,0.04575,0.78322,0.25058,1266987520.0,,4.0
OMCL,False,52.175411904761916,"graham_size,graham_earnings_stability,graham_pe,graham_pe_times_pb,munger_roe",1513045632.0,39.488094,1.1713811,1.644,0.15484,0.03059,0.44014,0.05909,134181872.0,,2.0
TRU,False,52.14795869871283,"graham_debt_to_equity,graham_earnings_stability,graham_pe,graham_pe_times_pb",16291747840.0,22.435356,3.4486535,1.9,1.13212,0.15626,0.5873,0.19701,808625024.0,0.0059,2.0
ARE,False,52.10607142857143,"data_missing:trailing_pe,graham_earnings_stability,munger_roe",9031560192.0,,0.5760513,2.35,0.6867,-0.040760003,0.68198997,0.17282,1344973952.0,0.054400000000000004,0.0
BXP,False,52.07654379438287,"graham_current_ratio,graham_debt_to_equity,graham_pe,graham_pe_times_pb,munger_roe",12985190400.0,38.596775,2.2215002,0.506,2.11631,0.05308,0.56452,0.28755,880636864.0,0.0388,4.0
URI,False,52.069737627956656,"graham_current_ratio,graham_debt_to_equity,graham_pe,graham_pe_times_pb",66288250880.0,25.600962,7.197502,0.764,1.6679300000000001,0.28895,0.3848,0.25986,1706249984.0,0.0075,4.0
BDX,False,52.017297190476185,"graham_current_ratio,graham_pe,graham_pe_times_pb,munger_roe",51904667648.0,32.911053,2.1258519,0.865,0.6884,0.06607,0.46936,0.15732999,4478374912.0,0.022099999999999998,4.0
HLIT,False,52.01300250583225,"graham_size,graham_earnings_stability,graham_pe,graham_pe_times_pb,munger_roe",1352423936.0,51.666668,3.751891,3.047,0.36111,0.06546,0.50009,0.18027,71000248.0,,0.0
FORM,False,51.97718235391908,"graham_pe,graham_pe_times_pb,munger_roe",8427300352.0,74.555176,7.5991144,4.078,0.02691,0.10989001,0.46182,0.24122,114850000.0,,4.0
CHD,False,51.976803020395614,"graham_current_ratio,graham_pe,graham_pe_times_pb",24347793408.0,32.89904,5.5983095,1.147,0.55851,0.17041,0.45562,0.18065001,939262528.0,0.012,4.0
PRG,False,51.96426257142858,"graham_size,graham_debt_to_equity",1601629824.0,12.970968,1.9887234,4.518,1.10148,0.17066,0.36145002,0.16605,1535915904.0,0.0141,4.0
INVH,False,51.95869352088383,"graham_current_ratio,graham_pe,graham_pe_times_pb,munger_roe",17910366208.0,27.66055,1.9666035,0.43,0.9442499999999999,0.070539996,0.56262,0.25115,1168785536.0,0.0397,4.0
WMS,False,51.94752198018144,"graham_pe,graham_pe_times_pb",10770898944.0,24.3339,5.685853,2.119,0.97185,0.26354,0.38645,0.26325,327261376.0,0.005699999999999999,4.0
CNMD,False,51.9293761904762,"graham_size,graham_current_ratio,graham_earnings_stability,graham_pe,graham_pe_times_pb,munger_roe",1513586304.0,27.464674,1.4551659,1.484,0.80109,0.05527,0.55576,0.14642,131359624.0,0.015600000000000001,3.0
HCSG,False,51.90211118981441,"graham_size,graham_pe_times_pb,munger_gross_margin",1573049984.0,13.325582,3.0031447,3.022,0.03417,0.24691999,0.17114,0.04717,70280248.0,,4.0
EXR,False,51.896197586568604,"graham_current_ratio,graham_debt_to_equity,graham_pe,graham_pe_times_pb,munger_roe",32090148864.0,32.097126,2.3170576,0.886,1.01674,0.06953,0.74919,0.45882,1499437568.0,0.0447,4.0
UHS,False,51.894525344158225,graham_current_ratio,10511917056.0,7.3068414,1.3990117,1.116,0.6873999999999999,0.20948,0.44607,0.1114,498316992.0,0.0046,4.0
HAE,False,51.85518748802169,"graham_debt_to_equity,graham_pe,graham_pe_times_pb,munger_roe",4890250752.0,51.92512,5.8387203,3.08,1.40265,0.111999996,0.59331,0.17932,312840000.0,,4.0
LIVN,False,51.82700782943205,"graham_current_ratio,graham_earnings_stability,graham_pe,graham_pe_times_pb",4335032320.0,23.210913,3.2684639,1.45,0.26556,0.15404001,0.67743,0.13543999,59872624.0,,0.0
MGM,False,51.82189232142858,"graham_current_ratio,graham_debt_to_equity,graham_pe,graham_pe_times_pb",10909062144.0,26.27879,4.339472,1.335,8.933110000000001,0.18924999,0.44157,0.067880005,878991104.0,,4.0
ALV,False,51.81041688095237,"graham_current_ratio,graham_pe_times_pb,munger_gross_margin",9009642496.0,14.507076,3.6183414,1.029,0.8752500000000001,0.25858,0.19298,0.095970005,742124992.0,0.0281,4.0
MAT,False,51.80808333333333,graham_debt_to_equity,4441206272.0,11.600746,2.2226193,1.902,1.37445,0.20497,0.47605,0.01323,425315872.0,,4.0
CLX,False,51.803967698564854,"graham_current_ratio,graham_debt_to_equity,graham_pe,graham_pe_times_pb",12687803392.0,21.812412,141.01842,0.658,22.214290000000002,1.6376,0.42321,0.12885,110375000.0,0.04769999999999999,4.0
ROKU,False,51.54400601240461,"graham_earnings_stability,graham_pe,graham_pe_times_pb,munger_roe",23666890752.0,67.5678,8.380722,2.866,0.16792,0.13122,0.45504,0.12172,836552128.0,,1.0
PFG,False,51.53567256680738,"graham_pe_times_pb,munger_roe",23896754176.0,15.899217,1.9728585,1.586,0.35307,0.12949,0.47345,0.12336001,1056374976.0,0.0301,4.0
AGO,False,51.51531306381809,"graham_current_ratio,munger_roe",3323068928.0,10.047872,0.5984998,0.99,0.30563,0.06666,0.94342005,0.4264,14625000.0,0.0202,4.0
HST,False,51.41189523809524,"graham_pe_times_pb,munger_gross_margin",15801553920.0,15.265101,2.4388807,1.671,0.8529800000000001,0.15558,0.29195,0.18215,1692375040.0,0.0348,4.0
DEA,False,51.328107180357144,"graham_size,graham_current_ratio,graham_debt_to_equity,graham_pe,graham_pe_times_pb,munger_roe",1224655104.0,131.52632,0.8977583,0.604,1.25876,0.0077100005,0.67524004,0.25083,127493128.0,0.0717,4.0
ACIW,False,51.32810325863316,"graham_pe,graham_pe_times_pb",5242605568.0,23.8211,3.512106,1.582,0.57698,0.15617,0.49082002,0.10466,260535632.0,,4.0
IVZ,False,51.31801478784116,"data_missing:trailing_pe,graham_current_ratio,graham_earnings_stability,munger_roe,munger_gross_margin",14450287616.0,,1.4506049,0.708,0.12055999999999999,-0.0057300003,0.2952,0.19950001,1140787456.0,0.0263,0.0
GHC,False,51.20891339317244,"munger_roe,munger_gross_margin",4995605504.0,9.504633,1.0491489,1.86,0.30218,0.118710004,0.29947,0.1974,267685120.0,0.0064,4.0
DRI,False,51.20526467877621,"graham_current_ratio,graham_debt_to_equity,graham_pe,graham_pe_times_pb,munger_gross_margin",24962156544.0,21.038279,11.361171,0.314,3.64507,0.53718,0.21667999,0.14142,790974976.0,0.0294,4.0
LIN,False,51.19659576688629,"graham_current_ratio,graham_pe,graham_pe_times_pb",227567468544.0,31.869595,5.822973,0.879,0.68947,0.18400998,0.48348,0.28119,4160750080.0,0.0131,4.0
DBX,False,51.184428571428576,"data_missing:debt_to_equity,data_missing:return_on_equity,graham_current_ratio,graham_pe_times_pb",7642021376.0,19.525002,-3.5286145,1.074,,,0.79732,0.26097,783075008.0,,4.0
ALRM,False,51.12999303337604,"graham_pe,graham_pe_times_pb,munger_roe",2769670656.0,24.964602,3.200227,4.96,0.62337,0.13311,0.65809,0.15068,100146624.0,,4.0
AMRX,False,51.1278578095238,"graham_debt_to_equity,graham_earnings_stability,graham_pe,graham_pe_times_pb,munger_fcf",6258879488.0,37.4375,174.46602,2.205,23.86528,6.1301703,0.39810002,0.18335,-115327128.0,,1.0
WMB,False,51.127250000000004,"graham_current_ratio,graham_debt_to_equity,graham_pe,graham_pe_times_pb,munger_fcf",92080046080.0,29.992031,6.9988847,0.477,2.00371,0.21503,0.63637,0.39540002,-1516749952.0,0.029500000000000002,4.0
CURB,False,51.1089974284628,"graham_pe,graham_pe_times_pb,munger_roe",3439375360.0,111.7037,1.6486279,2.654,0.28476,0.0146200005,0.75179,0.19184,152188000.0,0.0226,4.0
NFG,False,51.044,munger_fcf,7932463616.0,11.623956,2.0215085,3.201,0.9092,0.19576,0.63229,0.40073,-24765500.0,0.027000000000000003,4.0
STE,False,50.9736980458796,"graham_pe,graham_pe_times_pb,munger_roe",23053901824.0,28.905867,3.1989446,1.906,0.28312000000000004,0.11389,0.44422,0.19153,798862528.0,0.0109,4.0
TKO,False,50.92434269421005,"graham_current_ratio,graham_pe,graham_pe_times_pb,munger_roe",36835672064.0,68.52817,4.259669,1.278,0.59216,0.07063,0.59455,0.32388002,856147520.0,0.0161,4.0
ZD,False,50.78414285714287,"data_missing:trailing_pe,graham_size,munger_roe",1889225088.0,,0.86100477,2.164,0.3998,-0.01456,0.85010004,0.04156,519709248.0,,4.0
DD,False,50.72179523809523,"graham_earnings_stability,graham_pe,graham_pe_times_pb,munger_roe",18622552064.0,59.707794,1.3526967,2.427,0.22902,0.01792,0.35132,0.14239,1835250048.0,0.0176,0.0
WRLD,False,50.67857857949958,"graham_size,graham_debt_to_equity,graham_pe,graham_pe_times_pb,munger_roe",909413376.0,24.25622,2.4330966,10.382,1.78936,0.099,0.69242996,0.15316,60710904.0,,4.0
VAL,False,50.65921552950845,munger_gross_margin,5827747328.0,6.3295627,1.8324127,1.547,0.36219999999999997,0.33619,0.24784,0.09792,79725000.0,,4.0
VICI,False,50.65707866994631,munger_roe,28875757568.0,10.365613,0.98988414,11.236,0.60277,0.09849,0.99271005,0.70182997,267028992.0,0.06849999999999999,4.0
WM,False,50.640096481754505,"graham_current_ratio,graham_debt_to_equity,graham_pe,graham_pe_times_pb",89104515072.0,32.16739,8.983276,0.907,2.35301,0.29841,0.40601003,0.18986,2348375040.0,0.017,4.0
OKTA,False,50.62465176933517,"graham_current_ratio,graham_earnings_stability,graham_pe,graham_pe_times_pb,munger_roe",22994933760.0,95.028984,3.333079,1.43,0.05957,0.036679998,0.77436996,0.0732,977750016.0,,2.0
CW,False,50.508648648989094,"graham_pe,graham_pe_times_pb",22914871296.0,42.758106,8.272158,1.602,0.41481999999999997,0.19746,0.37727,0.19395,553040256.0,0.0017000000000000001,4.0
SCI,False,50.48123964255535,"graham_current_ratio,graham_debt_to_equity,graham_pe,graham_pe_times_pb,munger_gross_margin",11667241984.0,22.351175,7.607981,0.531,3.44863,0.34714,0.26026,0.21003,315907872.0,0.0171,4.0
AMD,False,50.43082431486036,"graham_pe,graham_pe_times_pb,munger_roe",797839523840.0,124.35878,11.86497,2.609,0.06361,0.10196,0.55724,0.1725,8841499648.0,,4.0
AIT,False,50.2887272009544,"graham_pe,graham_pe_times_pb",12514676736.0,31.170935,6.9242015,2.578,0.25967,0.22368999,0.30337998,0.117740005,362843616.0,0.0060999999999999995,4.0
ARR,False,50.24824999999999,"data_missing:free_cash_flow,graham_current_ratio,graham_debt_to_equity,graham_earnings_stability",2314392320.0,3.7074833,0.86453044,1.142,7.567240000000001,0.20331,1.0,0.86998004,,0.17559999999999998,1.0
MAA,False,50.22542900411459,"graham_current_ratio,graham_debt_to_equity,graham_pe,graham_pe_times_pb,munger_roe",15766032384.0,38.63304,2.820833,0.048,1.0237699999999998,0.0705,0.58392,0.25356,921182272.0,0.0464,4.0
SCHW,False,50.20475,"data_missing:free_cash_flow,graham_current_ratio,graham_debt_to_equity,graham_pe_times_pb",187200585728.0,19.972324,4.2579556,0.655,1.5110599999999998,0.20273,0.97495,0.52277,,0.011399999999999999,4.0
SYY,False,50.18003501781217,"graham_current_ratio,graham_debt_to_equity,graham_pe,graham_pe_times_pb,munger_gross_margin",40081174528.0,22.983517,15.017053,1.277,5.64591,0.77692,0.18496001,0.048449997,1914000000.0,0.0264,4.0
PLAB,False,50.115758901197,"graham_size,munger_roe",1821978240.0,11.402214,1.4476459,5.049,0.00228,0.13239999,0.33773997,0.20091,39001500.0,,4.0
IEX,False,50.101082698695386,"graham_pe,graham_pe_times_pb,munger_roe",17292845056.0,33.7518,4.3309884,3.049,0.4706,0.12955,0.4473,0.2217,555612480.0,0.0127,4.0
VMI,False,50.09737224285078,graham_pe_times_pb,9231579136.0,18.589523,5.3162208,2.354,0.50676,0.29777,0.30403998,0.14849,142812496.0,0.006500000000000001,4.0
EEFT,False,50.08058333333334,"graham_current_ratio,graham_debt_to_equity,munger_gross_margin",2722179072.0,11.3484125,2.1740253,1.371,2.25391,0.22371,0.24004,0.12369,311637504.0,,4.0
CELH,False,49.98719365459786,"graham_earnings_stability,graham_pe,graham_pe_times_pb,munger_roe",8833453056.0,151.78261,7.372756,1.798,0.22802,0.05113,0.48759997,0.19087,358259008.0,,3.0
DLR,False,49.97934989583468,"graham_current_ratio,graham_pe,graham_pe_times_pb,munger_roe",73051488256.0,93.898056,2.6802738,0.89,0.67944,0.02912,0.56994,0.25882,3768482048.0,0.0254,4.0
PCRX,False,49.97879293214286,"graham_size,graham_earnings_stability,graham_pe,graham_pe_times_pb,munger_roe",1006323200.0,71.041664,1.5156454,5.042,0.61329,0.020480001,0.79206,0.06165,98341248.0,,1.0
RJF,False,49.94475789285715,"data_missing:free_cash_flow,graham_pe_times_pb",33228562432.0,15.232804,2.6133924,2.109,0.47594000000000003,0.18416001,0.93156,0.19301,,0.0124,4.0
TDY,False,49.93938243639113,"graham_pe,graham_pe_times_pb,munger_roe",29418305536.0,30.690428,2.695869,2.181,0.18565,0.09154,0.43339002,0.20198,912675008.0,,4.0
AMSF,False,49.92028816607628,"data_missing:debt_to_equity,graham_size,munger_gross_margin",489477728.0,10.55242,1.939093,2.042,,0.18225001,0.27679002,0.19858,36250000.0,0.0626,4.0
KFY,False,49.90506822059236,"graham_pe_times_pb,munger_roe,munger_gross_margin",4333379072.0,16.16456,2.1484149,1.941,0.30126000000000003,0.14583999,0.24304001,0.14693,244188256.0,0.026099999999999998,4.0
RBC,False,49.89989766886202,"graham_pe,graham_pe_times_pb,munger_roe",15991242752.0,49.911564,4.6059747,2.53,0.25364000000000003,0.09747,0.45953,0.2718,283237504.0,,4.0
MIDD,False,49.89401257142857,"graham_earnings_stability,graham_pe_times_pb,munger_roe",5191073280.0,17.632872,2.348933,1.987,0.90515,0.10974,0.38401002,0.17361,604098624.0,,0.0
INGR,False,49.87432334048862,"munger_roe,munger_gross_margin",6642529280.0,11.56202,1.4691197,2.798,0.39411999999999997,0.13693,0.23728001,0.12595001,457249984.0,0.031200000000000002,4.0
MMS,False,49.842861904761904,munger_gross_margin,3080736000.0,8.704157,1.7699996,2.421,0.99546,0.21112,0.25594,0.12622,354073760.0,0.0226,4.0
CDW,False,49.8336753157792,"graham_current_ratio,graham_debt_to_equity,graham_pe_times_pb,munger_gross_margin",17687654400.0,16.984575,7.259185,1.167,2.6327800000000003,0.44009998,0.21360001,0.07345,676787520.0,0.0177,4.0
MTDR,False,49.8284,"graham_current_ratio,munger_roe,munger_fcf",6875784192.0,9.868562,1.1620514,0.65,0.69104,0.13592,0.8239,0.492,-907763968.0,0.027000000000000003,4.0
LMT,False,49.74554777506644,"graham_current_ratio,graham_debt_to_equity,graham_pe,graham_pe_times_pb,munger_gross_margin",130108284928.0,20.802582,14.788048,1.193,2.34238,0.89165,0.11798,0.119569995,5562625024.0,0.0248,4.0
TWLO,False,49.72222067417524,"graham_earnings_stability,graham_pe,graham_pe_times_pb,munger_roe",34899890176.0,31.431465,4.440635,4.621,0.11868000000000001,0.13497,0.48561,0.078260005,954675392.0,,1.0
EAT,False,49.71173022511283,"graham_current_ratio,graham_debt_to_equity,graham_pe,graham_pe_times_pb,munger_gross_margin",10597573632.0,22.732292,23.501999,0.455,3.95763,1.19568,0.18646999,0.11258,367575008.0,,4.0
MRP,False,49.7029997,"graham_earnings_stability,munger_roe,munger_fcf",5128390144.0,10.613401,0.8763691,54.111,0.42579999999999996,0.081199996,0.85307,0.85156995,-1379807232.0,0.09949999999999999,1.0
NLY,False,49.675250000000005,"data_missing:free_cash_flow,graham_current_ratio,graham_debt_to_equity,graham_earnings_stability",17361811456.0,5.5640097,1.1432896,0.558,7.37543,0.19567,0.97972,0.91652,,0.12990000000000002,2.0
RYAN,False,49.62193716459716,"graham_current_ratio,graham_debt_to_equity,graham_pe,graham_pe_times_pb",17214867456.0,59.648647,10.52205,0.998,3.74707,0.22092,0.41487,0.25041,584760128.0,0.0118,4.0
BCPC,False,49.52883489789544,"graham_pe,graham_pe_times_pb,munger_roe",5793511424.0,35.775593,4.459221,2.665,0.12801,0.12793,0.36294997,0.20853001,134847504.0,0.0053,4.0
TRMB,False,49.50730537571958,"data_missing:trailing_pe,graham_current_ratio,munger_roe",13941822464.0,,2.45746,0.954,0.28553,-0.01939,0.71773005,0.15134,686174976.0,,4.0
DTM,False,49.49351144677145,"graham_current_ratio,graham_pe,graham_pe_times_pb,munger_roe",13621592064.0,29.281797,2.8502965,1.372,0.6854300000000001,0.09901,0.75344,0.50437,128000000.0,0.0278,4.0
WHD,False,49.46995317739711,"graham_pe,graham_pe_times_pb,munger_roe",5315093504.0,55.70588,3.723739,2.587,0.033010000000000005,0.13114001,0.33233002,0.18593,129337624.0,0.0089,4.0
FSS,False,49.424330447792975,"graham_pe,graham_pe_times_pb,munger_gross_margin",7472866816.0,26.214668,4.956778,2.739,0.32223,0.20608,0.29167998,0.17650999,194724992.0,0.005,4.0
DOV,False,49.39460466940121,"graham_pe,graham_pe_times_pb,munger_roe",27698335744.0,24.898304,3.5953288,1.979,0.42316000000000004,0.14914,0.40092,0.18691999,906472128.0,0.0104,4.0
PHM,False,49.39098949705225,"munger_roe,munger_gross_margin",24893708288.0,13.348825,1.884617,7.272,0.19065000000000001,0.14901,0.25565,0.15685001,1078512896.0,0.0079,4.0
NYT,False,49.36344623716703,"data_missing:debt_to_equity,graham_pe,graham_pe_times_pb",11222112256.0,28.991667,5.4895463,1.58,,0.19724001,0.50958997,0.17122,459932128.0,0.0134,4.0
CORT,False,49.341772074627784,"graham_pe,graham_pe_times_pb,munger_roe",13232325632.0,278.20456,18.717127,2.859,0.013349999999999999,0.08226,0.98305,0.16124001,77395128.0,,4.0
LZB,False,49.341306219047624,"graham_size,munger_roe",1290500352.0,16.35533,1.2381355,1.665,0.5279200000000001,0.080469996,0.45161998,0.027320001,182847744.0,0.0302,4.0
CXT,False,49.33362004761905,"graham_current_ratio,graham_debt_to_equity,graham_pe,graham_pe_times_pb,munger_roe",2905118976.0,20.855371,2.2939868,1.415,1.141,0.11484,0.42115003,0.15592,239787504.0,0.0144,4.0
PBH,False,49.25459750283346,"graham_debt_to_equity,graham_earnings_stability,munger_roe",2427944192.0,14.355742,1.2666519,3.23,1.07864,0.0912,0.54772997,0.20834999,147887504.0,,3.0
GTES,False,49.248330035785145,"graham_pe_times_pb,munger_roe",6746478592.0,18.90071,1.9156125,3.244,0.60695,0.10384,0.40532002,0.15346,417662496.0,,4.0
BURL,False,49.23390548680786,"graham_current_ratio,graham_debt_to_equity,graham_pe,graham_pe_times_pb",19618123776.0,32.15654,10.575087,1.164,3.19733,0.39141,0.43947,0.05933,210811744.0,,4.0
SXI,False,49.22690215463989,"graham_pe,graham_pe_times_pb",3744551168.0,35.59562,4.931054,2.404,0.74985,0.17218,0.41726002,0.1777,165311008.0,0.0045000000000000005,4.0
ADUS,False,49.1946550789213,"graham_pe,graham_pe_times_pb,munger_roe",2280369152.0,21.396673,1.9465467,1.69,0.09478,0.09706,0.32359,0.10318,119751504.0,,4.0
CCK,False,49.12575808200337,"graham_current_ratio,graham_debt_to_equity,graham_pe_times_pb,munger_gross_margin",13163284480.0,17.33954,4.538568,1.049,1.86334,0.27367002,0.20957,0.12595001,853875008.0,0.0109,4.0
PEN,False,49.12026968161012,"graham_earnings_stability,graham_pe,graham_pe_times_pb,munger_roe",12714118144.0,79.69876,8.3058,5.75,0.13896,0.1137,0.6784,0.105220005,161100128.0,,3.0
XYL,False,49.0692373365098,"graham_pe,graham_pe_times_pb,munger_roe",26625738752.0,27.151264,2.4195905,1.613,0.28642,0.09182999,0.39240003,0.16995001,1183750016.0,0.0152,4.0
ESE,False,49.06673271257653,"graham_current_ratio,graham_pe,graham_pe_times_pb,munger_roe",7316556288.0,52.29815,4.5239887,1.382,0.09315,0.095,0.42008,0.148,233938368.0,0.0012,4.0
GPN,False,48.98347857142858,"graham_current_ratio,graham_pe,graham_pe_times_pb,munger_roe",24628033536.0,44.109005,1.0704591,0.825,0.98273,0.02428,0.63959,0.16108,7867763200.0,0.010700000000000001,4.0
UPS,False,48.97773984070947,"graham_current_ratio,graham_debt_to_equity,graham_pe_times_pb,munger_gross_margin",90072244224.0,19.678438,5.9796667,1.179,1.899,0.29602,0.22413,0.09052,5557749760.0,0.062400000000000004,4.0
TREX,False,48.944858242799825,"graham_current_ratio,graham_pe,graham_pe_times_pb",4874928128.0,27.763311,4.8956594,1.061,0.30034,0.17740999,0.38204,0.20618999,69669128.0,,4.0
ITRI,False,48.91302656133381,"graham_earnings_stability,graham_pe_times_pb",4379112960.0,16.724081,2.7087564,2.746,0.9775400000000001,0.16885,0.39869,0.13455,295262240.0,,3.0
VST,False,48.8628265122785,"graham_current_ratio,graham_debt_to_equity,graham_earnings_stability,graham_pe,graham_pe_times_pb",47978614784.0,23.5113,15.977278,0.973,3.7327999999999997,0.42962003,0.38309,0.13766,37125000.0,0.0066,3.0
VNOM,False,48.86225265902018,"data_missing:trailing_pe,graham_earnings_stability,munger_roe",23338280960.0,,1.6929568,6.374,0.1632,0.0109,1.0,0.66980004,46000000.0,0.0556,0.0
SF,False,48.846520999999996,"data_missing:free_cash_flow,graham_current_ratio,graham_pe_times_pb",11969906688.0,14.180678,2.2552562,0.895,0.52002,0.16427,0.95567,0.21761999,,0.0171,4.0
WTW,False,48.832125352966074,"graham_current_ratio,graham_earnings_stability,graham_pe,graham_pe_times_pb",32109541376.0,21.394802,4.182524,1.098,0.9139,0.19761999,0.42516,0.17559,1415624960.0,0.0111,1.0
GTM,False,48.80885714285715,"data_missing:trailing_pe,graham_size,graham_current_ratio,graham_debt_to_equity,munger_roe",1114951424.0,,1.35097,0.651,1.83227,-0.45449,0.86507004,0.20554,356462496.0,,4.0
SPXC,False,48.75259791356621,"graham_pe,graham_pe_times_pb,munger_roe",10332462080.0,36.25571,4.3992705,1.825,0.26175,0.14684,0.40287998,0.17673,234024992.0,,4.0
TTEK,False,48.732167733263,"data_missing:consecutive_positive_earnings_years,graham_current_ratio,graham_pe,graham_pe_times_pb,munger_gross_margin",9526389760.0,22.413254,5.143924,1.184,0.55247,0.24297,0.21837,0.14253001,396642240.0,0.0078000000000000005,
MRVL,False,48.66340183482518,"graham_earnings_stability,graham_pe,graham_pe_times_pb",217028182016.0,82.98625,11.607863,3.278,0.2897,0.16028,0.51502997,0.14479999,2269700096.0,0.001,1.0
ON,False,48.61842041522736,"graham_pe,graham_pe_times_pb,munger_roe",28537057280.0,47.9085,3.9529746,3.464,0.6505500000000001,0.08312,0.42776,0.19532,1656649984.0,,4.0
LDOS,False,48.58182313895348,"graham_debt_to_equity,graham_pe_times_pb,munger_gross_margin",17069716480.0,12.670869,3.2229376,1.629,1.2327599999999999,0.27781,0.17795,0.11715999,1146625024.0,0.0128,4.0
EHC,False,48.559728921971676,"graham_current_ratio,graham_pe,graham_pe_times_pb",11993291776.0,20.295494,4.6236644,1.192,0.82121,0.24968,0.43865,0.18054001,229924992.0,0.006999999999999999,4.0
MYRG,False,48.519831976827376,"graham_current_ratio,graham_pe,graham_pe_times_pb,munger_gross_margin",4666415616.0,29.326809,6.1854053,1.398,0.08895,0.24714,0.12488,0.06199,177308880.0,,4.0
UPBD,False,48.519320761904766,"graham_size,graham_debt_to_equity,graham_earnings_stability,munger_roe",1133777664.0,12.628247,1.5459062,3.126,2.32932,0.12733,0.49133998,0.06047,1568163200.0,0.0806,2.0
MTN,False,48.511724633947956,"graham_current_ratio,graham_debt_to_equity,graham_pe,graham_pe_times_pb",5242761216.0,31.709053,9.502067,0.911,3.55585,0.1685,0.43330002,0.42097,134862496.0,0.0601,4.0
WSO,False,48.48793730080283,"graham_pe,graham_pe_times_pb,munger_gross_margin",12887597056.0,26.770351,4.0260057,3.199,0.15411,0.16744,0.27512,0.1094,483663744.0,0.0437,4.0
LGND,False,48.48651954337442,"graham_debt_to_equity,graham_earnings_stability,graham_pe,graham_pe_times_pb",5603899392.0,28.919752,5.7875233,31.178,1.16944,0.21962,0.81198996,0.13488,139748880.0,,1.0
NKE,False,48.4780749464333,graham_pe_times_pb,57841467392.0,18.56662,3.8896546,1.961,0.74289,0.22138001,0.43245,0.12687,1889250048.0,0.0415,4.0
MS,False,48.47749925,"data_missing:free_cash_flow,graham_debt_to_equity,graham_pe_times_pb",336478142464.0,17.098166,3.1598353,1.999,5.172820000000001,0.17969999,0.87641,0.41567,,0.0212,4.0
DEI,False,48.410286142857146,"data_missing:trailing_pe,graham_current_ratio,graham_debt_to_equity,graham_earnings_stability,munger_roe",2448196352.0,,1.1091555,0.547,1.6313300000000002,-0.01928,0.63176996,0.19624001,395813120.0,0.0625,2.0
TSCO,False,48.38865175892001,"graham_current_ratio,graham_debt_to_equity,graham_pe_times_pb",18254641152.0,18.247396,6.9721394,1.334,2.4871,0.39513,0.36499,0.120740004,103175000.0,0.0271,4.0
ATEN,False,48.357168352712435,"graham_size,graham_current_ratio,graham_pe,graham_pe_times_pb",1871860736.0,44.448277,7.850183,1.29,0.9500700000000001,0.19444999,0.79379,0.11261,61384500.0,0.0096,4.0
DOC,False,48.348107142857145,"graham_debt_to_equity,graham_pe,graham_pe_times_pb,munger_roe",15327440896.0,61.77143,1.9001583,2.286,1.08653,0.03039,0.57648,0.1599,1645113088.0,0.056299999999999996,4.0
DASH,False,48.29003063492641,"graham_current_ratio,graham_earnings_stability,graham_pe,graham_pe_times_pb,munger_roe",102517751808.0,121.95876,10.332329,1.368,0.33276000000000006,0.088870004,0.52225,0.03862,5147500032.0,,2.0
SAFT,False,48.272133333333336,"graham_size,graham_current_ratio,graham_pe,graham_pe_times_pb,munger_roe,munger_gross_margin",1522659584.0,22.305376,1.7372079,0.385,0.06817999999999999,0.07842,0.07645,0.13685,160487248.0,0.0355,4.0
CNO,False,48.272072095238094,"graham_debt_to_equity,graham_pe_times_pb,munger_roe",5052592128.0,18.831034,1.9532871,2.27,1.75664,0.10934,0.38706002,0.16729,996099968.0,0.013300000000000001,4.0
OSK,False,48.1265952116765,"graham_pe_times_pb,munger_roe,munger_gross_margin",9872082944.0,18.15711,2.1627712,1.718,0.24359000000000003,0.12387,0.15898,0.08405,734037504.0,0.0147,4.0
SNPS,False,48.10676424403321,"graham_current_ratio,graham_pe,graham_pe_times_pb,munger_roe",79527108608.0,95.04119,2.6088402,1.434,0.35574,0.03824,0.82598996,0.10383,3538958592.0,,4.0
CALX,False,48.10176871752564,"graham_earnings_stability,graham_pe,graham_pe_times_pb,munger_roe",2492744192.0,52.092106,3.5106854,2.83,0.01969,0.06905,0.56581,0.074489996,61477124.0,,1.0
SAIC,False,48.06238196848077,"graham_current_ratio,graham_debt_to_equity,graham_pe_times_pb,munger_gross_margin",5400018432.0,14.367828,3.8597288,1.156,1.8798300000000001,0.27664,0.12605,0.08762,418124992.0,0.0116,4.0
DHR,False,47.93873432372368,"graham_pe,graham_pe_times_pb,munger_roe",151859052544.0,38.30142,2.8877363,1.651,0.5297,0.07605,0.58752996,0.19777,4325125120.0,0.0074,4.0
CALY,False,47.87773279503592,"graham_earnings_stability,graham_pe,graham_pe_times_pb,munger_roe",2781748480.0,35.988373,1.2816796,3.043,0.12643000000000001,0.03466,0.44812,0.19046,100975000.0,,0.0
O,False,47.86069928719744,"graham_pe,graham_pe_times_pb,munger_roe",59474534400.0,45.879562,1.50378,1.528,0.74722,0.03225,0.9268,0.46965998,1582081920.0,0.0518,4.0
XPEL,False,47.78734015476191,"graham_size,graham_pe,graham_pe_times_pb,munger_fcf",1404729600.0,25.732323,4.883543,2.61,0.19949000000000003,0.19365999,0.42901,0.16228001,-15348625.0,,4.0
MHK,False,47.733971364285715,"graham_earnings_stability,munger_roe,munger_gross_margin",9087750144.0,17.816732,1.0650239,1.916,0.27604,0.055120002,0.25641,0.097849995,966899968.0,,2.0
VRTS,False,47.72417343931403,"graham_size,munger_roe",1112239232.0,9.4897375,1.2123706,2.659,0.44522,0.106709994,0.41079,0.117910005,56292376.0,0.058899999999999994,4.0
CSR,False,47.72133376190476,"graham_size,graham_debt_to_equity,graham_earnings_stability,graham_pe,graham_pe_times_pb,munger_roe",955272768.0,42.845238,1.3326669,3.112,1.24015,0.03388,0.59305,0.12628001,106247624.0,0.0571,1.0
NCLH,False,47.71783333333333,"graham_current_ratio,graham_debt_to_equity,graham_earnings_stability,graham_pe_times_pb,munger_fcf",7953133056.0,10.496969,3.091201,0.2,6.21051,0.3673,0.42457,0.14042,-1680301312.0,,3.0
GILD,False,47.70342919193013,"data_missing:trailing_pe,graham_current_ratio,graham_debt_to_equity,munger_roe",184046534656.0,,15.571758,1.265,2.2346500000000002,-0.2068,0.79603994,0.33679,9768875008.0,0.022000000000000002,4.0
GS,False,47.6765,"data_missing:free_cash_flow,graham_debt_to_equity,graham_pe_times_pb",305438785536.0,15.85071,2.8973978,1.563,7.25381,0.16902,0.82075995,0.42176998,,0.0189,4.0
LCII,False,47.66166216190476,munger_gross_margin,2514539264.0,11.984936,1.7562956,2.486,0.80054,0.15,0.25651,0.113620006,264589248.0,0.043899999999999995,4.0
ABT,False,47.64065513141895,"graham_current_ratio,graham_pe,graham_pe_times_pb,munger_roe",201632284672.0,37.462784,3.9191523,1.376,0.63212,0.10576,0.56847,0.14706999,7209124864.0,0.0217,4.0
TYL,False,47.556765152312266,"graham_pe,graham_pe_times_pb,munger_roe",14300533760.0,45.947372,4.705946,1.554,0.47906,0.09731,0.47205,0.14741,594435648.0,,4.0
POOL,False,47.55190878640339,"graham_debt_to_equity,graham_pe_times_pb,munger_gross_margin",6856590848.0,17.4861,5.441711,2.671,1.34537,0.31254998,0.29579002,0.15137,212930256.0,0.0279,4.0
CVCO,False,47.5334540857092,"graham_pe,graham_pe_times_pb,munger_gross_margin",4511987712.0,25.545496,4.073956,2.229,0.03702,0.16658,0.21886,0.09846,163879120.0,,4.0
NVST,False,47.49444364585072,"graham_earnings_stability,graham_pe,graham_pe_times_pb,munger_roe",4459389952.0,47.868965,1.4494387,2.425,0.5162,0.030569999,0.55421,0.1039,267887504.0,,1.0
L,False,47.458804166214655,"graham_current_ratio,munger_roe",22795735040.0,13.766666,1.1923908,0.507,0.44609000000000004,0.09313,0.36290002,0.14533,1262000000.0,0.0023,4.0
ZBRA,False,47.43630346973417,"graham_current_ratio,graham_pe,graham_pe_times_pb",17438584832.0,33.525642,5.0507,0.516,0.8623000000000001,0.15286,0.49581,0.21259001,576750016.0,,4.0
CENTA,False,47.352768005952385,munger_roe,2389785600.0,14.14074,1.3679194,3.787,0.8063400000000001,0.099709995,0.32571998,0.14262,342347872.0,,4.0
CENT,False,47.352768005952385,munger_roe,2770974464.0,16.396296,1.5861131,3.787,0.8063400000000001,0.099709995,0.32571998,0.14262,342347872.0,,4.0
ADAM,False,47.3285,"data_missing:free_cash_flow,graham_size,graham_current_ratio,graham_debt_to_equity,graham_earnings_stability",880372480.0,5.8303576,0.94464266,0.844,7.69104,0.16438,0.78673,0.51676,,0.122,1.0
VVV,False,47.324438504220836,"graham_current_ratio,graham_debt_to_equity,graham_pe,graham_pe_times_pb",4270772224.0,41.320988,10.24801,0.702,4.7499400000000005,0.28399,0.38284,0.21043,72525000.0,,4.0
NOW,False,47.320800062235676,"graham_current_ratio,graham_pe,graham_pe_times_pb,munger_roe",128384983040.0,77.612495,10.257724,0.701,0.67538,0.14244,0.74768996,0.04063,5149374976.0,,4.0
PBI,False,47.31885714285715,"data_missing:debt_to_equity,data_missing:return_on_equity,graham_current_ratio,graham_earnings_stability,graham_pe_times_pb",2344928000.0,13.906504,-2.7155104,0.734,,,0.54081,0.21681,233828128.0,0.023399999999999997,1.0
NHC,False,47.262780431086455,"graham_pe,graham_pe_times_pb,munger_roe",3566804224.0,25.560606,3.1781325,1.862,0.027839999999999997,0.13267,0.39488,0.11993,63169624.0,0.011899999999999999,4.0
FELE,False,47.25550117677211,"graham_pe,graham_pe_times_pb,munger_roe",4530348544.0,29.874636,3.2188857,2.406,0.21844999999999998,0.11767,0.35525,0.15447,149414368.0,0.011000000000000001,4.0
BLFS,False,47.25408751208439,"graham_size,graham_earnings_stability,graham_pe,graham_pe_times_pb,munger_roe",1819490816.0,37.2033,4.3304973,9.694,0.037469999999999996,0.12829,0.63613,0.059580002,4664875.0,,0.0
ATO,False,47.1947,"graham_current_ratio,graham_pe,graham_pe_times_pb,munger_roe,munger_fcf",28459364352.0,20.072704,1.8651708,0.814,0.6766200000000001,0.09792,0.62212,0.37223998,-2220956928.0,0.0239,4.0
AWR,False,47.18751666666667,"graham_current_ratio,graham_pe,graham_pe_times_pb,munger_roe,munger_fcf",3570773248.0,24.614752,3.1839547,0.98,0.8181100000000001,0.1367,0.5762,0.35755002,-25544000.0,0.0242,4.0
EFX,False,47.176097843946906,"graham_current_ratio,graham_debt_to_equity,graham_pe,graham_pe_times_pb,munger_roe",22476036096.0,33.56316,5.1362524,0.602,1.20956,0.14275,0.55542,0.17305,947537472.0,0.011699999999999999,4.0
NSC,False,47.13433075709062,"graham_current_ratio,graham_debt_to_equity,graham_pe,graham_pe_times_pb",79575375872.0,30.203327,4.896009,0.831,1.05519,0.16985,0.45159,0.35296002,1382249984.0,0.0154,4.0
BL,False,47.06531928674927,"graham_size,graham_debt_to_equity,graham_earnings_stability,graham_pe,graham_pe_times_pb,munger_roe",1821064704.0,55.946426,5.784712,1.721,2.0288,0.070300005,0.75563,0.06446,138621248.0,,3.0
EIX,False,47.05071152530908,"graham_current_ratio,graham_debt_to_equity",28520486912.0,7.648607,1.6346853,0.662,2.28042,0.19734,0.61005,0.26899,82375000.0,0.046900000000000004,4.0
APOG,False,47.02742398095238,"graham_size,munger_roe,munger_gross_margin",862486656.0,12.956113,1.7001934,1.76,0.5625399999999999,0.13756,0.23378,0.054970004,102537000.0,0.0262,4.0
DHI,False,47.02510223417181,"munger_roe,munger_gross_margin",42194333696.0,14.367143,1.7779441,6.011,0.29451,0.12632,0.21298,0.1299,2413900032.0,0.011899999999999999,4.0
TPC,False,46.99957857142857,"graham_current_ratio,graham_earnings_stability,graham_pe,graham_pe_times_pb,munger_roe,munger_gross_margin",4601374720.0,38.056522,3.7932825,1.285,0.34819,0.13736,0.11481,0.07218,573201344.0,0.0040999999999999995,1.0
VSXY,False,46.973421707217724,"graham_current_ratio,graham_debt_to_equity,graham_pe,graham_pe_times_pb",7199565312.0,35.940475,9.057,1.264,3.3739600000000003,0.32016,0.37012002,0.05192,241875008.0,,4.0
LEG,False,46.93721504761905,"graham_size,graham_debt_to_equity,graham_earnings_stability,munger_gross_margin",1279838848.0,6.0064106,1.1832302,2.35,1.5219900000000002,0.22642,0.19089001,0.08383001,241450000.0,0.0215,1.0
PPG,False,46.92694896695531,graham_pe_times_pb,25680095232.0,16.573889,3.0416007,1.58,0.86938,0.19297001,0.41202998,0.14016,1104625024.0,0.026000000000000002,4.0
CPB,False,46.89022661904762,"graham_current_ratio,graham_debt_to_equity,munger_gross_margin",7057051136.0,11.600491,1.7507583,0.866,1.82035,0.15389,0.292,0.13102001,603249984.0,0.0665,4.0
RVTY,False,46.886206969728654,"graham_pe,graham_pe_times_pb,munger_roe",14033105920.0,60.46154,1.9412501,1.8,0.46225,0.03211,0.54976004,0.17052999,604992128.0,0.0022,4.0
SMPL,False,46.82658980952381,"data_missing:trailing_pe,graham_size,munger_roe",946320896.0,,0.6672903,4.796,0.31623999999999997,-0.12197,0.33273998,0.12784,107168376.0,,4.0
ALSN,False,46.81375950064239,"graham_debt_to_equity,graham_pe,graham_pe_times_pb",11096010752.0,21.261074,5.6127815,1.807,2.11925,0.28349,0.37846002,0.19093001,211000000.0,0.0088,4.0
RGA,False,46.80126428571428,"graham_current_ratio,munger_roe,munger_gross_margin",16188936192.0,10.916337,1.1820154,1.166,0.41418,0.11687,0.1407,0.10637,9836499968.0,0.016,4.0
LXP,False,46.77442449690544,"graham_current_ratio,graham_pe,graham_pe_times_pb,munger_roe",3597572352.0,61.636364,1.9404076,1.026,0.69889,0.03497,0.81463,0.16078,183396368.0,0.045899999999999996,4.0
RPM,False,46.725292927489164,"graham_pe,graham_pe_times_pb",13831395328.0,20.959381,4.176688,1.678,0.89022,0.21371001,0.41435,0.15307,480144864.0,0.0202,4.0
GEHC,False,46.708467419642425,"graham_current_ratio,graham_pe_times_pb",33680187392.0,17.13889,3.0471644,1.264,0.93965,0.19376,0.39528,0.14976,1573124992.0,0.0019,4.0
SPHR,False,46.707350129503276,"data_missing:trailing_pe,graham_current_ratio,graham_earnings_stability,munger_roe",5640950784.0,,2.5319579,1.224,0.40995,-0.03097,0.54707,-0.19548,442722880.0,,1.0
MCHP,False,46.645316767422464,"graham_earnings_stability,graham_pe,graham_pe_times_pb,munger_roe",39960006656.0,108.22058,6.194444,1.921,0.8368800000000001,0.0719,0.60194,0.23958,1364762496.0,0.0248,1.0
XOM,False,46.61026768633314,"graham_current_ratio,graham_pe,graham_pe_times_pb,munger_roe,munger_gross_margin",659036635136.0,20.627413,2.540821,1.135,0.15921,0.12584,0.29767,0.15859,20671000576.0,0.0256,4.0
MSM,False,46.60376994529791,"graham_pe,graham_pe_times_pb",6725569536.0,29.301702,4.7381673,1.548,0.39130000000000004,0.16322,0.40823,0.10195,195171120.0,0.0294,4.0
BKNG,False,46.562991095222486,"data_missing:debt_to_equity,data_missing:return_on_equity,graham_current_ratio,graham_pe,graham_pe_times_pb",163476111360.0,23.44111,-14.829889,1.094,,,0.87227994,0.34412,7725875200.0,0.0079,4.0
BKR,False,46.54681088209743,"graham_earnings_stability,graham_pe_times_pb,munger_gross_margin",61476302848.0,19.913183,3.0869305,2.095,0.80925,0.16463,0.23657,0.1283,4415000064.0,0.0149,3.0
KEX,False,46.39894272240009,"graham_pe,graham_pe_times_pb,munger_roe",7271880192.0,21.155914,2.1245005,1.684,0.35618,0.10414,0.33196998,0.13833,347219136.0,,4.0
KDP,False,46.38641190476191,"graham_current_ratio,graham_pe,graham_pe_times_pb,munger_roe",43340947456.0,32.83402,1.7313944,0.479,0.99649,0.051,0.50956,0.12888,4607249920.0,0.028900000000000002,4.0
SMP,False,46.304007142857145,"graham_size,munger_roe",824186624.0,9.4198475,1.1521584,2.003,0.9527899999999999,0.12528,0.31992,0.12917,130171000.0,0.0352,4.0
PVH,False,46.21477604047619,"graham_pe,munger_roe",3444965888.0,22.64091,0.703339,1.677,0.8633799999999999,0.033239998,0.57532,0.05822,465637504.0,0.002,4.0
IQV,False,46.174072101560725,"graham_current_ratio,graham_debt_to_equity,graham_pe,graham_pe_times_pb",43035492352.0,32.519276,6.9738064,0.706,2.57975,0.22818,0.32968,0.13027,2149750016.0,,4.0
AN,False,46.015390442037166,"graham_current_ratio,graham_debt_to_equity,munger_gross_margin",6551990272.0,9.18776,2.9061632,0.782,5.0158499999999995,0.32766998,0.17834999,0.04449,356124992.0,,4.0
CTRE,False,45.99979999999999,"graham_earnings_stability,graham_pe,graham_pe_times_pb,munger_roe,munger_fcf",9472994304.0,25.05625,2.1070058,3.304,0.7194799999999999,0.09056,0.96365,0.57791,-80309504.0,0.0391,3.0
LSCC,False,45.97952137480401,"graham_pe,graham_pe_times_pb,munger_roe",16878078976.0,457.96155,20.740288,3.024,0.04836,0.04927,0.69024,0.1333,155063248.0,,4.0
KRG,False,45.87102957319079,"graham_current_ratio,graham_earnings_stability,graham_pe_times_pb,munger_roe",5486906880.0,16.391304,1.8427484,0.929,0.96238,0.10738,0.73175,0.24018,152751120.0,0.043899999999999995,3.0
OSIS,False,45.85976764512101,"graham_debt_to_equity,graham_pe,graham_pe_times_pb",3329798656.0,23.311384,3.8495705,3.153,1.26037,0.17344,0.33208,0.14169,209244624.0,,4.0
EQIX,False,45.80325285074813,"graham_current_ratio,graham_debt_to_equity,graham_pe,graham_pe_times_pb,munger_roe",106729218048.0,69.51543,7.4209814,1.131,1.6221700000000001,0.10735,0.51979,0.27021998,3776000000.0,0.0192,4.0
SWK,False,45.79479590476191,"graham_current_ratio,graham_earnings_stability,graham_pe,graham_pe_times_pb,munger_roe",14997462016.0,24.281172,1.6739991,1.432,0.58172,0.06886,0.32213002,0.08443,1419049984.0,0.0341,2.0
SWKS,False,45.786158919885075,"graham_pe,graham_pe_times_pb,munger_roe",9854598144.0,33.948185,1.7184222,3.101,0.11869,0.05094,0.40734002,0.08825,448812512.0,0.041299999999999996,4.0
VRSK,False,45.74172052442901,"data_missing:debt_to_equity,data_missing:return_on_equity,graham_current_ratio,graham_pe,graham_pe_times_pb",24566595584.0,28.846153,-21.036688,1.005,,,0.70179003,0.45106998,1055550016.0,0.0106,4.0
SCSC,False,45.72392142857142,"graham_size,munger_roe,munger_gross_margin",1144880640.0,15.475275,1.2916763,1.755,0.12176000000000001,0.08681,0.13557,0.03548,95035624.0,,4.0
FIVN,False,45.715368833333336,"graham_debt_to_equity,graham_earnings_stability,graham_pe,graham_pe_times_pb,munger_roe",2375461120.0,47.44776,3.0267544,4.149,1.07449,0.079169996,0.55063,0.033210002,260481504.0,,1.0
AAT,False,45.68984078285905,"graham_size,graham_current_ratio,graham_debt_to_equity,graham_pe,graham_pe_times_pb,munger_roe",1793475584.0,77.066666,1.2650472,0.62,1.61778,0.02164,0.61821,0.24256,98077376.0,0.058899999999999994,4.0
SGI,False,45.51902422688763,"graham_current_ratio,graham_debt_to_equity,graham_pe,graham_pe_times_pb",13539123200.0,25.438736,4.1911955,0.748,1.98088,0.17516,0.44733003,0.111269996,687912512.0,0.0106,4.0
AXTA,False,45.517834483347485,"graham_debt_to_equity,graham_pe,graham_pe_times_pb,munger_roe",7972244992.0,22.85276,3.1607976,1.533,1.19424,0.14344,0.34039003,0.15156001,539500032.0,,4.0
FG,False,45.47653266666667,"graham_current_ratio,graham_earnings_stability,munger_roe",3033349632.0,7.620658,0.6581664,0.941,0.48807,0.09167,0.32766998,-0.0373,2268624896.0,0.0434,2.0
KAI,False,45.452328796301146,"graham_pe,graham_pe_times_pb,munger_roe",3648957952.0,34.25665,3.529516,2.591,0.49396,0.11291,0.44798002,0.16839,105733624.0,0.0048,4.0
OLLI,False,45.368475951135856,"graham_pe_times_pb,munger_roe",4479588864.0,18.341583,2.3776672,2.32,0.37579999999999997,0.13781,0.40708,0.10556,135756496.0,,4.0
SON,False,45.363868952380955,"graham_current_ratio,graham_debt_to_equity,munger_gross_margin",5791728128.0,9.054096,1.6173385,0.995,1.32433,0.18855,0.20794001,0.10012999,527077760.0,0.0373,4.0
IR,False,45.353953095527224,"graham_pe,graham_pe_times_pb,munger_roe",31011047424.0,33.027065,3.0469863,1.616,0.47903,0.0947,0.42821,0.16882999,1107425024.0,0.001,4.0
NVT,False,45.34166537675464,"graham_pe,graham_pe_times_pb",25400365056.0,43.470913,6.3709807,1.8,0.40957,0.15748,0.36453998,0.18827,452550016.0,0.0055000000000000005,4.0
TNL,False,45.33676190476191,"data_missing:debt_to_equity,data_missing:return_on_equity,graham_pe,graham_pe_times_pb",4548969472.0,20.062162,-4.464157,3.202,,,0.50611,0.19755,556374976.0,0.0326,4.0
MMSI,False,45.323123368141474,"graham_pe,graham_pe_times_pb,munger_roe",5398120448.0,36.899998,3.213486,4.198,0.48822000000000004,0.0919,0.49514,0.14456001,173902128.0,,4.0
PECO,False,45.21567584934413,"graham_pe,graham_pe_times_pb,munger_roe",5610157056.0,34.556522,2.1495023,1.567,0.91852,0.060170002,0.70998,0.28799,160187872.0,0.0326,4.0
M,False,44.96167857142857,"graham_current_ratio,graham_debt_to_equity,munger_roe",5949918720.0,9.347108,1.2300832,1.475,1.05623,0.14363,0.40308,0.01758,748875008.0,0.0339,4.0
KHC,False,44.91592142857143,"data_missing:trailing_pe,graham_current_ratio,graham_earnings_stability,munger_roe",29894615040.0,,0.83039623,1.061,0.52591,-0.0876,0.33498,0.1549,3250500096.0,0.0632,0.0
SKY,False,44.84738767966023,"graham_pe,graham_pe_times_pb,munger_roe,munger_gross_margin",4979659776.0,26.746355,3.1656315,2.738,0.07833,0.12645,0.25958002,0.08486,184228752.0,,4.0
CSGP,False,44.8110269104093,"graham_pe,graham_pe_times_pb,munger_roe",13227675648.0,181.3611,1.6659863,2.214,0.14537,0.00894,0.78683996,0.082159996,412700000.0,,4.0
DG,False,44.55092529212295,"graham_current_ratio,graham_debt_to_equity,graham_pe_times_pb",26807894016.0,17.189533,3.0314293,1.169,1.78649,0.1891,0.30827,0.05919,1882562304.0,0.019299999999999998,4.0
JBL,False,44.485972233307926,"graham_current_ratio,graham_debt_to_equity,graham_pe,graham_pe_times_pb,munger_gross_margin",33005838336.0,39.42178,24.956818,0.981,2.9713600000000002,0.65876,0.092259996,0.05211,1211624960.0,0.001,4.0
MUSA,False,44.47390671846969,"graham_current_ratio,graham_debt_to_equity,graham_pe_times_pb,munger_gross_margin",9984755712.0,16.60746,12.756669,0.925,3.5293200000000002,0.86394,0.08061,0.049050003,386800000.0,0.0048,4.0
HR,False,44.46128500659285,"data_missing:trailing_pe,graham_current_ratio,graham_debt_to_equity,graham_earnings_stability,munger_roe",6788804608.0,,1.5729377,0.342,1.03031,-0.019199999,0.61946,0.14713,493022368.0,0.0495,0.0
SBAC,False,44.460296494217395,"data_missing:debt_to_equity,data_missing:return_on_equity,graham_current_ratio,graham_pe,graham_pe_times_pb",19874017280.0,20.208738,-4.2925396,0.165,,,0.742,0.52165,752056384.0,0.026600000000000002,4.0
FCFS,False,44.423369955208656,"graham_debt_to_equity,graham_pe,graham_pe_times_pb",10103677952.0,26.502275,4.362453,4.887,1.16419,0.17398001,0.57869,0.15508,219812256.0,0.0073,4.0
FOX,False,44.42311042589001,"graham_pe_times_pb,munger_roe",26205868032.0,16.231771,2.249125,3.169,0.6406000000000001,0.14291,0.36629,0.25214002,555374976.0,0.009300000000000001,4.0
SABR,False,44.39380952380952,"data_missing:trailing_pe,data_missing:debt_to_equity,data_missing:return_on_equity,graham_size,graham_current_ratio,graham_earnings_stability",891918912.0,,-0.83966565,1.025,,,0.56426,0.13032,100824752.0,,1.0
IVT,False,44.37811617237622,"graham_pe,graham_pe_times_pb,munger_roe",2546385664.0,171.86842,1.4419128,1.849,0.62113,0.0085,0.72560996,0.15293999,117164248.0,0.030600000000000002,4.0
HUBB,False,44.36361538035584,"graham_debt_to_equity,graham_pe,graham_pe_times_pb",24963248128.0,27.953552,6.380279,1.609,1.41642,0.24444,0.35338002,0.21666999,495812512.0,0.012199999999999999,4.0
FCN,False,44.27944631576704,graham_pe_times_pb,4200272896.0,18.394194,3.0946374,2.028,0.9501999999999999,0.15634,0.31824,0.092250004,289741120.0,,4.0
KN,False,44.26074239251747,"graham_earnings_stability,graham_pe,graham_pe_times_pb,munger_roe",2905232128.0,40.49405,3.652029,3.201,0.18881,0.094969995,0.45259997,0.15168001,39312500.0,,1.0
GRBK,True,44.240078824643525,,3186012928.0,11.155858,1.652609,7.051,0.14244,0.16383,0.30501,0.19545001,6958250.0,,4.0
EFC,False,44.185249999999996,"data_missing:free_cash_flow,graham_size,graham_debt_to_equity,graham_earnings_stability,munger_roe",1778121600.0,8.4625,0.9899108,7.625,9.287799999999999,0.12247,1.0,0.55869997,,0.1149,3.0
VC,False,44.170343323924186,"graham_pe_times_pb,munger_roe,munger_gross_margin",2782117632.0,19.701797,1.7883985,1.775,0.25696,0.09538999,0.12808,0.07813,203124992.0,0.014499999999999999,4.0
CZR,False,44.13866623809524,"data_missing:trailing_pe,graham_current_ratio,graham_debt_to_equity,graham_earnings_stability,munger_roe",6038271488.0,,1.7915859,0.851,7.2987,-0.103769995,0.49691,0.17674999,762499968.0,,0.0
ABBV,False,44.12814657730132,"data_missing:debt_to_equity,data_missing:return_on_equity,graham_current_ratio,graham_pe,graham_pe_times_pb",462039318528.0,73.86017,-77.84013,0.809,,,0.72792,0.40035,16870250496.0,0.026000000000000002,4.0
MATX,False,44.10866475956532,"graham_current_ratio,graham_pe_times_pb,munger_gross_margin",6666975744.0,15.023584,2.4041624,0.888,0.25834,0.17206,0.23023,0.16072,147124992.0,0.0068000000000000005,4.0
JXN,False,44.107350037500005,"graham_pe,graham_pe_times_pb,munger_roe",8964576256.0,145.45055,0.9571537,1.806,0.54611,0.0137600005,0.48801,-8.101191,1227750016.0,0.0273,4.0
ELAN,False,43.99598837682703,"data_missing:trailing_pe,graham_earnings_stability,munger_roe",12540508160.0,,1.9032454,2.05,0.64253,-0.029779999,0.55359,0.086260006,826875008.0,,0.0
PPLI,False,43.9760529214795,"graham_earnings_stability,munger_roe",2920102912.0,6.635364,0.57447773,3.691,0.27577,0.09043,0.66347003,-0.03297,73941128.0,,0.0
GWRE,False,43.93361518518804,"graham_earnings_stability,graham_pe,graham_pe_times_pb,munger_roe",15795398656.0,102.0,11.992415,2.445,0.53467,0.1193,0.64011,0.08224,283154240.0,,1.0
GOLF,False,43.868168227222235,"graham_debt_to_equity,graham_pe,graham_pe_times_pb",5082115072.0,24.65014,5.495453,2.55,1.17199,0.25239,0.47506002,0.16048001,45248500.0,0.0118,4.0
HAL,False,43.86261181278922,"graham_pe_times_pb,munger_roe,munger_gross_margin",28044302336.0,17.575916,2.542989,2.018,0.7418600000000001,0.14917,0.15076,0.12793,2052249984.0,0.020099999999999996,4.0
RSG,False,43.851553745472685,"graham_current_ratio,graham_debt_to_equity,graham_pe,graham_pe_times_pb",68045119488.0,31.835958,5.6514497,0.644,1.18798,0.18152,0.43035,0.20429,1942625024.0,0.0121,4.0
FOXA,False,43.84696483713104,"graham_pe_times_pb,munger_roe",29403293696.0,18.21224,2.5235448,3.169,0.6406000000000001,0.14291,0.36629,0.25214002,555374976.0,0.008199999999999999,4.0
CWEN,False,43.826686764439025,"graham_current_ratio,graham_debt_to_equity,graham_pe,graham_pe_times_pb,munger_roe",8082262016.0,38.104652,2.145195,1.207,1.76898,-0.03167,0.64422,0.25156,421750016.0,0.0571,4.0
LKQ,False,43.81807142857143,munger_roe,6471793152.0,14.451978,1.0054241,1.578,0.8210500000000001,0.07131,0.3834,0.07013,724124992.0,0.0473,4.0
FLO,False,43.8094879452381,"graham_size,graham_current_ratio,graham_debt_to_equity,graham_pe,graham_pe_times_pb,munger_roe",1542653568.0,27.988077,1.1657962,0.771,1.1100700000000001,0.053629998,0.48716,0.0828,239973744.0,0.0703,4.0
RNG,False,43.76971428571429,"data_missing:debt_to_equity,data_missing:return_on_equity,graham_current_ratio,graham_earnings_stability,graham_pe,graham_pe_times_pb",5461185536.0,52.31888,-8.974694,1.106,,,0.71861,0.08796,639506496.0,0.0042,1.0
PTON,False,43.719380952380945,"data_missing:debt_to_equity,data_missing:return_on_equity,graham_earnings_stability,graham_pe,graham_pe_times_pb",2348008192.0,38.215,-16.824215,2.837,,,0.52604,0.14431,353875008.0,,1.0
CNM,False,43.71873769562189,"graham_debt_to_equity,graham_pe_times_pb,munger_gross_margin",8544792576.0,18.707628,4.065752,2.312,1.15941,0.23888001,0.2706,0.09267,437875008.0,,4.0
PLNT,False,43.64429334765507,"data_missing:debt_to_equity,data_missing:return_on_equity,graham_pe_times_pb",4019250432.0,18.02381,-8.695438,1.584,,,0.58525,0.33653998,156152992.0,,4.0
ECL,False,43.60793977581942,"graham_debt_to_equity,graham_pe,graham_pe_times_pb",82559582208.0,39.58468,8.210483,1.841,1.38023,0.21956,0.44210997,0.18521999,1474824960.0,0.0101,4.0
TGT,False,43.502706117533776,"graham_current_ratio,graham_debt_to_equity,graham_pe_times_pb,munger_gross_margin",73613385728.0,16.809128,4.1255693,0.988,1.06989,0.26408002,0.2838,0.05901,3447375104.0,0.028399999999999998,4.0
UFPT,False,43.47622021385526,"graham_pe,graham_pe_times_pb,munger_gross_margin",2373929728.0,33.168835,5.1336684,3.0,0.29483,0.17052001,0.28496,0.1619,34872376.0,,4.0
ACMR,False,43.43131709523809,"graham_pe,graham_pe_times_pb,munger_roe,munger_fcf",5669793280.0,38.398586,3.047735,3.656,0.14523999999999998,0.11627,0.43835,0.16982001,-186610256.0,,4.0
KBR,False,43.420335118178045,"graham_current_ratio,graham_debt_to_equity,graham_earnings_stability,graham_pe_times_pb,munger_gross_margin",4792339456.0,11.45,2.9293365,1.148,1.7040199999999999,0.27531,0.14476,0.07611,281500000.0,0.0175,2.0
ARES,False,43.41701655695259,"graham_current_ratio,graham_debt_to_equity,graham_pe,graham_pe_times_pb,munger_roe",47212593152.0,64.1861,12.975704,0.544,1.7237799999999999,0.14941,0.37407002,0.19381,2159716096.0,0.0378,4.0
MOG-A,False,43.40375814810932,"graham_pe,graham_pe_times_pb,munger_gross_margin",12020791296.0,32.302128,5.407234,2.087,0.51557,0.18106002,0.28204,0.14516,333472640.0,0.0032,4.0
BIO,False,43.390008138880496,"graham_earnings_stability,graham_pe,graham_pe_times_pb,munger_roe",10437022720.0,46.483906,1.4535804,3.142,0.19103,0.0311,0.52041,0.111829996,283187488.0,,1.0
GD,False,43.31126476677382,"graham_current_ratio,graham_pe,graham_pe_times_pb,munger_gross_margin",102944301056.0,23.22894,3.8317218,1.441,0.35335,0.17803,0.15375,0.1038,4400124928.0,0.0169,4.0
Q,False,43.266975469738846,"graham_pe,graham_pe_times_pb,munger_roe",26625853440.0,45.425003,3.667955,2.008,0.59992,0.06722,0.46219003,0.22323,772249984.0,0.0025,4.0
IRT,False,43.26049767583409,"graham_current_ratio,graham_earnings_stability,graham_pe,graham_pe_times_pb,munger_roe",4039285504.0,92.86111,1.1709282,0.588,0.7015600000000001,0.0125899995,0.60678,0.14755,186066880.0,0.041299999999999996,2.0
CRH,False,43.24623246684751,graham_pe_times_pb,64795181056.0,17.207544,2.6983624,1.579,0.7759199999999999,0.15812,0.3625,0.19022,2019124992.0,0.016200000000000003,4.0
VCEL,False,43.20875920701053,"graham_earnings_stability,graham_pe,graham_pe_times_pb,munger_roe",2177817344.0,88.604164,5.881621,5.039,0.25168,0.07157,0.7456,0.0056,55544876.0,,2.0
WWD,False,43.16131732454449,"graham_pe,graham_pe_times_pb,munger_gross_margin",20265115648.0,37.42748,8.098778,1.645,0.5594100000000001,0.22339001,0.29626,0.17764,187228624.0,0.0038,4.0
PSX,False,43.12553464095384,"graham_current_ratio,graham_pe_times_pb,munger_gross_margin",95114616832.0,13.899125,3.0189466,1.32,0.62884,0.23452999,0.13098,0.08529,4545375232.0,0.021400000000000002,4.0
SLG,False,42.99490452380953,"data_missing:trailing_pe,graham_debt_to_equity,graham_earnings_stability,munger_roe",4588347904.0,,1.3258541,2.466,1.4255600000000002,-0.03573,0.44757998,0.18843001,581023296.0,0.042199999999999994,0.0
PM,False,42.96572700691407,"data_missing:debt_to_equity,data_missing:return_on_equity,graham_current_ratio,graham_pe,graham_pe_times_pb",304880353280.0,26.541384,-35.52025,0.98,,,0.67481005,0.40002,9714374656.0,0.030299999999999997,4.0
MKSI,False,42.96397732219002,"graham_current_ratio,graham_debt_to_equity,graham_earnings_stability,graham_pe,graham_pe_times_pb",18187096064.0,42.829617,6.0851564,1.144,1.4009399999999999,0.15845999,0.46952,0.20593001,480375008.0,0.0037,2.0
CCI,False,42.96112057512238,"data_missing:debt_to_equity,data_missing:return_on_equity,graham_current_ratio,graham_earnings_stability,graham_pe,graham_pe_times_pb",32540958720.0,31.218367,-9.964174,0.522,,,0.73732,0.46825,1036249984.0,0.0557,1.0
MBGL,False,42.92645,"data_missing:return_on_equity,data_missing:free_cash_flow,graham_earnings_stability,graham_pe,graham_pe_times_pb",6103670784.0,49.25,0.6200725,1.879,0.20417000000000002,,0.70948,0.25641,,0.0118,3.0
FICO,False,42.92476710445617,"data_missing:debt_to_equity,data_missing:return_on_equity,graham_current_ratio,graham_pe,graham_pe_times_pb",24430166016.0,32.72057,-5.9625535,1.183,,,0.851,0.53787,774413504.0,,4.0
PRLB,False,42.91162452713169,"graham_size,graham_earnings_stability,graham_pe,graham_pe_times_pb,munger_roe",1846629248.0,61.26516,2.669598,3.637,0.0032400000000000003,0.04494,0.45421,0.088520005,41775752.0,,3.0
ENOV,False,42.91032142857143,"data_missing:trailing_pe,graham_size,graham_earnings_stability,munger_roe",1444909184.0,,0.97813785,1.985,0.9255500000000001,-0.54142,0.61316,0.04185,185567744.0,,0.0
CERT,False,42.89887796159148,"data_missing:trailing_pe,graham_size,graham_earnings_stability,munger_roe",1243191040.0,,1.2858946,2.551,0.31241,-0.022090001,0.61608005,-0.0021,62582376.0,,0.0
BILL,False,42.882219677431586,"data_missing:trailing_pe,graham_earnings_stability,munger_roe",4726860800.0,,1.237549,1.51,0.5374300000000001,-0.00302,0.83938,0.09702,222836880.0,,0.0
FIVE,False,42.85753481527818,"graham_pe,graham_pe_times_pb",14118009856.0,32.566326,6.105359,2.098,0.86432,0.21127,0.36805,0.11998,427309888.0,,4.0
JCI,False,42.803925327130365,"graham_current_ratio,graham_pe,graham_pe_times_pb,munger_roe",87250993152.0,40.574646,6.4716716,1.0,0.70107,0.14332,0.36651,0.15875,2984124928.0,0.0113,4.0
VRSN,False,42.7995298386019,"data_missing:debt_to_equity,data_missing:return_on_equity,graham_current_ratio,graham_pe,graham_pe_times_pb",26695118848.0,32.0282,-11.842791,0.591,,,0.88465,0.68178004,832837504.0,0.011000000000000001,4.0
PRSU,False,42.785535714285714,"graham_size,graham_pe,graham_pe_times_pb,munger_roe,munger_fcf",1343168640.0,33.287163,2.5045755,1.606,0.39954999999999996,0.08914,0.92541003,0.16551,-54856000.0,,4.0
CBT,False,42.77530440941874,"graham_current_ratio,graham_pe,graham_pe_times_pb,munger_roe,munger_gross_margin",4379044864.0,23.761906,2.7288811,1.467,0.74394,0.13345,0.24215999,0.14257,258250000.0,0.022099999999999998,4.0
R,False,42.75632142857143,"graham_current_ratio,graham_debt_to_equity,graham_pe,graham_pe_times_pb,munger_gross_margin",9505422336.0,20.136475,3.301633,0.646,2.9360899999999996,0.16697,0.1983,0.08455,949249984.0,0.016399999999999998,4.0
FDX,False,42.72017789449691,"graham_current_ratio,graham_debt_to_equity,graham_pe_times_pb,munger_roe,munger_gross_margin",79850242048.0,18.18814,2.5586405,1.475,1.35697,0.14846,0.27318,0.11129,5656625152.0,0.0146,4.0
VAC,False,42.66182790147768,"data_missing:trailing_pe,graham_debt_to_equity,graham_earnings_stability,munger_roe",4041449984.0,,2.0253034,4.549,2.68546,-0.1471,0.53148,0.18478,275249984.0,0.0273,0.0
AMN,False,42.642,"graham_size,graham_current_ratio,graham_debt_to_equity,graham_earnings_stability,munger_gross_margin",1321854720.0,12.92803,1.7825248,1.128,1.04658,0.15556,0.27786,0.03997,445770624.0,,0.0
TR,False,42.63081076335708,"graham_pe,graham_pe_times_pb,munger_roe",3116260352.0,32.645668,3.2635388,2.893,0.013959999999999998,0.1034,0.34493,0.08946,59253124.0,0.0087,4.0
ROG,False,42.58443533259498,"graham_earnings_stability,graham_pe,graham_pe_times_pb,munger_roe",2250878976.0,75.065475,1.8737928,3.988,0.02366,0.02596,0.32439,0.09548,99825000.0,,0.0
AWK,False,42.571250000000006,"graham_current_ratio,graham_debt_to_equity,graham_pe,graham_pe_times_pb,munger_roe,munger_fcf",27440498688.0,23.930676,2.35238,0.523,1.37745,0.10095,0.61469,0.40664002,-1785374976.0,0.026000000000000002,4.0
ARW,False,42.5591293974993,"graham_current_ratio,munger_roe,munger_gross_margin",10361799680.0,12.998085,1.4811823,1.217,0.30663,0.12036,0.11271,0.0395,732857856.0,,4.0
CMI,False,42.54100714902044,"graham_pe,graham_pe_times_pb,munger_gross_margin",80141975552.0,29.647013,6.2235184,1.727,0.59586,0.21114,0.25772,0.11896,2229374976.0,0.0154,4.0
SUPN,False,42.48282366112072,"data_missing:trailing_pe,graham_earnings_stability,munger_roe",2622109440.0,,2.5442753,2.083,0.03895,-0.104899995,0.72890997,-0.02485,84611000.0,,0.0
LNN,False,42.47350429591351,"graham_size,graham_pe,graham_pe_times_pb,munger_roe,munger_gross_margin",1174506240.0,22.168905,2.3533006,2.935,0.27616,0.10741,0.29463,0.115159996,41360124.0,0.013300000000000001,4.0
MCD,False,42.3971004659268,"data_missing:debt_to_equity,data_missing:return_on_equity,graham_current_ratio,graham_pe,graham_pe_times_pb",189315334144.0,21.732737,-185.01384,1.081,,,0.57382,0.46485,6262374912.0,0.0278,4.0
CIEN,False,42.38743383497485,"graham_pe,graham_pe_times_pb",56062742528.0,132.90436,19.389748,2.727,0.54649,0.15464,0.43047002,0.15195,700927872.0,,4.0
STAA,False,42.3704466203642,"graham_size,graham_earnings_stability,graham_pe,graham_pe_times_pb,munger_roe",1142029184.0,284.6875,3.2177167,4.665,0.09836,0.0109399995,0.76622003,0.10885999,15348500.0,,0.0
MSEX,False,42.35804010119048,"graham_size,graham_current_ratio,graham_pe,graham_pe_times_pb,munger_roe,munger_fcf",1110096896.0,22.745174,2.1302524,0.497,0.83981,0.097679995,0.53659,0.344,-28346000.0,0.0245,4.0
REYN,False,42.34669796736479,"graham_pe_times_pb,munger_gross_margin",5160639488.0,15.399371,2.2344406,1.795,0.7134199999999999,0.15433,0.25145,0.14619,244124992.0,0.0374,4.0
MSCI,False,42.27500786173875,"data_missing:debt_to_equity,data_missing:return_on_equity,graham_current_ratio,graham_pe,graham_pe_times_pb",41055141888.0,30.909685,-15.265178,0.894,,,0.82975,0.56298,1194705920.0,0.014499999999999999,4.0
NEE,False,42.26803571428571,"graham_current_ratio,graham_debt_to_equity,graham_pe_times_pb,munger_roe,munger_fcf",175733112832.0,18.934834,3.07653,0.534,1.61676,0.11677,0.61024,0.31524,-17766875136.0,0.0296,4.0
DIS,False,42.25421428328933,"graham_current_ratio,graham_pe,graham_pe_times_pb,munger_roe",191239192576.0,22.836082,1.7413759,0.709,0.39404000000000006,0.0801,0.37595,0.19301,4860375040.0,0.013500000000000002,4.0
ATR,False,42.22474179903457,"graham_pe,graham_pe_times_pb,munger_roe",8669922304.0,24.613718,3.2996974,1.614,0.5278,0.13459,0.3607,0.12494001,265978880.0,0.0143,4.0
ES,False,42.16329644403445,"graham_current_ratio,graham_debt_to_equity,graham_earnings_stability,graham_pe_times_pb,munger_roe",26834309120.0,18.503897,1.6418908,0.8,1.807,0.09016,0.52752,0.23923,811961344.0,0.0443,2.0
AZZ,False,42.11334715795439,"graham_earnings_stability,graham_pe,graham_pe_times_pb,munger_gross_margin",4197894144.0,21.261795,3.0472057,1.923,0.39448,0.15314999,0.23807,0.17175,104912376.0,0.0069,3.0
WSC,False,41.91473311887671,"data_missing:trailing_pe,graham_current_ratio,graham_debt_to_equity,graham_earnings_stability,munger_roe",3924596224.0,,4.5031185,0.811,4.16655,-0.07083,0.52324003,0.20124,248800992.0,0.0132,0.0
PRU,False,41.90363078095238,"graham_current_ratio,graham_debt_to_equity,graham_earnings_stability,munger_roe,munger_gross_margin",41456926720.0,10.89438,1.3052759,0.777,1.6389099999999999,0.12011,0.29015,0.075219996,7527750144.0,0.0466,3.0
BFAM,False,41.893628925961366,"graham_current_ratio,graham_debt_to_equity,graham_pe,graham_pe_times_pb,munger_roe,munger_gross_margin",3584665088.0,23.398413,3.8468163,0.479,2.17779,0.14942999,0.25485,0.127,240151376.0,,4.0
DIOD,False,41.890160673718256,"graham_pe,graham_pe_times_pb,munger_roe",4307215872.0,50.284946,2.1974485,3.167,0.04401,0.04684,0.31734,0.07458,176820256.0,,4.0
MMI,False,41.88378022465302,"graham_size,graham_earnings_stability,graham_pe,graham_pe_times_pb,munger_roe",1224369664.0,87.37838,2.1141775,2.915,0.12808999999999998,0.0242,0.37724,0.01091,68309504.0,0.0154,0.0
ASH,False,41.8481333067584,"graham_earnings_stability,graham_pe,graham_pe_times_pb,munger_roe",3423892480.0,47.928402,1.830941,3.047,0.7893000000000001,0.0399,0.33388,0.11469,269124992.0,0.022799999999999997,0.0
ALG,False,41.83476808030394,"graham_pe_times_pb,munger_roe,munger_gross_margin",2011251968.0,19.790419,1.6640652,4.391,0.23471,0.08771,0.24215001,0.10153,91344752.0,0.008100000000000001,4.0
ACLS,False,41.823993425730634,"graham_pe,graham_pe_times_pb,munger_roe",3800442624.0,41.158997,3.5656662,4.896,0.0655,0.088870004,0.43011,0.09425,42032248.0,,4.0
ST,False,41.777883333333335,"graham_earnings_stability,graham_pe,graham_pe_times_pb,munger_roe,munger_gross_margin",6239849984.0,69.15323,2.1089523,2.291,0.8259799999999999,0.03079,0.29497,0.16394,504049504.0,0.011399999999999999,2.0
WINA,False,41.65791814221883,"data_missing:debt_to_equity,data_missing:return_on_equity,data_missing:consecutive_positive_earnings_years,graham_size,graham_pe,graham_pe_times_pb",1237412480.0,31.287466,-32.84468,3.75,,,0.96664,0.62101,32954364.0,0.0118,
PHIN,False,41.649135457142854,"graham_pe,graham_pe_times_pb,munger_roe,munger_gross_margin",2580603648.0,20.181948,1.6746314,1.806,0.68916,0.08523,0.21798,0.077659994,269249984.0,0.0169,4.0
JBTM,False,41.606048736669045,"graham_current_ratio,graham_earnings_stability,graham_pe,graham_pe_times_pb,munger_roe",6242596352.0,32.43531,1.390529,1.239,0.37545,0.0437,0.35551,0.08053,341062496.0,0.0034000000000000002,0.0
UNH,False,41.60047869711996,"graham_current_ratio,graham_pe,graham_pe_times_pb,munger_roe,munger_gross_margin",362574446592.0,25.976849,3.7133324,0.777,0.69211,0.14152999,0.19723,0.071329996,24272250880.0,0.023399999999999997,4.0
RBA,False,41.58893744277296,"graham_current_ratio,graham_pe,graham_pe_times_pb,munger_roe",16169908224.0,37.411636,2.885472,1.312,0.77606,0.08066,0.45761,0.17721,603587520.0,0.0155,4.0
KMI,False,41.58045537239364,"graham_current_ratio,graham_pe,graham_pe_times_pb,munger_roe",71172177920.0,20.63871,2.250123,0.458,0.98619,0.109910004,0.49407002,0.30065,1075000064.0,0.0381,4.0
GNRC,False,41.566586430801465,"graham_pe,graham_pe_times_pb,munger_roe",12178026496.0,47.336582,4.2319403,2.045,0.49003,0.09491,0.39539,0.17932,289056512.0,,4.0
JBHT,False,41.54211911875675,"graham_current_ratio,graham_pe,graham_pe_times_pb,munger_gross_margin",24774576128.0,37.530582,6.7753778,1.255,0.38372999999999996,0.18448,0.18505,0.07423,903028352.0,0.0069,4.0
NNN,False,41.53925,"graham_current_ratio,graham_debt_to_equity,graham_pe,graham_pe_times_pb,munger_roe,munger_fcf",8852835328.0,22.721676,1.9846393,0.179,1.1211799999999998,0.08719,0.96094,0.61697,-1371816320.0,0.0538,4.0
BWA,False,41.50285421420975,"graham_pe,graham_pe_times_pb,munger_roe,munger_gross_margin",13343201280.0,32.2734,2.3738177,2.127,0.7011,0.08056,0.19325,0.106359996,1066249984.0,0.0104,4.0
TMO,False,41.45321377293528,"graham_pe,graham_pe_times_pb,munger_roe",232580300800.0,33.836742,4.415047,1.551,0.8057500000000001,0.13515,0.40987998,0.18751,6237250048.0,0.003,4.0
NOVT,False,41.41113795142558,"graham_pe,graham_pe_times_pb,munger_roe",5426471936.0,90.81646,3.356884,4.569,0.17668,0.051090002,0.44544998,0.11497,118383248.0,,4.0
REX,False,41.39996642785905,"graham_size,graham_pe_times_pb,munger_gross_margin",1384866304.0,15.016071,2.2008479,6.76,0.027000000000000003,0.15793,0.16525,0.117910005,24365876.0,,4.0
CVNA,False,41.34303079799222,"graham_debt_to_equity,graham_earnings_stability,graham_pe,graham_pe_times_pb,munger_gross_margin",113465516032.0,40.343914,13.61121,3.926,1.1088,0.58773,0.19371,0.09219,424375008.0,,3.0
LAZ,False,41.31832142857142,"data_missing:free_cash_flow,graham_debt_to_equity,graham_earnings_stability,graham_pe,graham_pe_times_pb",4239711232.0,21.21675,4.5907054,5.305,2.25799,0.25665,0.89509004,0.04829,,0.045700000000000005,2.0
AJG,False,41.301580011927264,"graham_current_ratio,graham_pe,graham_pe_times_pb,munger_roe",68827553792.0,44.453644,2.9015734,1.053,0.59401,0.06722,0.43186,0.1916,2082300032.0,0.0104,4.0
IART,False,41.257055707287776,"data_missing:trailing_pe,graham_size,graham_debt_to_equity,graham_earnings_stability,munger_roe",1298411904.0,,1.2445024,3.601,1.96489,-0.00696,0.56872004,0.09621,94402000.0,,0.0
CI,False,41.178190309523806,"graham_current_ratio,munger_gross_margin",75260977152.0,11.774287,1.7622492,0.846,0.7429000000000001,0.16758,0.091359995,0.03985,7980125184.0,0.0223,4.0
AVNT,False,41.1630157735601,"graham_pe,graham_pe_times_pb,munger_roe",4162233344.0,24.52973,1.7080055,1.9,0.76563,0.071100004,0.32994,0.1277,263787504.0,0.024700000000000003,4.0
FUL,False,41.14093737412402,"graham_debt_to_equity,munger_roe",3116173824.0,17.191395,1.4963325,1.796,1.06252,0.09388,0.32394,0.13299,219408128.0,0.0172,4.0
COIN,False,41.11177781673676,"data_missing:trailing_pe,graham_earnings_stability,munger_roe",48485314560.0,,3.7061613,2.423,0.5098199999999999,-0.07847,0.8581,-0.13922,2668452864.0,,3.0
AFG,False,41.060878156456724,"graham_pe_times_pb,munger_gross_margin",11940690944.0,12.653778,2.4766524,2.085,0.42232,0.20413,0.20156,0.17241,142250000.0,0.0245,4.0
APTV,False,40.977371,"graham_pe,munger_roe,munger_gross_margin",9825541120.0,21.00905,1.1052657,2.018,0.6493800000000001,0.05158,0.19251,0.12675999,1615874944.0,,4.0
PAYO,False,40.96189982857143,"graham_current_ratio,graham_earnings_stability,graham_pe,graham_pe_times_pb,munger_roe,munger_fcf",2409229568.0,50.785713,3.6858475,1.003,0.13183999999999998,0.07058,0.85370004,0.061739996,-69092496.0,,3.0
NOV,False,40.87429047619048,"graham_pe,graham_pe_times_pb,munger_roe,munger_gross_margin",7117085696.0,73.94444,1.1496603,2.422,0.37151,0.01545,0.21646,0.0717,673374976.0,0.0181,4.0
LFUS,False,40.80078190534666,"data_missing:trailing_pe,graham_earnings_stability,munger_roe",10489428992.0,,4.0057616,2.761,0.27093,-0.0030899998,0.39343,0.18799,364767136.0,0.0079,0.0
TAP,False,40.7747380952381,"data_missing:trailing_pe,graham_current_ratio,graham_earnings_stability,munger_roe",7867423744.0,,0.7793107,0.879,0.7603,-0.19466,0.37013,0.11297,935137472.0,0.045700000000000005,0.0
EZPW,False,40.760850000000005,"graham_pe_times_pb,munger_roe,munger_fcf",2126555264.0,17.39196,1.8268673,4.811,0.69526,0.14745,0.58554,0.13097,-11004125.0,,4.0
GATX,False,40.751106767857145,"graham_debt_to_equity,graham_pe_times_pb,munger_roe,munger_fcf",6369914880.0,17.881565,2.2877123,3.302,3.47592,0.117989995,0.73627,0.27771,-4936737280.0,0.0147,4.0
PANW,False,40.69274599988681,"graham_current_ratio,graham_earnings_stability,graham_pe,graham_pe_times_pb,munger_roe",277540110336.0,293.56897,10.006464,0.856,0.07698,0.048309997,0.71963996,-0.02465,3579375104.0,,3.0
AKAM,False,40.672955968551236,"graham_debt_to_equity,graham_pe,graham_pe_times_pb,munger_roe",15350370304.0,38.699276,3.2298155,1.637,1.96672,0.08918,0.57452,0.076290004,710060096.0,,4.0
FLS,False,40.65483313649203,"graham_pe,graham_pe_times_pb",10484649984.0,28.583626,4.6201286,2.153,0.9960800000000001,0.16936001,0.35146,0.13919,428336256.0,0.0109,4.0
CRSR,False,40.624553458588984,"graham_size,graham_earnings_stability,graham_pe,graham_pe_times_pb,munger_roe",1276488192.0,34.705883,1.919948,1.752,0.27172999999999997,0.05845,0.30526,-0.02543,77311376.0,,0.0
NOC,False,40.525904777789094,"graham_current_ratio,graham_pe_times_pb,munger_gross_margin",77926539264.0,17.43041,4.3573256,1.168,0.95348,0.26958,0.2006,0.11604,2478000128.0,0.0182,4.0
VMC,False,40.51600304159426,"graham_pe,graham_pe_times_pb,munger_roe,munger_gross_margin",35788349440.0,32.840668,4.2221203,1.757,0.5821999999999999,0.13234,0.27506,0.21611,843600000.0,0.0076,4.0
DBD,False,40.5111436952381,"graham_current_ratio,graham_debt_to_equity,graham_earnings_stability,graham_pe,graham_pe_times_pb,munger_roe,munger_gross_margin",2285793536.0,22.296358,2.3624656,1.267,1.13548,0.10944,0.26274002,0.082720004,312012512.0,,1.0
MAR,False,40.50762053865451,"data_missing:debt_to_equity,data_missing:return_on_equity,graham_current_ratio,graham_pe,graham_pe_times_pb",93523828736.0,37.39833,-20.750404,0.535,,,0.79241997,0.65276,2060375040.0,0.008199999999999999,4.0
FRPT,False,40.40360061524426,"graham_earnings_stability,graham_pe_times_pb",3616369920.0,19.49482,2.9563134,6.046,0.39885,0.17622,0.41367,0.07113,19274124.0,,2.0
COTY,False,40.3693,"data_missing:trailing_pe,graham_current_ratio,graham_earnings_stability,munger_roe",2372857088.0,,0.7938144,0.755,0.9753799999999999,-0.16093001,0.62894,-0.024419999,362687488.0,,0.0
TDG,False,40.27562457078832,"data_missing:debt_to_equity,data_missing:return_on_equity,graham_pe,graham_pe_times_pb",68302184448.0,37.09387,-7.269757,3.019,,,0.59824,0.46005002,1457374976.0,,4.0
HLX,False,40.26150714285714,"graham_size,graham_earnings_stability,graham_pe,graham_pe_times_pb,munger_roe,munger_gross_margin",1438452736.0,40.666668,0.9083295,3.465,0.38543999999999995,0.02191,0.13374,0.11531,296176736.0,,2.0
POST,False,40.22173753809524,"graham_debt_to_equity,munger_roe,munger_gross_margin",3721890816.0,14.930909,1.1727575,1.851,2.47074,0.082779996,0.2882,0.102819994,394649984.0,,4.0
AZTA,False,40.19142845431376,"data_missing:trailing_pe,graham_size,graham_earnings_stability,munger_roe",1434286848.0,,0.94882053,2.5,0.03574,-0.07041,0.44048,-0.022739999,63366000.0,,0.0
INDV,False,40.09074930496311,"data_missing:debt_to_equity,data_missing:return_on_equity,graham_current_ratio,graham_earnings_stability,graham_pe_times_pb",4247901184.0,12.901434,-20.416903,0.835,,,0.85725,0.46939,86500000.0,,2.0
COR,False,40.06131034352715,"graham_current_ratio,graham_debt_to_equity,graham_pe,graham_pe_times_pb,munger_gross_margin",62797402112.0,24.108425,20.582937,0.935,4.46516,0.96871,0.03961,0.014149999,2043314048.0,0.0073,4.0
FOUR,False,40.045832366666666,"data_missing:consecutive_positive_earnings_years,graham_current_ratio,graham_debt_to_equity,graham_pe,graham_pe_times_pb,munger_roe",3747052544.0,74.148445,6.112972,1.211,2.6232100000000003,0.064899996,0.35904998,0.0749,353524992.0,,
HWKN,False,40.01516073065076,"graham_pe,graham_pe_times_pb,munger_gross_margin",2494680576.0,30.959845,5.6511564,2.27,0.42302999999999996,0.15614,0.22304001,0.09476,81369504.0,0.0068000000000000005,4.0
HIMS,False,40.0,"data_missing:trailing_pe,graham_current_ratio,graham_debt_to_equity,graham_earnings_stability,munger_roe",7272262144.0,,22.440245,0.934,4.77128,-0.32033002,0.69528997,-0.12751001,849437248.0,,2.0
BA,False,39.992055798958255,"graham_current_ratio,graham_debt_to_equity,graham_earnings_stability,graham_pe,graham_pe_times_pb,munger_gross_margin",167017431040.0,75.7957,27.406687,1.138,7.90875,1.73537,0.0471,4.0000003e-05,5625375232.0,,1.0
WAB,False,39.96026529581946,"graham_current_ratio,graham_pe,graham_pe_times_pb,munger_roe",50864123904.0,40.583557,4.540835,1.121,0.61686,0.11553001,0.35735,0.19188,1101374976.0,0.0042,4.0
CHRW,False,39.88312535646735,"graham_debt_to_equity,graham_pe,graham_pe_times_pb,munger_gross_margin",17318524928.0,28.284353,10.664125,1.582,1.21188,0.37123,0.08447,0.05337,480618368.0,0.0175,4.0
WTRG,False,39.868500000000004,"graham_current_ratio,graham_debt_to_equity,graham_pe,graham_pe_times_pb,munger_roe,munger_fcf",11612219392.0,20.984613,1.6545365,0.777,1.21656,0.08078,0.5643,0.35409,-657633024.0,0.0354,4.0
NSIT,False,39.84981060714286,"graham_current_ratio,graham_debt_to_equity,graham_pe,graham_pe_times_pb,munger_roe,munger_gross_margin",4424926208.0,22.303255,2.7725267,1.183,1.08517,0.13112001,0.22103001,0.06179,438449760.0,,4.0
ONTO,False,39.83541244412719,"graham_pe,graham_pe_times_pb,munger_roe",17758191616.0,108.406715,7.409211,9.726,0.76547,0.06825,0.55492,0.2297,202947248.0,,4.0
MTX,False,39.82275747619048,"data_missing:trailing_pe,graham_current_ratio,graham_earnings_stability,munger_roe,munger_gross_margin",2270220544.0,,1.4695036,1.429,0.61194,-0.03835,0.24516001,0.13603,392837504.0,0.0067,0.0
KBH,False,39.81207627619048,"munger_roe,munger_gross_margin",3484691712.0,13.829076,0.9177997,5.635,0.5264099999999999,0.06989,0.17731,0.036310002,316819744.0,0.0175,4.0
DGX,False,39.80446199789958,"graham_pe,graham_pe_times_pb,munger_roe",27023261696.0,26.018599,3.5832832,1.591,0.81074,0.14602,0.33192003,0.15248,909625024.0,0.0141,4.0
FDXF,False,39.75933333333334,"data_missing:debt_to_equity,graham_pe,graham_pe_times_pb,munger_gross_margin,munger_fcf",19436607488.0,29.679222,-39.108,1.517,,0.69093,0.29278,-0.057719998,-511124992.0,,4.0
KR,False,39.70896536904762,"graham_current_ratio,graham_debt_to_equity,graham_pe,graham_pe_times_pb,munger_roe,munger_gross_margin",35989962752.0,34.353798,6.3494377,0.791,3.73449,0.13779001,0.23979001,0.03224,2994500096.0,0.0246,4.0
HLT,False,39.68685681678352,"data_missing:debt_to_equity,data_missing:return_on_equity,graham_current_ratio,graham_pe,graham_pe_times_pb",74350198784.0,48.72419,-11.829055,0.649,,,0.79036003,0.62987,1393874944.0,0.0018,4.0
COO,False,39.6690058464977,"graham_current_ratio,graham_pe,graham_pe_times_pb,munger_roe",14155323392.0,61.50848,1.7169758,1.274,0.33093000000000006,0.02853,0.65550005,-0.02866,424275008.0,,4.0
EXP,False,39.5951990713222,"graham_debt_to_equity,graham_pe_times_pb,munger_gross_margin",6134451200.0,16.19271,4.142946,3.231,1.20746,0.2703,0.2702,0.21666999,25278250.0,0.005,4.0
MTD,False,39.5267337703522,"data_missing:return_on_equity,data_invalid_outlier:debt_to_equity,graham_current_ratio,graham_debt_to_equity,graham_pe,graham_pe_times_pb",28170399744.0,31.729856,2196.7969,1.122,166.68447,,0.60256,0.312,693589632.0,,4.0
VTRS,False,39.48441623809524,"data_missing:trailing_pe,graham_earnings_stability,munger_roe",19313555456.0,,1.335796,1.585,0.9553499999999999,-0.02754,0.40307,0.12550999,2677337600.0,0.0287,0.0
GIS,False,39.47033376190476,"data_missing:trailing_pe,graham_current_ratio,graham_debt_to_equity,graham_earnings_stability,munger_roe",21494779904.0,,3.8830404,0.682,2.17629,-0.01028,0.33733,0.19194001,2308499968.0,0.0613,0.0
KSS,False,39.37703605714285,"graham_size,graham_current_ratio,graham_debt_to_equity,graham_earnings_stability,munger_roe",1915325824.0,7.096638,0.47429162,1.482,1.62351,0.069970004,0.40521,0.014520001,807124992.0,0.028300000000000002,3.0
GNW,False,39.36166919761905,"munger_roe,munger_gross_margin",3731279104.0,19.362745,0.42667648,10.675,0.23338,0.033970002,0.06625,0.07248,673625024.0,,4.0
MDLZ,False,39.35336155463493,"graham_current_ratio,graham_pe,graham_pe_times_pb,munger_roe",81094574080.0,23.141026,3.0368216,0.599,0.82643,0.13340001,0.31146,0.21978001,2252375040.0,0.033,4.0
FN,False,39.351614285714284,"graham_pe,graham_pe_times_pb,munger_gross_margin,munger_fcf",15670407168.0,33.56063,6.3849874,2.253,0.00164,0.21326,0.11991,0.10231,-57873500.0,,4.0
THRM,False,39.2971967656962,"graham_size,graham_pe,graham_pe_times_pb,munger_roe,munger_gross_margin",1226826624.0,46.459305,1.6966031,2.064,0.44955,0.03735,0.24033001,0.07101,84331624.0,,4.0
EPC,False,39.281270761904764,"data_missing:trailing_pe,graham_size,munger_roe",1328973824.0,,0.91749394,1.842,0.87622,-0.012949999,0.40952998,0.08805,241862496.0,0.0207,4.0
AEO,False,39.224493493124854,graham_debt_to_equity,2925830144.0,11.050632,1.7783662,1.545,1.1406399999999999,0.17569,0.38194,0.023610001,144004128.0,0.029900000000000003,4.0
BOOT,False,39.21643240582517,"graham_pe,graham_pe_times_pb",4876162560.0,20.381012,3.6936522,2.53,0.59323,0.19174999,0.37824002,0.12776,12682000.0,,4.0
AGCO,False,39.21116244588425,"graham_current_ratio,graham_earnings_stability,munger_roe,munger_gross_margin",7832698880.0,15.469571,1.9187024,1.321,0.66053,0.118269995,0.25267,0.057290003,450262496.0,0.0108,1.0
JBSS,False,39.175082663298014,"graham_size,graham_pe_times_pb,munger_gross_margin",885485312.0,14.40114,2.3313432,2.08,0.28779,0.16724001,0.17963,0.041079998,29046376.0,0.0127,4.0
JJSF,False,39.13834237636453,"graham_size,graham_pe,graham_pe_times_pb,munger_roe",1663036672.0,34.503876,1.858882,2.343,0.21512,0.05292,0.3027,0.10827,57647500.0,0.0358,4.0
HCC,False,39.13005714285715,"graham_pe,graham_pe_times_pb,munger_roe,munger_fcf",5643487232.0,25.692308,2.464149,3.927,0.10297,0.10037,0.30597,0.18545,-53619500.0,0.003,4.0
MTH,False,39.11836811817003,"munger_roe,munger_gross_margin",4773676544.0,15.259375,0.9437937,14.355,0.37707,0.063769996,0.18275999,0.08185001,293902112.0,0.026099999999999998,4.0
BBWI,False,39.10628571428572,"data_missing:debt_to_equity,data_missing:return_on_equity,graham_current_ratio,graham_pe_times_pb",3569498368.0,5.0310225,-3.1416001,1.379,,,0.4323,0.10958,729000000.0,0.0455,4.0
NXRT,False,39.08145074676983,"data_missing:trailing_pe,graham_size,graham_debt_to_equity,graham_earnings_stability,munger_roe",1250876160.0,,2.4987113,2.87,6.29179,-0.11093,0.60032004,0.11203,71450872.0,0.0867,0.0
WBD,False,38.995007809523806,"data_missing:trailing_pe,graham_current_ratio,graham_earnings_stability,munger_roe",72443715584.0,,2.2069044,0.777,0.94199,-0.08786,0.47811002,0.05105,16167374848.0,,1.0
PAHC,False,38.99435607142857,"graham_size,graham_debt_to_equity,graham_pe_times_pb,munger_fcf",1463372160.0,15.482834,4.0442824,3.172,2.17971,0.30337998,0.32574,0.12560001,-17678250.0,0.0134,4.0
TXRH,False,38.97293276668002,"graham_current_ratio,graham_pe,graham_pe_times_pb,munger_gross_margin",13253231616.0,32.35657,8.624365,0.458,0.68842,0.27714002,0.16252,0.08509,235890752.0,0.0148,4.0
WYNN,False,38.89799452567825,"data_missing:debt_to_equity,data_missing:return_on_equity,graham_current_ratio,graham_earnings_stability,graham_pe,graham_pe_times_pb",10079599616.0,23.473621,-58.860497,0.912,,,0.683,0.16537,476188864.0,0.0101,3.0
MAC,False,38.86633641974425,"data_missing:trailing_pe,graham_current_ratio,graham_debt_to_equity,graham_earnings_stability,munger_roe",7151536128.0,,2.4356914,0.329,1.6892699999999998,-0.06179,0.54914004,0.16256,388895136.0,0.027999999999999997,0.0
KGS,False,38.76201818148661,"graham_current_ratio,graham_debt_to_equity,graham_pe,graham_pe_times_pb,munger_roe",6083429376.0,68.375,2.810369,1.447,1.30257,0.04587,0.63846,0.34208,16089375.0,0.0333,4.0
OPCH,False,38.76053019776984,"graham_current_ratio,graham_debt_to_equity,graham_pe_times_pb,munger_gross_margin",3580616448.0,18.109848,2.8417737,1.465,1.00649,0.15999,0.19058001,0.05903,256067872.0,,4.0
SAIA,False,38.73318707762493,"graham_pe,graham_pe_times_pb,munger_roe,munger_gross_margin",9253170176.0,33.51594,3.3846562,1.584,0.09872,0.10767,0.23584999,0.13091,135712256.0,,4.0
SKYW,False,38.72396814307124,graham_current_ratio,4116737280.0,10.307846,1.4634765,0.569,0.8633299999999999,0.15341,0.30895,0.14130999,145134624.0,,4.0
ETN,False,38.6624315668585,"graham_current_ratio,graham_debt_to_equity,graham_pe,graham_pe_times_pb",161990983680.0,42.48269,8.000076,1.24,1.05059,0.19684,0.36022,0.16563,3106125056.0,0.0108,4.0
ENPH,False,38.635521716003694,"graham_pe,graham_pe_times_pb,munger_roe",4951000064.0,36.82843,4.200022,3.451,0.5189900000000001,0.12996,0.30037,0.17981,78322752.0,,4.0
EL,False,38.54144363647651,"graham_current_ratio,graham_debt_to_equity,graham_earnings_stability,graham_pe,graham_pe_times_pb,munger_roe",37811187712.0,209.02,9.93441,1.222,2.4293199999999997,0.04745,0.75487,0.07003,1812125056.0,0.0134,1.0
LEA,False,38.51179047619048,"graham_current_ratio,munger_roe,munger_gross_margin",8264923648.0,11.548371,1.1869682,1.314,0.66026,0.12094,0.07696,0.04153,858987520.0,0.024900000000000002,4.0
SAFE,False,38.480000000000004,"graham_size,graham_debt_to_equity,graham_earnings_stability,munger_roe,munger_fcf",1098006400.0,9.630435,0.45168528,37.645,1.76953,0.0464,0.92913,0.73670995,-317175872.0,0.045700000000000005,2.0
ROCK,False,38.42398826666667,"graham_size,graham_current_ratio,graham_debt_to_equity,graham_earnings_stability,graham_pe,graham_pe_times_pb,munger_roe,munger_gross_margin",1362638848.0,22.838308,1.5461434,1.457,1.53722,0.06241,0.25445,0.122770004,307628128.0,,0.0
BDC,False,38.37363342937335,graham_pe_times_pb,4703451136.0,19.538961,3.3882275,2.135,0.97069,0.18643999,0.3766,0.13171,108234624.0,0.0017000000000000001,4.0
FUN,False,38.30119047619048,"data_missing:trailing_pe,graham_size,graham_current_ratio,graham_debt_to_equity,graham_earnings_stability,munger_roe",1677475968.0,,14.625334,0.42,14.552999999999999,-1.4315801,0.38197,0.12994,483434880.0,,0.0
NPO,False,38.29968164602055,"graham_pe,graham_pe_times_pb,munger_roe",6581031424.0,150.92233,4.145002,2.282,0.37073,0.0286,0.43226,0.17119,130837504.0,0.0042,4.0
LW,False,38.173656763019615,"graham_current_ratio,graham_debt_to_equity,graham_pe,graham_pe_times_pb,munger_gross_margin",7608317440.0,26.60577,4.168424,1.423,2.21223,0.16280001,0.20678,0.097729996,452924992.0,0.0275,4.0
URBN,False,38.15919364118634,"graham_current_ratio,graham_pe_times_pb",6820834304.0,15.317308,2.6117325,1.476,0.46143,0.18732001,0.36061,0.08964,4627125.0,,4.0
NWL,False,38.141522809523806,"data_missing:trailing_pe,graham_current_ratio,graham_debt_to_equity,graham_earnings_stability,munger_roe",2546882048.0,,1.037834,1.111,2.32966,-0.085939996,0.35467997,0.14744,408624992.0,0.0472,0.0
DE,False,38.114526218065286,"graham_debt_to_equity,graham_pe,graham_pe_times_pb,munger_gross_margin",171773378560.0,35.389263,6.129945,2.1,3.76022,0.18242,0.26092,0.17479,5664875008.0,0.0103,4.0
SLB,False,38.10617067362133,"graham_current_ratio,graham_pe,graham_pe_times_pb,munger_roe,munger_gross_margin",78882217984.0,25.92683,3.025387,1.439,0.47002000000000005,0.12909001,0.16991,0.12706,2955124992.0,0.022099999999999998,4.0
PDFS,False,38.09964242857143,"graham_size,graham_earnings_stability,graham_pe,graham_pe_times_pb,munger_roe,munger_fcf",1866443008.0,176.8,6.2900243,3.447,0.19210000000000002,0.03272,0.71462,0.08229999,-13259875.0,,0.0
MZTI,False,38.06905639285715,"data_missing:free_cash_flow,graham_pe_times_pb,munger_gross_margin",3131369216.0,17.956182,3.0115485,1.559,0.18922,0.18677999,0.24732,0.08528,,0.034,4.0
RAL,False,38.068547697996394,"data_missing:trailing_pe,graham_earnings_stability,munger_roe",7045555712.0,,4.591535,1.524,0.79797,-0.53898996,0.50952,0.14477,333950016.0,0.0032,0.0
VIAV,False,38.06575357569083,"data_missing:trailing_pe,graham_earnings_stability,munger_roe",9514673152.0,,6.5757165,1.846,0.48243,-0.02728,0.6089,0.14308,158712496.0,,0.0
KNTK,False,38.026821,"graham_current_ratio,graham_debt_to_equity,graham_pe_times_pb,munger_fcf",9346600960.0,19.450705,-3.6792328,0.682,1.3657400000000002,0.19231,0.41193,0.23035999,-95451128.0,0.0592,4.0
RS,False,37.98743437168822,"graham_pe,graham_pe_times_pb,munger_roe,munger_gross_margin",19908626432.0,22.632618,2.6898057,4.297,0.26921,0.12229,0.28285,0.09538,345437504.0,0.013000000000000001,4.0
DAL,False,37.97982448805473,"graham_current_ratio,graham_pe_times_pb,munger_gross_margin",55219359744.0,13.925057,2.5175576,0.424,0.96649,0.20125,0.187,0.07921,2817374976.0,0.009300000000000001,4.0
PRKS,False,37.97260994174367,"data_missing:debt_to_equity,data_missing:return_on_equity,graham_size,graham_current_ratio,graham_pe_times_pb",1980961664.0,17.406374,-3.2096677,0.478,,,0.46013,0.24239999,97038376.0,,4.0
HE,False,37.894190561904765,"graham_size,graham_current_ratio,graham_debt_to_equity,graham_earnings_stability,munger_roe,munger_gross_margin",1959823744.0,8.795582,1.1962363,0.986,1.5886799999999999,0.13448,0.17581,0.045450002,324624384.0,,1.0
TKR,False,37.88011260195163,"graham_pe,graham_pe_times_pb,munger_roe",8708009984.0,34.05027,2.722128,3.095,0.65523,0.08538,0.30859,0.13649,354212512.0,0.0118,4.0
FBIN,False,37.875890434168035,"graham_debt_to_equity,graham_pe,graham_pe_times_pb,munger_roe",5501234688.0,37.16532,2.3831317,2.014,1.21292,0.06406,0.44268,0.11015,299150016.0,0.022799999999999997,4.0
CSW,False,37.87034977740387,"graham_pe,graham_pe_times_pb,munger_roe",5305241088.0,44.420876,4.943746,2.7,0.8488500000000001,0.109280005,0.42529,0.22886999,72619248.0,0.0037,4.0
PK,False,37.859523809523814,"data_missing:trailing_pe,graham_current_ratio,graham_debt_to_equity,graham_earnings_stability,munger_roe",3219399936.0,,1.0419654,0.297,1.35246,-0.04859,0.30923,0.17621,1068875008.0,0.061799999999999994,0.0
RRX,False,37.85864855541289,"graham_earnings_stability,graham_pe,graham_pe_times_pb,munger_roe",11020954624.0,33.983574,1.5938596,2.276,0.68843,0.047670003,0.37979,0.14399,475187488.0,0.0086,2.0
ABG,False,37.81465493333334,"graham_current_ratio,graham_debt_to_equity,munger_roe,munger_gross_margin",3900592384.0,7.90972,0.99420714,0.91,1.4096899999999999,0.13233,0.1711,0.051020004,360600000.0,,4.0
COST,False,37.767885549244546,"graham_current_ratio,graham_pe,graham_pe_times_pb,munger_gross_margin",426513530880.0,48.40186,25.799265,1.072,0.6025699999999999,0.29152,0.12876001,0.036730003,6954375168.0,0.0060999999999999995,4.0
HRL,False,37.714531391721685,"graham_pe,graham_pe_times_pb,munger_roe,munger_gross_margin",13119876096.0,28.04941,1.6505365,1.938,0.04244,0.05831,0.15783,0.11057,471169760.0,0.0492,4.0
DRH,False,37.66899125459825,"graham_pe_times_pb,munger_roe,munger_gross_margin",2614603264.0,17.680553,1.7089542,5.588,0.78244,0.09911,0.29453,0.23042999,76127872.0,0.0342,4.0
EFOR,False,37.66717857142858,"graham_size,munger_roe,munger_gross_margin",1268130048.0,15.943298,0.70082027,2.127,0.8291,0.04571,0.28527,0.05055,213500000.0,,4.0
ATI,False,37.63943205230332,"graham_debt_to_equity,graham_pe,graham_pe_times_pb,munger_gross_margin",29478164480.0,63.670586,15.707444,2.327,1.09699,0.25357,0.23647,0.18198,346687488.0,,4.0
JBGS,False,37.624904804761904,"data_missing:trailing_pe,graham_size,graham_current_ratio,graham_debt_to_equity,graham_earnings_stability,munger_roe",953023040.0,,0.67609024,1.149,1.64083,-0.10864,0.48925,0.030720001,249499744.0,0.0553,0.0
KWR,False,37.60899730035827,"graham_earnings_stability,graham_pe,graham_pe_times_pb,munger_roe",2865942784.0,29.847672,2.0816667,2.457,0.66913,0.07175,0.36061,0.091280006,129911624.0,0.0129,0.0
EYE,False,37.5582289498465,"graham_size,graham_current_ratio,graham_earnings_stability,graham_pe,graham_pe_times_pb,munger_roe",1473061248.0,30.048386,1.6419883,0.592,0.77705,0.057550002,0.58637,0.04887,48656000.0,,1.0
DDOG,False,37.55723302062318,"graham_earnings_stability,graham_pe,graham_pe_times_pb,munger_roe",83747061760.0,475.97958,19.170639,3.205,0.29259,0.04696,0.79536,0.00666,1051412352.0,,3.0
OMC,False,37.45139267380952,"graham_current_ratio,graham_debt_to_equity,graham_earnings_stability,graham_pe,graham_pe_times_pb,munger_roe,munger_gross_margin",24993619968.0,237.0135,2.490062,0.924,1.07744,0.060510002,0.18959999,0.15384,4260624896.0,0.0363,0.0
NRG,False,37.42728424035862,"graham_current_ratio,graham_debt_to_equity,graham_earnings_stability,graham_pe,graham_pe_times_pb,munger_gross_margin",24559941632.0,29.881073,5.843503,0.968,4.83357,0.23772,0.18795,0.12765999,772374976.0,0.0167,2.0
IOSP,False,37.40538016840933,"graham_pe_times_pb,munger_roe,munger_gross_margin",2345368320.0,19.512295,1.7458426,2.784,0.03546,0.091309994,0.27462998,0.080790006,32575000.0,0.019,4.0
SO,False,37.39944010119048,"graham_current_ratio,graham_debt_to_equity,graham_pe,graham_pe_times_pb,munger_roe,munger_fcf",103601692672.0,21.701204,2.6181755,0.787,1.8205799999999999,0.114829995,0.48289,0.29612,-3913374976.0,0.0338,4.0
RHI,False,37.355009424716165,"graham_current_ratio,graham_pe,graham_pe_times_pb,munger_roe",4544904192.0,38.634785,3.6278274,1.468,0.19940000000000002,0.09111,0.36795,-0.04662,113581872.0,0.0526,4.0
HP,False,37.339349999999996,"data_missing:trailing_pe,graham_earnings_stability,munger_roe",4162457088.0,,1.6170362,1.962,0.69731,-0.04639,0.31845,0.05096,493073888.0,0.023799999999999998,0.0
CG,False,37.333785264285716,"data_missing:free_cash_flow,graham_debt_to_equity,graham_earnings_stability,graham_pe,graham_pe_times_pb,munger_roe",17549389824.0,51.302086,3.3200755,1.808,1.97617,0.077659994,0.98319,0.26855,,0.0286,2.0
FA,False,37.325001613516804,"graham_debt_to_equity,graham_earnings_stability,graham_pe,graham_pe_times_pb,munger_roe",3508928000.0,136.2,2.7088306,2.527,1.5774000000000001,0.01939,0.45219,0.12774,215071744.0,,0.0
SJM,False,37.32087360834008,"data_missing:trailing_pe,graham_current_ratio,graham_debt_to_equity,graham_earnings_stability,munger_roe",13975184384.0,,2.515729,0.777,1.2860900000000002,-0.02386,0.34257,0.18456,1005774976.0,0.035699999999999996,0.0
PLUS,False,37.29577786290258,"graham_pe_times_pb,munger_roe,munger_gross_margin",2277410560.0,18.687769,2.1048243,2.131,0.1143,0.11698,0.25062,0.05982,39345124.0,0.0125,4.0
OTTR,False,37.251910211904764,"graham_pe_times_pb,munger_roe,munger_fcf",3866451968.0,19.889847,2.058567,1.707,0.67491,0.106850006,0.42191002,0.24028999,-165230496.0,0.024700000000000003,4.0
UNF,False,37.243608269238436,"graham_pe,graham_pe_times_pb,munger_roe",5227410944.0,45.59306,2.3781748,3.111,0.03869,0.05296,0.36678,0.044499997,98668752.0,0.0051,4.0
AEE,False,37.24201323809524,"data_missing:consecutive_positive_earnings_years,graham_current_ratio,graham_debt_to_equity,graham_pe_times_pb,munger_roe,munger_fcf",29810483200.0,19.024736,2.1776853,0.531,1.57846,0.11943,0.52408004,0.25236,-1786249984.0,0.0281,
WGO,False,37.23269047619048,"graham_size,graham_pe,munger_roe,munger_gross_margin",885099008.0,23.192593,0.7152811,2.373,0.3912,0.03142,0.13,0.03292,164224992.0,0.0452,4.0
TBBK,False,37.22175,"data_missing:current_ratio,data_missing:debt_to_equity,data_missing:free_cash_flow,graham_pe_times_pb,munger_gross_margin",2742912768.0,12.617261,4.039039,,,0.29629,0.0,0.59707,,,4.0
ASO,True,37.19848219166812,,2721676032.0,7.7535334,1.3140402,1.677,0.91982,0.18847999,0.34604,0.05177,88252000.0,0.0138,4.0
GLW,False,37.15778632096629,"graham_pe,graham_pe_times_pb",128692084736.0,69.30787,10.798889,1.813,0.7144799999999999,0.16813,0.36395,0.15649,734499968.0,0.0076,4.0
WING,False,37.13032330479935,"data_missing:debt_to_equity,data_missing:return_on_equity,graham_pe,graham_pe_times_pb",3118726656.0,27.063831,-4.034253,2.967,,,0.49418998,0.29759002,98595000.0,0.0116,4.0
KKR,False,37.09386666666667,"data_missing:free_cash_flow,graham_current_ratio,graham_earnings_stability,graham_pe,graham_pe_times_pb,munger_roe",99692363776.0,34.485622,3.4345171,0.856,0.69812,0.0728,0.54767,0.2065,,0.0073,3.0
LITE,False,37.02145786951102,"data_missing:trailing_pe,graham_earnings_stability,munger_roe",81269096448.0,,17.285648,1.678,0.35987,-2.40027,0.44244,0.27954,224700000.0,,0.0
MGEE,False,36.99587180357143,"graham_current_ratio,graham_pe_times_pb,munger_roe,munger_fcf",2987770624.0,19.52469,2.0739353,1.137,0.64863,0.110410005,0.41184,0.22672,-206614256.0,0.025699999999999997,4.0
CVI,False,36.94200507267924,"graham_current_ratio,graham_debt_to_equity,graham_pe,graham_pe_times_pb,munger_gross_margin",3859369728.0,55.63768,7.351589,1.418,2.4180099999999998,0.24254999,0.10905,0.02849,214500000.0,0.0106,4.0
TOST,False,36.91215404674036,"data_missing:debt_to_equity,graham_earnings_stability,graham_pe,graham_pe_times_pb,munger_gross_margin",21090641920.0,46.188602,10.635092,2.4,,0.25162,0.26793,0.07966,480500000.0,,2.0
OGE,False,36.87807704917102,"graham_current_ratio,graham_debt_to_equity,graham_pe,graham_pe_times_pb,munger_roe",9596405760.0,20.394737,1.9284203,0.767,1.1730500000000001,0.09703,0.44762,0.26549,126750000.0,0.037000000000000005,4.0
ENTG,False,36.87097996812451,"graham_pe,graham_pe_times_pb,munger_roe",21631168512.0,71.015,5.218238,3.049,0.85655,0.07671,0.45555001,0.19271,477787488.0,0.0029,4.0
LEN,False,36.72786476225664,"munger_roe,munger_gross_margin",21068687360.0,13.708464,0.97447383,8.508,0.28692,0.07368,0.16363001,0.052750003,1077926016.0,0.022799999999999997,4.0
CWT,False,36.70862857142858,"graham_current_ratio,graham_pe,graham_pe_times_pb,munger_roe,munger_fcf",3117927424.0,22.609865,1.7249991,0.701,0.9267700000000001,0.07677,0.53286,0.28211,-258749376.0,0.0265,4.0
XRAY,False,36.64297797574328,"data_missing:trailing_pe,graham_debt_to_equity,graham_earnings_stability,munger_roe",2188945408.0,,1.6687233,1.627,1.72243,-0.33031,0.4952,0.09243,141624992.0,0.0504,0.0
RTX,False,36.56060242977226,"graham_current_ratio,graham_pe,graham_pe_times_pb,munger_roe,munger_gross_margin",284410642432.0,37.15229,4.2847714,1.011,0.5702,0.12274,0.20347,0.12696,9880000512.0,0.0139,4.0
TRN,False,36.558048285714285,"graham_debt_to_equity,munger_gross_margin,munger_fcf",2368573952.0,7.0283685,2.072788,2.168,4.68386,0.30156,0.26239002,0.12121,-335049984.0,0.04190000000000001,4.0
DUK,False,36.50341782380953,"graham_current_ratio,graham_debt_to_equity,graham_pe_times_pb,munger_roe,munger_fcf",95061295104.0,18.361446,1.7683405,0.661,1.62155,0.098570004,0.51971,0.27503002,-4477374976.0,0.035699999999999996,4.0
OSW,False,36.45935753383075,"graham_earnings_stability,graham_pe,graham_pe_times_pb,munger_roe,munger_gross_margin",2676013568.0,33.373417,4.5964084,2.905,0.15605,0.14321,0.13417,0.09382,48876500.0,0.0076,2.0
ALHC,False,36.38300969365232,"graham_debt_to_equity,graham_earnings_stability,graham_pe,graham_pe_times_pb,munger_gross_margin",2980843008.0,75.63158,11.2265625,1.698,1.24655,0.20044,0.12549,0.031519998,188581872.0,,0.0
UAL,False,36.33636127637166,"graham_current_ratio,graham_debt_to_equity",38432301056.0,11.087079,2.3018603,0.78,2.01641,0.23252001,0.31816,0.05534,910124992.0,,4.0
RGEN,False,36.293454255342596,"graham_earnings_stability,graham_pe,graham_pe_times_pb,munger_roe",10224441344.0,248.17807,4.8403645,9.05,0.32715000000000005,0.0199,0.53836,0.09309,113421752.0,,1.0
NUE,False,36.22975165576092,"graham_pe,graham_pe_times_pb,munger_roe,munger_gross_margin",57037680640.0,20.064245,2.579836,2.508,0.30512,0.14548999,0.15554,0.15668,683374976.0,0.009000000000000001,4.0
NE,False,36.20692925216147,"graham_pe,graham_pe_times_pb,munger_roe",7238178304.0,48.234043,1.6142125,1.915,0.42557,0.03283,0.35416,0.10707,252878256.0,0.0436,4.0
CACI,False,36.17711242336059,"graham_current_ratio,graham_debt_to_equity,graham_pe,graham_pe_times_pb,munger_roe",13644315648.0,25.533611,3.057342,1.484,1.20656,0.12824,0.33203998,0.100509994,610367104.0,,4.0
ALKS,False,36.16914684597398,"graham_earnings_stability,graham_pe,graham_pe_times_pb,munger_roe",8191041536.0,128.48685,4.5229273,2.3,0.86952,0.03852,0.87182,0.15496999,153381376.0,,3.0
LFST,False,36.161135310906076,"graham_current_ratio,graham_earnings_stability,graham_pe,graham_pe_times_pb,munger_roe",4729466368.0,95.223076,3.2011893,1.376,0.32098999999999994,0.03429,0.33558998,0.0725,172356128.0,,1.0
SLGN,False,36.04284280394192,"graham_current_ratio,graham_debt_to_equity,graham_pe_times_pb,munger_roe,munger_gross_margin",4572860928.0,16.968628,1.9219153,1.272,2.03153,0.11748,0.1707,0.10297,313311264.0,0.0197,4.0
CPT,False,36.02995586828911,"graham_current_ratio,graham_debt_to_equity,graham_pe,graham_pe_times_pb,munger_roe",10863277056.0,35.66007,2.9142058,0.352,1.25648,0.07885,0.61619,0.16104001,139679632.0,0.0392,4.0
LSTR,False,36.02307613618127,"graham_pe,graham_pe_times_pb,munger_roe,munger_gross_margin",6103047168.0,46.589382,7.294058,1.825,0.16625,0.14977999,0.19034,0.04615,96691872.0,0.009899999999999999,4.0
LUMN,False,35.931333333333335,"data_missing:trailing_pe,data_missing:debt_to_equity,data_missing:return_on_equity,graham_current_ratio,graham_earnings_stability",6068531712.0,,-4.078947,0.964,,,0.47794,-0.02888,2116249984.0,,0.0
WELL,False,35.91016077973923,"graham_current_ratio,graham_pe,graham_pe_times_pb,munger_roe",174212710400.0,108.9054,3.7447143,1.317,0.41375,0.03836,0.39560002,0.16561002,2756164352.0,0.0141,4.0
CNR,False,35.892995403249515,"graham_earnings_stability,graham_pe,graham_pe_times_pb,munger_roe,munger_gross_margin",4844498432.0,49.045223,1.3082935,1.825,0.12037,0.02675,0.16860001,0.02162,274115744.0,0.0040999999999999995,0.0
IPGP,False,35.81621219925665,"graham_earnings_stability,graham_pe,graham_pe_times_pb,munger_roe",3094988288.0,110.48484,1.45805,6.179,0.00764,0.01302,0.38351002,0.07595,48475500.0,,1.0
BAX,False,35.809955224616246,"data_missing:trailing_pe,graham_debt_to_equity,graham_earnings_stability,munger_roe",13695223808.0,,2.2067645,1.946,1.5644900000000002,-0.14371,0.34098,0.14425999,1000374976.0,0.0015,0.0
ELV,False,35.797241404582806,"graham_pe_times_pb,munger_roe,munger_gross_margin",88439300096.0,18.028292,1.9701816,1.518,0.68953,0.11133,0.2599,0.04559,4306375168.0,0.0172,4.0
BGC,False,35.7875,"data_missing:free_cash_flow,graham_debt_to_equity,graham_pe,graham_pe_times_pb",5648542208.0,29.7,5.079094,1.509,1.56959,0.15882,0.91666,0.09044,,0.0068000000000000005,4.0
CRK,False,35.771500128571425,"graham_current_ratio,graham_debt_to_equity,graham_earnings_stability,munger_fcf",4411942400.0,8.441573,1.7106102,0.476,1.0020099999999998,0.19018,0.56847,0.059710003,-868676608.0,,1.0
SWX,False,35.726795666666675,"graham_current_ratio,graham_earnings_stability,graham_pe,graham_pe_times_pb,munger_roe,munger_fcf",6496219648.0,23.051413,1.5746773,1.116,0.8508199999999999,0.06832,0.54035,0.24158001,-390807360.0,0.028999999999999998,3.0
FMC,False,35.71361904761905,"data_missing:trailing_pe,graham_size,graham_debt_to_equity,graham_earnings_stability,munger_roe",1447622272.0,,0.8844006,1.987,2.6504700000000003,-0.88376,0.31927,0.11833,165637504.0,0.0286,0.0
EMN,False,35.660326985133054,"graham_current_ratio,munger_roe,munger_gross_margin",8323549696.0,18.959637,1.3654095,1.498,0.88518,0.07334,0.19662,0.12893,544625024.0,0.0467,4.0
BWXT,False,35.587363240027074,"graham_debt_to_equity,graham_pe,graham_pe_times_pb,munger_gross_margin",14244469760.0,40.277203,10.674219,2.397,1.514,0.28289,0.22082001,0.10393,145624256.0,0.0070999999999999995,4.0
WOR,False,35.58711870096845,"graham_pe_times_pb,munger_gross_margin",2828701952.0,18.238169,2.830184,2.369,0.34689,0.15777001,0.27386,0.06448,23372124.0,0.013999999999999999,4.0
CAR,False,35.51833333333334,"data_missing:trailing_pe,data_missing:debt_to_equity,data_missing:return_on_equity,graham_current_ratio,graham_earnings_stability,munger_gross_margin",5179122688.0,,-1.5275576,0.848,,,0.27385,0.1491,1093124992.0,,0.0
TOL,False,35.44991395238095,"data_missing:free_cash_flow,munger_roe,munger_gross_margin",13954034688.0,12.173248,1.6357356,4.422,0.32377,0.14393,0.24827999,0.1455,,0.0069,4.0
HPE,False,35.43654833574622,"graham_current_ratio,graham_pe,graham_pe_times_pb,munger_roe",72010186752.0,50.82243,2.8451838,1.088,0.8403,0.06315,0.33776,0.087,3836000000.0,0.010700000000000001,4.0
OC,False,35.42730483912965,"data_missing:trailing_pe,graham_current_ratio,graham_debt_to_equity,graham_earnings_stability,munger_roe,munger_gross_margin",11668771840.0,,3.0916078,1.16,1.50328,-0.094510004,0.26485002,0.17816,885124992.0,0.0209,0.0
FE,False,35.39139328571429,"graham_current_ratio,graham_debt_to_equity,graham_pe,graham_pe_times_pb,munger_roe,munger_fcf",27137271808.0,25.088394,2.098743,0.541,2.00908,0.09491,0.68605006,0.19304001,-2014625024.0,0.039900000000000005,4.0
MLM,False,35.36982882162016,"graham_current_ratio,graham_pe,graham_pe_times_pb,munger_roe,munger_gross_margin",38229331968.0,35.0224,2.799679,1.407,0.54945,0.08894,0.2823,0.20185,593374976.0,0.0063,4.0
NPK,False,35.363335747382365,"graham_size,graham_pe,graham_pe_times_pb,munger_roe,munger_gross_margin",1112869632.0,26.122278,2.8149817,5.22,0.022320000000000003,0.10902,0.16466999,0.11712,8961750.0,0.0064,4.0
BTSG,False,35.34733333333333,"graham_debt_to_equity,graham_earnings_stability,graham_pe,graham_pe_times_pb,munger_roe,munger_gross_margin",11575058432.0,54.166664,5.8835363,1.588,1.1600700000000002,0.13036,0.12382,0.03367,1028438976.0,,1.0
BEN,False,35.325929,"graham_pe,graham_pe_times_pb,munger_roe,munger_fcf",17767450624.0,23.789116,1.5119548,5.486,0.24805,0.07887,0.37707,0.12979001,-2990862592.0,0.0377,4.0
EVRG,False,35.32245108095238,"graham_current_ratio,graham_debt_to_equity,graham_pe,graham_pe_times_pb,munger_roe,munger_fcf",18867312640.0,20.821882,1.845512,0.359,1.60554,0.092539996,0.52696997,0.25238,-1443362560.0,0.0342,4.0
AXON,False,35.2960950284005,"graham_pe,graham_pe_times_pb,munger_roe",49263177728.0,253.72801,13.406362,2.149,0.50363,0.06221,0.59525,0.0517,222160000.0,,4.0
LGIH,False,35.21774523809524,"graham_size,graham_pe,munger_roe,munger_gross_margin",1348169216.0,20.079584,0.6325899,33.032,0.74344,0.03159,0.19646,0.0572,208319248.0,,4.0
MRK,False,35.18663500475998,"graham_current_ratio,graham_debt_to_equity,graham_pe,graham_pe_times_pb,munger_roe",380585869312.0,123.408,9.081596,1.323,1.2840799999999999,0.06961,0.759,-0.00241,15171500032.0,0.0217,4.0
KMPR,False,35.15970943809524,"data_missing:trailing_pe,graham_size,graham_current_ratio,graham_earnings_stability,munger_roe,munger_gross_margin",1644250624.0,,0.7498321,0.817,0.63974,-0.19700001,0.254,0.030079998,220550000.0,0.0461,2.0
ALGM,False,35.1300134036583,"graham_earnings_stability,graham_pe,graham_pe_times_pb,munger_roe",6986348544.0,535.4286,7.2425117,3.703,0.31472,0.015269999,0.47375,0.09824,103498872.0,,0.0
PSKY,False,35.11466600000001,"graham_current_ratio,graham_debt_to_equity,graham_earnings_stability,graham_pe,graham_pe_times_pb,munger_roe",11796084736.0,351.33334,1.0038096,1.04,1.26479,-0.00896,0.33328998,0.09345,17593124864.0,0.0187,0.0
HXL,False,35.064622167310894,"graham_pe,graham_pe_times_pb,munger_roe,munger_gross_margin",7187631104.0,48.002525,5.5274787,2.427,0.73902,0.10764,0.24956,0.13904999,252975008.0,0.0077,4.0
NOG,False,35.0,"data_missing:trailing_pe,graham_current_ratio,graham_debt_to_equity,munger_roe,munger_fcf",2800111104.0,,1.3972034,0.796,1.36559,-0.22049999,0.75398004,0.57063997,-459628992.0,0.0681,4.0
PAYX,False,35.0,"data_missing:return_on_equity,data_missing:free_cash_flow,graham_current_ratio,graham_debt_to_equity,graham_pe,graham_pe_times_pb",44463915008.0,25.564419,11.901181,1.152,1.23967,,0.67197996,0.38325,,0.0381,4.0
QDEL,False,34.95266766666667,"data_missing:trailing_pe,graham_size,graham_current_ratio,graham_debt_to_equity,graham_earnings_stability,munger_roe",1019030784.0,,0.5718244,1.386,1.73277,-0.45905998,0.44858003,-0.020920001,146762496.0,,0.0
LH,False,34.93052586632017,"graham_pe,graham_pe_times_pb,munger_roe,munger_gross_margin",27431669760.0,27.977253,3.1793528,1.796,0.7912399999999999,0.11728,0.28882998,0.1224,892049984.0,0.0085,4.0
AMCR,False,34.90188611026683,"graham_current_ratio,graham_debt_to_equity,graham_pe,graham_pe_times_pb,munger_roe,munger_gross_margin",22051577856.0,20.039915,1.8687799,1.254,1.2829400000000002,0.09396,0.19951999,0.09691,1504000000.0,0.055,4.0
PEB,False,34.89751904761905,"data_missing:trailing_pe,graham_current_ratio,graham_earnings_stability,munger_roe,munger_gross_margin",2075860864.0,,0.8584449,0.708,0.97934,-0.016339999,0.25336,0.14332,258438128.0,0.0022,0.0
CLH,False,34.890141520376694,"graham_debt_to_equity,graham_pe,graham_pe_times_pb",16472259584.0,37.870144,5.6253605,2.131,1.10951,0.15562001,0.32257,0.15498,383758016.0,,4.0
CRWD,False,34.88467555161394,"data_missing:trailing_pe,graham_earnings_stability,munger_roe",191117082624.0,,41.241486,1.531,0.17568,-0.0024899999,0.75136,-0.022079999,1926365056.0,,0.0
CNXC,False,34.87271428571429,"data_missing:trailing_pe,graham_size,graham_current_ratio,graham_debt_to_equity,graham_earnings_stability,munger_roe",1622172800.0,,0.5989906,1.179,2.03764,-0.37662,0.3447,0.07893,775551744.0,0.0535,0.0
VNO,False,34.8369696237155,"graham_debt_to_equity,graham_earnings_stability,graham_pe,graham_pe_times_pb,munger_roe",8160961536.0,1328.3333,1.550101,5.343,1.2231699999999999,0.00603,0.49595,0.097959995,445744128.0,0.018500000000000003,3.0
DXPE,False,34.81335457005985,"graham_debt_to_equity,graham_pe,graham_pe_times_pb",2964163072.0,33.690475,5.4775763,2.993,1.66254,0.18469,0.31765,0.096260004,74078496.0,,4.0
SMG,False,34.8016925160001,"data_missing:debt_to_equity,data_missing:return_on_equity,graham_current_ratio,graham_earnings_stability,graham_pe,graham_pe_times_pb",3682140928.0,24.418919,-12.846842,1.215,,,0.32157,0.16825001,248500000.0,0.042199999999999994,1.0
RH,False,34.65166666666667,"data_missing:return_on_equity,graham_current_ratio,graham_debt_to_equity,graham_pe,graham_pe_times_pb",2673139456.0,27.213873,46.89243,1.127,70.60079999999999,,0.43541,0.00322,285438016.0,,4.0
PBF,False,34.563284741468706,"graham_current_ratio,graham_earnings_stability,munger_gross_margin",7996495872.0,5.912358,1.2478727,1.33,0.38423999999999997,0.23228,0.050430004,0.08801,78462496.0,0.0165,0.0
NAVI,False,34.516142,"data_missing:trailing_pe,data_missing:free_cash_flow,graham_size,graham_debt_to_equity,graham_earnings_stability,munger_roe",886726080.0,,0.36978373,10.745,18.52711,-0.01975,1.0,0.33870998,,0.0674,0.0
P,False,34.5127529339258,"graham_debt_to_equity,graham_pe,graham_pe_times_pb",35665387520.0,162.56818,24.518967,1.617,1.27364,0.16846001,0.7023,-0.18452999,267954368.0,,4.0
AAON,False,34.48341428571428,"graham_pe,graham_pe_times_pb,munger_gross_margin,munger_fcf",6511776256.0,41.56579,6.4443083,3.013,0.44742,0.17284,0.25569,0.10987,-213758000.0,0.0053,4.0
SXT,False,34.43594004761905,"graham_pe,graham_pe_times_pb,munger_roe,munger_fcf",5899632128.0,37.355793,4.6588006,4.39,0.6063000000000001,0.13071,0.34876,0.16570999,-2621250.0,0.012,4.0
LYV,False,34.433534072541214,"data_missing:trailing_pe,graham_current_ratio,graham_debt_to_equity,munger_gross_margin",43624579072.0,,524.5448,0.852,6.202140000000001,0.17677,0.25777,0.06696,1695030656.0,,4.0
WMT,False,34.42293485174925,"graham_current_ratio,graham_pe,graham_pe_times_pb,munger_gross_margin",833767931904.0,37.960144,8.842843,0.767,0.70378,0.22313999,0.25231,0.04993,8984500224.0,0.009399999999999999,4.0
VECO,False,34.41797545243823,"graham_earnings_stability,graham_pe,graham_pe_times_pb,munger_roe",2851697920.0,122.76316,3.158857,3.926,0.28931,0.02643,0.3786,0.06676,71797000.0,,2.0
AEIS,False,34.398746696270074,"graham_pe,graham_pe_times_pb",11095973888.0,51.0221,7.610636,3.79,0.94568,0.16267,0.3996,0.17018,34187500.0,0.0015,4.0
HZO,False,34.3859876,"graham_size,graham_current_ratio,graham_debt_to_equity,graham_earnings_stability,graham_pe,graham_pe_times_pb,munger_roe",1152927616.0,326.25,1.2104348,1.234,1.15137,0.00497,0.34210998,0.060890004,183364128.0,,0.0
MHO,False,34.36047749302517,"munger_roe,munger_gross_margin",3915582976.0,13.003358,1.2110478,8.108,0.31079,0.100600004,0.20903,0.0928,86652128.0,,4.0
IP,False,34.307521189505046,"data_missing:trailing_pe,graham_current_ratio,graham_earnings_stability,munger_roe,munger_gross_margin",21977149440.0,,1.5202022,1.098,0.68509,-0.16479,0.29608,0.02298,1646499968.0,0.0451,0.0
PPC,False,34.21791626260512,"graham_current_ratio,munger_roe,munger_gross_margin",7569470464.0,13.882096,2.0186691,1.355,0.82717,0.1452,0.09739,0.01619,508525376.0,,4.0
D,False,34.14051190476191,"graham_current_ratio,graham_debt_to_equity,graham_pe,graham_pe_times_pb,munger_roe,munger_fcf",58901852160.0,23.093103,2.109956,0.809,1.60459,0.08281,0.46222,0.29219,-9181124608.0,0.039900000000000005,4.0
TXNM,False,34.11780952380952,"graham_current_ratio,graham_debt_to_equity,graham_pe,graham_pe_times_pb,munger_roe,munger_fcf",5931334144.0,31.453552,1.7982444,0.557,1.65512,0.06252,0.59381,0.22482,-529223744.0,0.0799,4.0
SRE,False,34.11503809523809,"graham_pe,graham_pe_times_pb,munger_roe,munger_fcf",55604420608.0,24.647827,1.7008362,1.642,0.84663,0.06679,0.43994,0.28328,-27657750528.0,0.0313,4.0
YUM,False,34.085036288572844,"data_missing:debt_to_equity,data_missing:return_on_equity,graham_current_ratio,graham_pe_times_pb",42230079488.0,19.489294,-5.864218,0.592,,,0.45311,0.32779998,833249984.0,0.0192,4.0
SEI,False,34.0734880952381,"graham_debt_to_equity,graham_pe,graham_pe_times_pb,munger_roe,munger_fcf",5338228224.0,67.15189,3.694547,4.123,2.16673,0.08099,0.49943,0.26487,-806578240.0,0.0091,4.0
TLN,False,34.033667333333334,"data_missing:trailing_pe,graham_current_ratio,graham_debt_to_equity,graham_earnings_stability,munger_roe",15015131136.0,,9.288763,0.781,5.8413699999999995,-0.12825,0.42101002,-0.04797,1261750016.0,,0.0
CAG,False,33.88585714285715,"data_missing:trailing_pe,graham_current_ratio,graham_debt_to_equity,graham_earnings_stability,munger_roe,munger_gross_margin",7755155968.0,,1.2197968,0.904,1.17577,-0.25064,0.23952,0.13771,859000000.0,0.0753,0.0
WAT,False,33.850249925,"graham_pe,graham_pe_times_pb,munger_roe,munger_fcf",40654835712.0,105.09137,2.6766045,1.861,0.36045,0.019199999,0.56337,0.09422,-142067632.0,,4.0
ETR,False,33.835748583333334,"graham_current_ratio,graham_debt_to_equity,graham_pe,graham_pe_times_pb,munger_roe,munger_fcf",49955233792.0,27.240458,2.7404327,0.912,1.8677000000000001,0.10248999,0.47000998,0.24458,-4400858112.0,0.0241,4.0
COHR,False,33.81133007142857,"graham_earnings_stability,graham_pe,graham_pe_times_pb,munger_roe,munger_fcf",56791351296.0,70.38835,5.2064633,2.427,0.31611999999999996,0.07981,0.37495998,0.118269995,-649981632.0,,2.0
BJ,False,33.798477953151426,"graham_current_ratio,graham_debt_to_equity,graham_pe,graham_pe_times_pb,munger_gross_margin",11878588416.0,20.35558,5.385261,0.73,1.26207,0.27673,0.18244,0.04053,248281248.0,,4.0
KD,False,33.721547319047616,"graham_current_ratio,graham_debt_to_equity,graham_earnings_stability,graham_pe,graham_pe_times_pb,munger_roe,munger_gross_margin",2768470016.0,34.351353,2.6061103,0.848,4.22451,0.069299996,0.21841,0.02902,2652624896.0,,2.0
TXT,False,33.71983850118876,"munger_roe,munger_gross_margin",14395399168.0,15.649339,1.7672867,1.861,0.5228499999999999,0.12126,0.17628999,0.08701,452750016.0,0.001,4.0
BMRN,False,33.6567430949994,"graham_pe,graham_pe_times_pb,munger_roe",12653917184.0,176.67567,2.0012858,2.387,0.66473,0.011820001,0.50968,0.21162,85157376.0,,4.0
FND,False,33.63666737176628,"data_missing:consecutive_positive_earnings_years,graham_current_ratio,graham_pe,graham_pe_times_pb,munger_roe",5707873280.0,25.046776,2.2954092,1.333,0.80645,0.09694,0.44976002,0.054380003,140193248.0,,
VYX,False,33.627761904761904,"graham_size,graham_current_ratio,graham_debt_to_equity,graham_earnings_stability,graham_pe,graham_pe_times_pb,munger_roe,munger_gross_margin",1132173184.0,29.285713,1.2238806,1.072,1.15799,0.05272,0.25825,0.02486,216250000.0,,2.0
MLKN,False,33.621112246612924,"graham_size,graham_debt_to_equity,graham_earnings_stability,munger_roe",1600555520.0,17.799242,1.1931242,1.577,1.28174,0.06983,0.38794997,0.060739998,82262496.0,0.0323,1.0
CNP,False,33.539702380952384,"graham_current_ratio,graham_debt_to_equity,graham_pe,graham_pe_times_pb,munger_roe,munger_fcf",26012864512.0,23.646708,2.2194123,1.123,2.10256,0.09825,0.47027,0.24489,-5191875072.0,0.024700000000000003,4.0
ETSY,False,33.507156054400525,"data_missing:debt_to_equity,data_missing:return_on_equity,graham_current_ratio,graham_earnings_stability,graham_pe,graham_pe_times_pb",7748674048.0,26.716772,-5.589949,1.476,,,0.71401,0.18744,169665376.0,,3.0
LTH,False,33.3994160952381,"graham_current_ratio,graham_debt_to_equity,graham_earnings_stability,graham_pe,graham_pe_times_pb,munger_roe,munger_fcf",10023386112.0,24.510927,3.0319724,0.657,1.29478,0.13445,0.48022997,0.17052001,-345163264.0,,3.0
CASY,False,33.372047047442216,"graham_current_ratio,graham_pe,graham_pe_times_pb,munger_gross_margin",30344028160.0,42.842216,7.657826,1.01,0.7351399999999999,0.19153,0.24606001,0.05351,550939648.0,0.0032,4.0
HSIC,False,33.26645709291822,"graham_current_ratio,graham_pe,graham_pe_times_pb,munger_roe",10296367104.0,26.351313,3.2041194,1.319,0.80733,0.088549994,0.31319,0.057550002,446000000.0,,4.0
NTNX,False,33.16656639475546,"data_missing:debt_to_equity,data_missing:return_on_equity,graham_earnings_stability,graham_pe,graham_pe_times_pb",17808713728.0,70.085106,-24.202791,1.777,,,0.87095,0.10029,631740864.0,,1.0
MIR,False,33.15639112091901,"graham_earnings_stability,graham_pe,graham_pe_times_pb,munger_roe",3728093696.0,166.33333,1.9946703,3.198,0.6575700000000001,0.01511,0.482,0.07196,115362496.0,,1.0
USPH,False,33.021506396515875,"graham_size,graham_current_ratio,graham_pe,graham_pe_times_pb,munger_roe,munger_gross_margin",1177997824.0,464.35294,2.6258192,1.271,0.5032099999999999,0.0651,0.21466999,0.111269996,41290124.0,0.023799999999999998,4.0
AEP,False,33.013630869047624,"graham_current_ratio,graham_debt_to_equity,graham_pe,graham_pe_times_pb,munger_roe,munger_fcf",67167748096.0,21.383015,2.093706,0.504,1.6078899999999998,0.10130999,0.46352002,0.23251,-5995950080.0,0.031,4.0
GME,False,33.00906265476191,"graham_earnings_stability,munger_roe,munger_fcf",8089903616.0,13.455224,1.3847927,12.401,0.74273,0.14095001,0.34387,0.16605,-1261250048.0,,3.0
XPO,False,33.00141866061871,"graham_current_ratio,graham_debt_to_equity,graham_pe,graham_pe_times_pb,munger_gross_margin",22757158912.0,57.16529,11.598854,1.011,2.06167,0.21587,0.18988001,0.12314,473750016.0,,4.0
GKOS,False,33.00006057342561,"data_missing:trailing_pe,graham_earnings_stability,munger_roe",10587616256.0,,15.48081,5.04,0.15766,-0.25981,0.79121,-0.08495,15456250.0,,0.0
ALGT,False,32.93435706785714,"graham_current_ratio,graham_debt_to_equity,graham_earnings_stability,graham_pe,graham_pe_times_pb,munger_roe,munger_gross_margin",2258372096.0,70.60684,1.2628216,0.832,1.6047,0.018339999,0.22812,0.09228,194582624.0,,0.0
HTO,False,32.92934566666667,"graham_debt_to_equity,graham_pe,graham_pe_times_pb,munger_roe,munger_fcf",2661674240.0,22.390846,1.4433575,1.667,1.02581,0.06463,0.56912,0.21260001,-250611632.0,0.0275,4.0
BHE,False,32.869608657959915,"graham_pe,graham_pe_times_pb,munger_roe,munger_gross_margin",2623232512.0,50.020546,2.3498938,1.993,0.26142,0.047810003,0.10281,0.04147,136417248.0,0.0095,4.0
CUZ,False,32.864943278214284,"graham_current_ratio,graham_pe,graham_pe_times_pb,munger_roe,munger_fcf",4953628160.0,752.25,1.1046661,0.524,0.8420799999999999,0.0015199999,0.67779,0.24225001,-25106624.0,0.0424,4.0
UFPI,False,32.814928298722734,"graham_pe,graham_pe_times_pb,munger_roe,munger_gross_margin",4859175424.0,20.111872,1.615589,3.981,0.13347,0.0802,0.16128,0.05508,117891504.0,0.016200000000000003,4.0
XEL,False,32.77690519047619,"graham_current_ratio,graham_debt_to_equity,graham_pe,graham_pe_times_pb,munger_roe,munger_fcf",48384172032.0,21.221916,2.0308855,0.701,1.73135,0.0992,0.46825,0.22700001,-7907999744.0,0.030699999999999998,4.0
PRGO,False,32.7342380952381,"data_missing:trailing_pe,graham_debt_to_equity,graham_earnings_stability,munger_roe",2020480256.0,,0.8027346,2.324,1.38183,-0.48746,0.33263,0.03842,437212512.0,0.0801,0.0
STLD,False,32.687309739157904,"graham_pe,graham_pe_times_pb,munger_gross_margin",33691418624.0,21.330761,3.5837994,3.183,0.46924,0.17568001,0.14652,0.114989996,234191248.0,0.0092,4.0
ABM,False,32.64153505,"graham_current_ratio,graham_debt_to_equity,munger_roe,munger_gross_margin",2800168192.0,18.384615,1.6015546,1.462,1.12697,0.08866999,0.12921,0.039300002,284024992.0,0.024900000000000002,4.0
CNXN,False,32.64087007654958,"graham_pe,graham_pe_times_pb,munger_roe,munger_gross_margin",2012486016.0,20.341835,2.1124856,2.88,0.00792,0.104320005,0.18892,0.05037,11910875.0,0.0101,4.0
ELF,False,32.63649194435789,"graham_pe,graham_pe_times_pb,munger_roe",6163384832.0,106.58163,23.461365,3.071,0.79503,-0.00291,0.60951,0.14315,84486248.0,,4.0
PTEN,False,32.600566258781924,"data_missing:trailing_pe,graham_earnings_stability,munger_roe,munger_gross_margin",4306762752.0,,1.3957924,1.75,0.41383000000000003,-0.0277,0.23754999,-0.00567,273732384.0,0.0347,0.0
RUSHA,False,32.46945904464669,"graham_current_ratio,graham_pe,graham_pe_times_pb,munger_roe,munger_gross_margin",8453471744.0,23.490963,2.5996666,1.452,0.6307699999999999,0.11795,0.19850999,0.05113,313673632.0,0.0073,4.0
KALU,False,32.417198360606235,"graham_debt_to_equity,graham_earnings_stability,graham_pe_times_pb,munger_gross_margin",2539095552.0,11.521142,2.6655395,2.495,1.13255,0.26398,0.14524001,0.10560001,33025000.0,0.020099999999999996,3.0
OPLN,False,32.39213565346953,"data_missing:trailing_pe,graham_current_ratio,graham_debt_to_equity,graham_earnings_stability,munger_roe",4260238336.0,,2.7306159,1.168,1.5736400000000001,0.11147001,0.45846,0.16805,26375000.0,,2.0
DY,False,32.36203564774377,"graham_debt_to_equity,graham_pe,graham_pe_times_pb,munger_gross_margin",9444451328.0,30.020992,4.9830527,2.584,1.58196,0.19699,0.20462999,0.07317,288279744.0,,4.0
ITT,False,32.35212271534454,"graham_current_ratio,graham_pe,graham_pe_times_pb,munger_roe",18778320896.0,40.74464,3.8925827,1.263,0.7973,0.11569,0.3498,0.123959996,275087488.0,0.0075,4.0
WEC,False,32.3048090952381,"graham_current_ratio,graham_debt_to_equity,graham_pe,graham_pe_times_pb,munger_roe,munger_fcf",34983190528.0,20.846601,2.5666404,0.534,1.5798500000000002,0.11988,0.41909,0.21802999,-2353637376.0,0.035699999999999996,4.0
DAR,False,32.240652203575806,"graham_pe_times_pb,munger_roe,munger_gross_margin",9745119232.0,16.600807,1.8577402,1.565,0.78609,0.12126,0.26333,0.12892,219643008.0,,4.0
TFX,False,32.16820023980967,"data_missing:trailing_pe,graham_debt_to_equity,graham_earnings_stability,munger_roe",5898661376.0,,2.03084,2.604,1.0110299999999999,-0.00701,0.55108,0.14442,179542000.0,0.0097,0.0
TNC,False,32.09484693548965,"graham_size,graham_pe,graham_pe_times_pb,munger_roe",1200441600.0,67.70193,2.2583234,2.045,0.73113,0.03078,0.38766,0.05309,50687500.0,0.0177,4.0
NEOG,False,32.04742603460351,"data_missing:trailing_pe,graham_earnings_stability,munger_roe",2617599232.0,,1.2483357,3.822,0.38827,-0.00379,0.46932,0.0137600005,69500000.0,,0.0
HASI,False,32.045964285714284,"data_missing:free_cash_flow,graham_debt_to_equity,graham_pe,graham_pe_times_pb,munger_roe",5097427968.0,61.03077,1.9879729,8.703,2.22661,0.03371,1.0,0.22208,,0.0429,4.0
ICUI,False,32.02094008062761,"graham_earnings_stability,graham_pe,graham_pe_times_pb,munger_roe",4565284864.0,153.41176,2.1215572,2.43,0.59817,0.014099999,0.38259,0.075279996,163559632.0,,1.0
AVA,False,31.936786142857144,"graham_current_ratio,graham_debt_to_equity,munger_roe,munger_fcf",3180513792.0,13.709386,1.1274233,1.1,1.19709,0.08306,0.66753995,0.13317001,-235124992.0,0.0521,4.0
CE,False,31.859761571428574,"data_missing:trailing_pe,graham_current_ratio,graham_debt_to_equity,graham_earnings_stability,munger_roe,munger_gross_margin",4882510336.0,,1.1716926,1.447,2.70205,-0.2225,0.21375999,0.11047,984875008.0,0.0027,0.0
IDA,False,31.837394232142856,"graham_current_ratio,graham_debt_to_equity,graham_pe,graham_pe_times_pb,munger_roe,munger_fcf",7995794944.0,23.039167,2.0550501,0.986,1.05976,0.094390005,0.38970003,0.27459,-1221291392.0,0.0256,4.0
CPK,False,31.778082958333332,"graham_current_ratio,graham_debt_to_equity,graham_pe,graham_pe_times_pb,munger_roe,munger_fcf",3255998976.0,21.576279,1.945629,0.316,1.01273,0.094689995,0.40342,0.26201,-220775008.0,0.0218,4.0
LAD,False,31.675791415154876,"graham_current_ratio,graham_debt_to_equity,munger_roe,munger_gross_margin",8290492416.0,12.487748,1.2959571,1.003,2.57698,0.10719,0.15438,0.04611,547649984.0,0.0075,4.0
ACI,False,31.663084,"graham_current_ratio,graham_debt_to_equity,graham_pe,graham_pe_times_pb,munger_roe,munger_gross_margin",6117332480.0,78.0625,3.7848485,0.842,9.735850000000001,0.02717,0.27040002,0.01428,1753387520.0,0.054900000000000004,4.0
PTCT,False,31.653,"data_missing:trailing_pe,data_missing:debt_to_equity,data_missing:return_on_equity,graham_earnings_stability,munger_fcf",6075528704.0,,-36.672543,3.394,,,0.49959,0.41323003,-286804256.0,,1.0
AMTM,False,31.609457142857146,"graham_earnings_stability,graham_pe,munger_roe,munger_gross_margin",5062505472.0,24.945784,1.0774314,1.523,0.7987099999999999,0.04287,0.10488,0.04384,484249984.0,,1.0
ED,False,31.600738523809525,"graham_current_ratio,graham_debt_to_equity,munger_roe,munger_fcf",39719596032.0,17.781458,1.5450792,1.268,1.10113,0.08962,0.53372,0.16540001,-844875008.0,0.032799999999999996,4.0
KOP,False,31.59057185714286,"data_missing:trailing_pe,graham_size,graham_debt_to_equity,munger_roe,munger_gross_margin",880333504.0,,2.2738373,2.332,2.59302,-0.19013001,0.22362,0.09652001,162850000.0,0.0078000000000000005,4.0
DXC,False,31.556130952380958,"graham_size,graham_current_ratio,graham_debt_to_equity,graham_earnings_stability,munger_roe,munger_gross_margin",1702441856.0,14.398648,0.56075996,1.408,1.25421,0.04025,0.22997,0.02034,877000000.0,,3.0
PMT,False,31.377607517857143,"data_missing:free_cash_flow,graham_size,graham_debt_to_equity,graham_earnings_stability,munger_roe",810109952.0,6.451389,0.61752194,1.798,12.390820000000001,0.089370005,0.82927,0.10908,,0.1722,3.0
ESAB,False,31.37248668882981,"graham_pe,graham_pe_times_pb,munger_roe",5145629184.0,25.546295,2.1733537,1.962,0.9826900000000001,0.08727,0.36955002,0.12016,146126368.0,0.0052,4.0
LNT,False,31.35082142857143,"graham_current_ratio,graham_debt_to_equity,graham_pe,graham_pe_times_pb,munger_roe,munger_fcf",17848639488.0,21.784176,2.3706176,0.466,1.60951,0.11135,0.44502,0.19053,-1138625024.0,0.0313,4.0
THO,False,31.328804932752153,"munger_roe,munger_gross_margin",4084942080.0,15.884616,0.94682485,1.707,0.21316,0.06091,0.13216,0.03452,148253872.0,0.0262,4.0
PPL,False,31.28317953809524,"graham_current_ratio,graham_debt_to_equity,graham_pe,graham_pe_times_pb,munger_roe,munger_fcf",26497101824.0,20.834318,1.7607641,0.905,1.3543399999999999,0.086330004,0.44094002,0.23591,-1938375040.0,0.0326,4.0
APG,False,31.252055576679776,"data_missing:trailing_pe,graham_current_ratio,graham_debt_to_equity,munger_roe",17757466624.0,,4.8604207,1.389,1.0927200000000001,0.10348,0.31441,0.090509996,648625024.0,,4.0
ORLY,False,31.238245085012327,"data_missing:debt_to_equity,data_missing:return_on_equity,graham_current_ratio,graham_pe,graham_pe_times_pb",72846917632.0,28.769968,-40.040016,0.752,,,0.51636004,0.2015,1570733824.0,,4.0
VTR,False,31.122447901313006,"graham_current_ratio,graham_earnings_stability,graham_pe,graham_pe_times_pb,munger_roe",48381100032.0,171.4909,3.3026366,0.295,0.8492799999999999,0.02012,0.39970002,0.14807999,1486853504.0,0.0222,2.0
PSMT,False,31.08768858843458,"graham_current_ratio,graham_pe,graham_pe_times_pb,munger_roe,munger_gross_margin",5461386752.0,33.96737,3.8255515,1.277,0.24017,0.12314,0.17635,0.044499997,58311500.0,0.0079,4.0
KNX,False,30.94366891658425,"graham_current_ratio,graham_pe,graham_pe_times_pb,munger_roe,munger_gross_margin",11251338240.0,256.03738,1.6114618,0.877,0.38409999999999994,0.00611,0.24333,0.051810004,491255488.0,0.011699999999999999,4.0
PRVA,False,30.929108747897843,"graham_earnings_stability,graham_pe,graham_pe_times_pb,munger_roe,munger_gross_margin",2743730688.0,97.63636,3.467312,1.616,0.01042,0.04306,0.1003,0.018609999,95646496.0,,3.0
PCG,False,30.886262571428574,"graham_current_ratio,graham_debt_to_equity,munger_roe,munger_fcf",40072065024.0,13.089928,1.2397792,1.216,1.8944999999999999,0.09318,0.39823002,0.24788,-6150125056.0,0.0109,4.0
SARO,False,30.803369206472304,"graham_earnings_stability,graham_pe,graham_pe_times_pb,munger_roe,munger_gross_margin",8378879488.0,26.103092,3.0429034,2.135,0.93207,0.12302,0.15048,0.10532,369616000.0,,2.0
SMCI,False,30.795775307142854,"munger_gross_margin,munger_fcf",24665268224.0,11.69632,2.2814577,3.872,0.6430800000000001,0.21465999,0.108219996,0.13382,-8231267840.0,,4.0
CWK,False,30.764666666666667,"graham_current_ratio,graham_debt_to_equity,graham_earnings_stability,graham_pe,graham_pe_times_pb,munger_roe,munger_gross_margin",3445597440.0,50.620693,1.7028186,1.078,1.49834,0.0352,0.18128,0.04858,302500000.0,,2.0
OKE,False,30.759248190867694,"graham_current_ratio,graham_debt_to_equity,graham_pe_times_pb,munger_gross_margin",59204186112.0,16.229706,2.5825157,0.737,1.4306999999999999,0.16277,0.27214,0.13254,899875008.0,0.0467,4.0
NI,False,30.754654461904764,"graham_current_ratio,graham_debt_to_equity,graham_pe,graham_pe_times_pb,munger_roe,munger_fcf",19659565056.0,21.805851,2.0530348,0.498,1.46649,0.085489996,0.50971,0.17156,-1772999936.0,0.029500000000000002,4.0
PSN,False,30.67172696126002,"graham_pe,graham_pe_times_pb,munger_roe,munger_gross_margin",5232930304.0,33.789654,1.9885141,1.662,0.59881,0.082440004,0.21959999,0.02224,213456128.0,,4.0
PNW,False,30.620988333333333,"graham_current_ratio,graham_debt_to_equity,graham_pe_times_pb,munger_roe,munger_fcf",11922171904.0,18.880999,1.6946613,0.594,2.3328800000000003,0.09365,0.43352002,0.21341999,-929501376.0,0.0373,4.0
SYF,False,30.589499999999997,"data_missing:current_ratio,data_missing:debt_to_equity,data_missing:free_cash_flow,munger_gross_margin",26314366976.0,8.219004,1.7313167,,,0.20786,0.0,0.50219,,0.0168,4.0
NX,False,30.565095238095243,"data_missing:trailing_pe,graham_size,graham_debt_to_equity,graham_earnings_stability,munger_roe,munger_gross_margin",921085312.0,,1.254143,2.28,1.22271,-0.29746,0.26492,0.04047,82574872.0,0.016,0.0
HCA,False,30.53306283706046,"data_missing:debt_to_equity,data_missing:return_on_equity,graham_current_ratio,graham_pe_times_pb",94951874560.0,14.363088,-14.0458765,0.993,,,0.42580003,0.15161,3738125056.0,0.0073,4.0
PCAR,False,30.415440527820216,"graham_pe,graham_pe_times_pb,munger_roe,munger_gross_margin",68824850432.0,27.643764,3.3868213,5.519,0.7291,0.12755999,0.13715,0.12024,1943650048.0,0.0108,4.0
NWE,False,30.41296471428571,"graham_current_ratio,graham_debt_to_equity,graham_pe,graham_pe_times_pb,munger_roe,munger_fcf",4393604608.0,25.783394,1.517379,0.826,1.24221,0.05935,0.55587,0.17343001,-242985632.0,0.0378,4.0
COHU,False,30.340086935109984,"data_missing:trailing_pe,graham_earnings_stability,munger_roe",2423628288.0,,3.1290734,5.742,0.42764,-0.04836,0.43951,0.00621,66293124.0,,0.0
WS,False,30.29608652174443,"graham_size,graham_current_ratio,graham_pe,graham_pe_times_pb,munger_roe,munger_gross_margin",1728873600.0,199.61766,1.5931926,1.456,0.28054,-0.01048,0.11711001,0.0579,90725000.0,0.018799999999999997,4.0
TMP,False,30.272251499999996,"data_missing:current_ratio,data_missing:debt_to_equity,data_missing:free_cash_flow,graham_size,munger_gross_margin",1406072832.0,7.993459,1.4583209,,,0.20363002,0.0,0.45026,,0.0287,4.0
AVTR,False,30.246752988897637,"data_missing:trailing_pe,graham_earnings_stability,munger_roe",9857930240.0,,1.7511715,1.782,0.6567799999999999,-0.09701,0.31825,0.07162,450337504.0,,0.0
MXL,False,30.17848014961892,"data_missing:trailing_pe,graham_earnings_stability,munger_roe",5958542336.0,,12.289561,1.776,0.30566,-0.21324,0.57477003,-0.02441,14404875.0,,0.0
ASTH,False,30.174595238095236,"graham_size,graham_current_ratio,graham_debt_to_equity,graham_pe,graham_pe_times_pb,munger_roe,munger_gross_margin",1924153472.0,47.30488,2.3000298,1.229,1.6362299999999999,0.06902,0.10457,0.03529,231191248.0,,4.0
GSHD,False,30.155917572082075,"data_missing:debt_to_equity,data_missing:return_on_equity,graham_pe,graham_pe_times_pb",2557260288.0,52.229927,-15.153536,1.544,,,0.49583,0.23388,36873876.0,,4.0
AZO,False,30.06555827537768,"data_missing:debt_to_equity,data_missing:return_on_equity,graham_current_ratio,graham_pe,graham_pe_times_pb",48734941184.0,20.543873,-17.54872,0.89,,,0.51754004,0.19082001,903784256.0,,4.0
APO,False,30.014332666666665,"data_missing:free_cash_flow,graham_debt_to_equity,graham_earnings_stability,graham_pe,graham_pe_times_pb,munger_roe",79265660928.0,47.766907,3.942808,1.948,1.00969,0.11412,0.36141998,0.21952,,0.0169,3.0
ENSG,False,29.99986467986294,"graham_current_ratio,graham_pe,graham_pe_times_pb,munger_gross_margin",10502786048.0,28.28964,4.2645006,1.211,0.92027,0.16973,0.16566,0.09035,280635360.0,0.0015,4.0
PWR,False,29.916973884167085,"graham_current_ratio,graham_pe,graham_pe_times_pb,munger_gross_margin",91614003200.0,69.641716,9.501138,1.098,0.6778,0.15337,0.15456,0.07217,1955491328.0,0.0007000000000000001,4.0
UVV,False,29.869713877380953,"graham_size,graham_pe,graham_pe_times_pb,munger_roe,munger_gross_margin",1154329472.0,61.0,0.83245045,2.572,0.85545,0.022769999,0.17417999,0.00438,155875008.0,0.0723,4.0
XYZ,False,29.845571428571432,"graham_earnings_stability,graham_pe,graham_pe_times_pb,munger_roe,munger_fcf",49667723264.0,145.03508,2.252711,2.209,0.3258,0.01612,0.46572,0.06999,-27105876.0,,3.0
HPQ,False,29.820523809523813,"data_missing:debt_to_equity,data_missing:return_on_equity,graham_current_ratio,graham_pe_times_pb,munger_gross_margin",26979334144.0,10.926296,-187.90445,0.794,,,0.20315,0.07114,3450874880.0,0.0407,4.0
CNC,False,29.754128571428573,"data_missing:trailing_pe,graham_current_ratio,graham_earnings_stability,munger_roe,munger_gross_margin",33092724736.0,,1.4667308,1.145,0.7108199999999999,-0.20358999,0.11415,0.0376,9639624704.0,,0.0
GEO,False,29.729964797619047,"graham_debt_to_equity,graham_pe_times_pb,munger_gross_margin,munger_fcf",4273029888.0,15.31368,2.8844957,1.653,1.06105,0.20127001,0.26042998,0.13892001,-3632500.0,,4.0
POWI,False,29.723299340246673,"data_missing:debt_to_equity,graham_pe,graham_pe_times_pb,munger_roe",3126669568.0,127.181816,4.5868855,7.069,,0.03622,0.53720003,0.074829996,73703504.0,0.015700000000000002,4.0
HOG,False,29.711749322635583,"munger_roe,munger_gross_margin",2894256384.0,15.45,0.93387955,1.903,0.7404000000000001,0.06093,0.27989,0.05633,110030248.0,0.026699999999999998,4.0
KRMN,False,29.686154095238095,"graham_debt_to_equity,graham_earnings_stability,graham_pe,graham_pe_times_pb,munger_roe,munger_fcf",6714674688.0,187.64406,15.947087,3.555,2.0785400000000003,0.09503,0.41667998,0.20229,-57195876.0,,3.0
PII,False,29.636232408617907,"data_missing:trailing_pe,graham_current_ratio,graham_debt_to_equity,graham_earnings_stability,munger_roe,munger_gross_margin",3599432448.0,,4.3027687,1.2,2.4489900000000002,-0.25571,0.21948,0.071729995,277100000.0,0.042800000000000005,0.0
OTIS,False,29.628886401240383,"data_missing:debt_to_equity,data_missing:return_on_equity,graham_current_ratio,graham_pe_times_pb",27537618944.0,18.5964,-4.7910457,0.831,,,0.30313,0.15133001,1436249984.0,0.0246,4.0
FBP,False,29.6205,"data_missing:current_ratio,data_missing:debt_to_equity,data_missing:free_cash_flow,munger_gross_margin",4301428224.0,11.8881855,2.1614883,,,0.19494,0.0,0.49097002,,0.0286,4.0
PKG,False,29.599421076381176,"graham_pe,graham_pe_times_pb,munger_roe,munger_gross_margin",22301749248.0,32.54941,4.7548537,2.941,0.94474,0.14887,0.21385999,0.13121,432950016.0,0.024300000000000002,4.0
PENG,False,29.469563792857144,"graham_earnings_stability,graham_pe,graham_pe_times_pb,munger_gross_margin,munger_fcf",2610302976.0,36.64748,5.944684,1.544,0.77496,0.16194999,0.27924,0.108260006,-107568000.0,,1.0
DPZ,False,29.43241366569147,"data_missing:debt_to_equity,data_missing:return_on_equity,graham_pe_times_pb,munger_gross_margin",11372838912.0,19.455574,-2.8546517,1.538,,,0.28709,0.19084999,531496512.0,0.0227,4.0
SHO,False,29.332175598809528,"graham_pe,graham_pe_times_pb,munger_roe,munger_fcf",2097447552.0,51.272728,1.2824011,5.435,0.51842,0.027520001,0.43710998,0.12773,-112617752.0,0.0317,4.0
BC,False,29.200441470170833,"data_missing:trailing_pe,graham_current_ratio,graham_debt_to_equity,graham_earnings_stability,munger_roe,munger_gross_margin",5189301760.0,,3.0933988,1.447,1.3648099999999999,-0.048270002,0.25947002,0.06804,366062496.0,0.0219,0.0
TTWO,False,29.145450637435204,"data_missing:trailing_pe,graham_current_ratio,graham_earnings_stability,munger_roe",44082507776.0,,12.449701,1.062,0.81607,-0.09039,0.57126,0.0051499996,1256137472.0,,0.0
BRKR,False,29.13280499499192,"data_missing:trailing_pe,graham_earnings_stability,munger_roe",8707335168.0,,3.656196,1.847,0.76164,-0.029979998,0.48477,0.09875,179937504.0,0.0034999999999999996,0.0
TSN,False,29.08595302766309,"graham_current_ratio,graham_earnings_stability,graham_pe,graham_pe_times_pb,munger_roe,munger_gross_margin",19992879104.0,35.08025,1.1058573,1.433,0.44025,0.03263,0.06554,0.02711,1191250048.0,0.035699999999999996,2.0
GVA,False,29.069095238095237,"data_missing:trailing_pe,graham_current_ratio,graham_debt_to_equity,munger_roe,munger_gross_margin",5449180160.0,,7.1311045,1.013,2.1512000000000002,-0.14548,0.15641,0.08996,959048128.0,0.0043,4.0
SDGR,False,29.031533333333336,"data_missing:trailing_pe,graham_size,graham_earnings_stability,munger_roe,munger_fcf",1463946240.0,,4.335401,2.706,0.32832,-0.16174999,0.56869,-0.70551,-29163124.0,,0.0
AHR,False,29.007817397861807,"graham_current_ratio,graham_earnings_stability,graham_pe,graham_pe_times_pb,munger_roe,munger_gross_margin",12436829184.0,83.89706,3.006271,1.314,0.41888,0.03951,0.1928,0.0683,396683008.0,0.0175,1.0
CBRE,False,28.964979705486314,"graham_current_ratio,graham_debt_to_equity,graham_pe,graham_pe_times_pb,munger_gross_margin",43652026368.0,34.495422,5.202768,1.141,1.17789,0.15798001,0.18574,0.03608,1637624960.0,,4.0
DAN,False,28.959900000000005,"data_missing:trailing_pe,graham_current_ratio,graham_earnings_stability,munger_roe,munger_gross_margin",3236444416.0,,1.685623,1.487,0.75794,-0.01627,0.09462,0.05075,631249984.0,0.0159,1.0
UNM,False,28.867692857142856,"graham_pe,munger_roe,munger_gross_margin,munger_fcf",14358426624.0,20.995369,1.3282955,17.258,0.36878,0.06351,0.29304,0.11359,-2231912448.0,0.0225,4.0
GPK,False,28.862333134025814,"graham_current_ratio,graham_debt_to_equity,munger_roe,munger_gross_margin",3447088128.0,17.923077,1.0658736,1.379,1.7615100000000001,0.060100004,0.15491,0.045250002,237875008.0,0.0385,4.0
PEG,False,28.80397036778946,"graham_current_ratio,graham_debt_to_equity,graham_pe_times_pb,munger_roe",36965482496.0,18.452736,2.131793,0.877,1.4240899999999999,0.11835,0.33333,0.18872,107750000.0,0.0366,4.0
RYN,False,28.79499264742007,"graham_pe,graham_pe_times_pb,munger_roe,munger_gross_margin",6362045440.0,46.217392,1.2179891,3.562,0.36024999999999996,0.02015,0.24815,0.1179,111029624.0,0.0489,4.0
AOSL,False,28.775297969278814,"data_missing:trailing_pe,graham_size,graham_earnings_stability,munger_roe,munger_gross_margin",804427264.0,,1.0081899,3.438,0.035070000000000004,-0.05217,0.22320999,-0.06449,22076750.0,,0.0
DKS,False,28.610678571428572,"graham_current_ratio,graham_debt_to_equity,munger_fcf",11271958528.0,13.900673,1.9906443,1.485,1.39077,0.18475,0.33093,0.08688,-799374720.0,0.04019999999999999,4.0
BALL,False,28.54424307618637,"graham_current_ratio,graham_debt_to_equity,graham_pe_times_pb,munger_gross_margin",17221888000.0,18.534098,2.9787703,1.069,1.31495,0.17151,0.1863,0.09232,379875008.0,0.0125,4.0
EXC,False,28.51501080952381,"graham_current_ratio,graham_debt_to_equity,munger_roe,munger_fcf",45599039488.0,16.272058,1.5384079,1.088,1.77362,0.09711,0.42363998,0.16590999,-2685125120.0,0.0379,4.0
INTC,False,28.47374165082166,"data_missing:trailing_pe,graham_earnings_stability,munger_roe",460597362688.0,,5.019506,1.604,0.48997,-0.10715,0.38873002,0.12189999,4866375168.0,,0.0
USFD,False,28.447066055709758,"graham_current_ratio,graham_debt_to_equity,graham_pe,graham_pe_times_pb,munger_gross_margin",23584374784.0,33.648148,5.510792,1.137,1.26315,0.16350001,0.17554002,0.04197,805124992.0,,4.0
BLDR,False,28.435509195236698,"graham_debt_to_equity,graham_pe,graham_pe_times_pb,munger_roe,munger_gross_margin",7541435392.0,76.18478,1.8828744,1.789,1.30786,0.02506,0.29188,0.033269998,464577120.0,,4.0
ACA,False,28.423448408414597,"graham_pe,graham_pe_times_pb,munger_roe,munger_gross_margin",7140621312.0,32.530205,2.3931863,3.119,0.50578,0.080299996,0.22805001,0.12312,60250000.0,0.0014000000000000002,4.0
BKH,False,28.38802380952381,"graham_current_ratio,graham_debt_to_equity,munger_roe,munger_fcf",5618331648.0,18.559195,1.4248143,0.523,1.11686,0.07958,0.39716,0.21422,-77750000.0,0.0385,4.0
CVS,False,28.362712339310075,"graham_current_ratio,graham_pe,graham_pe_times_pb,munger_roe,munger_gross_margin",119954628608.0,24.746702,1.5038884,0.866,0.95503,0.06205,0.13645001,0.03861,8076000256.0,0.0286,4.0
JPM,False,28.341749999999998,"data_missing:current_ratio,data_missing:debt_to_equity,data_missing:free_cash_flow,graham_pe_times_pb,munger_gross_margin",945338515456.0,15.2435875,2.6737907,,,0.17789,0.0,0.50394,,0.0168,4.0
CRBG,False,28.33045269735763,"graham_current_ratio,graham_debt_to_equity,graham_earnings_stability,graham_pe,munger_roe,munger_gross_margin",14362790912.0,20.653847,1.413902,1.223,1.27231,0.07139,0.21102,0.111140005,642249984.0,0.031400000000000004,0.0
OGS,False,28.250408184523806,"graham_current_ratio,munger_roe,munger_fcf",5077529600.0,17.409483,1.4338456,0.481,0.95903,0.085760005,0.38094002,0.19847,-219928128.0,0.0338,4.0
PFBC,False,28.182750000000002,"data_missing:current_ratio,data_missing:debt_to_equity,data_missing:free_cash_flow,graham_size,munger_gross_margin",1227508608.0,9.669468,1.5468953,,,0.17577,0.0,0.67442,,0.031,4.0
BOX,False,28.166475146402092,"graham_current_ratio,graham_debt_to_equity,graham_pe,graham_pe_times_pb,munger_roe",4662316032.0,49.492645,242.1223,0.76,20.48842,-5.75826,0.69536,-0.22146,152298752.0,,4.0
PZZA,False,28.13283921503412,"data_missing:debt_to_equity,data_missing:return_on_equity,graham_size,graham_current_ratio,graham_pe,graham_pe_times_pb,munger_gross_margin",779914816.0,29.612501,-1.7212818,0.829,,,0.20365,0.057439998,58907876.0,0.0747,4.0
TTMI,False,28.123453302380952,"data_missing:consecutive_positive_earnings_years,graham_pe,graham_pe_times_pb,munger_roe,munger_gross_margin,munger_fcf",13063259136.0,53.448277,7.006837,1.78,0.5703,0.13260001,0.21191,0.108950004,-19442376.0,,
CMC,False,28.082370829860636,"munger_roe,munger_gross_margin",7471014912.0,12.7665415,1.6496093,2.326,0.7998099999999999,0.13791999,0.18565,0.09476,134061248.0,0.012,4.0
ITGR,False,28.04500419368055,"graham_pe,graham_pe_times_pb,munger_roe,munger_gross_margin",4259464960.0,34.27459,2.4809644,3.733,0.79391,0.075040005,0.2613,0.10024,107673376.0,,4.0
ESI,False,28.031974660491315,"graham_pe,graham_pe_times_pb,munger_roe",8821435392.0,48.266666,3.1363716,2.907,0.74976,0.06539,0.38591,0.118310004,50812500.0,0.009000000000000001,4.0
SFBS,False,28.001249249999997,"data_missing:current_ratio,data_missing:debt_to_equity,data_missing:free_cash_flow,munger_gross_margin",4724798464.0,14.697278,1.1943392,,,0.17334999,0.0,0.70001,,0.0176,4.0
GPC,False,27.90499174645951,"graham_current_ratio,graham_debt_to_equity,graham_pe,graham_pe_times_pb,munger_roe",19043946496.0,552.56,4.2076087,1.159,1.4641499999999998,0.0070700003,0.37564,0.06562,917241984.0,0.0308,4.0
NJR,False,27.81322728571428,"graham_current_ratio,graham_debt_to_equity,graham_pe_times_pb,munger_roe,munger_fcf",5449260544.0,14.957064,2.0562472,0.661,1.4677799999999999,0.14453,0.39178002,0.09133001,-259436368.0,0.0353,4.0
CAVA,False,27.80078065238095,"graham_earnings_stability,graham_pe,graham_pe_times_pb,munger_roe,munger_fcf",7917124096.0,121.03571,9.411274,2.483,0.61899,0.083229996,0.37733,0.0762,-721500.0,,3.0
NTRS,False,27.7995,"data_missing:current_ratio,data_missing:debt_to_equity,data_missing:free_cash_flow,graham_pe_times_pb,munger_gross_margin",34157819904.0,16.039518,2.7289734,,,0.17066,0.0,0.42496,,0.0176,4.0
AORT,False,27.68721307807555,"data_missing:trailing_pe,graham_size,graham_earnings_stability,munger_roe",1280094464.0,,2.8690853,3.473,0.9155800000000001,-0.0073100002,0.64373,0.09014,13096750.0,,1.0
CMS,False,27.664547190476192,"graham_current_ratio,graham_debt_to_equity,graham_pe,graham_pe_times_pb,munger_roe,munger_fcf",21346344960.0,20.750751,2.2690704,0.936,1.8560400000000001,0.09158,0.40315,0.17167999,-2198874880.0,0.0332,4.0
ARCB,False,27.634398733970738,"graham_current_ratio,graham_pe,graham_pe_times_pb,munger_roe,munger_gross_margin",3065711872.0,193.1831,2.4180667,0.968,0.3627,0.01269,0.080970004,0.05429,148348992.0,0.0034999999999999996,4.0
ADNT,False,27.6071071,"graham_size,graham_current_ratio,graham_debt_to_equity,graham_earnings_stability,graham_pe,munger_roe,munger_gross_margin",1427835136.0,33.672726,0.8258272,1.097,1.26868,0.05791,0.06585,0.024939999,354500000.0,,0.0
RITM,False,27.596964435714288,"data_missing:free_cash_flow,graham_current_ratio,graham_debt_to_equity,munger_roe",5656663552.0,16.883333,0.8217067,1.069,3.8764299999999996,0.055910002,0.95561,0.07942,,0.0983,4.0
AX,False,27.579749999999997,"data_missing:current_ratio,data_missing:debt_to_equity,data_missing:free_cash_flow,munger_gross_margin",5599083520.0,11.637973,1.7682577,,,0.16773,0.0,0.45029998,,,4.0
PLXS,False,27.568801687744234,"graham_current_ratio,graham_pe,graham_pe_times_pb,munger_roe,munger_gross_margin",6527098880.0,36.174297,4.273549,1.488,0.20079,0.1258,0.100389995,0.046719998,20809250.0,,4.0
CHCO,False,27.566249999999997,"data_missing:current_ratio,data_missing:debt_to_equity,data_missing:free_cash_flow,graham_pe_times_pb,munger_gross_margin",2037812224.0,15.891565,2.5203238,,,0.16755,0.0,0.5191,,0.0241,4.0
CHEF,False,27.5568037771028,"graham_debt_to_equity,graham_pe,graham_pe_times_pb,munger_gross_margin",4606082048.0,53.764286,7.103624,2.148,1.4602899999999999,0.15252,0.24457,0.05017,107143504.0,,4.0
FTRE,False,27.539380909523814,"data_missing:trailing_pe,graham_size,graham_current_ratio,graham_debt_to_equity,graham_earnings_stability,munger_roe,munger_gross_margin",1730820096.0,,3.3018868,0.958,2.13239,-0.15303999,0.19301,0.025799999,278862496.0,,0.0
UA,False,27.500251407356906,"data_missing:trailing_pe,graham_earnings_stability,munger_roe",2175648256.0,,1.5233083,1.81,0.96356,-0.29825002,0.45624,-0.01604,102217624.0,,0.0
EWBC,False,27.43275,"data_missing:current_ratio,data_missing:debt_to_equity,data_missing:free_cash_flow,munger_gross_margin",17903339520.0,12.516284,1.9363395,,,0.16577,0.0,0.65281,,0.024700000000000003,4.0
ZION,False,27.303,"data_missing:current_ratio,data_missing:debt_to_equity,data_missing:free_cash_flow,munger_gross_margin",9981750272.0,8.712102,1.3106805,,,0.16404,0.0,0.52116,,0.028399999999999998,4.0
LYB,False,27.284194223277495,"data_missing:trailing_pe,graham_debt_to_equity,graham_earnings_stability,munger_roe,munger_gross_margin",20057425920.0,,1.879408,1.641,1.3275899999999998,-0.02269,0.12888,0.17924999,1228000000.0,0.0441,0.0
UAA,False,27.195317755284933,"data_missing:trailing_pe,graham_earnings_stability,munger_roe",2233636608.0,,1.5639096,1.81,0.96356,-0.29825002,0.45624,-0.01604,102217624.0,,0.0
GM,False,27.13761904761905,"graham_current_ratio,graham_debt_to_equity,graham_pe,graham_pe_times_pb,munger_roe,munger_gross_margin",77493403648.0,38.25,1.2119498,1.136,2.02341,0.03164,0.10177,0.03202,21933750272.0,0.0084,4.0
POR,False,27.103177142857138,"graham_current_ratio,graham_debt_to_equity,graham_pe,graham_pe_times_pb,munger_roe,munger_fcf",5878034944.0,22.115044,1.4032625,0.977,1.3616300000000001,0.06445,0.47537997,0.14987999,-415750016.0,0.0432,4.0
UTI,False,27.102297244047623,"graham_size,graham_current_ratio,graham_debt_to_equity,graham_pe,graham_pe_times_pb,munger_roe,munger_fcf",1269779840.0,37.781967,3.68811,1.302,1.04405,0.105349995,0.55051,0.01985,-4487750.0,,4.0
NWN,False,27.08790401190476,"graham_current_ratio,graham_debt_to_equity,munger_roe,munger_fcf",2117304832.0,16.822742,1.3578447,0.772,1.73275,0.08347999,0.44977,0.13614,-268720128.0,0.0394,4.0
HUBG,False,27.07999477126657,"graham_current_ratio,graham_pe,graham_pe_times_pb,munger_roe,munger_gross_margin",2430240768.0,22.83908,1.428212,1.474,0.2841,0.06241,0.11378,0.04162,59145876.0,0.0128,4.0
UGI,False,27.073583333333335,"graham_current_ratio,graham_debt_to_equity,graham_earnings_stability,munger_roe,munger_fcf",8285940736.0,12.791391,1.5283273,1.439,1.34987,0.13279,0.51343,-0.02479,-236250000.0,0.0391,2.0
OFG,False,27.06075,"data_missing:current_ratio,data_missing:debt_to_equity,data_missing:free_cash_flow,munger_gross_margin",2209640192.0,10.311637,1.5701585,,,0.16081,0.0,0.43318,,0.0259,4.0
CCS,False,26.990528142342196,"graham_size,munger_roe,munger_gross_margin",1989714816.0,15.180043,0.77548766,4.76,0.6606799999999999,0.052210003,0.17865999,0.05158,78148624.0,0.0178,4.0
TEX,False,26.947859736520783,"graham_pe,graham_pe_times_pb,munger_roe,munger_gross_margin",7586091520.0,31.755983,1.5308853,1.818,0.54558,0.042090002,0.17163,0.084,232250000.0,0.0104,4.0
SOLS,False,26.942629910714288,"graham_current_ratio,graham_debt_to_equity,graham_pe,graham_pe_times_pb,munger_roe,munger_fcf",9013000192.0,42.984848,5.682524,1.459,1.52771,0.112629995,0.30622998,0.19338,-27375000.0,0.0054,4.0
FBRT,False,26.75567857142857,"data_missing:free_cash_flow,graham_size,graham_current_ratio,graham_debt_to_equity,munger_roe",703809920.0,19.709303,0.5739537,1.403,2.70288,0.04119,0.99637,0.08555,,0.1309,4.0
VIR,False,26.752757142857142,"data_missing:trailing_pe,graham_size,graham_earnings_stability,munger_roe,munger_gross_margin,munger_fcf",1745462528.0,,2.046221,6.042,0.09494,-0.26081,-0.59389997,0.30746,-38885876.0,,0.0
SNDR,False,26.70763247482132,"graham_pe,graham_pe_times_pb,munger_roe,munger_gross_margin",6050949120.0,53.933598,1.9778537,2.033,0.12947,0.036760002,0.16025,0.04552,87137504.0,0.0115,4.0
UTL,False,26.64649955,"graham_size,graham_current_ratio,graham_debt_to_equity,munger_roe,munger_fcf",981771328.0,17.144903,1.5830098,0.491,1.4958799999999999,0.096219994,0.40218,0.14056,-65891876.0,0.0353,4.0
CFR,False,26.6235,"data_missing:current_ratio,data_missing:debt_to_equity,data_missing:free_cash_flow,graham_pe_times_pb,munger_gross_margin",10203586560.0,15.5033045,2.2790115,,,0.15498,0.0,0.37236,,0.0252,4.0
ADM,False,26.449903883684243,"graham_current_ratio,graham_pe,graham_pe_times_pb,munger_roe,munger_gross_margin",38407114752.0,21.773224,1.6294191,1.389,0.39134,0.07642,0.0687,0.04008,1164625024.0,0.0263,4.0
SBRA,False,26.442152293007855,"graham_earnings_stability,graham_pe,graham_pe_times_pb,munger_roe",5351944704.0,80.57693,1.9455796,3.574,0.95672,0.02388,0.50268,-0.12527001,155119744.0,0.057699999999999994,3.0
CRL,False,26.26182513388172,"data_missing:trailing_pe,graham_current_ratio,graham_debt_to_equity,graham_earnings_stability,munger_roe",14196586496.0,,4.9983196,1.348,1.05047,-0.07516,0.34585,0.15113,468856000.0,,0.0
LOW,False,26.249181924296554,"data_missing:debt_to_equity,data_missing:return_on_equity,graham_current_ratio,graham_pe_times_pb",119829602304.0,18.071068,-16.112244,1.105,,,0.33082,0.13673,4487374848.0,0.0233,4.0
LKFN,False,26.247749999999996,"data_missing:current_ratio,data_missing:debt_to_equity,data_missing:free_cash_flow,graham_size,munger_roe,munger_gross_margin",1489233152.0,13.740826,1.925933,,,0.14997,0.0,0.51455003,,0.035,4.0
HNI,False,26.24495672435831,"data_missing:trailing_pe,graham_current_ratio,munger_roe",3618112768.0,,2.0042784,1.362,0.9107599999999999,0.00329,0.4188,0.08164,104212496.0,0.027999999999999997,4.0
IRM,False,26.23814285714286,"data_missing:debt_to_equity,data_missing:return_on_equity,graham_current_ratio,graham_pe,graham_pe_times_pb,munger_fcf",36377796608.0,86.663124,-28.397629,0.726,,,0.5421,0.19059,-436093504.0,0.0286,4.0
CARR,False,26.142362436685186,"graham_current_ratio,graham_pe,graham_pe_times_pb,munger_roe,munger_gross_margin",49120526336.0,42.24286,3.711327,1.02,0.91998,0.08966,0.24691999,0.13069001,861750016.0,0.016399999999999998,4.0
NEO,False,26.079097326714916,"data_missing:trailing_pe,graham_earnings_stability,munger_roe",2195370496.0,,2.7450342,3.603,0.57064,-0.06327,0.43917,-0.048449997,43904752.0,,0.0
MAN,False,26.058965865009604,"graham_current_ratio,graham_earnings_stability,graham_pe,graham_pe_times_pb,munger_roe,munger_gross_margin",2866712576.0,27.765764,1.3609768,1.043,0.67414,0.050809998,0.16235,0.024419999,125012496.0,0.0232,0.0
TRUP,False,26.055458495488175,"graham_size,graham_earnings_stability,graham_pe,graham_pe_times_pb,munger_roe,munger_gross_margin",1314862208.0,56.547173,3.2094665,1.774,0.26096,0.06068,0.22584,0.01623,11546000.0,,1.0
GT,False,26.02699966666667,"data_missing:trailing_pe,graham_size,graham_current_ratio,graham_debt_to_equity,graham_earnings_stability,munger_roe,munger_gross_margin",1823838592.0,,0.641909,1.087,2.7367500000000002,-0.61530995,0.18080999,-0.009649999,497124992.0,,0.0
BCC,False,26.02194884949174,"graham_pe,graham_pe_times_pb,munger_roe,munger_gross_margin",2831782144.0,27.511866,1.3994552,2.71,0.27115,0.0506,0.16511999,0.045840003,43333376.0,0.011000000000000001,4.0
CBSH,False,26.020500749999997,"data_missing:current_ratio,data_missing:debt_to_equity,data_missing:free_cash_flow,munger_roe,munger_gross_margin",8403691008.0,14.360294,1.938141,,,0.14694001,0.0,0.45125,,0.0189,4.0
MFP,False,25.996223809523812,"data_missing:return_on_equity,data_missing:free_cash_flow,graham_earnings_stability,graham_pe,graham_pe_times_pb",2329594624.0,143.06944,2.2907403,1.837,0.32921999999999996,,0.35282,0.09739,,,3.0
EIG,False,25.96576707355117,"graham_size,graham_current_ratio,graham_pe,graham_pe_times_pb,munger_roe,munger_gross_margin",880154624.0,62.031647,1.0245019,1.115,0.14974,0.00772,0.01242,0.16349001,18350000.0,0.0279,4.0
CEG,False,25.90968629285715,"graham_current_ratio,graham_earnings_stability,graham_pe,graham_pe_times_pb,munger_gross_margin,munger_fcf",100477149184.0,27.748287,3.1510072,1.455,0.7641899999999999,0.15055001,0.22107,0.086619996,-6625124864.0,0.0060999999999999995,3.0
DCH,False,25.856380952380952,"data_missing:trailing_pe,graham_size,graham_current_ratio,graham_debt_to_equity,graham_earnings_stability,munger_roe,munger_gross_margin",1530173696.0,,1.0130565,1.398,3.43042,-0.15042,0.11327,0.04855,540849984.0,,0.0
ACM,False,25.83994890512479,"graham_current_ratio,graham_debt_to_equity,graham_pe,graham_pe_times_pb,munger_gross_margin",8262953984.0,23.432482,3.767457,1.057,1.3888,0.16605,0.05678,-0.01844,379882112.0,0.019,4.0
H,False,25.820401313971054,"graham_current_ratio,graham_debt_to_equity,graham_earnings_stability,graham_pe,graham_pe_times_pb,munger_roe",16735973376.0,219.25308,5.0647373,0.62,1.24421,0.02157,0.43444002,0.16749,170250000.0,0.0034000000000000002,0.0
FFIN,False,25.806,"data_missing:current_ratio,data_missing:debt_to_equity,data_missing:free_cash_flow,graham_pe_times_pb,munger_roe,munger_gross_margin",4855675904.0,18.313515,2.4156864,,,0.14408,0.0,0.55958,,0.026099999999999998,4.0
SYNA,False,25.751968611603093,"data_missing:trailing_pe,graham_current_ratio,graham_earnings_stability,munger_roe",3743320576.0,,4.022694,1.122,0.9433,-0.42229998,0.44721,-0.02792,149650000.0,,0.0
CUBI,False,25.74375,"data_missing:current_ratio,data_missing:debt_to_equity,data_missing:free_cash_flow,munger_roe,munger_gross_margin",2660343296.0,9.521791,1.2042567,,,0.14325,0.0,0.46019,,,4.0
CPF,False,25.6845,"data_missing:current_ratio,data_missing:debt_to_equity,data_missing:free_cash_flow,graham_size,munger_roe,munger_gross_margin",972351744.0,12.143087,1.6342825,,,0.14246,0.0,0.36801997,,0.0319,4.0
CC,False,25.619714285714284,"data_missing:trailing_pe,data_missing:debt_to_equity,graham_earnings_stability,munger_roe,munger_gross_margin",2376318976.0,,-48.434357,1.663,,-3.19372,0.15405,0.01131,303124992.0,0.0222,0.0
AIR,False,25.608259940476184,"graham_pe,graham_pe_times_pb,munger_roe,munger_gross_margin,munger_fcf",5516467200.0,28.194443,3.1665242,2.841,0.59397,0.12876001,0.18802999,0.08384,-50362500.0,,4.0
BNY,False,25.593,"data_missing:current_ratio,data_missing:debt_to_equity,data_missing:free_cash_flow,graham_pe_times_pb,munger_roe,munger_gross_margin",110874361856.0,18.869516,2.7780895,,,0.14124,0.0,0.40046,,0.013600000000000001,4.0
FOXF,False,25.542233731661117,"data_missing:trailing_pe,graham_size,graham_debt_to_equity,graham_earnings_stability,munger_roe,munger_gross_margin",898412608.0,,1.3468809,3.105,1.02,-0.3675,0.29549,0.04889,48863876.0,,0.0
RES,False,25.527482999999997,"graham_size,graham_pe,graham_pe_times_pb,munger_roe,munger_gross_margin,munger_fcf",1354546048.0,55.554546,1.2008252,3.341,0.046790000000000005,0.02076,0.23256999,0.0448,-5273000.0,0.026099999999999998,4.0
AMKR,False,25.511447619047615,"graham_pe,graham_pe_times_pb,munger_roe,munger_gross_margin,munger_fcf",12044125184.0,21.789238,2.591052,2.171,0.57054,0.12514,0.15511,0.10532,-378785984.0,0.0069,4.0
J,False,25.492356390154942,"graham_current_ratio,graham_debt_to_equity,graham_pe,graham_pe_times_pb,munger_roe,munger_gross_margin",17990803456.0,50.450333,5.46681,1.287,1.24734,0.07998,0.22067,0.07387,645677888.0,0.0095,4.0
BFH,False,25.48489296428571,"data_missing:current_ratio,data_missing:debt_to_equity,data_missing:free_cash_flow,munger_gross_margin",4110669568.0,8.117982,1.2305207,,,0.17424999,0.0,0.28971002,,0.0085,4.0
SITM,False,25.45638888700911,"graham_debt_to_equity,graham_earnings_stability,graham_pe,graham_pe_times_pb,munger_roe",18312960000.0,1032.1865,15.750827,19.445,1.2941900000000002,0.013259999,0.58714,0.10623,24747500.0,,0.0
WRBY,False,25.385812616456832,"graham_earnings_stability,graham_pe,graham_pe_times_pb,munger_roe",3207629056.0,432.50003,8.4748535,2.268,0.6402800000000001,0.020550001,0.53119,-0.03596,9525750.0,,1.0
SMTC,False,25.32807887824128,"data_missing:trailing_pe,graham_earnings_stability,munger_roe",13607989248.0,,23.730507,2.37,0.9028400000000001,-0.05806,0.52394,0.09267,132511376.0,,0.0
BANF,False,25.250999999999994,"data_missing:current_ratio,data_missing:debt_to_equity,data_missing:free_cash_flow,munger_roe,munger_gross_margin",3743538688.0,15.041836,1.9135092,,,0.13668,0.0,0.50523,,0.0177,4.0
GXO,False,25.213500276840534,"graham_current_ratio,graham_debt_to_equity,graham_pe,graham_pe_times_pb,munger_roe,munger_gross_margin",5504859648.0,42.477875,1.8602488,0.789,2.02482,0.04502,0.15255,0.029930001,340624992.0,,4.0
SW,False,25.188185393068252,"graham_current_ratio,graham_pe,graham_pe_times_pb,munger_roe,munger_gross_margin",26367766528.0,53.478725,1.4599792,1.447,0.78427,0.02715,0.18160999,0.05466,1215000064.0,0.0366,4.0
MRCY,False,25.019161590869555,"data_missing:trailing_pe,graham_earnings_stability,munger_roe,munger_gross_margin",5353318400.0,,3.5844574,2.963,0.33582,-0.01998,0.28585,0.01227,107115000.0,,0.0
UNFI,False,24.969857142857144,"data_missing:trailing_pe,graham_current_ratio,graham_debt_to_equity,graham_earnings_stability,munger_roe,munger_gross_margin",2898715392.0,,1.819399,1.328,1.97248,-0.02296,0.13494,0.01101,482500000.0,,0.0
BROS,False,24.85429329499733,"graham_current_ratio,graham_debt_to_equity,graham_earnings_stability,graham_pe,graham_pe_times_pb,munger_roe,munger_gross_margin",8802251776.0,69.70125,8.675004,1.35,1.23827,0.14562,0.25097,0.12876001,1719625.0,,3.0
HUM,False,24.85015750794603,"graham_pe,graham_pe_times_pb,munger_roe,munger_gross_margin",47963074560.0,37.824333,2.4963903,1.742,0.76485,0.06893,0.13653,0.034649998,1940999936.0,0.0091,4.0
MRTN,False,24.795783666666665,"graham_size,graham_pe,graham_pe_times_pb,munger_roe,munger_gross_margin,munger_fcf",1183042432.0,96.666664,1.5458422,2.503,0.00047,0.01646,0.22690001,0.02345,-5991125.0,0.0166,4.0
WAL,False,24.764249999999997,"data_missing:current_ratio,data_missing:debt_to_equity,data_missing:free_cash_flow,munger_roe,munger_gross_margin",8762981376.0,9.065463,1.1832646,,,0.13019,0.0,0.39363998,,0.021099999999999997,4.0
BOH,False,24.76275,"data_missing:current_ratio,data_missing:debt_to_equity,data_missing:free_cash_flow,munger_roe,munger_gross_margin",3029395968.0,14.273234,1.9788687,,,0.13017,0.0,0.44022,,0.0368,4.0
IBOC,False,24.69,"data_missing:current_ratio,data_missing:debt_to_equity,data_missing:free_cash_flow,munger_roe,munger_gross_margin",4419639808.0,10.70256,1.3093264,,,0.1292,0.0,0.60488,,0.0206,4.0
CASH,False,24.677142857142854,"data_missing:current_ratio,data_missing:debt_to_equity,data_missing:free_cash_flow,graham_size,munger_gross_margin",1731044352.0,10.429287,2.0589035,,,0.21176,0.0,0.20522,,0.0024,4.0
GPI,False,24.62872404190184,"graham_current_ratio,graham_debt_to_equity,munger_roe,munger_gross_margin",3198494464.0,10.87034,1.0720736,1.02,1.95668,0.0949,0.15946001,0.03827,135050000.0,0.0083,4.0
PI,False,24.541288938520726,"data_missing:trailing_pe,graham_debt_to_equity,graham_earnings_stability,munger_roe",5073712640.0,,21.904102,3.277,1.15143,-0.12875,0.52856,0.09693,56185876.0,,0.0
REZI,False,24.529428904761907,"graham_debt_to_equity,graham_earnings_stability,munger_gross_margin,munger_fcf",2997467136.0,7.7109375,1.184945,2.223,1.2990700000000002,0.15196,0.29208001,0.07925,-1902749952.0,,0.0
PNC,False,24.46725,"data_missing:current_ratio,data_missing:debt_to_equity,data_missing:free_cash_flow,munger_roe,munger_gross_margin",97793064960.0,13.498348,1.6845801,,,0.12623,0.0,0.38689,,0.032799999999999996,4.0
USB,False,24.46725,"data_missing:current_ratio,data_missing:debt_to_equity,data_missing:free_cash_flow,munger_roe,munger_gross_margin",97658667008.0,12.510978,1.6108556,,,0.12623,0.0,0.39646998,,0.0333,4.0
NSP,False,24.4502380952381,"data_missing:trailing_pe,graham_size,graham_current_ratio,graham_debt_to_equity,graham_earnings_stability,munger_roe,munger_gross_margin",1979661056.0,,32.454605,1.113,7.836069999999999,-0.18496999,0.12893,0.00356,195124992.0,0.045899999999999996,0.0
PRK,False,24.43875,"data_missing:current_ratio,data_missing:debt_to_equity,data_missing:free_cash_flow,graham_pe_times_pb,munger_roe,munger_gross_margin",3604703232.0,17.832888,2.0877798,,,0.12585,0.0,0.46613997,,0.022000000000000002,4.0
WFC,False,24.43125,"data_missing:current_ratio,data_missing:debt_to_equity,data_missing:free_cash_flow,munger_roe,munger_gross_margin",257342324736.0,12.369185,1.5998044,,,0.12575,0.0,0.37387002,,0.0236,4.0
WABC,False,24.3645,"data_missing:current_ratio,data_missing:debt_to_equity,data_missing:free_cash_flow,graham_size,munger_roe,munger_gross_margin",1338829056.0,12.873333,1.5618765,,,0.12486,0.0,0.60288,,0.0331,4.0
UMBF,False,24.231749999999998,"data_missing:current_ratio,data_missing:debt_to_equity,data_missing:free_cash_flow,munger_roe,munger_gross_margin",10951615488.0,12.016251,1.4543557,,,0.12309,0.0,0.51058,,0.0139,4.0
SNX,False,24.20495322801986,"graham_current_ratio,graham_pe_times_pb,munger_roe,munger_gross_margin",20217970688.0,18.125807,2.241384,1.199,0.52735,0.13141,0.07047,0.02661,304888992.0,0.0076,4.0
WTFC,False,24.156,"data_missing:current_ratio,data_missing:debt_to_equity,data_missing:free_cash_flow,munger_roe,munger_gross_margin",10343206912.0,12.393694,1.456544,,,0.12208,0.0,0.46085998,,0.0146,4.0
LHX,False,24.120614457142857,"data_missing:current_ratio,data_missing:return_on_equity,data_missing:free_cash_flow,graham_pe,graham_pe_times_pb",49062899712.0,26.586782,2.5634604,,0.34574,,0.30414,0.097270004,,0.0191,4.0
IFF,False,24.11189761904762,"data_missing:trailing_pe,graham_earnings_stability,munger_roe,munger_fcf",22531807232.0,,1.6121695,2.061,0.44821,-0.05548,0.36583,0.08495,-1720999936.0,0.0184,0.0
MTRN,False,24.070118471483415,"graham_pe,graham_pe_times_pb,munger_roe,munger_gross_margin",4928425472.0,55.01395,5.14205,2.941,0.51424,0.09458999,0.16011,0.08574,13363875.0,0.0025,4.0
TRIP,False,24.044428571428572,"data_missing:trailing_pe,graham_size,graham_debt_to_equity,munger_roe,munger_fcf",1179025408.0,,1.76213,1.561,1.34928,-0.00233,0.63966,0.09437,-101500000.0,,4.0
OLN,False,24.01314285714286,"data_missing:trailing_pe,graham_size,graham_current_ratio,graham_debt_to_equity,graham_earnings_stability,munger_roe,munger_gross_margin",1961638528.0,,1.1461871,1.418,1.99059,-0.10585,0.06858,0.0403,311800000.0,0.0461,0.0
WSFS,False,23.925749999999997,"data_missing:current_ratio,data_missing:debt_to_equity,data_missing:free_cash_flow,munger_roe,munger_gross_margin",4031048704.0,13.2382555,1.5102214,,,0.11901,0.0,0.41717,,0.0102,4.0
MDU,False,23.914511529761903,"graham_current_ratio,graham_pe,graham_pe_times_pb,munger_roe,munger_fcf",4242748416.0,21.457447,1.4495149,0.992,0.8805,0.068909995,0.3475,0.12531,-478334112.0,0.028300000000000002,4.0
RF,False,23.900249549999998,"data_missing:current_ratio,data_missing:debt_to_equity,data_missing:free_cash_flow,munger_roe,munger_gross_margin",26222391296.0,12.512196,1.5023428,,,0.118669994,0.0,0.39314997,,0.035699999999999996,4.0
DTE,False,23.89369004761905,"graham_current_ratio,graham_debt_to_equity,graham_pe,graham_pe_times_pb,munger_roe,munger_gross_margin,munger_fcf",28499742720.0,21.670887,2.3458483,0.802,2.2906,0.1103,0.29347,0.13623999,-2596624896.0,0.0342,4.0
BJRI,False,23.885471838660553,"graham_size,graham_current_ratio,graham_debt_to_equity,graham_pe,graham_pe_times_pb,munger_roe,munger_gross_margin",1416088192.0,35.219578,3.5474846,0.289,1.09378,0.104399994,0.15534,0.05006,49461376.0,,4.0
XHR,False,23.80456900681348,"data_missing:trailing_pe,graham_size,graham_debt_to_equity,munger_roe,munger_gross_margin",1918219264.0,,1.6115359,2.198,1.18285,-0.0063300002,0.26128998,0.13129,72648248.0,0.0285,4.0
MBIN,False,23.799749999999996,"data_missing:current_ratio,data_missing:debt_to_equity,data_missing:free_cash_flow,munger_roe,munger_gross_margin",2472243712.0,10.807229,1.3418435,,,0.11733,0.0,0.61074,,0.008199999999999999,4.0
CATY,False,23.77950045,"data_missing:current_ratio,data_missing:debt_to_equity,data_missing:free_cash_flow,munger_roe,munger_gross_margin",4140926720.0,12.1467705,1.3614529,,,0.117060006,0.0,0.62619996,,0.0246,4.0
SR,False,23.766975073809522,"graham_current_ratio,graham_debt_to_equity,munger_roe,munger_fcf",4935328256.0,18.430462,1.3773136,0.37,2.02612,0.081099994,0.43965998,0.07068,-326512512.0,0.0397,4.0
CBU,False,23.6475,"data_missing:current_ratio,data_missing:debt_to_equity,data_missing:free_cash_flow,munger_roe,munger_gross_margin",3305136384.0,14.574548,1.5940391,,,0.1153,0.0,0.39207,,0.0302,4.0
HII,False,23.60581979761905,"graham_current_ratio,graham_pe_times_pb,munger_roe,munger_gross_margin,munger_fcf",11668884480.0,17.626787,2.1966798,1.23,0.55252,0.12968001,0.124,0.0708,-300249984.0,0.019,4.0
VSEC,False,23.596892707142857,"graham_pe,graham_pe_times_pb,munger_roe,munger_gross_margin,munger_fcf",6192676352.0,70.4968,2.1108444,3.768,0.34965,0.042659998,0.15621,0.12682,-260715008.0,0.0018,4.0
FHN,False,23.58975,"data_missing:current_ratio,data_missing:debt_to_equity,data_missing:free_cash_flow,munger_roe,munger_gross_margin",11640704000.0,11.8125,1.3721657,,,0.11453,0.0,0.41284,,0.0278,4.0
PATK,False,23.586971282882192,"graham_debt_to_equity,graham_pe,graham_pe_times_pb,munger_roe,munger_gross_margin",2713351168.0,20.06651,2.3993866,2.668,1.46006,0.12953,0.23055,0.07395,32754876.0,0.022000000000000002,4.0
NBTB,False,23.568,"data_missing:current_ratio,data_missing:debt_to_equity,data_missing:free_cash_flow,munger_roe,munger_gross_margin",2675683328.0,12.529197,1.37724,,,0.11424,0.0,0.41447,,0.0311,4.0
TSLA,False,23.512423287705474,"graham_pe,graham_pe_times_pb,munger_roe,munger_gross_margin",1374116773888.0,319.19037,15.818027,1.941,0.18373,0.046669997,0.18852,0.014099999,4835999744.0,,4.0
HAFC,False,23.508,"data_missing:current_ratio,data_missing:debt_to_equity,data_missing:free_cash_flow,graham_size,munger_roe,munger_gross_margin",922091904.0,10.47138,1.1258734,,,0.11344,0.0,0.45029998,,0.0362,4.0
OZK,False,23.4967503,"data_missing:current_ratio,data_missing:debt_to_equity,data_missing:free_cash_flow,munger_roe,munger_gross_margin",5398452224.0,8.169967,0.90899074,,,0.113290004,0.0,0.55609,,0.0378,4.0
SHEN,False,23.43785,"data_missing:trailing_pe,graham_size,graham_current_ratio,graham_earnings_stability,munger_roe,munger_fcf",680431936.0,,0.79126966,0.852,0.77081,-0.03941,0.64852995,-0.00944,-236001120.0,0.009000000000000001,0.0
WKC,False,23.400982768679487,"data_missing:trailing_pe,graham_size,graham_current_ratio,graham_earnings_stability,munger_roe,munger_gross_margin",1813324928.0,,1.5982867,1.058,0.58819,-0.12264,0.026889998,0.00753,116087504.0,0.026000000000000002,0.0
BAC,False,23.399250375,"data_missing:current_ratio,data_missing:debt_to_equity,data_missing:free_cash_flow,munger_roe,munger_gross_margin",434669256704.0,14.355659,1.5799909,,,0.111990005,0.0,0.38305,,0.020499999999999997,4.0
PFS,False,23.354999999999997,"data_missing:current_ratio,data_missing:debt_to_equity,data_missing:free_cash_flow,munger_roe,munger_gross_margin",3067539968.0,9.8,1.0552291,,,0.1114,0.0,0.5227,,0.0409,4.0
TRMK,False,23.339250449999998,"data_missing:current_ratio,data_missing:debt_to_equity,data_missing:free_cash_flow,munger_roe,munger_gross_margin",2687506176.0,11.866666,1.2570621,,,0.111190006,0.0,0.36776,,0.0217,4.0
HOMB,False,23.329499999999996,"data_missing:current_ratio,data_missing:debt_to_equity,data_missing:free_cash_flow,munger_roe,munger_gross_margin",5999488512.0,12.392562,1.322019,,,0.11106,0.0,0.57611,,0.0288,4.0
FULT,False,23.32575,"data_missing:current_ratio,data_missing:debt_to_equity,data_missing:free_cash_flow,munger_roe,munger_gross_margin",4541857792.0,11.382776,1.2572002,,,0.11101,0.0,0.42348,,0.0321,4.0
FBK,False,23.31,"data_missing:current_ratio,data_missing:debt_to_equity,data_missing:free_cash_flow,munger_roe,munger_gross_margin",2882738944.0,15.259259,1.4885545,,,0.1108,0.0,0.45556,,0.0147,4.0
COLB,False,23.270999999999997,"data_missing:current_ratio,data_missing:debt_to_equity,data_missing:free_cash_flow,munger_roe,munger_gross_margin",8696622080.0,12.106299,1.151556,,,0.11028,0.0,0.50923,,0.048499999999999995,4.0
FCF,False,23.1802497,"data_missing:current_ratio,data_missing:debt_to_equity,data_missing:free_cash_flow,munger_roe,munger_gross_margin",2102973824.0,12.689024,1.335601,,,0.109069996,0.0,0.45363998,,0.027000000000000003,4.0
ROAD,False,23.149941214255758,"graham_debt_to_equity,graham_pe,graham_pe_times_pb,munger_gross_margin",6428701696.0,44.41961,6.5360646,1.566,1.81754,0.15048,0.15759,0.10667,52442000.0,,4.0
BANR,False,23.086499999999997,"data_missing:current_ratio,data_missing:debt_to_equity,data_missing:free_cash_flow,munger_roe,munger_gross_margin",2393896960.0,11.623763,1.197389,,,0.10782,0.0,0.37702,,0.028999999999999998,4.0
WCC,False,23.07957921096111,"graham_debt_to_equity,graham_pe,graham_pe_times_pb,munger_roe,munger_gross_margin",16956598272.0,24.046303,3.3648593,2.091,1.2865,0.14308,0.21395001,0.06082,177050000.0,0.0059,4.0
OI,False,23.06103312203409,"data_missing:trailing_pe,graham_size,graham_current_ratio,graham_debt_to_equity,graham_earnings_stability,munger_roe,munger_gross_margin",1157672448.0,,3.0220616,1.261,9.25046,-1.18344,0.14827,0.07194,69625000.0,,0.0
MTB,False,23.0565,"data_missing:current_ratio,data_missing:debt_to_equity,data_missing:free_cash_flow,munger_roe,munger_gross_margin",34962186240.0,12.763492,1.3703914,,,0.10742,0.0,0.45108002,,0.025,4.0
ONB,False,22.9559997,"data_missing:current_ratio,data_missing:debt_to_equity,data_missing:free_cash_flow,munger_roe,munger_gross_margin",9877956608.0,11.424779,1.1823969,,,0.106079996,0.0,0.52542,,0.0226,4.0
AMR,False,22.950755508982287,"data_missing:trailing_pe,graham_earnings_stability,munger_roe,munger_gross_margin",2775444224.0,,1.852699,3.405,0.0076100000000000004,-0.0296,0.10018,-0.02903,52462248.0,,0.0
SSB,False,22.948499549999994,"data_missing:current_ratio,data_missing:debt_to_equity,data_missing:free_cash_flow,munger_roe,munger_gross_margin",10365123584.0,11.322564,1.1350579,,,0.105979994,0.0,0.50514,,0.024900000000000002,4.0
FLEX,False,22.90313539768244,"graham_current_ratio,graham_debt_to_equity,graham_pe,graham_pe_times_pb,munger_gross_margin",41027743744.0,42.88224,7.459033,1.38,1.07818,0.18378,0.0953,0.0497,625750016.0,,4.0
MP,False,22.898366666666664,"data_missing:trailing_pe,graham_earnings_stability,munger_roe,munger_fcf",10983524352.0,,5.6099334,9.51,0.41402,-0.03585,0.42326,-0.1472,-432948864.0,,0.0
STWD,False,22.76675,"data_missing:free_cash_flow,graham_debt_to_equity,graham_pe,munger_roe",6110482432.0,27.271189,0.894933,12.868,3.3111900000000003,0.03689,0.86453,-0.05869,,0.1191,4.0
FHB,False,22.741499249999997,"data_missing:current_ratio,data_missing:debt_to_equity,data_missing:free_cash_flow,munger_roe,munger_gross_margin",3161262848.0,11.295652,1.1186222,,,0.10321999,0.0,0.43712002,,0.0404,4.0
PAG,False,22.730015342877877,"graham_current_ratio,graham_debt_to_equity,graham_pe_times_pb,munger_gross_margin",14478992384.0,16.025072,2.4898095,0.975,1.6064699999999998,0.15842,0.16149001,0.03966,218100000.0,0.0262,4.0
FFBC,False,22.714499999999997,"data_missing:current_ratio,data_missing:debt_to_equity,data_missing:free_cash_flow,munger_roe,munger_gross_margin",3442981376.0,11.672598,1.1523327,,,0.10286,0.0,0.39804,,0.030899999999999997,4.0
UCB,False,22.703249999999997,"data_missing:current_ratio,data_missing:debt_to_equity,data_missing:free_cash_flow,munger_roe,munger_gross_margin",4247271936.0,11.625412,1.1535565,,,0.10271,0.0,0.50902003,,0.0296,4.0
KTOS,False,22.680083258333333,"graham_earnings_stability,graham_pe,graham_pe_times_pb,munger_roe,munger_gross_margin,munger_fcf",10172958720.0,319.11765,2.969186,5.541,0.0565,0.011469999,0.23002,-0.00174,-118287504.0,,2.0
TCBI,False,22.641,"data_missing:current_ratio,data_missing:debt_to_equity,data_missing:free_cash_flow,munger_roe,munger_gross_margin",4307874816.0,12.818887,1.3088617,,,0.10188,0.0,0.36721,,0.008100000000000001,4.0
KEY,False,22.623214285714287,"data_missing:current_ratio,data_missing:debt_to_equity,data_missing:free_cash_flow,graham_earnings_stability,munger_roe,munger_gross_margin",23567534080.0,12.915204,1.3686787,,,0.1033,0.0,0.3471,,0.0375,1.0
SCL,False,22.61830883565567,"data_missing:trailing_pe,graham_size,graham_current_ratio,munger_roe,munger_gross_margin",1419647104.0,,1.1797488,1.151,0.5836,-0.0021600001,0.11812,0.0619,55548624.0,0.0255,4.0
AGNT,False,22.45257156190476,"data_missing:trailing_pe,data_missing:debt_to_equity,graham_size,graham_earnings_stability,munger_roe,munger_gross_margin",731077120.0,,2.6466389,1.515,,-0.06887,0.068280004,0.00412,98850248.0,0.043899999999999995,0.0
STBA,False,22.404,"data_missing:current_ratio,data_missing:debt_to_equity,data_missing:free_cash_flow,graham_size,munger_roe,munger_gross_margin",1769975040.0,13.348404,1.2608019,,,0.09872,0.0,0.44693002,,0.0296,4.0
MATW,False,22.391094182435438,"data_missing:trailing_pe,graham_size,graham_debt_to_equity,graham_earnings_stability,munger_roe",678140544.0,,1.3954718,1.756,1.2932,-0.05874,0.37884,-0.02657,26483000.0,0.047400000000000005,0.0
LPX,False,22.347616666666664,"graham_pe,graham_pe_times_pb,munger_roe,munger_gross_margin,munger_fcf",5074691072.0,94.25324,2.9130206,3.221,0.21617,0.03098,0.18023,0.05271,-96000000.0,0.0166,4.0
AUB,False,22.31925,"data_missing:current_ratio,data_missing:debt_to_equity,data_missing:free_cash_flow,munger_roe,munger_gross_margin",5825419776.0,11.892128,1.123382,,,0.09759,0.0,0.56057,,0.0365,4.0
AAL,False,22.30284349736093,"data_missing:trailing_pe,data_missing:debt_to_equity,data_missing:return_on_equity,graham_current_ratio,munger_gross_margin",9260958720.0,,-2.331278,0.534,,,0.21239,0.02814,519249984.0,,4.0
HWC,False,22.278000374999998,"data_missing:current_ratio,data_missing:debt_to_equity,data_missing:free_cash_flow,munger_roe,munger_gross_margin",6027960320.0,14.733334,1.3605664,,,0.097040005,0.0,0.4386,,0.0268,4.0
ASB,False,22.271249625,"data_missing:current_ratio,data_missing:debt_to_equity,data_missing:free_cash_flow,munger_roe,munger_gross_margin",5837991424.0,10.816434,1.0588739,,,0.096949995,0.0,0.41342998,,0.0311,4.0
TRST,False,22.23675,"data_missing:current_ratio,data_missing:debt_to_equity,data_missing:free_cash_flow,graham_size,munger_roe,munger_gross_margin",964621504.0,15.736112,1.4704736,,,0.09649,0.0,0.46668997,,0.027999999999999997,4.0
HGV,False,22.22595238095238,"graham_debt_to_equity,graham_pe,graham_pe_times_pb,munger_roe,munger_gross_margin,munger_fcf",3487155712.0,25.491932,3.1763399,4.814,6.2408600000000005,0.11456,0.24617,0.12666,-127000000.0,,4.0
FIBK,False,22.212749249999998,"data_missing:current_ratio,data_missing:debt_to_equity,data_missing:free_cash_flow,munger_roe,munger_gross_margin",3558674176.0,11.560371,1.0737908,,,0.09616999,0.0,0.43242002,,0.0507,4.0
VVX,False,22.198561651186967,"graham_current_ratio,graham_earnings_stability,graham_pe,graham_pe_times_pb,munger_roe,munger_gross_margin",2438355456.0,26.824137,2.14937,1.318,0.97529,0.08349,0.08473,0.04282,106377504.0,,2.0
SAH,False,22.15477380952381,"graham_current_ratio,graham_debt_to_equity,munger_gross_margin,munger_fcf",2490297856.0,12.269469,2.4276512,1.012,4.55519,0.20631,0.15704,0.03376,-116075000.0,0.0213,4.0
UBSI,False,22.1055,"data_missing:current_ratio,data_missing:debt_to_equity,data_missing:free_cash_flow,munger_roe,munger_gross_margin",6483718656.0,12.970027,1.1801457,,,0.09474,0.0,0.53079,,0.0321,4.0
WD,False,22.098714210714284,"data_missing:free_cash_flow,graham_size,graham_debt_to_equity,graham_pe,munger_roe",1381954432.0,35.946426,0.78464234,1.574,1.3645699999999998,0.023599999,1.0,0.00767,,0.0668,4.0
EBC,False,22.0815,"data_missing:current_ratio,data_missing:debt_to_equity,data_missing:free_cash_flow,munger_roe,munger_gross_margin",5125514240.0,12.530726,1.1429882,,,0.09442,0.0,0.50124,,0.025,4.0
ABCB,False,22.048499999999997,"data_missing:current_ratio,data_missing:debt_to_equity,data_missing:free_cash_flow,munger_roe,munger_gross_margin",5759814656.0,15.520796,1.4032995,,,0.09398,0.0,0.50194,,0.009399999999999999,4.0
AES,False,21.93988132738095,"graham_current_ratio,graham_debt_to_equity,graham_earnings_stability,munger_roe,munger_gross_margin,munger_fcf",10504812544.0,5.516854,2.1255412,0.746,2.5688600000000004,0.095740005,0.2027,0.18673,-3089125120.0,0.0478,3.0
VTOL,False,21.89667142857143,"graham_size,graham_earnings_stability,munger_roe,munger_gross_margin,munger_fcf",1355676928.0,13.1422415,1.2445914,2.26,0.89036,0.10082,0.27201,0.08455,-34202124.0,0.0109,2.0
BKU,False,21.89099925,"data_missing:current_ratio,data_missing:debt_to_equity,data_missing:free_cash_flow,munger_roe,munger_gross_margin",3317998336.0,12.796703,1.120951,,,0.09187999,0.0,0.37060001,,0.0285,4.0
CAH,False,21.851333376190478,"data_missing:debt_to_equity,data_missing:return_on_equity,graham_current_ratio,graham_earnings_stability,graham_pe,graham_pe_times_pb,munger_gross_margin",55343722496.0,32.912865,-19.232199,0.883,,,0.03844,0.013300001,4752500224.0,0.0087,3.0
AVAV,False,21.80115952380952,"data_missing:trailing_pe,graham_earnings_stability,munger_roe,munger_gross_margin,munger_fcf",7572315648.0,,1.707268,4.304,0.18971,-0.10029,0.25325,0.02812,-251387504.0,,0.0
TFC,False,21.794249999999998,"data_missing:current_ratio,data_missing:debt_to_equity,data_missing:free_cash_flow,graham_earnings_stability,munger_roe,munger_gross_margin",61795962880.0,11.628736,1.0530206,,,0.09059,0.0,0.39815,,0.0414,2.0
FNB,False,21.78,"data_missing:current_ratio,data_missing:debt_to_equity,data_missing:free_cash_flow,munger_roe,munger_gross_margin",6581773312.0,11.005953,0.9559013,,,0.0904,0.0,0.44671002,,0.028300000000000002,4.0
PFGC,False,21.771143629603234,"graham_debt_to_equity,graham_pe,graham_pe_times_pb,munger_roe,munger_gross_margin",16412500992.0,45.628822,3.3291912,1.514,1.58849,0.076680005,0.12575,0.02229,713825024.0,,4.0
HBAN,False,21.7515,"data_missing:current_ratio,data_missing:debt_to_equity,data_missing:free_cash_flow,munger_roe,munger_gross_margin",34437971968.0,13.111539,1.1578697,,,0.09002,0.0,0.41932,,0.0366,4.0
SBSI,False,21.746249625,"data_missing:current_ratio,data_missing:debt_to_equity,data_missing:free_cash_flow,graham_size,munger_roe,munger_gross_margin",950715968.0,12.531373,1.0791962,,,0.089949995,0.0,0.47232,,0.0464,4.0
WSBC,False,21.734999249999998,"data_missing:current_ratio,data_missing:debt_to_equity,data_missing:free_cash_flow,munger_roe,munger_gross_margin",3888024832.0,11.517046,1.0002714,,,0.08979999,0.0,0.48699,,0.0375,4.0
ARMK,False,21.726094281269297,"graham_current_ratio,graham_debt_to_equity,graham_pe,graham_pe_times_pb,munger_roe,munger_gross_margin",15685690368.0,41.608395,4.6202826,1.285,1.8672399999999998,0.11694,0.15292,0.04422,374142496.0,0.008100000000000001,4.0
VLY,False,21.71475,"data_missing:current_ratio,data_missing:debt_to_equity,data_missing:free_cash_flow,munger_roe,munger_gross_margin",7835942400.0,12.01695,1.0589993,,,0.08953,0.0,0.46787998,,0.031200000000000002,4.0
NIC,False,21.68024925,"data_missing:current_ratio,data_missing:debt_to_equity,data_missing:free_cash_flow,data_missing:consecutive_positive_earnings_years,graham_pe_times_pb,munger_roe,munger_gross_margin",3583734528.0,19.170403,1.5786558,,,0.08906999,0.0,0.52892,,0.0079,
APD,False,21.646583333333336,"data_missing:trailing_pe,graham_current_ratio,graham_debt_to_equity,graham_earnings_stability,munger_roe,munger_fcf",68495843328.0,,4.933517,1.085,1.1009099999999998,0.00023,0.32056,0.25536,-1497500032.0,0.023799999999999998,0.0
SHAK,False,21.587428571428575,"graham_debt_to_equity,graham_earnings_stability,graham_pe,graham_pe_times_pb,munger_roe,munger_fcf",3163655424.0,77.73684,5.4772677,1.668,1.66579,0.0794,0.4038,0.05069,-41693376.0,,3.0
DCOM,False,21.552,"data_missing:current_ratio,data_missing:debt_to_equity,data_missing:free_cash_flow,graham_size,munger_roe,munger_gross_margin",1792404480.0,14.707246,1.2767992,,,0.08736,0.0,0.44626,,0.0248,4.0
VSTS,False,21.54266666765818,"data_missing:trailing_pe,graham_size,graham_debt_to_equity,graham_earnings_stability,munger_roe,munger_gross_margin",1685041280.0,,1.9198916,2.166,1.52545,-0.00602,0.26297,0.058709998,69159872.0,,0.0
SEDG,False,21.53674940882884,"data_missing:trailing_pe,graham_size,graham_earnings_stability,munger_roe,munger_gross_margin",1991588352.0,,4.8320646,2.03,0.9885200000000001,-0.58424,0.21253,-0.06515,113761248.0,,0.0
ABR,False,21.481250000000003,"data_missing:free_cash_flow,graham_size,graham_debt_to_equity,graham_pe,munger_roe",1037968640.0,56.888885,0.45126036,2.095,3.86741,0.01975,0.79161,-0.12729,,0.1825,4.0
HTLD,False,21.44963266666667,"data_missing:trailing_pe,graham_size,graham_earnings_stability,munger_roe,munger_gross_margin,munger_fcf",948097792.0,,1.2535788,1.585,0.19358,-0.028469998,0.28059998,-0.04617,-80482624.0,0.006500000000000001,0.0
NWBI,False,21.428250300000002,"data_missing:current_ratio,data_missing:debt_to_equity,data_missing:free_cash_flow,munger_roe,munger_gross_margin",2249612032.0,14.9126215,1.1666412,,,0.085710004,0.0,0.41568002,,0.052300000000000006,4.0
C,False,21.396749999999997,"data_missing:current_ratio,data_missing:debt_to_equity,data_missing:free_cash_flow,munger_roe,munger_gross_margin",223023611904.0,14.159211,1.1587704,,,0.08529,0.0,0.36229,,0.020099999999999996,4.0
WAFD,False,21.37275,"data_missing:current_ratio,data_missing:debt_to_equity,data_missing:free_cash_flow,munger_roe,munger_gross_margin",2688232704.0,11.466876,0.98739606,,,0.08497,0.0,0.46126997,,0.0298,4.0
FITB,False,21.328500000000002,"data_missing:current_ratio,data_missing:debt_to_equity,data_missing:free_cash_flow,munger_roe,munger_gross_margin",50015629312.0,18.575756,1.5484576,,,0.08438,0.0,0.39078,,0.0291,4.0
BBT,False,21.317250449999996,"data_missing:current_ratio,data_missing:debt_to_equity,data_missing:free_cash_flow,munger_roe,munger_gross_margin",2650264832.0,10.266234,1.050324,,,0.084230006,0.0,0.46051997,,0.041100000000000005,4.0
UNIT,False,21.262666666666668,"data_missing:return_on_equity,graham_current_ratio,graham_debt_to_equity,graham_earnings_stability,munger_fcf",2474582784.0,2.654948,7.741078,1.222,68.69969,,0.5846,0.04144,-258078000.0,,2.0
STT,False,21.24975,"data_missing:current_ratio,data_missing:debt_to_equity,data_missing:free_cash_flow,graham_pe_times_pb,munger_roe,munger_gross_margin",53141053440.0,17.074139,2.2233586,,,0.12437,0.0,0.27818,,0.0191,4.0
CFG,False,21.20250075,"data_missing:current_ratio,data_missing:debt_to_equity,data_missing:free_cash_flow,munger_roe,munger_gross_margin",29655060480.0,15.3398695,1.236326,,,0.08270001,0.0,0.35132998,,0.0263,4.0
COF,False,21.18567857142857,"data_missing:current_ratio,data_missing:debt_to_equity,data_missing:free_cash_flow,munger_roe,munger_gross_margin",132548157440.0,11.910276,1.2871065,,,0.09031,0.0,0.33629,,0.0148,4.0
INDB,False,21.17925,"data_missing:current_ratio,data_missing:debt_to_equity,data_missing:free_cash_flow,munger_roe,munger_gross_margin",3944424704.0,15.057865,1.1289316,,,0.08239,0.0,0.47252,,0.0308,4.0
RNST,False,21.1575003,"data_missing:current_ratio,data_missing:debt_to_equity,data_missing:free_cash_flow,munger_roe,munger_gross_margin",3757637632.0,12.020468,0.9706056,,,0.082100004,0.0,0.43483,,0.023399999999999997,4.0
GEF,False,21.12164285714286,"data_missing:return_on_equity,data_missing:free_cash_flow,graham_current_ratio,graham_pe,graham_pe_times_pb,munger_gross_margin",4872171520.0,35.415287,1.6222483,1.289,0.39409999999999995,,0.22521,0.10561,,0.027200000000000002,4.0
FBNC,False,21.108,"data_missing:current_ratio,data_missing:debt_to_equity,data_missing:free_cash_flow,graham_pe,graham_pe_times_pb,munger_roe,munger_gross_margin",2661396480.0,20.420633,1.550523,,,0.08144,0.0,0.51192003,,0.015,4.0
AAP,False,21.09123742857143,"graham_debt_to_equity,graham_earnings_stability,graham_pe,munger_roe,munger_fcf",2619898368.0,24.260727,1.1544435,1.748,2.49358,0.04888,0.45139998,0.0555,-54625000.0,0.0229,1.0
CFFN,False,21.0097497,"data_missing:current_ratio,data_missing:debt_to_equity,data_missing:free_cash_flow,graham_size,graham_earnings_stability,munger_roe,munger_gross_margin",1056042496.0,13.169232,1.0325694,,,0.080129996,0.0,0.50087,,0.0398,2.0
CXW,False,20.985737461669153,"graham_current_ratio,graham_pe,graham_pe_times_pb,munger_roe,munger_gross_margin",3333699328.0,26.753967,2.3174756,1.319,0.95487,0.08772001,0.2258,0.101789996,24545250.0,,4.0
GBCI,False,20.9595,"data_missing:current_ratio,data_missing:debt_to_equity,data_missing:free_cash_flow,munger_roe,munger_gross_margin",6177436672.0,19.208502,1.4322586,,,0.07946,0.0,0.44305,,0.0279,4.0
CVBF,False,20.736749999999997,"data_missing:current_ratio,data_missing:debt_to_equity,data_missing:free_cash_flow,munger_roe,munger_gross_margin",3956422400.0,15.61111,1.25,,,0.07649,0.0,0.55747,,0.035699999999999996,4.0
PNFP,False,20.735999999999997,"data_missing:current_ratio,data_missing:debt_to_equity,data_missing:free_cash_flow,munger_roe,munger_gross_margin",15372689408.0,14.012397,1.0898048,,,0.07648,0.0,0.47018,,0.019799999999999998,4.0
MOH,False,20.462357298043603,"graham_pe,graham_pe_times_pb,munger_roe,munger_gross_margin",10759725056.0,1288.2812,2.5697527,1.679,0.94773,-0.0016,0.08427,0.01398,700249984.0,,4.0
VSH,False,20.453720907943136,"graham_earnings_stability,graham_pe,graham_pe_times_pb,munger_roe,munger_gross_margin",4763956736.0,147.90477,1.6355116,1.802,0.37664000000000003,0.01134,0.20927,0.0581,14999875.0,0.0128,0.0
BXMT,False,20.336000000000002,"data_missing:free_cash_flow,graham_debt_to_equity,graham_earnings_stability,graham_pe,graham_pe_times_pb,munger_roe",2359610112.0,175.0,0.7320644,98.576,4.84696,0.00448,1.0,-3.69142,,0.134,1.0
PB,False,20.303250000000002,"data_missing:current_ratio,data_missing:debt_to_equity,data_missing:free_cash_flow,munger_roe,munger_gross_margin",8774106112.0,12.65338,0.88475525,,,0.07071,0.0,0.58042,,0.0331,4.0
MTZ,False,20.28013776190476,"graham_current_ratio,graham_earnings_stability,graham_pe,graham_pe_times_pb,munger_gross_margin,munger_fcf",19769872384.0,39.263954,5.5271544,1.4,0.89874,0.16176,0.12913999,0.05424,-57898876.0,,2.0
MET,False,20.169023895238094,"graham_debt_to_equity,graham_pe_times_pb,munger_roe,munger_gross_margin,munger_fcf",61279039488.0,18.47318,2.2410989,2.027,1.7993299999999999,0.13094,0.23951,0.055180002,-20953999360.0,0.024700000000000003,4.0
ASTE,False,20.020280952380954,"graham_size,graham_earnings_stability,graham_pe,graham_pe_times_pb,munger_roe,munger_gross_margin,munger_fcf",1024628864.0,52.35294,1.4849173,2.517,0.57089,0.02859,0.26159,0.06346,-1112500.0,0.011899999999999999,3.0
ARWR,False,20.0,"data_missing:trailing_pe,graham_debt_to_equity,graham_earnings_stability,munger_roe,munger_fcf",12360204288.0,,26.607035,5.899,2.95984,-0.55207,1.0,-2.26028,-48628124.0,,0.0
STEP,False,20.0,"data_missing:trailing_pe,graham_current_ratio,graham_debt_to_equity,graham_earnings_stability,munger_roe,munger_gross_margin",6639432192.0,,-7.8550706,0.639,1.26487,-0.61397,-0.48369,-0.54055,2822566144.0,0.0346,0.0
SLAB,False,20.0,"data_missing:trailing_pe,data_missing:debt_to_equity,graham_earnings_stability,munger_roe,munger_fcf",7282962944.0,,6.6521397,5.407,,-0.03628,0.60611,-0.04674,-13706625.0,,0.0
CWST,False,19.909425301025397,"graham_current_ratio,graham_pe,graham_pe_times_pb,munger_roe",5964345344.0,1171.5,3.7747705,0.993,0.9162300000000001,0.00364,0.3342,0.0499,121703752.0,,4.0
WERN,False,19.901395946037823,"data_missing:trailing_pe,graham_current_ratio,graham_earnings_stability,munger_roe,munger_gross_margin",2254723840.0,,1.6632025,1.448,0.68379,-0.03909,0.1904,0.025910001,69455872.0,0.0149,0.0
MTUS,False,19.775407217857143,"graham_size,graham_earnings_stability,graham_pe,graham_pe_times_pb,munger_roe,munger_gross_margin,munger_fcf",810077120.0,102.42105,1.1663868,1.752,0.021230000000000002,0.011720001,0.08196,0.0346,-62337500.0,,0.0
SBCF,False,19.55025,"data_missing:current_ratio,data_missing:debt_to_equity,data_missing:free_cash_flow,graham_pe,munger_roe,munger_gross_margin",3305537280.0,22.16883,1.1976426,,,0.06067,0.0,0.48815,,0.0223,4.0
CLSK,False,19.484570174429106,"data_missing:trailing_pe,graham_debt_to_equity,graham_earnings_stability,munger_roe",3199940608.0,,4.202361,5.912,2.34725,-0.68622,0.46993,-1.65191,48898124.0,,1.0
VSAT,False,19.39304130734578,"data_missing:trailing_pe,graham_debt_to_equity,graham_earnings_stability,munger_roe",9968010240.0,,2.1203153,1.675,1.46805,0.0019,0.33219,0.04441,250167376.0,,0.0
SBUX,False,19.321072647764158,"data_missing:debt_to_equity,data_missing:return_on_equity,graham_current_ratio,graham_pe,graham_pe_times_pb,munger_gross_margin",120931205120.0,61.31792,-15.755236,0.76,,,0.22341,0.12919,3065537536.0,0.023399999999999997,4.0
HOPE,False,18.917250300000003,"data_missing:current_ratio,data_missing:debt_to_equity,data_missing:free_cash_flow,graham_size,munger_roe,munger_gross_margin",1774334208.0,13.752476,0.77282596,,,0.056550004,0.0,0.34244,,0.0404,4.0
ICHR,False,18.91352747998428,"data_missing:trailing_pe,graham_earnings_stability,munger_roe,munger_gross_margin",2146127232.0,,2.4749482,3.701,0.17809999999999998,-0.051659998,0.12667,0.027590001,10132000.0,,0.0
AIN,False,18.80105302452413,"data_missing:trailing_pe,graham_size,graham_earnings_stability,munger_roe,munger_gross_margin",1654653952.0,,2.2202563,2.238,0.59922,-0.061339997,0.21078,0.11725,4886875.0,0.019299999999999998,0.0
CNH,False,18.759115496634937,"graham_debt_to_equity,graham_pe,graham_pe_times_pb,munger_roe,munger_gross_margin",18823497728.0,46.82,1.8680179,4.883,3.35044,0.03914,0.17789,0.05538,566249984.0,0.0087,4.0
ORA,False,18.720785714285718,"graham_current_ratio,graham_debt_to_equity,graham_pe,graham_pe_times_pb,munger_roe,munger_gross_margin,munger_fcf",6558033408.0,52.27451,2.524681,1.046,1.24336,0.04778,0.2793,0.13597,-318099008.0,0.0045000000000000005,4.0
TNDM,False,18.67066666666667,"data_missing:trailing_pe,graham_size,graham_debt_to_equity,graham_earnings_stability,munger_roe,munger_fcf",1481330688.0,,11.354667,3.18,5.66964,-0.48026,0.56012,-0.054180004,-43949124.0,,0.0
WY,False,18.559092571239894,"graham_pe,graham_pe_times_pb,munger_roe,munger_gross_margin",17600372736.0,37.0,1.8611386,1.816,0.57625,0.04974,0.14507,0.080340005,13625000.0,0.0344,4.0
HFWA,False,18.247928571428574,"data_missing:current_ratio,data_missing:debt_to_equity,data_missing:free_cash_flow,graham_size,munger_roe,munger_gross_margin",1184096384.0,13.780953,1.0667945,,,0.07798,0.0,0.28932,,0.0348,4.0
ALLY,False,18.091177714285713,"data_missing:current_ratio,data_missing:debt_to_equity,data_missing:free_cash_flow,munger_roe,munger_gross_margin",12978679808.0,10.038824,0.96139985,,,0.09681,0.0,0.25270998,,0.0282,4.0
ACHC,False,18.03009523809524,"data_missing:trailing_pe,graham_debt_to_equity,graham_earnings_stability,munger_roe,munger_fcf",3025758720.0,,1.4921947,1.572,1.1805700000000001,-0.41445,0.41057,0.10137,-104957000.0,,0.0
MCK,False,17.85212102105957,"data_missing:debt_to_equity,data_missing:return_on_equity,graham_current_ratio,graham_pe,graham_pe_times_pb,munger_gross_margin",105850052608.0,24.346474,-24.838041,0.893,,,0.03633,0.01348,6801249792.0,0.0042,4.0
HONA,False,17.804809523809524,"data_missing:debt_to_equity,data_missing:return_on_equity,data_missing:free_cash_flow,graham_earnings_stability,graham_pe,graham_pe_times_pb",52075335680.0,50.244648,-9.140981,1.526,,,0.34535,0.14684,,,3.0
MSGS,False,17.71804390967287,"data_missing:debt_to_equity,data_missing:return_on_equity,graham_current_ratio,graham_earnings_stability,graham_pe,graham_pe_times_pb",9847009280.0,1239.1818,-37.393013,0.503,,,0.33605,0.11756,58219124.0,,0.0
LUV,False,17.64790518095238,"graham_current_ratio,graham_pe,graham_pe_times_pb,munger_roe,munger_gross_margin,munger_fcf",20094226432.0,25.671875,2.8374553,0.489,0.97275,0.11099,0.22399001,0.033800002,-834750016.0,0.0176,4.0
DNOW,False,17.56223333333333,"data_missing:trailing_pe,graham_earnings_stability,munger_roe,munger_gross_margin,munger_fcf",2847377664.0,,1.3613968,2.136,0.30934,-0.11599,0.2023,0.01071,-533750016.0,,0.0
PRIM,False,17.52922586045425,"graham_current_ratio,graham_pe,graham_pe_times_pb,munger_roe,munger_gross_margin",4061380096.0,29.702757,2.4297907,1.181,0.7963,0.08889,0.08619001,-0.01564,80155000.0,0.0043,4.0
CALM,False,17.41765048601035,"data_missing:debt_to_equity,munger_roe,munger_gross_margin",3936497920.0,12.712293,1.5040241,7.695,,0.122200005,0.23082,-0.11043,8796500.0,0.057,4.0
ANDE,False,17.251035714285713,"munger_roe,munger_gross_margin,munger_fcf",2248419072.0,12.770793,1.6873243,1.51,0.6635,0.12159,0.07179,0.01613,-109108872.0,0.0121,4.0
SANM,False,17.16399305714286,"graham_pe,graham_pe_times_pb,munger_roe,munger_gross_margin,munger_fcf",10589765632.0,35.282143,4.137108,1.78,0.88161,0.12488,0.090150006,0.0704,-222215744.0,,4.0
SNEX,False,17.143642857142858,"data_missing:free_cash_flow,graham_current_ratio,graham_debt_to_equity,graham_pe_times_pb,munger_gross_margin",8263452672.0,18.71858,3.0087836,1.065,8.2347,0.2185,0.01731,0.00418,,,4.0
NBHC,False,17.139535714285714,"data_missing:current_ratio,data_missing:debt_to_equity,data_missing:free_cash_flow,graham_size,munger_roe,munger_gross_margin",1845941504.0,17.413864,1.1059077,,,0.06527,0.0,0.2857,,0.031,4.0
CCOI,False,16.781668000000003,"data_missing:trailing_pe,data_missing:debt_to_equity,graham_size,graham_current_ratio,graham_earnings_stability,munger_roe,munger_fcf",519839712.0,,-14.255617,0.632,,-7.2150297,0.50345004,-0.0669,-132067000.0,0.008100000000000001,0.0
RDNT,False,16.764184179709872,"data_missing:trailing_pe,graham_current_ratio,graham_debt_to_equity,graham_earnings_stability,munger_roe,munger_gross_margin",6069958144.0,,5.6066003,1.484,1.56668,0.01498,0.17284,0.07893,157737248.0,,0.0
DMC,False,16.694273976190477,"graham_size,graham_earnings_stability,graham_pe,graham_pe_times_pb,munger_roe,munger_gross_margin,munger_fcf",1498542464.0,44.76761,0.7465123,2.226,0.2943,0.01775,0.092810005,0.03929,-99887504.0,0.0377,2.0
KNF,False,16.55645238095238,"graham_debt_to_equity,graham_pe,graham_pe_times_pb,munger_roe,munger_gross_margin,munger_fcf",3758240512.0,26.070868,2.3406737,2.665,1.03908,0.09122,0.17828,0.08802,-3501250.0,,4.0
BTU,False,16.533066866666665,"data_missing:trailing_pe,graham_earnings_stability,munger_roe,munger_gross_margin,munger_fcf",3374192128.0,,1.0386492,2.009,0.12884,-0.047709998,0.103970006,-0.0947,-53975000.0,0.0109,0.0
LEU,False,16.212464200000003,"graham_debt_to_equity,graham_pe,graham_pe_times_pb,munger_roe,munger_gross_margin,munger_fcf",4041251840.0,97.84541,4.780269,5.395,1.3928299999999998,0.08053,0.23655,0.053379998,-127300000.0,,4.0
ECHO,False,15.96623876190476,"data_missing:trailing_pe,graham_debt_to_equity,graham_earnings_stability,munger_roe,munger_gross_margin,munger_fcf",24941533184.0,,1.7617729,5.201,1.23757,-0.33428,0.29540002,0.14279,-18870501376.0,,0.0
ADIG,False,15.67260680952381,"data_missing:return_on_equity,data_missing:free_cash_flow,graham_size,graham_earnings_stability,graham_pe,munger_gross_margin",1662718080.0,39.81818,0.67728466,2.796,0.50835,,0.21893999,0.02333,,,0.0
PENN,False,15.118904761904762,"data_missing:trailing_pe,graham_current_ratio,graham_debt_to_equity,graham_earnings_stability,munger_roe,munger_fcf",2331501824.0,,1.1871068,0.885,5.96731,-0.37578,0.35161,0.0793,-54325000.0,,0.0
CBRL,False,15.105535864285713,"graham_size,graham_current_ratio,graham_debt_to_equity,graham_pe,graham_pe_times_pb,munger_roe,munger_fcf",1294372992.0,50.35652,2.7807922,0.501,2.4666300000000003,0.056110002,0.31608,0.00843,-3550125.0,0.0172,4.0
SFNC,False,15.0,"data_missing:trailing_pe,data_missing:current_ratio,data_missing:debt_to_equity,data_missing:free_cash_flow,graham_earnings_stability,munger_roe,munger_gross_margin",3293469440.0,,0.9454078,,,-0.09941,0.0,0.38306,,0.0379,0.0
BANC,False,15.0,"data_missing:trailing_pe,data_missing:current_ratio,data_missing:debt_to_equity,data_missing:free_cash_flow,graham_earnings_stability,munger_roe,munger_gross_margin",2973778432.0,,1.0213299,,,-0.0065499996,0.0,2.16263,,0.0258,2.0
DFH,False,14.75967857142857,"graham_size,graham_debt_to_equity,munger_roe,munger_gross_margin,munger_fcf",1375228416.0,10.773049,0.9645057,7.59,1.12734,0.09423,0.1998,0.02409,-217692992.0,,4.0
AVT,False,14.745190476190476,"graham_earnings_stability,graham_pe,graham_pe_times_pb,munger_roe,munger_gross_margin,munger_fcf",7256892416.0,22.049873,1.4450309,1.777,0.6920499999999999,0.06665,0.10429,0.03852,-129337000.0,0.0169,0.0
DELL,False,14.734388524049407,"data_missing:debt_to_equity,data_missing:return_on_equity,graham_current_ratio,graham_pe,graham_pe_times_pb,munger_gross_margin",299596840960.0,36.945816,-214.3643,0.946,,,0.19212,0.088570006,5434124800.0,0.005600000000000001,4.0
ROIV,False,14.673449999999999,"data_missing:trailing_pe,graham_earnings_stability,munger_roe,munger_gross_margin,munger_fcf",26444244992.0,,6.2527757,16.721,0.02177,-0.08515,0.0,-254.08113,-1127230080.0,,0.0
FERG,False,14.564857571428574,"data_missing:return_on_equity,data_missing:free_cash_flow,graham_debt_to_equity,graham_earnings_stability,graham_pe,graham_pe_times_pb",46405439488.0,23.58702,7.483621,1.729,1.11063,,0.30633,0.10159001,,0.015300000000000001,0.0
LBRT,False,14.141697661904761,"graham_pe,graham_pe_times_pb,munger_roe,munger_gross_margin,munger_fcf",2987218944.0,24.736486,1.5212333,1.986,0.8214400000000001,0.06123,0.18529,0.016210001,-302047872.0,0.0196,4.0
WLK,False,14.050521055908828,"data_missing:trailing_pe,graham_earnings_stability,munger_roe,munger_gross_margin",9544484864.0,,1.1194465,2.453,0.63814,-0.11911,0.09625,0.1122,23125000.0,0.0285,0.0
RUN,False,13.478189809523808,"graham_current_ratio,graham_debt_to_equity,graham_earnings_stability,munger_roe,munger_fcf",2204954112.0,6.062914,0.62990224,1.422,2.92511,-0.19856001,0.35292998,0.03999,-1971139840.0,,1.0
SLVM,False,13.458559480952381,"graham_size,graham_current_ratio,graham_debt_to_equity,graham_pe_times_pb,munger_roe,munger_gross_margin,munger_fcf",1483852288.0,19.957218,1.555324,1.472,1.07958,0.07941,0.20594,0.014889999,-16375000.0,0.048799999999999996,4.0
RXO,False,13.404665470031835,"data_missing:trailing_pe,graham_current_ratio,graham_earnings_stability,munger_roe,munger_gross_margin",3636621056.0,,2.414586,1.268,0.48340000000000005,-0.06787,0.14912,0.00676,5750000.0,,0.0
MRNA,False,13.393028988391343,"data_missing:trailing_pe,graham_earnings_stability,munger_roe,munger_gross_margin",59925311488.0,,8.85807,2.295,0.19036,-0.38998002,-0.66023004,-5.5793104,299249984.0,,0.0
MARA,False,13.374000666666669,"data_missing:trailing_pe,graham_current_ratio,graham_debt_to_equity,graham_earnings_stability,munger_roe,munger_fcf",4484973568.0,,2.670216,0.891,1.40159,-1.0557,0.40122002,-2.65211,-1168091392.0,,0.0
SRPT,False,12.982960580074888,"data_missing:trailing_pe,graham_size,graham_earnings_stability,munger_roe,munger_gross_margin",1956740608.0,,1.2806774,4.422,0.6953900000000001,-0.09478,-0.17299,0.13032,22139876.0,,0.0
HTH,False,12.4717497,"data_missing:current_ratio,data_missing:debt_to_equity,data_missing:free_cash_flow,munger_roe,munger_gross_margin",2210109952.0,14.342008,1.039416,,,0.076009996,0.0,0.15799,,0.0208,4.0
TFIN,False,12.209464285714287,"data_missing:current_ratio,data_missing:debt_to_equity,data_missing:free_cash_flow,graham_size,graham_pe,graham_pe_times_pb,munger_roe,munger_gross_margin",1767717888.0,49.98649,1.9250586,,,0.04121,0.0,0.21277,,,4.0
MBC,False,12.05605004285714,"data_missing:trailing_pe,graham_size,munger_roe,munger_gross_margin,munger_fcf",1817170176.0,,0.922616,1.759,0.85833,-0.0582,0.26859,0.022820001,-24387500.0,,4.0
GBX,False,11.722654428571428,"graham_size,graham_debt_to_equity,munger_roe,munger_gross_margin,munger_fcf",1441479936.0,13.784023,0.91626024,3.676,1.0874899999999998,0.06341,0.15123999,0.04493,-164687504.0,0.029500000000000002,4.0
FLR,False,11.397020524561372,"data_missing:trailing_pe,graham_earnings_stability,munger_roe,munger_gross_margin",6935811584.0,,2.6174734,1.796,0.38492,-0.45167,-0.00798,0.03257,21500000.0,,0.0
DOW,False,10.968461517689347,"data_missing:trailing_pe,graham_debt_to_equity,graham_earnings_stability,munger_roe,munger_gross_margin",21702727680.0,,1.3684187,1.749,1.11913,-0.0554,0.09787,0.11594,237624992.0,0.0464,0.0
MOS,False,10.907983333333332,"data_missing:trailing_pe,graham_current_ratio,munger_roe,munger_gross_margin,munger_fcf",7998095360.0,,0.69767344,1.337,0.52249,-0.05073,0.11236,-0.00117,-746275008.0,0.0363,4.0
GO,False,10.756572095238095,"data_missing:trailing_pe,graham_size,graham_current_ratio,graham_debt_to_equity,graham_earnings_stability,munger_roe,munger_gross_margin,munger_fcf",1198922496.0,,1.4682684,1.291,2.26658,-0.3806,0.29985002,0.01777,-44593500.0,,0.0
EGBN,False,10.360713857142857,"data_missing:trailing_pe,data_missing:current_ratio,data_missing:debt_to_equity,data_missing:free_cash_flow,graham_size,graham_earnings_stability,munger_roe,munger_gross_margin",847911680.0,,0.7371531,,,-0.04137,0.0,0.24174999,,0.0014000000000000002,0.0
XNCR,False,9.929549999999999,"data_missing:trailing_pe,graham_earnings_stability,munger_roe,munger_gross_margin,munger_fcf",2156248576.0,,4.1654696,6.391,0.33803,-0.29072002,-1.4364799,-0.72369003,-94537504.0,,0.0
WHR,False,9.670464328571429,"graham_current_ratio,graham_debt_to_equity,graham_earnings_stability,munger_roe,munger_gross_margin,munger_fcf",2668284416.0,13.244337,0.70335996,1.149,2.05431,0.05933,0.13578,0.016210001,-485375008.0,0.099,1.0
BG,False,9.304297219047616,"graham_pe,graham_pe_times_pb,munger_roe,munger_gross_margin,munger_fcf",21697933312.0,24.340519,1.3600347,1.567,0.9799500000000001,0.071779996,0.049239997,0.04617,-6475375104.0,0.0258,4.0
FLG,False,9.135107165357143,"data_missing:current_ratio,data_missing:debt_to_equity,data_missing:free_cash_flow,graham_earnings_stability,graham_pe,graham_pe_times_pb,munger_roe,munger_gross_margin",5641111552.0,453.0,0.7420958,,,0.0059100003,0.0,0.20281,,0.003,0.0
AESI,False,8.661717333333335,"data_missing:trailing_pe,graham_size,graham_earnings_stability,munger_roe,munger_gross_margin,munger_fcf",1509416576.0,,1.356132,1.824,0.94273,-0.09925,0.23408002,-0.06807,-118395504.0,0.0848,0.0
JEF,False,8.135428571428571,"data_missing:current_ratio,data_missing:return_on_equity,data_missing:free_cash_flow,graham_debt_to_equity,munger_gross_margin",10611977216.0,14.574022,1.004273,,3.64763,,0.02625,0.16941,,0.0305,4.0
KMX,False,8.093857142857143,"graham_debt_to_equity,graham_pe,graham_pe_times_pb,munger_roe,munger_gross_margin,munger_fcf",9252774912.0,40.497643,1.5122275,2.705,3.07787,0.03588,0.11805,0.03425,-159998368.0,,4.0
VGNT,False,7.8881426857142865,"data_missing:return_on_equity,data_missing:free_cash_flow,graham_current_ratio,graham_debt_to_equity,graham_pe_times_pb,munger_gross_margin",3382383872.0,6.9606414,39.791664,1.398,8.53169,,0.12354,0.087969996,,0.011000000000000001,4.0
RCUS,False,7.30605,"data_missing:trailing_pe,graham_earnings_stability,munger_roe,munger_gross_margin,munger_fcf",3921231360.0,,8.427751,3.818,0.51293,-0.90819,0.0,-2.34146,-270624992.0,,0.0
UCTT,False,7.236952252380954,"data_missing:trailing_pe,graham_debt_to_equity,graham_earnings_stability,munger_roe,munger_gross_margin,munger_fcf",3277400832.0,,5.2161818,2.733,1.082,-0.0155299995,0.1583,0.045739997,-81487504.0,,0.0
AHCO,False,6.752523476190476,"data_missing:trailing_pe,graham_size,graham_current_ratio,graham_debt_to_equity,graham_earnings_stability,munger_roe,munger_gross_margin,munger_fcf",746937216.0,,0.5311532,1.124,1.48969,-0.15224,0.19174999,0.00842,-80691504.0,,0.0
JBLU,False,6.741666666666666,"data_missing:trailing_pe,graham_size,graham_current_ratio,graham_debt_to_equity,graham_earnings_stability,munger_roe,munger_gross_margin,munger_fcf",1956363648.0,,1.2327627,0.696,5.9143,-0.44355,0.20225,-0.05228,-921249984.0,,0.0
ALK,False,5.904333333333334,"data_missing:trailing_pe,graham_current_ratio,graham_debt_to_equity,munger_roe,munger_gross_margin,munger_fcf",4877138944.0,,1.3289224,0.547,2.0752,-0.04598,0.17713,-0.02927,-23750000.0,,4.0
EQH,False,4.256,"data_missing:trailing_pe,graham_debt_to_equity,graham_earnings_stability,munger_roe,munger_gross_margin,munger_fcf",13515544576.0,,-7.302874,2.03,5.861000000000001,-0.25131,0.12768,-0.26357,-8824250368.0,0.0233,0.0
F,False,3.178238052380953,"data_missing:trailing_pe,graham_current_ratio,graham_debt_to_equity,graham_earnings_stability,munger_roe,munger_gross_margin,munger_fcf",55347830784.0,,1.549453,1.089,4.567080000000001,-0.18252,0.07115,0.018819999,-7940250112.0,0.043,0.0
CLF,False,0.3743935477151694,"data_missing:trailing_pe,graham_debt_to_equity,graham_earnings_stability,munger_roe,munger_gross_margin",6746635776.0,,1.20393,1.89,1.3274299999999999,-0.13862,-0.01052,0.0034400001,6125000.0,,0.0
CWEN-A,False,0.0,data_missing:fetch_failed,,,,,,,,,,,
FISV,False,0.0,"data_missing:current_ratio,data_missing:debt_to_equity,data_missing:return_on_equity,data_missing:gross_margin,data_missing:operating_margin,data_missing:free_cash_flow",27915200512.0,10.056552,1.0360826,,,,,,,,4.0
CYTK,False,0.0,"data_missing:trailing_pe,data_missing:debt_to_equity,data_missing:return_on_equity,graham_earnings_stability,munger_gross_margin,munger_fcf",10720791552.0,,-61.691998,6.661,,,0.0,-6.2595,-397408736.0,,0.0
VMRK,False,0.0,"data_missing:price_to_book,data_missing:current_ratio,data_missing:debt_to_equity,data_missing:return_on_equity,data_missing:free_cash_flow,graham_pe,munger_gross_margin",26875478016.0,25.917309,,,,,0.0,0.0,,0.0377,4.0
